tile,scene_id,hab_label_final2,month_key,region_key,p_fused,yhat,thr_star
S2A_MSIL2A_20170825T065621_R063_T39QXG_20210201T094547_0000.jpg,S2A_MSIL2A_20170825T065621_R063_T39QXG_20210201T094547,1,2017-08,T39QXG,0.9041555879149203,1,0.7708928902716967
S2B_MSIL2A_20170820T065619_R063_T39QXG_20201015T042237_0000.jpg,S2B_MSIL2A_20170820T065619_R063_T39QXG_20201015T042237,0,2017-08,T39QXG,0.6533618666056346,0,0.7708928902716967
S2A_MSIL2A_20170805T065621_R063_T39QXG_20210210T194556_0000.jpg,S2A_MSIL2A_20170805T065621_R063_T39QXG_20210210T194556,0,2017-08,T39QXG,0.04186704627028479,0,0.7708928902716967
S2B_MSIL2A_20170731T065619_R063_T39QXG_20210210T172720_0000.jpg,S2B_MSIL2A_20170731T065619_R063_T39QXG_20210210T172720,1,2017-07,T39QXG,0.8562938299275874,1,0.7708928902716967
S2A_MSIL2A_20170626T065621_R063_T39QXG_20210210T014612_0000.jpg,S2A_MSIL2A_20170626T065621_R063_T39QXG_20210210T014612,0,2017-06,T39QXG,0.412427556110629,0,0.7708928902716967
S2A_MSIL2A_20180929T065651_R063_T39QXG_20201009T060705_0000.jpg,S2A_MSIL2A_20180929T065651_R063_T39QXG_20201009T060705,0,2018-09,T39QXG,0.5605638363538745,0,0.7708928902716967
S2B_MSIL2A_20180924T065619_R063_T39QXG_20201009T042750_0000.jpg,S2B_MSIL2A_20180924T065619_R063_T39QXG_20201009T042750,0,2018-09,T39QXG,0.7095326623089392,0,0.7708928902716967
S2A_MSIL2A_20180919T065621_R063_T39QXG_20201009T024121_0000.jpg,S2A_MSIL2A_20180919T065621_R063_T39QXG_20201009T024121,0,2018-09,T39QXG,0.0005592950239401888,0,0.7708928902716967
S2B_MSIL2A_20180914T065619_R063_T39QXG_20201009T011434_0000.jpg,S2B_MSIL2A_20180914T065619_R063_T39QXG_20201009T011434,0,2018-09,T39QXG,0.000836636454137213,0,0.7708928902716967
S2A_MSIL2A_20180909T065621_R063_T39QXG_20201008T231028_0000.jpg,S2A_MSIL2A_20180909T065621_R063_T39QXG_20201008T231028,1,2018-09,T39QXG,0.9999295527552398,1,0.7708928902716967
S2B_MSIL2A_20180904T065619_R063_T39QXG_20201011T083613_0000.jpg,S2B_MSIL2A_20180904T065619_R063_T39QXG_20201011T083613,0,2018-09,T39QXG,0.44490484460581387,0,0.7708928902716967
S2A_MSIL2A_20180830T065621_R063_T39QXG_20201103T141110_0000.jpg,S2A_MSIL2A_20180830T065621_R063_T39QXG_20201103T141110,1,2018-08,T39QXG,0.9713106113081622,1,0.7708928902716967
S2A_MSIL2A_20180820T065621_R063_T39QXG_20201011T042051_0000.jpg,S2A_MSIL2A_20180820T065621_R063_T39QXG_20201011T042051,0,2018-08,T39QXG,0.1738135291306345,0,0.7708928902716967
S2B_MSIL2A_20180815T065729_R063_T39QXG_20201011T021229_0000.jpg,S2B_MSIL2A_20180815T065729_R063_T39QXG_20201011T021229,0,2018-08,T39QXG,0.18288347268560914,0,0.7708928902716967
S2B_MSIL2A_20180716T065619_R063_T39QXG_20201011T163441_0000.jpg,S2B_MSIL2A_20180716T065619_R063_T39QXG_20201011T163441,0,2018-07,T39QXG,0.3669918933981414,0,0.7708928902716967
S2A_MSIL2A_20180701T065621_R063_T39QXG_20201011T104015_0000.jpg,S2A_MSIL2A_20180701T065621_R063_T39QXG_20201011T104015,1,2018-07,T39QXG,0.9953282812462367,1,0.7708928902716967
S2A_MSIL2A_20190825T065621_R063_T39QXG_20201005T043538_0000.jpg,S2A_MSIL2A_20190825T065621_R063_T39QXG_20201005T043538,1,2019-08,T39QXG,0.9588516569703374,1,0.7708928902716967
S2B_MSIL2A_20190701T065629_R063_T39QXG_20201005T075203_0000.jpg,S2B_MSIL2A_20190701T065629_R063_T39QXG_20201005T075203,1,2019-07,T39QXG,0.2791658720038634,0,0.7708928902716967
S2A_MSIL2A_20200928T065651_R063_T39QXG_20201001T020408_0000.jpg,S2A_MSIL2A_20200928T065651_R063_T39QXG_20201001T020408,1,2020-09,T39QXG,0.9613992505770236,1,0.7708928902716967
S2B_MSIL2A_20200923T065629_R063_T39QXG_20201028T044418_0000.jpg,S2B_MSIL2A_20200923T065629_R063_T39QXG_20201028T044418,1,2020-09,T39QXG,0.9686219489930066,1,0.7708928902716967
S2A_MSIL2A_20200918T065631_R063_T39QXG_20200921T101042_0000.jpg,S2A_MSIL2A_20200918T065631_R063_T39QXG_20200921T101042,1,2020-09,T39QXG,0.9547701667412759,1,0.7708928902716967
S2B_MSIL2A_20200913T065629_R063_T39QXG_20201027T093056_0000.jpg,S2B_MSIL2A_20200913T065629_R063_T39QXG_20201027T093056,1,2020-09,T39QXG,0.9358127835523212,1,0.7708928902716967
S2A_MSIL2A_20200908T065631_R063_T39QXG_20201027T154720_0000.jpg,S2A_MSIL2A_20200908T065631_R063_T39QXG_20201027T154720,0,2020-09,T39QXG,0.009949264704430395,0,0.7708928902716967
S2A_MSIL2A_20200730T065631_R063_T39QXG_20200818T030617_0000.jpg,S2A_MSIL2A_20200730T065631_R063_T39QXG_20200818T030617,1,2020-07,T39QXG,0.9999690268584742,1,0.7708928902716967
S2B_MSIL2A_20200725T065629_R063_T39QXG_20200817T124238_0000.jpg,S2B_MSIL2A_20200725T065629_R063_T39QXG_20200817T124238,0,2020-07,T39QXG,0.15108120442677736,0,0.7708928902716967
S2B_MSIL2A_20200715T065629_R063_T39QXG_20200919T085206_0000.jpg,S2B_MSIL2A_20200715T065629_R063_T39QXG_20200919T085206,0,2020-07,T39QXG,0.019480938015418447,0,0.7708928902716967
S2A_MSIL2A_20200710T065631_R063_T39QXG_20200912T162127_0000.jpg,S2A_MSIL2A_20200710T065631_R063_T39QXG_20200912T162127,0,2020-07,T39QXG,0.05475316590017315,0,0.7708928902716967
S2A_MSIL2A_20200630T065631_R063_T39QXG_20200824T160716_0000.jpg,S2A_MSIL2A_20200630T065631_R063_T39QXG_20200824T160716,1,2020-06,T39QXG,0.5046997396975449,0,0.7708928902716967
S2A_MSIL2A_20210923T065631_R063_T39QXG_20210924T013326_0000.jpg,S2A_MSIL2A_20210923T065631_R063_T39QXG_20210924T013326,1,2021-09,T39QXG,0.9576946835280414,1,0.7708928902716967
S2B_MSIL2A_20210918T065619_R063_T39QXG_20210918T182437_0000.jpg,S2B_MSIL2A_20210918T065619_R063_T39QXG_20210918T182437,1,2021-09,T39QXG,0.9643897198251,1,0.7708928902716967
S2A_MSIL2A_20210913T065621_R063_T39QXG_20210913T211924_0000.jpg,S2A_MSIL2A_20210913T065621_R063_T39QXG_20210913T211924,0,2021-09,T39QXG,0.1819464969432199,0,0.7708928902716967
S2B_MSIL2A_20210908T065619_R063_T39QXG_20210908T213712_0000.jpg,S2B_MSIL2A_20210908T065619_R063_T39QXG_20210908T213712,0,2021-09,T39QXG,0.1918190082361511,0,0.7708928902716967
S2A_MSIL2A_20210903T065621_R063_T39QXG_20210903T164501_0000.jpg,S2A_MSIL2A_20210903T065621_R063_T39QXG_20210903T164501,0,2021-09,T39QXG,0.03013799944559199,0,0.7708928902716967
S2B_MSIL2A_20210829T065619_R063_T39QXG_20210829T203957_0000.jpg,S2B_MSIL2A_20210829T065619_R063_T39QXG_20210829T203957,0,2021-08,T39QXG,0.08594066401635159,0,0.7708928902716967
S2A_MSIL2A_20210824T065621_R063_T39QXG_20210824T155101_0000.jpg,S2A_MSIL2A_20210824T065621_R063_T39QXG_20210824T155101,0,2021-08,T39QXG,0.06578792823429798,0,0.7708928902716967
S2B_MSIL2A_20210819T065619_R063_T39QXG_20210819T181500_0000.jpg,S2B_MSIL2A_20210819T065619_R063_T39QXG_20210819T181500,0,2021-08,T39QXG,0.08827435813776195,0,0.7708928902716967
S2A_MSIL2A_20210814T065631_R063_T39QXG_20210814T183828_0000.jpg,S2A_MSIL2A_20210814T065631_R063_T39QXG_20210814T183828,0,2021-08,T39QXG,0.08388567811525016,0,0.7708928902716967
S2A_MSIL2A_20210804T065631_R063_T39QXG_20210804T174443_0000.jpg,S2A_MSIL2A_20210804T065631_R063_T39QXG_20210804T174443,1,2021-08,T39QXG,0.9999348239832384,1,0.7708928902716967
S2A_MSIL2A_20210725T065631_R063_T39QXG_20210726T051413_0000.jpg,S2A_MSIL2A_20210725T065631_R063_T39QXG_20210726T051413,0,2021-07,T39QXG,0.721023918926336,0,0.7708928902716967
S2B_MSIL2A_20210720T065629_R063_T39QXG_20210720T171952_0000.jpg,S2B_MSIL2A_20210720T065629_R063_T39QXG_20210720T171952,0,2021-07,T39QXG,0.7462608582804074,0,0.7708928902716967
S2B_MSIL2A_20210630T065629_R063_T39QXG_20210701T040612_0000.jpg,S2B_MSIL2A_20210630T065629_R063_T39QXG_20210701T040612,1,2021-06,T39QXG,0.8242491908443916,1,0.7708928902716967
S2A_MSIL2A_20220928T065651_R063_T39QXG_20240730T192859_0000.jpg,S2A_MSIL2A_20220928T065651_R063_T39QXG_20240730T192859,1,2022-09,T39QXG,0.9946547086275026,1,0.7708928902716967
S2B_MSIL2A_20220923T065629_R063_T39QXG_20240725T151945_0000.jpg,S2B_MSIL2A_20220923T065629_R063_T39QXG_20240725T151945,1,2022-09,T39QXG,0.9971688510325752,1,0.7708928902716967
S2B_MSIL2A_20220923T065629_R063_T39QXG_20220924T000152_0000.jpg,S2B_MSIL2A_20220923T065629_R063_T39QXG_20220924T000152,1,2022-09,T39QXG,0.9966060593732413,1,0.7708928902716967
S2A_MSIL2A_20220918T065631_R063_T39QXG_20240729T142658_0000.jpg,S2A_MSIL2A_20220918T065631_R063_T39QXG_20240729T142658,0,2022-09,T39QXG,0.4731239231133643,0,0.7708928902716967
S2A_MSIL2A_20220918T065631_R063_T39QXG_20220919T032927_0000.jpg,S2A_MSIL2A_20220918T065631_R063_T39QXG_20220919T032927,0,2022-09,T39QXG,0.5466997105576633,0,0.7708928902716967
S2B_MSIL2A_20220913T065629_R063_T39QXG_20220913T171218_0000.jpg,S2B_MSIL2A_20220913T065629_R063_T39QXG_20220913T171218,0,2022-09,T39QXG,0.025437282354791438,0,0.7708928902716967
S2A_MSIL2A_20220908T065631_R063_T39QXG_20220911T052036_0000.jpg,S2A_MSIL2A_20220908T065631_R063_T39QXG_20220911T052036,0,2022-09,T39QXG,0.04966925599631328,0,0.7708928902716967
S2B_MSIL2A_20220903T065629_R063_T39QXG_20220903T175254_0000.jpg,S2B_MSIL2A_20220903T065629_R063_T39QXG_20220903T175254,0,2022-09,T39QXG,0.006130052053058109,0,0.7708928902716967
S2A_MSIL2A_20220829T065641_R063_T39QXG_20240718T033121_0000.jpg,S2A_MSIL2A_20220829T065641_R063_T39QXG_20240718T033121,0,2022-08,T39QXG,0.17805295776838334,0,0.7708928902716967
S2A_MSIL2A_20220819T065641_R063_T39QXG_20240720T015827_0000.jpg,S2A_MSIL2A_20220819T065641_R063_T39QXG_20240720T015827,1,2022-08,T39QXG,0.976425146344521,1,0.7708928902716967
S2A_MSIL2A_20220819T065641_R063_T39QXG_20220819T215726_0000.jpg,S2A_MSIL2A_20220819T065641_R063_T39QXG_20220819T215726,1,2022-08,T39QXG,0.968778281397612,1,0.7708928902716967
S2B_MSIL2A_20220814T065629_R063_T39QXG_20240704T011425_0000.jpg,S2B_MSIL2A_20220814T065629_R063_T39QXG_20240704T011425,1,2022-08,T39QXG,0.9825148987872936,1,0.7708928902716967
S2B_MSIL2A_20220814T065629_R063_T39QXG_20220814T151723_0000.jpg,S2B_MSIL2A_20220814T065629_R063_T39QXG_20220814T151723,1,2022-08,T39QXG,0.9750733620832729,1,0.7708928902716967
S2B_MSIL2A_20230928T065649_R063_T39QXG_20241102T043937_0000.jpg,S2B_MSIL2A_20230928T065649_R063_T39QXG_20241102T043937,1,2023-09,T39QXG,0.8335096400896654,1,0.7708928902716967
S2B_MSIL2A_20230928T065649_R063_T39QXG_20230928T122354_0000.jpg,S2B_MSIL2A_20230928T065649_R063_T39QXG_20230928T122354,1,2023-09,T39QXG,0.7995840428574896,1,0.7708928902716967
S2A_MSIL2A_20230923T065621_R063_T39QXG_20241028T071613_0000.jpg,S2A_MSIL2A_20230923T065621_R063_T39QXG_20241028T071613,1,2023-09,T39QXG,0.8658794835984234,1,0.7708928902716967
S2A_MSIL2A_20230923T065621_R063_T39QXG_20230923T121348_0000.jpg,S2A_MSIL2A_20230923T065621_R063_T39QXG_20230923T121348,1,2023-09,T39QXG,0.911245918548431,1,0.7708928902716967
S2B_MSIL2A_20230918T065629_R063_T39QXG_20241025T081232_0000.jpg,S2B_MSIL2A_20230918T065629_R063_T39QXG_20241025T081232,0,2023-09,T39QXG,0.09281738347318562,0,0.7708928902716967
S2B_MSIL2A_20230918T065629_R063_T39QXG_20230918T153259_0000.jpg,S2B_MSIL2A_20230918T065629_R063_T39QXG_20230918T153259,0,2023-09,T39QXG,0.048819571837418724,0,0.7708928902716967
S2A_MSIL2A_20230913T065631_R063_T39QXG_20230913T132300_0000.jpg,S2A_MSIL2A_20230913T065631_R063_T39QXG_20230913T132300,1,2023-09,T39QXG,0.9196168640907072,1,0.7708928902716967
S2B_MSIL2A_20230908T065629_R063_T39QXG_20241023T151834_0000.jpg,S2B_MSIL2A_20230908T065629_R063_T39QXG_20241023T151834,1,2023-09,T39QXG,0.8678658805396153,1,0.7708928902716967
S2B_MSIL2A_20230908T065629_R063_T39QXG_20230908T143733_0000.jpg,S2B_MSIL2A_20230908T065629_R063_T39QXG_20230908T143733,1,2023-09,T39QXG,0.887342343961939,1,0.7708928902716967
S2A_MSIL2A_20230903T065631_R063_T39QXG_20241030T165920_0000.jpg,S2A_MSIL2A_20230903T065631_R063_T39QXG_20241030T165920,0,2023-09,T39QXG,0.08107174594291496,0,0.7708928902716967
S2A_MSIL2A_20230903T065631_R063_T39QXG_20230903T134044_0000.jpg,S2A_MSIL2A_20230903T065631_R063_T39QXG_20230903T134044,0,2023-09,T39QXG,0.08052700253073518,0,0.7708928902716967
S2B_MSIL2A_20230829T065629_R063_T39QXG_20230829T131134_0000.jpg,S2B_MSIL2A_20230829T065629_R063_T39QXG_20230829T131134,0,2023-08,T39QXG,0.008625923400508996,0,0.7708928902716967
S2A_MSIL2A_20230824T065631_R063_T39QXG_20241025T152112_0000.jpg,S2A_MSIL2A_20230824T065631_R063_T39QXG_20241025T152112,1,2023-08,T39QXG,0.9800143382738133,1,0.7708928902716967
S2A_MSIL2A_20230824T065631_R063_T39QXG_20230824T150407_0000.jpg,S2A_MSIL2A_20230824T065631_R063_T39QXG_20230824T150407,1,2023-08,T39QXG,0.9748410318160552,1,0.7708928902716967
S2A_MSIL2A_20240927T065641_R063_T39QXG_20240927T112652_0000.jpg,S2A_MSIL2A_20240927T065641_R063_T39QXG_20240927T112652,1,2024-09,T39QXG,0.985918532678565,1,0.7708928902716967
S2B_MSIL2A_20240922T065619_R063_T39QXG_20240922T102739_0000.jpg,S2B_MSIL2A_20240922T065619_R063_T39QXG_20240922T102739,1,2024-09,T39QXG,0.9869218702532432,1,0.7708928902716967
S2B_MSIL2A_20240912T065619_R063_T39QXG_20240912T130211_0000.jpg,S2B_MSIL2A_20240912T065619_R063_T39QXG_20240912T130211,0,2024-09,T39QXG,0.00023612067616421496,0,0.7708928902716967
S2A_MSIL2A_20240907T065621_R063_T39QXG_20240907T115459_0000.jpg,S2A_MSIL2A_20240907T065621_R063_T39QXG_20240907T115459,0,2024-09,T39QXG,0.00017364068006633942,0,0.7708928902716967
S2B_MSIL2A_20240902T065629_R063_T39QXG_20240902T111143_0000.jpg,S2B_MSIL2A_20240902T065629_R063_T39QXG_20240902T111143,0,2024-09,T39QXG,0.618981407108055,0,0.7708928902716967
S2A_MSIL2A_20240719T065621_R063_T39QXG_20240719T132007_0000.jpg,S2A_MSIL2A_20240719T065621_R063_T39QXG_20240719T132007,1,2024-07,T39QXG,0.5739950635711245,0,0.7708928902716967
S2B_MSIL2A_20240714T065619_R063_T39QXG_20240714T115201_0000.jpg,S2B_MSIL2A_20240714T065619_R063_T39QXG_20240714T115201,1,2024-07,T39QXG,0.8446347650760798,1,0.7708928902716967
S2B_MSIL2A_20240624T065629_R063_T39QXG_20240624T103302_0000.jpg,S2B_MSIL2A_20240624T065629_R063_T39QXG_20240624T103302,1,2024-06,T39QXG,0.9345656431940685,1,0.7708928902716967
S2A_MSIL2A_20240619T065631_R063_T39QXG_20240619T131334_0000.jpg,S2A_MSIL2A_20240619T065631_R063_T39QXG_20240619T131334,1,2024-06,T39QXG,0.8942036676560456,1,0.7708928902716967
S2B_MSIL2A_20180328T065919_R063_T39QXG_20201013T154107_0000.jpg,S2B_MSIL2A_20180328T065919_R063_T39QXG_20201013T154107,0,2018-03,T39QXG,0.7790980010944656,1,0.7708928902716967
S2A_MSIL2A_20180323T065621_R063_T39QXG_20201013T125706_0000.jpg,S2A_MSIL2A_20180323T065621_R063_T39QXG_20201013T125706,0,2018-03,T39QXG,0.7084982960764044,0,0.7708928902716967
S2B_MSIL2A_20180318T065619_R063_T39QXG_20201013T105007_0000.jpg,S2B_MSIL2A_20180318T065619_R063_T39QXG_20201013T105007,0,2018-03,T39QXG,0.4187211996019366,0,0.7708928902716967
S2A_MSIL2A_20180313T065651_R063_T39QXG_20201013T082101_0000.jpg,S2A_MSIL2A_20180313T065651_R063_T39QXG_20201013T082101,0,2018-03,T39QXG,0.979684859920864,1,0.7708928902716967
S2B_MSIL2A_20180308T065719_R063_T39QXG_20201013T080744_0000.jpg,S2B_MSIL2A_20180308T065719_R063_T39QXG_20201013T080744,0,2018-03,T39QXG,0.972175109115817,1,0.7708928902716967
S2A_MSIL2A_20180221T065911_R063_T39QXG_20201013T234500_0000.jpg,S2A_MSIL2A_20180221T065911_R063_T39QXG_20201013T234500,1,2018-02,T39QXG,0.999999,1,0.7708928902716967
S2B_MSIL2A_20180216T065929_R063_T39QXG_20201013T220228_0000.jpg,S2B_MSIL2A_20180216T065929_R063_T39QXG_20201013T220228,0,2018-02,T39QXG,0.1372132656559443,0,0.7708928902716967
S2A_MSIL2A_20180211T070021_R063_T39QXG_20201026T022414_0000.jpg,S2A_MSIL2A_20180211T070021_R063_T39QXG_20201026T022414,0,2018-02,T39QXG,0.19031012119278162,0,0.7708928902716967
S2B_MSIL2A_20180127T070139_R063_T39QXG_20201014T091640_0000.jpg,S2B_MSIL2A_20180127T070139_R063_T39QXG_20201014T091640,1,2018-01,T39QXG,0.9957990799645248,1,0.7708928902716967
S2A_MSIL2A_20180112T070231_R063_T39QXG_20201014T050638_0000.jpg,S2A_MSIL2A_20180112T070231_R063_T39QXG_20201014T050638,0,2018-01,T39QXG,0.06725567597619203,0,0.7708928902716967
S2B_MSIL2A_20180107T070249_R063_T39QXG_20201014T040002_0000.jpg,S2B_MSIL2A_20180107T070249_R063_T39QXG_20201014T040002,0,2018-01,T39QXG,0.05383177025038916,0,0.7708928902716967
S2B_MSIL2A_20171228T070259_R063_T39QXG_20201014T170056_0000.jpg,S2B_MSIL2A_20171228T070259_R063_T39QXG_20201014T170056,1,2017-12,T39QXG,0.9620417763467619,1,0.7708928902716967
S2A_MSIL2A_20190318T065621_R063_T39QXG_20201007T074707_0000.jpg,S2A_MSIL2A_20190318T065621_R063_T39QXG_20201007T074707,1,2019-03,T39QXG,0.8870683683422024,1,0.7708928902716967
S2B_MSIL2A_20190313T065649_R063_T39QXG_20221118T122016_0000.jpg,S2B_MSIL2A_20190313T065649_R063_T39QXG_20221118T122016,0,2019-03,T39QXG,0.8921651332153794,1,0.7708928902716967
S2A_MSIL2A_20190308T065721_R063_T39QXG_20201007T042258_0000.jpg,S2A_MSIL2A_20190308T065721_R063_T39QXG_20201007T042258,0,2019-03,T39QXG,0.899248723584442,1,0.7708928902716967
S2B_MSIL2A_20190303T065809_R063_T39QXG_20201030T112946_0000.jpg,S2B_MSIL2A_20190303T065809_R063_T39QXG_20201030T112946,1,2019-03,T39QXG,0.9393553147542152,1,0.7708928902716967
S2A_MSIL2A_20190226T065841_R063_T39QXG_20201007T204648_0000.jpg,S2A_MSIL2A_20190226T065841_R063_T39QXG_20201007T204648,1,2019-02,T39QXG,0.9456037969841697,1,0.7708928902716967
S2B_MSIL2A_20190221T065919_R063_T39QXG_20201007T191341_0000.jpg,S2B_MSIL2A_20190221T065919_R063_T39QXG_20201007T191341,0,2019-02,T39QXG,0.007302521144574959,0,0.7708928902716967
S2B_MSIL2A_20190211T070019_R063_T39QXG_20201007T155653_0000.jpg,S2B_MSIL2A_20190211T070019_R063_T39QXG_20201007T155653,0,2019-02,T39QXG,0.904933946183278,1,0.7708928902716967
S2A_MSIL2A_20190206T070051_R063_T39QXG_20201007T142408_0000.jpg,S2A_MSIL2A_20190206T070051_R063_T39QXG_20201007T142408,1,2019-02,T39QXG,0.9873536094567887,1,0.7708928902716967
S2B_MSIL2A_20190201T070119_R063_T39QXG_20201029T235440_0000.jpg,S2B_MSIL2A_20190201T070119_R063_T39QXG_20201029T235440,0,2019-02,T39QXG,0.006286110321021487,0,0.7708928902716967
S2A_MSIL2A_20190127T070141_R063_T39QXG_20201008T050026_0000.jpg,S2A_MSIL2A_20190127T070141_R063_T39QXG_20201008T050026,0,2019-01,T39QXG,0.0010462567209504378,0,0.7708928902716967
S2B_MSIL2A_20190122T070209_R063_T39QXG_20201008T034450_0000.jpg,S2B_MSIL2A_20190122T070209_R063_T39QXG_20201008T034450,1,2019-01,T39QXG,0.949961119726635,1,0.7708928902716967
S2A_MSIL2A_20190117T070221_R063_T39QXG_20201008T021414_0000.jpg,S2A_MSIL2A_20190117T070221_R063_T39QXG_20201008T021414,1,2019-01,T39QXG,0.9309354890727539,1,0.7708928902716967
S2A_MSIL2A_20190107T070251_R063_T39QXG_20201007T232849_0000.jpg,S2A_MSIL2A_20190107T070251_R063_T39QXG_20201007T232849,0,2019-01,T39QXG,0.10479838873256343,0,0.7708928902716967
S2B_MSIL2A_20200327T065619_R063_T39QXG_20201027T114721_0000.jpg,S2B_MSIL2A_20200327T065619_R063_T39QXG_20201027T114721,0,2020-03,T39QXG,0.9556796769580741,1,0.7708928902716967
S2A_MSIL2A_20200322T065621_R063_T39QXG_20201014T192405_0000.jpg,S2A_MSIL2A_20200322T065621_R063_T39QXG_20201014T192405,0,2020-03,T39QXG,0.9509840447616117,1,0.7708928902716967
S2B_MSIL2A_20200317T065619_R063_T39QXG_20201010T111701_0000.jpg,S2B_MSIL2A_20200317T065619_R063_T39QXG_20201010T111701,1,2020-03,T39QXG,0.987343140088051,1,0.7708928902716967
S2A_MSIL2A_20200312T065651_R063_T39QXG_20201006T204613_0000.jpg,S2A_MSIL2A_20200312T065651_R063_T39QXG_20201006T204613,0,2020-03,T39QXG,0.13832728136517214,0,0.7708928902716967
S2B_MSIL2A_20200307T065729_R063_T39QXG_20201003T195728_0000.jpg,S2B_MSIL2A_20200307T065729_R063_T39QXG_20201003T195728,0,2020-03,T39QXG,0.1967413041974376,0,0.7708928902716967
S2A_MSIL2A_20200302T065801_R063_T39QXG_20200926T020245_0000.jpg,S2A_MSIL2A_20200302T065801_R063_T39QXG_20200926T020245,1,2020-03,T39QXG,0.8575547088679314,1,0.7708928902716967
S2A_MSIL2A_20200221T065911_R063_T39QXG_20200927T132322_0000.jpg,S2A_MSIL2A_20200221T065911_R063_T39QXG_20200927T132322,0,2020-02,T39QXG,0.8347099330077028,1,0.7708928902716967
S2B_MSIL2A_20200216T065939_R063_T39QXG_20200929T114644_0000.jpg,S2B_MSIL2A_20200216T065939_R063_T39QXG_20200929T114644,0,2020-02,T39QXG,0.7772207489753749,1,0.7708928902716967
S2A_MSIL2A_20200201T070111_R063_T39QXG_20200930T073942_0000.jpg,S2A_MSIL2A_20200201T070111_R063_T39QXG_20200930T073942,0,2020-02,T39QXG,0.546420300474604,0,0.7708928902716967
S2B_MSIL2A_20200127T070139_R063_T39QXG_20201002T124936_0000.jpg,S2B_MSIL2A_20200127T070139_R063_T39QXG_20201002T124936,0,2020-01,T39QXG,0.042063323747907194,0,0.7708928902716967
S2A_MSIL2A_20200122T070201_R063_T39QXG_20201002T050518_0000.jpg,S2A_MSIL2A_20200122T070201_R063_T39QXG_20201002T050518,1,2020-01,T39QXG,0.6766714048349921,0,0.7708928902716967
S2B_MSIL2A_20200117T070219_R063_T39QXG_20201002T195630_0000.jpg,S2B_MSIL2A_20200117T070219_R063_T39QXG_20201002T195630,1,2020-01,T39QXG,0.6330970517020275,0,0.7708928902716967
S2A_MSIL2A_20200112T070241_R063_T39QXG_20201002T173508_0000.jpg,S2A_MSIL2A_20200112T070241_R063_T39QXG_20201002T173508,0,2020-01,T39QXG,0.028973248038777065,0,0.7708928902716967
S2A_MSIL2A_20210327T065621_R063_T39QXG_20210327T193611_0000.jpg,S2A_MSIL2A_20210327T065621_R063_T39QXG_20210327T193611,0,2021-03,T39QXG,0.6463161407607381,0,0.7708928902716967
S2B_MSIL2A_20210322T065619_R063_T39QXG_20210323T015515_0000.jpg,S2B_MSIL2A_20210322T065619_R063_T39QXG_20210323T015515,0,2021-03,T39QXG,0.6923247247914035,0,0.7708928902716967
S2A_MSIL2A_20210317T065621_R063_T39QXG_20210317T221928_0000.jpg,S2A_MSIL2A_20210317T065621_R063_T39QXG_20210317T221928,0,2021-03,T39QXG,0.5132138300207473,0,0.7708928902716967
S2A_MSIL2A_20210225T065851_R063_T39QXG_20210225T181931_0000.jpg,S2A_MSIL2A_20210225T065851_R063_T39QXG_20210225T181931,1,2021-02,T39QXG,0.9548858363936726,1,0.7708928902716967
S2A_MSIL2A_20210205T070051_R063_T39QXG_20210210T170018_0000.jpg,S2A_MSIL2A_20210205T070051_R063_T39QXG_20210210T170018,0,2021-02,T39QXG,0.31725135961336937,0,0.7708928902716967
S2B_MSIL2A_20210131T070119_R063_T39QXG_20210201T152028_0000.jpg,S2B_MSIL2A_20210131T070119_R063_T39QXG_20210201T152028,1,2021-01,T39QXG,0.9999924949399633,1,0.7708928902716967
S2A_MSIL2A_20210126T070151_R063_T39QXG_20210201T045017_0000.jpg,S2A_MSIL2A_20210126T070151_R063_T39QXG_20210201T045017,1,2021-01,T39QXG,0.9999935465299763,1,0.7708928902716967
S2A_MSIL2A_20210116T070231_R063_T39QXG_20210116T213026_0000.jpg,S2A_MSIL2A_20210116T070231_R063_T39QXG_20210116T213026,0,2021-01,T39QXG,1.1976548185188806e-05,0,0.7708928902716967
S2B_MSIL2A_20210111T070249_R063_T39QXG_20210111T183409_0000.jpg,S2B_MSIL2A_20210111T070249_R063_T39QXG_20210111T183409,0,2021-01,T39QXG,9.41720652154401e-06,0,0.7708928902716967
S2A_MSIL2A_20220322T065631_R063_T39QXG_20240522T141858_0000.jpg,S2A_MSIL2A_20220322T065631_R063_T39QXG_20240522T141858,0,2022-03,T39QXG,0.7919340511778898,1,0.7708928902716967
S2A_MSIL2A_20220322T065631_R063_T39QXG_20220322T215023_0000.jpg,S2A_MSIL2A_20220322T065631_R063_T39QXG_20220322T215023,0,2022-03,T39QXG,0.8398264914186884,1,0.7708928902716967
S2B_MSIL2A_20220317T065619_R063_T39QXG_20220317T172218_0000.jpg,S2B_MSIL2A_20220317T065619_R063_T39QXG_20220317T172218,0,2022-03,T39QXG,0.9309050059195466,1,0.7708928902716967
S2A_MSIL2A_20220312T065701_R063_T39QXG_20240523T070747_0000.jpg,S2A_MSIL2A_20220312T065701_R063_T39QXG_20240523T070747,1,2022-03,T39QXG,0.9491955181153302,1,0.7708928902716967
S2A_MSIL2A_20220312T065701_R063_T39QXG_20220312T225303_0000.jpg,S2A_MSIL2A_20220312T065701_R063_T39QXG_20220312T225303,1,2022-03,T39QXG,0.9569960340835019,1,0.7708928902716967
S2B_MSIL2A_20220307T065729_R063_T39QXG_20240524T222725_0000.jpg,S2B_MSIL2A_20220307T065729_R063_T39QXG_20240524T222725,1,2022-03,T39QXG,0.9273518584922832,1,0.7708928902716967
S2B_MSIL2A_20220307T065729_R063_T39QXG_20220307T200029_0000.jpg,S2B_MSIL2A_20220307T065729_R063_T39QXG_20220307T200029,1,2022-03,T39QXG,0.9523356104913282,1,0.7708928902716967
S2A_MSIL2A_20220302T065811_R063_T39QXG_20240528T164922_0000.jpg,S2A_MSIL2A_20220302T065811_R063_T39QXG_20240528T164922,1,2022-03,T39QXG,0.9392741991893213,1,0.7708928902716967
S2B_MSIL2A_20220215T065949_R063_T39QXG_20220223T132730_0000.jpg,S2B_MSIL2A_20220215T065949_R063_T39QXG_20220223T132730,1,2022-02,T39QXG,0.42643191802598407,0,0.7708928902716967
S2A_MSIL2A_20220210T070031_R063_T39QXG_20220221T065843_0000.jpg,S2A_MSIL2A_20220210T070031_R063_T39QXG_20220221T065843,1,2022-02,T39QXG,0.5639865186511713,0,0.7708928902716967
S2B_MSIL2A_20230322T065629_R063_T39QXG_20240827T110952_0000.jpg,S2B_MSIL2A_20230322T065629_R063_T39QXG_20240827T110952,0,2023-03,T39QXG,0.47042797604169856,0,0.7708928902716967
S2A_MSIL2A_20230317T065621_R063_T39QXG_20230317T125717_0000.jpg,S2A_MSIL2A_20230317T065621_R063_T39QXG_20230317T125717,0,2023-03,T39QXG,0.2779649871808212,0,0.7708928902716967
S2B_MSIL2A_20230312T065709_R063_T39QXG_20240818T170744_0000.jpg,S2B_MSIL2A_20230312T065709_R063_T39QXG_20240818T170744,1,2023-03,T39QXG,0.9899522405498393,1,0.7708928902716967
S2B_MSIL2A_20230312T065709_R063_T39QXG_20230312T141426_0000.jpg,S2B_MSIL2A_20230312T065709_R063_T39QXG_20230312T141426,1,2023-03,T39QXG,0.9899900731704442,1,0.7708928902716967
S2A_MSIL2A_20230307T065731_R063_T39QXG_20230307T123902_0000.jpg,S2A_MSIL2A_20230307T065731_R063_T39QXG_20230307T123902,1,2023-03,T39QXG,0.9865896006018072,1,0.7708928902716967
S2A_MSIL2A_20230225T065851_R063_T39QXG_20230227T033301_0000.jpg,S2A_MSIL2A_20230225T065851_R063_T39QXG_20230227T033301,0,2023-02,T39QXG,1e-06,0,0.7708928902716967
S2B_MSIL2A_20230210T070029_R063_T39QXG_20240813T093046_0000.jpg,S2B_MSIL2A_20230210T070029_R063_T39QXG_20240813T093046,0,2023-02,T39QXG,1e-06,0,0.7708928902716967
S2B_MSIL2A_20230210T070029_R063_T39QXG_20230210T205643_0000.jpg,S2B_MSIL2A_20230210T070029_R063_T39QXG_20230210T205643,0,2023-02,T39QXG,1e-06,0,0.7708928902716967
S2A_MSIL2A_20230205T070101_R063_T39QXG_20240817T062535_0000.jpg,S2A_MSIL2A_20230205T070101_R063_T39QXG_20240817T062535,1,2023-02,T39QXG,0.999999,1,0.7708928902716967
S2A_MSIL2A_20230205T070101_R063_T39QXG_20230206T042309_0000.jpg,S2A_MSIL2A_20230205T070101_R063_T39QXG_20230206T042309,1,2023-02,T39QXG,0.999999,1,0.7708928902716967
S2B_MSIL2A_20240316T065629_R063_T39QXG_20240316T121959_0000.jpg,S2B_MSIL2A_20240316T065629_R063_T39QXG_20240316T121959,0,2024-03,T39QXG,0.30648718940143904,0,0.7708928902716967
S2A_MSIL2A_20240311T065701_R063_T39QXG_20240311T150535_0000.jpg,S2A_MSIL2A_20240311T065701_R063_T39QXG_20240311T150535,1,2024-03,T39QXG,0.9917981065134244,1,0.7708928902716967
S2B_MSIL2A_20240306T065739_R063_T39QXG_20240306T111016_0000.jpg,S2B_MSIL2A_20240306T065739_R063_T39QXG_20240306T111016,1,2024-03,T39QXG,0.9906003761205783,1,0.7708928902716967
S2A_MSIL2A_20240301T065821_R063_T39QXG_20240301T115335_0000.jpg,S2A_MSIL2A_20240301T065821_R063_T39QXG_20240301T115335,0,2024-03,T39QXG,0.42397268669615584,0,0.7708928902716967
S2A_MSIL2A_20240220T065921_R063_T39QXG_20240220T112915_0000.jpg,S2A_MSIL2A_20240220T065921_R063_T39QXG_20240220T112915,0,2024-02,T39QXG,0.07961984792588417,0,0.7708928902716967
S2B_MSIL2A_20240215T065959_R063_T39QXG_20240215T111952_0000.jpg,S2B_MSIL2A_20240215T065959_R063_T39QXG_20240215T111952,1,2024-02,T39QXG,0.9932899418282964,1,0.7708928902716967
S2A_MSIL2A_20240121T070211_R063_T39QXG_20240121T131026_0000.jpg,S2A_MSIL2A_20240121T070211_R063_T39QXG_20240121T131026,1,2024-01,T39QXG,0.7344085704962044,0,0.7708928902716967
S2A_MSIL2A_20240111T070241_R063_T39QXG_20240111T113149_0000.jpg,S2A_MSIL2A_20240111T070241_R063_T39QXG_20240111T113149,1,2024-01,T39QXG,0.7670289021687157,0,0.7708928902716967
S2B_MSIL2A_20240106T070259_R063_T39QXG_20240106T101530_0000.jpg,S2B_MSIL2A_20240106T070259_R063_T39QXG_20240106T101530,0,2024-01,T39QXG,0.2832674586626651,0,0.7708928902716967
S2C_MSIL2A_20250125T070221_R063_T39QXG_20250125T110112_0000.jpg,S2C_MSIL2A_20250125T070221_R063_T39QXG_20250125T110112,1,2025-01,T39QXG,0.19898697728458764,0,0.7708928902716967
S2B_MSIL2A_20250110T070149_R063_T39QXG_20250110T091744_0000.jpg,S2B_MSIL2A_20250110T070149_R063_T39QXG_20250110T091744,1,2025-01,T39QXG,0.26362138487263,0,0.7708928902716967
S2A_MSIL2A_20250105T070301_R063_T39QXG_20250105T101308_0000.jpg,S2A_MSIL2A_20250105T070301_R063_T39QXG_20250105T101308,1,2025-01,T39QXG,0.14930592509492058,0,0.7708928902716967
S2A_MSIL2A_20241226T070311_R063_T39QXG_20241226T100152_0000.jpg,S2A_MSIL2A_20241226T070311_R063_T39QXG_20241226T100152,1,2024-12,T39QXG,0.7267681276993028,0,0.7708928902716967
S2A_MSIL2A_20170414T064621_R020_T40RDP_20210209T072822_0000.jpg,S2A_MSIL2A_20170414T064621_R020_T40RDP_20210209T072822,0,2017-04,T40RDP,0.5889358367807289,0,0.7708928902716967
S2A_MSIL2A_20170414T064621_R020_T40RDP_20210209T072822_0001.jpg,S2A_MSIL2A_20170414T064621_R020_T40RDP_20210209T072822,0,2017-04,T40RDP,0.6082274644350336,0,0.7708928902716967
S2A_MSIL2A_20170524T064631_R020_T40RDP_20210209T174339_0000.jpg,S2A_MSIL2A_20170524T064631_R020_T40RDP_20210209T174339,1,2017-05,T40RDP,0.3551969599725051,0,0.7708928902716967
S2A_MSIL2A_20170524T064631_R020_T40RDP_20210209T174339_0001.jpg,S2A_MSIL2A_20170524T064631_R020_T40RDP_20210209T174339,1,2017-05,T40RDP,0.32297376242317244,0,0.7708928902716967
S2A_MSIL2A_20170613T064621_R020_T40RDP_20210209T223408_0000.jpg,S2A_MSIL2A_20170613T064621_R020_T40RDP_20210209T223408,0,2017-06,T40RDP,0.021187260229951363,0,0.7708928902716967
S2A_MSIL2A_20170613T064621_R020_T40RDP_20210209T223408_0001.jpg,S2A_MSIL2A_20170613T064621_R020_T40RDP_20210209T223408,0,2017-06,T40RDP,0.020971189306359564,0,0.7708928902716967
S2A_MSIL2A_20170703T064621_R020_T40RDP_20210210T040347_0000.jpg,S2A_MSIL2A_20170703T064621_R020_T40RDP_20210210T040347,1,2017-07,T40RDP,0.9315716199074271,1,0.7708928902716967
S2A_MSIL2A_20170703T064621_R020_T40RDP_20210210T040347_0001.jpg,S2A_MSIL2A_20170703T064621_R020_T40RDP_20210210T040347,1,2017-07,T40RDP,0.9034314840909353,1,0.7708928902716967
S2A_MSIL2A_20170723T064631_R020_T40RDP_20210210T130856_0000.jpg,S2A_MSIL2A_20170723T064631_R020_T40RDP_20210210T130856,0,2017-07,T40RDP,1e-06,0,0.7708928902716967
S2A_MSIL2A_20170723T064631_R020_T40RDP_20210210T130856_0001.jpg,S2A_MSIL2A_20170723T064631_R020_T40RDP_20210210T130856,0,2017-07,T40RDP,1e-06,0,0.7708928902716967
S2B_MSIL2A_20170807T064619_R020_T40RDP_20210210T210701_0000.jpg,S2B_MSIL2A_20170807T064619_R020_T40RDP_20210210T210701,0,2017-08,T40RDP,0.014101360701085256,0,0.7708928902716967
S2B_MSIL2A_20170807T064619_R020_T40RDP_20210210T210701_0001.jpg,S2B_MSIL2A_20170807T064619_R020_T40RDP_20210210T210701,0,2017-08,T40RDP,0.021618722413102375,0,0.7708928902716967
S2A_MSIL2A_20170812T064631_R020_T40RDP_20210131T155623_0000.jpg,S2A_MSIL2A_20170812T064631_R020_T40RDP_20210131T155623,0,2017-08,T40RDP,0.0009389815483666691,0,0.7708928902716967
S2A_MSIL2A_20170812T064631_R020_T40RDP_20210131T155623_0001.jpg,S2A_MSIL2A_20170812T064631_R020_T40RDP_20210131T155623,0,2017-08,T40RDP,0.0007654095031322544,0,0.7708928902716967
S2B_MSIL2A_20170827T064619_R020_T40RDP_20210201T123544_0000.jpg,S2B_MSIL2A_20170827T064619_R020_T40RDP_20210201T123544,0,2017-08,T40RDP,0.7842095408247477,1,0.7708928902716967
S2B_MSIL2A_20170827T064619_R020_T40RDP_20210201T123544_0001.jpg,S2B_MSIL2A_20170827T064619_R020_T40RDP_20210201T123544,0,2017-08,T40RDP,0.8189571227493612,1,0.7708928902716967
S2B_MSIL2A_20170916T064619_R020_T40RDP_20210202T040902_0000.jpg,S2B_MSIL2A_20170916T064619_R020_T40RDP_20210202T040902,0,2017-09,T40RDP,0.14067972541059648,0,0.7708928902716967
S2B_MSIL2A_20170916T064619_R020_T40RDP_20210202T040902_0001.jpg,S2B_MSIL2A_20170916T064619_R020_T40RDP_20210202T040902,0,2017-09,T40RDP,0.20526889800220538,0,0.7708928902716967
S2A_MSIL2A_20170921T064621_R020_T40RDP_20210202T071538_0000.jpg,S2A_MSIL2A_20170921T064621_R020_T40RDP_20210202T071538,0,2017-09,T40RDP,0.019749003725816464,0,0.7708928902716967
S2A_MSIL2A_20170921T064621_R020_T40RDP_20210202T071538_0001.jpg,S2A_MSIL2A_20170921T064621_R020_T40RDP_20210202T071538,0,2017-09,T40RDP,0.019530591308188867,0,0.7708928902716967
S2B_MSIL2A_20171006T064719_R020_T40RDP_20210202T145017_0000.jpg,S2B_MSIL2A_20171006T064719_R020_T40RDP_20210202T145017,1,2017-10,T40RDP,0.9143143504782987,1,0.7708928902716967
S2B_MSIL2A_20171006T064719_R020_T40RDP_20210202T145017_0001.jpg,S2B_MSIL2A_20171006T064719_R020_T40RDP_20210202T145017,1,2017-10,T40RDP,0.923728266715418,1,0.7708928902716967
S2A_MSIL2A_20171011T064811_R020_T40RDP_20201019T203503_0000.jpg,S2A_MSIL2A_20171011T064811_R020_T40RDP_20201019T203503,0,2017-10,T40RDP,0.0013945153291699502,0,0.7708928902716967
S2A_MSIL2A_20171011T064811_R020_T40RDP_20201019T203503_0001.jpg,S2A_MSIL2A_20171011T064811_R020_T40RDP_20201019T203503,0,2017-10,T40RDP,0.0012729340995655703,0,0.7708928902716967
S2B_MSIL2A_20171026T064939_R020_T40RDP_20201015T022501_0000.jpg,S2B_MSIL2A_20171026T064939_R020_T40RDP_20201015T022501,0,2017-10,T40RDP,0.0026223875259987726,0,0.7708928902716967
S2B_MSIL2A_20171026T064939_R020_T40RDP_20201015T022501_0001.jpg,S2B_MSIL2A_20171026T064939_R020_T40RDP_20201015T022501,0,2017-10,T40RDP,0.002459602751913236,0,0.7708928902716967
S2B_MSIL2A_20171105T065029_R020_T40RDP_20201014T182558_0000.jpg,S2B_MSIL2A_20171105T065029_R020_T40RDP_20201014T182558,1,2017-11,T40RDP,0.4429673940343503,0,0.7708928902716967
S2B_MSIL2A_20171105T065029_R020_T40RDP_20201014T182558_0001.jpg,S2B_MSIL2A_20171105T065029_R020_T40RDP_20201014T182558,1,2017-11,T40RDP,0.5964776496155485,0,0.7708928902716967
S2B_MSIL2A_20171115T065119_R020_T40RDP_20201014T200318_0000.jpg,S2B_MSIL2A_20171115T065119_R020_T40RDP_20201014T200318,1,2017-11,T40RDP,0.9694740109919536,1,0.7708928902716967
S2B_MSIL2A_20171115T065119_R020_T40RDP_20201014T200318_0001.jpg,S2B_MSIL2A_20171115T065119_R020_T40RDP_20201014T200318,1,2017-11,T40RDP,0.9759171911979218,1,0.7708928902716967
S2B_MSIL2A_20171205T065239_R020_T40RDP_20201014T120805_0000.jpg,S2B_MSIL2A_20171205T065239_R020_T40RDP_20201014T120805,0,2017-12,T40RDP,0.026636153508263732,0,0.7708928902716967
S2B_MSIL2A_20171205T065239_R020_T40RDP_20201014T120805_0001.jpg,S2B_MSIL2A_20171205T065239_R020_T40RDP_20201014T120805,0,2017-12,T40RDP,0.03425509648495474,0,0.7708928902716967
S2A_MSIL2A_20171210T065251_R020_T40RDP_20201014T130828_0000.jpg,S2A_MSIL2A_20171210T065251_R020_T40RDP_20201014T130828,0,2017-12,T40RDP,0.06359279496503581,0,0.7708928902716967
S2A_MSIL2A_20171210T065251_R020_T40RDP_20201014T130828_0001.jpg,S2A_MSIL2A_20171210T065251_R020_T40RDP_20201014T130828,0,2017-12,T40RDP,0.05965095856432206,0,0.7708928902716967
S2A_MSIL2A_20171230T065301_R020_T40RDP_20201014T171731_0000.jpg,S2A_MSIL2A_20171230T065301_R020_T40RDP_20201014T171731,0,2017-12,T40RDP,0.6688302773973906,0,0.7708928902716967
S2A_MSIL2A_20171230T065301_R020_T40RDP_20201014T171731_0001.jpg,S2A_MSIL2A_20171230T065301_R020_T40RDP_20201014T171731,0,2017-12,T40RDP,0.7051503194198078,0,0.7708928902716967
S2B_MSIL2A_20180114T065229_R020_T40RDP_20201014T054511_0000.jpg,S2B_MSIL2A_20180114T065229_R020_T40RDP_20201014T054511,0,2018-01,T40RDP,1.5316347930607313e-05,0,0.7708928902716967
S2B_MSIL2A_20180114T065229_R020_T40RDP_20201014T054511_0001.jpg,S2B_MSIL2A_20180114T065229_R020_T40RDP_20201014T054511,0,2018-01,T40RDP,1.3320796861384112e-05,0,0.7708928902716967
S2B_MSIL2A_20180124T065149_R020_T40RDP_20201014T082610_0000.jpg,S2B_MSIL2A_20180124T065149_R020_T40RDP_20201014T082610,1,2018-01,T40RDP,0.9999268320652797,1,0.7708928902716967
S2B_MSIL2A_20180124T065149_R020_T40RDP_20201014T082610_0001.jpg,S2B_MSIL2A_20180124T065149_R020_T40RDP_20201014T082610,1,2018-01,T40RDP,0.9999583873142277,1,0.7708928902716967
S2B_MSIL2A_20180203T065059_R020_T40RDP_20201025T221931_0000.jpg,S2B_MSIL2A_20180203T065059_R020_T40RDP_20201025T221931,0,2018-02,T40RDP,0.3978654229847525,0,0.7708928902716967
S2B_MSIL2A_20180203T065059_R020_T40RDP_20201025T221931_0001.jpg,S2B_MSIL2A_20180203T065059_R020_T40RDP_20201025T221931,0,2018-02,T40RDP,0.4337919972150972,0,0.7708928902716967
S2B_MSIL2A_20180223T064849_R020_T40RDP_20201014T003814_0000.jpg,S2B_MSIL2A_20180223T064849_R020_T40RDP_20201014T003814,1,2018-02,T40RDP,0.3384942715514777,0,0.7708928902716967
S2B_MSIL2A_20180223T064849_R020_T40RDP_20201014T003814_0001.jpg,S2B_MSIL2A_20180223T064849_R020_T40RDP_20201014T003814,1,2018-02,T40RDP,0.32954129929022347,0,0.7708928902716967
S2B_MSIL2A_20180305T064739_R020_T40RDP_20201026T051111_0000.jpg,S2B_MSIL2A_20180305T064739_R020_T40RDP_20201026T051111,1,2018-03,T40RDP,0.46645843407552295,0,0.7708928902716967
S2B_MSIL2A_20180305T064739_R020_T40RDP_20201026T051111_0001.jpg,S2B_MSIL2A_20180305T064739_R020_T40RDP_20201026T051111,1,2018-03,T40RDP,0.4739882674089834,0,0.7708928902716967
S2B_MSIL2A_20180315T064629_R020_T40RDP_20201013T092614_0000.jpg,S2B_MSIL2A_20180315T064629_R020_T40RDP_20201013T092614,1,2018-03,T40RDP,0.42063823197179157,0,0.7708928902716967
S2B_MSIL2A_20180315T064629_R020_T40RDP_20201013T092614_0001.jpg,S2B_MSIL2A_20180315T064629_R020_T40RDP_20201013T092614,1,2018-03,T40RDP,0.42411255220983973,0,0.7708928902716967
S2A_MSIL2A_20180320T064621_R020_T40RDP_20201013T113227_0000.jpg,S2A_MSIL2A_20180320T064621_R020_T40RDP_20201013T113227,1,2018-03,T40RDP,0.49778201090314755,0,0.7708928902716967
S2A_MSIL2A_20180320T064621_R020_T40RDP_20201013T113227_0001.jpg,S2A_MSIL2A_20180320T064621_R020_T40RDP_20201013T113227,1,2018-03,T40RDP,0.5001928027065947,0,0.7708928902716967
S2B_MSIL2A_20180424T064619_R020_T40RDP_20201013T021211_0000.jpg,S2B_MSIL2A_20180424T064619_R020_T40RDP_20201013T021211,0,2018-04,T40RDP,0.37952703569674245,0,0.7708928902716967
S2B_MSIL2A_20180424T064619_R020_T40RDP_20201013T021211_0001.jpg,S2B_MSIL2A_20180424T064619_R020_T40RDP_20201013T021211,0,2018-04,T40RDP,0.3365963551183579,0,0.7708928902716967
S2B_MSIL2A_20180504T064619_R020_T40RDP_20201012T054955_0000.jpg,S2B_MSIL2A_20180504T064619_R020_T40RDP_20201012T054955,0,2018-05,T40RDP,0.32510249108462047,0,0.7708928902716967
S2B_MSIL2A_20180504T064619_R020_T40RDP_20201012T054955_0001.jpg,S2B_MSIL2A_20180504T064619_R020_T40RDP_20201012T054955,0,2018-05,T40RDP,0.3674875550286701,0,0.7708928902716967
S2A_MSIL2A_20180509T064631_R020_T40RDP_20201012T073707_0000.jpg,S2A_MSIL2A_20180509T064631_R020_T40RDP_20201012T073707,0,2018-05,T40RDP,0.4195931193313363,0,0.7708928902716967
S2A_MSIL2A_20180509T064631_R020_T40RDP_20201012T073707_0001.jpg,S2A_MSIL2A_20180509T064631_R020_T40RDP_20201012T073707,0,2018-05,T40RDP,0.44016819446163147,0,0.7708928902716967
S2A_MSIL2A_20180519T064631_R020_T40RDP_20201012T113634_0000.jpg,S2A_MSIL2A_20180519T064631_R020_T40RDP_20201012T113634,0,2018-05,T40RDP,1e-06,0,0.7708928902716967
S2A_MSIL2A_20180519T064631_R020_T40RDP_20201012T113634_0001.jpg,S2A_MSIL2A_20180519T064631_R020_T40RDP_20201012T113634,0,2018-05,T40RDP,1e-06,0,0.7708928902716967
S2A_MSIL2A_20180529T064631_R020_T40RDP_20201012T152100_0000.jpg,S2A_MSIL2A_20180529T064631_R020_T40RDP_20201012T152100,0,2018-05,T40RDP,0.6053779281115644,0,0.7708928902716967
S2A_MSIL2A_20180529T064631_R020_T40RDP_20201012T152100_0001.jpg,S2A_MSIL2A_20180529T064631_R020_T40RDP_20201012T152100,0,2018-05,T40RDP,0.6217386118468432,0,0.7708928902716967
S2A_MSIL2A_20180608T064621_R020_T40RDP_20201026T185741_0000.jpg,S2A_MSIL2A_20180608T064621_R020_T40RDP_20201026T185741,0,2018-06,T40RDP,0.0023445592184141552,0,0.7708928902716967
S2A_MSIL2A_20180608T064621_R020_T40RDP_20201026T185741_0001.jpg,S2A_MSIL2A_20180608T064621_R020_T40RDP_20201026T185741,0,2018-06,T40RDP,0.0023863680491393808,0,0.7708928902716967
S2A_MSIL2A_20180618T064621_R020_T40RDP_20201011T232818_0000.jpg,S2A_MSIL2A_20180618T064621_R020_T40RDP_20201011T232818,0,2018-06,T40RDP,0.740131176575031,0,0.7708928902716967
S2A_MSIL2A_20180618T064621_R020_T40RDP_20201011T232818_0001.jpg,S2A_MSIL2A_20180618T064621_R020_T40RDP_20201011T232818,0,2018-06,T40RDP,0.7416595230737382,0,0.7708928902716967
S2A_MSIL2A_20180708T064631_R020_T40RDP_20201011T131710_0000.jpg,S2A_MSIL2A_20180708T064631_R020_T40RDP_20201011T131710,1,2018-07,T40RDP,0.99999055746105,1,0.7708928902716967
S2A_MSIL2A_20180708T064631_R020_T40RDP_20201011T131710_0001.jpg,S2A_MSIL2A_20180708T064631_R020_T40RDP_20201011T131710,1,2018-07,T40RDP,0.9999872720547425,1,0.7708928902716967
S2B_MSIL2A_20180713T064619_R020_T40RDP_20201011T152448_0000.jpg,S2B_MSIL2A_20180713T064619_R020_T40RDP_20201011T152448,0,2018-07,T40RDP,6.740830706244906e-05,0,0.7708928902716967
S2B_MSIL2A_20180713T064619_R020_T40RDP_20201011T152448_0001.jpg,S2B_MSIL2A_20180713T064619_R020_T40RDP_20201011T152448,0,2018-07,T40RDP,5.083708281942554e-05,0,0.7708928902716967
S2B_MSIL2A_20180802T064619_R020_T40RDP_20201010T202417_0000.jpg,S2B_MSIL2A_20180802T064619_R020_T40RDP_20201010T202417,1,2018-08,T40RDP,0.9776167070959387,1,0.7708928902716967
S2B_MSIL2A_20180802T064619_R020_T40RDP_20201010T202417_0001.jpg,S2B_MSIL2A_20180802T064619_R020_T40RDP_20201010T202417,1,2018-08,T40RDP,0.979750194252611,1,0.7708928902716967
S2A_MSIL2A_20180817T064621_R020_T40RDP_20201011T025249_0000.jpg,S2A_MSIL2A_20180817T064621_R020_T40RDP_20201011T025249,0,2018-08,T40RDP,0.046787889158210055,0,0.7708928902716967
S2A_MSIL2A_20180817T064621_R020_T40RDP_20201011T025249_0001.jpg,S2A_MSIL2A_20180817T064621_R020_T40RDP_20201011T025249,0,2018-08,T40RDP,0.051092980524037136,0,0.7708928902716967
S2A_MSIL2A_20180827T064621_R020_T40RDP_20201027T045001_0000.jpg,S2A_MSIL2A_20180827T064621_R020_T40RDP_20201027T045001,0,2018-08,T40RDP,0.06493451739993955,0,0.7708928902716967
S2A_MSIL2A_20180827T064621_R020_T40RDP_20201027T045001_0001.jpg,S2A_MSIL2A_20180827T064621_R020_T40RDP_20201027T045001,0,2018-08,T40RDP,0.08045938476915335,0,0.7708928902716967
S2A_MSIL2A_20180906T064621_R020_T40RDP_20201011T091051_0000.jpg,S2A_MSIL2A_20180906T064621_R020_T40RDP_20201011T091051,0,2018-09,T40RDP,0.3165469827483669,0,0.7708928902716967
S2A_MSIL2A_20180906T064621_R020_T40RDP_20201011T091051_0001.jpg,S2A_MSIL2A_20180906T064621_R020_T40RDP_20201011T091051,0,2018-09,T40RDP,0.3516381080728931,0,0.7708928902716967
S2B_MSIL2A_20180921T064619_R020_T40RDP_20201009T032948_0000.jpg,S2B_MSIL2A_20180921T064619_R020_T40RDP_20201009T032948,0,2018-09,T40RDP,0.004273477534502063,0,0.7708928902716967
S2B_MSIL2A_20180921T064619_R020_T40RDP_20201009T032948_0001.jpg,S2B_MSIL2A_20180921T064619_R020_T40RDP_20201009T032948,0,2018-09,T40RDP,0.00459110749875703,0,0.7708928902716967
S2A_MSIL2A_20180926T064731_R020_T40RDP_20201009T050107_0000.jpg,S2A_MSIL2A_20180926T064731_R020_T40RDP_20201009T050107,1,2018-09,T40RDP,0.7787724795310391,1,0.7708928902716967
S2A_MSIL2A_20180926T064731_R020_T40RDP_20201009T050107_0001.jpg,S2A_MSIL2A_20180926T064731_R020_T40RDP_20201009T050107,1,2018-09,T40RDP,0.7956530652283453,1,0.7708928902716967
S2B_MSIL2A_20181021T064909_R020_T40RDP_20201009T135435_0000.jpg,S2B_MSIL2A_20181021T064909_R020_T40RDP_20201009T135435,0,2018-10,T40RDP,0.35661956896772606,0,0.7708928902716967
S2B_MSIL2A_20181021T064909_R020_T40RDP_20201009T135435_0001.jpg,S2B_MSIL2A_20181021T064909_R020_T40RDP_20201009T135435,0,2018-10,T40RDP,0.3773875428694151,0,0.7708928902716967
S2B_MSIL2A_20181110T065109_R020_T40RDP_20201008T173400_0000.jpg,S2B_MSIL2A_20181110T065109_R020_T40RDP_20201008T173400,0,2018-11,T40RDP,0.12612686907055382,0,0.7708928902716967
S2B_MSIL2A_20181110T065109_R020_T40RDP_20201008T173400_0001.jpg,S2B_MSIL2A_20181110T065109_R020_T40RDP_20201008T173400,0,2018-11,T40RDP,0.12369268976705404,0,0.7708928902716967
S2B_MSIL2A_20181120T065159_R020_T40RDP_20201008T201622_0000.jpg,S2B_MSIL2A_20181120T065159_R020_T40RDP_20201008T201622,0,2018-11,T40RDP,0.3834974436116046,0,0.7708928902716967
S2B_MSIL2A_20181120T065159_R020_T40RDP_20201008T201622_0001.jpg,S2B_MSIL2A_20181120T065159_R020_T40RDP_20201008T201622,0,2018-11,T40RDP,0.3886339773561019,0,0.7708928902716967
S2B_MSIL2A_20181210T065249_R020_T40RDP_20201008T085955_0000.jpg,S2B_MSIL2A_20181210T065249_R020_T40RDP_20201008T085955,0,2018-12,T40RDP,0.024606524710758464,0,0.7708928902716967
S2B_MSIL2A_20181210T065249_R020_T40RDP_20201008T085955_0001.jpg,S2B_MSIL2A_20181210T065249_R020_T40RDP_20201008T085955,0,2018-12,T40RDP,0.021211454994882764,0,0.7708928902716967
S2B_MSIL2A_20181220T065259_R020_T40RDP_20201008T114314_0000.jpg,S2B_MSIL2A_20181220T065259_R020_T40RDP_20201008T114314,0,2018-12,T40RDP,0.9367749388017224,1,0.7708928902716967
S2B_MSIL2A_20181220T065259_R020_T40RDP_20201008T114314_0001.jpg,S2B_MSIL2A_20181220T065259_R020_T40RDP_20201008T114314,0,2018-12,T40RDP,0.9237677027389143,1,0.7708928902716967
S2A_MSIL2A_20181225T065301_R020_T40RDP_20210517T111901_0000.jpg,S2A_MSIL2A_20181225T065301_R020_T40RDP_20210517T111901,0,2018-12,T40RDP,0.9416640035073165,1,0.7708928902716967
S2A_MSIL2A_20181225T065301_R020_T40RDP_20210517T111901_0001.jpg,S2A_MSIL2A_20181225T065301_R020_T40RDP_20210517T111901,0,2018-12,T40RDP,0.9367421964624887,1,0.7708928902716967
S2B_MSIL2A_20190109T065249_R020_T40RDP_20201008T000956_0000.jpg,S2B_MSIL2A_20190109T065249_R020_T40RDP_20201008T000956,0,2019-01,T40RDP,0.013773038089535202,0,0.7708928902716967
S2B_MSIL2A_20190109T065249_R020_T40RDP_20201008T000956_0001.jpg,S2B_MSIL2A_20190109T065249_R020_T40RDP_20201008T000956,0,2019-01,T40RDP,0.016329546048510734,0,0.7708928902716967
S2A_MSIL2A_20190124T065151_R020_T40RDP_20201008T041007_0000.jpg,S2A_MSIL2A_20190124T065151_R020_T40RDP_20201008T041007,1,2019-01,T40RDP,0.6181774321216855,0,0.7708928902716967
S2A_MSIL2A_20190124T065151_R020_T40RDP_20201008T041007_0001.jpg,S2A_MSIL2A_20190124T065151_R020_T40RDP_20201008T041007,1,2019-01,T40RDP,0.6198172553236913,0,0.7708928902716967
S2B_MSIL2A_20190208T065029_R020_T40RDP_20201030T003742_0000.jpg,S2B_MSIL2A_20190208T065029_R020_T40RDP_20201030T003742,0,2019-02,T40RDP,0.8302826211623796,1,0.7708928902716967
S2B_MSIL2A_20190208T065029_R020_T40RDP_20201030T003742_0001.jpg,S2B_MSIL2A_20190208T065029_R020_T40RDP_20201030T003742,0,2019-02,T40RDP,0.8525199249403389,1,0.7708928902716967
S2A_MSIL2A_20190213T065001_R020_T40RDP_20201007T162107_0000.jpg,S2A_MSIL2A_20190213T065001_R020_T40RDP_20201007T162107,0,2019-02,T40RDP,0.6342260270368285,0,0.7708928902716967
S2A_MSIL2A_20190213T065001_R020_T40RDP_20201007T162107_0001.jpg,S2A_MSIL2A_20190213T065001_R020_T40RDP_20201007T162107,0,2019-02,T40RDP,0.6771463245403176,0,0.7708928902716967
S2A_MSIL2A_20190223T064851_R020_T40RDP_20201007T194425_0000.jpg,S2A_MSIL2A_20190223T064851_R020_T40RDP_20201007T194425,0,2019-02,T40RDP,0.46829480833617176,0,0.7708928902716967
S2A_MSIL2A_20190223T064851_R020_T40RDP_20201007T194425_0001.jpg,S2A_MSIL2A_20190223T064851_R020_T40RDP_20201007T194425,0,2019-02,T40RDP,0.48777441884705736,0,0.7708928902716967
S2A_MSIL2A_20190305T064741_R020_T40RDP_20201030T153909_0000.jpg,S2A_MSIL2A_20190305T064741_R020_T40RDP_20201030T153909,0,2019-03,T40RDP,0.5592634538375932,0,0.7708928902716967
S2A_MSIL2A_20190305T064741_R020_T40RDP_20201030T153909_0001.jpg,S2A_MSIL2A_20190305T064741_R020_T40RDP_20201030T153909,0,2019-03,T40RDP,0.527549645266197,0,0.7708928902716967
S2B_MSIL2A_20190310T064709_R020_T40RDP_20201007T051616_0000.jpg,S2B_MSIL2A_20190310T064709_R020_T40RDP_20201007T051616,0,2019-03,T40RDP,0.4495078931991402,0,0.7708928902716967
S2B_MSIL2A_20190310T064709_R020_T40RDP_20201007T051616_0001.jpg,S2B_MSIL2A_20190310T064709_R020_T40RDP_20201007T051616,0,2019-03,T40RDP,0.4830636113756883,0,0.7708928902716967
S2B_MSIL2A_20190320T064629_R020_T40RDP_20201007T084211_0000.jpg,S2B_MSIL2A_20190320T064629_R020_T40RDP_20201007T084211,0,2019-03,T40RDP,0.01754362850571108,0,0.7708928902716967
S2B_MSIL2A_20190320T064629_R020_T40RDP_20201007T084211_0001.jpg,S2B_MSIL2A_20190320T064629_R020_T40RDP_20201007T084211,0,2019-03,T40RDP,0.021314492604666006,0,0.7708928902716967
S2B_MSIL2A_20190429T064629_R020_T40RDP_20201105T223212_0000.jpg,S2B_MSIL2A_20190429T064629_R020_T40RDP_20201105T223212,1,2019-04,T40RDP,0.3962607463722335,0,0.7708928902716967
S2B_MSIL2A_20190429T064629_R020_T40RDP_20201105T223212_0001.jpg,S2B_MSIL2A_20190429T064629_R020_T40RDP_20201105T223212,1,2019-04,T40RDP,0.37271859101415616,0,0.7708928902716967
S2A_MSIL2A_20190504T064631_R020_T40RDP_20201006T094827_0000.jpg,S2A_MSIL2A_20190504T064631_R020_T40RDP_20201006T094827,0,2019-05,T40RDP,0.019946650032352378,0,0.7708928902716967
S2A_MSIL2A_20190504T064631_R020_T40RDP_20201006T094827_0001.jpg,S2A_MSIL2A_20190504T064631_R020_T40RDP_20201006T094827,0,2019-05,T40RDP,0.011265529553078728,0,0.7708928902716967
S2A_MSIL2A_20190524T064631_R020_T40RDP_20201006T174148_0000.jpg,S2A_MSIL2A_20190524T064631_R020_T40RDP_20201006T174148,0,2019-05,T40RDP,0.3052820272261447,0,0.7708928902716967
S2A_MSIL2A_20190524T064631_R020_T40RDP_20201006T174148_0001.jpg,S2A_MSIL2A_20190524T064631_R020_T40RDP_20201006T174148,0,2019-05,T40RDP,0.3046899090054835,0,0.7708928902716967
S2B_MSIL2A_20190529T064629_R020_T40RDP_20201006T195139_0000.jpg,S2B_MSIL2A_20190529T064629_R020_T40RDP_20201006T195139,0,2019-05,T40RDP,0.31632893031413906,0,0.7708928902716967
S2B_MSIL2A_20190529T064629_R020_T40RDP_20201006T195139_0001.jpg,S2B_MSIL2A_20190529T064629_R020_T40RDP_20201006T195139,0,2019-05,T40RDP,0.22358900572451423,0,0.7708928902716967
S2B_MSIL2A_20190608T064629_R020_T40RDP_20201005T234358_0000.jpg,S2B_MSIL2A_20190608T064629_R020_T40RDP_20201005T234358,0,2019-06,T40RDP,0.00010226134749101538,0,0.7708928902716967
S2B_MSIL2A_20190608T064629_R020_T40RDP_20201005T234358_0001.jpg,S2B_MSIL2A_20190608T064629_R020_T40RDP_20201005T234358,0,2019-06,T40RDP,0.00020081785453270504,0,0.7708928902716967
S2A_MSIL2A_20190623T064631_R020_T40RDP_20201006T051614_0000.jpg,S2A_MSIL2A_20190623T064631_R020_T40RDP_20201006T051614,1,2019-06,T40RDP,0.999999,1,0.7708928902716967
S2A_MSIL2A_20190623T064631_R020_T40RDP_20201006T051614_0001.jpg,S2A_MSIL2A_20190623T064631_R020_T40RDP_20201006T051614,1,2019-06,T40RDP,0.999999,1,0.7708928902716967
S2B_MSIL2A_20190628T064629_R020_T40RDP_20201006T073142_0000.jpg,S2B_MSIL2A_20190628T064629_R020_T40RDP_20201006T073142,0,2019-06,T40RDP,4.43066970521114e-05,0,0.7708928902716967
S2B_MSIL2A_20190628T064629_R020_T40RDP_20201006T073142_0001.jpg,S2B_MSIL2A_20190628T064629_R020_T40RDP_20201006T073142,0,2019-06,T40RDP,4.41611068152167e-05,0,0.7708928902716967
S2B_MSIL2A_20190708T064639_R020_T40RDP_20201005T111015_0000.jpg,S2B_MSIL2A_20190708T064639_R020_T40RDP_20201005T111015,0,2019-07,T40RDP,1e-06,0,0.7708928902716967
S2B_MSIL2A_20190708T064639_R020_T40RDP_20201005T111015_0001.jpg,S2B_MSIL2A_20190708T064639_R020_T40RDP_20201005T111015,0,2019-07,T40RDP,1e-06,0,0.7708928902716967
S2A_MSIL2A_20190713T064631_R020_T40RDP_20201005T131846_0000.jpg,S2A_MSIL2A_20190713T064631_R020_T40RDP_20201005T131846,1,2019-07,T40RDP,0.6141486419899932,0,0.7708928902716967
S2A_MSIL2A_20190713T064631_R020_T40RDP_20201005T131846_0001.jpg,S2A_MSIL2A_20190713T064631_R020_T40RDP_20201005T131846,1,2019-07,T40RDP,0.5313533794574303,0,0.7708928902716967
S2A_MSIL2A_20190723T064631_R020_T40RDP_20201005T182344_0000.jpg,S2A_MSIL2A_20190723T064631_R020_T40RDP_20201005T182344,0,2019-07,T40RDP,1e-06,0,0.7708928902716967
S2A_MSIL2A_20190723T064631_R020_T40RDP_20201005T182344_0001.jpg,S2A_MSIL2A_20190723T064631_R020_T40RDP_20201005T182344,0,2019-07,T40RDP,1e-06,0,0.7708928902716967
S2B_MSIL2A_20190728T064629_R020_T40RDP_20201109T153250_0000.jpg,S2B_MSIL2A_20190728T064629_R020_T40RDP_20201109T153250,1,2019-07,T40RDP,0.994852534433818,1,0.7708928902716967
S2B_MSIL2A_20190728T064629_R020_T40RDP_20201109T153250_0001.jpg,S2B_MSIL2A_20190728T064629_R020_T40RDP_20201109T153250,1,2019-07,T40RDP,0.9943159033991104,1,0.7708928902716967
S2B_MSIL2A_20190807T064629_R020_T40RDP_20201004T213620_0000.jpg,S2B_MSIL2A_20190807T064629_R020_T40RDP_20201004T213620,0,2019-08,T40RDP,0.13079469839211635,0,0.7708928902716967
S2B_MSIL2A_20190807T064629_R020_T40RDP_20201004T213620_0001.jpg,S2B_MSIL2A_20190807T064629_R020_T40RDP_20201004T213620,0,2019-08,T40RDP,0.09212812894588136,0,0.7708928902716967
S2B_MSIL2A_20190817T064629_R020_T40RDP_20201005T013402_0000.jpg,S2B_MSIL2A_20190817T064629_R020_T40RDP_20201005T013402,1,2019-08,T40RDP,0.9928958113126176,1,0.7708928902716967
S2B_MSIL2A_20190817T064629_R020_T40RDP_20201005T013402_0001.jpg,S2B_MSIL2A_20190817T064629_R020_T40RDP_20201005T013402,1,2019-08,T40RDP,0.9945271008901376,1,0.7708928902716967
S2B_MSIL2A_20190827T064629_R020_T40RDP_20201005T053726_0000.jpg,S2B_MSIL2A_20190827T064629_R020_T40RDP_20201005T053726,0,2019-08,T40RDP,0.03261952792171507,0,0.7708928902716967
S2B_MSIL2A_20190827T064629_R020_T40RDP_20201005T053726_0001.jpg,S2B_MSIL2A_20190827T064629_R020_T40RDP_20201005T053726,0,2019-08,T40RDP,0.02745063118852925,0,0.7708928902716967
S2A_MSIL2A_20190901T064621_R020_T40RDP_20201004T075503_0000.jpg,S2A_MSIL2A_20190901T064621_R020_T40RDP_20201004T075503,1,2019-09,T40RDP,0.6834967782669581,0,0.7708928902716967
S2A_MSIL2A_20190901T064621_R020_T40RDP_20201004T075503_0001.jpg,S2A_MSIL2A_20190901T064621_R020_T40RDP_20201004T075503,1,2019-09,T40RDP,0.7192252079831162,0,0.7708928902716967
S2A_MSIL2A_20190911T064621_R020_T40RDP_20201004T114707_0000.jpg,S2A_MSIL2A_20190911T064621_R020_T40RDP_20201004T114707,0,2019-09,T40RDP,0.04544774797117167,0,0.7708928902716967
S2A_MSIL2A_20190911T064621_R020_T40RDP_20201004T114707_0001.jpg,S2A_MSIL2A_20190911T064621_R020_T40RDP_20201004T114707,0,2019-09,T40RDP,0.04846257821421814,0,0.7708928902716967
S2A_MSIL2A_20190921T064621_R020_T40RDP_20201004T153556_0000.jpg,S2A_MSIL2A_20190921T064621_R020_T40RDP_20201004T153556,0,2019-09,T40RDP,0.019354702304842666,0,0.7708928902716967
S2A_MSIL2A_20190921T064621_R020_T40RDP_20201004T153556_0001.jpg,S2A_MSIL2A_20190921T064621_R020_T40RDP_20201004T153556,0,2019-09,T40RDP,0.021425528043741704,0,0.7708928902716967
S2B_MSIL2A_20190926T064629_R020_T40RDP_20201004T172427_0000.jpg,S2B_MSIL2A_20190926T064629_R020_T40RDP_20201004T172427,0,2019-09,T40RDP,0.3130962413373566,0,0.7708928902716967
S2B_MSIL2A_20190926T064629_R020_T40RDP_20201004T172427_0001.jpg,S2B_MSIL2A_20190926T064629_R020_T40RDP_20201004T172427,0,2019-09,T40RDP,0.33254167984038047,0,0.7708928902716967
S2A_MSIL2A_20191001T064701_R020_T40RDP_20201003T211700_0000.jpg,S2A_MSIL2A_20191001T064701_R020_T40RDP_20201003T211700,0,2019-10,T40RDP,0.8280869341510174,1,0.7708928902716967
S2A_MSIL2A_20191001T064701_R020_T40RDP_20201003T211700_0001.jpg,S2A_MSIL2A_20191001T064701_R020_T40RDP_20201003T211700,0,2019-10,T40RDP,0.8205576157019144,1,0.7708928902716967
S2B_MSIL2A_20191016T064839_R020_T40RDP_20201004T030114_0000.jpg,S2B_MSIL2A_20191016T064839_R020_T40RDP_20201004T030114,0,2019-10,T40RDP,0.013666794259183714,0,0.7708928902716967
S2B_MSIL2A_20191016T064839_R020_T40RDP_20201004T030114_0001.jpg,S2B_MSIL2A_20191016T064839_R020_T40RDP_20201004T030114,0,2019-10,T40RDP,0.0151495471167307,0,0.7708928902716967
S2B_MSIL2A_20191105T065049_R020_T40RDP_20201003T132453_0000.jpg,S2B_MSIL2A_20191105T065049_R020_T40RDP_20201003T132453,0,2019-11,T40RDP,0.11336313508800926,0,0.7708928902716967
S2B_MSIL2A_20191105T065049_R020_T40RDP_20201003T132453_0001.jpg,S2B_MSIL2A_20191105T065049_R020_T40RDP_20201003T132453,0,2019-11,T40RDP,0.11648513214550783,0,0.7708928902716967
S2B_MSIL2A_20191115T065129_R020_T40RDP_20201003T164839_0000.jpg,S2B_MSIL2A_20191115T065129_R020_T40RDP_20201003T164839,0,2019-11,T40RDP,0.07147571828377025,0,0.7708928902716967
S2B_MSIL2A_20191115T065129_R020_T40RDP_20201003T164839_0001.jpg,S2B_MSIL2A_20191115T065129_R020_T40RDP_20201003T164839,0,2019-11,T40RDP,0.0994441326439022,0,0.7708928902716967
S2A_MSIL2A_20191130T065231_R020_T40RDP_20201003T205829_0000.jpg,S2A_MSIL2A_20191130T065231_R020_T40RDP_20201003T205829,0,2019-11,T40RDP,0.8202595891164958,1,0.7708928902716967
S2A_MSIL2A_20191130T065231_R020_T40RDP_20201003T205829_0001.jpg,S2A_MSIL2A_20191130T065231_R020_T40RDP_20201003T205829,0,2019-11,T40RDP,0.8190017577929323,1,0.7708928902716967
S2A_MSIL2A_20191220T065301_R020_T40RDP_20201003T071645_0000.jpg,S2A_MSIL2A_20191220T065301_R020_T40RDP_20201003T071645,0,2019-12,T40RDP,0.29829388012683866,0,0.7708928902716967
S2A_MSIL2A_20191220T065301_R020_T40RDP_20201003T071645_0001.jpg,S2A_MSIL2A_20191220T065301_R020_T40RDP_20201003T071645,0,2019-12,T40RDP,0.23279604759352146,0,0.7708928902716967
S2B_MSIL2A_20191225T065309_R020_T40RDP_20201003T093053_0000.jpg,S2B_MSIL2A_20191225T065309_R020_T40RDP_20201003T093053,0,2019-12,T40RDP,0.2811293937780861,0,0.7708928902716967
S2B_MSIL2A_20191225T065309_R020_T40RDP_20201003T093053_0001.jpg,S2B_MSIL2A_20191225T065309_R020_T40RDP_20201003T093053,0,2019-12,T40RDP,0.27725279402434655,0,0.7708928902716967
S2B_MSIL2A_20200104T065249_R020_T40RDP_20201002T225337_0000.jpg,S2B_MSIL2A_20200104T065249_R020_T40RDP_20201002T225337,0,2020-01,T40RDP,0.007492019914597765,0,0.7708928902716967
S2B_MSIL2A_20200104T065249_R020_T40RDP_20201002T225337_0001.jpg,S2B_MSIL2A_20200104T065249_R020_T40RDP_20201002T225337,0,2020-01,T40RDP,0.006264771871320834,0,0.7708928902716967
S2A_MSIL2A_20200119T065211_R020_T40RDP_20201002T203648_0000.jpg,S2A_MSIL2A_20200119T065211_R020_T40RDP_20201002T203648,0,2020-01,T40RDP,0.40454034959025564,0,0.7708928902716967
S2A_MSIL2A_20200119T065211_R020_T40RDP_20201002T203648_0001.jpg,S2A_MSIL2A_20200119T065211_R020_T40RDP_20201002T203648,0,2020-01,T40RDP,0.4198288632208824,0,0.7708928902716967
S2A_MSIL2A_20200208T065021_R020_T40RDP_20201001T082205_0000.jpg,S2A_MSIL2A_20200208T065021_R020_T40RDP_20201001T082205,0,2020-02,T40RDP,0.7937487224887549,1,0.7708928902716967
S2A_MSIL2A_20200208T065021_R020_T40RDP_20201001T082205_0001.jpg,S2A_MSIL2A_20200208T065021_R020_T40RDP_20201001T082205,0,2020-02,T40RDP,0.7987153999992768,1,0.7708928902716967
S2B_MSIL2A_20200223T064859_R020_T40RDP_20200928T000732_0000.jpg,S2B_MSIL2A_20200223T064859_R020_T40RDP_20200928T000732,0,2020-02,T40RDP,0.31559164386030625,0,0.7708928902716967
S2B_MSIL2A_20200223T064859_R020_T40RDP_20200928T000732_0001.jpg,S2B_MSIL2A_20200223T064859_R020_T40RDP_20200928T000732,0,2020-02,T40RDP,0.3494976051926281,0,0.7708928902716967
S2A_MSIL2A_20200228T064821_R020_T40RDP_20200928T220644_0000.jpg,S2A_MSIL2A_20200228T064821_R020_T40RDP_20200928T220644,0,2020-02,T40RDP,0.016032405297330448,0,0.7708928902716967
S2A_MSIL2A_20200228T064821_R020_T40RDP_20200928T220644_0001.jpg,S2A_MSIL2A_20200228T064821_R020_T40RDP_20200928T220644,0,2020-02,T40RDP,0.018992785141183705,0,0.7708928902716967
S2B_MSIL2A_20200304T064749_R020_T40RDP_20200928T130112_0000.jpg,S2B_MSIL2A_20200304T064749_R020_T40RDP_20200928T130112,0,2020-03,T40RDP,0.2712670210944914,0,0.7708928902716967
S2B_MSIL2A_20200304T064749_R020_T40RDP_20200928T130112_0001.jpg,S2B_MSIL2A_20200304T064749_R020_T40RDP_20200928T130112,0,2020-03,T40RDP,0.28168246132682606,0,0.7708928902716967
S2B_MSIL2A_20200403T064619_R020_T40RDP_20200924T210324_0000.jpg,S2B_MSIL2A_20200403T064619_R020_T40RDP_20200924T210324,0,2020-04,T40RDP,0.2998663410892531,0,0.7708928902716967
S2B_MSIL2A_20200403T064619_R020_T40RDP_20200924T210324_0001.jpg,S2B_MSIL2A_20200403T064619_R020_T40RDP_20200924T210324,0,2020-04,T40RDP,0.23410140572088672,0,0.7708928902716967
S2B_MSIL2A_20200423T064619_R020_T40RDP_20200921T193918_0000.jpg,S2B_MSIL2A_20200423T064619_R020_T40RDP_20200921T193918,1,2020-04,T40RDP,0.5202057193395745,0,0.7708928902716967
S2B_MSIL2A_20200423T064619_R020_T40RDP_20200921T193918_0001.jpg,S2B_MSIL2A_20200423T064619_R020_T40RDP_20200921T193918,1,2020-04,T40RDP,0.5487570036803628,0,0.7708928902716967
S2A_MSIL2A_20200428T064631_R020_T40RDP_20200922T100835_0000.jpg,S2A_MSIL2A_20200428T064631_R020_T40RDP_20200922T100835,1,2020-04,T40RDP,0.7972233318490988,1,0.7708928902716967
S2A_MSIL2A_20200428T064631_R020_T40RDP_20200922T100835_0001.jpg,S2A_MSIL2A_20200428T064631_R020_T40RDP_20200922T100835,1,2020-04,T40RDP,0.7204723251775774,0,0.7708928902716967
S2A_MSIL2A_20200508T064631_R020_T40RDP_20200920T234648_0000.jpg,S2A_MSIL2A_20200508T064631_R020_T40RDP_20200920T234648,0,2020-05,T40RDP,0.0901522435054424,0,0.7708928902716967
S2A_MSIL2A_20200508T064631_R020_T40RDP_20200920T234648_0001.jpg,S2A_MSIL2A_20200508T064631_R020_T40RDP_20200920T234648,0,2020-05,T40RDP,0.10068921791571162,0,0.7708928902716967
S2B_MSIL2A_20200513T064629_R020_T40RDP_20200918T015052_0000.jpg,S2B_MSIL2A_20200513T064629_R020_T40RDP_20200918T015052,0,2020-05,T40RDP,0.11439259850574755,0,0.7708928902716967
S2B_MSIL2A_20200513T064629_R020_T40RDP_20200918T015052_0001.jpg,S2B_MSIL2A_20200513T064629_R020_T40RDP_20200918T015052,0,2020-05,T40RDP,0.11082200810037866,0,0.7708928902716967
S2B_MSIL2A_20200523T064629_R020_T40RDP_20200910T171843_0000.jpg,S2B_MSIL2A_20200523T064629_R020_T40RDP_20200910T171843,1,2020-05,T40RDP,0.418871300436819,0,0.7708928902716967
S2B_MSIL2A_20200523T064629_R020_T40RDP_20200910T171843_0001.jpg,S2B_MSIL2A_20200523T064629_R020_T40RDP_20200910T171843,1,2020-05,T40RDP,0.45889316924010054,0,0.7708928902716967
S2A_MSIL2A_20200528T064631_R020_T40RDP_20200911T060604_0000.jpg,S2A_MSIL2A_20200528T064631_R020_T40RDP_20200911T060604,0,2020-05,T40RDP,0.6390105399808108,0,0.7708928902716967
S2A_MSIL2A_20200528T064631_R020_T40RDP_20200911T060604_0001.jpg,S2A_MSIL2A_20200528T064631_R020_T40RDP_20200911T060604,0,2020-05,T40RDP,0.6714781583694527,0,0.7708928902716967
S2B_MSIL2A_20200602T064629_R020_T40RDP_20200908T232059_0000.jpg,S2B_MSIL2A_20200602T064629_R020_T40RDP_20200908T232059,0,2020-06,T40RDP,0.01202017326811171,0,0.7708928902716967
S2B_MSIL2A_20200602T064629_R020_T40RDP_20200908T232059_0001.jpg,S2B_MSIL2A_20200602T064629_R020_T40RDP_20200908T232059,0,2020-06,T40RDP,0.01125186144036542,0,0.7708928902716967
S2B_MSIL2A_20200612T064629_R020_T40RDP_20200827T032518_0000.jpg,S2B_MSIL2A_20200612T064629_R020_T40RDP_20200827T032518,1,2020-06,T40RDP,0.7343482971863524,0,0.7708928902716967
S2B_MSIL2A_20200612T064629_R020_T40RDP_20200827T032518_0001.jpg,S2B_MSIL2A_20200612T064629_R020_T40RDP_20200827T032518,1,2020-06,T40RDP,0.8414603473174503,1,0.7708928902716967
S2A_MSIL2A_20200617T064631_R020_T40RDP_20200823T013151_0000.jpg,S2A_MSIL2A_20200617T064631_R020_T40RDP_20200823T013151,1,2020-06,T40RDP,0.7332321588128025,0,0.7708928902716967
S2A_MSIL2A_20200617T064631_R020_T40RDP_20200823T013151_0001.jpg,S2A_MSIL2A_20200617T064631_R020_T40RDP_20200823T013151,1,2020-06,T40RDP,0.7073144588434551,0,0.7708928902716967
S2A_MSIL2A_20200627T064631_R020_T40RDP_20200908T232057_0000.jpg,S2A_MSIL2A_20200627T064631_R020_T40RDP_20200908T232057,0,2020-06,T40RDP,0.02756838894129968,0,0.7708928902716967
S2A_MSIL2A_20200627T064631_R020_T40RDP_20200908T232057_0001.jpg,S2A_MSIL2A_20200627T064631_R020_T40RDP_20200908T232057,0,2020-06,T40RDP,0.03036972263306447,0,0.7708928902716967
S2B_MSIL2A_20200712T064629_R020_T40RDP_20200912T225615_0000.jpg,S2B_MSIL2A_20200712T064629_R020_T40RDP_20200912T225615,0,2020-07,T40RDP,0.005908557714880754,0,0.7708928902716967
S2B_MSIL2A_20200712T064629_R020_T40RDP_20200912T225615_0001.jpg,S2B_MSIL2A_20200712T064629_R020_T40RDP_20200912T225615,0,2020-07,T40RDP,0.006376784529954736,0,0.7708928902716967
S2A_MSIL2A_20200717T064631_R020_T40RDP_20200816T105654_0000.jpg,S2A_MSIL2A_20200717T064631_R020_T40RDP_20200816T105654,0,2020-07,T40RDP,0.003935097292162263,0,0.7708928902716967
S2A_MSIL2A_20200717T064631_R020_T40RDP_20200816T105654_0001.jpg,S2A_MSIL2A_20200717T064631_R020_T40RDP_20200816T105654,0,2020-07,T40RDP,0.0036292985462987944,0,0.7708928902716967
S2A_MSIL2A_20200727T064631_R020_T40RDP_20200817T172227_0000.jpg,S2A_MSIL2A_20200727T064631_R020_T40RDP_20200817T172227,0,2020-07,T40RDP,0.5905502820030264,0,0.7708928902716967
S2A_MSIL2A_20200727T064631_R020_T40RDP_20200817T172227_0001.jpg,S2A_MSIL2A_20200727T064631_R020_T40RDP_20200817T172227,0,2020-07,T40RDP,0.5340073810292417,0,0.7708928902716967
S2A_MSIL2A_20200806T064631_R020_T40RDP_20200815T045031_0000.jpg,S2A_MSIL2A_20200806T064631_R020_T40RDP_20200815T045031,1,2020-08,T40RDP,0.840219460094466,1,0.7708928902716967
S2A_MSIL2A_20200806T064631_R020_T40RDP_20200815T045031_0001.jpg,S2A_MSIL2A_20200806T064631_R020_T40RDP_20200815T045031,1,2020-08,T40RDP,0.8285036793400024,1,0.7708928902716967
S2B_MSIL2A_20200831T064629_R020_T40RDP_20200907T203947_0000.jpg,S2B_MSIL2A_20200831T064629_R020_T40RDP_20200907T203947,0,2020-08,T40RDP,0.043153811465007595,0,0.7708928902716967
S2B_MSIL2A_20200831T064629_R020_T40RDP_20200907T203947_0001.jpg,S2B_MSIL2A_20200831T064629_R020_T40RDP_20200907T203947,0,2020-08,T40RDP,0.05812503046148823,0,0.7708928902716967
S2A_MSIL2A_20200905T064631_R020_T40RDP_20200908T041703_0000.jpg,S2A_MSIL2A_20200905T064631_R020_T40RDP_20200908T041703,0,2020-09,T40RDP,1e-06,0,0.7708928902716967
S2A_MSIL2A_20200905T064631_R020_T40RDP_20200908T041703_0001.jpg,S2A_MSIL2A_20200905T064631_R020_T40RDP_20200908T041703,0,2020-09,T40RDP,1e-06,0,0.7708928902716967
S2A_MSIL2A_20200915T064631_R020_T40RDP_20200918T105421_0000.jpg,S2A_MSIL2A_20200915T064631_R020_T40RDP_20200918T105421,1,2020-09,T40RDP,0.7104243392523286,0,0.7708928902716967
S2A_MSIL2A_20200915T064631_R020_T40RDP_20200918T105421_0001.jpg,S2A_MSIL2A_20200915T064631_R020_T40RDP_20200918T105421,1,2020-09,T40RDP,0.7961829992741813,1,0.7708928902716967
S2A_MSIL2A_20200925T064631_R020_T40RDP_20200926T233117_0000.jpg,S2A_MSIL2A_20200925T064631_R020_T40RDP_20200926T233117,0,2020-09,T40RDP,0.4891968914876804,0,0.7708928902716967
S2A_MSIL2A_20200925T064631_R020_T40RDP_20200926T233117_0001.jpg,S2A_MSIL2A_20200925T064631_R020_T40RDP_20200926T233117,0,2020-09,T40RDP,0.5165317063348587,0,0.7708928902716967
S2A_MSIL2A_20201005T064741_R020_T40RDP_20201007T144803_0000.jpg,S2A_MSIL2A_20201005T064741_R020_T40RDP_20201007T144803,0,2020-10,T40RDP,0.7825392252114639,1,0.7708928902716967
S2A_MSIL2A_20201005T064741_R020_T40RDP_20201007T144803_0001.jpg,S2A_MSIL2A_20201005T064741_R020_T40RDP_20201007T144803,0,2020-10,T40RDP,0.8030693523721804,1,0.7708928902716967
S2B_MSIL2A_20201010T064809_R020_T40RDP_20201012T042755_0000.jpg,S2B_MSIL2A_20201010T064809_R020_T40RDP_20201012T042755,0,2020-10,T40RDP,0.040517644566991876,0,0.7708928902716967
S2B_MSIL2A_20201010T064809_R020_T40RDP_20201012T042755_0001.jpg,S2B_MSIL2A_20201010T064809_R020_T40RDP_20201012T042755,0,2020-10,T40RDP,0.034994492439312457,0,0.7708928902716967
S2B_MSIL2A_20201020T064919_R020_T40RDP_20201021T213850_0000.jpg,S2B_MSIL2A_20201020T064919_R020_T40RDP_20201021T213850,0,2020-10,T40RDP,0.011217437985325242,0,0.7708928902716967
S2B_MSIL2A_20201020T064919_R020_T40RDP_20201021T213850_0001.jpg,S2B_MSIL2A_20201020T064919_R020_T40RDP_20201021T213850,0,2020-10,T40RDP,0.006967277370144928,0,0.7708928902716967
S2B_MSIL2A_20201030T065019_R020_T40RDP_20201102T001742_0000.jpg,S2B_MSIL2A_20201030T065019_R020_T40RDP_20201102T001742,0,2020-10,T40RDP,0.10756698065785565,0,0.7708928902716967
S2B_MSIL2A_20201030T065019_R020_T40RDP_20201102T001742_0001.jpg,S2B_MSIL2A_20201030T065019_R020_T40RDP_20201102T001742,0,2020-10,T40RDP,0.15550814548216876,0,0.7708928902716967
S2A_MSIL2A_20201104T065051_R020_T40RDP_20201106T155819_0000.jpg,S2A_MSIL2A_20201104T065051_R020_T40RDP_20201106T155819,0,2020-11,T40RDP,0.0038643455168634803,0,0.7708928902716967
S2A_MSIL2A_20201104T065051_R020_T40RDP_20201106T155819_0001.jpg,S2A_MSIL2A_20201104T065051_R020_T40RDP_20201106T155819,0,2020-11,T40RDP,0.005737539754084287,0,0.7708928902716967
S2A_MSIL2A_20201124T065211_R020_T40RDP_20201125T090010_0000.jpg,S2A_MSIL2A_20201124T065211_R020_T40RDP_20201125T090010,0,2020-11,T40RDP,0.6884308782487147,0,0.7708928902716967
S2A_MSIL2A_20201124T065211_R020_T40RDP_20201125T090010_0001.jpg,S2A_MSIL2A_20201124T065211_R020_T40RDP_20201125T090010,0,2020-11,T40RDP,0.6915784924972939,0,0.7708928902716967
S2B_MSIL2A_20201129T065229_R020_T40RDP_20201130T074538_0000.jpg,S2B_MSIL2A_20201129T065229_R020_T40RDP_20201130T074538,0,2020-11,T40RDP,0.5967175649002888,0,0.7708928902716967
S2B_MSIL2A_20201129T065229_R020_T40RDP_20201130T074538_0001.jpg,S2B_MSIL2A_20201129T065229_R020_T40RDP_20201130T074538,0,2020-11,T40RDP,0.5279399832665446,0,0.7708928902716967
S2A_MSIL2A_20201204T065241_R020_T40RDP_20201204T182220_0000.jpg,S2A_MSIL2A_20201204T065241_R020_T40RDP_20201204T182220,0,2020-12,T40RDP,0.031382352603825776,0,0.7708928902716967
S2A_MSIL2A_20201204T065241_R020_T40RDP_20201204T182220_0001.jpg,S2A_MSIL2A_20201204T065241_R020_T40RDP_20201204T182220,0,2020-12,T40RDP,0.036749277232710674,0,0.7708928902716967
S2A_MSIL2A_20201214T065301_R020_T40RDP_20201215T204015_0000.jpg,S2A_MSIL2A_20201214T065301_R020_T40RDP_20201215T204015,0,2020-12,T40RDP,0.084770520270713,0,0.7708928902716967
S2A_MSIL2A_20201214T065301_R020_T40RDP_20201215T204015_0001.jpg,S2A_MSIL2A_20201214T065301_R020_T40RDP_20201215T204015,0,2020-12,T40RDP,0.08501596329073165,0,0.7708928902716967
S2A_MSIL2A_20201224T065311_R020_T40RDP_20201225T025427_0000.jpg,S2A_MSIL2A_20201224T065311_R020_T40RDP_20201225T025427,0,2020-12,T40RDP,0.7192306623908999,0,0.7708928902716967
S2A_MSIL2A_20201224T065311_R020_T40RDP_20201225T025427_0001.jpg,S2A_MSIL2A_20201224T065311_R020_T40RDP_20201225T025427,0,2020-12,T40RDP,0.6516237517261949,0,0.7708928902716967
S2B_MSIL2A_20201229T065259_R020_T40RDP_20201229T153105_0000.jpg,S2B_MSIL2A_20201229T065259_R020_T40RDP_20201229T153105,1,2020-12,T40RDP,0.9663792812685037,1,0.7708928902716967
S2B_MSIL2A_20201229T065259_R020_T40RDP_20201229T153105_0001.jpg,S2B_MSIL2A_20201229T065259_R020_T40RDP_20201229T153105,1,2020-12,T40RDP,0.951385702808609,1,0.7708928902716967
S2B_MSIL2A_20210108T065249_R020_T40RDP_20210108T192844_0000.jpg,S2B_MSIL2A_20210108T065249_R020_T40RDP_20210108T192844,0,2021-01,T40RDP,0.8000071303611761,1,0.7708928902716967
S2B_MSIL2A_20210108T065249_R020_T40RDP_20210108T192844_0001.jpg,S2B_MSIL2A_20210108T065249_R020_T40RDP_20210108T192844,0,2021-01,T40RDP,0.770435069254176,0,0.7708928902716967
S2A_MSIL2A_20210113T065231_R020_T40RDP_20210122T041210_0000.jpg,S2A_MSIL2A_20210113T065231_R020_T40RDP_20210122T041210,0,2021-01,T40RDP,0.3150455314436263,0,0.7708928902716967
S2A_MSIL2A_20210113T065231_R020_T40RDP_20210122T041210_0001.jpg,S2A_MSIL2A_20210113T065231_R020_T40RDP_20210122T041210,0,2021-01,T40RDP,0.4492612224342254,0,0.7708928902716967
S2B_MSIL2A_20210118T065219_R020_T40RDP_20210118T214817_0000.jpg,S2B_MSIL2A_20210118T065219_R020_T40RDP_20210118T214817,0,2021-01,T40RDP,0.03436116062317856,0,0.7708928902716967
S2B_MSIL2A_20210118T065219_R020_T40RDP_20210118T214817_0001.jpg,S2B_MSIL2A_20210118T065219_R020_T40RDP_20210118T214817,0,2021-01,T40RDP,0.03750569170247488,0,0.7708928902716967
S2B_MSIL2A_20210128T065129_R020_T40RDP_20210130T002734_0000.jpg,S2B_MSIL2A_20210128T065129_R020_T40RDP_20210130T002734,0,2021-01,T40RDP,0.0029435217669251178,0,0.7708928902716967
S2B_MSIL2A_20210128T065129_R020_T40RDP_20210130T002734_0001.jpg,S2B_MSIL2A_20210128T065129_R020_T40RDP_20210130T002734,0,2021-01,T40RDP,0.002955571082279044,0,0.7708928902716967
S2A_MSIL2A_20210202T065111_R020_T40RDP_20210202T230544_0000.jpg,S2A_MSIL2A_20210202T065111_R020_T40RDP_20210202T230544,0,2021-02,T40RDP,0.027846102682885534,0,0.7708928902716967
S2A_MSIL2A_20210202T065111_R020_T40RDP_20210202T230544_0001.jpg,S2A_MSIL2A_20210202T065111_R020_T40RDP_20210202T230544,0,2021-02,T40RDP,0.034106490022981197,0,0.7708928902716967
S2A_MSIL2A_20210212T065011_R020_T40RDP_20210213T015143_0000.jpg,S2A_MSIL2A_20210212T065011_R020_T40RDP_20210213T015143,0,2021-02,T40RDP,0.10189808149185027,0,0.7708928902716967
S2A_MSIL2A_20210212T065011_R020_T40RDP_20210213T015143_0001.jpg,S2A_MSIL2A_20210212T065011_R020_T40RDP_20210213T015143,0,2021-02,T40RDP,0.07275956527434559,0,0.7708928902716967
S2B_MSIL2A_20210217T064929_R020_T40RDP_20210219T052421_0000.jpg,S2B_MSIL2A_20210217T064929_R020_T40RDP_20210219T052421,0,2021-02,T40RDP,0.07411594028051977,0,0.7708928902716967
S2B_MSIL2A_20210217T064929_R020_T40RDP_20210219T052421_0001.jpg,S2B_MSIL2A_20210217T064929_R020_T40RDP_20210219T052421,0,2021-02,T40RDP,0.06451889809440961,0,0.7708928902716967
S2B_MSIL2A_20210227T064829_R020_T40RDP_20210227T151747_0000.jpg,S2B_MSIL2A_20210227T064829_R020_T40RDP_20210227T151747,1,2021-02,T40RDP,0.8517607333816861,1,0.7708928902716967
S2B_MSIL2A_20210227T064829_R020_T40RDP_20210227T151747_0001.jpg,S2B_MSIL2A_20210227T064829_R020_T40RDP_20210227T151747,1,2021-02,T40RDP,0.8791751385034227,1,0.7708928902716967
S2A_MSIL2A_20210304T064751_R020_T40RDP_20210304T204918_0000.jpg,S2A_MSIL2A_20210304T064751_R020_T40RDP_20210304T204918,0,2021-03,T40RDP,0.8021533693421304,1,0.7708928902716967
S2A_MSIL2A_20210304T064751_R020_T40RDP_20210304T204918_0001.jpg,S2A_MSIL2A_20210304T064751_R020_T40RDP_20210304T204918,0,2021-03,T40RDP,0.817893275240027,1,0.7708928902716967
S2B_MSIL2A_20210309T064719_R020_T40RDP_20210309T160558_0000.jpg,S2B_MSIL2A_20210309T064719_R020_T40RDP_20210309T160558,0,2021-03,T40RDP,0.406791634417344,0,0.7708928902716967
S2B_MSIL2A_20210309T064719_R020_T40RDP_20210309T160558_0001.jpg,S2B_MSIL2A_20210309T064719_R020_T40RDP_20210309T160558,0,2021-03,T40RDP,0.4167525085110545,0,0.7708928902716967
S2A_MSIL2A_20210324T064621_R020_T40RDP_20210324T162047_0000.jpg,S2A_MSIL2A_20210324T064621_R020_T40RDP_20210324T162047,0,2021-03,T40RDP,0.5310804940371632,0,0.7708928902716967
S2A_MSIL2A_20210324T064621_R020_T40RDP_20210324T162047_0001.jpg,S2A_MSIL2A_20210324T064621_R020_T40RDP_20210324T162047,0,2021-03,T40RDP,0.567277447599468,0,0.7708928902716967
S2B_MSIL2A_20210329T064619_R020_T40RDP_20210330T054006_0000.jpg,S2B_MSIL2A_20210329T064619_R020_T40RDP_20210330T054006,0,2021-03,T40RDP,0.40255697450494665,0,0.7708928902716967
S2B_MSIL2A_20210329T064619_R020_T40RDP_20210330T054006_0001.jpg,S2B_MSIL2A_20210329T064619_R020_T40RDP_20210330T054006,0,2021-03,T40RDP,0.38893311183204277,0,0.7708928902716967
S2B_MSIL2A_20210408T064619_R020_T40RDP_20210408T201535_0000.jpg,S2B_MSIL2A_20210408T064619_R020_T40RDP_20210408T201535,0,2021-04,T40RDP,0.39007976211341894,0,0.7708928902716967
S2B_MSIL2A_20210408T064619_R020_T40RDP_20210408T201535_0001.jpg,S2B_MSIL2A_20210408T064619_R020_T40RDP_20210408T201535,0,2021-04,T40RDP,0.34618505761632695,0,0.7708928902716967
S2A_MSIL2A_20210413T064621_R020_T40RDP_20210414T053249_0000.jpg,S2A_MSIL2A_20210413T064621_R020_T40RDP_20210414T053249,0,2021-04,T40RDP,0.48921477574695144,0,0.7708928902716967
S2A_MSIL2A_20210413T064621_R020_T40RDP_20210414T053249_0001.jpg,S2A_MSIL2A_20210413T064621_R020_T40RDP_20210414T053249,0,2021-04,T40RDP,0.4583344444987943,0,0.7708928902716967
S2A_MSIL2A_20210513T064621_R020_T40RDP_20210514T123915_0000.jpg,S2A_MSIL2A_20210513T064621_R020_T40RDP_20210514T123915,1,2021-05,T40RDP,0.931473446071326,1,0.7708928902716967
S2A_MSIL2A_20210513T064621_R020_T40RDP_20210514T123915_0001.jpg,S2A_MSIL2A_20210513T064621_R020_T40RDP_20210514T123915,1,2021-05,T40RDP,0.9179192993032885,1,0.7708928902716967
S2B_MSIL2A_20210528T064629_R020_T40RDP_20210529T000758_0000.jpg,S2B_MSIL2A_20210528T064629_R020_T40RDP_20210529T000758,0,2021-05,T40RDP,0.4553029719411583,0,0.7708928902716967
S2B_MSIL2A_20210528T064629_R020_T40RDP_20210529T000758_0001.jpg,S2B_MSIL2A_20210528T064629_R020_T40RDP_20210529T000758,0,2021-05,T40RDP,0.43327305700616964,0,0.7708928902716967
S2A_MSIL2A_20210602T064631_R020_T40RDP_20210602T212018_0000.jpg,S2A_MSIL2A_20210602T064631_R020_T40RDP_20210602T212018,0,2021-06,T40RDP,0.1485728394718879,0,0.7708928902716967
S2A_MSIL2A_20210602T064631_R020_T40RDP_20210602T212018_0001.jpg,S2A_MSIL2A_20210602T064631_R020_T40RDP_20210602T212018,0,2021-06,T40RDP,0.1592066267142753,0,0.7708928902716967
S2A_MSIL2A_20210612T064621_R020_T40RDP_20210614T150758_0000.jpg,S2A_MSIL2A_20210612T064621_R020_T40RDP_20210614T150758,1,2021-06,T40RDP,0.6199795733067315,0,0.7708928902716967
S2A_MSIL2A_20210612T064621_R020_T40RDP_20210614T150758_0001.jpg,S2A_MSIL2A_20210612T064621_R020_T40RDP_20210614T150758,1,2021-06,T40RDP,0.5496491858014256,0,0.7708928902716967
S2B_MSIL2A_20210617T064629_R020_T40RDP_20210617T170925_0000.jpg,S2B_MSIL2A_20210617T064629_R020_T40RDP_20210617T170925,1,2021-06,T40RDP,0.7905013281537983,1,0.7708928902716967
S2B_MSIL2A_20210617T064629_R020_T40RDP_20210617T170925_0001.jpg,S2B_MSIL2A_20210617T064629_R020_T40RDP_20210617T170925,1,2021-06,T40RDP,0.821940858121028,1,0.7708928902716967
S2B_MSIL2A_20210627T064629_R020_T40RDP_20210627T212742_0000.jpg,S2B_MSIL2A_20210627T064629_R020_T40RDP_20210627T212742,0,2021-06,T40RDP,0.05096752682714732,0,0.7708928902716967
S2B_MSIL2A_20210627T064629_R020_T40RDP_20210627T212742_0001.jpg,S2B_MSIL2A_20210627T064629_R020_T40RDP_20210627T212742,0,2021-06,T40RDP,0.049358245263939005,0,0.7708928902716967
S2A_MSIL2A_20210702T064631_R020_T40RDP_20210702T202316_0000.jpg,S2A_MSIL2A_20210702T064631_R020_T40RDP_20210702T202316,0,2021-07,T40RDP,0.07168626965174611,0,0.7708928902716967
S2A_MSIL2A_20210702T064631_R020_T40RDP_20210702T202316_0001.jpg,S2A_MSIL2A_20210702T064631_R020_T40RDP_20210702T202316,0,2021-07,T40RDP,0.0823192861422252,0,0.7708928902716967
S2A_MSIL2A_20210722T064631_R020_T40RDP_20210722T180746_0000.jpg,S2A_MSIL2A_20210722T064631_R020_T40RDP_20210722T180746,0,2021-07,T40RDP,0.21620298155748405,0,0.7708928902716967
S2A_MSIL2A_20210722T064631_R020_T40RDP_20210722T180746_0001.jpg,S2A_MSIL2A_20210722T064631_R020_T40RDP_20210722T180746,0,2021-07,T40RDP,0.21880828738193847,0,0.7708928902716967
S2B_MSIL2A_20210826T064619_R020_T40RDP_20210826T175151_0000.jpg,S2B_MSIL2A_20210826T064619_R020_T40RDP_20210826T175151,0,2021-08,T40RDP,0.1713516575974724,0,0.7708928902716967
S2B_MSIL2A_20210826T064619_R020_T40RDP_20210826T175151_0001.jpg,S2B_MSIL2A_20210826T064619_R020_T40RDP_20210826T175151,0,2021-08,T40RDP,0.2062966674408195,0,0.7708928902716967
S2B_MSIL2A_20210915T064619_R020_T40RDP_20210915T193943_0000.jpg,S2B_MSIL2A_20210915T064619_R020_T40RDP_20210915T193943,0,2021-09,T40RDP,0.10039292988252857,0,0.7708928902716967
S2B_MSIL2A_20210915T064619_R020_T40RDP_20210915T193943_0001.jpg,S2B_MSIL2A_20210915T064619_R020_T40RDP_20210915T193943,0,2021-09,T40RDP,0.09520406048257249,0,0.7708928902716967
S2A_MSIL2A_20210920T064631_R020_T40RDP_20210920T182154_0000.jpg,S2A_MSIL2A_20210920T064631_R020_T40RDP_20210920T182154,0,2021-09,T40RDP,0.3524776766719959,0,0.7708928902716967
S2A_MSIL2A_20210920T064631_R020_T40RDP_20210920T182154_0001.jpg,S2A_MSIL2A_20210920T064631_R020_T40RDP_20210920T182154,0,2021-09,T40RDP,0.4056449400265994,0,0.7708928902716967
S2B_MSIL2A_20211005T064729_R020_T40RDP_20211005T184517_0000.jpg,S2B_MSIL2A_20211005T064729_R020_T40RDP_20211005T184517,1,2021-10,T40RDP,0.31407149876011453,0,0.7708928902716967
S2B_MSIL2A_20211005T064729_R020_T40RDP_20211005T184517_0001.jpg,S2B_MSIL2A_20211005T064729_R020_T40RDP_20211005T184517,1,2021-10,T40RDP,0.3345794932828999,0,0.7708928902716967
S2B_MSIL2A_20211104T065039_R020_T40RDP_20211110T203100_0000.jpg,S2B_MSIL2A_20211104T065039_R020_T40RDP_20211110T203100,0,2021-11,T40RDP,0.28849294548330207,0,0.7708928902716967
S2B_MSIL2A_20211104T065039_R020_T40RDP_20211110T203100_0001.jpg,S2B_MSIL2A_20211104T065039_R020_T40RDP_20211110T203100,0,2021-11,T40RDP,0.2932587267053938,0,0.7708928902716967
S2B_MSIL2A_20211114T065129_R020_T40RDP_20211114T163648_0000.jpg,S2B_MSIL2A_20211114T065129_R020_T40RDP_20211114T163648,0,2021-11,T40RDP,0.13397513721597648,0,0.7708928902716967
S2B_MSIL2A_20211114T065129_R020_T40RDP_20211114T163648_0001.jpg,S2B_MSIL2A_20211114T065129_R020_T40RDP_20211114T163648,0,2021-11,T40RDP,0.1475337212322292,0,0.7708928902716967
S2B_MSIL2A_20211124T065159_R020_T40RDP_20211124T175021_0000.jpg,S2B_MSIL2A_20211124T065159_R020_T40RDP_20211124T175021,0,2021-11,T40RDP,0.07623377082959504,0,0.7708928902716967
S2B_MSIL2A_20211124T065159_R020_T40RDP_20211124T175021_0001.jpg,S2B_MSIL2A_20211124T065159_R020_T40RDP_20211124T175021,0,2021-11,T40RDP,0.13032863694284147,0,0.7708928902716967
S2A_MSIL2A_20211129T065231_R020_T40RDP_20211130T021011_0000.jpg,S2A_MSIL2A_20211129T065231_R020_T40RDP_20211130T021011,0,2021-11,T40RDP,0.6007556646791127,0,0.7708928902716967
S2A_MSIL2A_20211129T065231_R020_T40RDP_20211130T021011_0001.jpg,S2A_MSIL2A_20211129T065231_R020_T40RDP_20211130T021011,0,2021-11,T40RDP,0.5007157185502917,0,0.7708928902716967
S2B_MSIL2A_20211204T065239_R020_T40RDP_20211204T202252_0000.jpg,S2B_MSIL2A_20211204T065239_R020_T40RDP_20211204T202252,0,2021-12,T40RDP,0.10671492890607483,0,0.7708928902716967
S2B_MSIL2A_20211204T065239_R020_T40RDP_20211204T202252_0001.jpg,S2B_MSIL2A_20211204T065239_R020_T40RDP_20211204T202252,0,2021-12,T40RDP,0.1183931588017596,0,0.7708928902716967
S2B_MSIL2A_20211224T065309_R020_T40RDP_20211224T211558_0000.jpg,S2B_MSIL2A_20211224T065309_R020_T40RDP_20211224T211558,1,2021-12,T40RDP,0.7514929413296493,0,0.7708928902716967
S2B_MSIL2A_20211224T065309_R020_T40RDP_20211224T211558_0001.jpg,S2B_MSIL2A_20211224T065309_R020_T40RDP_20211224T211558,1,2021-12,T40RDP,0.7928112668621372,1,0.7708928902716967
S2A_MSIL2A_20220108T065251_R020_T40RDP_20220111T051244_0000.jpg,S2A_MSIL2A_20220108T065251_R020_T40RDP_20220111T051244,0,2022-01,T40RDP,0.004977221082135537,0,0.7708928902716967
S2A_MSIL2A_20220108T065251_R020_T40RDP_20220111T051244_0001.jpg,S2A_MSIL2A_20220108T065251_R020_T40RDP_20220111T051244,0,2022-01,T40RDP,0.0036650689626924965,0,0.7708928902716967
S2B_MSIL2A_20220113T065229_R020_T40RDP_20220113T164556_0000.jpg,S2B_MSIL2A_20220113T065229_R020_T40RDP_20220113T164556,0,2022-01,T40RDP,0.12664738447622445,0,0.7708928902716967
S2B_MSIL2A_20220113T065229_R020_T40RDP_20220113T164556_0001.jpg,S2B_MSIL2A_20220113T065229_R020_T40RDP_20220113T164556,0,2022-01,T40RDP,0.12909077614801948,0,0.7708928902716967
S2B_MSIL2A_20220123T065149_R020_T40RDP_20220123T212614_0000.jpg,S2B_MSIL2A_20220123T065149_R020_T40RDP_20220123T212614,1,2022-01,T40RDP,0.7208946114777695,0,0.7708928902716967
S2B_MSIL2A_20220123T065149_R020_T40RDP_20220123T212614_0001.jpg,S2B_MSIL2A_20220123T065149_R020_T40RDP_20220123T212614,1,2022-01,T40RDP,0.6994036066955752,0,0.7708928902716967
S2B_MSIL2A_20220202T065109_R020_T40RDP_20220217T143849_0000.jpg,S2B_MSIL2A_20220202T065109_R020_T40RDP_20220217T143849,0,2022-02,T40RDP,0.8920057284990623,1,0.7708928902716967
S2B_MSIL2A_20220202T065109_R020_T40RDP_20220217T143849_0001.jpg,S2B_MSIL2A_20220202T065109_R020_T40RDP_20220217T143849,0,2022-02,T40RDP,0.8938651837789863,1,0.7708928902716967
S2B_MSIL2A_20220212T065009_R020_T40RDP_20220222T053424_0000.jpg,S2B_MSIL2A_20220212T065009_R020_T40RDP_20220222T053424,1,2022-02,T40RDP,0.641433555194055,0,0.7708928902716967
S2B_MSIL2A_20220212T065009_R020_T40RDP_20220222T053424_0001.jpg,S2B_MSIL2A_20220212T065009_R020_T40RDP_20220222T053424,1,2022-02,T40RDP,0.7359254570623672,0,0.7708928902716967
S2A_MSIL2A_20220227T064831_R020_T40RDP_20220302T170652_0000.jpg,S2A_MSIL2A_20220227T064831_R020_T40RDP_20220302T170652,0,2022-02,T40RDP,0.17736947634729172,0,0.7708928902716967
S2A_MSIL2A_20220227T064831_R020_T40RDP_20220302T170652_0001.jpg,S2A_MSIL2A_20220227T064831_R020_T40RDP_20220302T170652,0,2022-02,T40RDP,0.1763768125715329,0,0.7708928902716967
S2B_MSIL2A_20220314T064639_R020_T40RDP_20240526T072428_0000.jpg,S2B_MSIL2A_20220314T064639_R020_T40RDP_20240526T072428,0,2022-03,T40RDP,0.8074221435126593,1,0.7708928902716967
S2B_MSIL2A_20220314T064639_R020_T40RDP_20240526T072428_0001.jpg,S2B_MSIL2A_20220314T064639_R020_T40RDP_20240526T072428,0,2022-03,T40RDP,0.7539847763247018,0,0.7708928902716967
S2B_MSIL2A_20220324T064619_R020_T40RDP_20220324T202535_0000.jpg,S2B_MSIL2A_20220324T064619_R020_T40RDP_20220324T202535,0,2022-03,T40RDP,0.017155700151426225,0,0.7708928902716967
S2B_MSIL2A_20220324T064619_R020_T40RDP_20220324T202535_0001.jpg,S2B_MSIL2A_20220324T064619_R020_T40RDP_20220324T202535,0,2022-03,T40RDP,0.01881900325508691,0,0.7708928902716967
S2A_MSIL2A_20220329T064631_R020_T40RDP_20240530T191803_0000.jpg,S2A_MSIL2A_20220329T064631_R020_T40RDP_20240530T191803,0,2022-03,T40RDP,0.063297994332663,0,0.7708928902716967
S2A_MSIL2A_20220329T064631_R020_T40RDP_20240530T191803_0001.jpg,S2A_MSIL2A_20220329T064631_R020_T40RDP_20240530T191803,0,2022-03,T40RDP,0.05998691787134324,0,0.7708928902716967
S2A_MSIL2A_20220408T064631_R020_T40RDP_20220408T184847_0000.jpg,S2A_MSIL2A_20220408T064631_R020_T40RDP_20220408T184847,0,2022-04,T40RDP,7.586957136896986e-06,0,0.7708928902716967
S2A_MSIL2A_20220408T064631_R020_T40RDP_20220408T184847_0001.jpg,S2A_MSIL2A_20220408T064631_R020_T40RDP_20220408T184847,0,2022-04,T40RDP,1.0681906426660138e-05,0,0.7708928902716967
S2B_MSIL2A_20220413T064619_R020_T40RDP_20220414T012444_0000.jpg,S2B_MSIL2A_20220413T064619_R020_T40RDP_20220414T012444,0,2022-04,T40RDP,2.84958133026926e-06,0,0.7708928902716967
S2B_MSIL2A_20220413T064619_R020_T40RDP_20220414T012444_0001.jpg,S2B_MSIL2A_20220413T064619_R020_T40RDP_20220414T012444,0,2022-04,T40RDP,2.9498551072951586e-06,0,0.7708928902716967
S2B_MSIL2A_20220423T064619_R020_T40RDP_20240608T175630_0000.jpg,S2B_MSIL2A_20220423T064619_R020_T40RDP_20240608T175630,1,2022-04,T40RDP,0.8619606769218212,1,0.7708928902716967
S2B_MSIL2A_20220423T064619_R020_T40RDP_20240608T175630_0001.jpg,S2B_MSIL2A_20220423T064619_R020_T40RDP_20240608T175630,1,2022-04,T40RDP,0.8864917191047407,1,0.7708928902716967
S2A_MSIL2A_20220428T064631_R020_T40RDP_20220429T020418_0000.jpg,S2A_MSIL2A_20220428T064631_R020_T40RDP_20220429T020418,1,2022-04,T40RDP,0.9169870392077708,1,0.7708928902716967
S2A_MSIL2A_20220428T064631_R020_T40RDP_20220429T020418_0001.jpg,S2A_MSIL2A_20220428T064631_R020_T40RDP_20220429T020418,1,2022-04,T40RDP,0.9132209162605033,1,0.7708928902716967
S2B_MSIL2A_20220503T064619_R020_T40RDP_20220503T220214_0000.jpg,S2B_MSIL2A_20220503T064619_R020_T40RDP_20220503T220214,0,2022-05,T40RDP,0.5498976782972348,0,0.7708928902716967
S2B_MSIL2A_20220503T064619_R020_T40RDP_20220503T220214_0001.jpg,S2B_MSIL2A_20220503T064619_R020_T40RDP_20220503T220214,0,2022-05,T40RDP,0.576817324662625,0,0.7708928902716967
S2B_MSIL2A_20220513T064619_R020_T40RDP_20240613T170011_0000.jpg,S2B_MSIL2A_20220513T064619_R020_T40RDP_20240613T170011,0,2022-05,T40RDP,2.5131841360431084e-06,0,0.7708928902716967
S2B_MSIL2A_20220513T064619_R020_T40RDP_20240613T170011_0001.jpg,S2B_MSIL2A_20220513T064619_R020_T40RDP_20240613T170011,0,2022-05,T40RDP,1.8469370642647514e-06,0,0.7708928902716967
S2A_MSIL2A_20220518T064631_R020_T40RDP_20220520T052740_0000.jpg,S2A_MSIL2A_20220518T064631_R020_T40RDP_20220520T052740,0,2022-05,T40RDP,0.2911893186333983,0,0.7708928902716967
S2A_MSIL2A_20220518T064631_R020_T40RDP_20220520T052740_0001.jpg,S2A_MSIL2A_20220518T064631_R020_T40RDP_20220520T052740,0,2022-05,T40RDP,0.2808129612175093,0,0.7708928902716967
S2A_MSIL2A_20220528T064631_R020_T40RDP_20240629T015931_0000.jpg,S2A_MSIL2A_20220528T064631_R020_T40RDP_20240629T015931,1,2022-05,T40RDP,0.9897092622545983,1,0.7708928902716967
S2A_MSIL2A_20220528T064631_R020_T40RDP_20240629T015931_0001.jpg,S2A_MSIL2A_20220528T064631_R020_T40RDP_20240629T015931,1,2022-05,T40RDP,0.987209001132498,1,0.7708928902716967
S2B_MSIL2A_20220602T064629_R020_T40RDP_20240619T144519_0000.jpg,S2B_MSIL2A_20220602T064629_R020_T40RDP_20240619T144519,0,2022-06,T40RDP,0.19495957621141957,0,0.7708928902716967
S2B_MSIL2A_20220602T064629_R020_T40RDP_20240619T144519_0001.jpg,S2B_MSIL2A_20220602T064629_R020_T40RDP_20240619T144519,0,2022-06,T40RDP,0.394555226637273,0,0.7708928902716967
S2B_MSIL2A_20220622T064629_R020_T40RDP_20220622T162812_0000.jpg,S2B_MSIL2A_20220622T064629_R020_T40RDP_20220622T162812,0,2022-06,T40RDP,0.31729951384964367,0,0.7708928902716967
S2B_MSIL2A_20220622T064629_R020_T40RDP_20220622T162812_0001.jpg,S2B_MSIL2A_20220622T064629_R020_T40RDP_20220622T162812,0,2022-06,T40RDP,0.40882721386394516,0,0.7708928902716967
S2B_MSIL2A_20220702T064629_R020_T40RDP_20220702T192355_0000.jpg,S2B_MSIL2A_20220702T064629_R020_T40RDP_20220702T192355,0,2022-07,T40RDP,0.09360514975927335,0,0.7708928902716967
S2B_MSIL2A_20220702T064629_R020_T40RDP_20220702T192355_0001.jpg,S2B_MSIL2A_20220702T064629_R020_T40RDP_20220702T192355,0,2022-07,T40RDP,0.11625962606688012,0,0.7708928902716967
S2B_MSIL2A_20220712T064629_R020_T40RDP_20220713T172255_0000.jpg,S2B_MSIL2A_20220712T064629_R020_T40RDP_20220713T172255,0,2022-07,T40RDP,0.8746655809167763,1,0.7708928902716967
S2B_MSIL2A_20220712T064629_R020_T40RDP_20220713T172255_0001.jpg,S2B_MSIL2A_20220712T064629_R020_T40RDP_20220713T172255,0,2022-07,T40RDP,0.8886861956051383,1,0.7708928902716967
S2B_MSIL2A_20220811T064629_R020_T40RDP_20220812T033521_0000.jpg,S2B_MSIL2A_20220811T064629_R020_T40RDP_20220812T033521,0,2022-08,T40RDP,0.022808094785536786,0,0.7708928902716967
S2B_MSIL2A_20220811T064629_R020_T40RDP_20220812T033521_0001.jpg,S2B_MSIL2A_20220811T064629_R020_T40RDP_20220812T033521,0,2022-08,T40RDP,0.021763573843537186,0,0.7708928902716967
S2B_MSIL2A_20220821T064629_R020_T40RDP_20240704T040858_0000.jpg,S2B_MSIL2A_20220821T064629_R020_T40RDP_20240704T040858,0,2022-08,T40RDP,0.6478958550955735,0,0.7708928902716967
S2B_MSIL2A_20220821T064629_R020_T40RDP_20240704T040858_0001.jpg,S2B_MSIL2A_20220821T064629_R020_T40RDP_20240704T040858,0,2022-08,T40RDP,0.7126421594189757,0,0.7708928902716967
S2B_MSIL2A_20220831T064629_R020_T40RDP_20220901T073019_0000.jpg,S2B_MSIL2A_20220831T064629_R020_T40RDP_20220901T073019,0,2022-08,T40RDP,0.40279785484595926,0,0.7708928902716967
S2B_MSIL2A_20220831T064629_R020_T40RDP_20220901T073019_0001.jpg,S2B_MSIL2A_20220831T064629_R020_T40RDP_20220901T073019,0,2022-08,T40RDP,0.3633007884910765,0,0.7708928902716967
S2B_MSIL2A_20220910T064629_R020_T40RDP_20220911T222605_0000.jpg,S2B_MSIL2A_20220910T064629_R020_T40RDP_20220911T222605,0,2022-09,T40RDP,0.01559049744999572,0,0.7708928902716967
S2B_MSIL2A_20220910T064629_R020_T40RDP_20220911T222605_0001.jpg,S2B_MSIL2A_20220910T064629_R020_T40RDP_20220911T222605,0,2022-09,T40RDP,0.01595538537402444,0,0.7708928902716967
S2B_MSIL2A_20220920T064629_R020_T40RDP_20240728T021039_0000.jpg,S2B_MSIL2A_20220920T064629_R020_T40RDP_20240728T021039,1,2022-09,T40RDP,0.9394282009652654,1,0.7708928902716967
S2B_MSIL2A_20220920T064629_R020_T40RDP_20240728T021039_0001.jpg,S2B_MSIL2A_20220920T064629_R020_T40RDP_20240728T021039,1,2022-09,T40RDP,0.9582871873462094,1,0.7708928902716967
S2A_MSIL2A_20221005T064741_R020_T40RDP_20221005T231447_0000.jpg,S2A_MSIL2A_20221005T064741_R020_T40RDP_20221005T231447,1,2022-10,T40RDP,0.8860659911240528,1,0.7708928902716967
S2A_MSIL2A_20221005T064741_R020_T40RDP_20221005T231447_0001.jpg,S2A_MSIL2A_20221005T064741_R020_T40RDP_20221005T231447,1,2022-10,T40RDP,0.7737276638362172,1,0.7708928902716967
S2B_MSIL2A_20221010T064759_R020_T40RDP_20221010T171637_0000.jpg,S2B_MSIL2A_20221010T064759_R020_T40RDP_20221010T171637,0,2022-10,T40RDP,0.09039203637701708,0,0.7708928902716967
S2B_MSIL2A_20221010T064759_R020_T40RDP_20221010T171637_0001.jpg,S2B_MSIL2A_20221010T064759_R020_T40RDP_20221010T171637,0,2022-10,T40RDP,0.11443510599511479,0,0.7708928902716967
S2B_MSIL2A_20221020T064909_R020_T40RDP_20221020T150922_0000.jpg,S2B_MSIL2A_20221020T064909_R020_T40RDP_20221020T150922,0,2022-10,T40RDP,0.0017273832254199454,0,0.7708928902716967
S2B_MSIL2A_20221020T064909_R020_T40RDP_20221020T150922_0001.jpg,S2B_MSIL2A_20221020T064909_R020_T40RDP_20221020T150922,0,2022-10,T40RDP,0.0007925539287558182,0,0.7708928902716967
S2A_MSIL2A_20221114T065131_R020_T40RDP_20221114T201831_0000.jpg,S2A_MSIL2A_20221114T065131_R020_T40RDP_20221114T201831,0,2022-11,T40RDP,0.8853831708435697,1,0.7708928902716967
S2A_MSIL2A_20221114T065131_R020_T40RDP_20221114T201831_0001.jpg,S2A_MSIL2A_20221114T065131_R020_T40RDP_20221114T201831,0,2022-11,T40RDP,0.9187479099418226,1,0.7708928902716967
S2A_MSIL2A_20221124T065201_R020_T40RDP_20221125T124758_0000.jpg,S2A_MSIL2A_20221124T065201_R020_T40RDP_20221125T124758,0,2022-11,T40RDP,0.05703686781527314,0,0.7708928902716967
S2A_MSIL2A_20221124T065201_R020_T40RDP_20221125T124758_0001.jpg,S2A_MSIL2A_20221124T065201_R020_T40RDP_20221125T124758,0,2022-11,T40RDP,0.061003916231294426,0,0.7708928902716967
S2B_MSIL2A_20221129T065229_R020_T40RDP_20221130T205134_0000.jpg,S2B_MSIL2A_20221129T065229_R020_T40RDP_20221130T205134,0,2022-11,T40RDP,0.34740638733541745,0,0.7708928902716967
S2B_MSIL2A_20221129T065229_R020_T40RDP_20221130T205134_0001.jpg,S2B_MSIL2A_20221129T065229_R020_T40RDP_20221130T205134,0,2022-11,T40RDP,0.40962971206537946,0,0.7708928902716967
S2A_MSIL2A_20221214T065301_R020_T40RDP_20221214T163439_0000.jpg,S2A_MSIL2A_20221214T065301_R020_T40RDP_20221214T163439,0,2022-12,T40RDP,0.015402886613151093,0,0.7708928902716967
S2A_MSIL2A_20221214T065301_R020_T40RDP_20221214T163439_0001.jpg,S2A_MSIL2A_20221214T065301_R020_T40RDP_20221214T163439,0,2022-12,T40RDP,0.018011400771184093,0,0.7708928902716967
S2B_MSIL2A_20221219T065309_R020_T40RDP_20221220T000640_0000.jpg,S2B_MSIL2A_20221219T065309_R020_T40RDP_20221220T000640,1,2022-12,T40RDP,0.931719940580144,1,0.7708928902716967
S2B_MSIL2A_20221219T065309_R020_T40RDP_20221220T000640_0001.jpg,S2B_MSIL2A_20221219T065309_R020_T40RDP_20221220T000640,1,2022-12,T40RDP,0.9361855785948564,1,0.7708928902716967
S2A_MSIL2A_20230113T065231_R020_T40RDP_20230113T221234_0000.jpg,S2A_MSIL2A_20230113T065231_R020_T40RDP_20230113T221234,1,2023-01,T40RDP,0.9217524604282573,1,0.7708928902716967
S2B_MSIL2A_20230128T065129_R020_T40RDP_20230129T191033_0000.jpg,S2B_MSIL2A_20230128T065129_R020_T40RDP_20230129T191033,0,2023-01,T40RDP,0.005062073783474536,0,0.7708928902716967
S2B_MSIL2A_20230128T065129_R020_T40RDP_20230129T191033_0001.jpg,S2B_MSIL2A_20230128T065129_R020_T40RDP_20230129T191033,0,2023-01,T40RDP,0.00591075382218396,0,0.7708928902716967
S2B_MSIL2A_20230207T065039_R020_T40RDP_20230208T043016_0000.jpg,S2B_MSIL2A_20230207T065039_R020_T40RDP_20230208T043016,0,2023-02,T40RDP,0.39490904614904687,0,0.7708928902716967
S2B_MSIL2A_20230207T065039_R020_T40RDP_20230208T043016_0001.jpg,S2B_MSIL2A_20230207T065039_R020_T40RDP_20230208T043016,0,2023-02,T40RDP,0.540773811528808,0,0.7708928902716967
S2A_MSIL2A_20230212T065011_R020_T40RDP_20240814T114255_0000.jpg,S2A_MSIL2A_20230212T065011_R020_T40RDP_20240814T114255,0,2023-02,T40RDP,0.22059378199731416,0,0.7708928902716967
S2A_MSIL2A_20230212T065011_R020_T40RDP_20240814T114255_0001.jpg,S2A_MSIL2A_20230212T065011_R020_T40RDP_20240814T114255,0,2023-02,T40RDP,0.22960302484435438,0,0.7708928902716967
S2B_MSIL2A_20230217T064939_R020_T40RDP_20230218T005027_0000.jpg,S2B_MSIL2A_20230217T064939_R020_T40RDP_20230218T005027,0,2023-02,T40RDP,0.24662054266003883,0,0.7708928902716967
S2B_MSIL2A_20230217T064939_R020_T40RDP_20230218T005027_0001.jpg,S2B_MSIL2A_20230217T064939_R020_T40RDP_20230218T005027,0,2023-02,T40RDP,0.33317472735313153,0,0.7708928902716967
S2B_MSIL2A_20230227T064829_R020_T40RDP_20230301T091442_0000.jpg,S2B_MSIL2A_20230227T064829_R020_T40RDP_20230301T091442,0,2023-02,T40RDP,0.06869987386499843,0,0.7708928902716967
S2B_MSIL2A_20230227T064829_R020_T40RDP_20230301T091442_0001.jpg,S2B_MSIL2A_20230227T064829_R020_T40RDP_20230301T091442,0,2023-02,T40RDP,0.07734115961961786,0,0.7708928902716967
S2A_MSIL2A_20230304T064751_R020_T40RDP_20230304T123749_0000.jpg,S2A_MSIL2A_20230304T064751_R020_T40RDP_20230304T123749,1,2023-03,T40RDP,0.5169873966605507,0,0.7708928902716967
S2A_MSIL2A_20230304T064751_R020_T40RDP_20230304T123749_0001.jpg,S2A_MSIL2A_20230304T064751_R020_T40RDP_20230304T123749,1,2023-03,T40RDP,0.48249374033250836,0,0.7708928902716967
S2B_MSIL2A_20230309T064719_R020_T40RDP_20230309T122025_0000.jpg,S2B_MSIL2A_20230309T064719_R020_T40RDP_20230309T122025,0,2023-03,T40RDP,0.0986956516245633,0,0.7708928902716967
S2B_MSIL2A_20230309T064719_R020_T40RDP_20230309T122025_0001.jpg,S2B_MSIL2A_20230309T064719_R020_T40RDP_20230309T122025,0,2023-03,T40RDP,0.1077558573576428,0,0.7708928902716967
S2B_MSIL2A_20230329T064629_R020_T40RDP_20240823T165234_0000.jpg,S2B_MSIL2A_20230329T064629_R020_T40RDP_20240823T165234,1,2023-03,T40RDP,0.46671020459529977,0,0.7708928902716967
S2B_MSIL2A_20230329T064629_R020_T40RDP_20240823T165234_0001.jpg,S2B_MSIL2A_20230329T064629_R020_T40RDP_20240823T165234,1,2023-03,T40RDP,0.4581511014760208,0,0.7708928902716967
S2A_MSIL2A_20230403T064621_R020_T40RDP_20230403T120128_0000.jpg,S2A_MSIL2A_20230403T064621_R020_T40RDP_20230403T120128,1,2023-04,T40RDP,0.3318267255228263,0,0.7708928902716967
S2A_MSIL2A_20230403T064621_R020_T40RDP_20230403T120128_0001.jpg,S2A_MSIL2A_20230403T064621_R020_T40RDP_20230403T120128,1,2023-04,T40RDP,0.22826960882244432,0,0.7708928902716967
S2B_MSIL2A_20230428T064629_R020_T40RDP_20230428T123157_0000.jpg,S2B_MSIL2A_20230428T064629_R020_T40RDP_20230428T123157,1,2023-04,T40RDP,0.8862145345079645,1,0.7708928902716967
S2B_MSIL2A_20230428T064629_R020_T40RDP_20230428T123157_0001.jpg,S2B_MSIL2A_20230428T064629_R020_T40RDP_20230428T123157,1,2023-04,T40RDP,0.9502418567142032,1,0.7708928902716967
S2A_MSIL2A_20230513T064621_R020_T40RDP_20230513T153330_0000.jpg,S2A_MSIL2A_20230513T064621_R020_T40RDP_20230513T153330,0,2023-05,T40RDP,0.01342153433734995,0,0.7708928902716967
S2A_MSIL2A_20230513T064621_R020_T40RDP_20230513T153330_0001.jpg,S2A_MSIL2A_20230513T064621_R020_T40RDP_20230513T153330,0,2023-05,T40RDP,0.017593253512238657,0,0.7708928902716967
S2B_MSIL2A_20230518T064629_R020_T40RDP_20240905T010301_0000.jpg,S2B_MSIL2A_20230518T064629_R020_T40RDP_20240905T010301,0,2023-05,T40RDP,0.043538584739465286,0,0.7708928902716967
S2B_MSIL2A_20230518T064629_R020_T40RDP_20240905T010301_0001.jpg,S2B_MSIL2A_20230518T064629_R020_T40RDP_20240905T010301,0,2023-05,T40RDP,0.04301532772485937,0,0.7708928902716967
S2B_MSIL2A_20230528T064629_R020_T40RDP_20240908T011647_0000.jpg,S2B_MSIL2A_20230528T064629_R020_T40RDP_20240908T011647,1,2023-05,T40RDP,0.6371413127737845,0,0.7708928902716967
S2B_MSIL2A_20230528T064629_R020_T40RDP_20240908T011647_0001.jpg,S2B_MSIL2A_20230528T064629_R020_T40RDP_20240908T011647,1,2023-05,T40RDP,0.7263765454406644,0,0.7708928902716967
S2A_MSIL2A_20230622T064631_R020_T40RDP_20230622T152445_0000.jpg,S2A_MSIL2A_20230622T064631_R020_T40RDP_20230622T152445,0,2023-06,T40RDP,0.06212791782928156,0,0.7708928902716967
S2A_MSIL2A_20230622T064631_R020_T40RDP_20230622T152445_0001.jpg,S2A_MSIL2A_20230622T064631_R020_T40RDP_20230622T152445,0,2023-06,T40RDP,0.04083172159450411,0,0.7708928902716967
S2A_MSIL2A_20230702T064631_R020_T40RDP_20241013T160844_0000.jpg,S2A_MSIL2A_20230702T064631_R020_T40RDP_20241013T160844,0,2023-07,T40RDP,0.004179981560849038,0,0.7708928902716967
S2A_MSIL2A_20230702T064631_R020_T40RDP_20241013T160844_0001.jpg,S2A_MSIL2A_20230702T064631_R020_T40RDP_20241013T160844,0,2023-07,T40RDP,0.005895480321757062,0,0.7708928902716967
S2A_MSIL2A_20230712T064631_R020_T40RDP_20241013T192851_0000.jpg,S2A_MSIL2A_20230712T064631_R020_T40RDP_20241013T192851,1,2023-07,T40RDP,0.20351015981492895,0,0.7708928902716967
S2A_MSIL2A_20230712T064631_R020_T40RDP_20241013T192851_0001.jpg,S2A_MSIL2A_20230712T064631_R020_T40RDP_20241013T192851,1,2023-07,T40RDP,0.2359907550978413,0,0.7708928902716967
S2B_MSIL2A_20230717T064629_R020_T40RDP_20230717T121930_0000.jpg,S2B_MSIL2A_20230717T064629_R020_T40RDP_20230717T121930,1,2023-07,T40RDP,0.20985758750415165,0,0.7708928902716967
S2B_MSIL2A_20230717T064629_R020_T40RDP_20230717T121930_0001.jpg,S2B_MSIL2A_20230717T064629_R020_T40RDP_20230717T121930,1,2023-07,T40RDP,0.32175933575169274,0,0.7708928902716967
S2B_MSIL2A_20230727T064629_R020_T40RDP_20241012T150139_0000.jpg,S2B_MSIL2A_20230727T064629_R020_T40RDP_20241012T150139,1,2023-07,T40RDP,0.9922001173933732,1,0.7708928902716967
S2B_MSIL2A_20230727T064629_R020_T40RDP_20241012T150139_0001.jpg,S2B_MSIL2A_20230727T064629_R020_T40RDP_20241012T150139,1,2023-07,T40RDP,0.990301791807177,1,0.7708928902716967
S2A_MSIL2A_20230801T064631_R020_T40RDP_20241015T022010_0000.jpg,S2A_MSIL2A_20230801T064631_R020_T40RDP_20241015T022010,0,2023-08,T40RDP,0.020364427437867996,0,0.7708928902716967
S2A_MSIL2A_20230801T064631_R020_T40RDP_20241015T022010_0001.jpg,S2A_MSIL2A_20230801T064631_R020_T40RDP_20241015T022010,0,2023-08,T40RDP,0.025756646593429605,0,0.7708928902716967
S2A_MSIL2A_20230811T064631_R020_T40RDP_20241112T143010_0000.jpg,S2A_MSIL2A_20230811T064631_R020_T40RDP_20241112T143010,0,2023-08,T40RDP,0.48998036108637644,0,0.7708928902716967
S2A_MSIL2A_20230811T064631_R020_T40RDP_20241112T143010_0001.jpg,S2A_MSIL2A_20230811T064631_R020_T40RDP_20241112T143010,0,2023-08,T40RDP,0.3738074237235269,0,0.7708928902716967
S2A_MSIL2A_20230821T064631_R020_T40RDP_20230821T151547_0000.jpg,S2A_MSIL2A_20230821T064631_R020_T40RDP_20230821T151547,1,2023-08,T40RDP,0.5850706952083133,0,0.7708928902716967
S2A_MSIL2A_20230821T064631_R020_T40RDP_20230821T151547_0001.jpg,S2A_MSIL2A_20230821T064631_R020_T40RDP_20230821T151547,1,2023-08,T40RDP,0.8154877710329859,1,0.7708928902716967
S2B_MSIL2A_20230826T064629_R020_T40RDP_20241020T054319_0000.jpg,S2B_MSIL2A_20230826T064629_R020_T40RDP_20241020T054319,1,2023-08,T40RDP,0.712126184191718,0,0.7708928902716967
S2B_MSIL2A_20230826T064629_R020_T40RDP_20241020T054319_0001.jpg,S2B_MSIL2A_20230826T064629_R020_T40RDP_20241020T054319,1,2023-08,T40RDP,0.8455972663653455,1,0.7708928902716967
S2B_MSIL2A_20230905T064629_R020_T40RDP_20241025T080236_0000.jpg,S2B_MSIL2A_20230905T064629_R020_T40RDP_20241025T080236,0,2023-09,T40RDP,0.7593257371564357,0,0.7708928902716967
S2B_MSIL2A_20230905T064629_R020_T40RDP_20241025T080236_0001.jpg,S2B_MSIL2A_20230905T064629_R020_T40RDP_20241025T080236,0,2023-09,T40RDP,0.7666287459139858,0,0.7708928902716967
S2A_MSIL2A_20230910T064631_R020_T40RDP_20230910T143150_0000.jpg,S2A_MSIL2A_20230910T064631_R020_T40RDP_20230910T143150,0,2023-09,T40RDP,0.1399809857613905,0,0.7708928902716967
S2A_MSIL2A_20230910T064631_R020_T40RDP_20230910T143150_0001.jpg,S2A_MSIL2A_20230910T064631_R020_T40RDP_20230910T143150,0,2023-09,T40RDP,0.17185364499197384,0,0.7708928902716967
S2A_MSIL2A_20230920T064631_R020_T40RDP_20241027T175501_0000.jpg,S2A_MSIL2A_20230920T064631_R020_T40RDP_20241027T175501,0,2023-09,T40RDP,0.18675831158522885,0,0.7708928902716967
S2A_MSIL2A_20230920T064631_R020_T40RDP_20241027T175501_0001.jpg,S2A_MSIL2A_20230920T064631_R020_T40RDP_20241027T175501,0,2023-09,T40RDP,0.2177198574342892,0,0.7708928902716967
S2A_MSIL2A_20230930T064651_R020_T40RDP_20230930T131923_0000.jpg,S2A_MSIL2A_20230930T064651_R020_T40RDP_20230930T131923,0,2023-09,T40RDP,0.01595817070754392,0,0.7708928902716967
S2A_MSIL2A_20230930T064651_R020_T40RDP_20230930T131923_0001.jpg,S2A_MSIL2A_20230930T064651_R020_T40RDP_20230930T131923,0,2023-09,T40RDP,0.02643457624396943,0,0.7708928902716967
S2B_MSIL2A_20231005T064729_R020_T40RDP_20241107T195305_0000.jpg,S2B_MSIL2A_20231005T064729_R020_T40RDP_20241107T195305,0,2023-10,T40RDP,0.6529165582461118,0,0.7708928902716967
S2B_MSIL2A_20231005T064729_R020_T40RDP_20241107T195305_0001.jpg,S2B_MSIL2A_20231005T064729_R020_T40RDP_20241107T195305,0,2023-10,T40RDP,0.7099246008469932,0,0.7708928902716967
S2A_MSIL2A_20231010T064801_R020_T40RDP_20241109T034959_0000.jpg,S2A_MSIL2A_20231010T064801_R020_T40RDP_20241109T034959,0,2023-10,T40RDP,0.04069670850513946,0,0.7708928902716967
S2A_MSIL2A_20231010T064801_R020_T40RDP_20241109T034959_0001.jpg,S2A_MSIL2A_20231010T064801_R020_T40RDP_20241109T034959,0,2023-10,T40RDP,0.03436741045898302,0,0.7708928902716967
S2B_MSIL2A_20231025T064939_R020_T40RDP_20241108T084721_0000.jpg,S2B_MSIL2A_20231025T064939_R020_T40RDP_20241108T084721,0,2023-10,T40RDP,0.07364178179385313,0,0.7708928902716967
S2B_MSIL2A_20231025T064939_R020_T40RDP_20241108T084721_0001.jpg,S2B_MSIL2A_20231025T064939_R020_T40RDP_20241108T084721,0,2023-10,T40RDP,0.0821473584748872,0,0.7708928902716967
S2B_MSIL2A_20231104T065039_R020_T40RDP_20231104T101124_0000.jpg,S2B_MSIL2A_20231104T065039_R020_T40RDP_20231104T101124,0,2023-11,T40RDP,0.12378035561147718,0,0.7708928902716967
S2B_MSIL2A_20231104T065039_R020_T40RDP_20231104T101124_0001.jpg,S2B_MSIL2A_20231104T065039_R020_T40RDP_20231104T101124,0,2023-11,T40RDP,0.18261857738165296,0,0.7708928902716967
S2A_MSIL2A_20231109T065111_R020_T40RDP_20241101T131538_0000.jpg,S2A_MSIL2A_20231109T065111_R020_T40RDP_20241101T131538,0,2023-11,T40RDP,0.19267314701088792,0,0.7708928902716967
S2A_MSIL2A_20231109T065111_R020_T40RDP_20241101T131538_0001.jpg,S2A_MSIL2A_20231109T065111_R020_T40RDP_20241101T131538,0,2023-11,T40RDP,0.1832684404445293,0,0.7708928902716967
S2A_MSIL2A_20231119T065151_R020_T40RDP_20241109T072348_0000.jpg,S2A_MSIL2A_20231119T065151_R020_T40RDP_20241109T072348,1,2023-11,T40RDP,0.8934989010894444,1,0.7708928902716967
S2A_MSIL2A_20231119T065151_R020_T40RDP_20241109T072348_0001.jpg,S2A_MSIL2A_20231119T065151_R020_T40RDP_20241109T072348,1,2023-11,T40RDP,0.9247993487551432,1,0.7708928902716967
S2A_MSIL2A_20231129T065221_R020_T40RDP_20231129T111858_0000.jpg,S2A_MSIL2A_20231129T065221_R020_T40RDP_20231129T111858,1,2023-11,T40RDP,0.5868435319299733,0,0.7708928902716967
S2A_MSIL2A_20231129T065221_R020_T40RDP_20231129T111858_0001.jpg,S2A_MSIL2A_20231129T065221_R020_T40RDP_20231129T111858,1,2023-11,T40RDP,0.6460786400535258,0,0.7708928902716967
S2B_MSIL2A_20231204T065239_R020_T40RDP_20231204T111154_0000.jpg,S2B_MSIL2A_20231204T065239_R020_T40RDP_20231204T111154,1,2023-12,T40RDP,0.6150941582989489,0,0.7708928902716967
S2B_MSIL2A_20231204T065239_R020_T40RDP_20231204T111154_0001.jpg,S2B_MSIL2A_20231204T065239_R020_T40RDP_20231204T111154,1,2023-12,T40RDP,0.43936886970490624,0,0.7708928902716967
S2A_MSIL2A_20231209T065251_R020_T40RDP_20231209T111640_0000.jpg,S2A_MSIL2A_20231209T065251_R020_T40RDP_20231209T111640,1,2023-12,T40RDP,0.448964316731179,0,0.7708928902716967
S2A_MSIL2A_20231209T065251_R020_T40RDP_20231209T111640_0001.jpg,S2A_MSIL2A_20231209T065251_R020_T40RDP_20231209T111640,1,2023-12,T40RDP,0.5159414089549195,0,0.7708928902716967
S2A_MSIL2A_20240108T065251_R020_T40RDP_20240108T111554_0000.jpg,S2A_MSIL2A_20240108T065251_R020_T40RDP_20240108T111554,0,2024-01,T40RDP,0.6986978466914971,0,0.7708928902716967
S2A_MSIL2A_20240108T065251_R020_T40RDP_20240108T111554_0001.jpg,S2A_MSIL2A_20240108T065251_R020_T40RDP_20240108T111554,0,2024-01,T40RDP,0.6958456631265113,0,0.7708928902716967
S2B_MSIL2A_20240113T065239_R020_T40RDP_20240113T103503_0000.jpg,S2B_MSIL2A_20240113T065239_R020_T40RDP_20240113T103503,0,2024-01,T40RDP,0.5125879474926454,0,0.7708928902716967
S2B_MSIL2A_20240113T065239_R020_T40RDP_20240113T103503_0001.jpg,S2B_MSIL2A_20240113T065239_R020_T40RDP_20240113T103503,0,2024-01,T40RDP,0.5664889956531048,0,0.7708928902716967
S2B_MSIL2A_20240123T065159_R020_T40RDP_20240123T100825_0000.jpg,S2B_MSIL2A_20240123T065159_R020_T40RDP_20240123T100825,0,2024-01,T40RDP,0.0012506864338646588,0,0.7708928902716967
S2B_MSIL2A_20240123T065159_R020_T40RDP_20240123T100825_0001.jpg,S2B_MSIL2A_20240123T065159_R020_T40RDP_20240123T100825,0,2024-01,T40RDP,0.001214748344838292,0,0.7708928902716967
S2A_MSIL2A_20240207T065041_R020_T40RDP_20240207T112724_0000.jpg,S2A_MSIL2A_20240207T065041_R020_T40RDP_20240207T112724,0,2024-02,T40RDP,1e-06,0,0.7708928902716967
S2A_MSIL2A_20240207T065041_R020_T40RDP_20240207T112724_0001.jpg,S2A_MSIL2A_20240207T065041_R020_T40RDP_20240207T112724,0,2024-02,T40RDP,1e-06,0,0.7708928902716967
S2B_MSIL2A_20240222T064909_R020_T40RDP_20240222T114827_0000.jpg,S2B_MSIL2A_20240222T064909_R020_T40RDP_20240222T114827,0,2024-02,T40RDP,0.20867447994771174,0,0.7708928902716967
S2B_MSIL2A_20240222T064909_R020_T40RDP_20240222T114827_0001.jpg,S2B_MSIL2A_20240222T064909_R020_T40RDP_20240222T114827,0,2024-02,T40RDP,0.18479429593922442,0,0.7708928902716967
S2B_MSIL2A_20240303T064759_R020_T40RDP_20240303T111527_0000.jpg,S2B_MSIL2A_20240303T064759_R020_T40RDP_20240303T111527,1,2024-03,T40RDP,0.3771108266675326,0,0.7708928902716967
S2B_MSIL2A_20240303T064759_R020_T40RDP_20240303T111527_0001.jpg,S2B_MSIL2A_20240303T064759_R020_T40RDP_20240303T111527,1,2024-03,T40RDP,0.3713098105367836,0,0.7708928902716967
S2B_MSIL2A_20240313T064639_R020_T40RDP_20240313T121009_0000.jpg,S2B_MSIL2A_20240313T064639_R020_T40RDP_20240313T121009,0,2024-03,T40RDP,0.06974175647504904,0,0.7708928902716967
S2B_MSIL2A_20240313T064639_R020_T40RDP_20240313T121009_0001.jpg,S2B_MSIL2A_20240313T064639_R020_T40RDP_20240313T121009,0,2024-03,T40RDP,0.07928253759139228,0,0.7708928902716967
S2A_MSIL2A_20240318T064621_R020_T40RDP_20240318T121046_0000.jpg,S2A_MSIL2A_20240318T064621_R020_T40RDP_20240318T121046,0,2024-03,T40RDP,0.06140424076240754,0,0.7708928902716967
S2A_MSIL2A_20240318T064621_R020_T40RDP_20240318T121046_0001.jpg,S2A_MSIL2A_20240318T064621_R020_T40RDP_20240318T121046,0,2024-03,T40RDP,0.08065946201297142,0,0.7708928902716967
S2A_MSIL2A_20240407T064621_R020_T40RDP_20240407T123440_0000.jpg,S2A_MSIL2A_20240407T064621_R020_T40RDP_20240407T123440,0,2024-04,T40RDP,0.14165299189227679,0,0.7708928902716967
S2A_MSIL2A_20240407T064621_R020_T40RDP_20240407T123440_0001.jpg,S2A_MSIL2A_20240407T064621_R020_T40RDP_20240407T123440,0,2024-04,T40RDP,0.10099827301451424,0,0.7708928902716967
S2A_MSIL2A_20240427T064631_R020_T40RDP_20240427T122206_0000.jpg,S2A_MSIL2A_20240427T064631_R020_T40RDP_20240427T122206,1,2024-04,T40RDP,0.9015349107683197,1,0.7708928902716967
S2A_MSIL2A_20240427T064631_R020_T40RDP_20240427T122206_0001.jpg,S2A_MSIL2A_20240427T064631_R020_T40RDP_20240427T122206,1,2024-04,T40RDP,0.9046916097562098,1,0.7708928902716967
S2A_MSIL2A_20240606T064631_R020_T40RDP_20240606T122041_0000.jpg,S2A_MSIL2A_20240606T064631_R020_T40RDP_20240606T122041,1,2024-06,T40RDP,0.999999,1,0.7708928902716967
S2A_MSIL2A_20240606T064631_R020_T40RDP_20240606T122041_0001.jpg,S2A_MSIL2A_20240606T064631_R020_T40RDP_20240606T122041,1,2024-06,T40RDP,0.999999,1,0.7708928902716967
S2A_MSIL2A_20240616T064631_R020_T40RDP_20240616T131856_0000.jpg,S2A_MSIL2A_20240616T064631_R020_T40RDP_20240616T131856,0,2024-06,T40RDP,1e-06,0,0.7708928902716967
S2A_MSIL2A_20240616T064631_R020_T40RDP_20240616T131856_0001.jpg,S2A_MSIL2A_20240616T064631_R020_T40RDP_20240616T131856,0,2024-06,T40RDP,1e-06,0,0.7708928902716967
S2A_MSIL2A_20240706T064631_R020_T40RDP_20240706T121235_0000.jpg,S2A_MSIL2A_20240706T064631_R020_T40RDP_20240706T121235,1,2024-07,T40RDP,0.999999,1,0.7708928902716967
S2A_MSIL2A_20240706T064631_R020_T40RDP_20240706T121235_0001.jpg,S2A_MSIL2A_20240706T064631_R020_T40RDP_20240706T121235,1,2024-07,T40RDP,0.999999,1,0.7708928902716967
S2B_MSIL2A_20240721T064629_R020_T40RDP_20240721T112112_0000.jpg,S2B_MSIL2A_20240721T064629_R020_T40RDP_20240721T112112,0,2024-07,T40RDP,1e-06,0,0.7708928902716967
S2B_MSIL2A_20240721T064629_R020_T40RDP_20240721T112112_0001.jpg,S2B_MSIL2A_20240721T064629_R020_T40RDP_20240721T112112,0,2024-07,T40RDP,1e-06,0,0.7708928902716967
S2A_MSIL2A_20240825T064621_R020_T40RDP_20240825T133350_0000.jpg,S2A_MSIL2A_20240825T064621_R020_T40RDP_20240825T133350,0,2024-08,T40RDP,0.4522294776500155,0,0.7708928902716967
S2A_MSIL2A_20240825T064621_R020_T40RDP_20240825T133350_0001.jpg,S2A_MSIL2A_20240825T064621_R020_T40RDP_20240825T133350,0,2024-08,T40RDP,0.4703032810958331,0,0.7708928902716967
S2B_MSIL2A_20240909T064629_R020_T40RDP_20240909T110138_0000.jpg,S2B_MSIL2A_20240909T064629_R020_T40RDP_20240909T110138,1,2024-09,T40RDP,0.6382366286215952,0,0.7708928902716967
S2B_MSIL2A_20240909T064629_R020_T40RDP_20240909T110138_0001.jpg,S2B_MSIL2A_20240909T064629_R020_T40RDP_20240909T110138,1,2024-09,T40RDP,0.7059304687437855,0,0.7708928902716967
S2A_MSIL2A_20240924T064631_R020_T40RDP_20240924T103950_0000.jpg,S2A_MSIL2A_20240924T064631_R020_T40RDP_20240924T103950,0,2024-09,T40RDP,0.03859747174715159,0,0.7708928902716967
S2A_MSIL2A_20240924T064631_R020_T40RDP_20240924T103950_0001.jpg,S2A_MSIL2A_20240924T064631_R020_T40RDP_20240924T103950,0,2024-09,T40RDP,0.040142446487667606,0,0.7708928902716967
S2B_MSIL2A_20240929T064629_R020_T40RDP_20240929T100121_0000.jpg,S2B_MSIL2A_20240929T064629_R020_T40RDP_20240929T100121,0,2024-09,T40RDP,0.022263854755991602,0,0.7708928902716967
S2B_MSIL2A_20240929T064629_R020_T40RDP_20240929T100121_0001.jpg,S2B_MSIL2A_20240929T064629_R020_T40RDP_20240929T100121,0,2024-09,T40RDP,0.024310479068319044,0,0.7708928902716967
S2A_MSIL2A_20241004T064731_R020_T40RDP_20241004T103151_0000.jpg,S2A_MSIL2A_20241004T064731_R020_T40RDP_20241004T103151,0,2024-10,T40RDP,0.060211995713559965,0,0.7708928902716967
S2A_MSIL2A_20241004T064731_R020_T40RDP_20241004T103151_0001.jpg,S2A_MSIL2A_20241004T064731_R020_T40RDP_20241004T103151,0,2024-10,T40RDP,0.05441615225204929,0,0.7708928902716967
S2B_MSIL2A_20241009T064709_R020_T40RDP_20241009T093003_0000.jpg,S2B_MSIL2A_20241009T064709_R020_T40RDP_20241009T093003,1,2024-10,T40RDP,0.9930104672707005,1,0.7708928902716967
S2B_MSIL2A_20241009T064709_R020_T40RDP_20241009T093003_0001.jpg,S2B_MSIL2A_20241009T064709_R020_T40RDP_20241009T093003,1,2024-10,T40RDP,0.9900533829830099,1,0.7708928902716967
S2A_MSIL2A_20241024T064941_R020_T40RDP_20241024T095047_0000.jpg,S2A_MSIL2A_20241024T064941_R020_T40RDP_20241024T095047,0,2024-10,T40RDP,0.20471152055266897,0,0.7708928902716967
S2A_MSIL2A_20241024T064941_R020_T40RDP_20241024T095047_0001.jpg,S2A_MSIL2A_20241024T064941_R020_T40RDP_20241024T095047,0,2024-10,T40RDP,0.24837132631595865,0,0.7708928902716967
S2B_MSIL2A_20241029T064919_R020_T40RDP_20241029T090554_0000.jpg,S2B_MSIL2A_20241029T064919_R020_T40RDP_20241029T090554,0,2024-10,T40RDP,0.1177312878207535,0,0.7708928902716967
S2B_MSIL2A_20241029T064919_R020_T40RDP_20241029T090554_0001.jpg,S2B_MSIL2A_20241029T064919_R020_T40RDP_20241029T090554,0,2024-10,T40RDP,0.13647583383439105,0,0.7708928902716967
S2A_MSIL2A_20241103T065031_R020_T40RDP_20241103T100958_0000.jpg,S2A_MSIL2A_20241103T065031_R020_T40RDP_20241103T100958,1,2024-11,T40RDP,0.9352197604622953,1,0.7708928902716967
S2A_MSIL2A_20241103T065031_R020_T40RDP_20241103T100958_0001.jpg,S2A_MSIL2A_20241103T065031_R020_T40RDP_20241103T100958,1,2024-11,T40RDP,0.9535152302441516,1,0.7708928902716967
S2A_MSIL2A_20241113T065131_R020_T40RDP_20241113T112554_0000.jpg,S2A_MSIL2A_20241113T065131_R020_T40RDP_20241113T112554,0,2024-11,T40RDP,0.3086279841967882,0,0.7708928902716967
S2A_MSIL2A_20241113T065131_R020_T40RDP_20241113T112554_0001.jpg,S2A_MSIL2A_20241113T065131_R020_T40RDP_20241113T112554,0,2024-11,T40RDP,0.2114300002221541,0,0.7708928902716967
S2B_MSIL2A_20241118T065059_R020_T40RDP_20241118T082640_0000.jpg,S2B_MSIL2A_20241118T065059_R020_T40RDP_20241118T082640,0,2024-11,T40RDP,0.08096975765588085,0,0.7708928902716967
S2B_MSIL2A_20241118T065059_R020_T40RDP_20241118T082640_0001.jpg,S2B_MSIL2A_20241118T065059_R020_T40RDP_20241118T082640,0,2024-11,T40RDP,0.08525754736439092,0,0.7708928902716967
S2B_MSIL2A_20241208T065159_R020_T40RDP_20241208T090838_0000.jpg,S2B_MSIL2A_20241208T065159_R020_T40RDP_20241208T090838,1,2024-12,T40RDP,0.8832480087797993,1,0.7708928902716967
S2B_MSIL2A_20241208T065159_R020_T40RDP_20241208T090838_0001.jpg,S2B_MSIL2A_20241208T065159_R020_T40RDP_20241208T090838,1,2024-12,T40RDP,0.9107210816417058,1,0.7708928902716967
S2A_MSIL2A_20241223T065311_R020_T40RDP_20241223T094150_0000.jpg,S2A_MSIL2A_20241223T065311_R020_T40RDP_20241223T094150,1,2024-12,T40RDP,0.6072523311293513,0,0.7708928902716967
S2A_MSIL2A_20241223T065311_R020_T40RDP_20241223T094150_0001.jpg,S2A_MSIL2A_20241223T065311_R020_T40RDP_20241223T094150,1,2024-12,T40RDP,0.6979135303399993,0,0.7708928902716967
S2B_MSIL2A_20241228T065209_R020_T40RDP_20241228T085137_0000.jpg,S2B_MSIL2A_20241228T065209_R020_T40RDP_20241228T085137,0,2024-12,T40RDP,0.32047737887254746,0,0.7708928902716967
S2B_MSIL2A_20241228T065209_R020_T40RDP_20241228T085137_0001.jpg,S2B_MSIL2A_20241228T065209_R020_T40RDP_20241228T085137,0,2024-12,T40RDP,0.2948422116349835,0,0.7708928902716967
S2A_MSIL2A_20170108T063231_R077_T40QGK_20210530T025623_0000.jpg,S2A_MSIL2A_20170108T063231_R077_T40QGK_20210530T025623,0,2017-01,T40QGK,0.48491945098131634,0,0.7708928902716967
S2A_MSIL2A_20170108T063231_R077_T40QGK_20210530T025623_0001.jpg,S2A_MSIL2A_20170108T063231_R077_T40QGK_20210530T025623,0,2017-01,T40QGK,0.4592417479850203,0,0.7708928902716967
S2A_MSIL2A_20170128T063121_R077_T40QGK_20210207T223643_0000.jpg,S2A_MSIL2A_20170128T063121_R077_T40QGK_20210207T223643,0,2017-01,T40QGK,0.033556325313988326,0,0.7708928902716967
S2A_MSIL2A_20170128T063121_R077_T40QGK_20210207T223643_0001.jpg,S2A_MSIL2A_20170128T063121_R077_T40QGK_20210207T223643,0,2017-01,T40QGK,0.020283467166909794,0,0.7708928902716967
S2A_MSIL2A_20170227T062811_R077_T40QGK_20210208T174007_0000.jpg,S2A_MSIL2A_20170227T062811_R077_T40QGK_20210208T174007,0,2017-02,T40QGK,0.14112761900951745,0,0.7708928902716967
S2A_MSIL2A_20170227T062811_R077_T40QGK_20210208T174007_0001.jpg,S2A_MSIL2A_20170227T062811_R077_T40QGK_20210208T174007,0,2017-02,T40QGK,0.11715099447502965,0,0.7708928902716967
S2A_MSIL2A_20170518T062631_R077_T40QGK_20210209T161923_0000.jpg,S2A_MSIL2A_20170518T062631_R077_T40QGK_20210209T161923,1,2017-05,T40QGK,0.362298215447108,0,0.7708928902716967
S2A_MSIL2A_20170518T062631_R077_T40QGK_20210209T161923_0001.jpg,S2A_MSIL2A_20170518T062631_R077_T40QGK_20210209T161923,1,2017-05,T40QGK,0.32997927789390924,0,0.7708928902716967
S2A_MSIL2A_20170607T062631_R077_T40QGK_20210209T210413_0000.jpg,S2A_MSIL2A_20170607T062631_R077_T40QGK_20210209T210413,0,2017-06,T40QGK,0.15568024873979197,0,0.7708928902716967
S2A_MSIL2A_20170607T062631_R077_T40QGK_20210209T210413_0001.jpg,S2A_MSIL2A_20170607T062631_R077_T40QGK_20210209T210413,0,2017-06,T40QGK,0.1664851899727729,0,0.7708928902716967
S2B_MSIL2A_20170712T062629_R077_T40QGK_20210210T075544_0000.jpg,S2B_MSIL2A_20170712T062629_R077_T40QGK_20210210T075544,0,2017-07,T40QGK,0.170791114207632,0,0.7708928902716967
S2B_MSIL2A_20170712T062629_R077_T40QGK_20210210T075544_0001.jpg,S2B_MSIL2A_20170712T062629_R077_T40QGK_20210210T075544,0,2017-07,T40QGK,0.17257235939988355,0,0.7708928902716967
S2B_MSIL2A_20170910T062619_R077_T40QGK_20210201T232752_0000.jpg,S2B_MSIL2A_20170910T062619_R077_T40QGK_20210201T232752,0,2017-09,T40QGK,0.3366216682995198,0,0.7708928902716967
S2B_MSIL2A_20170910T062619_R077_T40QGK_20210201T232752_0001.jpg,S2B_MSIL2A_20170910T062619_R077_T40QGK_20210201T232752,0,2017-09,T40QGK,0.35227131632854314,0,0.7708928902716967
S2B_MSIL2A_20170930T062629_R077_T40QGK_20210202T120552_0000.jpg,S2B_MSIL2A_20170930T062629_R077_T40QGK_20210202T120552,0,2017-09,T40QGK,0.1523749378114054,0,0.7708928902716967
S2B_MSIL2A_20170930T062629_R077_T40QGK_20210202T120552_0001.jpg,S2B_MSIL2A_20170930T062629_R077_T40QGK_20210202T120552,0,2017-09,T40QGK,0.14488602526244915,0,0.7708928902716967
S2A_MSIL2A_20171005T062721_R077_T40QGK_20210202T140745_0000.jpg,S2A_MSIL2A_20171005T062721_R077_T40QGK_20210202T140745,0,2017-10,T40QGK,0.02449864453735581,0,0.7708928902716967
S2A_MSIL2A_20171005T062721_R077_T40QGK_20210202T140745_0001.jpg,S2A_MSIL2A_20171005T062721_R077_T40QGK_20210202T140745,0,2017-10,T40QGK,0.02117923006170293,0,0.7708928902716967
S2B_MSIL2A_20171109T063039_R077_T40QGK_20201014T190830_0000.jpg,S2B_MSIL2A_20171109T063039_R077_T40QGK_20201014T190830,0,2017-11,T40QGK,0.087976946962771,0,0.7708928902716967
S2B_MSIL2A_20171109T063039_R077_T40QGK_20201014T190830_0001.jpg,S2B_MSIL2A_20171109T063039_R077_T40QGK_20201014T190830,0,2017-11,T40QGK,0.0776956308625348,0,0.7708928902716967
S2B_MSIL2A_20171119T063129_R077_T40QGK_20201014T205952_0000.jpg,S2B_MSIL2A_20171119T063129_R077_T40QGK_20201014T205952,0,2017-11,T40QGK,0.1153042461920448,0,0.7708928902716967
S2B_MSIL2A_20171119T063129_R077_T40QGK_20201014T205952_0001.jpg,S2B_MSIL2A_20171119T063129_R077_T40QGK_20201014T205952,0,2017-11,T40QGK,0.10178400247884718,0,0.7708928902716967
S2B_MSIL2A_20171129T063209_R077_T40QGK_20201014T225521_0000.jpg,S2B_MSIL2A_20171129T063209_R077_T40QGK_20201014T225521,0,2017-11,T40QGK,0.45008536555058976,0,0.7708928902716967
S2B_MSIL2A_20171129T063209_R077_T40QGK_20201014T225521_0001.jpg,S2B_MSIL2A_20171129T063209_R077_T40QGK_20201014T225521,0,2017-11,T40QGK,0.45078028122604946,0,0.7708928902716967
S2A_MSIL2A_20171204T063231_R077_T40QGK_20201014T115634_0000.jpg,S2A_MSIL2A_20171204T063231_R077_T40QGK_20201014T115634,0,2017-12,T40QGK,0.0004547108119876258,0,0.7708928902716967
S2A_MSIL2A_20171204T063231_R077_T40QGK_20201014T115634_0001.jpg,S2A_MSIL2A_20171204T063231_R077_T40QGK_20201014T115634,0,2017-12,T40QGK,0.00023846129796819992,0,0.7708928902716967
S2A_MSIL2A_20171224T063251_R077_T40QGK_20201014T155906_0000.jpg,S2A_MSIL2A_20171224T063251_R077_T40QGK_20201014T155906,1,2017-12,T40QGK,0.9936764460861572,1,0.7708928902716967
S2A_MSIL2A_20171224T063251_R077_T40QGK_20201014T155906_0001.jpg,S2A_MSIL2A_20171224T063251_R077_T40QGK_20201014T155906,1,2017-12,T40QGK,0.9928349832698514,1,0.7708928902716967
S2B_MSIL2A_20171229T063249_R077_T40QGK_20201014T171616_0000.jpg,S2B_MSIL2A_20171229T063249_R077_T40QGK_20201014T171616,0,2017-12,T40QGK,0.5318059158359897,0,0.7708928902716967
S2B_MSIL2A_20171229T063249_R077_T40QGK_20201014T171616_0001.jpg,S2B_MSIL2A_20171229T063249_R077_T40QGK_20201014T171616,0,2017-12,T40QGK,0.45552031398191895,0,0.7708928902716967
S2B_MSIL2A_20180108T063229_R077_T40QGK_20201014T041341_0000.jpg,S2B_MSIL2A_20180108T063229_R077_T40QGK_20201014T041341,0,2018-01,T40QGK,0.0031771581830001244,0,0.7708928902716967
S2B_MSIL2A_20180108T063229_R077_T40QGK_20201014T041341_0001.jpg,S2B_MSIL2A_20180108T063229_R077_T40QGK_20201014T041341,0,2018-01,T40QGK,0.0028420079010049062,0,0.7708928902716967
S2A_MSIL2A_20180113T063221_R077_T40QGK_20201014T052118_0000.jpg,S2A_MSIL2A_20180113T063221_R077_T40QGK_20201014T052118,0,2018-01,T40QGK,0.004382971881980509,0,0.7708928902716967
S2A_MSIL2A_20180113T063221_R077_T40QGK_20201014T052118_0001.jpg,S2A_MSIL2A_20180113T063221_R077_T40QGK_20201014T052118,0,2018-01,T40QGK,0.003054376109761145,0,0.7708928902716967
S2B_MSIL2A_20180118T063159_R077_T40QGK_20201014T064335_0000.jpg,S2B_MSIL2A_20180118T063159_R077_T40QGK_20201014T064335,0,2018-01,T40QGK,0.2969767732359415,0,0.7708928902716967
S2B_MSIL2A_20180118T063159_R077_T40QGK_20201014T064335_0001.jpg,S2B_MSIL2A_20180118T063159_R077_T40QGK_20201014T064335,0,2018-01,T40QGK,0.22242134024998272,0,0.7708928902716967
S2B_MSIL2A_20180128T063119_R077_T40QGK_20201014T093452_0000.jpg,S2B_MSIL2A_20180128T063119_R077_T40QGK_20201014T093452,0,2018-01,T40QGK,0.5220538430120802,0,0.7708928902716967
S2B_MSIL2A_20180128T063119_R077_T40QGK_20201014T093452_0001.jpg,S2B_MSIL2A_20180128T063119_R077_T40QGK_20201014T093452,0,2018-01,T40QGK,0.4653353140032145,0,0.7708928902716967
S2B_MSIL2A_20180207T063029_R077_T40QGK_20201013T195615_0000.jpg,S2B_MSIL2A_20180207T063029_R077_T40QGK_20201013T195615,0,2018-02,T40QGK,0.34867890885784936,0,0.7708928902716967
S2B_MSIL2A_20180207T063029_R077_T40QGK_20201013T195615_0001.jpg,S2B_MSIL2A_20180207T063029_R077_T40QGK_20201013T195615,0,2018-02,T40QGK,0.33747656280486354,0,0.7708928902716967
S2A_MSIL2A_20180212T063001_R077_T40QGK_20201026T040841_0000.jpg,S2A_MSIL2A_20180212T063001_R077_T40QGK_20201026T040841,1,2018-02,T40QGK,0.9575746047527115,1,0.7708928902716967
S2A_MSIL2A_20180212T063001_R077_T40QGK_20201026T040841_0001.jpg,S2A_MSIL2A_20180212T063001_R077_T40QGK_20201026T040841,1,2018-02,T40QGK,0.9483256888796063,1,0.7708928902716967
S2B_MSIL2A_20180217T062919_R077_T40QGK_20201013T222432_0000.jpg,S2B_MSIL2A_20180217T062919_R077_T40QGK_20201013T222432,1,2018-02,T40QGK,0.9243564525104448,1,0.7708928902716967
S2B_MSIL2A_20180217T062919_R077_T40QGK_20201013T222432_0001.jpg,S2B_MSIL2A_20180217T062919_R077_T40QGK_20201013T222432,1,2018-02,T40QGK,0.9130051929164918,1,0.7708928902716967
S2A_MSIL2A_20180304T062741_R077_T40QGK_20201013T061838_0000.jpg,S2A_MSIL2A_20180304T062741_R077_T40QGK_20201013T061838,0,2018-03,T40QGK,0.6099992122020685,0,0.7708928902716967
S2A_MSIL2A_20180304T062741_R077_T40QGK_20201013T061838_0001.jpg,S2A_MSIL2A_20180304T062741_R077_T40QGK_20201013T061838,0,2018-03,T40QGK,0.5151025679641714,0,0.7708928902716967
S2A_MSIL2A_20180314T062631_R077_T40QGK_20201013T084520_0000.jpg,S2A_MSIL2A_20180314T062631_R077_T40QGK_20201013T084520,0,2018-03,T40QGK,0.7022168397178197,0,0.7708928902716967
S2A_MSIL2A_20180314T062631_R077_T40QGK_20201013T084520_0001.jpg,S2A_MSIL2A_20180314T062631_R077_T40QGK_20201013T084520,0,2018-03,T40QGK,0.809713926361648,1,0.7708928902716967
S2B_MSIL2A_20180329T062629_R077_T40QGK_20201013T161103_0000.jpg,S2B_MSIL2A_20180329T062629_R077_T40QGK_20201013T161103,0,2018-03,T40QGK,0.05689319069833962,0,0.7708928902716967
S2B_MSIL2A_20180329T062629_R077_T40QGK_20201013T161103_0001.jpg,S2B_MSIL2A_20180329T062629_R077_T40QGK_20201013T161103,0,2018-03,T40QGK,0.08714217317799683,0,0.7708928902716967
S2A_MSIL2A_20180413T062631_R077_T40QGK_20201012T214136_0000.jpg,S2A_MSIL2A_20180413T062631_R077_T40QGK_20201012T214136,0,2018-04,T40QGK,0.028489260678253803,0,0.7708928902716967
S2A_MSIL2A_20180413T062631_R077_T40QGK_20201012T214136_0001.jpg,S2A_MSIL2A_20180413T062631_R077_T40QGK_20201012T214136,0,2018-04,T40QGK,0.032585225048619215,0,0.7708928902716967
S2A_MSIL2A_20180423T062631_R077_T40QGK_20201013T013518_0000.jpg,S2A_MSIL2A_20180423T062631_R077_T40QGK_20201013T013518,1,2018-04,T40QGK,0.6998552170484472,0,0.7708928902716967
S2A_MSIL2A_20180423T062631_R077_T40QGK_20201013T013518_0001.jpg,S2A_MSIL2A_20180423T062631_R077_T40QGK_20201013T013518,1,2018-04,T40QGK,0.7205699188229168,0,0.7708928902716967
S2A_MSIL2A_20180503T062631_R077_T40QGK_20201012T051456_0000.jpg,S2A_MSIL2A_20180503T062631_R077_T40QGK_20201012T051456,0,2018-05,T40QGK,0.5760973251264649,0,0.7708928902716967
S2A_MSIL2A_20180503T062631_R077_T40QGK_20201012T051456_0001.jpg,S2A_MSIL2A_20180503T062631_R077_T40QGK_20201012T051456,0,2018-05,T40QGK,0.6089554691152119,0,0.7708928902716967
S2A_MSIL2A_20180523T062631_R077_T40QGK_20201012T131343_0000.jpg,S2A_MSIL2A_20180523T062631_R077_T40QGK_20201012T131343,0,2018-05,T40QGK,1.4202895358861321e-05,0,0.7708928902716967
S2A_MSIL2A_20180523T062631_R077_T40QGK_20201012T131343_0001.jpg,S2A_MSIL2A_20180523T062631_R077_T40QGK_20201012T131343,0,2018-05,T40QGK,1.0940379287581222e-05,0,0.7708928902716967
S2A_MSIL2A_20180612T062631_R077_T40QGK_20201026T223958_0000.jpg,S2A_MSIL2A_20180612T062631_R077_T40QGK_20201026T223958,0,2018-06,T40QGK,0.9152132516104998,1,0.7708928902716967
S2A_MSIL2A_20180612T062631_R077_T40QGK_20201026T223958_0001.jpg,S2A_MSIL2A_20180612T062631_R077_T40QGK_20201026T223958,0,2018-06,T40QGK,0.9188352759252332,1,0.7708928902716967
S2B_MSIL2A_20180627T062629_R077_T40QGK_20201012T030550_0000.jpg,S2B_MSIL2A_20180627T062629_R077_T40QGK_20201012T030550,0,2018-06,T40QGK,0.015353459062729587,0,0.7708928902716967
S2B_MSIL2A_20180627T062629_R077_T40QGK_20201012T030550_0001.jpg,S2B_MSIL2A_20180627T062629_R077_T40QGK_20201012T030550,0,2018-06,T40QGK,0.010602326003672157,0,0.7708928902716967
S2A_MSIL2A_20180712T062631_R077_T40QGK_20201011T145021_0000.jpg,S2A_MSIL2A_20180712T062631_R077_T40QGK_20201011T145021,0,2018-07,T40QGK,0.23114102126274386,0,0.7708928902716967
S2A_MSIL2A_20180712T062631_R077_T40QGK_20201011T145021_0001.jpg,S2A_MSIL2A_20180712T062631_R077_T40QGK_20201011T145021,0,2018-07,T40QGK,0.27684095474568354,0,0.7708928902716967
S2B_MSIL2A_20180717T062629_R077_T40QGK_20201011T165446_0000.jpg,S2B_MSIL2A_20180717T062629_R077_T40QGK_20201011T165446,0,2018-07,T40QGK,0.19364593927806098,0,0.7708928902716967
S2B_MSIL2A_20180717T062629_R077_T40QGK_20201011T165446_0001.jpg,S2B_MSIL2A_20180717T062629_R077_T40QGK_20201011T165446,0,2018-07,T40QGK,0.1798127504097905,0,0.7708928902716967
S2B_MSIL2A_20180727T062629_R077_T40QGK_20201011T204153_0000.jpg,S2B_MSIL2A_20180727T062629_R077_T40QGK_20201011T204153,0,2018-07,T40QGK,0.0005355136814141473,0,0.7708928902716967
S2B_MSIL2A_20180727T062629_R077_T40QGK_20201011T204153_0001.jpg,S2B_MSIL2A_20180727T062629_R077_T40QGK_20201011T204153,0,2018-07,T40QGK,0.0003958860302823081,0,0.7708928902716967
S2B_MSIL2A_20180806T062629_R077_T40QGK_20201010T220242_0000.jpg,S2B_MSIL2A_20180806T062629_R077_T40QGK_20201010T220242,0,2018-08,T40QGK,0.02295932987969852,0,0.7708928902716967
S2B_MSIL2A_20180806T062629_R077_T40QGK_20201010T220242_0001.jpg,S2B_MSIL2A_20180806T062629_R077_T40QGK_20201010T220242,0,2018-08,T40QGK,0.017353959445183923,0,0.7708928902716967
S2A_MSIL2A_20180811T062631_R077_T40QGK_20201011T000847_0000.jpg,S2A_MSIL2A_20180811T062631_R077_T40QGK_20201011T000847,0,2018-08,T40QGK,0.01889539981621862,0,0.7708928902716967
S2A_MSIL2A_20180811T062631_R077_T40QGK_20201011T000847_0001.jpg,S2A_MSIL2A_20180811T062631_R077_T40QGK_20201011T000847,0,2018-08,T40QGK,0.02334294993620818,0,0.7708928902716967
S2A_MSIL2A_20180831T062631_R077_T40QGK_20201103T173702_0000.jpg,S2A_MSIL2A_20180831T062631_R077_T40QGK_20201103T173702,0,2018-08,T40QGK,0.13927476333658112,0,0.7708928902716967
S2A_MSIL2A_20180831T062631_R077_T40QGK_20201103T173702_0001.jpg,S2A_MSIL2A_20180831T062631_R077_T40QGK_20201103T173702,0,2018-08,T40QGK,0.1740515904733996,0,0.7708928902716967
S2B_MSIL2A_20180905T062619_R077_T40QGK_20201103T211022_0000.jpg,S2B_MSIL2A_20180905T062619_R077_T40QGK_20201103T211022,1,2018-09,T40QGK,0.9135065957534758,1,0.7708928902716967
S2B_MSIL2A_20180905T062619_R077_T40QGK_20201103T211022_0001.jpg,S2B_MSIL2A_20180905T062619_R077_T40QGK_20201103T211022,1,2018-09,T40QGK,0.915939168796247,1,0.7708928902716967
S2B_MSIL2A_20180915T062619_R077_T40QGK_20201009T012727_0000.jpg,S2B_MSIL2A_20180915T062619_R077_T40QGK_20201009T012727,0,2018-09,T40QGK,0.020746615143248978,0,0.7708928902716967
S2B_MSIL2A_20180915T062619_R077_T40QGK_20201009T012727_0001.jpg,S2B_MSIL2A_20180915T062619_R077_T40QGK_20201009T012727,0,2018-09,T40QGK,0.016458072459269727,0,0.7708928902716967
S2A_MSIL2A_20180930T062641_R077_T40QGK_20201009T062826_0000.jpg,S2A_MSIL2A_20180930T062641_R077_T40QGK_20201009T062826,1,2018-09,T40QGK,0.3626466393705095,0,0.7708928902716967
S2A_MSIL2A_20180930T062641_R077_T40QGK_20201009T062826_0001.jpg,S2A_MSIL2A_20180930T062641_R077_T40QGK_20201009T062826,1,2018-09,T40QGK,0.32174920443710425,0,0.7708928902716967
S2B_MSIL2A_20181005T062719_R077_T40QGK_20201009T082718_0000.jpg,S2B_MSIL2A_20181005T062719_R077_T40QGK_20201009T082718,1,2018-10,T40QGK,0.817869242739765,1,0.7708928902716967
S2B_MSIL2A_20181005T062719_R077_T40QGK_20201009T082718_0001.jpg,S2B_MSIL2A_20181005T062719_R077_T40QGK_20201009T082718,1,2018-10,T40QGK,0.7494385760446438,0,0.7708928902716967
S2A_MSIL2A_20181020T062901_R077_T40QGK_20201030T225347_0000.jpg,S2A_MSIL2A_20181020T062901_R077_T40QGK_20201030T225347,1,2018-10,T40QGK,0.49386923567914803,0,0.7708928902716967
S2A_MSIL2A_20181020T062901_R077_T40QGK_20201030T225347_0001.jpg,S2A_MSIL2A_20181020T062901_R077_T40QGK_20201030T225347,1,2018-10,T40QGK,0.6152556321993801,0,0.7708928902716967
S2B_MSIL2A_20181025T062929_R077_T40QGK_20201009T151438_0000.jpg,S2B_MSIL2A_20181025T062929_R077_T40QGK_20201009T151438,0,2018-10,T40QGK,0.003832559446780192,0,0.7708928902716967
S2B_MSIL2A_20181025T062929_R077_T40QGK_20201009T151438_0001.jpg,S2B_MSIL2A_20181025T062929_R077_T40QGK_20201009T151438,0,2018-10,T40QGK,0.003331629352777646,0,0.7708928902716967
S2B_MSIL2A_20181104T063029_R077_T40QGK_20201008T154616_0000.jpg,S2B_MSIL2A_20181104T063029_R077_T40QGK_20201008T154616,1,2018-11,T40QGK,0.8326157746881139,1,0.7708928902716967
S2B_MSIL2A_20181104T063029_R077_T40QGK_20201008T154616_0001.jpg,S2B_MSIL2A_20181104T063029_R077_T40QGK_20201008T154616,1,2018-11,T40QGK,0.8627803039276765,1,0.7708928902716967
S2B_MSIL2A_20181114T063119_R077_T40QGK_20201008T183309_0000.jpg,S2B_MSIL2A_20181114T063119_R077_T40QGK_20201008T183309,1,2018-11,T40QGK,0.006331537912164257,0,0.7708928902716967
S2B_MSIL2A_20181114T063119_R077_T40QGK_20201008T183309_0001.jpg,S2B_MSIL2A_20181114T063119_R077_T40QGK_20201008T183309,1,2018-11,T40QGK,0.004081152838583345,0,0.7708928902716967
S2A_MSIL2A_20181119T063141_R077_T40QGK_20201008T195111_0000.jpg,S2A_MSIL2A_20181119T063141_R077_T40QGK_20201008T195111,1,2018-11,T40QGK,0.9660038400946445,1,0.7708928902716967
S2A_MSIL2A_20181119T063141_R077_T40QGK_20201008T195111_0001.jpg,S2A_MSIL2A_20181119T063141_R077_T40QGK_20201008T195111,1,2018-11,T40QGK,0.9382601353534107,1,0.7708928902716967
S2A_MSIL2A_20181129T063211_R077_T40QGK_20201008T223706_0000.jpg,S2A_MSIL2A_20181129T063211_R077_T40QGK_20201008T223706,0,2018-11,T40QGK,0.12346359690074765,0,0.7708928902716967
S2A_MSIL2A_20181129T063211_R077_T40QGK_20201008T223706_0001.jpg,S2A_MSIL2A_20181129T063211_R077_T40QGK_20201008T223706,0,2018-11,T40QGK,0.11065575821043058,0,0.7708928902716967
S2B_MSIL2A_20181204T063229_R077_T40QGK_20201008T072338_0000.jpg,S2B_MSIL2A_20181204T063229_R077_T40QGK_20201008T072338,0,2018-12,T40QGK,1e-06,0,0.7708928902716967
S2B_MSIL2A_20181204T063229_R077_T40QGK_20201008T072338_0001.jpg,S2B_MSIL2A_20181204T063229_R077_T40QGK_20201008T072338,0,2018-12,T40QGK,1e-06,0,0.7708928902716967
S2A_MSIL2A_20181209T063241_R077_T40QGK_20201030T235446_0000.jpg,S2A_MSIL2A_20181209T063241_R077_T40QGK_20201030T235446,0,2018-12,T40QGK,1e-06,0,0.7708928902716967
S2A_MSIL2A_20181209T063241_R077_T40QGK_20201030T235446_0001.jpg,S2A_MSIL2A_20181209T063241_R077_T40QGK_20201030T235446,0,2018-12,T40QGK,1e-06,0,0.7708928902716967
S2A_MSIL2A_20181219T063251_R077_T40QGK_20201008T112107_0000.jpg,S2A_MSIL2A_20181219T063251_R077_T40QGK_20201008T112107,1,2018-12,T40QGK,0.9981129487863691,1,0.7708928902716967
S2A_MSIL2A_20181219T063251_R077_T40QGK_20201008T112107_0001.jpg,S2A_MSIL2A_20181219T063251_R077_T40QGK_20201008T112107,1,2018-12,T40QGK,0.9980014768720066,1,0.7708928902716967
S2B_MSIL2A_20190103T063249_R077_T40QGK_20201007T223007_0000.jpg,S2B_MSIL2A_20190103T063249_R077_T40QGK_20201007T223007,0,2019-01,T40QGK,0.07445281195198024,0,0.7708928902716967
S2B_MSIL2A_20190103T063249_R077_T40QGK_20201007T223007_0001.jpg,S2B_MSIL2A_20190103T063249_R077_T40QGK_20201007T223007,0,2019-01,T40QGK,0.04217761570823196,0,0.7708928902716967
S2B_MSIL2A_20190113T063229_R077_T40QGK_20201008T011501_0000.jpg,S2B_MSIL2A_20190113T063229_R077_T40QGK_20201008T011501,0,2019-01,T40QGK,0.20557417864183478,0,0.7708928902716967
S2B_MSIL2A_20190113T063229_R077_T40QGK_20201008T011501_0001.jpg,S2B_MSIL2A_20190113T063229_R077_T40QGK_20201008T011501,0,2019-01,T40QGK,0.13361277327264862,0,0.7708928902716967
S2B_MSIL2A_20190123T063149_R077_T40QGK_20201008T040056_0000.jpg,S2B_MSIL2A_20190123T063149_R077_T40QGK_20201008T040056,0,2019-01,T40QGK,0.04344852900380547,0,0.7708928902716967
S2B_MSIL2A_20190123T063149_R077_T40QGK_20201008T040056_0001.jpg,S2B_MSIL2A_20190123T063149_R077_T40QGK_20201008T040056,0,2019-01,T40QGK,0.041245164337516516,0,0.7708928902716967
S2A_MSIL2A_20190128T063121_R077_T40QGK_20201008T051650_0000.jpg,S2A_MSIL2A_20190128T063121_R077_T40QGK_20201008T051650,1,2019-01,T40QGK,0.846608076989296,1,0.7708928902716967
S2A_MSIL2A_20190128T063121_R077_T40QGK_20201008T051650_0001.jpg,S2A_MSIL2A_20190128T063121_R077_T40QGK_20201008T051650,1,2019-01,T40QGK,0.8498973083004788,1,0.7708928902716967
S2A_MSIL2A_20190227T062821_R077_T40QGK_20201007T210606_0000.jpg,S2A_MSIL2A_20190227T062821_R077_T40QGK_20201007T210606,0,2019-02,T40QGK,0.3021129047360567,0,0.7708928902716967
S2A_MSIL2A_20190227T062821_R077_T40QGK_20201007T210606_0001.jpg,S2A_MSIL2A_20190227T062821_R077_T40QGK_20201007T210606,0,2019-02,T40QGK,0.2943380087642884,0,0.7708928902716967
S2B_MSIL2A_20190304T062749_R077_T40QGK_20201030T140917_0000.jpg,S2B_MSIL2A_20190304T062749_R077_T40QGK_20201030T140917,1,2019-03,T40QGK,0.5282259106260341,0,0.7708928902716967
S2B_MSIL2A_20190304T062749_R077_T40QGK_20201030T140917_0001.jpg,S2B_MSIL2A_20190304T062749_R077_T40QGK_20201030T140917,1,2019-03,T40QGK,0.5433713327228791,0,0.7708928902716967
S2A_MSIL2A_20190319T062631_R077_T40QGK_20201007T080841_0000.jpg,S2A_MSIL2A_20190319T062631_R077_T40QGK_20201007T080841,0,2019-03,T40QGK,0.11047420853368015,0,0.7708928902716967
S2A_MSIL2A_20190319T062631_R077_T40QGK_20201007T080841_0001.jpg,S2A_MSIL2A_20190319T062631_R077_T40QGK_20201007T080841,0,2019-03,T40QGK,0.13660778904265486,0,0.7708928902716967
S2A_MSIL2A_20190408T062631_R077_T40QGK_20201006T233313_0000.jpg,S2A_MSIL2A_20190408T062631_R077_T40QGK_20201006T233313,0,2019-04,T40QGK,0.302480721418004,0,0.7708928902716967
S2A_MSIL2A_20190408T062631_R077_T40QGK_20201006T233313_0001.jpg,S2A_MSIL2A_20190408T062631_R077_T40QGK_20201006T233313,0,2019-04,T40QGK,0.32441313623723766,0,0.7708928902716967
S2B_MSIL2A_20190423T062639_R077_T40QGK_20201105T161913_0000.jpg,S2B_MSIL2A_20190423T062639_R077_T40QGK_20201105T161913,0,2019-04,T40QGK,0.5179121519375847,0,0.7708928902716967
S2B_MSIL2A_20190423T062639_R077_T40QGK_20201105T161913_0001.jpg,S2B_MSIL2A_20190423T062639_R077_T40QGK_20201105T161913,0,2019-04,T40QGK,0.6453498797158316,0,0.7708928902716967
S2A_MSIL2A_20190428T062631_R077_T40QGK_20201105T205730_0000.jpg,S2A_MSIL2A_20190428T062631_R077_T40QGK_20201105T205730,0,2019-04,T40QGK,0.5571654181466645,0,0.7708928902716967
S2A_MSIL2A_20190428T062631_R077_T40QGK_20201105T205730_0001.jpg,S2A_MSIL2A_20190428T062631_R077_T40QGK_20201105T205730,0,2019-04,T40QGK,0.5839866899526324,0,0.7708928902716967
S2A_MSIL2A_20190508T062631_R077_T40QGK_20201006T112655_0000.jpg,S2A_MSIL2A_20190508T062631_R077_T40QGK_20201006T112655,0,2019-05,T40QGK,0.2960777347696155,0,0.7708928902716967
S2A_MSIL2A_20190508T062631_R077_T40QGK_20201006T112655_0001.jpg,S2A_MSIL2A_20190508T062631_R077_T40QGK_20201006T112655,0,2019-05,T40QGK,0.3126952687075265,0,0.7708928902716967
S2A_MSIL2A_20190518T062631_R077_T40QGK_20201006T153526_0000.jpg,S2A_MSIL2A_20190518T062631_R077_T40QGK_20201006T153526,0,2019-05,T40QGK,0.041131840324127464,0,0.7708928902716967
S2A_MSIL2A_20190518T062631_R077_T40QGK_20201006T153526_0001.jpg,S2A_MSIL2A_20190518T062631_R077_T40QGK_20201006T153526,0,2019-05,T40QGK,0.050983765737911406,0,0.7708928902716967
S2A_MSIL2A_20190528T062631_R077_T40QGK_20201006T191632_0000.jpg,S2A_MSIL2A_20190528T062631_R077_T40QGK_20201006T191632,1,2019-05,T40QGK,0.6675067597865729,0,0.7708928902716967
S2A_MSIL2A_20190528T062631_R077_T40QGK_20201006T191632_0001.jpg,S2A_MSIL2A_20190528T062631_R077_T40QGK_20201006T191632,1,2019-05,T40QGK,0.6673357272845467,0,0.7708928902716967
S2A_MSIL2A_20190607T062631_R077_T40QGK_20201005T230635_0000.jpg,S2A_MSIL2A_20190607T062631_R077_T40QGK_20201005T230635,0,2019-06,T40QGK,0.036035926068188916,0,0.7708928902716967
S2A_MSIL2A_20190607T062631_R077_T40QGK_20201005T230635_0001.jpg,S2A_MSIL2A_20190607T062631_R077_T40QGK_20201005T230635,0,2019-06,T40QGK,0.036286670661044206,0,0.7708928902716967
S2B_MSIL2A_20190612T062639_R077_T40QGK_20201006T012129_0000.jpg,S2B_MSIL2A_20190612T062639_R077_T40QGK_20201006T012129,0,2019-06,T40QGK,0.7942860407028618,1,0.7708928902716967
S2B_MSIL2A_20190612T062639_R077_T40QGK_20201006T012129_0001.jpg,S2B_MSIL2A_20190612T062639_R077_T40QGK_20201006T012129,0,2019-06,T40QGK,0.7996227461001356,1,0.7708928902716967
S2A_MSIL2A_20190707T062631_R077_T40QGK_20201005T102725_0000.jpg,S2A_MSIL2A_20190707T062631_R077_T40QGK_20201005T102725,0,2019-07,T40QGK,0.0992088479644946,0,0.7708928902716967
S2A_MSIL2A_20190707T062631_R077_T40QGK_20201005T102725_0001.jpg,S2A_MSIL2A_20190707T062631_R077_T40QGK_20201005T102725,0,2019-07,T40QGK,0.09579900341616211,0,0.7708928902716967
S2B_MSIL2A_20190722T062639_R077_T40QGK_20201005T180659_0000.jpg,S2B_MSIL2A_20190722T062639_R077_T40QGK_20201005T180659,0,2019-07,T40QGK,1e-06,0,0.7708928902716967
S2B_MSIL2A_20190722T062639_R077_T40QGK_20201005T180659_0001.jpg,S2B_MSIL2A_20190722T062639_R077_T40QGK_20201005T180659,0,2019-07,T40QGK,1e-06,0,0.7708928902716967
S2A_MSIL2A_20190727T062631_R077_T40QGK_20201106T025330_0000.jpg,S2A_MSIL2A_20190727T062631_R077_T40QGK_20201106T025330,0,2019-07,T40QGK,1e-06,0,0.7708928902716967
S2A_MSIL2A_20190727T062631_R077_T40QGK_20201106T025330_0001.jpg,S2A_MSIL2A_20190727T062631_R077_T40QGK_20201106T025330,0,2019-07,T40QGK,1e-06,0,0.7708928902716967
S2B_MSIL2A_20190801T062639_R077_T40QGK_20201004T191404_0000.jpg,S2B_MSIL2A_20190801T062639_R077_T40QGK_20201004T191404,0,2019-08,T40QGK,0.0109114994898067,0,0.7708928902716967
S2B_MSIL2A_20190801T062639_R077_T40QGK_20201004T191404_0001.jpg,S2B_MSIL2A_20190801T062639_R077_T40QGK_20201004T191404,0,2019-08,T40QGK,0.01148507696287547,0,0.7708928902716967
S2A_MSIL2A_20190816T062631_R077_T40QGK_20201005T005746_0000.jpg,S2A_MSIL2A_20190816T062631_R077_T40QGK_20201005T005746,0,2019-08,T40QGK,0.8841934744946774,1,0.7708928902716967
S2A_MSIL2A_20190816T062631_R077_T40QGK_20201005T005746_0001.jpg,S2A_MSIL2A_20190816T062631_R077_T40QGK_20201005T005746,0,2019-08,T40QGK,0.8961175230564575,1,0.7708928902716967
S2B_MSIL2A_20190910T062629_R077_T40QGK_20201004T113427_0000.jpg,S2B_MSIL2A_20190910T062629_R077_T40QGK_20201004T113427,1,2019-09,T40QGK,0.7531634551409042,0,0.7708928902716967
S2B_MSIL2A_20190910T062629_R077_T40QGK_20201004T113427_0001.jpg,S2B_MSIL2A_20190910T062629_R077_T40QGK_20201004T113427,1,2019-09,T40QGK,0.7536609491204993,0,0.7708928902716967
S2B_MSIL2A_20190920T062629_R077_T40QGK_20201004T152316_0000.jpg,S2B_MSIL2A_20190920T062629_R077_T40QGK_20201004T152316,0,2019-09,T40QGK,0.020840230833385136,0,0.7708928902716967
S2B_MSIL2A_20190920T062629_R077_T40QGK_20201004T152316_0001.jpg,S2B_MSIL2A_20190920T062629_R077_T40QGK_20201004T152316,0,2019-09,T40QGK,0.019860519344256377,0,0.7708928902716967
S2A_MSIL2A_20191015T062831_R077_T40QGK_20201004T022857_0000.jpg,S2A_MSIL2A_20191015T062831_R077_T40QGK_20201004T022857,0,2019-10,T40QGK,0.09778753409086988,0,0.7708928902716967
S2A_MSIL2A_20191015T062831_R077_T40QGK_20201004T022857_0001.jpg,S2A_MSIL2A_20191015T062831_R077_T40QGK_20201004T022857,0,2019-10,T40QGK,0.10736135052573331,0,0.7708928902716967
S2B_MSIL2A_20191020T062859_R077_T40QGK_20201004T042519_0000.jpg,S2B_MSIL2A_20191020T062859_R077_T40QGK_20201004T042519,0,2019-10,T40QGK,0.11644962046002424,0,0.7708928902716967
S2B_MSIL2A_20191020T062859_R077_T40QGK_20201004T042519_0001.jpg,S2B_MSIL2A_20191020T062859_R077_T40QGK_20201004T042519,0,2019-10,T40QGK,0.08672955156061743,0,0.7708928902716967
S2A_MSIL2A_20191025T062931_R077_T40QGK_20201004T055923_0000.jpg,S2A_MSIL2A_20191025T062931_R077_T40QGK_20201004T055923,0,2019-10,T40QGK,0.006508432706948017,0,0.7708928902716967
S2A_MSIL2A_20191025T062931_R077_T40QGK_20201004T055923_0001.jpg,S2A_MSIL2A_20191025T062931_R077_T40QGK_20201004T055923,0,2019-10,T40QGK,0.0032682595075178753,0,0.7708928902716967
S2A_MSIL2A_20191104T063031_R077_T40QGK_20201003T125640_0000.jpg,S2A_MSIL2A_20191104T063031_R077_T40QGK_20201003T125640,0,2019-11,T40QGK,0.028616289924340142,0,0.7708928902716967
S2A_MSIL2A_20191104T063031_R077_T40QGK_20201003T125640_0001.jpg,S2A_MSIL2A_20191104T063031_R077_T40QGK_20201003T125640,0,2019-11,T40QGK,0.03894678786828133,0,0.7708928902716967
S2B_MSIL2A_20191109T063059_R077_T40QGK_20201003T144754_0000.jpg,S2B_MSIL2A_20191109T063059_R077_T40QGK_20201003T144754,1,2019-11,T40QGK,0.8606836210637964,1,0.7708928902716967
S2B_MSIL2A_20191109T063059_R077_T40QGK_20201003T144754_0001.jpg,S2B_MSIL2A_20191109T063059_R077_T40QGK_20201003T144754,1,2019-11,T40QGK,0.8584233573156935,1,0.7708928902716967
S2B_MSIL2A_20191119T063139_R077_T40QGK_20201003T180524_0000.jpg,S2B_MSIL2A_20191119T063139_R077_T40QGK_20201003T180524,0,2019-11,T40QGK,0.16838153420629015,0,0.7708928902716967
S2B_MSIL2A_20191119T063139_R077_T40QGK_20201003T180524_0001.jpg,S2B_MSIL2A_20191119T063139_R077_T40QGK_20201003T180524,0,2019-11,T40QGK,0.07868196836233937,0,0.7708928902716967
S2B_MSIL2A_20191129T063219_R077_T40QGK_20201003T204846_0000.jpg,S2B_MSIL2A_20191129T063219_R077_T40QGK_20201003T204846,0,2019-11,T40QGK,0.31200450848966893,0,0.7708928902716967
S2B_MSIL2A_20191129T063219_R077_T40QGK_20201003T204846_0001.jpg,S2B_MSIL2A_20191129T063219_R077_T40QGK_20201003T204846,0,2019-11,T40QGK,0.19885418474803956,0,0.7708928902716967
S2B_MSIL2A_20191209T063239_R077_T40QGK_20201003T024733_0000.jpg,S2B_MSIL2A_20191209T063239_R077_T40QGK_20201003T024733,0,2019-12,T40QGK,0.013370550708883202,0,0.7708928902716967
S2B_MSIL2A_20191209T063239_R077_T40QGK_20201003T024733_0001.jpg,S2B_MSIL2A_20191209T063239_R077_T40QGK_20201003T024733,0,2019-12,T40QGK,0.03096078526320975,0,0.7708928902716967
S2A_MSIL2A_20191224T063251_R077_T40QGK_20201003T085730_0000.jpg,S2A_MSIL2A_20191224T063251_R077_T40QGK_20201003T085730,0,2019-12,T40QGK,0.695620348035048,0,0.7708928902716967
S2A_MSIL2A_20191224T063251_R077_T40QGK_20201003T085730_0001.jpg,S2A_MSIL2A_20191224T063251_R077_T40QGK_20201003T085730,0,2019-12,T40QGK,0.6235034566011796,0,0.7708928902716967
S2A_MSIL2A_20200103T063241_R077_T40QGK_20201002T221617_0000.jpg,S2A_MSIL2A_20200103T063241_R077_T40QGK_20201002T221617,0,2020-01,T40QGK,0.007143560423207991,0,0.7708928902716967
S2A_MSIL2A_20200103T063241_R077_T40QGK_20201002T221617_0001.jpg,S2A_MSIL2A_20200103T063241_R077_T40QGK_20201002T221617,0,2020-01,T40QGK,0.005679287844909533,0,0.7708928902716967
S2A_MSIL2A_20200113T063221_R077_T40QGK_20201002T180853_0000.jpg,S2A_MSIL2A_20200113T063221_R077_T40QGK_20201002T180853,0,2020-01,T40QGK,0.07395183246190931,0,0.7708928902716967
S2A_MSIL2A_20200113T063221_R077_T40QGK_20201002T180853_0001.jpg,S2A_MSIL2A_20200113T063221_R077_T40QGK_20201002T180853,0,2020-01,T40QGK,0.10172674066308769,0,0.7708928902716967
S2B_MSIL2A_20200118T063209_R077_T40QGK_20201002T202136_0000.jpg,S2B_MSIL2A_20200118T063209_R077_T40QGK_20201002T202136,1,2020-01,T40QGK,0.9589446638095752,1,0.7708928902716967
S2B_MSIL2A_20200118T063209_R077_T40QGK_20201002T202136_0001.jpg,S2B_MSIL2A_20200118T063209_R077_T40QGK_20201002T202136,1,2020-01,T40QGK,0.9395444501195591,1,0.7708928902716967
S2B_MSIL2A_20200128T063119_R077_T40QGK_20201002T134634_0000.jpg,S2B_MSIL2A_20200128T063119_R077_T40QGK_20201002T134634,0,2020-01,T40QGK,1e-06,0,0.7708928902716967
S2B_MSIL2A_20200128T063119_R077_T40QGK_20201002T134634_0001.jpg,S2B_MSIL2A_20200128T063119_R077_T40QGK_20201002T134634,0,2020-01,T40QGK,1e-06,0,0.7708928902716967
S2B_MSIL2A_20200207T063029_R077_T40QGK_20201001T062614_0000.jpg,S2B_MSIL2A_20200207T063029_R077_T40QGK_20201001T062614,1,2020-02,T40QGK,0.9903216148053303,1,0.7708928902716967
S2B_MSIL2A_20200207T063029_R077_T40QGK_20201001T062614_0001.jpg,S2B_MSIL2A_20200207T063029_R077_T40QGK_20201001T062614,1,2020-02,T40QGK,0.989641698075567,1,0.7708928902716967
S2B_MSIL2A_20200217T062929_R077_T40QGK_20200929T160912_0000.jpg,S2B_MSIL2A_20200217T062929_R077_T40QGK_20200929T160912,0,2020-02,T40QGK,0.3642509135041563,0,0.7708928902716967
S2B_MSIL2A_20200217T062929_R077_T40QGK_20200929T160912_0001.jpg,S2B_MSIL2A_20200217T062929_R077_T40QGK_20200929T160912,0,2020-02,T40QGK,0.4113342853446617,0,0.7708928902716967
S2B_MSIL2A_20200227T062819_R077_T40QGK_20200928T190758_0000.jpg,S2B_MSIL2A_20200227T062819_R077_T40QGK_20200928T190758,0,2020-02,T40QGK,0.0417035532521514,0,0.7708928902716967
S2B_MSIL2A_20200227T062819_R077_T40QGK_20200928T190758_0001.jpg,S2B_MSIL2A_20200227T062819_R077_T40QGK_20200928T190758,0,2020-02,T40QGK,0.035601637836740724,0,0.7708928902716967
S2B_MSIL2A_20200328T062629_R077_T40QGK_20201027T122258_0000.jpg,S2B_MSIL2A_20200328T062629_R077_T40QGK_20201027T122258,0,2020-03,T40QGK,0.2932612944786356,0,0.7708928902716967
S2B_MSIL2A_20200328T062629_R077_T40QGK_20201027T122258_0001.jpg,S2B_MSIL2A_20200328T062629_R077_T40QGK_20201027T122258,0,2020-03,T40QGK,0.2851977407420315,0,0.7708928902716967
S2A_MSIL2A_20200402T062621_R077_T40QGK_20200924T160400_0000.jpg,S2A_MSIL2A_20200402T062621_R077_T40QGK_20200924T160400,0,2020-04,T40QGK,0.34619376992843226,0,0.7708928902716967
S2A_MSIL2A_20200402T062621_R077_T40QGK_20200924T160400_0001.jpg,S2A_MSIL2A_20200402T062621_R077_T40QGK_20200924T160400,0,2020-04,T40QGK,0.3990170680019132,0,0.7708928902716967
S2B_MSIL2A_20200427T062629_R077_T40QGK_20200922T082449_0000.jpg,S2B_MSIL2A_20200427T062629_R077_T40QGK_20200922T082449,0,2020-04,T40QGK,0.5494712010489918,0,0.7708928902716967
S2B_MSIL2A_20200427T062629_R077_T40QGK_20200922T082449_0001.jpg,S2B_MSIL2A_20200427T062629_R077_T40QGK_20200922T082449,0,2020-04,T40QGK,0.5584433071658806,0,0.7708928902716967
S2B_MSIL2A_20200507T062629_R077_T40QGK_20200920T220121_0000.jpg,S2B_MSIL2A_20200507T062629_R077_T40QGK_20200920T220121,0,2020-05,T40QGK,0.018444356447860907,0,0.7708928902716967
S2B_MSIL2A_20200507T062629_R077_T40QGK_20200920T220121_0001.jpg,S2B_MSIL2A_20200507T062629_R077_T40QGK_20200920T220121,0,2020-05,T40QGK,0.01488191933146061,0,0.7708928902716967
S2A_MSIL2A_20200522T062631_R077_T40QGK_20200910T130325_0000.jpg,S2A_MSIL2A_20200522T062631_R077_T40QGK_20200910T130325,1,2020-05,T40QGK,0.9035156294491662,1,0.7708928902716967
S2A_MSIL2A_20200522T062631_R077_T40QGK_20200910T130325_0001.jpg,S2A_MSIL2A_20200522T062631_R077_T40QGK_20200910T130325,1,2020-05,T40QGK,0.8652067730478782,1,0.7708928902716967
S2B_MSIL2A_20200527T062629_R077_T40QGK_20200911T043843_0000.jpg,S2B_MSIL2A_20200527T062629_R077_T40QGK_20200911T043843,1,2020-05,T40QGK,0.8973882087201146,1,0.7708928902716967
S2B_MSIL2A_20200527T062629_R077_T40QGK_20200911T043843_0001.jpg,S2B_MSIL2A_20200527T062629_R077_T40QGK_20200911T043843,1,2020-05,T40QGK,0.8925358634220195,1,0.7708928902716967
S2A_MSIL2A_20200611T062631_R077_T40QGK_20200909T170241_0000.jpg,S2A_MSIL2A_20200611T062631_R077_T40QGK_20200909T170241,0,2020-06,T40QGK,0.36024776321770907,0,0.7708928902716967
S2A_MSIL2A_20200611T062631_R077_T40QGK_20200909T170241_0001.jpg,S2A_MSIL2A_20200611T062631_R077_T40QGK_20200909T170241,0,2020-06,T40QGK,0.36993057660642287,0,0.7708928902716967
S2B_MSIL2A_20200626T062629_R077_T40QGK_20200824T052037_0000.jpg,S2B_MSIL2A_20200626T062629_R077_T40QGK_20200824T052037,0,2020-06,T40QGK,0.44501143594298537,0,0.7708928902716967
S2B_MSIL2A_20200626T062629_R077_T40QGK_20200824T052037_0001.jpg,S2B_MSIL2A_20200626T062629_R077_T40QGK_20200824T052037,0,2020-06,T40QGK,0.3291743300113168,0,0.7708928902716967
S2A_MSIL2A_20200701T062631_R077_T40QGK_20200824T190158_0000.jpg,S2A_MSIL2A_20200701T062631_R077_T40QGK_20200824T190158,0,2020-07,T40QGK,0.002324342713658258,0,0.7708928902716967
S2A_MSIL2A_20200701T062631_R077_T40QGK_20200824T190158_0001.jpg,S2A_MSIL2A_20200701T062631_R077_T40QGK_20200824T190158,0,2020-07,T40QGK,0.002190040491870142,0,0.7708928902716967
S2A_MSIL2A_20200721T062631_R077_T40QGK_20200816T230033_0000.jpg,S2A_MSIL2A_20200721T062631_R077_T40QGK_20200816T230033,1,2020-07,T40QGK,0.03057031854726262,0,0.7708928902716967
S2A_MSIL2A_20200721T062631_R077_T40QGK_20200816T230033_0001.jpg,S2A_MSIL2A_20200721T062631_R077_T40QGK_20200816T230033,1,2020-07,T40QGK,0.029163374505493875,0,0.7708928902716967
S2A_MSIL2A_20200731T062631_R077_T40QGK_20200818T061733_0000.jpg,S2A_MSIL2A_20200731T062631_R077_T40QGK_20200818T061733,1,2020-07,T40QGK,0.8272639578725095,1,0.7708928902716967
S2A_MSIL2A_20200731T062631_R077_T40QGK_20200818T061733_0001.jpg,S2A_MSIL2A_20200731T062631_R077_T40QGK_20200818T061733,1,2020-07,T40QGK,0.8871945273094373,1,0.7708928902716967
S2B_MSIL2A_20200805T062629_R077_T40QGK_20200815T032734_0000.jpg,S2B_MSIL2A_20200805T062629_R077_T40QGK_20200815T032734,0,2020-08,T40QGK,0.18173038817407436,0,0.7708928902716967
S2A_MSIL2A_20200810T062631_R077_T40QGK_20200814T163206_0000.jpg,S2A_MSIL2A_20200810T062631_R077_T40QGK_20200814T163206,0,2020-08,T40QGK,0.18225486876911412,0,0.7708928902716967
S2A_MSIL2A_20200810T062631_R077_T40QGK_20200814T163206_0001.jpg,S2A_MSIL2A_20200810T062631_R077_T40QGK_20200814T163206,0,2020-08,T40QGK,0.16992949571112723,0,0.7708928902716967
S2A_MSIL2A_20200820T062631_R077_T40QGK_20200908T232001_0000.jpg,S2A_MSIL2A_20200820T062631_R077_T40QGK_20200908T232001,0,2020-08,T40QGK,0.006341011921272224,0,0.7708928902716967
S2A_MSIL2A_20200820T062631_R077_T40QGK_20200908T232001_0001.jpg,S2A_MSIL2A_20200820T062631_R077_T40QGK_20200908T232001,0,2020-08,T40QGK,0.007918810539604852,0,0.7708928902716967
S2B_MSIL2A_20200904T062629_R077_T40QGK_20200908T015514_0000.jpg,S2B_MSIL2A_20200904T062629_R077_T40QGK_20200908T015514,0,2020-09,T40QGK,1e-06,0,0.7708928902716967
S2B_MSIL2A_20200904T062629_R077_T40QGK_20200908T015514_0001.jpg,S2B_MSIL2A_20200904T062629_R077_T40QGK_20200908T015514,0,2020-09,T40QGK,1e-06,0,0.7708928902716967
S2A_MSIL2A_20200909T062631_R077_T40QGK_20200919T090132_0000.jpg,S2A_MSIL2A_20200909T062631_R077_T40QGK_20200919T090132,0,2020-09,T40QGK,0.539611465142504,0,0.7708928902716967
S2A_MSIL2A_20200909T062631_R077_T40QGK_20200919T090132_0001.jpg,S2A_MSIL2A_20200909T062631_R077_T40QGK_20200919T090132,0,2020-09,T40QGK,0.6537695258517008,0,0.7708928902716967
S2A_MSIL2A_20200919T062631_R077_T40QGK_20200922T213459_0000.jpg,S2A_MSIL2A_20200919T062631_R077_T40QGK_20200922T213459,0,2020-09,T40QGK,0.4736923287202683,0,0.7708928902716967
S2A_MSIL2A_20200919T062631_R077_T40QGK_20200922T213459_0001.jpg,S2A_MSIL2A_20200919T062631_R077_T40QGK_20200922T213459,0,2020-09,T40QGK,0.44633908945215567,0,0.7708928902716967
S2A_MSIL2A_20200929T062651_R077_T40QGK_20201001T173451_0000.jpg,S2A_MSIL2A_20200929T062651_R077_T40QGK_20201001T173451,0,2020-09,T40QGK,0.40734024195436075,0,0.7708928902716967
S2A_MSIL2A_20200929T062651_R077_T40QGK_20201001T173451_0001.jpg,S2A_MSIL2A_20200929T062651_R077_T40QGK_20201001T173451,0,2020-09,T40QGK,0.3995173105508834,0,0.7708928902716967
S2B_MSIL2A_20201004T062719_R077_T40QGK_20201006T041306_0000.jpg,S2B_MSIL2A_20201004T062719_R077_T40QGK_20201006T041306,1,2020-10,T40QGK,0.937700936195806,1,0.7708928902716967
S2B_MSIL2A_20201004T062719_R077_T40QGK_20201006T041306_0001.jpg,S2B_MSIL2A_20201004T062719_R077_T40QGK_20201006T041306,1,2020-10,T40QGK,0.9414140960547612,1,0.7708928902716967
S2B_MSIL2A_20201024T062939_R077_T40QGK_20201029T170956_0000.jpg,S2B_MSIL2A_20201024T062939_R077_T40QGK_20201029T170956,0,2020-10,T40QGK,0.0024553939245514364,0,0.7708928902716967
S2B_MSIL2A_20201024T062939_R077_T40QGK_20201029T170956_0001.jpg,S2B_MSIL2A_20201024T062939_R077_T40QGK_20201029T170956,0,2020-10,T40QGK,0.0011757127576798691,0,0.7708928902716967
S2A_MSIL2A_20201029T063011_R077_T40QGK_20201101T123504_0000.jpg,S2A_MSIL2A_20201029T063011_R077_T40QGK_20201101T123504,0,2020-10,T40QGK,0.0022254445490205673,0,0.7708928902716967
S2A_MSIL2A_20201029T063011_R077_T40QGK_20201101T123504_0001.jpg,S2A_MSIL2A_20201029T063011_R077_T40QGK_20201101T123504,0,2020-10,T40QGK,0.00182672141615897,0,0.7708928902716967
S2B_MSIL2A_20201123T063159_R077_T40QGK_20201124T114709_0000.jpg,S2B_MSIL2A_20201123T063159_R077_T40QGK_20201124T114709,0,2020-11,T40QGK,0.16471167463926653,0,0.7708928902716967
S2B_MSIL2A_20201123T063159_R077_T40QGK_20201124T114709_0001.jpg,S2B_MSIL2A_20201123T063159_R077_T40QGK_20201124T114709,0,2020-11,T40QGK,0.1830437388247004,0,0.7708928902716967
S2A_MSIL2A_20201128T063221_R077_T40QGK_20201128T225721_0000.jpg,S2A_MSIL2A_20201128T063221_R077_T40QGK_20201128T225721,1,2020-11,T40QGK,0.4419533389199902,0,0.7708928902716967
S2A_MSIL2A_20201128T063221_R077_T40QGK_20201128T225721_0001.jpg,S2A_MSIL2A_20201128T063221_R077_T40QGK_20201128T225721,1,2020-11,T40QGK,0.43635716796764934,0,0.7708928902716967
S2B_MSIL2A_20201203T063229_R077_T40QGK_20201204T003203_0000.jpg,S2B_MSIL2A_20201203T063229_R077_T40QGK_20201204T003203,0,2020-12,T40QGK,0.010324585486899098,0,0.7708928902716967
S2B_MSIL2A_20201203T063229_R077_T40QGK_20201204T003203_0001.jpg,S2B_MSIL2A_20201203T063229_R077_T40QGK_20201204T003203,0,2020-12,T40QGK,0.010375178601608156,0,0.7708928902716967
S2B_MSIL2A_20201213T063249_R077_T40QGK_20201214T024845_0000.jpg,S2B_MSIL2A_20201213T063249_R077_T40QGK_20201214T024845,1,2020-12,T40QGK,0.9568901542772243,1,0.7708928902716967
S2B_MSIL2A_20201213T063249_R077_T40QGK_20201214T024845_0001.jpg,S2B_MSIL2A_20201213T063249_R077_T40QGK_20201214T024845,1,2020-12,T40QGK,0.9439160426927898,1,0.7708928902716967
S2A_MSIL2A_20201218T063301_R077_T40QGK_20201218T211405_0000.jpg,S2A_MSIL2A_20201218T063301_R077_T40QGK_20201218T211405,0,2020-12,T40QGK,0.559683582564578,0,0.7708928902716967
S2A_MSIL2A_20201218T063301_R077_T40QGK_20201218T211405_0001.jpg,S2A_MSIL2A_20201218T063301_R077_T40QGK_20201218T211405,0,2020-12,T40QGK,0.6283781160651146,0,0.7708928902716967
S2B_MSIL2A_20210102T063249_R077_T40QGK_20210102T170355_0000.jpg,S2B_MSIL2A_20210102T063249_R077_T40QGK_20210102T170355,0,2021-01,T40QGK,0.009285384054684645,0,0.7708928902716967
S2B_MSIL2A_20210102T063249_R077_T40QGK_20210102T170355_0001.jpg,S2B_MSIL2A_20210102T063249_R077_T40QGK_20210102T170355,0,2021-01,T40QGK,0.012331114145251783,0,0.7708928902716967
S2A_MSIL2A_20210117T063211_R077_T40QGK_20210117T133733_0000.jpg,S2A_MSIL2A_20210117T063211_R077_T40QGK_20210117T133733,0,2021-01,T40QGK,0.13928806671080848,0,0.7708928902716967
S2A_MSIL2A_20210117T063211_R077_T40QGK_20210117T133733_0001.jpg,S2A_MSIL2A_20210117T063211_R077_T40QGK_20210117T133733,0,2021-01,T40QGK,0.12148662363242822,0,0.7708928902716967
S2A_MSIL2A_20210127T063131_R077_T40QGK_20210201T084320_0000.jpg,S2A_MSIL2A_20210127T063131_R077_T40QGK_20210201T084320,0,2021-01,T40QGK,0.09475425866561372,0,0.7708928902716967
S2A_MSIL2A_20210127T063131_R077_T40QGK_20210201T084320_0001.jpg,S2A_MSIL2A_20210127T063131_R077_T40QGK_20210201T084320,0,2021-01,T40QGK,0.08206266092567907,0,0.7708928902716967
S2B_MSIL2A_20210201T063059_R077_T40QGK_20210202T030501_0000.jpg,S2B_MSIL2A_20210201T063059_R077_T40QGK_20210202T030501,0,2021-02,T40QGK,0.02552024526344186,0,0.7708928902716967
S2B_MSIL2A_20210201T063059_R077_T40QGK_20210202T030501_0001.jpg,S2B_MSIL2A_20210201T063059_R077_T40QGK_20210202T030501,0,2021-02,T40QGK,0.02437848539826586,0,0.7708928902716967
S2A_MSIL2A_20210216T062931_R077_T40QGK_20210419T220612_0000.jpg,S2A_MSIL2A_20210216T062931_R077_T40QGK_20210419T220612,0,2021-02,T40QGK,0.020574178238306075,0,0.7708928902716967
S2A_MSIL2A_20210216T062931_R077_T40QGK_20210419T220612_0001.jpg,S2A_MSIL2A_20210216T062931_R077_T40QGK_20210419T220612,0,2021-02,T40QGK,0.03380832095678838,0,0.7708928902716967
S2B_MSIL2A_20210221T062859_R077_T40QGK_20210221T170349_0000.jpg,S2B_MSIL2A_20210221T062859_R077_T40QGK_20210221T170349,0,2021-02,T40QGK,0.04557710274289827,0,0.7708928902716967
S2B_MSIL2A_20210221T062859_R077_T40QGK_20210221T170349_0001.jpg,S2B_MSIL2A_20210221T062859_R077_T40QGK_20210221T170349,0,2021-02,T40QGK,0.034536719623597514,0,0.7708928902716967
S2A_MSIL2A_20210226T062831_R077_T40QGK_20210226T162504_0000.jpg,S2A_MSIL2A_20210226T062831_R077_T40QGK_20210226T162504,1,2021-02,T40QGK,0.9220227176662218,1,0.7708928902716967
S2A_MSIL2A_20210226T062831_R077_T40QGK_20210226T162504_0001.jpg,S2A_MSIL2A_20210226T062831_R077_T40QGK_20210226T162504,1,2021-02,T40QGK,0.9518435800222129,1,0.7708928902716967
S2B_MSIL2A_20210303T062749_R077_T40QGK_20210303T181528_0000.jpg,S2B_MSIL2A_20210303T062749_R077_T40QGK_20210303T181528,1,2021-03,T40QGK,0.9909704707882152,1,0.7708928902716967
S2B_MSIL2A_20210303T062749_R077_T40QGK_20210303T181528_0001.jpg,S2B_MSIL2A_20210303T062749_R077_T40QGK_20210303T181528,1,2021-03,T40QGK,0.9947541758122983,1,0.7708928902716967
S2B_MSIL2A_20210313T062639_R077_T40QGK_20210314T064921_0000.jpg,S2B_MSIL2A_20210313T062639_R077_T40QGK_20210314T064921,0,2021-03,T40QGK,0.8160223790644638,1,0.7708928902716967
S2B_MSIL2A_20210313T062639_R077_T40QGK_20210314T064921_0001.jpg,S2B_MSIL2A_20210313T062639_R077_T40QGK_20210314T064921,0,2021-03,T40QGK,0.8118019212297152,1,0.7708928902716967
S2A_MSIL2A_20210318T062631_R077_T40QGK_20210318T231249_0000.jpg,S2A_MSIL2A_20210318T062631_R077_T40QGK_20210318T231249,0,2021-03,T40QGK,0.08401614903480767,0,0.7708928902716967
S2A_MSIL2A_20210318T062631_R077_T40QGK_20210318T231249_0001.jpg,S2A_MSIL2A_20210318T062631_R077_T40QGK_20210318T231249,0,2021-03,T40QGK,0.08674501874749758,0,0.7708928902716967
S2A_MSIL2A_20210328T062631_R077_T40QGK_20210328T155521_0000.jpg,S2A_MSIL2A_20210328T062631_R077_T40QGK_20210328T155521,0,2021-03,T40QGK,0.0006654071423205782,0,0.7708928902716967
S2A_MSIL2A_20210328T062631_R077_T40QGK_20210328T155521_0001.jpg,S2A_MSIL2A_20210328T062631_R077_T40QGK_20210328T155521,0,2021-03,T40QGK,0.0013236423865957136,0,0.7708928902716967
S2B_MSIL2A_20210412T062629_R077_T40QGK_20210412T193636_0000.jpg,S2B_MSIL2A_20210412T062629_R077_T40QGK_20210412T193636,0,2021-04,T40QGK,0.49886621107846857,0,0.7708928902716967
S2B_MSIL2A_20210412T062629_R077_T40QGK_20210412T193636_0001.jpg,S2B_MSIL2A_20210412T062629_R077_T40QGK_20210412T193636,0,2021-04,T40QGK,0.5492907841374067,0,0.7708928902716967
S2B_MSIL2A_20210422T062619_R077_T40QGK_20210422T190539_0000.jpg,S2B_MSIL2A_20210422T062619_R077_T40QGK_20210422T190539,0,2021-04,T40QGK,0.15889472348228412,0,0.7708928902716967
S2B_MSIL2A_20210422T062619_R077_T40QGK_20210422T190539_0001.jpg,S2B_MSIL2A_20210422T062619_R077_T40QGK_20210422T190539,0,2021-04,T40QGK,0.18165355560790647,0,0.7708928902716967
S2A_MSIL2A_20210517T062631_R077_T40QGK_20210518T213035_0000.jpg,S2A_MSIL2A_20210517T062631_R077_T40QGK_20210518T213035,0,2021-05,T40QGK,0.03779863484761428,0,0.7708928902716967
S2A_MSIL2A_20210517T062631_R077_T40QGK_20210518T213035_0001.jpg,S2A_MSIL2A_20210517T062631_R077_T40QGK_20210518T213035,0,2021-05,T40QGK,0.05116325883492446,0,0.7708928902716967
S2A_MSIL2A_20210527T062631_R077_T40QGK_20210527T191240_0000.jpg,S2A_MSIL2A_20210527T062631_R077_T40QGK_20210527T191240,0,2021-05,T40QGK,0.7200731554017553,0,0.7708928902716967
S2A_MSIL2A_20210527T062631_R077_T40QGK_20210527T191240_0001.jpg,S2A_MSIL2A_20210527T062631_R077_T40QGK_20210527T191240,0,2021-05,T40QGK,0.7607698191182424,0,0.7708928902716967
S2B_MSIL2A_20210601T062629_R077_T40QGK_20210601T190244_0000.jpg,S2B_MSIL2A_20210601T062629_R077_T40QGK_20210601T190244,0,2021-06,T40QGK,0.02956550786373094,0,0.7708928902716967
S2B_MSIL2A_20210601T062629_R077_T40QGK_20210601T190244_0001.jpg,S2B_MSIL2A_20210601T062629_R077_T40QGK_20210601T190244,0,2021-06,T40QGK,0.040904258568757505,0,0.7708928902716967
S2A_MSIL2A_20210616T062631_R077_T40QGK_20210616T222753_0000.jpg,S2A_MSIL2A_20210616T062631_R077_T40QGK_20210616T222753,0,2021-06,T40QGK,0.7742260370742945,1,0.7708928902716967
S2A_MSIL2A_20210616T062631_R077_T40QGK_20210616T222753_0001.jpg,S2A_MSIL2A_20210616T062631_R077_T40QGK_20210616T222753,0,2021-06,T40QGK,0.7587580022529511,0,0.7708928902716967
S2B_MSIL2A_20210711T062629_R077_T40QGK_20210711T172322_0000.jpg,S2B_MSIL2A_20210711T062629_R077_T40QGK_20210711T172322,0,2021-07,T40QGK,0.12408064032362626,0,0.7708928902716967
S2B_MSIL2A_20210711T062629_R077_T40QGK_20210711T172322_0001.jpg,S2B_MSIL2A_20210711T062629_R077_T40QGK_20210711T172322,0,2021-07,T40QGK,0.12293084353163153,0,0.7708928902716967
S2B_MSIL2A_20210721T062629_R077_T40QGK_20210723T003013_0000.jpg,S2B_MSIL2A_20210721T062629_R077_T40QGK_20210723T003013,0,2021-07,T40QGK,0.015950960275772072,0,0.7708928902716967
S2B_MSIL2A_20210721T062629_R077_T40QGK_20210723T003013_0001.jpg,S2B_MSIL2A_20210721T062629_R077_T40QGK_20210723T003013,0,2021-07,T40QGK,0.01957076570201049,0,0.7708928902716967
S2B_MSIL2A_20210731T062629_R077_T40QGK_20210731T195630_0000.jpg,S2B_MSIL2A_20210731T062629_R077_T40QGK_20210731T195630,0,2021-07,T40QGK,0.11140122484757219,0,0.7708928902716967
S2B_MSIL2A_20210731T062629_R077_T40QGK_20210731T195630_0001.jpg,S2B_MSIL2A_20210731T062629_R077_T40QGK_20210731T195630,0,2021-07,T40QGK,0.11195472875172896,0,0.7708928902716967
S2A_MSIL2A_20210815T062631_R077_T40QGK_20210815T134405_0000.jpg,S2A_MSIL2A_20210815T062631_R077_T40QGK_20210815T134405,0,2021-08,T40QGK,0.2631885998239755,0,0.7708928902716967
S2A_MSIL2A_20210815T062631_R077_T40QGK_20210815T134405_0001.jpg,S2A_MSIL2A_20210815T062631_R077_T40QGK_20210815T134405,0,2021-08,T40QGK,0.24436563495691405,0,0.7708928902716967
S2B_MSIL2A_20210820T062629_R077_T40QGK_20210820T145759_0000.jpg,S2B_MSIL2A_20210820T062629_R077_T40QGK_20210820T145759,0,2021-08,T40QGK,0.23909291654817771,0,0.7708928902716967
S2B_MSIL2A_20210820T062629_R077_T40QGK_20210820T145759_0001.jpg,S2B_MSIL2A_20210820T062629_R077_T40QGK_20210820T145759,0,2021-08,T40QGK,0.27216799089508525,0,0.7708928902716967
S2A_MSIL2A_20210825T062631_R077_T40QGK_20210825T165600_0000.jpg,S2A_MSIL2A_20210825T062631_R077_T40QGK_20210825T165600,0,2021-08,T40QGK,0.6291640628121351,0,0.7708928902716967
S2A_MSIL2A_20210825T062631_R077_T40QGK_20210825T165600_0001.jpg,S2A_MSIL2A_20210825T062631_R077_T40QGK_20210825T165600,0,2021-08,T40QGK,0.6131474310571595,0,0.7708928902716967
S2A_MSIL2A_20210914T062631_R077_T40QGK_20210914T200235_0000.jpg,S2A_MSIL2A_20210914T062631_R077_T40QGK_20210914T200235,0,2021-09,T40QGK,0.2408020301901214,0,0.7708928902716967
S2A_MSIL2A_20210914T062631_R077_T40QGK_20210914T200235_0001.jpg,S2A_MSIL2A_20210914T062631_R077_T40QGK_20210914T200235,0,2021-09,T40QGK,0.23543100479610868,0,0.7708928902716967
S2B_MSIL2A_20210919T062629_R077_T40QGK_20210919T182836_0000.jpg,S2B_MSIL2A_20210919T062629_R077_T40QGK_20210919T182836,0,2021-09,T40QGK,0.16244556817936634,0,0.7708928902716967
S2B_MSIL2A_20210919T062629_R077_T40QGK_20210919T182836_0001.jpg,S2B_MSIL2A_20210919T062629_R077_T40QGK_20210919T182836,0,2021-09,T40QGK,0.13439217922574814,0,0.7708928902716967
S2A_MSIL2A_20211004T062721_R077_T40QGK_20211004T155328_0000.jpg,S2A_MSIL2A_20211004T062721_R077_T40QGK_20211004T155328,1,2021-10,T40QGK,0.8694537702422364,1,0.7708928902716967
S2A_MSIL2A_20211004T062721_R077_T40QGK_20211004T155328_0001.jpg,S2A_MSIL2A_20211004T062721_R077_T40QGK_20211004T155328,1,2021-10,T40QGK,0.8537729684417986,1,0.7708928902716967
S2B_MSIL2A_20211009T062749_R077_T40QGK_20211009T200850_0000.jpg,S2B_MSIL2A_20211009T062749_R077_T40QGK_20211009T200850,0,2021-10,T40QGK,0.014749988130610455,0,0.7708928902716967
S2B_MSIL2A_20211009T062749_R077_T40QGK_20211009T200850_0001.jpg,S2B_MSIL2A_20211009T062749_R077_T40QGK_20211009T200850,0,2021-10,T40QGK,0.014671017541003216,0,0.7708928902716967
S2A_MSIL2A_20211103T063031_R077_T40QGK_20211104T130056_0000.jpg,S2A_MSIL2A_20211103T063031_R077_T40QGK_20211104T130056,1,2021-11,T40QGK,0.6103911867720806,0,0.7708928902716967
S2A_MSIL2A_20211103T063031_R077_T40QGK_20211104T130056_0001.jpg,S2A_MSIL2A_20211103T063031_R077_T40QGK_20211104T130056,1,2021-11,T40QGK,0.5260232487181491,0,0.7708928902716967
S2A_MSIL2A_20211113T063121_R077_T40QGK_20211113T150353_0000.jpg,S2A_MSIL2A_20211113T063121_R077_T40QGK_20211113T150353,0,2021-11,T40QGK,0.01737607505901766,0,0.7708928902716967
S2A_MSIL2A_20211113T063121_R077_T40QGK_20211113T150353_0001.jpg,S2A_MSIL2A_20211113T063121_R077_T40QGK_20211113T150353,0,2021-11,T40QGK,0.028346089365621586,0,0.7708928902716967
S2B_MSIL2A_20211128T063219_R077_T40QGK_20211129T032607_0000.jpg,S2B_MSIL2A_20211128T063219_R077_T40QGK_20211129T032607,1,2021-11,T40QGK,0.354906831595542,0,0.7708928902716967
S2B_MSIL2A_20211128T063219_R077_T40QGK_20211129T032607_0001.jpg,S2B_MSIL2A_20211128T063219_R077_T40QGK_20211129T032607,1,2021-11,T40QGK,0.44790712329485916,0,0.7708928902716967
S2A_MSIL2A_20211203T063231_R077_T40QGK_20230130T040034_0000.jpg,S2A_MSIL2A_20211203T063231_R077_T40QGK_20230130T040034,0,2021-12,T40QGK,0.14228031521704684,0,0.7708928902716967
S2A_MSIL2A_20211203T063231_R077_T40QGK_20230130T040034_0001.jpg,S2A_MSIL2A_20211203T063231_R077_T40QGK_20230130T040034,0,2021-12,T40QGK,0.09778546627899615,0,0.7708928902716967
S2A_MSIL2A_20211223T063301_R077_T40QGK_20230128T110121_0000.jpg,S2A_MSIL2A_20211223T063301_R077_T40QGK_20230128T110121,1,2021-12,T40QGK,0.2760957170786748,0,0.7708928902716967
S2A_MSIL2A_20211223T063301_R077_T40QGK_20230128T110121_0001.jpg,S2A_MSIL2A_20211223T063301_R077_T40QGK_20230128T110121,1,2021-12,T40QGK,0.27426805207265276,0,0.7708928902716967
S2B_MSIL2A_20211228T063249_R077_T40QGK_20211228T131817_0000.jpg,S2B_MSIL2A_20211228T063249_R077_T40QGK_20211228T131817,1,2021-12,T40QGK,0.8605190207316076,1,0.7708928902716967
S2B_MSIL2A_20211228T063249_R077_T40QGK_20211228T131817_0001.jpg,S2B_MSIL2A_20211228T063249_R077_T40QGK_20211228T131817,1,2021-12,T40QGK,0.8166523959990039,1,0.7708928902716967
S2B_MSIL2A_20220107T063239_R077_T40QGK_20220107T122412_0000.jpg,S2B_MSIL2A_20220107T063239_R077_T40QGK_20220107T122412,0,2022-01,T40QGK,0.030908327776708763,0,0.7708928902716967
S2B_MSIL2A_20220107T063239_R077_T40QGK_20220107T122412_0001.jpg,S2B_MSIL2A_20220107T063239_R077_T40QGK_20220107T122412,0,2022-01,T40QGK,0.03462393518460377,0,0.7708928902716967
S2B_MSIL2A_20220117T063209_R077_T40QGK_20220117T195206_0000.jpg,S2B_MSIL2A_20220117T063209_R077_T40QGK_20220117T195206,1,2022-01,T40QGK,0.8863484113471397,1,0.7708928902716967
S2B_MSIL2A_20220117T063209_R077_T40QGK_20220117T195206_0001.jpg,S2B_MSIL2A_20220117T063209_R077_T40QGK_20220117T195206,1,2022-01,T40QGK,0.8918598983472026,1,0.7708928902716967
S2B_MSIL2A_20220127T063129_R077_T40QGK_20220212T112349_0000.jpg,S2B_MSIL2A_20220127T063129_R077_T40QGK_20220212T112349,0,2022-01,T40QGK,0.00733801741466856,0,0.7708928902716967
S2B_MSIL2A_20220127T063129_R077_T40QGK_20220212T112349_0001.jpg,S2B_MSIL2A_20220127T063129_R077_T40QGK_20220212T112349,0,2022-01,T40QGK,0.006067898571717253,0,0.7708928902716967
S2A_MSIL2A_20220221T062901_R077_T40QGK_20220228T014818_0000.jpg,S2A_MSIL2A_20220221T062901_R077_T40QGK_20220228T014818,0,2022-02,T40QGK,0.38373493732675706,0,0.7708928902716967
S2A_MSIL2A_20220221T062901_R077_T40QGK_20220228T014818_0001.jpg,S2A_MSIL2A_20220221T062901_R077_T40QGK_20220228T014818,0,2022-02,T40QGK,0.42007398006895874,0,0.7708928902716967
S2B_MSIL2A_20220226T062819_R077_T40QGK_20220302T062015_0000.jpg,S2B_MSIL2A_20220226T062819_R077_T40QGK_20220302T062015,0,2022-02,T40QGK,0.18788580958117457,0,0.7708928902716967
S2B_MSIL2A_20220226T062819_R077_T40QGK_20220302T062015_0001.jpg,S2B_MSIL2A_20220226T062819_R077_T40QGK_20220302T062015,0,2022-02,T40QGK,0.1832556539607063,0,0.7708928902716967
S2A_MSIL2A_20220303T062751_R077_T40QGK_20220304T140237_0000.jpg,S2A_MSIL2A_20220303T062751_R077_T40QGK_20220304T140237,1,2022-03,T40QGK,0.9914893670240654,1,0.7708928902716967
S2A_MSIL2A_20220303T062751_R077_T40QGK_20220304T140237_0001.jpg,S2A_MSIL2A_20220303T062751_R077_T40QGK_20220304T140237,1,2022-03,T40QGK,0.9931042260907738,1,0.7708928902716967
S2B_MSIL2A_20220318T062629_R077_T40QGK_20220318T205127_0000.jpg,S2B_MSIL2A_20220318T062629_R077_T40QGK_20220318T205127,0,2022-03,T40QGK,0.024392535488371454,0,0.7708928902716967
S2B_MSIL2A_20220318T062629_R077_T40QGK_20220318T205127_0001.jpg,S2B_MSIL2A_20220318T062629_R077_T40QGK_20220318T205127,0,2022-03,T40QGK,0.02785183904611239,0,0.7708928902716967
S2B_MSIL2A_20220328T062629_R077_T40QGK_20220328T185029_0000.jpg,S2B_MSIL2A_20220328T062629_R077_T40QGK_20220328T185029,0,2022-03,T40QGK,0.013780431946686433,0,0.7708928902716967
S2B_MSIL2A_20220328T062629_R077_T40QGK_20220328T185029_0001.jpg,S2B_MSIL2A_20220328T062629_R077_T40QGK_20220328T185029,0,2022-03,T40QGK,0.0137760718102545,0,0.7708928902716967
S2A_MSIL2A_20220402T062631_R077_T40QGK_20240609T044721_0000.jpg,S2A_MSIL2A_20220402T062631_R077_T40QGK_20240609T044721,0,2022-04,T40QGK,2.8400883709042516e-05,0,0.7708928902716967
S2A_MSIL2A_20220402T062631_R077_T40QGK_20240609T044721_0001.jpg,S2A_MSIL2A_20220402T062631_R077_T40QGK_20240609T044721,0,2022-04,T40QGK,3.1063042915710316e-05,0,0.7708928902716967
S2A_MSIL2A_20220412T062631_R077_T40QGK_20220413T050721_0000.jpg,S2A_MSIL2A_20220412T062631_R077_T40QGK_20220413T050721,0,2022-04,T40QGK,1.4611415515296508e-05,0,0.7708928902716967
S2A_MSIL2A_20220412T062631_R077_T40QGK_20220413T050721_0001.jpg,S2A_MSIL2A_20220412T062631_R077_T40QGK_20220413T050721,0,2022-04,T40QGK,1.0719421844704649e-05,0,0.7708928902716967
S2B_MSIL2A_20220417T062629_R077_T40QGK_20220417T140325_0000.jpg,S2B_MSIL2A_20220417T062629_R077_T40QGK_20220417T140325,1,2022-04,T40QGK,0.9087782185783241,1,0.7708928902716967
S2B_MSIL2A_20220417T062629_R077_T40QGK_20220417T140325_0001.jpg,S2B_MSIL2A_20220417T062629_R077_T40QGK_20220417T140325,1,2022-04,T40QGK,0.9114316453347939,1,0.7708928902716967
S2A_MSIL2A_20220512T062631_R077_T40QGK_20220514T060801_0000.jpg,S2A_MSIL2A_20220512T062631_R077_T40QGK_20220514T060801,0,2022-05,T40QGK,0.3782266870132717,0,0.7708928902716967
S2A_MSIL2A_20220512T062631_R077_T40QGK_20220514T060801_0001.jpg,S2A_MSIL2A_20220512T062631_R077_T40QGK_20220514T060801,0,2022-05,T40QGK,0.41626658347977136,0,0.7708928902716967
S2A_MSIL2A_20220522T062631_R077_T40QGK_20220523T082320_0000.jpg,S2A_MSIL2A_20220522T062631_R077_T40QGK_20220523T082320,0,2022-05,T40QGK,0.36010003026505427,0,0.7708928902716967
S2A_MSIL2A_20220522T062631_R077_T40QGK_20220523T082320_0001.jpg,S2A_MSIL2A_20220522T062631_R077_T40QGK_20220523T082320,0,2022-05,T40QGK,0.41429563575469935,0,0.7708928902716967
S2A_MSIL2A_20220601T062641_R077_T40QGK_20220602T051804_0000.jpg,S2A_MSIL2A_20220601T062641_R077_T40QGK_20220602T051804,1,2022-06,T40QGK,0.9644137989305065,1,0.7708928902716967
S2A_MSIL2A_20220601T062641_R077_T40QGK_20220602T051804_0001.jpg,S2A_MSIL2A_20220601T062641_R077_T40QGK_20220602T051804,1,2022-06,T40QGK,0.9652015875832346,1,0.7708928902716967
S2A_MSIL2A_20220611T062641_R077_T40QGK_20220612T023248_0000.jpg,S2A_MSIL2A_20220611T062641_R077_T40QGK_20220612T023248,0,2022-06,T40QGK,0.22787344102104012,0,0.7708928902716967
S2A_MSIL2A_20220611T062641_R077_T40QGK_20220612T023248_0001.jpg,S2A_MSIL2A_20220611T062641_R077_T40QGK_20220612T023248,0,2022-06,T40QGK,0.27151578136266874,0,0.7708928902716967
S2B_MSIL2A_20220626T062639_R077_T40QGK_20220626T162345_0000.jpg,S2B_MSIL2A_20220626T062639_R077_T40QGK_20220626T162345,0,2022-06,T40QGK,0.3231111147132398,0,0.7708928902716967
S2B_MSIL2A_20220626T062639_R077_T40QGK_20220626T162345_0001.jpg,S2B_MSIL2A_20220626T062639_R077_T40QGK_20220626T162345,0,2022-06,T40QGK,0.29322291274846557,0,0.7708928902716967
S2A_MSIL2A_20220701T062641_R077_T40QGK_20220701T200951_0000.jpg,S2A_MSIL2A_20220701T062641_R077_T40QGK_20220701T200951,1,2022-07,T40QGK,0.4432114053202675,0,0.7708928902716967
S2A_MSIL2A_20220701T062641_R077_T40QGK_20220701T200951_0001.jpg,S2A_MSIL2A_20220701T062641_R077_T40QGK_20220701T200951,1,2022-07,T40QGK,0.3771776554203853,0,0.7708928902716967
S2A_MSIL2A_20220731T062641_R077_T40QGK_20220801T041951_0000.jpg,S2A_MSIL2A_20220731T062641_R077_T40QGK_20220801T041951,0,2022-07,T40QGK,0.42015697194876317,0,0.7708928902716967
S2A_MSIL2A_20220731T062641_R077_T40QGK_20220801T041951_0001.jpg,S2A_MSIL2A_20220731T062641_R077_T40QGK_20220801T041951,0,2022-07,T40QGK,0.43206368062415323,0,0.7708928902716967
S2B_MSIL2A_20220805T062629_R077_T40QGK_20220805T221003_0000.jpg,S2B_MSIL2A_20220805T062629_R077_T40QGK_20220805T221003,0,2022-08,T40QGK,0.2609801804522167,0,0.7708928902716967
S2B_MSIL2A_20220805T062629_R077_T40QGK_20220805T221003_0001.jpg,S2B_MSIL2A_20220805T062629_R077_T40QGK_20220805T221003,0,2022-08,T40QGK,0.32606243916188227,0,0.7708928902716967
S2A_MSIL2A_20220909T062641_R077_T40QGK_20220909T163949_0000.jpg,S2A_MSIL2A_20220909T062641_R077_T40QGK_20220909T163949,0,2022-09,T40QGK,0.5826688293687465,0,0.7708928902716967
S2A_MSIL2A_20220909T062641_R077_T40QGK_20220909T163949_0001.jpg,S2A_MSIL2A_20220909T062641_R077_T40QGK_20220909T163949,0,2022-09,T40QGK,0.5919503829329622,0,0.7708928902716967
S2A_MSIL2A_20220919T062641_R077_T40QGK_20220919T211446_0000.jpg,S2A_MSIL2A_20220919T062641_R077_T40QGK_20220919T211446,1,2022-09,T40QGK,0.928231849043434,1,0.7708928902716967
S2A_MSIL2A_20220919T062641_R077_T40QGK_20220919T211446_0001.jpg,S2A_MSIL2A_20220919T062641_R077_T40QGK_20220919T211446,1,2022-09,T40QGK,0.928552096718258,1,0.7708928902716967
S2A_MSIL2A_20220929T062651_R077_T40QGK_20220929T210906_0000.jpg,S2A_MSIL2A_20220929T062651_R077_T40QGK_20220929T210906,0,2022-09,T40QGK,0.001039367008845032,0,0.7708928902716967
S2A_MSIL2A_20220929T062651_R077_T40QGK_20220929T210906_0001.jpg,S2A_MSIL2A_20220929T062651_R077_T40QGK_20220929T210906,0,2022-09,T40QGK,0.001144695812459844,0,0.7708928902716967
S2A_MSIL2A_20221009T062751_R077_T40QGK_20221009T145255_0000.jpg,S2A_MSIL2A_20221009T062751_R077_T40QGK_20221009T145255,0,2022-10,T40QGK,0.8496995909446068,1,0.7708928902716967
S2A_MSIL2A_20221009T062751_R077_T40QGK_20221009T145255_0001.jpg,S2A_MSIL2A_20221009T062751_R077_T40QGK_20221009T145255,0,2022-10,T40QGK,0.7890607728821367,1,0.7708928902716967
S2B_MSIL2A_20221024T062929_R077_T40QGK_20221024T210406_0000.jpg,S2B_MSIL2A_20221024T062929_R077_T40QGK_20221024T210406,0,2022-10,T40QGK,0.0016487685468575867,0,0.7708928902716967
S2B_MSIL2A_20221024T062929_R077_T40QGK_20221024T210406_0001.jpg,S2B_MSIL2A_20221024T062929_R077_T40QGK_20221024T210406,0,2022-10,T40QGK,0.0017929537493986097,0,0.7708928902716967
S2A_MSIL2A_20221029T063001_R077_T40QGK_20240716T225017_0000.jpg,S2A_MSIL2A_20221029T063001_R077_T40QGK_20240716T225017,0,2022-10,T40QGK,0.0016067549175587167,0,0.7708928902716967
S2A_MSIL2A_20221029T063001_R077_T40QGK_20240716T225017_0001.jpg,S2A_MSIL2A_20221029T063001_R077_T40QGK_20240716T225017,0,2022-10,T40QGK,0.0015252198343455208,0,0.7708928902716967
S2B_MSIL2A_20221103T063029_R077_T40QGK_20221103T205733_0000.jpg,S2B_MSIL2A_20221103T063029_R077_T40QGK_20221103T205733,0,2022-11,T40QGK,0.20183961618795299,0,0.7708928902716967
S2B_MSIL2A_20221103T063029_R077_T40QGK_20221103T205733_0001.jpg,S2B_MSIL2A_20221103T063029_R077_T40QGK_20221103T205733,0,2022-11,T40QGK,0.22245575712680712,0,0.7708928902716967
S2B_MSIL2A_20221113T063119_R077_T40QGK_20221114T010655_0000.jpg,S2B_MSIL2A_20221113T063119_R077_T40QGK_20221114T010655,1,2022-11,T40QGK,0.6634687515538152,0,0.7708928902716967
S2B_MSIL2A_20221113T063119_R077_T40QGK_20221114T010655_0001.jpg,S2B_MSIL2A_20221113T063119_R077_T40QGK_20221114T010655,1,2022-11,T40QGK,0.5968815038583932,0,0.7708928902716967
S2A_MSIL2A_20221118T063141_R077_T40QGK_20240804T234922_0000.jpg,S2A_MSIL2A_20221118T063141_R077_T40QGK_20240804T234922,0,2022-11,T40QGK,0.24779529685832208,0,0.7708928902716967
S2A_MSIL2A_20221118T063141_R077_T40QGK_20240804T234922_0001.jpg,S2A_MSIL2A_20221118T063141_R077_T40QGK_20240804T234922,0,2022-11,T40QGK,0.2760975959997924,0,0.7708928902716967
S2A_MSIL2A_20221208T063251_R077_T40QGK_20221209T034448_0000.jpg,S2A_MSIL2A_20221208T063251_R077_T40QGK_20221209T034448,0,2022-12,T40QGK,0.012771357154303557,0,0.7708928902716967
S2A_MSIL2A_20221208T063251_R077_T40QGK_20221209T034448_0001.jpg,S2A_MSIL2A_20221208T063251_R077_T40QGK_20221209T034448,0,2022-12,T40QGK,0.011314892421715742,0,0.7708928902716967
S2A_MSIL2A_20221218T063301_R077_T40QGK_20221218T233324_0000.jpg,S2A_MSIL2A_20221218T063301_R077_T40QGK_20221218T233324,1,2022-12,T40QGK,0.6615018295909806,0,0.7708928902716967
S2A_MSIL2A_20221218T063301_R077_T40QGK_20221218T233324_0001.jpg,S2A_MSIL2A_20221218T063301_R077_T40QGK_20221218T233324,1,2022-12,T40QGK,0.7321031466077457,0,0.7708928902716967
S2A_MSIL2A_20221228T063301_R077_T40QGK_20221229T163021_0000.jpg,S2A_MSIL2A_20221228T063301_R077_T40QGK_20221229T163021,1,2022-12,T40QGK,0.6229282891964687,0,0.7708928902716967
S2A_MSIL2A_20221228T063301_R077_T40QGK_20221229T163021_0001.jpg,S2A_MSIL2A_20221228T063301_R077_T40QGK_20221229T163021,1,2022-12,T40QGK,0.6100157831960143,0,0.7708928902716967
S2A_MSIL2A_20230107T063241_R077_T40QGK_20230107T193733_0000.jpg,S2A_MSIL2A_20230107T063241_R077_T40QGK_20230107T193733,0,2023-01,T40QGK,0.015935170447363943,0,0.7708928902716967
S2A_MSIL2A_20230107T063241_R077_T40QGK_20230107T193733_0001.jpg,S2A_MSIL2A_20230107T063241_R077_T40QGK_20230107T193733,0,2023-01,T40QGK,0.025465125125505857,0,0.7708928902716967
S2B_MSIL2A_20230122T063149_R077_T40QGK_20240812T194001_0000.jpg,S2B_MSIL2A_20230122T063149_R077_T40QGK_20240812T194001,1,2023-01,T40QGK,0.7549609450805883,0,0.7708928902716967
S2B_MSIL2A_20230122T063149_R077_T40QGK_20240812T194001_0001.jpg,S2B_MSIL2A_20230122T063149_R077_T40QGK_20240812T194001,1,2023-01,T40QGK,0.7393860211952459,0,0.7708928902716967
S2B_MSIL2A_20230211T063009_R077_T40QGK_20240814T000313_0000.jpg,S2B_MSIL2A_20230211T063009_R077_T40QGK_20240814T000313,0,2023-02,T40QGK,0.26830411106929575,0,0.7708928902716967
S2B_MSIL2A_20230211T063009_R077_T40QGK_20240814T000313_0001.jpg,S2B_MSIL2A_20230211T063009_R077_T40QGK_20240814T000313,0,2023-02,T40QGK,0.25671695173094233,0,0.7708928902716967
S2A_MSIL2A_20230308T062711_R077_T40QGK_20240806T105147_0000.jpg,S2A_MSIL2A_20230308T062711_R077_T40QGK_20240806T105147,0,2023-03,T40QGK,0.46630253033282437,0,0.7708928902716967
S2A_MSIL2A_20230308T062711_R077_T40QGK_20240806T105147_0001.jpg,S2A_MSIL2A_20230308T062711_R077_T40QGK_20240806T105147,0,2023-03,T40QGK,0.4976205101702307,0,0.7708928902716967
S2A_MSIL2A_20230318T062631_R077_T40QGK_20240823T221610_0000.jpg,S2A_MSIL2A_20230318T062631_R077_T40QGK_20240823T221610,0,2023-03,T40QGK,0.43001176693004284,0,0.7708928902716967
S2A_MSIL2A_20230318T062631_R077_T40QGK_20240823T221610_0001.jpg,S2A_MSIL2A_20230318T062631_R077_T40QGK_20240823T221610,0,2023-03,T40QGK,0.4268931336913528,0,0.7708928902716967
S2A_MSIL2A_20230328T062631_R077_T40QGK_20240829T065337_0000.jpg,S2A_MSIL2A_20230328T062631_R077_T40QGK_20240829T065337,0,2023-03,T40QGK,0.19998415995985866,0,0.7708928902716967
S2A_MSIL2A_20230328T062631_R077_T40QGK_20240829T065337_0001.jpg,S2A_MSIL2A_20230328T062631_R077_T40QGK_20240829T065337,0,2023-03,T40QGK,0.23741508920822435,0,0.7708928902716967
S2A_MSIL2A_20230407T062631_R077_T40QGK_20230407T115355_0000.jpg,S2A_MSIL2A_20230407T062631_R077_T40QGK_20230407T115355,0,2023-04,T40QGK,0.4995432642005559,0,0.7708928902716967
S2A_MSIL2A_20230407T062631_R077_T40QGK_20230407T115355_0001.jpg,S2A_MSIL2A_20230407T062631_R077_T40QGK_20230407T115355,0,2023-04,T40QGK,0.4420956183103153,0,0.7708928902716967
S2A_MSIL2A_20230417T062631_R077_T40QGK_20230417T114919_0000.jpg,S2A_MSIL2A_20230417T062631_R077_T40QGK_20230417T114919,0,2023-04,T40QGK,0.670182481645798,0,0.7708928902716967
S2A_MSIL2A_20230417T062631_R077_T40QGK_20230417T114919_0001.jpg,S2A_MSIL2A_20230417T062631_R077_T40QGK_20230417T114919,0,2023-04,T40QGK,0.677298822408387,0,0.7708928902716967
S2A_MSIL2A_20230507T062631_R077_T40QGK_20230507T131802_0000.jpg,S2A_MSIL2A_20230507T062631_R077_T40QGK_20230507T131802,1,2023-05,T40QGK,0.7628657575099301,0,0.7708928902716967
S2A_MSIL2A_20230507T062631_R077_T40QGK_20230507T131802_0001.jpg,S2A_MSIL2A_20230507T062631_R077_T40QGK_20230507T131802,1,2023-05,T40QGK,0.7843813609804895,1,0.7708928902716967
S2B_MSIL2A_20230512T062629_R077_T40QGK_20230512T112650_0000.jpg,S2B_MSIL2A_20230512T062629_R077_T40QGK_20230512T112650,1,2023-05,T40QGK,0.4228413354920824,0,0.7708928902716967
S2B_MSIL2A_20230512T062629_R077_T40QGK_20230512T112650_0001.jpg,S2B_MSIL2A_20230512T062629_R077_T40QGK_20230512T112650,1,2023-05,T40QGK,0.45365092666894163,0,0.7708928902716967
S2B_MSIL2A_20230522T062629_R077_T40QGK_20240811T071353_0000.jpg,S2B_MSIL2A_20230522T062629_R077_T40QGK_20240811T071353,0,2023-05,T40QGK,0.15829508594907493,0,0.7708928902716967
S2B_MSIL2A_20230522T062629_R077_T40QGK_20240811T071353_0001.jpg,S2B_MSIL2A_20230522T062629_R077_T40QGK_20240811T071353,0,2023-05,T40QGK,0.15879856119798758,0,0.7708928902716967
S2A_MSIL2A_20230527T062631_R077_T40QGK_20230527T104313_0000.jpg,S2A_MSIL2A_20230527T062631_R077_T40QGK_20230527T104313,0,2023-05,T40QGK,0.06667513275753506,0,0.7708928902716967
S2A_MSIL2A_20230527T062631_R077_T40QGK_20230527T104313_0001.jpg,S2A_MSIL2A_20230527T062631_R077_T40QGK_20230527T104313,0,2023-05,T40QGK,0.06620389676755259,0,0.7708928902716967
S2B_MSIL2A_20230601T062629_R077_T40QGK_20230601T103336_0000.jpg,S2B_MSIL2A_20230601T062629_R077_T40QGK_20230601T103336,0,2023-06,T40QGK,0.002157137584761236,0,0.7708928902716967
S2B_MSIL2A_20230601T062629_R077_T40QGK_20230601T103336_0001.jpg,S2B_MSIL2A_20230601T062629_R077_T40QGK_20230601T103336,0,2023-06,T40QGK,0.0021442424026571387,0,0.7708928902716967
S2A_MSIL2A_20230616T062631_R077_T40QGK_20240812T142657_0000.jpg,S2A_MSIL2A_20230616T062631_R077_T40QGK_20240812T142657,0,2023-06,T40QGK,0.04658393902469918,0,0.7708928902716967
S2A_MSIL2A_20230616T062631_R077_T40QGK_20240812T142657_0001.jpg,S2A_MSIL2A_20230616T062631_R077_T40QGK_20240812T142657,0,2023-06,T40QGK,0.03893809347505173,0,0.7708928902716967
S2B_MSIL2A_20230621T062629_R077_T40QGK_20240816T025921_0000.jpg,S2B_MSIL2A_20230621T062629_R077_T40QGK_20240816T025921,0,2023-06,T40QGK,0.22810396935715876,0,0.7708928902716967
S2B_MSIL2A_20230621T062629_R077_T40QGK_20240816T025921_0001.jpg,S2B_MSIL2A_20230621T062629_R077_T40QGK_20240816T025921,0,2023-06,T40QGK,0.26878418254764375,0,0.7708928902716967
S2A_MSIL2A_20230626T062631_R077_T40QGK_20240927T163834_0000.jpg,S2A_MSIL2A_20230626T062631_R077_T40QGK_20240927T163834,1,2023-06,T40QGK,0.950027719219542,1,0.7708928902716967
S2A_MSIL2A_20230626T062631_R077_T40QGK_20240927T163834_0001.jpg,S2A_MSIL2A_20230626T062631_R077_T40QGK_20240927T163834,1,2023-06,T40QGK,0.948059562518582,1,0.7708928902716967
S2B_MSIL2A_20230701T062629_R077_T40QGK_20240817T022544_0000.jpg,S2B_MSIL2A_20230701T062629_R077_T40QGK_20240817T022544,0,2023-07,T40QGK,0.03423700541132668,0,0.7708928902716967
S2B_MSIL2A_20230701T062629_R077_T40QGK_20240817T022544_0001.jpg,S2B_MSIL2A_20230701T062629_R077_T40QGK_20240817T022544,0,2023-07,T40QGK,0.032890533671612966,0,0.7708928902716967
S2B_MSIL2A_20230711T062629_R077_T40QGK_20240816T204125_0000.jpg,S2B_MSIL2A_20230711T062629_R077_T40QGK_20240816T204125,0,2023-07,T40QGK,0.030385224187879308,0,0.7708928902716967
S2B_MSIL2A_20230711T062629_R077_T40QGK_20240816T204125_0001.jpg,S2B_MSIL2A_20230711T062629_R077_T40QGK_20240816T204125,0,2023-07,T40QGK,0.022361998493965366,0,0.7708928902716967
S2B_MSIL2A_20230731T062629_R077_T40QGK_20230731T102630_0000.jpg,S2B_MSIL2A_20230731T062629_R077_T40QGK_20230731T102630,0,2023-07,T40QGK,0.06597608673674865,0,0.7708928902716967
S2B_MSIL2A_20230731T062629_R077_T40QGK_20230731T102630_0001.jpg,S2B_MSIL2A_20230731T062629_R077_T40QGK_20230731T102630,0,2023-07,T40QGK,0.07509597762787094,0,0.7708928902716967
S2A_MSIL2A_20230805T062631_R077_T40QGK_20230805T121850_0000.jpg,S2A_MSIL2A_20230805T062631_R077_T40QGK_20230805T121850,0,2023-08,T40QGK,0.18352332035021468,0,0.7708928902716967
S2A_MSIL2A_20230805T062631_R077_T40QGK_20230805T121850_0001.jpg,S2A_MSIL2A_20230805T062631_R077_T40QGK_20230805T121850,0,2023-08,T40QGK,0.17775406219749568,0,0.7708928902716967
S2B_MSIL2A_20230810T062629_R077_T40QGK_20240912T065804_0000.jpg,S2B_MSIL2A_20230810T062629_R077_T40QGK_20240912T065804,0,2023-08,T40QGK,0.2113744672702732,0,0.7708928902716967
S2B_MSIL2A_20230810T062629_R077_T40QGK_20240912T065804_0001.jpg,S2B_MSIL2A_20230810T062629_R077_T40QGK_20240912T065804,0,2023-08,T40QGK,0.24114764668451477,0,0.7708928902716967
S2B_MSIL2A_20230820T062629_R077_T40QGK_20230820T133537_0000.jpg,S2B_MSIL2A_20230820T062629_R077_T40QGK_20230820T133537,1,2023-08,T40QGK,0.3868414754659206,0,0.7708928902716967
S2B_MSIL2A_20230820T062629_R077_T40QGK_20230820T133537_0001.jpg,S2B_MSIL2A_20230820T062629_R077_T40QGK_20230820T133537,1,2023-08,T40QGK,0.5069038970371739,0,0.7708928902716967
S2B_MSIL2A_20230830T062629_R077_T40QGK_20230830T122220_0000.jpg,S2B_MSIL2A_20230830T062629_R077_T40QGK_20230830T122220,0,2023-08,T40QGK,0.09921777962365531,0,0.7708928902716967
S2B_MSIL2A_20230830T062629_R077_T40QGK_20230830T122220_0001.jpg,S2B_MSIL2A_20230830T062629_R077_T40QGK_20230830T122220,0,2023-08,T40QGK,0.09075897658985707,0,0.7708928902716967
S2A_MSIL2A_20230914T062631_R077_T40QGK_20240908T085709_0000.jpg,S2A_MSIL2A_20230914T062631_R077_T40QGK_20240908T085709,0,2023-09,T40QGK,0.30581440864855886,0,0.7708928902716967
S2A_MSIL2A_20230914T062631_R077_T40QGK_20240908T085709_0001.jpg,S2A_MSIL2A_20230914T062631_R077_T40QGK_20240908T085709,0,2023-09,T40QGK,0.20865884816179642,0,0.7708928902716967
S2A_MSIL2A_20230924T062631_R077_T40QGK_20230924T120828_0000.jpg,S2A_MSIL2A_20230924T062631_R077_T40QGK_20230924T120828,0,2023-09,T40QGK,0.18240073499269,0,0.7708928902716967
S2A_MSIL2A_20230924T062631_R077_T40QGK_20230924T120828_0001.jpg,S2A_MSIL2A_20230924T062631_R077_T40QGK_20230924T120828,0,2023-09,T40QGK,0.18490084267348594,0,0.7708928902716967
S2B_MSIL2A_20230929T062639_R077_T40QGK_20230929T121635_0000.jpg,S2B_MSIL2A_20230929T062639_R077_T40QGK_20230929T121635,0,2023-09,T40QGK,0.20524905578917915,0,0.7708928902716967
S2B_MSIL2A_20230929T062639_R077_T40QGK_20230929T121635_0001.jpg,S2B_MSIL2A_20230929T062639_R077_T40QGK_20230929T121635,0,2023-09,T40QGK,0.14105646565935603,0,0.7708928902716967
S2A_MSIL2A_20231004T062711_R077_T40QGK_20231004T121844_0000.jpg,S2A_MSIL2A_20231004T062711_R077_T40QGK_20231004T121844,0,2023-10,T40QGK,0.4171392082527148,0,0.7708928902716967
S2A_MSIL2A_20231004T062711_R077_T40QGK_20231004T121844_0001.jpg,S2A_MSIL2A_20231004T062711_R077_T40QGK_20231004T121844,0,2023-10,T40QGK,0.36824745470333525,0,0.7708928902716967
S2B_MSIL2A_20231009T062749_R077_T40QGK_20231009T102946_0000.jpg,S2B_MSIL2A_20231009T062749_R077_T40QGK_20231009T102946,1,2023-10,T40QGK,0.18621780209352343,0,0.7708928902716967
S2B_MSIL2A_20231009T062749_R077_T40QGK_20231009T102946_0001.jpg,S2B_MSIL2A_20231009T062749_R077_T40QGK_20231009T102946,1,2023-10,T40QGK,0.17382223543507233,0,0.7708928902716967
S2B_MSIL2A_20231108T063059_R077_T40QGK_20240901T133147_0000.jpg,S2B_MSIL2A_20231108T063059_R077_T40QGK_20240901T133147,0,2023-11,T40QGK,0.3440614913565068,0,0.7708928902716967
S2B_MSIL2A_20231108T063059_R077_T40QGK_20240901T133147_0001.jpg,S2B_MSIL2A_20231108T063059_R077_T40QGK_20240901T133147,0,2023-11,T40QGK,0.3259392810346475,0,0.7708928902716967
S2A_MSIL2A_20231113T063121_R077_T40QGK_20231113T112603_0000.jpg,S2A_MSIL2A_20231113T063121_R077_T40QGK_20231113T112603,0,2023-11,T40QGK,0.06836310526302515,0,0.7708928902716967
S2A_MSIL2A_20231113T063121_R077_T40QGK_20231113T112603_0001.jpg,S2A_MSIL2A_20231113T063121_R077_T40QGK_20231113T112603,0,2023-11,T40QGK,0.05147461307817431,0,0.7708928902716967
S2A_MSIL2A_20231123T063201_R077_T40QGK_20231123T103447_0000.jpg,S2A_MSIL2A_20231123T063201_R077_T40QGK_20231123T103447,1,2023-11,T40QGK,0.9525870187234747,1,0.7708928902716967
S2A_MSIL2A_20231123T063201_R077_T40QGK_20231123T103447_0001.jpg,S2A_MSIL2A_20231123T063201_R077_T40QGK_20231123T103447,1,2023-11,T40QGK,0.9564510986009812,1,0.7708928902716967
S2B_MSIL2A_20231128T063219_R077_T40QGK_20231128T092308_0000.jpg,S2B_MSIL2A_20231128T063219_R077_T40QGK_20231128T092308,0,2023-11,T40QGK,0.845596705821205,1,0.7708928902716967
S2B_MSIL2A_20231128T063219_R077_T40QGK_20231128T092308_0001.jpg,S2B_MSIL2A_20231128T063219_R077_T40QGK_20231128T092308,0,2023-11,T40QGK,0.8206641413916107,1,0.7708928902716967
S2B_MSIL2A_20231208T063239_R077_T40QGK_20231208T102603_0000.jpg,S2B_MSIL2A_20231208T063239_R077_T40QGK_20231208T102603,0,2023-12,T40QGK,0.9179111834850262,1,0.7708928902716967
S2B_MSIL2A_20231208T063239_R077_T40QGK_20231208T102603_0001.jpg,S2B_MSIL2A_20231208T063239_R077_T40QGK_20231208T102603,0,2023-12,T40QGK,0.933488039968832,1,0.7708928902716967
S2A_MSIL2A_20231223T063301_R077_T40QGK_20231223T102255_0000.jpg,S2A_MSIL2A_20231223T063301_R077_T40QGK_20231223T102255,0,2023-12,T40QGK,0.016051025778816917,0,0.7708928902716967
S2A_MSIL2A_20231223T063301_R077_T40QGK_20231223T102255_0001.jpg,S2A_MSIL2A_20231223T063301_R077_T40QGK_20231223T102255,0,2023-12,T40QGK,0.01625569247862606,0,0.7708928902716967
S2A_MSIL2A_20240102T063251_R077_T40QGK_20240102T104541_0000.jpg,S2A_MSIL2A_20240102T063251_R077_T40QGK_20240102T104541,0,2024-01,T40QGK,0.8071102580681879,1,0.7708928902716967
S2A_MSIL2A_20240102T063251_R077_T40QGK_20240102T104541_0001.jpg,S2A_MSIL2A_20240102T063251_R077_T40QGK_20240102T104541,0,2024-01,T40QGK,0.8820322025834713,1,0.7708928902716967
S2B_MSIL2A_20240117T063219_R077_T40QGK_20240117T093150_0000.jpg,S2B_MSIL2A_20240117T063219_R077_T40QGK_20240117T093150,0,2024-01,T40QGK,0.00142247766453706,0,0.7708928902716967
S2B_MSIL2A_20240117T063219_R077_T40QGK_20240117T093150_0001.jpg,S2B_MSIL2A_20240117T063219_R077_T40QGK_20240117T093150,0,2024-01,T40QGK,0.0014250403508068229,0,0.7708928902716967
S2A_MSIL2A_20240201T063101_R077_T40QGK_20240201T112116_0000.jpg,S2A_MSIL2A_20240201T063101_R077_T40QGK_20240201T112116,1,2024-02,T40QGK,0.3618882427174609,0,0.7708928902716967
S2A_MSIL2A_20240201T063101_R077_T40QGK_20240201T112116_0001.jpg,S2A_MSIL2A_20240201T063101_R077_T40QGK_20240201T112116,1,2024-02,T40QGK,0.3418880802648462,0,0.7708928902716967
S2B_MSIL2A_20240216T062939_R077_T40QGK_20240216T101620_0000.jpg,S2B_MSIL2A_20240216T062939_R077_T40QGK_20240216T101620,0,2024-02,T40QGK,0.028935472266394917,0,0.7708928902716967
S2B_MSIL2A_20240216T062939_R077_T40QGK_20240216T101620_0001.jpg,S2B_MSIL2A_20240216T062939_R077_T40QGK_20240216T101620,0,2024-02,T40QGK,0.02847188264599092,0,0.7708928902716967
S2A_MSIL2A_20240221T062901_R077_T40QGK_20240221T102237_0000.jpg,S2A_MSIL2A_20240221T062901_R077_T40QGK_20240221T102237,1,2024-02,T40QGK,0.8632489403402172,1,0.7708928902716967
S2A_MSIL2A_20240221T062901_R077_T40QGK_20240221T102237_0001.jpg,S2A_MSIL2A_20240221T062901_R077_T40QGK_20240221T102237,1,2024-02,T40QGK,0.8868655377868618,1,0.7708928902716967
S2A_MSIL2A_20240302T062801_R077_T40QGK_20240302T111946_0000.jpg,S2A_MSIL2A_20240302T062801_R077_T40QGK_20240302T111946,1,2024-03,T40QGK,0.7914769418662216,1,0.7708928902716967
S2A_MSIL2A_20240302T062801_R077_T40QGK_20240302T111946_0001.jpg,S2A_MSIL2A_20240302T062801_R077_T40QGK_20240302T111946,1,2024-03,T40QGK,0.7923459105377584,1,0.7708928902716967
S2A_MSIL2A_20240312T062651_R077_T40QGK_20240313T153847_0000.jpg,S2A_MSIL2A_20240312T062651_R077_T40QGK_20240313T153847,0,2024-03,T40QGK,0.03598821564983697,0,0.7708928902716967
S2A_MSIL2A_20240312T062651_R077_T40QGK_20240313T153847_0001.jpg,S2A_MSIL2A_20240312T062651_R077_T40QGK_20240313T153847,0,2024-03,T40QGK,0.031331192823366924,0,0.7708928902716967
S2A_MSIL2A_20240322T062631_R077_T40QGK_20240322T104635_0000.jpg,S2A_MSIL2A_20240322T062631_R077_T40QGK_20240322T104635,0,2024-03,T40QGK,0.06650709807555946,0,0.7708928902716967
S2A_MSIL2A_20240322T062631_R077_T40QGK_20240322T104635_0001.jpg,S2A_MSIL2A_20240322T062631_R077_T40QGK_20240322T104635,0,2024-03,T40QGK,0.055628106612281854,0,0.7708928902716967
S2B_MSIL2A_20240406T062629_R077_T40QGK_20240406T100857_0000.jpg,S2B_MSIL2A_20240406T062629_R077_T40QGK_20240406T100857,0,2024-04,T40QGK,0.16289622431756737,0,0.7708928902716967
S2B_MSIL2A_20240406T062629_R077_T40QGK_20240406T100857_0001.jpg,S2B_MSIL2A_20240406T062629_R077_T40QGK_20240406T100857,0,2024-04,T40QGK,0.2019489208219401,0,0.7708928902716967
S2A_MSIL2A_20240411T062631_R077_T40QGK_20240411T111749_0000.jpg,S2A_MSIL2A_20240411T062631_R077_T40QGK_20240411T111749,0,2024-04,T40QGK,0.21488164285507894,0,0.7708928902716967
S2A_MSIL2A_20240411T062631_R077_T40QGK_20240411T111749_0001.jpg,S2A_MSIL2A_20240411T062631_R077_T40QGK_20240411T111749,0,2024-04,T40QGK,0.2115308090566719,0,0.7708928902716967
S2B_MSIL2A_20240426T062629_R077_T40QGK_20240426T111133_0000.jpg,S2B_MSIL2A_20240426T062629_R077_T40QGK_20240426T111133,0,2024-04,T40QGK,0.7153877079969329,0,0.7708928902716967
S2B_MSIL2A_20240426T062629_R077_T40QGK_20240426T111133_0001.jpg,S2B_MSIL2A_20240426T062629_R077_T40QGK_20240426T111133,0,2024-04,T40QGK,0.6967535978498247,0,0.7708928902716967
S2B_MSIL2A_20240506T062629_R077_T40QGK_20240506T104447_0000.jpg,S2B_MSIL2A_20240506T062629_R077_T40QGK_20240506T104447,0,2024-05,T40QGK,0.006045579503895664,0,0.7708928902716967
S2B_MSIL2A_20240506T062629_R077_T40QGK_20240506T104447_0001.jpg,S2B_MSIL2A_20240506T062629_R077_T40QGK_20240506T104447,0,2024-05,T40QGK,0.005102696830889491,0,0.7708928902716967
S2B_MSIL2A_20240516T062629_R077_T40QGK_20240516T102249_0000.jpg,S2B_MSIL2A_20240516T062629_R077_T40QGK_20240516T102249,0,2024-05,T40QGK,0.3092319139644172,0,0.7708928902716967
S2B_MSIL2A_20240516T062629_R077_T40QGK_20240516T102249_0001.jpg,S2B_MSIL2A_20240516T062629_R077_T40QGK_20240516T102249,0,2024-05,T40QGK,0.3275746080700662,0,0.7708928902716967
S2A_MSIL2A_20240521T062631_R077_T40QGK_20240521T112534_0000.jpg,S2A_MSIL2A_20240521T062631_R077_T40QGK_20240521T112534,0,2024-05,T40QGK,0.3774210473154154,0,0.7708928902716967
S2A_MSIL2A_20240521T062631_R077_T40QGK_20240521T112534_0001.jpg,S2A_MSIL2A_20240521T062631_R077_T40QGK_20240521T112534,0,2024-05,T40QGK,0.3455800692807964,0,0.7708928902716967
S2A_MSIL2A_20240531T062631_R077_T40QGK_20240531T120203_0000.jpg,S2A_MSIL2A_20240531T062631_R077_T40QGK_20240531T120203,1,2024-05,T40QGK,0.9999209017876335,1,0.7708928902716967
S2A_MSIL2A_20240531T062631_R077_T40QGK_20240531T120203_0001.jpg,S2A_MSIL2A_20240531T062631_R077_T40QGK_20240531T120203,1,2024-05,T40QGK,0.9999324744538529,1,0.7708928902716967
S2B_MSIL2A_20240605T062629_R077_T40QGK_20240605T101415_0000.jpg,S2B_MSIL2A_20240605T062629_R077_T40QGK_20240605T101415,0,2024-06,T40QGK,0.9954752544764967,1,0.7708928902716967
S2B_MSIL2A_20240605T062629_R077_T40QGK_20240605T101415_0001.jpg,S2B_MSIL2A_20240605T062629_R077_T40QGK_20240605T101415,0,2024-06,T40QGK,0.9968586108678927,1,0.7708928902716967
S2A_MSIL2A_20240610T062631_R077_T40QGK_20240610T104649_0000.jpg,S2A_MSIL2A_20240610T062631_R077_T40QGK_20240610T104649,0,2024-06,T40QGK,0.058690239352254425,0,0.7708928902716967
S2A_MSIL2A_20240610T062631_R077_T40QGK_20240610T104649_0001.jpg,S2A_MSIL2A_20240610T062631_R077_T40QGK_20240610T104649,0,2024-06,T40QGK,0.056745367919163306,0,0.7708928902716967
S2B_MSIL2A_20240625T062629_R077_T40QGK_20240625T102043_0000.jpg,S2B_MSIL2A_20240625T062629_R077_T40QGK_20240625T102043,0,2024-06,T40QGK,0.4172386900176524,0,0.7708928902716967
S2B_MSIL2A_20240705T062629_R077_T40QGK_20240706T024220_0000.jpg,S2B_MSIL2A_20240705T062629_R077_T40QGK_20240706T024220,1,2024-07,T40QGK,0.997396557790374,1,0.7708928902716967
S2B_MSIL2A_20240705T062629_R077_T40QGK_20240706T024220_0001.jpg,S2B_MSIL2A_20240705T062629_R077_T40QGK_20240706T024220,1,2024-07,T40QGK,0.9977193127425393,1,0.7708928902716967
S2A_MSIL2A_20240710T062631_R077_T40QGK_20240710T114122_0000.jpg,S2A_MSIL2A_20240710T062631_R077_T40QGK_20240710T114122,1,2024-07,T40QGK,0.9988018498999978,1,0.7708928902716967
S2A_MSIL2A_20240710T062631_R077_T40QGK_20240710T114122_0001.jpg,S2A_MSIL2A_20240710T062631_R077_T40QGK_20240710T114122,1,2024-07,T40QGK,0.9987028669144288,1,0.7708928902716967
S2B_MSIL2A_20240725T062629_R077_T40QGK_20240725T090216_0000.jpg,S2B_MSIL2A_20240725T062629_R077_T40QGK_20240725T090216,0,2024-07,T40QGK,1e-06,0,0.7708928902716967
S2B_MSIL2A_20240725T062629_R077_T40QGK_20240725T090216_0001.jpg,S2B_MSIL2A_20240725T062629_R077_T40QGK_20240725T090216,0,2024-07,T40QGK,1e-06,0,0.7708928902716967
S2B_MSIL2A_20240804T062629_R077_T40QGK_20240804T094512_0000.jpg,S2B_MSIL2A_20240804T062629_R077_T40QGK_20240804T094512,0,2024-08,T40QGK,0.002674867989845959,0,0.7708928902716967
S2B_MSIL2A_20240804T062629_R077_T40QGK_20240804T094512_0001.jpg,S2B_MSIL2A_20240804T062629_R077_T40QGK_20240804T094512,0,2024-08,T40QGK,0.003512671805319983,0,0.7708928902716967
S2B_MSIL2A_20240824T062629_R077_T40QGK_20240824T100609_0000.jpg,S2B_MSIL2A_20240824T062629_R077_T40QGK_20240824T100609,1,2024-08,T40QGK,0.9757675087868876,1,0.7708928902716967
S2B_MSIL2A_20240824T062629_R077_T40QGK_20240824T100609_0001.jpg,S2B_MSIL2A_20240824T062629_R077_T40QGK_20240824T100609,1,2024-08,T40QGK,0.9805360306987981,1,0.7708928902716967
S2A_MSIL2A_20240829T062631_R077_T40QGK_20240829T111551_0000.jpg,S2A_MSIL2A_20240829T062631_R077_T40QGK_20240829T111551,0,2024-08,T40QGK,0.8161881406576245,1,0.7708928902716967
S2A_MSIL2A_20240829T062631_R077_T40QGK_20240829T111551_0001.jpg,S2A_MSIL2A_20240829T062631_R077_T40QGK_20240829T111551,0,2024-08,T40QGK,0.8246063974355243,1,0.7708928902716967
S2A_MSIL2A_20240908T062631_R077_T40QGK_20240908T111753_0000.jpg,S2A_MSIL2A_20240908T062631_R077_T40QGK_20240908T111753,1,2024-09,T40QGK,0.9176928619176743,1,0.7708928902716967
S2A_MSIL2A_20240908T062631_R077_T40QGK_20240908T111753_0001.jpg,S2A_MSIL2A_20240908T062631_R077_T40QGK_20240908T111753,1,2024-09,T40QGK,0.9274168071954634,1,0.7708928902716967
S2B_MSIL2A_20240923T062629_R077_T40QGK_20240923T085510_0000.jpg,S2B_MSIL2A_20240923T062629_R077_T40QGK_20240923T085510,0,2024-09,T40QGK,0.02232196503612919,0,0.7708928902716967
S2B_MSIL2A_20240923T062629_R077_T40QGK_20240923T085510_0001.jpg,S2B_MSIL2A_20240923T062629_R077_T40QGK_20240923T085510,0,2024-09,T40QGK,0.017951334129276002,0,0.7708928902716967
S2B_MSIL2A_20241003T062629_R077_T40QGK_20241003T090945_0000.jpg,S2B_MSIL2A_20241003T062629_R077_T40QGK_20241003T090945,0,2024-10,T40QGK,0.6899008819084057,0,0.7708928902716967
S2B_MSIL2A_20241003T062629_R077_T40QGK_20241003T090945_0001.jpg,S2B_MSIL2A_20241003T062629_R077_T40QGK_20241003T090945,0,2024-10,T40QGK,0.69343135422953,0,0.7708928902716967
S2B_MSIL2A_20241023T062829_R077_T40QGK_20241023T083127_0000.jpg,S2B_MSIL2A_20241023T062829_R077_T40QGK_20241023T083127,0,2024-10,T40QGK,0.006007337419982569,0,0.7708928902716967
S2B_MSIL2A_20241023T062829_R077_T40QGK_20241023T083127_0001.jpg,S2B_MSIL2A_20241023T062829_R077_T40QGK_20241023T083127,0,2024-10,T40QGK,0.005436863910579695,0,0.7708928902716967
S2A_MSIL2A_20241028T063001_R077_T40QGK_20241028T100749_0000.jpg,S2A_MSIL2A_20241028T063001_R077_T40QGK_20241028T100749,0,2024-10,T40QGK,0.004028955218787572,0,0.7708928902716967
S2A_MSIL2A_20241028T063001_R077_T40QGK_20241028T100749_0001.jpg,S2A_MSIL2A_20241028T063001_R077_T40QGK_20241028T100749,0,2024-10,T40QGK,0.004637425382053761,0,0.7708928902716967
S2A_MSIL2A_20241117T063141_R077_T40QGK_20241117T103949_0000.jpg,S2A_MSIL2A_20241117T063141_R077_T40QGK_20241117T103949,0,2024-11,T40QGK,0.0995891217202802,0,0.7708928902716967
S2A_MSIL2A_20241117T063141_R077_T40QGK_20241117T103949_0001.jpg,S2A_MSIL2A_20241117T063141_R077_T40QGK_20241117T103949,0,2024-11,T40QGK,0.13390756298837503,0,0.7708928902716967
S2A_MSIL2A_20241127T063221_R077_T40QGK_20241127T094651_0000.jpg,S2A_MSIL2A_20241127T063221_R077_T40QGK_20241127T094651,1,2024-11,T40QGK,0.8873952862776936,1,0.7708928902716967
S2A_MSIL2A_20241127T063221_R077_T40QGK_20241127T094651_0001.jpg,S2A_MSIL2A_20241127T063221_R077_T40QGK_20241127T094651,1,2024-11,T40QGK,0.884774988798345,1,0.7708928902716967
S2B_MSIL2A_20241202T063139_R077_T40QGK_20241202T083601_0000.jpg,S2B_MSIL2A_20241202T063139_R077_T40QGK_20241202T083601,0,2024-12,T40QGK,0.37969142588265203,0,0.7708928902716967
S2B_MSIL2A_20241202T063139_R077_T40QGK_20241202T083601_0001.jpg,S2B_MSIL2A_20241202T063139_R077_T40QGK_20241202T083601,0,2024-12,T40QGK,0.30719051989217133,0,0.7708928902716967
S2A_MSIL2A_20241217T063301_R077_T40QGK_20241217T094151_0000.jpg,S2A_MSIL2A_20241217T063301_R077_T40QGK_20241217T094151,0,2024-12,T40QGK,0.7771319469123441,1,0.7708928902716967
S2A_MSIL2A_20241217T063301_R077_T40QGK_20241217T094151_0001.jpg,S2A_MSIL2A_20241217T063301_R077_T40QGK_20241217T094151,0,2024-12,T40QGK,0.8479980580455968,1,0.7708928902716967
S2A_MSIL2A_20241227T063301_R077_T40QGK_20241227T094051_0000.jpg,S2A_MSIL2A_20241227T063301_R077_T40QGK_20241227T094051,0,2024-12,T40QGK,0.09158402078129214,0,0.7708928902716967
S2A_MSIL2A_20241227T063301_R077_T40QGK_20241227T094051_0001.jpg,S2A_MSIL2A_20241227T063301_R077_T40QGK_20241227T094051,0,2024-12,T40QGK,0.07470299773448916,0,0.7708928902716967
S2A_MSIL2A_20170101T064252_R120_T40QFM_20210529T105726_0000.jpg,S2A_MSIL2A_20170101T064252_R120_T40QFM_20210529T105726,0,2017-01,T40QFM,0.20245442349349435,0,0.7708928902716967
S2A_MSIL2A_20170101T064252_R120_T40QFM_20210529T105726_0001.jpg,S2A_MSIL2A_20170101T064252_R120_T40QFM_20210529T105726,0,2017-01,T40QFM,0.24726483593997994,0,0.7708928902716967
S2A_MSIL2A_20170210T064011_R120_T40QFM_20210208T095409_0000.jpg,S2A_MSIL2A_20170210T064011_R120_T40QFM_20210208T095409,1,2017-02,T40QFM,0.006609982720573426,0,0.7708928902716967
S2A_MSIL2A_20170210T064011_R120_T40QFM_20210208T095409_0001.jpg,S2A_MSIL2A_20170210T064011_R120_T40QFM_20210208T095409,1,2017-02,T40QFM,0.008147842296325477,0,0.7708928902716967
S2A_MSIL2A_20170302T064011_R120_T40QFM_20210208T184836_0000.jpg,S2A_MSIL2A_20170302T064011_R120_T40QFM_20210208T184836,1,2017-03,T40QFM,0.013552525690322123,0,0.7708928902716967
S2A_MSIL2A_20170302T064011_R120_T40QFM_20210208T184836_0001.jpg,S2A_MSIL2A_20170302T064011_R120_T40QFM_20210208T184836,1,2017-03,T40QFM,0.01521468269823798,0,0.7708928902716967
S2A_MSIL2A_20170312T063641_R120_T40QFM_20210208T214529_0000.jpg,S2A_MSIL2A_20170312T063641_R120_T40QFM_20210208T214529,0,2017-03,T40QFM,0.014257957229837923,0,0.7708928902716967
S2A_MSIL2A_20170312T063641_R120_T40QFM_20210208T214529_0001.jpg,S2A_MSIL2A_20170312T063641_R120_T40QFM_20210208T214529,0,2017-03,T40QFM,0.019963317898937852,0,0.7708928902716967
S2A_MSIL2A_20170401T063621_R120_T40QFM_20210209T033740_0000.jpg,S2A_MSIL2A_20170401T063621_R120_T40QFM_20210209T033740,1,2017-04,T40QFM,0.6952523769847111,0,0.7708928902716967
S2A_MSIL2A_20170401T063621_R120_T40QFM_20210209T033740_0001.jpg,S2A_MSIL2A_20170401T063621_R120_T40QFM_20210209T033740,1,2017-04,T40QFM,0.7026702524541586,0,0.7708928902716967
S2A_MSIL2A_20170411T064011_R120_T40QFM_20210209T063842_0000.jpg,S2A_MSIL2A_20170411T064011_R120_T40QFM_20210209T063842,0,2017-04,T40QFM,0.5269517844649972,0,0.7708928902716967
S2A_MSIL2A_20170411T064011_R120_T40QFM_20210209T063842_0001.jpg,S2A_MSIL2A_20170411T064011_R120_T40QFM_20210209T063842,0,2017-04,T40QFM,0.507990658127713,0,0.7708928902716967
S2A_MSIL2A_20170421T063631_R120_T40QFM_20210209T092345_0000.jpg,S2A_MSIL2A_20170421T063631_R120_T40QFM_20210209T092345,0,2017-04,T40QFM,0.3811033924354419,0,0.7708928902716967
S2A_MSIL2A_20170421T063631_R120_T40QFM_20210209T092345_0001.jpg,S2A_MSIL2A_20170421T063631_R120_T40QFM_20210209T092345,0,2017-04,T40QFM,0.2825055987539003,0,0.7708928902716967
S2A_MSIL2A_20170511T063631_R120_T40QFM_20210209T143937_0000.jpg,S2A_MSIL2A_20170511T063631_R120_T40QFM_20210209T143937,0,2017-05,T40QFM,0.020824901797463626,0,0.7708928902716967
S2A_MSIL2A_20170511T063631_R120_T40QFM_20210209T143937_0001.jpg,S2A_MSIL2A_20170511T063631_R120_T40QFM_20210209T143937,0,2017-05,T40QFM,0.025699944571139288,0,0.7708928902716967
S2A_MSIL2A_20170521T064021_R120_T40QFM_20210209T170100_0000.jpg,S2A_MSIL2A_20170521T064021_R120_T40QFM_20210209T170100,0,2017-05,T40QFM,0.3942620772655624,0,0.7708928902716967
S2A_MSIL2A_20170521T064021_R120_T40QFM_20210209T170100_0001.jpg,S2A_MSIL2A_20170521T064021_R120_T40QFM_20210209T170100,0,2017-05,T40QFM,0.41656291242913474,0,0.7708928902716967
S2A_MSIL2A_20170531T063631_R120_T40QFM_20210209T192316_0000.jpg,S2A_MSIL2A_20170531T063631_R120_T40QFM_20210209T192316,0,2017-05,T40QFM,0.25641581449666473,0,0.7708928902716967
S2A_MSIL2A_20170531T063631_R120_T40QFM_20210209T192316_0001.jpg,S2A_MSIL2A_20170531T063631_R120_T40QFM_20210209T192316,0,2017-05,T40QFM,0.24606444966672672,0,0.7708928902716967
S2A_MSIL2A_20170620T063631_R120_T40QFM_20210210T001918_0000.jpg,S2A_MSIL2A_20170620T063631_R120_T40QFM_20210210T001918,1,2017-06,T40QFM,0.6001968231747378,0,0.7708928902716967
S2A_MSIL2A_20170620T063631_R120_T40QFM_20210210T001918_0001.jpg,S2A_MSIL2A_20170620T063631_R120_T40QFM_20210210T001918,1,2017-06,T40QFM,0.6015826793353265,0,0.7708928902716967
S2B_MSIL2A_20170705T064019_R120_T40QFM_20210210T050526_0000.jpg,S2B_MSIL2A_20170705T064019_R120_T40QFM_20210210T050526,1,2017-07,T40QFM,0.7725963642502739,1,0.7708928902716967
S2B_MSIL2A_20170705T064019_R120_T40QFM_20210210T050526_0001.jpg,S2B_MSIL2A_20170705T064019_R120_T40QFM_20210210T050526,1,2017-07,T40QFM,0.7523490000520588,0,0.7708928902716967
S2A_MSIL2A_20170720T064021_R120_T40QFM_20210210T113721_0000.jpg,S2A_MSIL2A_20170720T064021_R120_T40QFM_20210210T113721,0,2017-07,T40QFM,1e-06,0,0.7708928902716967
S2A_MSIL2A_20170720T064021_R120_T40QFM_20210210T113721_0001.jpg,S2A_MSIL2A_20170720T064021_R120_T40QFM_20210210T113721,0,2017-07,T40QFM,1e-06,0,0.7708928902716967
S2B_MSIL2A_20170725T063629_R120_T40QFM_20210210T142140_0000.jpg,S2B_MSIL2A_20170725T063629_R120_T40QFM_20210210T142140,0,2017-07,T40QFM,1e-06,0,0.7708928902716967
S2B_MSIL2A_20170725T063629_R120_T40QFM_20210210T142140_0001.jpg,S2B_MSIL2A_20170725T063629_R120_T40QFM_20210210T142140,0,2017-07,T40QFM,1e-06,0,0.7708928902716967
S2B_MSIL2A_20170814T063629_R120_T40QFM_20210131T215721_0000.jpg,S2B_MSIL2A_20170814T063629_R120_T40QFM_20210131T215721,0,2017-08,T40QFM,0.9551077997482046,1,0.7708928902716967
S2B_MSIL2A_20170814T063629_R120_T40QFM_20210131T215721_0001.jpg,S2B_MSIL2A_20170814T063629_R120_T40QFM_20210131T215721,0,2017-08,T40QFM,0.9692290782666428,1,0.7708928902716967
S2B_MSIL2A_20170824T064009_R120_T40QFM_20210201T091008_0000.jpg,S2B_MSIL2A_20170824T064009_R120_T40QFM_20210201T091008,0,2017-08,T40QFM,0.07777304216607299,0,0.7708928902716967
S2B_MSIL2A_20170824T064009_R120_T40QFM_20210201T091008_0001.jpg,S2B_MSIL2A_20170824T064009_R120_T40QFM_20210201T091008,0,2017-08,T40QFM,0.09271376042414436,0,0.7708928902716967
S2A_MSIL2A_20170829T064021_R120_T40QFM_20210201T133444_0000.jpg,S2A_MSIL2A_20170829T064021_R120_T40QFM_20210201T133444,0,2017-08,T40QFM,0.02580267389852642,0,0.7708928902716967
S2A_MSIL2A_20170829T064021_R120_T40QFM_20210201T133444_0001.jpg,S2A_MSIL2A_20170829T064021_R120_T40QFM_20210201T133444,0,2017-08,T40QFM,0.030086916711896967,0,0.7708928902716967
S2A_MSIL2A_20170908T063621_R120_T40QFM_20210201T212456_0000.jpg,S2A_MSIL2A_20170908T063621_R120_T40QFM_20210201T212456,0,2017-09,T40QFM,0.06497430353198369,0,0.7708928902716967
S2A_MSIL2A_20170908T063621_R120_T40QFM_20210201T212456_0001.jpg,S2A_MSIL2A_20170908T063621_R120_T40QFM_20210201T212456,0,2017-09,T40QFM,0.059642489754560817,0,0.7708928902716967
S2B_MSIL2A_20170913T064009_R120_T40QFM_20210202T020531_0000.jpg,S2B_MSIL2A_20170913T064009_R120_T40QFM_20210202T020531,0,2017-09,T40QFM,0.05426280158809373,0,0.7708928902716967
S2B_MSIL2A_20170913T064009_R120_T40QFM_20210202T020531_0001.jpg,S2B_MSIL2A_20170913T064009_R120_T40QFM_20210202T020531,0,2017-09,T40QFM,0.07629768218440934,0,0.7708928902716967
S2A_MSIL2A_20170928T063631_R120_T40QFM_20210202T110028_0000.jpg,S2A_MSIL2A_20170928T063631_R120_T40QFM_20210202T110028,1,2017-09,T40QFM,0.9733466014913378,1,0.7708928902716967
S2A_MSIL2A_20170928T063631_R120_T40QFM_20210202T110028_0001.jpg,S2A_MSIL2A_20170928T063631_R120_T40QFM_20210202T110028,1,2017-09,T40QFM,0.9761745829902209,1,0.7708928902716967
S2B_MSIL2A_20171003T063959_R120_T40QFM_20210202T132556_0000.jpg,S2B_MSIL2A_20171003T063959_R120_T40QFM_20210202T132556,0,2017-10,T40QFM,0.957102779710208,1,0.7708928902716967
S2B_MSIL2A_20171003T063959_R120_T40QFM_20210202T132556_0001.jpg,S2B_MSIL2A_20171003T063959_R120_T40QFM_20210202T132556,0,2017-10,T40QFM,0.9665396634423555,1,0.7708928902716967
S2B_MSIL2A_20171013T063809_R120_T40QFM_20201015T000730_0000.jpg,S2B_MSIL2A_20171013T063809_R120_T40QFM_20201015T000730,0,2017-10,T40QFM,0.02100102488843372,0,0.7708928902716967
S2B_MSIL2A_20171013T063809_R120_T40QFM_20201015T000730_0001.jpg,S2B_MSIL2A_20171013T063809_R120_T40QFM_20201015T000730,0,2017-10,T40QFM,0.022931818828516148,0,0.7708928902716967
S2B_MSIL2A_20171023T063959_R120_T40QFM_20201015T014903_0000.jpg,S2B_MSIL2A_20171023T063959_R120_T40QFM_20201015T014903,0,2017-10,T40QFM,0.10448707319854718,0,0.7708928902716967
S2B_MSIL2A_20171023T063959_R120_T40QFM_20201015T014903_0001.jpg,S2B_MSIL2A_20171023T063959_R120_T40QFM_20201015T014903,0,2017-10,T40QFM,0.07239257383963228,0,0.7708928902716967
S2A_MSIL2A_20171028T064011_R120_T40QFM_20201015T024342_0000.jpg,S2A_MSIL2A_20171028T064011_R120_T40QFM_20201015T024342,0,2017-10,T40QFM,0.017000444752337692,0,0.7708928902716967
S2A_MSIL2A_20171028T064011_R120_T40QFM_20201015T024342_0001.jpg,S2A_MSIL2A_20171028T064011_R120_T40QFM_20201015T024342,0,2017-10,T40QFM,0.018472929076230618,0,0.7708928902716967
S2A_MSIL2A_20171107T064051_R120_T40QFM_20201014T183734_0000.jpg,S2A_MSIL2A_20171107T064051_R120_T40QFM_20201014T183734,0,2017-11,T40QFM,0.6731234737983006,0,0.7708928902716967
S2A_MSIL2A_20171107T064051_R120_T40QFM_20201014T183734_0001.jpg,S2A_MSIL2A_20171107T064051_R120_T40QFM_20201014T183734,0,2017-11,T40QFM,0.7108069742093591,0,0.7708928902716967
S2B_MSIL2A_20171112T064109_R120_T40QFM_20210215T163917_0000.jpg,S2B_MSIL2A_20171112T064109_R120_T40QFM_20210215T163917,0,2017-11,T40QFM,0.02950579999298596,0,0.7708928902716967
S2B_MSIL2A_20171112T064109_R120_T40QFM_20210215T163917_0001.jpg,S2B_MSIL2A_20171112T064109_R120_T40QFM_20210215T163917,0,2017-11,T40QFM,0.028398459787819366,0,0.7708928902716967
S2B_MSIL2A_20171122T064149_R120_T40QFM_20201014T213725_0000.jpg,S2B_MSIL2A_20171122T064149_R120_T40QFM_20201014T213725,0,2017-11,T40QFM,0.33448756610998526,0,0.7708928902716967
S2B_MSIL2A_20171122T064149_R120_T40QFM_20201014T213725_0001.jpg,S2B_MSIL2A_20171122T064149_R120_T40QFM_20201014T213725,0,2017-11,T40QFM,0.3080704707363482,0,0.7708928902716967
S2A_MSIL2A_20171127T064211_R120_T40QFM_20201014T222555_0000.jpg,S2A_MSIL2A_20171127T064211_R120_T40QFM_20201014T222555,0,2017-11,T40QFM,0.265010080032367,0,0.7708928902716967
S2A_MSIL2A_20171127T064211_R120_T40QFM_20201014T222555_0001.jpg,S2A_MSIL2A_20171127T064211_R120_T40QFM_20201014T222555,0,2017-11,T40QFM,0.4851074292856085,0,0.7708928902716967
S2B_MSIL2A_20171202T064229_R120_T40QFM_20201014T114607_0000.jpg,S2B_MSIL2A_20171202T064229_R120_T40QFM_20201014T114607,0,2017-12,T40QFM,0.000555835351077434,0,0.7708928902716967
S2B_MSIL2A_20171202T064229_R120_T40QFM_20201014T114607_0001.jpg,S2B_MSIL2A_20171202T064229_R120_T40QFM_20201014T114607,0,2017-12,T40QFM,0.0006325862389726875,0,0.7708928902716967
S2B_MSIL2A_20171222T064249_R120_T40QFM_20201119T192855_0000.jpg,S2B_MSIL2A_20171222T064249_R120_T40QFM_20201119T192855,1,2017-12,T40QFM,0.9968753438516577,1,0.7708928902716967
S2B_MSIL2A_20171222T064249_R120_T40QFM_20201119T192855_0001.jpg,S2B_MSIL2A_20171222T064249_R120_T40QFM_20201119T192855,1,2017-12,T40QFM,0.9970046500730411,1,0.7708928902716967
S2B_MSIL2A_20180101T064249_R120_T40QFM_20201014T023737_0000.jpg,S2B_MSIL2A_20180101T064249_R120_T40QFM_20201014T023737,0,2018-01,T40QFM,0.0035326834180542336,0,0.7708928902716967
S2B_MSIL2A_20180101T064249_R120_T40QFM_20201014T023737_0001.jpg,S2B_MSIL2A_20180101T064249_R120_T40QFM_20201014T023737,0,2018-01,T40QFM,0.0035417624050121345,0,0.7708928902716967
S2B_MSIL2A_20180111T064229_R120_T40QFM_20201014T045856_0000.jpg,S2B_MSIL2A_20180111T064229_R120_T40QFM_20201014T045856,0,2018-01,T40QFM,0.42091955032180883,0,0.7708928902716967
S2B_MSIL2A_20180111T064229_R120_T40QFM_20201014T045856_0001.jpg,S2B_MSIL2A_20180111T064229_R120_T40QFM_20201014T045856,0,2018-01,T40QFM,0.41015549688211916,0,0.7708928902716967
S2A_MSIL2A_20180126T064131_R120_T40QFM_20201014T085127_0000.jpg,S2A_MSIL2A_20180126T064131_R120_T40QFM_20201014T085127,0,2018-01,T40QFM,0.008303708185520078,0,0.7708928902716967
S2A_MSIL2A_20180126T064131_R120_T40QFM_20201014T085127_0001.jpg,S2A_MSIL2A_20180126T064131_R120_T40QFM_20201014T085127,0,2018-01,T40QFM,0.0066961825395203565,0,0.7708928902716967
S2A_MSIL2A_20180215T063941_R120_T40QFM_20201013T212603_0000.jpg,S2A_MSIL2A_20180215T063941_R120_T40QFM_20201013T212603,0,2018-02,T40QFM,0.4833274304417231,0,0.7708928902716967
S2A_MSIL2A_20180215T063941_R120_T40QFM_20201013T212603_0001.jpg,S2A_MSIL2A_20180215T063941_R120_T40QFM_20201013T212603,0,2018-02,T40QFM,0.497636184226085,0,0.7708928902716967
S2B_MSIL2A_20180220T063909_R120_T40QFM_20201013T233242_0000.jpg,S2B_MSIL2A_20180220T063909_R120_T40QFM_20201013T233242,0,2018-02,T40QFM,0.18332342190633538,0,0.7708928902716967
S2B_MSIL2A_20180220T063909_R120_T40QFM_20201013T233242_0001.jpg,S2B_MSIL2A_20180220T063909_R120_T40QFM_20201013T233242,0,2018-02,T40QFM,0.20990360920983248,0,0.7708928902716967
S2A_MSIL2A_20180307T063721_R120_T40QFM_20201013T073203_0000.jpg,S2A_MSIL2A_20180307T063721_R120_T40QFM_20201013T073203,0,2018-03,T40QFM,0.31518423216809055,0,0.7708928902716967
S2A_MSIL2A_20180307T063721_R120_T40QFM_20201013T073203_0001.jpg,S2A_MSIL2A_20180307T063721_R120_T40QFM_20201013T073203,0,2018-03,T40QFM,0.32705865380440874,0,0.7708928902716967
S2B_MSIL2A_20180322T063619_R120_T40QFM_20201013T124206_0000.jpg,S2B_MSIL2A_20180322T063619_R120_T40QFM_20201013T124206,0,2018-03,T40QFM,0.3216960897798332,0,0.7708928902716967
S2B_MSIL2A_20180322T063619_R120_T40QFM_20201013T124206_0001.jpg,S2B_MSIL2A_20180322T063619_R120_T40QFM_20201013T124206,0,2018-03,T40QFM,0.3333168444127789,0,0.7708928902716967
S2A_MSIL2A_20180327T063621_R120_T40QFM_20201013T145541_0000.jpg,S2A_MSIL2A_20180327T063621_R120_T40QFM_20201013T145541,0,2018-03,T40QFM,0.29005074532830816,0,0.7708928902716967
S2A_MSIL2A_20180327T063621_R120_T40QFM_20201013T145541_0001.jpg,S2A_MSIL2A_20180327T063621_R120_T40QFM_20201013T145541,0,2018-03,T40QFM,0.23576023840610438,0,0.7708928902716967
S2A_MSIL2A_20180406T063631_R120_T40QFM_20201012T185420_0000.jpg,S2A_MSIL2A_20180406T063631_R120_T40QFM_20201012T185420,0,2018-04,T40QFM,0.45788324643347866,0,0.7708928902716967
S2A_MSIL2A_20180406T063631_R120_T40QFM_20201012T185420_0001.jpg,S2A_MSIL2A_20180406T063631_R120_T40QFM_20201012T185420,0,2018-04,T40QFM,0.42929036230320156,0,0.7708928902716967
S2A_MSIL2A_20180416T063631_R120_T40QFM_20201012T225328_0000.jpg,S2A_MSIL2A_20180416T063631_R120_T40QFM_20201012T225328,0,2018-04,T40QFM,0.32375642728348897,0,0.7708928902716967
S2A_MSIL2A_20180416T063631_R120_T40QFM_20201012T225328_0001.jpg,S2A_MSIL2A_20180416T063631_R120_T40QFM_20201012T225328,0,2018-04,T40QFM,0.270102794142713,0,0.7708928902716967
S2B_MSIL2A_20180421T063629_R120_T40QFM_20201013T005710_0000.jpg,S2B_MSIL2A_20180421T063629_R120_T40QFM_20201013T005710,0,2018-04,T40QFM,0.7355934756960432,0,0.7708928902716967
S2B_MSIL2A_20180421T063629_R120_T40QFM_20201013T005710_0001.jpg,S2B_MSIL2A_20180421T063629_R120_T40QFM_20201013T005710,0,2018-04,T40QFM,0.7874031171300216,1,0.7708928902716967
S2A_MSIL2A_20180426T063631_R120_T40QFM_20201013T024810_0000.jpg,S2A_MSIL2A_20180426T063631_R120_T40QFM_20201013T024810,0,2018-04,T40QFM,0.10763340034728716,0,0.7708928902716967
S2A_MSIL2A_20180426T063631_R120_T40QFM_20201013T024810_0001.jpg,S2A_MSIL2A_20180426T063631_R120_T40QFM_20201013T024810,0,2018-04,T40QFM,0.12464158148124141,0,0.7708928902716967
S2A_MSIL2A_20180506T063631_R120_T40QFM_20201012T062537_0000.jpg,S2A_MSIL2A_20180506T063631_R120_T40QFM_20201012T062537,0,2018-05,T40QFM,0.032034758753059896,0,0.7708928902716967
S2A_MSIL2A_20180506T063631_R120_T40QFM_20201012T062537_0001.jpg,S2A_MSIL2A_20180506T063631_R120_T40QFM_20201012T062537,0,2018-05,T40QFM,0.03810801912464187,0,0.7708928902716967
S2A_MSIL2A_20180516T063631_R120_T40QFM_20201012T102832_0000.jpg,S2A_MSIL2A_20180516T063631_R120_T40QFM_20201012T102832,1,2018-05,T40QFM,0.7883424200178996,1,0.7708928902716967
S2A_MSIL2A_20180516T063631_R120_T40QFM_20201012T102832_0001.jpg,S2A_MSIL2A_20180516T063631_R120_T40QFM_20201012T102832,1,2018-05,T40QFM,0.8003595019022408,1,0.7708928902716967
S2B_MSIL2A_20180521T063629_R120_T40QFM_20201026T102945_0000.jpg,S2B_MSIL2A_20180521T063629_R120_T40QFM_20201026T102945,0,2018-05,T40QFM,1e-06,0,0.7708928902716967
S2B_MSIL2A_20180521T063629_R120_T40QFM_20201026T102945_0001.jpg,S2B_MSIL2A_20180521T063629_R120_T40QFM_20201026T102945,0,2018-05,T40QFM,1e-06,0,0.7708928902716967
S2B_MSIL2A_20180531T063619_R120_T40QFM_20201012T162134_0000.jpg,S2B_MSIL2A_20180531T063619_R120_T40QFM_20201012T162134,1,2018-05,T40QFM,0.9299997738798323,1,0.7708928902716967
S2B_MSIL2A_20180531T063619_R120_T40QFM_20201012T162134_0001.jpg,S2B_MSIL2A_20180531T063619_R120_T40QFM_20201012T162134,1,2018-05,T40QFM,0.929431235338462,1,0.7708928902716967
S2A_MSIL2A_20180605T063631_R120_T40QFM_20201026T160308_0000.jpg,S2A_MSIL2A_20180605T063631_R120_T40QFM_20201026T160308,1,2018-06,T40QFM,0.9609215481324855,1,0.7708928902716967
S2A_MSIL2A_20180605T063631_R120_T40QFM_20201026T160308_0001.jpg,S2A_MSIL2A_20180605T063631_R120_T40QFM_20201026T160308,1,2018-06,T40QFM,0.9621925970030265,1,0.7708928902716967
S2B_MSIL2A_20180620T063629_R120_T40QFM_20201012T002457_0000.jpg,S2B_MSIL2A_20180620T063629_R120_T40QFM_20201012T002457,1,2018-06,T40QFM,0.8029074542456007,1,0.7708928902716967
S2B_MSIL2A_20180620T063629_R120_T40QFM_20201012T002457_0001.jpg,S2B_MSIL2A_20180620T063629_R120_T40QFM_20201012T002457,1,2018-06,T40QFM,0.8092174618876017,1,0.7708928902716967
S2B_MSIL2A_20180630T063629_R120_T40QFM_20201012T041733_0000.jpg,S2B_MSIL2A_20180630T063629_R120_T40QFM_20201012T041733,0,2018-06,T40QFM,0.07036687295480824,0,0.7708928902716967
S2A_MSIL2A_20180705T063631_R120_T40QFM_20201011T120750_0000.jpg,S2A_MSIL2A_20180705T063631_R120_T40QFM_20201011T120750,1,2018-07,T40QFM,0.9989533684202989,1,0.7708928902716967
S2A_MSIL2A_20180705T063631_R120_T40QFM_20201011T120750_0001.jpg,S2A_MSIL2A_20180705T063631_R120_T40QFM_20201011T120750,1,2018-07,T40QFM,0.9986256450883014,1,0.7708928902716967
S2B_MSIL2A_20180720T063629_R120_T40QFM_20201011T180216_0000.jpg,S2B_MSIL2A_20180720T063629_R120_T40QFM_20201011T180216,0,2018-07,T40QFM,0.00017594327797993537,0,0.7708928902716967
S2B_MSIL2A_20180720T063629_R120_T40QFM_20201011T180216_0001.jpg,S2B_MSIL2A_20180720T063629_R120_T40QFM_20201011T180216,0,2018-07,T40QFM,0.00017917713427226882,0,0.7708928902716967
S2A_MSIL2A_20180814T063631_R120_T40QFM_20201027T032716_0000.jpg,S2A_MSIL2A_20180814T063631_R120_T40QFM_20201027T032716,0,2018-08,T40QFM,0.2548276363236323,0,0.7708928902716967
S2A_MSIL2A_20180814T063631_R120_T40QFM_20201027T032716_0001.jpg,S2A_MSIL2A_20180814T063631_R120_T40QFM_20201027T032716,0,2018-08,T40QFM,0.2807444753680756,0,0.7708928902716967
S2B_MSIL2A_20180829T063619_R120_T40QFM_20201103T122653_0000.jpg,S2B_MSIL2A_20180829T063619_R120_T40QFM_20201103T122653,0,2018-08,T40QFM,0.23190491008650388,0,0.7708928902716967
S2B_MSIL2A_20180829T063619_R120_T40QFM_20201103T122653_0001.jpg,S2B_MSIL2A_20180829T063619_R120_T40QFM_20201103T122653,0,2018-08,T40QFM,0.2947117114759515,0,0.7708928902716967
S2A_MSIL2A_20180913T063621_R120_T40QFM_20201009T003932_0000.jpg,S2A_MSIL2A_20180913T063621_R120_T40QFM_20201009T003932,0,2018-09,T40QFM,0.006379019092285118,0,0.7708928902716967
S2A_MSIL2A_20180913T063621_R120_T40QFM_20201009T003932_0001.jpg,S2A_MSIL2A_20180913T063621_R120_T40QFM_20201009T003932,0,2018-09,T40QFM,0.0061514198053176945,0,0.7708928902716967
S2A_MSIL2A_20180923T063621_R120_T40QFM_20201009T035752_0000.jpg,S2A_MSIL2A_20180923T063621_R120_T40QFM_20201009T035752,0,2018-09,T40QFM,0.3719593269697824,0,0.7708928902716967
S2A_MSIL2A_20180923T063621_R120_T40QFM_20201009T035752_0001.jpg,S2A_MSIL2A_20180923T063621_R120_T40QFM_20201009T035752,0,2018-09,T40QFM,0.35633241946523503,0,0.7708928902716967
S2B_MSIL2A_20180928T063629_R120_T40QFM_20201009T055459_0000.jpg,S2B_MSIL2A_20180928T063629_R120_T40QFM_20201009T055459,0,2018-09,T40QFM,0.6060217406331831,0,0.7708928902716967
S2B_MSIL2A_20180928T063629_R120_T40QFM_20201009T055459_0001.jpg,S2B_MSIL2A_20180928T063629_R120_T40QFM_20201009T055459,0,2018-09,T40QFM,0.6011036507259078,0,0.7708928902716967
S2A_MSIL2A_20181003T063711_R120_T40QFM_20201009T073338_0000.jpg,S2A_MSIL2A_20181003T063711_R120_T40QFM_20201009T073338,0,2018-10,T40QFM,0.4125101223589467,0,0.7708928902716967
S2A_MSIL2A_20181003T063711_R120_T40QFM_20201009T073338_0001.jpg,S2A_MSIL2A_20181003T063711_R120_T40QFM_20201009T073338,0,2018-10,T40QFM,0.34136331197623854,0,0.7708928902716967
S2A_MSIL2A_20181013T063821_R120_T40QFM_20201009T110105_0000.jpg,S2A_MSIL2A_20181013T063821_R120_T40QFM_20201009T110105,0,2018-10,T40QFM,0.058317568569977565,0,0.7708928902716967
S2A_MSIL2A_20181013T063821_R120_T40QFM_20201009T110105_0001.jpg,S2A_MSIL2A_20181013T063821_R120_T40QFM_20201009T110105,0,2018-10,T40QFM,0.05486723504744136,0,0.7708928902716967
S2A_MSIL2A_20181023T063921_R120_T40QFM_20201009T142515_0000.jpg,S2A_MSIL2A_20181023T063921_R120_T40QFM_20201009T142515,0,2018-10,T40QFM,0.006828804442976761,0,0.7708928902716967
S2A_MSIL2A_20181023T063921_R120_T40QFM_20201009T142515_0001.jpg,S2A_MSIL2A_20181023T063921_R120_T40QFM_20201009T142515,0,2018-10,T40QFM,0.008561312605459996,0,0.7708928902716967
S2B_MSIL2A_20181107T064049_R120_T40QFM_20201008T164036_0000.jpg,S2B_MSIL2A_20181107T064049_R120_T40QFM_20201008T164036,0,2018-11,T40QFM,0.27732585082349137,0,0.7708928902716967
S2B_MSIL2A_20181107T064049_R120_T40QFM_20201008T164036_0001.jpg,S2B_MSIL2A_20181107T064049_R120_T40QFM_20201008T164036,0,2018-11,T40QFM,0.2760496333568534,0,0.7708928902716967
S2A_MSIL2A_20181112T064111_R120_T40QFM_20201008T180035_0000.jpg,S2A_MSIL2A_20181112T064111_R120_T40QFM_20201008T180035,0,2018-11,T40QFM,0.08680351833155728,0,0.7708928902716967
S2A_MSIL2A_20181112T064111_R120_T40QFM_20201008T180035_0001.jpg,S2A_MSIL2A_20181112T064111_R120_T40QFM_20201008T180035,0,2018-11,T40QFM,0.07084308147247903,0,0.7708928902716967
S2A_MSIL2A_20181122T064151_R120_T40QFM_20201008T204126_0000.jpg,S2A_MSIL2A_20181122T064151_R120_T40QFM_20201008T204126,0,2018-11,T40QFM,0.49196520572743074,0,0.7708928902716967
S2A_MSIL2A_20181122T064151_R120_T40QFM_20201008T204126_0001.jpg,S2A_MSIL2A_20181122T064151_R120_T40QFM_20201008T204126,0,2018-11,T40QFM,0.4961883670256156,0,0.7708928902716967
S2B_MSIL2A_20181207T064239_R120_T40QFM_20201008T081206_0000.jpg,S2B_MSIL2A_20181207T064239_R120_T40QFM_20201008T081206,0,2018-12,T40QFM,0.005317037775228851,0,0.7708928902716967
S2B_MSIL2A_20181207T064239_R120_T40QFM_20201008T081206_0001.jpg,S2B_MSIL2A_20181207T064239_R120_T40QFM_20201008T081206,0,2018-12,T40QFM,0.008302240154605315,0,0.7708928902716967
S2A_MSIL2A_20181212T064251_R120_T40QFM_20201008T092507_0000.jpg,S2A_MSIL2A_20181212T064251_R120_T40QFM_20201008T092507,1,2018-12,T40QFM,0.9198863550225728,1,0.7708928902716967
S2A_MSIL2A_20181212T064251_R120_T40QFM_20201008T092507_0001.jpg,S2A_MSIL2A_20181212T064251_R120_T40QFM_20201008T092507,1,2018-12,T40QFM,0.9388235917834622,1,0.7708928902716967
S2B_MSIL2A_20181217T064259_R120_T40QFM_20201008T105525_0000.jpg,S2B_MSIL2A_20181217T064259_R120_T40QFM_20201008T105525,1,2018-12,T40QFM,0.9602058603377795,1,0.7708928902716967
S2B_MSIL2A_20181217T064259_R120_T40QFM_20201008T105525_0001.jpg,S2B_MSIL2A_20181217T064259_R120_T40QFM_20201008T105525,1,2018-12,T40QFM,0.9611730408906518,1,0.7708928902716967
S2B_MSIL2A_20190106T064249_R120_T40QFM_20201007T231950_0000.jpg,S2B_MSIL2A_20190106T064249_R120_T40QFM_20201007T231950,0,2019-01,T40QFM,0.10762634277489479,0,0.7708928902716967
S2B_MSIL2A_20190106T064249_R120_T40QFM_20201007T231950_0001.jpg,S2B_MSIL2A_20190106T064249_R120_T40QFM_20201007T231950,0,2019-01,T40QFM,0.11962544294325866,0,0.7708928902716967
S2B_MSIL2A_20190116T064219_R120_T40QFM_20201008T020524_0000.jpg,S2B_MSIL2A_20190116T064219_R120_T40QFM_20201008T020524,0,2019-01,T40QFM,0.062019673863641094,0,0.7708928902716967
S2B_MSIL2A_20190116T064219_R120_T40QFM_20201008T020524_0001.jpg,S2B_MSIL2A_20190116T064219_R120_T40QFM_20201008T020524,0,2019-01,T40QFM,0.060669052377891684,0,0.7708928902716967
S2A_MSIL2A_20190121T064201_R120_T40QFM_20201008T031932_0000.jpg,S2A_MSIL2A_20190121T064201_R120_T40QFM_20201008T031932,0,2019-01,T40QFM,0.07655663248032119,0,0.7708928902716967
S2A_MSIL2A_20190121T064201_R120_T40QFM_20201008T031932_0001.jpg,S2A_MSIL2A_20190121T064201_R120_T40QFM_20201008T031932,0,2019-01,T40QFM,0.06789045571800206,0,0.7708928902716967
S2B_MSIL2A_20190205T064049_R120_T40QFM_20201007T141559_0000.jpg,S2B_MSIL2A_20190205T064049_R120_T40QFM_20201007T141559,0,2019-02,T40QFM,0.27464398093785686,0,0.7708928902716967
S2B_MSIL2A_20190205T064049_R120_T40QFM_20201007T141559_0001.jpg,S2B_MSIL2A_20190205T064049_R120_T40QFM_20201007T141559,0,2019-02,T40QFM,0.26423258790502363,0,0.7708928902716967
S2B_MSIL2A_20190215T063949_R120_T40QFM_20201030T013007_0000.jpg,S2B_MSIL2A_20190215T063949_R120_T40QFM_20201030T013007,1,2019-02,T40QFM,0.2696024454772438,0,0.7708928902716967
S2B_MSIL2A_20190215T063949_R120_T40QFM_20201030T013007_0001.jpg,S2B_MSIL2A_20190215T063949_R120_T40QFM_20201030T013007,1,2019-02,T40QFM,0.28828675441700513,0,0.7708928902716967
S2B_MSIL2A_20190307T063729_R120_T40QFM_20201105T093834_0000.jpg,S2B_MSIL2A_20190307T063729_R120_T40QFM_20201105T093834,0,2019-03,T40QFM,0.1446049047394328,0,0.7708928902716967
S2B_MSIL2A_20190307T063729_R120_T40QFM_20201105T093834_0001.jpg,S2B_MSIL2A_20190307T063729_R120_T40QFM_20201105T093834,0,2019-03,T40QFM,0.18645843327555386,0,0.7708928902716967
S2A_MSIL2A_20190312T063651_R120_T40QFM_20221204T175916_0000.jpg,S2A_MSIL2A_20190312T063651_R120_T40QFM_20221204T175916,0,2019-03,T40QFM,0.3169765846267529,0,0.7708928902716967
S2A_MSIL2A_20190312T063651_R120_T40QFM_20221204T175916_0001.jpg,S2A_MSIL2A_20190312T063651_R120_T40QFM_20221204T175916,0,2019-03,T40QFM,0.3455399934333595,0,0.7708928902716967
S2B_MSIL2A_20190317T063629_R120_T40QFM_20201007T074128_0000.jpg,S2B_MSIL2A_20190317T063629_R120_T40QFM_20201007T074128,1,2019-03,T40QFM,0.6091151947189412,0,0.7708928902716967
S2B_MSIL2A_20190317T063629_R120_T40QFM_20201007T074128_0001.jpg,S2B_MSIL2A_20190317T063629_R120_T40QFM_20201007T074128,1,2019-03,T40QFM,0.5902952600934452,0,0.7708928902716967
S2A_MSIL2A_20190401T063631_R120_T40QFM_20201006T205110_0000.jpg,S2A_MSIL2A_20190401T063631_R120_T40QFM_20201006T205110,1,2019-04,T40QFM,0.8848600909985587,1,0.7708928902716967
S2A_MSIL2A_20190401T063631_R120_T40QFM_20201006T205110_0001.jpg,S2A_MSIL2A_20190401T063631_R120_T40QFM_20201006T205110,1,2019-04,T40QFM,0.8581298211211951,1,0.7708928902716967
S2B_MSIL2A_20190416T063629_R120_T40QFM_20201007T025319_0000.jpg,S2B_MSIL2A_20190416T063629_R120_T40QFM_20201007T025319,0,2019-04,T40QFM,0.3898197575328773,0,0.7708928902716967
S2B_MSIL2A_20190416T063629_R120_T40QFM_20201007T025319_0001.jpg,S2B_MSIL2A_20190416T063629_R120_T40QFM_20201007T025319,0,2019-04,T40QFM,0.3978610294395352,0,0.7708928902716967
S2A_MSIL2A_20190421T063631_R120_T40QFM_20201105T132237_0000.jpg,S2A_MSIL2A_20190421T063631_R120_T40QFM_20201105T132237,0,2019-04,T40QFM,0.37979199175469064,0,0.7708928902716967
S2A_MSIL2A_20190421T063631_R120_T40QFM_20201105T132237_0001.jpg,S2A_MSIL2A_20190421T063631_R120_T40QFM_20201105T132237,0,2019-04,T40QFM,0.45159831087557223,0,0.7708928902716967
S2B_MSIL2A_20190426T063629_R120_T40QFM_20201105T192133_0000.jpg,S2B_MSIL2A_20190426T063629_R120_T40QFM_20201105T192133,0,2019-04,T40QFM,0.07508281125664047,0,0.7708928902716967
S2B_MSIL2A_20190426T063629_R120_T40QFM_20201105T192133_0001.jpg,S2B_MSIL2A_20190426T063629_R120_T40QFM_20201105T192133,0,2019-04,T40QFM,0.054772106493972426,0,0.7708928902716967
S2A_MSIL2A_20190501T063631_R120_T40QFM_20201006T083335_0000.jpg,S2A_MSIL2A_20190501T063631_R120_T40QFM_20201006T083335,0,2019-05,T40QFM,0.13000303892848764,0,0.7708928902716967
S2A_MSIL2A_20190501T063631_R120_T40QFM_20201006T083335_0001.jpg,S2A_MSIL2A_20190501T063631_R120_T40QFM_20201006T083335,0,2019-05,T40QFM,0.12963459841422106,0,0.7708928902716967
S2B_MSIL2A_20190516T063639_R120_T40QFM_20201006T145732_0000.jpg,S2B_MSIL2A_20190516T063639_R120_T40QFM_20201006T145732,0,2019-05,T40QFM,0.1325515772268617,0,0.7708928902716967
S2B_MSIL2A_20190516T063639_R120_T40QFM_20201006T145732_0001.jpg,S2B_MSIL2A_20190516T063639_R120_T40QFM_20201006T145732,0,2019-05,T40QFM,0.1597881119054668,0,0.7708928902716967
S2A_MSIL2A_20190610T063631_R120_T40QFM_20201006T002059_0000.jpg,S2A_MSIL2A_20190610T063631_R120_T40QFM_20201006T002059,1,2019-06,T40QFM,0.8037277206256258,1,0.7708928902716967
S2A_MSIL2A_20190610T063631_R120_T40QFM_20201006T002059_0001.jpg,S2A_MSIL2A_20190610T063631_R120_T40QFM_20201006T002059,1,2019-06,T40QFM,0.8287871834098068,1,0.7708928902716967
S2A_MSIL2A_20190620T063631_R120_T40QFM_20201006T042636_0000.jpg,S2A_MSIL2A_20190620T063631_R120_T40QFM_20201006T042636,1,2019-06,T40QFM,0.992562767734439,1,0.7708928902716967
S2A_MSIL2A_20190620T063631_R120_T40QFM_20201006T042636_0001.jpg,S2A_MSIL2A_20190620T063631_R120_T40QFM_20201006T042636,1,2019-06,T40QFM,0.9929197775965283,1,0.7708928902716967
S2B_MSIL2A_20190625T063639_R120_T40QFM_20201006T061706_0000.jpg,S2B_MSIL2A_20190625T063639_R120_T40QFM_20201006T061706,1,2019-06,T40QFM,0.990840600579725,1,0.7708928902716967
S2B_MSIL2A_20190625T063639_R120_T40QFM_20201006T061706_0001.jpg,S2B_MSIL2A_20190625T063639_R120_T40QFM_20201006T061706,1,2019-06,T40QFM,0.993039517542833,1,0.7708928902716967
S2B_MSIL2A_20190715T063639_R120_T40QFM_20201005T143128_0000.jpg,S2B_MSIL2A_20190715T063639_R120_T40QFM_20201005T143128,1,2019-07,T40QFM,0.8209467916898414,1,0.7708928902716967
S2B_MSIL2A_20190715T063639_R120_T40QFM_20201005T143128_0001.jpg,S2B_MSIL2A_20190715T063639_R120_T40QFM_20201005T143128,1,2019-07,T40QFM,0.8542420857555031,1,0.7708928902716967
S2A_MSIL2A_20190720T063631_R120_T40QFM_20201005T164749_0000.jpg,S2A_MSIL2A_20190720T063631_R120_T40QFM_20201005T164749,0,2019-07,T40QFM,1e-06,0,0.7708928902716967
S2A_MSIL2A_20190720T063631_R120_T40QFM_20201005T164749_0001.jpg,S2A_MSIL2A_20190720T063631_R120_T40QFM_20201005T164749,0,2019-07,T40QFM,1e-06,0,0.7708928902716967
S2B_MSIL2A_20190814T063629_R120_T40QFM_20201005T002201_0000.jpg,S2B_MSIL2A_20190814T063629_R120_T40QFM_20201005T002201,1,2019-08,T40QFM,0.9999959587763889,1,0.7708928902716967
S2B_MSIL2A_20190814T063629_R120_T40QFM_20201005T002201_0001.jpg,S2B_MSIL2A_20190814T063629_R120_T40QFM_20201005T002201,1,2019-08,T40QFM,0.9999956539281345,1,0.7708928902716967
S2B_MSIL2A_20190824T063629_R120_T40QFM_20201005T042221_0000.jpg,S2B_MSIL2A_20190824T063629_R120_T40QFM_20201005T042221,0,2019-08,T40QFM,0.0026174501936583614,0,0.7708928902716967
S2B_MSIL2A_20190824T063629_R120_T40QFM_20201005T042221_0001.jpg,S2B_MSIL2A_20190824T063629_R120_T40QFM_20201005T042221,0,2019-08,T40QFM,0.0016998175416549765,0,0.7708928902716967
S2B_MSIL2A_20190903T063629_R120_T40QFM_20201004T085303_0000.jpg,S2B_MSIL2A_20190903T063629_R120_T40QFM_20201004T085303,1,2019-09,T40QFM,0.994268976968165,1,0.7708928902716967
S2B_MSIL2A_20190903T063629_R120_T40QFM_20201004T085303_0001.jpg,S2B_MSIL2A_20190903T063629_R120_T40QFM_20201004T085303,1,2019-09,T40QFM,0.9944412594205165,1,0.7708928902716967
S2B_MSIL2A_20190913T063629_R120_T40QFM_20201004T124506_0000.jpg,S2B_MSIL2A_20190913T063629_R120_T40QFM_20201004T124506,0,2019-09,T40QFM,0.020649353239444064,0,0.7708928902716967
S2B_MSIL2A_20190913T063629_R120_T40QFM_20201004T124506_0001.jpg,S2B_MSIL2A_20190913T063629_R120_T40QFM_20201004T124506,0,2019-09,T40QFM,0.022006385645962436,0,0.7708928902716967
S2A_MSIL2A_20190928T063631_R120_T40QFM_20201004T175744_0000.jpg,S2A_MSIL2A_20190928T063631_R120_T40QFM_20201004T175744,0,2019-09,T40QFM,0.00265016493533435,0,0.7708928902716967
S2A_MSIL2A_20190928T063631_R120_T40QFM_20201004T175744_0001.jpg,S2A_MSIL2A_20190928T063631_R120_T40QFM_20201004T175744,0,2019-09,T40QFM,0.0030992125041830933,0,0.7708928902716967
S2B_MSIL2A_20191003T063709_R120_T40QFM_20201003T221213_0000.jpg,S2B_MSIL2A_20191003T063709_R120_T40QFM_20201003T221213,1,2019-10,T40QFM,0.8703470965550113,1,0.7708928902716967
S2B_MSIL2A_20191003T063709_R120_T40QFM_20201003T221213_0001.jpg,S2B_MSIL2A_20191003T063709_R120_T40QFM_20201003T221213,1,2019-10,T40QFM,0.891971086360316,1,0.7708928902716967
S2A_MSIL2A_20191018T063851_R120_T40QFM_20201004T033421_0000.jpg,S2A_MSIL2A_20191018T063851_R120_T40QFM_20201004T033421,0,2019-10,T40QFM,0.013669816494690566,0,0.7708928902716967
S2A_MSIL2A_20191018T063851_R120_T40QFM_20201004T033421_0001.jpg,S2A_MSIL2A_20191018T063851_R120_T40QFM_20201004T033421,0,2019-10,T40QFM,0.017561295848257916,0,0.7708928902716967
S2A_MSIL2A_20191107T064051_R120_T40QFM_20201106T055528_0000.jpg,S2A_MSIL2A_20191107T064051_R120_T40QFM_20201106T055528,0,2019-11,T40QFM,0.11971748388721684,0,0.7708928902716967
S2A_MSIL2A_20191107T064051_R120_T40QFM_20201106T055528_0001.jpg,S2A_MSIL2A_20191107T064051_R120_T40QFM_20201106T055528,0,2019-11,T40QFM,0.20958472585575147,0,0.7708928902716967
S2A_MSIL2A_20191127T064221_R120_T40QFM_20201003T200811_0000.jpg,S2A_MSIL2A_20191127T064221_R120_T40QFM_20201003T200811,0,2019-11,T40QFM,0.29803395273259986,0,0.7708928902716967
S2A_MSIL2A_20191127T064221_R120_T40QFM_20201003T200811_0001.jpg,S2A_MSIL2A_20191127T064221_R120_T40QFM_20201003T200811,0,2019-11,T40QFM,0.346962972035381,0,0.7708928902716967
S2B_MSIL2A_20191202T064229_R120_T40QFM_20201030T204137_0000.jpg,S2B_MSIL2A_20191202T064229_R120_T40QFM_20201030T204137,1,2019-12,T40QFM,0.5622031847527218,0,0.7708928902716967
S2B_MSIL2A_20191202T064229_R120_T40QFM_20201030T204137_0001.jpg,S2B_MSIL2A_20191202T064229_R120_T40QFM_20201030T204137,1,2019-12,T40QFM,0.5236254668759631,0,0.7708928902716967
S2B_MSIL2A_20191212T064249_R120_T40QFM_20201003T040419_0000.jpg,S2B_MSIL2A_20191212T064249_R120_T40QFM_20201003T040419,0,2019-12,T40QFM,0.2721176832429112,0,0.7708928902716967
S2B_MSIL2A_20191212T064249_R120_T40QFM_20201003T040419_0001.jpg,S2B_MSIL2A_20191212T064249_R120_T40QFM_20201003T040419,0,2019-12,T40QFM,0.323026782440249,0,0.7708928902716967
S2B_MSIL2A_20191222T064259_R120_T40QFM_20201003T081853_0000.jpg,S2B_MSIL2A_20191222T064259_R120_T40QFM_20201003T081853,0,2019-12,T40QFM,0.00886990131787483,0,0.7708928902716967
S2B_MSIL2A_20191222T064259_R120_T40QFM_20201003T081853_0001.jpg,S2B_MSIL2A_20191222T064259_R120_T40QFM_20201003T081853,0,2019-12,T40QFM,0.024220215969827402,0,0.7708928902716967
S2A_MSIL2A_20191227T064301_R120_T40QFM_20201003T100621_0000.jpg,S2A_MSIL2A_20191227T064301_R120_T40QFM_20201003T100621,0,2019-12,T40QFM,0.10812575767866994,0,0.7708928902716967
S2A_MSIL2A_20191227T064301_R120_T40QFM_20201003T100621_0001.jpg,S2A_MSIL2A_20191227T064301_R120_T40QFM_20201003T100621,0,2019-12,T40QFM,0.13893644260991894,0,0.7708928902716967
S2A_MSIL2A_20200106T064241_R120_T40QFM_20201002T233226_0000.jpg,S2A_MSIL2A_20200106T064241_R120_T40QFM_20201002T233226,0,2020-01,T40QFM,0.00066576790745861,0,0.7708928902716967
S2A_MSIL2A_20200106T064241_R120_T40QFM_20201002T233226_0001.jpg,S2A_MSIL2A_20200106T064241_R120_T40QFM_20201002T233226,0,2020-01,T40QFM,0.0007799535501928342,0,0.7708928902716967
S2B_MSIL2A_20200121T064159_R120_T40QFM_20201002T040351_0000.jpg,S2B_MSIL2A_20200121T064159_R120_T40QFM_20201002T040351,1,2020-01,T40QFM,0.9315873645825297,1,0.7708928902716967
S2B_MSIL2A_20200121T064159_R120_T40QFM_20201002T040351_0001.jpg,S2B_MSIL2A_20200121T064159_R120_T40QFM_20201002T040351,1,2020-01,T40QFM,0.8791109329894192,1,0.7708928902716967
S2B_MSIL2A_20200131T064109_R120_T40QFM_20201002T163044_0000.jpg,S2B_MSIL2A_20200131T064109_R120_T40QFM_20201002T163044,0,2020-01,T40QFM,1e-06,0,0.7708928902716967
S2B_MSIL2A_20200131T064109_R120_T40QFM_20201002T163044_0001.jpg,S2B_MSIL2A_20200131T064109_R120_T40QFM_20201002T163044,0,2020-01,T40QFM,1e-06,0,0.7708928902716967
S2A_MSIL2A_20200205T064041_R120_T40QFM_20200930T214249_0000.jpg,S2A_MSIL2A_20200205T064041_R120_T40QFM_20200930T214249,1,2020-02,T40QFM,0.14764426467568284,0,0.7708928902716967
S2A_MSIL2A_20200205T064041_R120_T40QFM_20200930T214249_0001.jpg,S2A_MSIL2A_20200205T064041_R120_T40QFM_20200930T214249,1,2020-02,T40QFM,0.16211379463499306,0,0.7708928902716967
S2B_MSIL2A_20200210T064019_R120_T40QFM_20201001T152442_0000.jpg,S2B_MSIL2A_20200210T064019_R120_T40QFM_20201001T152442,0,2020-02,T40QFM,0.0041423649724984845,0,0.7708928902716967
S2B_MSIL2A_20200210T064019_R120_T40QFM_20201001T152442_0001.jpg,S2B_MSIL2A_20200210T064019_R120_T40QFM_20201001T152442,0,2020-02,T40QFM,0.004236080466373893,0,0.7708928902716967
S2B_MSIL2A_20200301T063809_R120_T40QFM_20200925T231049_0000.jpg,S2B_MSIL2A_20200301T063809_R120_T40QFM_20200925T231049,0,2020-03,T40QFM,0.5742404464789249,0,0.7708928902716967
S2B_MSIL2A_20200301T063809_R120_T40QFM_20200925T231049_0001.jpg,S2B_MSIL2A_20200301T063809_R120_T40QFM_20200925T231049,0,2020-03,T40QFM,0.583803036892565,0,0.7708928902716967
S2B_MSIL2A_20200311T063649_R120_T40QFM_20201005T164243_0000.jpg,S2B_MSIL2A_20200311T063649_R120_T40QFM_20201005T164243,1,2020-03,T40QFM,0.5773237474862529,0,0.7708928902716967
S2B_MSIL2A_20200311T063649_R120_T40QFM_20201005T164243_0001.jpg,S2B_MSIL2A_20200311T063649_R120_T40QFM_20201005T164243,1,2020-03,T40QFM,0.6709705400372907,0,0.7708928902716967
S2B_MSIL2A_20200331T063629_R120_T40QFM_20201022T153445_0000.jpg,S2B_MSIL2A_20200331T063629_R120_T40QFM_20201022T153445,0,2020-03,T40QFM,0.01664712362782132,0,0.7708928902716967
S2B_MSIL2A_20200331T063629_R120_T40QFM_20201022T153445_0001.jpg,S2B_MSIL2A_20200331T063629_R120_T40QFM_20201022T153445,0,2020-03,T40QFM,0.017753303316670712,0,0.7708928902716967
S2A_MSIL2A_20200405T063621_R120_T40QFM_20200925T015236_0000.jpg,S2A_MSIL2A_20200405T063621_R120_T40QFM_20200925T015236,0,2020-04,T40QFM,0.5830958401297943,0,0.7708928902716967
S2A_MSIL2A_20200405T063621_R120_T40QFM_20200925T015236_0001.jpg,S2A_MSIL2A_20200405T063621_R120_T40QFM_20200925T015236,0,2020-04,T40QFM,0.6039475328880817,0,0.7708928902716967
S2B_MSIL2A_20200410T063619_R120_T40QFM_20200925T195159_0000.jpg,S2B_MSIL2A_20200410T063619_R120_T40QFM_20200925T195159,0,2020-04,T40QFM,0.40152523790585914,0,0.7708928902716967
S2B_MSIL2A_20200410T063619_R120_T40QFM_20200925T195159_0001.jpg,S2B_MSIL2A_20200410T063619_R120_T40QFM_20200925T195159,0,2020-04,T40QFM,0.5131413095689177,0,0.7708928902716967
S2B_MSIL2A_20200420T063619_R120_T40QFM_20200924T081202_0000.jpg,S2B_MSIL2A_20200420T063619_R120_T40QFM_20200924T081202,0,2020-04,T40QFM,0.058369507106737384,0,0.7708928902716967
S2B_MSIL2A_20200420T063619_R120_T40QFM_20200924T081202_0001.jpg,S2B_MSIL2A_20200420T063619_R120_T40QFM_20200924T081202,0,2020-04,T40QFM,0.05302731413217698,0,0.7708928902716967
S2A_MSIL2A_20200425T063631_R120_T40QFM_20200922T002530_0000.jpg,S2A_MSIL2A_20200425T063631_R120_T40QFM_20200922T002530,1,2020-04,T40QFM,0.9770586433595427,1,0.7708928902716967
S2A_MSIL2A_20200425T063631_R120_T40QFM_20200922T002530_0001.jpg,S2A_MSIL2A_20200425T063631_R120_T40QFM_20200922T002530,1,2020-04,T40QFM,0.976013747176987,1,0.7708928902716967
S2A_MSIL2A_20200505T063631_R120_T40QFM_20200920T135246_0000.jpg,S2A_MSIL2A_20200505T063631_R120_T40QFM_20200920T135246,0,2020-05,T40QFM,0.07154121990416698,0,0.7708928902716967
S2A_MSIL2A_20200505T063631_R120_T40QFM_20200920T135246_0001.jpg,S2A_MSIL2A_20200505T063631_R120_T40QFM_20200920T135246,0,2020-05,T40QFM,0.07007970434871211,0,0.7708928902716967
S2A_MSIL2A_20200515T063631_R120_T40QFM_20200918T063232_0000.jpg,S2A_MSIL2A_20200515T063631_R120_T40QFM_20200918T063232,0,2020-05,T40QFM,0.6615979038961983,0,0.7708928902716967
S2A_MSIL2A_20200515T063631_R120_T40QFM_20200918T063232_0001.jpg,S2A_MSIL2A_20200515T063631_R120_T40QFM_20200918T063232,0,2020-05,T40QFM,0.6552959685986095,0,0.7708928902716967
S2A_MSIL2A_20200604T063631_R120_T40QFM_20200908T231946_0000.jpg,S2A_MSIL2A_20200604T063631_R120_T40QFM_20200908T231946,0,2020-06,T40QFM,0.02508873305942945,0,0.7708928902716967
S2A_MSIL2A_20200604T063631_R120_T40QFM_20200908T231946_0001.jpg,S2A_MSIL2A_20200604T063631_R120_T40QFM_20200908T231946,0,2020-06,T40QFM,0.023856515734554034,0,0.7708928902716967
S2B_MSIL2A_20200609T063629_R120_T40QFM_20200826T182918_0000.jpg,S2B_MSIL2A_20200609T063629_R120_T40QFM_20200826T182918,0,2020-06,T40QFM,0.8738420475297113,1,0.7708928902716967
S2B_MSIL2A_20200609T063629_R120_T40QFM_20200826T182918_0001.jpg,S2B_MSIL2A_20200609T063629_R120_T40QFM_20200826T182918,0,2020-06,T40QFM,0.8154340920046538,1,0.7708928902716967
S2A_MSIL2A_20200624T063631_R120_T40QFM_20200823T214846_0000.jpg,S2A_MSIL2A_20200624T063631_R120_T40QFM_20200823T214846,0,2020-06,T40QFM,0.12112560595702604,0,0.7708928902716967
S2A_MSIL2A_20200624T063631_R120_T40QFM_20200823T214846_0001.jpg,S2A_MSIL2A_20200624T063631_R120_T40QFM_20200823T214846,0,2020-06,T40QFM,0.11143203044260062,0,0.7708928902716967
S2A_MSIL2A_20200714T063631_R120_T40QFM_20200913T031806_0000.jpg,S2A_MSIL2A_20200714T063631_R120_T40QFM_20200913T031806,0,2020-07,T40QFM,0.001245757621212518,0,0.7708928902716967
S2A_MSIL2A_20200714T063631_R120_T40QFM_20200913T031806_0001.jpg,S2A_MSIL2A_20200714T063631_R120_T40QFM_20200913T031806,0,2020-07,T40QFM,0.000900330934722074,0,0.7708928902716967
S2A_MSIL2A_20200724T063631_R120_T40QFM_20200817T081946_0000.jpg,S2A_MSIL2A_20200724T063631_R120_T40QFM_20200817T081946,0,2020-07,T40QFM,1e-06,0,0.7708928902716967
S2A_MSIL2A_20200724T063631_R120_T40QFM_20200817T081946_0001.jpg,S2A_MSIL2A_20200724T063631_R120_T40QFM_20200817T081946,0,2020-07,T40QFM,1e-06,0,0.7708928902716967
S2B_MSIL2A_20200729T063629_R120_T40QFM_20200818T011759_0000.jpg,S2B_MSIL2A_20200729T063629_R120_T40QFM_20200818T011759,1,2020-07,T40QFM,0.9808119778089576,1,0.7708928902716967
S2B_MSIL2A_20200729T063629_R120_T40QFM_20200818T011759_0001.jpg,S2B_MSIL2A_20200729T063629_R120_T40QFM_20200818T011759,1,2020-07,T40QFM,0.9844785317313828,1,0.7708928902716967
S2A_MSIL2A_20200813T063631_R120_T40QFM_20200815T004711_0000.jpg,S2A_MSIL2A_20200813T063631_R120_T40QFM_20200815T004711,1,2020-08,T40QFM,0.9999711452232793,1,0.7708928902716967
S2A_MSIL2A_20200813T063631_R120_T40QFM_20200815T004711_0001.jpg,S2A_MSIL2A_20200813T063631_R120_T40QFM_20200815T004711,1,2020-08,T40QFM,0.9999745424573653,1,0.7708928902716967
S2B_MSIL2A_20200828T063629_R120_T40QFM_20200907T130616_0000.jpg,S2B_MSIL2A_20200828T063629_R120_T40QFM_20200907T130616,0,2020-08,T40QFM,0.0003856941794189995,0,0.7708928902716967
S2B_MSIL2A_20200828T063629_R120_T40QFM_20200907T130616_0001.jpg,S2B_MSIL2A_20200828T063629_R120_T40QFM_20200907T130616,0,2020-08,T40QFM,0.0006082089641129967,0,0.7708928902716967
S2B_MSIL2A_20200907T063629_R120_T40QFM_20200911T185901_0000.jpg,S2B_MSIL2A_20200907T063629_R120_T40QFM_20200911T185901,0,2020-09,T40QFM,1e-06,0,0.7708928902716967
S2B_MSIL2A_20200907T063629_R120_T40QFM_20200911T185901_0001.jpg,S2B_MSIL2A_20200907T063629_R120_T40QFM_20200911T185901,0,2020-09,T40QFM,1e-06,0,0.7708928902716967
S2A_MSIL2A_20200912T063631_R120_T40QFM_20200918T140400_0000.jpg,S2A_MSIL2A_20200912T063631_R120_T40QFM_20200918T140400,0,2020-09,T40QFM,1e-06,0,0.7708928902716967
S2A_MSIL2A_20200912T063631_R120_T40QFM_20200918T140400_0001.jpg,S2A_MSIL2A_20200912T063631_R120_T40QFM_20200918T140400,0,2020-09,T40QFM,1e-06,0,0.7708928902716967
S2B_MSIL2A_20200917T063629_R120_T40QFM_20200921T070854_0000.jpg,S2B_MSIL2A_20200917T063629_R120_T40QFM_20200921T070854,0,2020-09,T40QFM,0.4924203723222483,0,0.7708928902716967
S2B_MSIL2A_20200917T063629_R120_T40QFM_20200921T070854_0001.jpg,S2B_MSIL2A_20200917T063629_R120_T40QFM_20200921T070854,0,2020-09,T40QFM,0.49657611939689955,0,0.7708928902716967
S2B_MSIL2A_20200927T063639_R120_T40QFM_20200929T042445_0000.jpg,S2B_MSIL2A_20200927T063639_R120_T40QFM_20200929T042445,0,2020-09,T40QFM,0.8596997210916529,1,0.7708928902716967
S2B_MSIL2A_20200927T063639_R120_T40QFM_20200929T042445_0001.jpg,S2B_MSIL2A_20200927T063639_R120_T40QFM_20200929T042445,0,2020-09,T40QFM,0.8779097814182376,1,0.7708928902716967
S2B_MSIL2A_20201007T063749_R120_T40QFM_20201010T082504_0000.jpg,S2B_MSIL2A_20201007T063749_R120_T40QFM_20201010T082504,0,2020-10,T40QFM,0.19907273269378825,0,0.7708928902716967
S2B_MSIL2A_20201007T063749_R120_T40QFM_20201010T082504_0001.jpg,S2B_MSIL2A_20201007T063749_R120_T40QFM_20201010T082504,0,2020-10,T40QFM,0.20953436044301707,0,0.7708928902716967
S2A_MSIL2A_20201012T063821_R120_T40QFM_20201014T110847_0000.jpg,S2A_MSIL2A_20201012T063821_R120_T40QFM_20201014T110847,0,2020-10,T40QFM,0.30903463401415177,0,0.7708928902716967
S2A_MSIL2A_20201012T063821_R120_T40QFM_20201014T110847_0001.jpg,S2A_MSIL2A_20201012T063821_R120_T40QFM_20201014T110847,0,2020-10,T40QFM,0.35573709438367673,0,0.7708928902716967
S2B_MSIL2A_20201017T063849_R120_T40QFM_20201027T140630_0000.jpg,S2B_MSIL2A_20201017T063849_R120_T40QFM_20201027T140630,0,2020-10,T40QFM,0.000510558533288171,0,0.7708928902716967
S2B_MSIL2A_20201017T063849_R120_T40QFM_20201027T140630_0001.jpg,S2B_MSIL2A_20201017T063849_R120_T40QFM_20201027T140630,0,2020-10,T40QFM,0.0005806883019991888,0,0.7708928902716967
S2A_MSIL2A_20201101T064031_R120_T40QFM_20201103T222817_0000.jpg,S2A_MSIL2A_20201101T064031_R120_T40QFM_20201103T222817,0,2020-11,T40QFM,0.13392780277520822,0,0.7708928902716967
S2A_MSIL2A_20201101T064031_R120_T40QFM_20201103T222817_0001.jpg,S2A_MSIL2A_20201101T064031_R120_T40QFM_20201103T222817,0,2020-11,T40QFM,0.12792922829341805,0,0.7708928902716967
S2A_MSIL2A_20201111T064121_R120_T40QFM_20201113T141747_0000.jpg,S2A_MSIL2A_20201111T064121_R120_T40QFM_20201113T141747,0,2020-11,T40QFM,0.21485328894457578,0,0.7708928902716967
S2A_MSIL2A_20201111T064121_R120_T40QFM_20201113T141747_0001.jpg,S2A_MSIL2A_20201111T064121_R120_T40QFM_20201113T141747,0,2020-11,T40QFM,0.22843883582254584,0,0.7708928902716967
S2B_MSIL2A_20201126T064219_R120_T40QFM_20201127T061815_0000.jpg,S2B_MSIL2A_20201126T064219_R120_T40QFM_20201127T061815,0,2020-11,T40QFM,0.14322746310020493,0,0.7708928902716967
S2B_MSIL2A_20201126T064219_R120_T40QFM_20201127T061815_0001.jpg,S2B_MSIL2A_20201126T064219_R120_T40QFM_20201127T061815,0,2020-11,T40QFM,0.11296850251832383,0,0.7708928902716967
S2A_MSIL2A_20201201T064231_R120_T40QFM_20210114T000138_0000.jpg,S2A_MSIL2A_20201201T064231_R120_T40QFM_20210114T000138,0,2020-12,T40QFM,0.0229919517920561,0,0.7708928902716967
S2A_MSIL2A_20201201T064231_R120_T40QFM_20210114T000138_0001.jpg,S2A_MSIL2A_20201201T064231_R120_T40QFM_20210114T000138,0,2020-12,T40QFM,0.02313620545384602,0,0.7708928902716967
S2B_MSIL2A_20201216T064259_R120_T40QFM_20201216T224403_0000.jpg,S2B_MSIL2A_20201216T064259_R120_T40QFM_20201216T224403,0,2020-12,T40QFM,0.4074847618853841,0,0.7708928902716967
S2B_MSIL2A_20201216T064259_R120_T40QFM_20201216T224403_0001.jpg,S2B_MSIL2A_20201216T064259_R120_T40QFM_20201216T224403,0,2020-12,T40QFM,0.40068401659096886,0,0.7708928902716967
S2A_MSIL2A_20201231T064301_R120_T40QFM_20210104T124741_0000.jpg,S2A_MSIL2A_20201231T064301_R120_T40QFM_20210104T124741,0,2020-12,T40QFM,0.33223472322994063,0,0.7708928902716967
S2A_MSIL2A_20201231T064301_R120_T40QFM_20210104T124741_0001.jpg,S2A_MSIL2A_20201231T064301_R120_T40QFM_20210104T124741,0,2020-12,T40QFM,0.3648580294149973,0,0.7708928902716967
S2A_MSIL2A_20210110T064241_R120_T40QFM_20210111T000640_0000.jpg,S2A_MSIL2A_20210110T064241_R120_T40QFM_20210111T000640,1,2021-01,T40QFM,0.9673402671088539,1,0.7708928902716967
S2A_MSIL2A_20210110T064241_R120_T40QFM_20210111T000640_0001.jpg,S2A_MSIL2A_20210110T064241_R120_T40QFM_20210111T000640,1,2021-01,T40QFM,0.9715735046829034,1,0.7708928902716967
S2A_MSIL2A_20210130T064121_R120_T40QFM_20210130T202726_0000.jpg,S2A_MSIL2A_20210130T064121_R120_T40QFM_20210130T202726,0,2021-01,T40QFM,0.0011341239946433149,0,0.7708928902716967
S2A_MSIL2A_20210130T064121_R120_T40QFM_20210130T202726_0001.jpg,S2A_MSIL2A_20210130T064121_R120_T40QFM_20210130T202726,0,2021-01,T40QFM,0.0010908296906331201,0,0.7708928902716967
S2B_MSIL2A_20210204T064049_R120_T40QFM_20210204T224213_0000.jpg,S2B_MSIL2A_20210204T064049_R120_T40QFM_20210204T224213,0,2021-02,T40QFM,0.3102022162830434,0,0.7708928902716967
S2B_MSIL2A_20210204T064049_R120_T40QFM_20210204T224213_0001.jpg,S2B_MSIL2A_20210204T064049_R120_T40QFM_20210204T224213,0,2021-02,T40QFM,0.2918552849875069,0,0.7708928902716967
S2B_MSIL2A_20210224T063839_R120_T40QFM_20210224T191634_0000.jpg,S2B_MSIL2A_20210224T063839_R120_T40QFM_20210224T191634,0,2021-02,T40QFM,0.036208575347112554,0,0.7708928902716967
S2B_MSIL2A_20210224T063839_R120_T40QFM_20210224T191634_0001.jpg,S2B_MSIL2A_20210224T063839_R120_T40QFM_20210224T191634,0,2021-02,T40QFM,0.04373472625519863,0,0.7708928902716967
S2B_MSIL2A_20210306T063729_R120_T40QFM_20210307T013550_0000.jpg,S2B_MSIL2A_20210306T063729_R120_T40QFM_20210307T013550,1,2021-03,T40QFM,0.9837509520862904,1,0.7708928902716967
S2B_MSIL2A_20210306T063729_R120_T40QFM_20210307T013550_0001.jpg,S2B_MSIL2A_20210306T063729_R120_T40QFM_20210307T013550,1,2021-03,T40QFM,0.9877216997559184,1,0.7708928902716967
S2A_MSIL2A_20210311T063701_R120_T40QFM_20210311T224941_0000.jpg,S2A_MSIL2A_20210311T063701_R120_T40QFM_20210311T224941,1,2021-03,T40QFM,0.9928502875965518,1,0.7708928902716967
S2A_MSIL2A_20210311T063701_R120_T40QFM_20210311T224941_0001.jpg,S2A_MSIL2A_20210311T063701_R120_T40QFM_20210311T224941,1,2021-03,T40QFM,0.9938418365371207,1,0.7708928902716967
S2A_MSIL2A_20210331T063621_R120_T40QFM_20210401T174842_0000.jpg,S2A_MSIL2A_20210331T063621_R120_T40QFM_20210401T174842,0,2021-03,T40QFM,0.01645497513258348,0,0.7708928902716967
S2A_MSIL2A_20210331T063621_R120_T40QFM_20210401T174842_0001.jpg,S2A_MSIL2A_20210331T063621_R120_T40QFM_20210401T174842,0,2021-03,T40QFM,0.014960426526120797,0,0.7708928902716967
S2B_MSIL2A_20210405T063629_R120_T40QFM_20210405T191514_0000.jpg,S2B_MSIL2A_20210405T063629_R120_T40QFM_20210405T191514,1,2021-04,T40QFM,0.9302954964609876,1,0.7708928902716967
S2B_MSIL2A_20210405T063629_R120_T40QFM_20210405T191514_0001.jpg,S2B_MSIL2A_20210405T063629_R120_T40QFM_20210405T191514,1,2021-04,T40QFM,0.8294226219071793,1,0.7708928902716967
S2B_MSIL2A_20210415T063619_R120_T40QFM_20210416T080916_0000.jpg,S2B_MSIL2A_20210415T063619_R120_T40QFM_20210416T080916,0,2021-04,T40QFM,0.32015340104165607,0,0.7708928902716967
S2B_MSIL2A_20210415T063619_R120_T40QFM_20210416T080916_0001.jpg,S2B_MSIL2A_20210415T063619_R120_T40QFM_20210416T080916,0,2021-04,T40QFM,0.32415180009816547,0,0.7708928902716967
S2A_MSIL2A_20210420T063621_R120_T40QFM_20210421T164155_0000.jpg,S2A_MSIL2A_20210420T063621_R120_T40QFM_20210421T164155,0,2021-04,T40QFM,0.2876571581258912,0,0.7708928902716967
S2A_MSIL2A_20210420T063621_R120_T40QFM_20210421T164155_0001.jpg,S2A_MSIL2A_20210420T063621_R120_T40QFM_20210421T164155,0,2021-04,T40QFM,0.3569502720766646,0,0.7708928902716967
S2B_MSIL2A_20210425T063619_R120_T40QFM_20210426T050414_0000.jpg,S2B_MSIL2A_20210425T063619_R120_T40QFM_20210426T050414,0,2021-04,T40QFM,0.04381178364004048,0,0.7708928902716967
S2B_MSIL2A_20210425T063619_R120_T40QFM_20210426T050414_0001.jpg,S2B_MSIL2A_20210425T063619_R120_T40QFM_20210426T050414,0,2021-04,T40QFM,0.04222573407263852,0,0.7708928902716967
S2B_MSIL2A_20210505T063629_R120_T40QFM_20210611T033410_0000.jpg,S2B_MSIL2A_20210505T063629_R120_T40QFM_20210611T033410,0,2021-05,T40QFM,0.06222610905248207,0,0.7708928902716967
S2B_MSIL2A_20210505T063629_R120_T40QFM_20210611T033410_0001.jpg,S2B_MSIL2A_20210505T063629_R120_T40QFM_20210611T033410,0,2021-05,T40QFM,0.063460659097784,0,0.7708928902716967
S2A_MSIL2A_20210510T063631_R120_T40QFM_20210511T051711_0000.jpg,S2A_MSIL2A_20210510T063631_R120_T40QFM_20210511T051711,0,2021-05,T40QFM,0.5812750232960339,0,0.7708928902716967
S2A_MSIL2A_20210510T063631_R120_T40QFM_20210511T051711_0001.jpg,S2A_MSIL2A_20210510T063631_R120_T40QFM_20210511T051711,0,2021-05,T40QFM,0.555009183702603,0,0.7708928902716967
S2A_MSIL2A_20210520T063631_R120_T40QFM_20210521T083536_0000.jpg,S2A_MSIL2A_20210520T063631_R120_T40QFM_20210521T083536,0,2021-05,T40QFM,0.09327850263236041,0,0.7708928902716967
S2A_MSIL2A_20210520T063631_R120_T40QFM_20210521T083536_0001.jpg,S2A_MSIL2A_20210520T063631_R120_T40QFM_20210521T083536,0,2021-05,T40QFM,0.08731822191729381,0,0.7708928902716967
S2B_MSIL2A_20210525T063629_R120_T40QFM_20210525T210348_0000.jpg,S2B_MSIL2A_20210525T063629_R120_T40QFM_20210525T210348,0,2021-05,T40QFM,0.5438872630089656,0,0.7708928902716967
S2B_MSIL2A_20210525T063629_R120_T40QFM_20210525T210348_0001.jpg,S2B_MSIL2A_20210525T063629_R120_T40QFM_20210525T210348,0,2021-05,T40QFM,0.6317835159826645,0,0.7708928902716967
S2B_MSIL2A_20210604T063629_R120_T40QFM_20210604T232437_0000.jpg,S2B_MSIL2A_20210604T063629_R120_T40QFM_20210604T232437,0,2021-06,T40QFM,0.13863763141862234,0,0.7708928902716967
S2B_MSIL2A_20210604T063629_R120_T40QFM_20210604T232437_0001.jpg,S2B_MSIL2A_20210604T063629_R120_T40QFM_20210604T232437,0,2021-06,T40QFM,0.1638618269415492,0,0.7708928902716967
S2B_MSIL2A_20210614T063629_R120_T40QFM_20210615T105306_0000.jpg,S2B_MSIL2A_20210614T063629_R120_T40QFM_20210615T105306,1,2021-06,T40QFM,0.8167574995399938,1,0.7708928902716967
S2B_MSIL2A_20210614T063629_R120_T40QFM_20210615T105306_0001.jpg,S2B_MSIL2A_20210614T063629_R120_T40QFM_20210615T105306,1,2021-06,T40QFM,0.801905279315537,1,0.7708928902716967
S2B_MSIL2A_20210624T063629_R120_T40QFM_20210626T044357_0000.jpg,S2B_MSIL2A_20210624T063629_R120_T40QFM_20210626T044357,0,2021-06,T40QFM,0.08921757525324461,0,0.7708928902716967
S2B_MSIL2A_20210624T063629_R120_T40QFM_20210626T044357_0001.jpg,S2B_MSIL2A_20210624T063629_R120_T40QFM_20210626T044357,0,2021-06,T40QFM,0.08630593780865127,0,0.7708928902716967
S2A_MSIL2A_20210629T063631_R120_T40QFM_20210630T130113_0000.jpg,S2A_MSIL2A_20210629T063631_R120_T40QFM_20210630T130113,0,2021-06,T40QFM,0.45690952226431386,0,0.7708928902716967
S2A_MSIL2A_20210629T063631_R120_T40QFM_20210630T130113_0001.jpg,S2A_MSIL2A_20210629T063631_R120_T40QFM_20210630T130113,0,2021-06,T40QFM,0.5276440836917619,0,0.7708928902716967
S2B_MSIL2A_20210704T063629_R120_T40QFM_20210704T182853_0000.jpg,S2B_MSIL2A_20210704T063629_R120_T40QFM_20210704T182853,1,2021-07,T40QFM,0.3246999728150124,0,0.7708928902716967
S2B_MSIL2A_20210704T063629_R120_T40QFM_20210704T182853_0001.jpg,S2B_MSIL2A_20210704T063629_R120_T40QFM_20210704T182853,1,2021-07,T40QFM,0.2848925738973283,0,0.7708928902716967
S2A_MSIL2A_20210729T063631_R120_T40QFM_20210803T224545_0000.jpg,S2A_MSIL2A_20210729T063631_R120_T40QFM_20210803T224545,1,2021-07,T40QFM,0.5925753571871794,0,0.7708928902716967
S2A_MSIL2A_20210729T063631_R120_T40QFM_20210803T224545_0001.jpg,S2A_MSIL2A_20210729T063631_R120_T40QFM_20210803T224545,1,2021-07,T40QFM,0.5883540032361096,0,0.7708928902716967
S2B_MSIL2A_20210803T063629_R120_T40QFM_20210803T203554_0000.jpg,S2B_MSIL2A_20210803T063629_R120_T40QFM_20210803T203554,1,2021-08,T40QFM,0.46274267127384033,0,0.7708928902716967
S2B_MSIL2A_20210803T063629_R120_T40QFM_20210803T203554_0001.jpg,S2B_MSIL2A_20210803T063629_R120_T40QFM_20210803T203554,1,2021-08,T40QFM,0.5067980624086359,0,0.7708928902716967
S2B_MSIL2A_20210813T063629_R120_T40QFM_20210813T174733_0000.jpg,S2B_MSIL2A_20210813T063629_R120_T40QFM_20210813T174733,1,2021-08,T40QFM,0.6103479668802491,0,0.7708928902716967
S2B_MSIL2A_20210813T063629_R120_T40QFM_20210813T174733_0001.jpg,S2B_MSIL2A_20210813T063629_R120_T40QFM_20210813T174733,1,2021-08,T40QFM,0.6562067781324743,0,0.7708928902716967
S2A_MSIL2A_20210828T063631_R120_T40QFM_20210828T164957_0000.jpg,S2A_MSIL2A_20210828T063631_R120_T40QFM_20210828T164957,0,2021-08,T40QFM,0.07573752833417023,0,0.7708928902716967
S2A_MSIL2A_20210828T063631_R120_T40QFM_20210828T164957_0001.jpg,S2A_MSIL2A_20210828T063631_R120_T40QFM_20210828T164957,0,2021-08,T40QFM,0.06157209890669107,0,0.7708928902716967
S2B_MSIL2A_20210902T063619_R120_T40QFM_20210902T200944_0000.jpg,S2B_MSIL2A_20210902T063619_R120_T40QFM_20210902T200944,0,2021-09,T40QFM,0.3541790444960616,0,0.7708928902716967
S2B_MSIL2A_20210902T063619_R120_T40QFM_20210902T200944_0001.jpg,S2B_MSIL2A_20210902T063619_R120_T40QFM_20210902T200944,0,2021-09,T40QFM,0.4432806888940796,0,0.7708928902716967
S2B_MSIL2A_20210912T063619_R120_T40QFM_20210912T120623_0000.jpg,S2B_MSIL2A_20210912T063619_R120_T40QFM_20210912T120623,1,2021-09,T40QFM,0.7441396694021046,0,0.7708928902716967
S2B_MSIL2A_20210912T063619_R120_T40QFM_20210912T120623_0001.jpg,S2B_MSIL2A_20210912T063619_R120_T40QFM_20210912T120623,1,2021-09,T40QFM,0.7548125600399399,0,0.7708928902716967
S2B_MSIL2A_20210922T063629_R120_T40QFM_20210922T213701_0000.jpg,S2B_MSIL2A_20210922T063629_R120_T40QFM_20210922T213701,0,2021-09,T40QFM,0.151293224059644,0,0.7708928902716967
S2B_MSIL2A_20210922T063629_R120_T40QFM_20210922T213701_0001.jpg,S2B_MSIL2A_20210922T063629_R120_T40QFM_20210922T213701,0,2021-09,T40QFM,0.13388005014025273,0,0.7708928902716967
S2A_MSIL2A_20210927T063631_R120_T40QFM_20210927T154532_0000.jpg,S2A_MSIL2A_20210927T063631_R120_T40QFM_20210927T154532,0,2021-09,T40QFM,0.08926667567253095,0,0.7708928902716967
S2A_MSIL2A_20210927T063631_R120_T40QFM_20210927T154532_0001.jpg,S2A_MSIL2A_20210927T063631_R120_T40QFM_20210927T154532,0,2021-09,T40QFM,0.09399237897723581,0,0.7708928902716967
S2B_MSIL2A_20211012T063819_R120_T40QFM_20211012T230020_0000.jpg,S2B_MSIL2A_20211012T063819_R120_T40QFM_20211012T230020,0,2021-10,T40QFM,0.11818251014871799,0,0.7708928902716967
S2B_MSIL2A_20211012T063819_R120_T40QFM_20211012T230020_0001.jpg,S2B_MSIL2A_20211012T063819_R120_T40QFM_20211012T230020,0,2021-10,T40QFM,0.10877256097208604,0,0.7708928902716967
S2A_MSIL2A_20211017T063851_R120_T40QFM_20211019T120233_0000.jpg,S2A_MSIL2A_20211017T063851_R120_T40QFM_20211019T120233,0,2021-10,T40QFM,0.05217786466891359,0,0.7708928902716967
S2A_MSIL2A_20211017T063851_R120_T40QFM_20211019T120233_0001.jpg,S2A_MSIL2A_20211017T063851_R120_T40QFM_20211019T120233,0,2021-10,T40QFM,0.04312553504802549,0,0.7708928902716967
S2A_MSIL2A_20211027T064001_R120_T40QFM_20211027T221159_0000.jpg,S2A_MSIL2A_20211027T064001_R120_T40QFM_20211027T221159,0,2021-10,T40QFM,0.006635183272714386,0,0.7708928902716967
S2A_MSIL2A_20211027T064001_R120_T40QFM_20211027T221159_0001.jpg,S2A_MSIL2A_20211027T064001_R120_T40QFM_20211027T221159,0,2021-10,T40QFM,0.009256879001615965,0,0.7708928902716967
S2A_MSIL2A_20211106T064051_R120_T40QFM_20211106T223432_0000.jpg,S2A_MSIL2A_20211106T064051_R120_T40QFM_20211106T223432,0,2021-11,T40QFM,0.24067277037894605,0,0.7708928902716967
S2A_MSIL2A_20211106T064051_R120_T40QFM_20211106T223432_0001.jpg,S2A_MSIL2A_20211106T064051_R120_T40QFM_20211106T223432,0,2021-11,T40QFM,0.24917971794236854,0,0.7708928902716967
S2A_MSIL2A_20211116T064141_R120_T40QFM_20211116T225418_0000.jpg,S2A_MSIL2A_20211116T064141_R120_T40QFM_20211116T225418,0,2021-11,T40QFM,0.029639093817208837,0,0.7708928902716967
S2A_MSIL2A_20211116T064141_R120_T40QFM_20211116T225418_0001.jpg,S2A_MSIL2A_20211116T064141_R120_T40QFM_20211116T225418,0,2021-11,T40QFM,0.03275108331579073,0,0.7708928902716967
S2B_MSIL2A_20211121T064159_R120_T40QFM_20211121T155950_0000.jpg,S2B_MSIL2A_20211121T064159_R120_T40QFM_20211121T155950,0,2021-11,T40QFM,0.043529627183848035,0,0.7708928902716967
S2B_MSIL2A_20211121T064159_R120_T40QFM_20211121T155950_0001.jpg,S2B_MSIL2A_20211121T064159_R120_T40QFM_20211121T155950,0,2021-11,T40QFM,0.05431923229780393,0,0.7708928902716967
S2A_MSIL2A_20211126T064221_R120_T40QFM_20211126T120704_0000.jpg,S2A_MSIL2A_20211126T064221_R120_T40QFM_20211126T120704,0,2021-11,T40QFM,0.5145362744893816,0,0.7708928902716967
S2A_MSIL2A_20211126T064221_R120_T40QFM_20211126T120704_0001.jpg,S2A_MSIL2A_20211126T064221_R120_T40QFM_20211126T120704,0,2021-11,T40QFM,0.5846456561263496,0,0.7708928902716967
S2A_MSIL2A_20211206T064241_R120_T40QFM_20211206T195704_0000.jpg,S2A_MSIL2A_20211206T064241_R120_T40QFM_20211206T195704,0,2021-12,T40QFM,0.0175871188467146,0,0.7708928902716967
S2A_MSIL2A_20211206T064241_R120_T40QFM_20211206T195704_0001.jpg,S2A_MSIL2A_20211206T064241_R120_T40QFM_20211206T195704,0,2021-12,T40QFM,0.01531261575797557,0,0.7708928902716967
S2B_MSIL2A_20211211T064249_R120_T40QFM_20211212T020754_0000.jpg,S2B_MSIL2A_20211211T064249_R120_T40QFM_20211212T020754,1,2021-12,T40QFM,0.9916936509495656,1,0.7708928902716967
S2B_MSIL2A_20211211T064249_R120_T40QFM_20211212T020754_0001.jpg,S2B_MSIL2A_20211211T064249_R120_T40QFM_20211212T020754,1,2021-12,T40QFM,0.9916600029563892,1,0.7708928902716967
S2A_MSIL2A_20220105T064251_R120_T40QFM_20220105T214651_0000.jpg,S2A_MSIL2A_20220105T064251_R120_T40QFM_20220105T214651,0,2022-01,T40QFM,0.09710615532855248,0,0.7708928902716967
S2A_MSIL2A_20220105T064251_R120_T40QFM_20220105T214651_0001.jpg,S2A_MSIL2A_20220105T064251_R120_T40QFM_20220105T214651,0,2022-01,T40QFM,0.10796560051379626,0,0.7708928902716967
S2A_MSIL2A_20220115T064231_R120_T40QFM_20220115T180327_0000.jpg,S2A_MSIL2A_20220115T064231_R120_T40QFM_20220115T180327,0,2022-01,T40QFM,0.0031669647384196748,0,0.7708928902716967
S2A_MSIL2A_20220115T064231_R120_T40QFM_20220115T180327_0001.jpg,S2A_MSIL2A_20220115T064231_R120_T40QFM_20220115T180327,0,2022-01,T40QFM,0.0032955054954030218,0,0.7708928902716967
S2B_MSIL2A_20220130T064119_R120_T40QFM_20220214T105717_0000.jpg,S2B_MSIL2A_20220130T064119_R120_T40QFM_20220214T105717,0,2022-01,T40QFM,0.03568354700918113,0,0.7708928902716967
S2B_MSIL2A_20220130T064119_R120_T40QFM_20220214T105717_0001.jpg,S2B_MSIL2A_20220130T064119_R120_T40QFM_20220214T105717,0,2022-01,T40QFM,0.05223378902448086,0,0.7708928902716967
S2A_MSIL2A_20220204T064051_R120_T40QFM_20220218T144950_0000.jpg,S2A_MSIL2A_20220204T064051_R120_T40QFM_20220218T144950,0,2022-02,T40QFM,0.20197695229807322,0,0.7708928902716967
S2A_MSIL2A_20220204T064051_R120_T40QFM_20220218T144950_0001.jpg,S2A_MSIL2A_20220204T064051_R120_T40QFM_20220218T144950,0,2022-02,T40QFM,0.21160863951880785,0,0.7708928902716967
S2B_MSIL2A_20220209T064019_R120_T40QFM_20220220T183126_0000.jpg,S2B_MSIL2A_20220209T064019_R120_T40QFM_20220220T183126,0,2022-02,T40QFM,0.32197558209200594,0,0.7708928902716967
S2B_MSIL2A_20220209T064019_R120_T40QFM_20220220T183126_0001.jpg,S2B_MSIL2A_20220209T064019_R120_T40QFM_20220220T183126,0,2022-02,T40QFM,0.2734687257790954,0,0.7708928902716967
S2A_MSIL2A_20220306T063741_R120_T40QFM_20220306T145421_0000.jpg,S2A_MSIL2A_20220306T063741_R120_T40QFM_20220306T145421,1,2022-03,T40QFM,0.9295955506276264,1,0.7708928902716967
S2A_MSIL2A_20220306T063741_R120_T40QFM_20220306T145421_0001.jpg,S2A_MSIL2A_20220306T063741_R120_T40QFM_20220306T145421,1,2022-03,T40QFM,0.9263418879615382,1,0.7708928902716967
S2A_MSIL2A_20220316T063631_R120_T40QFM_20220316T184026_0000.jpg,S2A_MSIL2A_20220316T063631_R120_T40QFM_20220316T184026,0,2022-03,T40QFM,0.1286423633279674,0,0.7708928902716967
S2A_MSIL2A_20220316T063631_R120_T40QFM_20220316T184026_0001.jpg,S2A_MSIL2A_20220316T063631_R120_T40QFM_20220316T184026,0,2022-03,T40QFM,0.09768209775353862,0,0.7708928902716967
S2B_MSIL2A_20220321T063629_R120_T40QFM_20220321T155643_0000.jpg,S2B_MSIL2A_20220321T063629_R120_T40QFM_20220321T155643,0,2022-03,T40QFM,0.11872767951540256,0,0.7708928902716967
S2B_MSIL2A_20220321T063629_R120_T40QFM_20220321T155643_0001.jpg,S2B_MSIL2A_20220321T063629_R120_T40QFM_20220321T155643,0,2022-03,T40QFM,0.10197059264994532,0,0.7708928902716967
S2A_MSIL2A_20220326T063631_R120_T40QFM_20220326T173013_0000.jpg,S2A_MSIL2A_20220326T063631_R120_T40QFM_20220326T173013,0,2022-03,T40QFM,0.014566759601569956,0,0.7708928902716967
S2A_MSIL2A_20220326T063631_R120_T40QFM_20220326T173013_0001.jpg,S2A_MSIL2A_20220326T063631_R120_T40QFM_20220326T173013,0,2022-03,T40QFM,0.026132434105858717,0,0.7708928902716967
S2B_MSIL2A_20220410T063619_R120_T40QFM_20220411T035122_0000.jpg,S2B_MSIL2A_20220410T063619_R120_T40QFM_20220411T035122,0,2022-04,T40QFM,7.984543253307841e-06,0,0.7708928902716967
S2B_MSIL2A_20220410T063619_R120_T40QFM_20220411T035122_0001.jpg,S2B_MSIL2A_20220410T063619_R120_T40QFM_20220411T035122,0,2022-04,T40QFM,7.721728778860335e-06,0,0.7708928902716967
S2A_MSIL2A_20220425T063631_R120_T40QFM_20240610T082345_0000.jpg,S2A_MSIL2A_20220425T063631_R120_T40QFM_20240610T082345,1,2022-04,T40QFM,0.89261320354336,1,0.7708928902716967
S2A_MSIL2A_20220425T063631_R120_T40QFM_20240610T082345_0001.jpg,S2A_MSIL2A_20220425T063631_R120_T40QFM_20240610T082345,1,2022-04,T40QFM,0.9104767318898327,1,0.7708928902716967
S2A_MSIL2A_20220515T063631_R120_T40QFM_20240614T231035_0000.jpg,S2A_MSIL2A_20220515T063631_R120_T40QFM_20240614T231035,0,2022-05,T40QFM,0.40725227509210427,0,0.7708928902716967
S2A_MSIL2A_20220515T063631_R120_T40QFM_20240614T231035_0001.jpg,S2A_MSIL2A_20220515T063631_R120_T40QFM_20240614T231035,0,2022-05,T40QFM,0.3637287818582952,0,0.7708928902716967
S2B_MSIL2A_20220520T063629_R120_T40QFM_20220521T180442_0000.jpg,S2B_MSIL2A_20220520T063629_R120_T40QFM_20220521T180442,0,2022-05,T40QFM,0.18477729574942206,0,0.7708928902716967
S2B_MSIL2A_20220520T063629_R120_T40QFM_20220521T180442_0001.jpg,S2B_MSIL2A_20220520T063629_R120_T40QFM_20220521T180442,0,2022-05,T40QFM,0.2286668264494476,0,0.7708928902716967
S2B_MSIL2A_20220530T063629_R120_T40QFM_20220531T063340_0000.jpg,S2B_MSIL2A_20220530T063629_R120_T40QFM_20220531T063340,0,2022-05,T40QFM,0.6007800931189684,0,0.7708928902716967
S2B_MSIL2A_20220530T063629_R120_T40QFM_20220531T063340_0001.jpg,S2B_MSIL2A_20220530T063629_R120_T40QFM_20220531T063340,0,2022-05,T40QFM,0.6285191604615112,0,0.7708928902716967
S2A_MSIL2A_20220604T063631_R120_T40QFM_20220604T212729_0000.jpg,S2A_MSIL2A_20220604T063631_R120_T40QFM_20220604T212729,0,2022-06,T40QFM,0.3233426509556194,0,0.7708928902716967
S2A_MSIL2A_20220604T063631_R120_T40QFM_20220604T212729_0001.jpg,S2A_MSIL2A_20220604T063631_R120_T40QFM_20220604T212729,0,2022-06,T40QFM,0.2470974607839073,0,0.7708928902716967
S2A_MSIL2A_20220614T063641_R120_T40QFM_20220615T051422_0000.jpg,S2A_MSIL2A_20220614T063641_R120_T40QFM_20220615T051422,0,2022-06,T40QFM,0.5626737485071132,0,0.7708928902716967
S2A_MSIL2A_20220614T063641_R120_T40QFM_20220615T051422_0001.jpg,S2A_MSIL2A_20220614T063641_R120_T40QFM_20220615T051422,0,2022-06,T40QFM,0.541906084605269,0,0.7708928902716967
S2B_MSIL2A_20220619T063629_R120_T40QFM_20220621T003347_0000.jpg,S2B_MSIL2A_20220619T063629_R120_T40QFM_20220621T003347,0,2022-06,T40QFM,0.1391666993456092,0,0.7708928902716967
S2B_MSIL2A_20220619T063629_R120_T40QFM_20220621T003347_0001.jpg,S2B_MSIL2A_20220619T063629_R120_T40QFM_20220621T003347,0,2022-06,T40QFM,0.11231529791328743,0,0.7708928902716967
S2A_MSIL2A_20220803T063641_R120_T40QFM_20240702T174219_0000.jpg,S2A_MSIL2A_20220803T063641_R120_T40QFM_20240702T174219,1,2022-08,T40QFM,0.1731523672985732,0,0.7708928902716967
S2A_MSIL2A_20220803T063641_R120_T40QFM_20240702T174219_0001.jpg,S2A_MSIL2A_20220803T063641_R120_T40QFM_20240702T174219,1,2022-08,T40QFM,0.1764553617455015,0,0.7708928902716967
S2A_MSIL2A_20220823T063641_R120_T40QFM_20220824T064831_0000.jpg,S2A_MSIL2A_20220823T063641_R120_T40QFM_20220824T064831,0,2022-08,T40QFM,0.41304945991558756,0,0.7708928902716967
S2A_MSIL2A_20220823T063641_R120_T40QFM_20220824T064831_0001.jpg,S2A_MSIL2A_20220823T063641_R120_T40QFM_20220824T064831,0,2022-08,T40QFM,0.5206132909130853,0,0.7708928902716967
S2B_MSIL2A_20220828T063629_R120_T40QFM_20240718T191433_0000.jpg,S2B_MSIL2A_20220828T063629_R120_T40QFM_20240718T191433,0,2022-08,T40QFM,0.47902189253208544,0,0.7708928902716967
S2B_MSIL2A_20220828T063629_R120_T40QFM_20240718T191433_0001.jpg,S2B_MSIL2A_20220828T063629_R120_T40QFM_20240718T191433,0,2022-08,T40QFM,0.4802915069825739,0,0.7708928902716967
S2B_MSIL2A_20220907T063629_R120_T40QFM_20220908T001711_0000.jpg,S2B_MSIL2A_20220907T063629_R120_T40QFM_20220908T001711,0,2022-09,T40QFM,0.020540326130663613,0,0.7708928902716967
S2B_MSIL2A_20220907T063629_R120_T40QFM_20220908T001711_0001.jpg,S2B_MSIL2A_20220907T063629_R120_T40QFM_20220908T001711,0,2022-09,T40QFM,0.02404850946774282,0,0.7708928902716967
S2A_MSIL2A_20220912T063641_R120_T40QFM_20220913T064250_0000.jpg,S2A_MSIL2A_20220912T063641_R120_T40QFM_20220913T064250,0,2022-09,T40QFM,0.04507648658886778,0,0.7708928902716967
S2A_MSIL2A_20220912T063641_R120_T40QFM_20220913T064250_0001.jpg,S2A_MSIL2A_20220912T063641_R120_T40QFM_20220913T064250,0,2022-09,T40QFM,0.03129725129866796,0,0.7708928902716967
S2B_MSIL2A_20220917T063629_R120_T40QFM_20240728T040036_0000.jpg,S2B_MSIL2A_20220917T063629_R120_T40QFM_20240728T040036,1,2022-09,T40QFM,0.9795775728518034,1,0.7708928902716967
S2B_MSIL2A_20220917T063629_R120_T40QFM_20240728T040036_0001.jpg,S2B_MSIL2A_20220917T063629_R120_T40QFM_20240728T040036,1,2022-09,T40QFM,0.978297927012235,1,0.7708928902716967
S2B_MSIL2A_20220927T063629_R120_T40QFM_20220927T223648_0000.jpg,S2B_MSIL2A_20220927T063629_R120_T40QFM_20220927T223648,0,2022-09,T40QFM,0.21921762752637025,0,0.7708928902716967
S2B_MSIL2A_20220927T063629_R120_T40QFM_20220927T223648_0001.jpg,S2B_MSIL2A_20220927T063629_R120_T40QFM_20220927T223648,0,2022-09,T40QFM,0.19307472098869566,0,0.7708928902716967
S2B_MSIL2A_20221007T063739_R120_T40QFM_20240802T024624_0000.jpg,S2B_MSIL2A_20221007T063739_R120_T40QFM_20240802T024624,1,2022-10,T40QFM,0.9853680586014336,1,0.7708928902716967
S2B_MSIL2A_20221007T063739_R120_T40QFM_20240802T024624_0001.jpg,S2B_MSIL2A_20221007T063739_R120_T40QFM_20240802T024624,1,2022-10,T40QFM,0.9848738461732429,1,0.7708928902716967
S2A_MSIL2A_20221022T063921_R120_T40QFM_20240724T021533_0000.jpg,S2A_MSIL2A_20221022T063921_R120_T40QFM_20240724T021533,0,2022-10,T40QFM,0.006219470347709778,0,0.7708928902716967
S2A_MSIL2A_20221022T063921_R120_T40QFM_20240724T021533_0001.jpg,S2A_MSIL2A_20221022T063921_R120_T40QFM_20240724T021533,0,2022-10,T40QFM,0.009270121215128898,0,0.7708928902716967
S2A_MSIL2A_20221101T064021_R120_T40QFM_20221101T185019_0000.jpg,S2A_MSIL2A_20221101T064021_R120_T40QFM_20221101T185019,1,2022-11,T40QFM,0.6172371007027889,0,0.7708928902716967
S2A_MSIL2A_20221101T064021_R120_T40QFM_20221101T185019_0001.jpg,S2A_MSIL2A_20221101T064021_R120_T40QFM_20221101T185019,1,2022-11,T40QFM,0.7141094895018916,0,0.7708928902716967
S2A_MSIL2A_20221121T064201_R120_T40QFM_20221121T164837_0000.jpg,S2A_MSIL2A_20221121T064201_R120_T40QFM_20221121T164837,0,2022-11,T40QFM,0.16997084714804397,0,0.7708928902716967
S2A_MSIL2A_20221121T064201_R120_T40QFM_20221121T164837_0001.jpg,S2A_MSIL2A_20221121T064201_R120_T40QFM_20221121T164837,0,2022-11,T40QFM,0.23306376611407903,0,0.7708928902716967
S2B_MSIL2A_20221126T064219_R120_T40QFM_20221202T000000_0000.jpg,S2B_MSIL2A_20221126T064219_R120_T40QFM_20221202T000000,0,2022-11,T40QFM,0.3848450782648474,0,0.7708928902716967
S2B_MSIL2A_20221126T064219_R120_T40QFM_20221202T000000_0001.jpg,S2B_MSIL2A_20221126T064219_R120_T40QFM_20221202T000000,0,2022-11,T40QFM,0.44510794400450443,0,0.7708928902716967
S2B_MSIL2A_20221216T064259_R120_T40QFM_20221216T202414_0000.jpg,S2B_MSIL2A_20221216T064259_R120_T40QFM_20221216T202414,0,2022-12,T40QFM,0.02992820680785136,0,0.7708928902716967
S2B_MSIL2A_20221216T064259_R120_T40QFM_20221216T202414_0001.jpg,S2B_MSIL2A_20221216T064259_R120_T40QFM_20221216T202414,0,2022-12,T40QFM,0.034526422071927756,0,0.7708928902716967
S2A_MSIL2A_20221221T064301_R120_T40QFM_20240808T224656_0000.jpg,S2A_MSIL2A_20221221T064301_R120_T40QFM_20240808T224656,1,2022-12,T40QFM,0.4989345984176953,0,0.7708928902716967
S2A_MSIL2A_20221221T064301_R120_T40QFM_20240808T224656_0001.jpg,S2A_MSIL2A_20221221T064301_R120_T40QFM_20240808T224656,1,2022-12,T40QFM,0.459090715188949,0,0.7708928902716967
S2B_MSIL2A_20221226T064259_R120_T40QFM_20221226T183145_0000.jpg,S2B_MSIL2A_20221226T064259_R120_T40QFM_20221226T183145,0,2022-12,T40QFM,0.6704626913881342,0,0.7708928902716967
S2B_MSIL2A_20221226T064259_R120_T40QFM_20221226T183145_0001.jpg,S2B_MSIL2A_20221226T064259_R120_T40QFM_20221226T183145,0,2022-12,T40QFM,0.6652665863227065,0,0.7708928902716967
S2B_MSIL2A_20230105T064249_R120_T40QFM_20230105T161204_0000.jpg,S2B_MSIL2A_20230105T064249_R120_T40QFM_20230105T161204,0,2023-01,T40QFM,0.01174544983934471,0,0.7708928902716967
S2B_MSIL2A_20230105T064249_R120_T40QFM_20230105T161204_0001.jpg,S2B_MSIL2A_20230105T064249_R120_T40QFM_20230105T161204,0,2023-01,T40QFM,0.012205046921979589,0,0.7708928902716967
S2A_MSIL2A_20230110T064241_R120_T40QFM_20230110T232049_0000.jpg,S2A_MSIL2A_20230110T064241_R120_T40QFM_20230110T232049,1,2023-01,T40QFM,0.9073457493353158,1,0.7708928902716967
S2A_MSIL2A_20230110T064241_R120_T40QFM_20230110T232049_0001.jpg,S2A_MSIL2A_20230110T064241_R120_T40QFM_20230110T232049,1,2023-01,T40QFM,0.9324874349077739,1,0.7708928902716967
S2A_MSIL2A_20230130T064121_R120_T40QFM_20230131T154057_0000.jpg,S2A_MSIL2A_20230130T064121_R120_T40QFM_20230131T154057,0,2023-01,T40QFM,0.003586468498511802,0,0.7708928902716967
S2A_MSIL2A_20230130T064121_R120_T40QFM_20230131T154057_0001.jpg,S2A_MSIL2A_20230130T064121_R120_T40QFM_20230131T154057,0,2023-01,T40QFM,0.0030068705025953213,0,0.7708928902716967
S2B_MSIL2A_20230204T064049_R120_T40QFM_20240816T214850_0000.jpg,S2B_MSIL2A_20230204T064049_R120_T40QFM_20240816T214850,0,2023-02,T40QFM,0.40290937952455586,0,0.7708928902716967
S2B_MSIL2A_20230204T064049_R120_T40QFM_20240816T214850_0001.jpg,S2B_MSIL2A_20230204T064049_R120_T40QFM_20240816T214850,0,2023-02,T40QFM,0.32374703353137313,0,0.7708928902716967
S2A_MSIL2A_20230209T064021_R120_T40QFM_20230209T205002_0000.jpg,S2A_MSIL2A_20230209T064021_R120_T40QFM_20230209T205002,0,2023-02,T40QFM,0.2620375761336521,0,0.7708928902716967
S2A_MSIL2A_20230209T064021_R120_T40QFM_20230209T205002_0001.jpg,S2A_MSIL2A_20230209T064021_R120_T40QFM_20230209T205002,0,2023-02,T40QFM,0.26973556699607787,0,0.7708928902716967
S2B_MSIL2A_20230306T063739_R120_T40QFM_20240823T211525_0000.jpg,S2B_MSIL2A_20230306T063739_R120_T40QFM_20240823T211525,1,2023-03,T40QFM,0.8640902129249007,1,0.7708928902716967
S2B_MSIL2A_20230306T063739_R120_T40QFM_20240823T211525_0001.jpg,S2B_MSIL2A_20230306T063739_R120_T40QFM_20240823T211525,1,2023-03,T40QFM,0.8889126097175478,1,0.7708928902716967
S2B_MSIL2A_20230316T063629_R120_T40QFM_20240827T111826_0000.jpg,S2B_MSIL2A_20230316T063629_R120_T40QFM_20240827T111826,0,2023-03,T40QFM,0.5533995182959355,0,0.7708928902716967
S2B_MSIL2A_20230316T063629_R120_T40QFM_20240827T111826_0001.jpg,S2B_MSIL2A_20230316T063629_R120_T40QFM_20240827T111826,0,2023-03,T40QFM,0.4785254868525682,0,0.7708928902716967
S2A_MSIL2A_20230331T063621_R120_T40QFM_20240825T173541_0000.jpg,S2A_MSIL2A_20230331T063621_R120_T40QFM_20240825T173541,0,2023-03,T40QFM,0.04309762478121227,0,0.7708928902716967
S2A_MSIL2A_20230331T063621_R120_T40QFM_20240825T173541_0001.jpg,S2A_MSIL2A_20230331T063621_R120_T40QFM_20240825T173541,0,2023-03,T40QFM,0.042490099602811186,0,0.7708928902716967
S2B_MSIL2A_20230405T063629_R120_T40QFM_20230405T213827_0000.jpg,S2B_MSIL2A_20230405T063629_R120_T40QFM_20230405T213827,1,2023-04,T40QFM,0.5884386333020307,0,0.7708928902716967
S2B_MSIL2A_20230405T063629_R120_T40QFM_20230405T213827_0001.jpg,S2B_MSIL2A_20230405T063629_R120_T40QFM_20230405T213827,1,2023-04,T40QFM,0.6058933411413089,0,0.7708928902716967
S2A_MSIL2A_20230410T063631_R120_T40QFM_20230410T132909_0000.jpg,S2A_MSIL2A_20230410T063631_R120_T40QFM_20230410T132909,0,2023-04,T40QFM,0.1474672171963927,0,0.7708928902716967
S2A_MSIL2A_20230410T063631_R120_T40QFM_20230410T132909_0001.jpg,S2A_MSIL2A_20230410T063631_R120_T40QFM_20230410T132909,0,2023-04,T40QFM,0.1882326674196855,0,0.7708928902716967
S2A_MSIL2A_20230420T063621_R120_T40QFM_20230420T131741_0000.jpg,S2A_MSIL2A_20230420T063621_R120_T40QFM_20230420T131741,1,2023-04,T40QFM,0.48114927863528995,0,0.7708928902716967
S2A_MSIL2A_20230420T063621_R120_T40QFM_20230420T131741_0001.jpg,S2A_MSIL2A_20230420T063621_R120_T40QFM_20230420T131741,1,2023-04,T40QFM,0.49823892951979054,0,0.7708928902716967
S2B_MSIL2A_20230425T063629_R120_T40QFM_20240901T144339_0000.jpg,S2B_MSIL2A_20230425T063629_R120_T40QFM_20240901T144339,0,2023-04,T40QFM,0.8367054244805131,1,0.7708928902716967
S2B_MSIL2A_20230425T063629_R120_T40QFM_20240901T144339_0001.jpg,S2B_MSIL2A_20230425T063629_R120_T40QFM_20240901T144339,0,2023-04,T40QFM,0.8183275973626882,1,0.7708928902716967
S2B_MSIL2A_20230505T063629_R120_T40QFM_20230505T113226_0000.jpg,S2B_MSIL2A_20230505T063629_R120_T40QFM_20230505T113226,0,2023-05,T40QFM,0.07326886513970693,0,0.7708928902716967
S2B_MSIL2A_20230505T063629_R120_T40QFM_20230505T113226_0001.jpg,S2B_MSIL2A_20230505T063629_R120_T40QFM_20230505T113226,0,2023-05,T40QFM,0.07380476762177038,0,0.7708928902716967
S2A_MSIL2A_20230520T063631_R120_T40QFM_20230520T121727_0000.jpg,S2A_MSIL2A_20230520T063631_R120_T40QFM_20230520T121727,0,2023-05,T40QFM,0.0797240462396914,0,0.7708928902716967
S2A_MSIL2A_20230520T063631_R120_T40QFM_20230520T121727_0001.jpg,S2A_MSIL2A_20230520T063631_R120_T40QFM_20230520T121727,0,2023-05,T40QFM,0.07850239742260591,0,0.7708928902716967
S2A_MSIL2A_20230619T063631_R120_T40QFM_20230619T122652_0000.jpg,S2A_MSIL2A_20230619T063631_R120_T40QFM_20230619T122652,0,2023-06,T40QFM,0.0399036577399201,0,0.7708928902716967
S2A_MSIL2A_20230619T063631_R120_T40QFM_20230619T122652_0001.jpg,S2A_MSIL2A_20230619T063631_R120_T40QFM_20230619T122652,0,2023-06,T40QFM,0.047767975766841664,0,0.7708928902716967
S2A_MSIL2A_20230629T063631_R120_T40QFM_20230629T142242_0000.jpg,S2A_MSIL2A_20230629T063631_R120_T40QFM_20230629T142242,0,2023-06,T40QFM,0.532837061642533,0,0.7708928902716967
S2A_MSIL2A_20230629T063631_R120_T40QFM_20230629T142242_0001.jpg,S2A_MSIL2A_20230629T063631_R120_T40QFM_20230629T142242,0,2023-06,T40QFM,0.5588403058825411,0,0.7708928902716967
S2B_MSIL2A_20230704T063629_R120_T40QFM_20241013T174147_0000.jpg,S2B_MSIL2A_20230704T063629_R120_T40QFM_20241013T174147,0,2023-07,T40QFM,0.06550773194872175,0,0.7708928902716967
S2B_MSIL2A_20230704T063629_R120_T40QFM_20241013T174147_0001.jpg,S2B_MSIL2A_20230704T063629_R120_T40QFM_20241013T174147,0,2023-07,T40QFM,0.08131964963112841,0,0.7708928902716967
S2B_MSIL2A_20230714T063629_R120_T40QFM_20240910T152238_0000.jpg,S2B_MSIL2A_20230714T063629_R120_T40QFM_20240910T152238,0,2023-07,T40QFM,0.15973646621497706,0,0.7708928902716967
S2B_MSIL2A_20230714T063629_R120_T40QFM_20240910T152238_0001.jpg,S2B_MSIL2A_20230714T063629_R120_T40QFM_20240910T152238,0,2023-07,T40QFM,0.22369462640945934,0,0.7708928902716967
S2A_MSIL2A_20230808T063631_R120_T40QFM_20241021T084732_0000.jpg,S2A_MSIL2A_20230808T063631_R120_T40QFM_20241021T084732,0,2023-08,T40QFM,0.2578250128246717,0,0.7708928902716967
S2A_MSIL2A_20230808T063631_R120_T40QFM_20241021T084732_0001.jpg,S2A_MSIL2A_20230808T063631_R120_T40QFM_20241021T084732,0,2023-08,T40QFM,0.2293458784262834,0,0.7708928902716967
S2A_MSIL2A_20230907T063631_R120_T40QFM_20230907T161209_0000.jpg,S2A_MSIL2A_20230907T063631_R120_T40QFM_20230907T161209,1,2023-09,T40QFM,0.29127191047241147,0,0.7708928902716967
S2A_MSIL2A_20230907T063631_R120_T40QFM_20230907T161209_0001.jpg,S2A_MSIL2A_20230907T063631_R120_T40QFM_20230907T161209,1,2023-09,T40QFM,0.27618611969984563,0,0.7708928902716967
S2A_MSIL2A_20230927T063631_R120_T40QFM_20230927T125012_0000.jpg,S2A_MSIL2A_20230927T063631_R120_T40QFM_20230927T125012,0,2023-09,T40QFM,0.20033813229251493,0,0.7708928902716967
S2A_MSIL2A_20230927T063631_R120_T40QFM_20230927T125012_0001.jpg,S2A_MSIL2A_20230927T063631_R120_T40QFM_20230927T125012,0,2023-09,T40QFM,0.22369492566825913,0,0.7708928902716967
S2B_MSIL2A_20231012T063819_R120_T40QFM_20231012T121039_0000.jpg,S2B_MSIL2A_20231012T063819_R120_T40QFM_20231012T121039,0,2023-10,T40QFM,0.21282011540837026,0,0.7708928902716967
S2B_MSIL2A_20231012T063819_R120_T40QFM_20231012T121039_0001.jpg,S2B_MSIL2A_20231012T063819_R120_T40QFM_20231012T121039,0,2023-10,T40QFM,0.24377192726017866,0,0.7708928902716967
S2A_MSIL2A_20231017T063841_R120_T40QFM_20241028T093417_0000.jpg,S2A_MSIL2A_20231017T063841_R120_T40QFM_20241028T093417,0,2023-10,T40QFM,0.03727286243912222,0,0.7708928902716967
S2A_MSIL2A_20231017T063841_R120_T40QFM_20241028T093417_0001.jpg,S2A_MSIL2A_20231017T063841_R120_T40QFM_20241028T093417,0,2023-10,T40QFM,0.041761616557265034,0,0.7708928902716967
S2B_MSIL2A_20231101T064019_R120_T40QFM_20231101T101812_0000.jpg,S2B_MSIL2A_20231101T064019_R120_T40QFM_20231101T101812,0,2023-11,T40QFM,0.16588500334676046,0,0.7708928902716967
S2B_MSIL2A_20231101T064019_R120_T40QFM_20231101T101812_0001.jpg,S2B_MSIL2A_20231101T064019_R120_T40QFM_20231101T101812,0,2023-11,T40QFM,0.1597336207573708,0,0.7708928902716967
S2B_MSIL2A_20231111T064119_R120_T40QFM_20231111T102412_0000.jpg,S2B_MSIL2A_20231111T064119_R120_T40QFM_20231111T102412,1,2023-11,T40QFM,0.6134785624586216,0,0.7708928902716967
S2B_MSIL2A_20231111T064119_R120_T40QFM_20231111T102412_0001.jpg,S2B_MSIL2A_20231111T064119_R120_T40QFM_20231111T102412,1,2023-11,T40QFM,0.6601737464246763,0,0.7708928902716967
S2A_MSIL2A_20231206T064241_R120_T40QFM_20241101T134000_0000.jpg,S2A_MSIL2A_20231206T064241_R120_T40QFM_20241101T134000,0,2023-12,T40QFM,0.6878660241573856,0,0.7708928902716967
S2A_MSIL2A_20231206T064241_R120_T40QFM_20241101T134000_0001.jpg,S2A_MSIL2A_20231206T064241_R120_T40QFM_20241101T134000,0,2023-12,T40QFM,0.7021178568420562,0,0.7708928902716967
S2B_MSIL2A_20231221T064309_R120_T40QFM_20231222T041316_0000.jpg,S2B_MSIL2A_20231221T064309_R120_T40QFM_20231222T041316,0,2023-12,T40QFM,0.04301335621027065,0,0.7708928902716967
S2B_MSIL2A_20231221T064309_R120_T40QFM_20231222T041316_0001.jpg,S2B_MSIL2A_20231221T064309_R120_T40QFM_20231222T041316,0,2023-12,T40QFM,0.046222110233347255,0,0.7708928902716967
S2A_MSIL2A_20240105T064251_R120_T40QFM_20240105T111327_0000.jpg,S2A_MSIL2A_20240105T064251_R120_T40QFM_20240105T111327,0,2024-01,T40QFM,0.737186362241503,0,0.7708928902716967
S2A_MSIL2A_20240105T064251_R120_T40QFM_20240105T111327_0001.jpg,S2A_MSIL2A_20240105T064251_R120_T40QFM_20240105T111327,0,2024-01,T40QFM,0.7191796620326488,0,0.7708928902716967
S2B_MSIL2A_20240110T064239_R120_T40QFM_20240110T094323_0000.jpg,S2B_MSIL2A_20240110T064239_R120_T40QFM_20240110T094323,0,2024-01,T40QFM,0.6158418365336149,0,0.7708928902716967
S2B_MSIL2A_20240110T064239_R120_T40QFM_20240110T094323_0001.jpg,S2B_MSIL2A_20240110T064239_R120_T40QFM_20240110T094323,0,2024-01,T40QFM,0.617845567638262,0,0.7708928902716967
S2B_MSIL2A_20240120T064209_R120_T40QFM_20240120T101055_0000.jpg,S2B_MSIL2A_20240120T064209_R120_T40QFM_20240120T101055,0,2024-01,T40QFM,0.008903678125117524,0,0.7708928902716967
S2B_MSIL2A_20240120T064209_R120_T40QFM_20240120T101055_0001.jpg,S2B_MSIL2A_20240120T064209_R120_T40QFM_20240120T101055,0,2024-01,T40QFM,0.010875432227305607,0,0.7708928902716967
S2B_MSIL2A_20240130T064119_R120_T40QFM_20240130T101447_0000.jpg,S2B_MSIL2A_20240130T064119_R120_T40QFM_20240130T101447,0,2024-01,T40QFM,0.008212830512020911,0,0.7708928902716967
S2B_MSIL2A_20240130T064119_R120_T40QFM_20240130T101447_0001.jpg,S2B_MSIL2A_20240130T064119_R120_T40QFM_20240130T101447,0,2024-01,T40QFM,0.007689106486247592,0,0.7708928902716967
S2A_MSIL2A_20240204T064051_R120_T40QFM_20240204T114514_0000.jpg,S2A_MSIL2A_20240204T064051_R120_T40QFM_20240204T114514,0,2024-02,T40QFM,0.22079191054955316,0,0.7708928902716967
S2A_MSIL2A_20240204T064051_R120_T40QFM_20240204T114514_0001.jpg,S2A_MSIL2A_20240204T064051_R120_T40QFM_20240204T114514,0,2024-02,T40QFM,0.1579186932048344,0,0.7708928902716967
S2A_MSIL2A_20240224T063851_R120_T40QFM_20240224T122309_0000.jpg,S2A_MSIL2A_20240224T063851_R120_T40QFM_20240224T122309,0,2024-02,T40QFM,0.006723180282698735,0,0.7708928902716967
S2A_MSIL2A_20240224T063851_R120_T40QFM_20240224T122309_0001.jpg,S2A_MSIL2A_20240224T063851_R120_T40QFM_20240224T122309,0,2024-02,T40QFM,0.008135189152176472,0,0.7708928902716967
S2A_MSIL2A_20240315T063631_R120_T40QFM_20240315T121549_0000.jpg,S2A_MSIL2A_20240315T063631_R120_T40QFM_20240315T121549,0,2024-03,T40QFM,0.6690424232214263,0,0.7708928902716967
S2A_MSIL2A_20240315T063631_R120_T40QFM_20240315T121549_0001.jpg,S2A_MSIL2A_20240315T063631_R120_T40QFM_20240315T121549,0,2024-03,T40QFM,0.7053371745785614,0,0.7708928902716967
S2B_MSIL2A_20240330T063629_R120_T40QFM_20240330T114349_0000.jpg,S2B_MSIL2A_20240330T063629_R120_T40QFM_20240330T114349,0,2024-03,T40QFM,0.016982264550364706,0,0.7708928902716967
S2B_MSIL2A_20240330T063629_R120_T40QFM_20240330T114349_0001.jpg,S2B_MSIL2A_20240330T063629_R120_T40QFM_20240330T114349,0,2024-03,T40QFM,0.018237657616507266,0,0.7708928902716967
S2B_MSIL2A_20240409T063629_R120_T40QFM_20240411T033313_0000.jpg,S2B_MSIL2A_20240409T063629_R120_T40QFM_20240411T033313,0,2024-04,T40QFM,0.04322722085647216,0,0.7708928902716967
S2B_MSIL2A_20240409T063629_R120_T40QFM_20240411T033313_0001.jpg,S2B_MSIL2A_20240409T063629_R120_T40QFM_20240411T033313,0,2024-04,T40QFM,0.03370963977941525,0,0.7708928902716967
S2B_MSIL2A_20240419T063629_R120_T40QFM_20240419T103651_0000.jpg,S2B_MSIL2A_20240419T063629_R120_T40QFM_20240419T103651,0,2024-04,T40QFM,0.07252395578845902,0,0.7708928902716967
S2B_MSIL2A_20240419T063629_R120_T40QFM_20240419T103651_0001.jpg,S2B_MSIL2A_20240419T063629_R120_T40QFM_20240419T103651,0,2024-04,T40QFM,0.0701866776233494,0,0.7708928902716967
S2B_MSIL2A_20240429T063629_R120_T40QFM_20240429T111845_0000.jpg,S2B_MSIL2A_20240429T063629_R120_T40QFM_20240429T111845,1,2024-04,T40QFM,0.968731593009233,1,0.7708928902716967
S2B_MSIL2A_20240429T063629_R120_T40QFM_20240429T111845_0001.jpg,S2B_MSIL2A_20240429T063629_R120_T40QFM_20240429T111845,1,2024-04,T40QFM,0.9732980624183918,1,0.7708928902716967
S2A_MSIL2A_20240504T063631_R120_T40QFM_20240506T184012_0000.jpg,S2A_MSIL2A_20240504T063631_R120_T40QFM_20240506T184012,0,2024-05,T40QFM,0.6290032976886117,0,0.7708928902716967
S2A_MSIL2A_20240504T063631_R120_T40QFM_20240506T184012_0001.jpg,S2A_MSIL2A_20240504T063631_R120_T40QFM_20240506T184012,0,2024-05,T40QFM,0.607651229076333,0,0.7708928902716967
S2B_MSIL2A_20240509T063629_R120_T40QFM_20240509T101759_0000.jpg,S2B_MSIL2A_20240509T063629_R120_T40QFM_20240509T101759,0,2024-05,T40QFM,0.9848717517531754,1,0.7708928902716967
S2B_MSIL2A_20240509T063629_R120_T40QFM_20240509T101759_0001.jpg,S2B_MSIL2A_20240509T063629_R120_T40QFM_20240509T101759,0,2024-05,T40QFM,0.9872301950598549,1,0.7708928902716967
S2A_MSIL2A_20240524T063621_R120_T40QFM_20240524T121928_0000.jpg,S2A_MSIL2A_20240524T063621_R120_T40QFM_20240524T121928,0,2024-05,T40QFM,1e-06,0,0.7708928902716967
S2A_MSIL2A_20240524T063621_R120_T40QFM_20240524T121928_0001.jpg,S2A_MSIL2A_20240524T063621_R120_T40QFM_20240524T121928,0,2024-05,T40QFM,1e-06,0,0.7708928902716967
S2B_MSIL2A_20240529T063629_R120_T40QFM_20240529T102225_0000.jpg,S2B_MSIL2A_20240529T063629_R120_T40QFM_20240529T102225,0,2024-05,T40QFM,1e-06,0,0.7708928902716967
S2B_MSIL2A_20240529T063629_R120_T40QFM_20240529T102225_0001.jpg,S2B_MSIL2A_20240529T063629_R120_T40QFM_20240529T102225,0,2024-05,T40QFM,1e-06,0,0.7708928902716967
S2A_MSIL2A_20240613T063631_R120_T40QFM_20240613T114843_0000.jpg,S2A_MSIL2A_20240613T063631_R120_T40QFM_20240613T114843,0,2024-06,T40QFM,0.9989623056792326,1,0.7708928902716967
S2A_MSIL2A_20240613T063631_R120_T40QFM_20240613T114843_0001.jpg,S2A_MSIL2A_20240613T063631_R120_T40QFM_20240613T114843,0,2024-06,T40QFM,0.9986770722550949,1,0.7708928902716967
S2B_MSIL2A_20240618T063629_R120_T40QFM_20240618T111722_0000.jpg,S2B_MSIL2A_20240618T063629_R120_T40QFM_20240618T111722,0,2024-06,T40QFM,0.01080570284688449,0,0.7708928902716967
S2B_MSIL2A_20240618T063629_R120_T40QFM_20240618T111722_0001.jpg,S2B_MSIL2A_20240618T063629_R120_T40QFM_20240618T111722,0,2024-06,T40QFM,0.01031635077150876,0,0.7708928902716967
S2B_MSIL2A_20240628T063629_R120_T40QFM_20240628T105136_0000.jpg,S2B_MSIL2A_20240628T063629_R120_T40QFM_20240628T105136,0,2024-06,T40QFM,0.539202306503664,0,0.7708928902716967
S2B_MSIL2A_20240628T063629_R120_T40QFM_20240628T105136_0001.jpg,S2B_MSIL2A_20240628T063629_R120_T40QFM_20240628T105136,0,2024-06,T40QFM,0.4272692616039161,0,0.7708928902716967
S2A_MSIL2A_20240703T063631_R120_T40QFM_20240703T111800_0000.jpg,S2A_MSIL2A_20240703T063631_R120_T40QFM_20240703T111800,1,2024-07,T40QFM,0.999999,1,0.7708928902716967
S2A_MSIL2A_20240703T063631_R120_T40QFM_20240703T111800_0001.jpg,S2A_MSIL2A_20240703T063631_R120_T40QFM_20240703T111800,1,2024-07,T40QFM,0.999999,1,0.7708928902716967
S2A_MSIL2A_20240723T063631_R120_T40QFM_20240723T113350_0000.jpg,S2A_MSIL2A_20240723T063631_R120_T40QFM_20240723T113350,0,2024-07,T40QFM,1e-06,0,0.7708928902716967
S2A_MSIL2A_20240723T063631_R120_T40QFM_20240723T113350_0001.jpg,S2A_MSIL2A_20240723T063631_R120_T40QFM_20240723T113350,0,2024-07,T40QFM,1e-06,0,0.7708928902716967
S2A_MSIL2A_20240812T063631_R120_T40QFM_20240812T114349_0000.jpg,S2A_MSIL2A_20240812T063631_R120_T40QFM_20240812T114349,0,2024-08,T40QFM,0.010482420838400423,0,0.7708928902716967
S2A_MSIL2A_20240812T063631_R120_T40QFM_20240812T114349_0001.jpg,S2A_MSIL2A_20240812T063631_R120_T40QFM_20240812T114349,0,2024-08,T40QFM,0.01297289790948978,0,0.7708928902716967
S2A_MSIL2A_20240822T063621_R120_T40QFM_20240822T115549_0000.jpg,S2A_MSIL2A_20240822T063621_R120_T40QFM_20240822T115549,1,2024-08,T40QFM,0.9700798217227777,1,0.7708928902716967
S2A_MSIL2A_20240822T063621_R120_T40QFM_20240822T115549_0001.jpg,S2A_MSIL2A_20240822T063621_R120_T40QFM_20240822T115549,1,2024-08,T40QFM,0.9590236715026551,1,0.7708928902716967
S2A_MSIL2A_20240911T063621_R120_T40QFM_20240911T114359_0000.jpg,S2A_MSIL2A_20240911T063621_R120_T40QFM_20240911T114359,0,2024-09,T40QFM,0.133495288797499,0,0.7708928902716967
S2A_MSIL2A_20240911T063621_R120_T40QFM_20240911T114359_0001.jpg,S2A_MSIL2A_20240911T063621_R120_T40QFM_20240911T114359,0,2024-09,T40QFM,0.163954825496692,0,0.7708928902716967
S2A_MSIL2A_20240921T063631_R120_T40QFM_20240921T101256_0000.jpg,S2A_MSIL2A_20240921T063631_R120_T40QFM_20240921T101256,0,2024-09,T40QFM,0.2343051314398917,0,0.7708928902716967
S2A_MSIL2A_20240921T063631_R120_T40QFM_20240921T101256_0001.jpg,S2A_MSIL2A_20240921T063631_R120_T40QFM_20240921T101256,0,2024-09,T40QFM,0.179847731102359,0,0.7708928902716967
S2B_MSIL2A_20241006T063639_R120_T40QFM_20241006T090252_0000.jpg,S2B_MSIL2A_20241006T063639_R120_T40QFM_20241006T090252,0,2024-10,T40QFM,0.008684513682446021,0,0.7708928902716967
S2B_MSIL2A_20241006T063639_R120_T40QFM_20241006T090252_0001.jpg,S2B_MSIL2A_20241006T063639_R120_T40QFM_20241006T090252,0,2024-10,T40QFM,0.010047649979237593,0,0.7708928902716967
S2A_MSIL2A_20241021T063921_R120_T40QFM_20241021T103950_0000.jpg,S2A_MSIL2A_20241021T063921_R120_T40QFM_20241021T103950,1,2024-10,T40QFM,0.983856452703492,1,0.7708928902716967
S2A_MSIL2A_20241021T063921_R120_T40QFM_20241021T103950_0001.jpg,S2A_MSIL2A_20241021T063921_R120_T40QFM_20241021T103950,1,2024-10,T40QFM,0.9857134651362416,1,0.7708928902716967
S2A_MSIL2A_20241031T064021_R120_T40QFM_20241031T093553_0000.jpg,S2A_MSIL2A_20241031T064021_R120_T40QFM_20241031T093553,0,2024-10,T40QFM,0.0009390408327935525,0,0.7708928902716967
S2A_MSIL2A_20241031T064021_R120_T40QFM_20241031T093553_0001.jpg,S2A_MSIL2A_20241031T064021_R120_T40QFM_20241031T093553,0,2024-10,T40QFM,0.0009519927644413673,0,0.7708928902716967
S2B_MSIL2A_20241105T063949_R120_T40QFM_20241105T090453_0000.jpg,S2B_MSIL2A_20241105T063949_R120_T40QFM_20241105T090453,0,2024-11,T40QFM,0.831100808585011,1,0.7708928902716967
S2B_MSIL2A_20241105T063949_R120_T40QFM_20241105T090453_0001.jpg,S2B_MSIL2A_20241105T063949_R120_T40QFM_20241105T090453,0,2024-11,T40QFM,0.8240576054111994,1,0.7708928902716967
S2A_MSIL2A_20241120T064201_R120_T40QFM_20241120T094700_0000.jpg,S2A_MSIL2A_20241120T064201_R120_T40QFM_20241120T094700,0,2024-11,T40QFM,0.06755022983405856,0,0.7708928902716967
S2A_MSIL2A_20241120T064201_R120_T40QFM_20241120T094700_0001.jpg,S2A_MSIL2A_20241120T064201_R120_T40QFM_20241120T094700,0,2024-11,T40QFM,0.06975108657274419,0,0.7708928902716967
S2B_MSIL2A_20241125T064119_R120_T40QFM_20241125T085904_0000.jpg,S2B_MSIL2A_20241125T064119_R120_T40QFM_20241125T085904,0,2024-11,T40QFM,0.06051933962910773,0,0.7708928902716967
S2B_MSIL2A_20241125T064119_R120_T40QFM_20241125T085904_0001.jpg,S2B_MSIL2A_20241125T064119_R120_T40QFM_20241125T085904,0,2024-11,T40QFM,0.06402154404532166,0,0.7708928902716967
S2A_MSIL2A_20241210T064251_R120_T40QFM_20241210T095759_0000.jpg,S2A_MSIL2A_20241210T064251_R120_T40QFM_20241210T095759,0,2024-12,T40QFM,0.17981286990143566,0,0.7708928902716967
S2A_MSIL2A_20241210T064251_R120_T40QFM_20241210T095759_0001.jpg,S2A_MSIL2A_20241210T064251_R120_T40QFM_20241210T095759,0,2024-12,T40QFM,0.14868441001264454,0,0.7708928902716967
S2B_MSIL2A_20241225T064209_R120_T40QFM_20241225T090946_0000.jpg,S2B_MSIL2A_20241225T064209_R120_T40QFM_20241225T090946,0,2024-12,T40QFM,0.6874701116440002,0,0.7708928902716967
S2B_MSIL2A_20241225T064209_R120_T40QFM_20241225T090946_0001.jpg,S2B_MSIL2A_20241225T064209_R120_T40QFM_20241225T090946,0,2024-12,T40QFM,0.7105780543621242,0,0.7708928902716967
S2A_MSIL2A_20170227T062811_R077_T40QGL_20210208T174006_0000.jpg,S2A_MSIL2A_20170227T062811_R077_T40QGL_20210208T174006,0,2017-02,T40QGL,0.004159447121774301,0,0.7708928902716967
S2A_MSIL2A_20170227T062811_R077_T40QGL_20210208T174006_0001.jpg,S2A_MSIL2A_20170227T062811_R077_T40QGL_20210208T174006,0,2017-02,T40QGL,0.004571578105286684,0,0.7708928902716967
S2A_MSIL2A_20170408T062631_R077_T40QGL_20210209T054516_0000.jpg,S2A_MSIL2A_20170408T062631_R077_T40QGL_20210209T054516,0,2017-04,T40QGL,0.08813838613247423,0,0.7708928902716967
S2A_MSIL2A_20170408T062631_R077_T40QGL_20210209T054516_0001.jpg,S2A_MSIL2A_20170408T062631_R077_T40QGL_20210209T054516,0,2017-04,T40QGL,0.09237810123361659,0,0.7708928902716967
S2A_MSIL2A_20170607T062631_R077_T40QGL_20210209T210403_0000.jpg,S2A_MSIL2A_20170607T062631_R077_T40QGL_20210209T210403,0,2017-06,T40QGL,0.16231485198594128,0,0.7708928902716967
S2A_MSIL2A_20170607T062631_R077_T40QGL_20210209T210403_0001.jpg,S2A_MSIL2A_20170607T062631_R077_T40QGL_20210209T210403,0,2017-06,T40QGL,0.20659446085537153,0,0.7708928902716967
S2B_MSIL2A_20170712T062629_R077_T40QGL_20210210T075546_0000.jpg,S2B_MSIL2A_20170712T062629_R077_T40QGL_20210210T075546,0,2017-07,T40QGL,0.06401097533955913,0,0.7708928902716967
S2B_MSIL2A_20170712T062629_R077_T40QGL_20210210T075546_0001.jpg,S2B_MSIL2A_20170712T062629_R077_T40QGL_20210210T075546,0,2017-07,T40QGL,0.055716487542067754,0,0.7708928902716967
S2A_MSIL2A_20170806T062631_R077_T40QGL_20210210T201854_0000.jpg,S2A_MSIL2A_20170806T062631_R077_T40QGL_20210210T201854,0,2017-08,T40QGL,0.544136043285081,0,0.7708928902716967
S2A_MSIL2A_20170806T062631_R077_T40QGL_20210210T201854_0001.jpg,S2A_MSIL2A_20170806T062631_R077_T40QGL_20210210T201854,0,2017-08,T40QGL,0.5341977807910219,0,0.7708928902716967
S2A_MSIL2A_20170826T062631_R077_T40QGL_20210201T110022_0000.jpg,S2A_MSIL2A_20170826T062631_R077_T40QGL_20210201T110022,0,2017-08,T40QGL,0.002242932463719033,0,0.7708928902716967
S2A_MSIL2A_20170826T062631_R077_T40QGL_20210201T110022_0001.jpg,S2A_MSIL2A_20170826T062631_R077_T40QGL_20210201T110022,0,2017-08,T40QGL,0.0026850137637876737,0,0.7708928902716967
S2B_MSIL2A_20171020T062849_R077_T40QGL_20201015T010903_0000.jpg,S2B_MSIL2A_20171020T062849_R077_T40QGL_20201015T010903,0,2017-10,T40QGL,0.13699329828207168,0,0.7708928902716967
S2B_MSIL2A_20171020T062849_R077_T40QGL_20201015T010903_0001.jpg,S2B_MSIL2A_20171020T062849_R077_T40QGL_20201015T010903,0,2017-10,T40QGL,0.11736106379554359,0,0.7708928902716967
S2B_MSIL2A_20171129T063209_R077_T40QGL_20201014T225537_0000.jpg,S2B_MSIL2A_20171129T063209_R077_T40QGL_20201014T225537,0,2017-11,T40QGL,0.010500670622558054,0,0.7708928902716967
S2B_MSIL2A_20171129T063209_R077_T40QGL_20201014T225537_0001.jpg,S2B_MSIL2A_20171129T063209_R077_T40QGL_20201014T225537,0,2017-11,T40QGL,0.03527947457402594,0,0.7708928902716967
S2B_MSIL2A_20180108T063229_R077_T40QGL_20201014T041332_0000.jpg,S2B_MSIL2A_20180108T063229_R077_T40QGL_20201014T041332,0,2018-01,T40QGL,0.02034681508666256,0,0.7708928902716967
S2B_MSIL2A_20180108T063229_R077_T40QGL_20201014T041332_0001.jpg,S2B_MSIL2A_20180108T063229_R077_T40QGL_20201014T041332,0,2018-01,T40QGL,0.030150145704915615,0,0.7708928902716967
S2B_MSIL2A_20180207T063029_R077_T40QGL_20201013T195609_0000.jpg,S2B_MSIL2A_20180207T063029_R077_T40QGL_20201013T195609,0,2018-02,T40QGL,1e-06,0,0.7708928902716967
S2B_MSIL2A_20180207T063029_R077_T40QGL_20201013T195609_0001.jpg,S2B_MSIL2A_20180207T063029_R077_T40QGL_20201013T195609,0,2018-02,T40QGL,1e-06,0,0.7708928902716967
S2B_MSIL2A_20180217T062919_R077_T40QGL_20201013T222428_0000.jpg,S2B_MSIL2A_20180217T062919_R077_T40QGL_20201013T222428,0,2018-02,T40QGL,0.8748872942876211,1,0.7708928902716967
S2B_MSIL2A_20180217T062919_R077_T40QGL_20201013T222428_0001.jpg,S2B_MSIL2A_20180217T062919_R077_T40QGL_20201013T222428,0,2018-02,T40QGL,0.9004876420058691,1,0.7708928902716967
S2B_MSIL2A_20180319T062619_R077_T40QGL_20201013T111702_0000.jpg,S2B_MSIL2A_20180319T062619_R077_T40QGL_20201013T111702,0,2018-03,T40QGL,0.2648310894079014,0,0.7708928902716967
S2B_MSIL2A_20180319T062619_R077_T40QGL_20201013T111702_0001.jpg,S2B_MSIL2A_20180319T062619_R077_T40QGL_20201013T111702,0,2018-03,T40QGL,0.287842028182802,0,0.7708928902716967
S2B_MSIL2A_20180408T062629_R077_T40QGL_20201012T195312_0000.jpg,S2B_MSIL2A_20180408T062629_R077_T40QGL_20201012T195312,1,2018-04,T40QGL,0.4726651918056496,0,0.7708928902716967
S2B_MSIL2A_20180408T062629_R077_T40QGL_20201012T195312_0001.jpg,S2B_MSIL2A_20180408T062629_R077_T40QGL_20201012T195312,1,2018-04,T40QGL,0.5263363240240272,0,0.7708928902716967
S2A_MSIL2A_20180413T062631_R077_T40QGL_20201012T214132_0000.jpg,S2A_MSIL2A_20180413T062631_R077_T40QGL_20201012T214132,1,2018-04,T40QGL,0.5334491322743595,0,0.7708928902716967
S2A_MSIL2A_20180413T062631_R077_T40QGL_20201012T214132_0001.jpg,S2A_MSIL2A_20180413T062631_R077_T40QGL_20201012T214132,1,2018-04,T40QGL,0.5682279152170163,0,0.7708928902716967
S2A_MSIL2A_20180503T062631_R077_T40QGL_20201012T051456_0000.jpg,S2A_MSIL2A_20180503T062631_R077_T40QGL_20201012T051456,0,2018-05,T40QGL,0.09500337724843297,0,0.7708928902716967
S2A_MSIL2A_20180503T062631_R077_T40QGL_20201012T051456_0001.jpg,S2A_MSIL2A_20180503T062631_R077_T40QGL_20201012T051456,0,2018-05,T40QGL,0.08652881264438077,0,0.7708928902716967
S2A_MSIL2A_20180513T062631_R077_T40QGL_20201012T091424_0000.jpg,S2A_MSIL2A_20180513T062631_R077_T40QGL_20201012T091424,0,2018-05,T40QGL,0.7702607118390938,0,0.7708928902716967
S2A_MSIL2A_20180513T062631_R077_T40QGL_20201012T091424_0001.jpg,S2A_MSIL2A_20180513T062631_R077_T40QGL_20201012T091424,0,2018-05,T40QGL,0.7459340160618622,0,0.7708928902716967
S2A_MSIL2A_20180523T062631_R077_T40QGL_20201012T131340_0000.jpg,S2A_MSIL2A_20180523T062631_R077_T40QGL_20201012T131340,0,2018-05,T40QGL,1.3664183630684938e-06,0,0.7708928902716967
S2A_MSIL2A_20180523T062631_R077_T40QGL_20201012T131340_0001.jpg,S2A_MSIL2A_20180523T062631_R077_T40QGL_20201012T131340,0,2018-05,T40QGL,1.5535596266431076e-06,0,0.7708928902716967
S2B_MSIL2A_20180528T062629_R077_T40QGL_20201026T110311_0000.jpg,S2B_MSIL2A_20180528T062629_R077_T40QGL_20201026T110311,1,2018-05,T40QGL,0.9664648785231487,1,0.7708928902716967
S2B_MSIL2A_20180528T062629_R077_T40QGL_20201026T110311_0001.jpg,S2B_MSIL2A_20180528T062629_R077_T40QGL_20201026T110311,1,2018-05,T40QGL,0.958534118847634,1,0.7708928902716967
S2A_MSIL2A_20180602T062631_R077_T40QGL_20201026T120848_0000.jpg,S2A_MSIL2A_20180602T062631_R077_T40QGL_20201026T120848,0,2018-06,T40QGL,0.7470040528187532,0,0.7708928902716967
S2A_MSIL2A_20180602T062631_R077_T40QGL_20201026T120848_0001.jpg,S2A_MSIL2A_20180602T062631_R077_T40QGL_20201026T120848,0,2018-06,T40QGL,0.7610340919275442,0,0.7708928902716967
S2B_MSIL2A_20180617T062629_R077_T40QGL_20201011T231555_0000.jpg,S2B_MSIL2A_20180617T062629_R077_T40QGL_20201011T231555,0,2018-06,T40QGL,0.6644991359873337,0,0.7708928902716967
S2B_MSIL2A_20180617T062629_R077_T40QGL_20201011T231555_0001.jpg,S2B_MSIL2A_20180617T062629_R077_T40QGL_20201011T231555,0,2018-06,T40QGL,0.6481170401930169,0,0.7708928902716967
S2B_MSIL2A_20180707T062629_R077_T40QGL_20201011T130506_0000.jpg,S2B_MSIL2A_20180707T062629_R077_T40QGL_20201011T130506,1,2018-07,T40QGL,0.7097023890068273,0,0.7708928902716967
S2B_MSIL2A_20180707T062629_R077_T40QGL_20201011T130506_0001.jpg,S2B_MSIL2A_20180707T062629_R077_T40QGL_20201011T130506,1,2018-07,T40QGL,0.7592257853425664,0,0.7708928902716967
S2B_MSIL2A_20180806T062629_R077_T40QGL_20201010T220237_0000.jpg,S2B_MSIL2A_20180806T062629_R077_T40QGL_20201010T220237,0,2018-08,T40QGL,0.15486176073521682,0,0.7708928902716967
S2B_MSIL2A_20180806T062629_R077_T40QGL_20201010T220237_0001.jpg,S2B_MSIL2A_20180806T062629_R077_T40QGL_20201010T220237,0,2018-08,T40QGL,0.35436951477090806,0,0.7708928902716967
S2A_MSIL2A_20180811T062631_R077_T40QGL_20201011T000840_0000.jpg,S2A_MSIL2A_20180811T062631_R077_T40QGL_20201011T000840,0,2018-08,T40QGL,0.3613373183820943,0,0.7708928902716967
S2A_MSIL2A_20180811T062631_R077_T40QGL_20201011T000840_0001.jpg,S2A_MSIL2A_20180811T062631_R077_T40QGL_20201011T000840,0,2018-08,T40QGL,0.34233165609036587,0,0.7708928902716967
S2A_MSIL2A_20180821T062631_R077_T40QGL_20201011T044753_0000.jpg,S2A_MSIL2A_20180821T062631_R077_T40QGL_20201011T044753,0,2018-08,T40QGL,0.03021652395813007,0,0.7708928902716967
S2A_MSIL2A_20180821T062631_R077_T40QGL_20201011T044753_0001.jpg,S2A_MSIL2A_20180821T062631_R077_T40QGL_20201011T044753,0,2018-08,T40QGL,0.03131014456283279,0,0.7708928902716967
S2A_MSIL2A_20180831T062631_R077_T40QGL_20201103T173702_0000.jpg,S2A_MSIL2A_20180831T062631_R077_T40QGL_20201103T173702,0,2018-08,T40QGL,0.004396009349437419,0,0.7708928902716967
S2A_MSIL2A_20180831T062631_R077_T40QGL_20201103T173702_0001.jpg,S2A_MSIL2A_20180831T062631_R077_T40QGL_20201103T173702,0,2018-08,T40QGL,0.005608430495555281,0,0.7708928902716967
S2B_MSIL2A_20180905T062619_R077_T40QGL_20201011T085713_0000.jpg,S2B_MSIL2A_20180905T062619_R077_T40QGL_20201011T085713,0,2018-09,T40QGL,0.38734925994305647,0,0.7708928902716967
S2B_MSIL2A_20180905T062619_R077_T40QGL_20201011T085713_0001.jpg,S2B_MSIL2A_20180905T062619_R077_T40QGL_20201011T085713,0,2018-09,T40QGL,0.31960138031418467,0,0.7708928902716967
S2B_MSIL2A_20180915T062619_R077_T40QGL_20201009T012730_0000.jpg,S2B_MSIL2A_20180915T062619_R077_T40QGL_20201009T012730,0,2018-09,T40QGL,0.03164640690218363,0,0.7708928902716967
S2B_MSIL2A_20180915T062619_R077_T40QGL_20201009T012730_0001.jpg,S2B_MSIL2A_20180915T062619_R077_T40QGL_20201009T012730,0,2018-09,T40QGL,0.03479364414397716,0,0.7708928902716967
S2B_MSIL2A_20181005T062719_R077_T40QGL_20201009T082717_0000.jpg,S2B_MSIL2A_20181005T062719_R077_T40QGL_20201009T082717,0,2018-10,T40QGL,0.20017023813000207,0,0.7708928902716967
S2B_MSIL2A_20181005T062719_R077_T40QGL_20201009T082717_0001.jpg,S2B_MSIL2A_20181005T062719_R077_T40QGL_20201009T082717,0,2018-10,T40QGL,0.15348146424988093,0,0.7708928902716967
S2A_MSIL2A_20181010T062751_R077_T40QGL_20201009T100248_0000.jpg,S2A_MSIL2A_20181010T062751_R077_T40QGL_20201009T100248,1,2018-10,T40QGL,0.44028402709785347,0,0.7708928902716967
S2A_MSIL2A_20181010T062751_R077_T40QGL_20201009T100248_0001.jpg,S2A_MSIL2A_20181010T062751_R077_T40QGL_20201009T100248,1,2018-10,T40QGL,0.43951515203679486,0,0.7708928902716967
S2B_MSIL2A_20181104T063029_R077_T40QGL_20201008T154613_0000.jpg,S2B_MSIL2A_20181104T063029_R077_T40QGL_20201008T154613,1,2018-11,T40QGL,0.9569629276542594,1,0.7708928902716967
S2B_MSIL2A_20181104T063029_R077_T40QGL_20201008T154613_0001.jpg,S2B_MSIL2A_20181104T063029_R077_T40QGL_20201008T154613,1,2018-11,T40QGL,0.94501316251175,1,0.7708928902716967
S2B_MSIL2A_20181114T063119_R077_T40QGL_20201008T183306_0000.jpg,S2B_MSIL2A_20181114T063119_R077_T40QGL_20201008T183306,0,2018-11,T40QGL,0.026546881142122652,0,0.7708928902716967
S2B_MSIL2A_20181114T063119_R077_T40QGL_20201008T183306_0001.jpg,S2B_MSIL2A_20181114T063119_R077_T40QGL_20201008T183306,0,2018-11,T40QGL,0.024903311781558524,0,0.7708928902716967
S2B_MSIL2A_20190103T063249_R077_T40QGL_20201007T222958_0000.jpg,S2B_MSIL2A_20190103T063249_R077_T40QGL_20201007T222958,0,2019-01,T40QGL,0.4791361628414885,0,0.7708928902716967
S2B_MSIL2A_20190103T063249_R077_T40QGL_20201007T222958_0001.jpg,S2B_MSIL2A_20190103T063249_R077_T40QGL_20201007T222958,0,2019-01,T40QGL,0.4826097235729873,0,0.7708928902716967
S2B_MSIL2A_20190304T062749_R077_T40QGL_20201030T140917_0000.jpg,S2B_MSIL2A_20190304T062749_R077_T40QGL_20201030T140917,0,2019-03,T40QGL,0.5028430906524184,0,0.7708928902716967
S2B_MSIL2A_20190304T062749_R077_T40QGL_20201030T140917_0001.jpg,S2B_MSIL2A_20190304T062749_R077_T40QGL_20201030T140917,0,2019-03,T40QGL,0.4991631924699761,0,0.7708928902716967
S2B_MSIL2A_20190314T062629_R077_T40QGL_20201007T063944_0000.jpg,S2B_MSIL2A_20190314T062629_R077_T40QGL_20201007T063944,1,2019-03,T40QGL,0.19144241915403354,0,0.7708928902716967
S2B_MSIL2A_20190314T062629_R077_T40QGL_20201007T063944_0001.jpg,S2B_MSIL2A_20190314T062629_R077_T40QGL_20201007T063944,1,2019-03,T40QGL,0.19438365328085427,0,0.7708928902716967
S2A_MSIL2A_20190408T062631_R077_T40QGL_20201006T233306_0000.jpg,S2A_MSIL2A_20190408T062631_R077_T40QGL_20201006T233306,1,2019-04,T40QGL,0.33891781283668976,0,0.7708928902716967
S2A_MSIL2A_20190408T062631_R077_T40QGL_20201006T233306_0001.jpg,S2A_MSIL2A_20190408T062631_R077_T40QGL_20201006T233306,1,2019-04,T40QGL,0.36988663953439255,0,0.7708928902716967
S2A_MSIL2A_20190418T062631_R077_T40QGL_20201007T032916_0000.jpg,S2A_MSIL2A_20190418T062631_R077_T40QGL_20201007T032916,0,2019-04,T40QGL,0.3454215123683962,0,0.7708928902716967
S2A_MSIL2A_20190418T062631_R077_T40QGL_20201007T032916_0001.jpg,S2A_MSIL2A_20190418T062631_R077_T40QGL_20201007T032916,0,2019-04,T40QGL,0.3930975964737036,0,0.7708928902716967
S2B_MSIL2A_20190503T062639_R077_T40QGL_20201006T093617_0000.jpg,S2B_MSIL2A_20190503T062639_R077_T40QGL_20201006T093617,0,2019-05,T40QGL,0.2221149103714729,0,0.7708928902716967
S2B_MSIL2A_20190503T062639_R077_T40QGL_20201006T093617_0001.jpg,S2B_MSIL2A_20190503T062639_R077_T40QGL_20201006T093617,0,2019-05,T40QGL,0.217028558617943,0,0.7708928902716967
S2A_MSIL2A_20190528T062631_R077_T40QGL_20201006T191629_0000.jpg,S2A_MSIL2A_20190528T062631_R077_T40QGL_20201006T191629,0,2019-05,T40QGL,0.25596435160464365,0,0.7708928902716967
S2A_MSIL2A_20190528T062631_R077_T40QGL_20201006T191629_0001.jpg,S2A_MSIL2A_20190528T062631_R077_T40QGL_20201006T191629,0,2019-05,T40QGL,0.278520872740185,0,0.7708928902716967
S2A_MSIL2A_20190607T062631_R077_T40QGL_20201005T230634_0000.jpg,S2A_MSIL2A_20190607T062631_R077_T40QGL_20201005T230634,0,2019-06,T40QGL,0.17089042117802122,0,0.7708928902716967
S2A_MSIL2A_20190607T062631_R077_T40QGL_20201005T230634_0001.jpg,S2A_MSIL2A_20190607T062631_R077_T40QGL_20201005T230634,0,2019-06,T40QGL,0.20246368327800232,0,0.7708928902716967
S2A_MSIL2A_20190627T062631_R077_T40QGL_20201006T065428_0000.jpg,S2A_MSIL2A_20190627T062631_R077_T40QGL_20201006T065428,0,2019-06,T40QGL,0.2410914485711145,0,0.7708928902716967
S2A_MSIL2A_20190627T062631_R077_T40QGL_20201006T065428_0001.jpg,S2A_MSIL2A_20190627T062631_R077_T40QGL_20201006T065428,0,2019-06,T40QGL,0.1974944094289902,0,0.7708928902716967
S2B_MSIL2A_20190702T062639_R077_T40QGL_20201005T081837_0000.jpg,S2B_MSIL2A_20190702T062639_R077_T40QGL_20201005T081837,1,2019-07,T40QGL,0.2102852600698574,0,0.7708928902716967
S2B_MSIL2A_20190702T062639_R077_T40QGL_20201005T081837_0001.jpg,S2B_MSIL2A_20190702T062639_R077_T40QGL_20201005T081837,1,2019-07,T40QGL,0.21952031650927223,0,0.7708928902716967
S2A_MSIL2A_20190816T062631_R077_T40QGL_20201005T005747_0000.jpg,S2A_MSIL2A_20190816T062631_R077_T40QGL_20201005T005747,1,2019-08,T40QGL,0.9999275691106267,1,0.7708928902716967
S2A_MSIL2A_20190816T062631_R077_T40QGL_20201005T005747_0001.jpg,S2A_MSIL2A_20190816T062631_R077_T40QGL_20201005T005747,1,2019-08,T40QGL,0.9999137052099648,1,0.7708928902716967
S2B_MSIL2A_20190821T062639_R077_T40QGL_20201005T030927_0000.jpg,S2B_MSIL2A_20190821T062639_R077_T40QGL_20201005T030927,0,2019-08,T40QGL,0.010910297679757687,0,0.7708928902716967
S2B_MSIL2A_20190821T062639_R077_T40QGL_20201005T030927_0001.jpg,S2B_MSIL2A_20190821T062639_R077_T40QGL_20201005T030927,0,2019-08,T40QGL,0.01192689653798993,0,0.7708928902716967
S2A_MSIL2A_20190826T062631_R077_T40QGL_20201005T045841_0000.jpg,S2A_MSIL2A_20190826T062631_R077_T40QGL_20201005T045841,0,2019-08,T40QGL,0.007003331776384678,0,0.7708928902716967
S2A_MSIL2A_20190826T062631_R077_T40QGL_20201005T045841_0001.jpg,S2A_MSIL2A_20190826T062631_R077_T40QGL_20201005T045841,0,2019-08,T40QGL,0.008337325974261034,0,0.7708928902716967
S2B_MSIL2A_20190910T062629_R077_T40QGL_20201004T113425_0000.jpg,S2B_MSIL2A_20190910T062629_R077_T40QGL_20201004T113425,1,2019-09,T40QGL,0.8828465202448975,1,0.7708928902716967
S2B_MSIL2A_20190910T062629_R077_T40QGL_20201004T113425_0001.jpg,S2B_MSIL2A_20190910T062629_R077_T40QGL_20201004T113425,1,2019-09,T40QGL,0.861682661480382,1,0.7708928902716967
S2B_MSIL2A_20190930T062639_R077_T40QGL_20201004T185142_0000.jpg,S2B_MSIL2A_20190930T062639_R077_T40QGL_20201004T185142,0,2019-09,T40QGL,0.010158492146203646,0,0.7708928902716967
S2B_MSIL2A_20190930T062639_R077_T40QGL_20201004T185142_0001.jpg,S2B_MSIL2A_20190930T062639_R077_T40QGL_20201004T185142,0,2019-09,T40QGL,0.010768637999506421,0,0.7708928902716967
S2A_MSIL2A_20191015T062831_R077_T40QGL_20201004T022854_0000.jpg,S2A_MSIL2A_20191015T062831_R077_T40QGL_20201004T022854,0,2019-10,T40QGL,0.004227171355369669,0,0.7708928902716967
S2A_MSIL2A_20191015T062831_R077_T40QGL_20201004T022854_0001.jpg,S2A_MSIL2A_20191015T062831_R077_T40QGL_20201004T022854,0,2019-10,T40QGL,0.003552474232446819,0,0.7708928902716967
S2B_MSIL2A_20191020T062859_R077_T40QGL_20201004T042518_0000.jpg,S2B_MSIL2A_20191020T062859_R077_T40QGL_20201004T042518,0,2019-10,T40QGL,0.5020772666208068,0,0.7708928902716967
S2B_MSIL2A_20191020T062859_R077_T40QGL_20201004T042518_0001.jpg,S2B_MSIL2A_20191020T062859_R077_T40QGL_20201004T042518,0,2019-10,T40QGL,0.41415642570543976,0,0.7708928902716967
S2A_MSIL2A_20191025T062931_R077_T40QGL_20201004T055923_0000.jpg,S2A_MSIL2A_20191025T062931_R077_T40QGL_20201004T055923,0,2019-10,T40QGL,0.005472547172764057,0,0.7708928902716967
S2A_MSIL2A_20191025T062931_R077_T40QGL_20201004T055923_0001.jpg,S2A_MSIL2A_20191025T062931_R077_T40QGL_20201004T055923,0,2019-10,T40QGL,0.0062522326221967715,0,0.7708928902716967
S2B_MSIL2A_20191119T063139_R077_T40QGL_20201003T180524_0000.jpg,S2B_MSIL2A_20191119T063139_R077_T40QGL_20201003T180524,1,2019-11,T40QGL,0.24950606901609385,0,0.7708928902716967
S2B_MSIL2A_20191119T063139_R077_T40QGL_20201003T180524_0001.jpg,S2B_MSIL2A_20191119T063139_R077_T40QGL_20201003T180524,1,2019-11,T40QGL,0.24620713064818273,0,0.7708928902716967
S2B_MSIL2A_20200118T063209_R077_T40QGL_20201002T202134_0000.jpg,S2B_MSIL2A_20200118T063209_R077_T40QGL_20201002T202134,1,2020-01,T40QGL,0.573538412395579,0,0.7708928902716967
S2B_MSIL2A_20200118T063209_R077_T40QGL_20201002T202134_0001.jpg,S2B_MSIL2A_20200118T063209_R077_T40QGL_20201002T202134,1,2020-01,T40QGL,0.6061351102308488,0,0.7708928902716967
S2A_MSIL2A_20200303T062741_R077_T40QGL_20200926T050041_0000.jpg,S2A_MSIL2A_20200303T062741_R077_T40QGL_20200926T050041,0,2020-03,T40QGL,0.6458726436513051,0,0.7708928902716967
S2A_MSIL2A_20200303T062741_R077_T40QGL_20200926T050041_0001.jpg,S2A_MSIL2A_20200303T062741_R077_T40QGL_20200926T050041,0,2020-03,T40QGL,0.6201305684378652,0,0.7708928902716967
S2B_MSIL2A_20200328T062629_R077_T40QGL_20201027T122255_0000.jpg,S2B_MSIL2A_20200328T062629_R077_T40QGL_20201027T122255,0,2020-03,T40QGL,0.06596218786114456,0,0.7708928902716967
S2B_MSIL2A_20200328T062629_R077_T40QGL_20201027T122255_0001.jpg,S2B_MSIL2A_20200328T062629_R077_T40QGL_20201027T122255,0,2020-03,T40QGL,0.06158174315508392,0,0.7708928902716967
S2A_MSIL2A_20200402T062621_R077_T40QGL_20200924T160404_0000.jpg,S2A_MSIL2A_20200402T062621_R077_T40QGL_20200924T160404,1,2020-04,T40QGL,0.4021978691248162,0,0.7708928902716967
S2A_MSIL2A_20200402T062621_R077_T40QGL_20200924T160404_0001.jpg,S2A_MSIL2A_20200402T062621_R077_T40QGL_20200924T160404,1,2020-04,T40QGL,0.40362517334956893,0,0.7708928902716967
S2A_MSIL2A_20200512T062631_R077_T40QGL_20200917T210541_0000.jpg,S2A_MSIL2A_20200512T062631_R077_T40QGL_20200917T210541,0,2020-05,T40QGL,0.024789721828952185,0,0.7708928902716967
S2A_MSIL2A_20200512T062631_R077_T40QGL_20200917T210541_0001.jpg,S2A_MSIL2A_20200512T062631_R077_T40QGL_20200917T210541,0,2020-05,T40QGL,0.02741465565668706,0,0.7708928902716967
S2A_MSIL2A_20200522T062631_R077_T40QGL_20200910T130323_0000.jpg,S2A_MSIL2A_20200522T062631_R077_T40QGL_20200910T130323,0,2020-05,T40QGL,0.42392212596941514,0,0.7708928902716967
S2A_MSIL2A_20200522T062631_R077_T40QGL_20200910T130323_0001.jpg,S2A_MSIL2A_20200522T062631_R077_T40QGL_20200910T130323,0,2020-05,T40QGL,0.29275697513528354,0,0.7708928902716967
S2B_MSIL2A_20200527T062629_R077_T40QGL_20200911T043845_0000.jpg,S2B_MSIL2A_20200527T062629_R077_T40QGL_20200911T043845,1,2020-05,T40QGL,0.46080886740746596,0,0.7708928902716967
S2B_MSIL2A_20200527T062629_R077_T40QGL_20200911T043845_0001.jpg,S2B_MSIL2A_20200527T062629_R077_T40QGL_20200911T043845,1,2020-05,T40QGL,0.44698730317143515,0,0.7708928902716967
S2B_MSIL2A_20200606T062629_R077_T40QGL_20200909T170242_0000.jpg,S2B_MSIL2A_20200606T062629_R077_T40QGL_20200909T170242,0,2020-06,T40QGL,0.4497820171901617,0,0.7708928902716967
S2B_MSIL2A_20200606T062629_R077_T40QGL_20200909T170242_0001.jpg,S2B_MSIL2A_20200606T062629_R077_T40QGL_20200909T170242,0,2020-06,T40QGL,0.49760073923303844,0,0.7708928902716967
S2A_MSIL2A_20200611T062631_R077_T40QGL_20200909T170247_0000.jpg,S2A_MSIL2A_20200611T062631_R077_T40QGL_20200909T170247,0,2020-06,T40QGL,0.3706120686527281,0,0.7708928902716967
S2A_MSIL2A_20200611T062631_R077_T40QGL_20200909T170247_0001.jpg,S2A_MSIL2A_20200611T062631_R077_T40QGL_20200909T170247,0,2020-06,T40QGL,0.3825964004711413,0,0.7708928902716967
S2A_MSIL2A_20200701T062631_R077_T40QGL_20200824T190158_0000.jpg,S2A_MSIL2A_20200701T062631_R077_T40QGL_20200824T190158,0,2020-07,T40QGL,0.03364700952648361,0,0.7708928902716967
S2A_MSIL2A_20200701T062631_R077_T40QGL_20200824T190158_0001.jpg,S2A_MSIL2A_20200701T062631_R077_T40QGL_20200824T190158,0,2020-07,T40QGL,0.06437339738786352,0,0.7708928902716967
S2B_MSIL2A_20200805T062629_R077_T40QGL_20200815T032732_0000.jpg,S2B_MSIL2A_20200805T062629_R077_T40QGL_20200815T032732,0,2020-08,T40QGL,0.4776777389016894,0,0.7708928902716967
S2B_MSIL2A_20200805T062629_R077_T40QGL_20200815T032732_0001.jpg,S2B_MSIL2A_20200805T062629_R077_T40QGL_20200815T032732,0,2020-08,T40QGL,0.46345433700720845,0,0.7708928902716967
S2B_MSIL2A_20200904T062629_R077_T40QGL_20200919T090132_0000.jpg,S2B_MSIL2A_20200904T062629_R077_T40QGL_20200919T090132,0,2020-09,T40QGL,1e-06,0,0.7708928902716967
S2B_MSIL2A_20200904T062629_R077_T40QGL_20200919T090132_0001.jpg,S2B_MSIL2A_20200904T062629_R077_T40QGL_20200919T090132,0,2020-09,T40QGL,1e-06,0,0.7708928902716967
S2A_MSIL2A_20200919T062631_R077_T40QGL_20200922T213558_0000.jpg,S2A_MSIL2A_20200919T062631_R077_T40QGL_20200922T213558,0,2020-09,T40QGL,0.8527006187910979,1,0.7708928902716967
S2A_MSIL2A_20200919T062631_R077_T40QGL_20200922T213558_0001.jpg,S2A_MSIL2A_20200919T062631_R077_T40QGL_20200922T213558,0,2020-09,T40QGL,0.8475706421549166,1,0.7708928902716967
S2A_MSIL2A_20201009T062801_R077_T40QGL_20201011T131957_0000.jpg,S2A_MSIL2A_20201009T062801_R077_T40QGL_20201011T131957,0,2020-10,T40QGL,0.14708310808479166,0,0.7708928902716967
S2A_MSIL2A_20201009T062801_R077_T40QGL_20201011T131957_0001.jpg,S2A_MSIL2A_20201009T062801_R077_T40QGL_20201011T131957,0,2020-10,T40QGL,0.15296965930113307,0,0.7708928902716967
S2B_MSIL2A_20201113T063119_R077_T40QGL_20201115T062038_0000.jpg,S2B_MSIL2A_20201113T063119_R077_T40QGL_20201115T062038,0,2020-11,T40QGL,0.15448196154988986,0,0.7708928902716967
S2B_MSIL2A_20201113T063119_R077_T40QGL_20201115T062038_0001.jpg,S2B_MSIL2A_20201113T063119_R077_T40QGL_20201115T062038,0,2020-11,T40QGL,0.16169527797427793,0,0.7708928902716967
S2B_MSIL2A_20201203T063229_R077_T40QGL_20201204T002719_0000.jpg,S2B_MSIL2A_20201203T063229_R077_T40QGL_20201204T002719,0,2020-12,T40QGL,0.021511319217846568,0,0.7708928902716967
S2B_MSIL2A_20201203T063229_R077_T40QGL_20201204T002719_0001.jpg,S2B_MSIL2A_20201203T063229_R077_T40QGL_20201204T002719,0,2020-12,T40QGL,0.024350697443134554,0,0.7708928902716967
S2A_MSIL2A_20201228T063301_R077_T40QGL_20210113T144450_0000.jpg,S2A_MSIL2A_20201228T063301_R077_T40QGL_20210113T144450,0,2020-12,T40QGL,0.8684105902784067,1,0.7708928902716967
S2A_MSIL2A_20201228T063301_R077_T40QGL_20210113T144450_0001.jpg,S2A_MSIL2A_20201228T063301_R077_T40QGL_20210113T144450,0,2020-12,T40QGL,0.846555569429537,1,0.7708928902716967
S2B_MSIL2A_20210102T063249_R077_T40QGL_20210102T170534_0000.jpg,S2B_MSIL2A_20210102T063249_R077_T40QGL_20210102T170534,0,2021-01,T40QGL,0.0007833490369635237,0,0.7708928902716967
S2B_MSIL2A_20210102T063249_R077_T40QGL_20210102T170534_0001.jpg,S2B_MSIL2A_20210102T063249_R077_T40QGL_20210102T170534,0,2021-01,T40QGL,0.0008024885494518145,0,0.7708928902716967
S2B_MSIL2A_20210112T063229_R077_T40QGL_20210112T195729_0000.jpg,S2B_MSIL2A_20210112T063229_R077_T40QGL_20210112T195729,1,2021-01,T40QGL,0.9806029638003291,1,0.7708928902716967
S2B_MSIL2A_20210112T063229_R077_T40QGL_20210112T195729_0001.jpg,S2B_MSIL2A_20210112T063229_R077_T40QGL_20210112T195729,1,2021-01,T40QGL,0.9831169840248384,1,0.7708928902716967
S2B_MSIL2A_20210201T063059_R077_T40QGL_20210202T030519_0000.jpg,S2B_MSIL2A_20210201T063059_R077_T40QGL_20210202T030519,0,2021-02,T40QGL,0.38037806567128163,0,0.7708928902716967
S2B_MSIL2A_20210201T063059_R077_T40QGL_20210202T030519_0001.jpg,S2B_MSIL2A_20210201T063059_R077_T40QGL_20210202T030519,0,2021-02,T40QGL,0.47207266392462816,0,0.7708928902716967
S2A_MSIL2A_20210216T062931_R077_T40QGL_20210419T220332_0000.jpg,S2A_MSIL2A_20210216T062931_R077_T40QGL_20210419T220332,0,2021-02,T40QGL,0.7378631245645298,0,0.7708928902716967
S2A_MSIL2A_20210216T062931_R077_T40QGL_20210419T220332_0001.jpg,S2A_MSIL2A_20210216T062931_R077_T40QGL_20210419T220332,0,2021-02,T40QGL,0.7477934805935307,0,0.7708928902716967
S2B_MSIL2A_20210221T062859_R077_T40QGL_20210221T175910_0000.jpg,S2B_MSIL2A_20210221T062859_R077_T40QGL_20210221T175910,0,2021-02,T40QGL,0.1997182437744266,0,0.7708928902716967
S2B_MSIL2A_20210221T062859_R077_T40QGL_20210221T175910_0001.jpg,S2B_MSIL2A_20210221T062859_R077_T40QGL_20210221T175910,0,2021-02,T40QGL,0.16712615649873325,0,0.7708928902716967
S2B_MSIL2A_20210303T062749_R077_T40QGL_20210303T194138_0000.jpg,S2B_MSIL2A_20210303T062749_R077_T40QGL_20210303T194138,1,2021-03,T40QGL,0.5767651084416677,0,0.7708928902716967
S2B_MSIL2A_20210303T062749_R077_T40QGL_20210303T194138_0001.jpg,S2B_MSIL2A_20210303T062749_R077_T40QGL_20210303T194138,1,2021-03,T40QGL,0.6415976916232844,0,0.7708928902716967
S2A_MSIL2A_20210318T062631_R077_T40QGL_20210318T222033_0000.jpg,S2A_MSIL2A_20210318T062631_R077_T40QGL_20210318T222033,0,2021-03,T40QGL,0.12204351852563843,0,0.7708928902716967
S2A_MSIL2A_20210318T062631_R077_T40QGL_20210318T222033_0001.jpg,S2A_MSIL2A_20210318T062631_R077_T40QGL_20210318T222033,0,2021-03,T40QGL,0.11230758687112265,0,0.7708928902716967
S2B_MSIL2A_20210402T062629_R077_T40QGL_20210402T233313_0000.jpg,S2B_MSIL2A_20210402T062629_R077_T40QGL_20210402T233313,1,2021-04,T40QGL,0.7115173010193113,0,0.7708928902716967
S2B_MSIL2A_20210402T062629_R077_T40QGL_20210402T233313_0001.jpg,S2B_MSIL2A_20210402T062629_R077_T40QGL_20210402T233313,1,2021-04,T40QGL,0.6502695950660256,0,0.7708928902716967
S2B_MSIL2A_20210422T062619_R077_T40QGL_20210422T195008_0000.jpg,S2B_MSIL2A_20210422T062619_R077_T40QGL_20210422T195008,0,2021-04,T40QGL,0.0741995166677484,0,0.7708928902716967
S2B_MSIL2A_20210422T062619_R077_T40QGL_20210422T195008_0001.jpg,S2B_MSIL2A_20210422T062619_R077_T40QGL_20210422T195008,0,2021-04,T40QGL,0.06801471653223443,0,0.7708928902716967
S2A_MSIL2A_20210517T062631_R077_T40QGL_20210518T194257_0000.jpg,S2A_MSIL2A_20210517T062631_R077_T40QGL_20210518T194257,0,2021-05,T40QGL,0.07098871138755039,0,0.7708928902716967
S2A_MSIL2A_20210517T062631_R077_T40QGL_20210518T194257_0001.jpg,S2A_MSIL2A_20210517T062631_R077_T40QGL_20210518T194257,0,2021-05,T40QGL,0.05384010204550284,0,0.7708928902716967
S2A_MSIL2A_20210527T062631_R077_T40QGL_20210527T194319_0000.jpg,S2A_MSIL2A_20210527T062631_R077_T40QGL_20210527T194319,1,2021-05,T40QGL,0.7223395292901581,0,0.7708928902716967
S2A_MSIL2A_20210527T062631_R077_T40QGL_20210527T194319_0001.jpg,S2A_MSIL2A_20210527T062631_R077_T40QGL_20210527T194319,1,2021-05,T40QGL,0.6467134018355774,0,0.7708928902716967
S2B_MSIL2A_20210601T062629_R077_T40QGL_20210601T190640_0000.jpg,S2B_MSIL2A_20210601T062629_R077_T40QGL_20210601T190640,0,2021-06,T40QGL,0.02284463120408832,0,0.7708928902716967
S2B_MSIL2A_20210601T062629_R077_T40QGL_20210601T190640_0001.jpg,S2B_MSIL2A_20210601T062629_R077_T40QGL_20210601T190640,0,2021-06,T40QGL,0.02788996218982855,0,0.7708928902716967
S2B_MSIL2A_20210621T062629_R077_T40QGL_20210624T121902_0000.jpg,S2B_MSIL2A_20210621T062629_R077_T40QGL_20210624T121902,0,2021-06,T40QGL,0.48230861480899473,0,0.7708928902716967
S2B_MSIL2A_20210621T062629_R077_T40QGL_20210624T121902_0001.jpg,S2B_MSIL2A_20210621T062629_R077_T40QGL_20210624T121902,0,2021-06,T40QGL,0.44031952417886455,0,0.7708928902716967
S2A_MSIL2A_20210626T062631_R077_T40QGL_20210626T143353_0000.jpg,S2A_MSIL2A_20210626T062631_R077_T40QGL_20210626T143353,1,2021-06,T40QGL,0.8103218665051215,1,0.7708928902716967
S2A_MSIL2A_20210626T062631_R077_T40QGL_20210626T143353_0001.jpg,S2A_MSIL2A_20210626T062631_R077_T40QGL_20210626T143353,1,2021-06,T40QGL,0.7386126186883246,0,0.7708928902716967
S2A_MSIL2A_20210706T062631_R077_T40QGL_20210706T183652_0000.jpg,S2A_MSIL2A_20210706T062631_R077_T40QGL_20210706T183652,0,2021-07,T40QGL,0.48549967249562037,0,0.7708928902716967
S2A_MSIL2A_20210706T062631_R077_T40QGL_20210706T183652_0001.jpg,S2A_MSIL2A_20210706T062631_R077_T40QGL_20210706T183652,0,2021-07,T40QGL,0.37995740402799144,0,0.7708928902716967
S2B_MSIL2A_20210820T062629_R077_T40QGL_20210820T125555_0000.jpg,S2B_MSIL2A_20210820T062629_R077_T40QGL_20210820T125555,0,2021-08,T40QGL,0.7299184234534863,0,0.7708928902716967
S2B_MSIL2A_20210820T062629_R077_T40QGL_20210820T125555_0001.jpg,S2B_MSIL2A_20210820T062629_R077_T40QGL_20210820T125555,0,2021-08,T40QGL,0.763695209459045,0,0.7708928902716967
S2A_MSIL2A_20210825T062631_R077_T40QGL_20210825T175916_0000.jpg,S2A_MSIL2A_20210825T062631_R077_T40QGL_20210825T175916,0,2021-08,T40QGL,0.10267343441223109,0,0.7708928902716967
S2A_MSIL2A_20210825T062631_R077_T40QGL_20210825T175916_0001.jpg,S2A_MSIL2A_20210825T062631_R077_T40QGL_20210825T175916,0,2021-08,T40QGL,0.12975982242357095,0,0.7708928902716967
S2A_MSIL2A_20210904T062631_R077_T40QGL_20210904T162838_0000.jpg,S2A_MSIL2A_20210904T062631_R077_T40QGL_20210904T162838,1,2021-09,T40QGL,0.5452307467951745,0,0.7708928902716967
S2A_MSIL2A_20210904T062631_R077_T40QGL_20210904T162838_0001.jpg,S2A_MSIL2A_20210904T062631_R077_T40QGL_20210904T162838,1,2021-09,T40QGL,0.5126842016074624,0,0.7708928902716967
S2A_MSIL2A_20210924T062631_R077_T40QGL_20210925T024150_0000.jpg,S2A_MSIL2A_20210924T062631_R077_T40QGL_20210925T024150,1,2021-09,T40QGL,0.2126855144236548,0,0.7708928902716967
S2A_MSIL2A_20210924T062631_R077_T40QGL_20210925T024150_0001.jpg,S2A_MSIL2A_20210924T062631_R077_T40QGL_20210925T024150,1,2021-09,T40QGL,0.26092058608520646,0,0.7708928902716967
S2B_MSIL2A_20211009T062749_R077_T40QGL_20211009T174740_0000.jpg,S2B_MSIL2A_20211009T062749_R077_T40QGL_20211009T174740,0,2021-10,T40QGL,0.3350496069697676,0,0.7708928902716967
S2B_MSIL2A_20211009T062749_R077_T40QGL_20211009T174740_0001.jpg,S2B_MSIL2A_20211009T062749_R077_T40QGL_20211009T174740,0,2021-10,T40QGL,0.3696629728354815,0,0.7708928902716967
S2B_MSIL2A_20211019T062859_R077_T40QGL_20211020T001424_0000.jpg,S2B_MSIL2A_20211019T062859_R077_T40QGL_20211020T001424,0,2021-10,T40QGL,0.010195049218186975,0,0.7708928902716967
S2B_MSIL2A_20211019T062859_R077_T40QGL_20211020T001424_0001.jpg,S2B_MSIL2A_20211019T062859_R077_T40QGL_20211020T001424,0,2021-10,T40QGL,0.010665252570129898,0,0.7708928902716967
S2B_MSIL2A_20211029T062959_R077_T40QGL_20211029T195714_0000.jpg,S2B_MSIL2A_20211029T062959_R077_T40QGL_20211029T195714,0,2021-10,T40QGL,0.0003154645561937304,0,0.7708928902716967
S2B_MSIL2A_20211029T062959_R077_T40QGL_20211029T195714_0001.jpg,S2B_MSIL2A_20211029T062959_R077_T40QGL_20211029T195714,0,2021-10,T40QGL,0.00027408356026408024,0,0.7708928902716967
S2B_MSIL2A_20211108T063049_R077_T40QGL_20211109T065345_0000.jpg,S2B_MSIL2A_20211108T063049_R077_T40QGL_20211109T065345,0,2021-11,T40QGL,0.30489259751927195,0,0.7708928902716967
S2B_MSIL2A_20211108T063049_R077_T40QGL_20211109T065345_0001.jpg,S2B_MSIL2A_20211108T063049_R077_T40QGL_20211109T065345,0,2021-11,T40QGL,0.3188045881794166,0,0.7708928902716967
S2B_MSIL2A_20211118T063139_R077_T40QGL_20211118T164048_0000.jpg,S2B_MSIL2A_20211118T063139_R077_T40QGL_20211118T164048,0,2021-11,T40QGL,0.10824924593910365,0,0.7708928902716967
S2B_MSIL2A_20211118T063139_R077_T40QGL_20211118T164048_0001.jpg,S2B_MSIL2A_20211118T063139_R077_T40QGL_20211118T164048,0,2021-11,T40QGL,0.13088880460795385,0,0.7708928902716967
S2A_MSIL2A_20211203T063231_R077_T40QGL_20230126T013843_0000.jpg,S2A_MSIL2A_20211203T063231_R077_T40QGL_20230126T013843,0,2021-12,T40QGL,0.08518336655356785,0,0.7708928902716967
S2A_MSIL2A_20211203T063231_R077_T40QGL_20230126T013843_0001.jpg,S2A_MSIL2A_20211203T063231_R077_T40QGL_20230126T013843,0,2021-12,T40QGL,0.1042233877043833,0,0.7708928902716967
S2A_MSIL2A_20211213T063251_R077_T40QGL_20211213T193032_0000.jpg,S2A_MSIL2A_20211213T063251_R077_T40QGL_20211213T193032,1,2021-12,T40QGL,0.9884451036738671,1,0.7708928902716967
S2A_MSIL2A_20211213T063251_R077_T40QGL_20211213T193032_0001.jpg,S2A_MSIL2A_20211213T063251_R077_T40QGL_20211213T193032,1,2021-12,T40QGL,0.9906964030551785,1,0.7708928902716967
S2A_MSIL2A_20220112T063231_R077_T40QGL_20220113T005232_0000.jpg,S2A_MSIL2A_20220112T063231_R077_T40QGL_20220113T005232,0,2022-01,T40QGL,0.03844735801077937,0,0.7708928902716967
S2A_MSIL2A_20220112T063231_R077_T40QGL_20220113T005232_0001.jpg,S2A_MSIL2A_20220112T063231_R077_T40QGL_20220113T005232,0,2022-01,T40QGL,0.061676616176025184,0,0.7708928902716967
S2B_MSIL2A_20220117T063209_R077_T40QGL_20220117T220547_0000.jpg,S2B_MSIL2A_20220117T063209_R077_T40QGL_20220117T220547,1,2022-01,T40QGL,0.8152220850269027,1,0.7708928902716967
S2B_MSIL2A_20220117T063209_R077_T40QGL_20220117T220547_0001.jpg,S2B_MSIL2A_20220117T063209_R077_T40QGL_20220117T220547,1,2022-01,T40QGL,0.8332480439738097,1,0.7708928902716967
S2B_MSIL2A_20220127T063129_R077_T40QGL_20220212T101939_0000.jpg,S2B_MSIL2A_20220127T063129_R077_T40QGL_20220212T101939,0,2022-01,T40QGL,0.01868697619915963,0,0.7708928902716967
S2B_MSIL2A_20220127T063129_R077_T40QGL_20220212T101939_0001.jpg,S2B_MSIL2A_20220127T063129_R077_T40QGL_20220212T101939,0,2022-01,T40QGL,0.011951209162693911,0,0.7708928902716967
S2B_MSIL2A_20220206T063029_R077_T40QGL_20220219T104932_0000.jpg,S2B_MSIL2A_20220206T063029_R077_T40QGL_20220219T104932,1,2022-02,T40QGL,0.7942471731990404,1,0.7708928902716967
S2B_MSIL2A_20220206T063029_R077_T40QGL_20220219T104932_0001.jpg,S2B_MSIL2A_20220206T063029_R077_T40QGL_20220219T104932,1,2022-02,T40QGL,0.7564364959541036,0,0.7708928902716967
S2B_MSIL2A_20220216T062929_R077_T40QGL_20220224T005721_0000.jpg,S2B_MSIL2A_20220216T062929_R077_T40QGL_20220224T005721,1,2022-02,T40QGL,0.7792856481742023,1,0.7708928902716967
S2B_MSIL2A_20220216T062929_R077_T40QGL_20220224T005721_0001.jpg,S2B_MSIL2A_20220216T062929_R077_T40QGL_20220224T005721,1,2022-02,T40QGL,0.8236292444079621,1,0.7708928902716967
S2B_MSIL2A_20220226T062819_R077_T40QGL_20240530T061418_0000.jpg,S2B_MSIL2A_20220226T062819_R077_T40QGL_20240530T061418,0,2022-02,T40QGL,0.08718953501476254,0,0.7708928902716967
S2B_MSIL2A_20220226T062819_R077_T40QGL_20240530T061418_0001.jpg,S2B_MSIL2A_20220226T062819_R077_T40QGL_20240530T061418,0,2022-02,T40QGL,0.07381150457444535,0,0.7708928902716967
S2B_MSIL2A_20220328T062629_R077_T40QGL_20220328T200104_0000.jpg,S2B_MSIL2A_20220328T062629_R077_T40QGL_20220328T200104,0,2022-03,T40QGL,0.10784980714072925,0,0.7708928902716967
S2B_MSIL2A_20220328T062629_R077_T40QGL_20220328T200104_0001.jpg,S2B_MSIL2A_20220328T062629_R077_T40QGL_20220328T200104,0,2022-03,T40QGL,0.09245004414231625,0,0.7708928902716967
S2B_MSIL2A_20220407T062629_R077_T40QGL_20240524T024647_0000.jpg,S2B_MSIL2A_20220407T062629_R077_T40QGL_20240524T024647,0,2022-04,T40QGL,1e-06,0,0.7708928902716967
S2B_MSIL2A_20220407T062629_R077_T40QGL_20240524T024647_0001.jpg,S2B_MSIL2A_20220407T062629_R077_T40QGL_20240524T024647,0,2022-04,T40QGL,1e-06,0,0.7708928902716967
S2B_MSIL2A_20220427T062619_R077_T40QGL_20240608T214451_0000.jpg,S2B_MSIL2A_20220427T062619_R077_T40QGL_20240608T214451,1,2022-04,T40QGL,0.2885431166839489,0,0.7708928902716967
S2B_MSIL2A_20220427T062619_R077_T40QGL_20240608T214451_0001.jpg,S2B_MSIL2A_20220427T062619_R077_T40QGL_20240608T214451,1,2022-04,T40QGL,0.3189632441907571,0,0.7708928902716967
S2A_MSIL2A_20220502T062631_R077_T40QGL_20240524T172347_0000.jpg,S2A_MSIL2A_20220502T062631_R077_T40QGL_20240524T172347,0,2022-05,T40QGL,0.20322840193719582,0,0.7708928902716967
S2A_MSIL2A_20220502T062631_R077_T40QGL_20240524T172347_0001.jpg,S2A_MSIL2A_20220502T062631_R077_T40QGL_20240524T172347,0,2022-05,T40QGL,0.20503462416793888,0,0.7708928902716967
S2A_MSIL2A_20220512T062631_R077_T40QGL_20220514T054750_0000.jpg,S2A_MSIL2A_20220512T062631_R077_T40QGL_20220514T054750,0,2022-05,T40QGL,0.05159656150821875,0,0.7708928902716967
S2A_MSIL2A_20220512T062631_R077_T40QGL_20220514T054750_0001.jpg,S2A_MSIL2A_20220512T062631_R077_T40QGL_20220514T054750,0,2022-05,T40QGL,0.04281084013970058,0,0.7708928902716967
S2B_MSIL2A_20220527T062629_R077_T40QGL_20240613T145757_0000.jpg,S2B_MSIL2A_20220527T062629_R077_T40QGL_20240613T145757,0,2022-05,T40QGL,0.29721176389856124,0,0.7708928902716967
S2B_MSIL2A_20220527T062629_R077_T40QGL_20240613T145757_0001.jpg,S2B_MSIL2A_20220527T062629_R077_T40QGL_20240613T145757,0,2022-05,T40QGL,0.2990237609610239,0,0.7708928902716967
S2B_MSIL2A_20220606T062629_R077_T40QGL_20240718T023037_0000.jpg,S2B_MSIL2A_20220606T062629_R077_T40QGL_20240718T023037,0,2022-06,T40QGL,0.03423541371671774,0,0.7708928902716967
S2B_MSIL2A_20220606T062629_R077_T40QGL_20240718T023037_0001.jpg,S2B_MSIL2A_20220606T062629_R077_T40QGL_20240718T023037,0,2022-06,T40QGL,0.031560847510835016,0,0.7708928902716967
S2A_MSIL2A_20220611T062641_R077_T40QGL_20220612T043050_0000.jpg,S2A_MSIL2A_20220611T062641_R077_T40QGL_20220612T043050,0,2022-06,T40QGL,0.784338721185389,1,0.7708928902716967
S2A_MSIL2A_20220611T062641_R077_T40QGL_20220612T043050_0001.jpg,S2A_MSIL2A_20220611T062641_R077_T40QGL_20220612T043050,0,2022-06,T40QGL,0.8280706981411977,1,0.7708928902716967
S2A_MSIL2A_20220621T062641_R077_T40QGL_20220622T012510_0000.jpg,S2A_MSIL2A_20220621T062641_R077_T40QGL_20220622T012510,0,2022-06,T40QGL,0.07585342027657013,0,0.7708928902716967
S2A_MSIL2A_20220621T062641_R077_T40QGL_20220622T012510_0001.jpg,S2A_MSIL2A_20220621T062641_R077_T40QGL_20220622T012510,0,2022-06,T40QGL,0.0787900903815224,0,0.7708928902716967
S2A_MSIL2A_20220711T062641_R077_T40QGL_20220713T004053_0000.jpg,S2A_MSIL2A_20220711T062641_R077_T40QGL_20220713T004053,0,2022-07,T40QGL,1e-06,0,0.7708928902716967
S2A_MSIL2A_20220711T062641_R077_T40QGL_20220713T004053_0001.jpg,S2A_MSIL2A_20220711T062641_R077_T40QGL_20220713T004053,0,2022-07,T40QGL,1e-06,0,0.7708928902716967
S2A_MSIL2A_20220721T062641_R077_T40QGL_20220723T060616_0000.jpg,S2A_MSIL2A_20220721T062641_R077_T40QGL_20220723T060616,1,2022-07,T40QGL,0.955435186718504,1,0.7708928902716967
S2A_MSIL2A_20220721T062641_R077_T40QGL_20220723T060616_0001.jpg,S2A_MSIL2A_20220721T062641_R077_T40QGL_20220723T060616,1,2022-07,T40QGL,0.9495753579738622,1,0.7708928902716967
S2A_MSIL2A_20220820T062641_R077_T40QGL_20220820T144542_0000.jpg,S2A_MSIL2A_20220820T062641_R077_T40QGL_20220820T144542,1,2022-08,T40QGL,0.2715955766832125,0,0.7708928902716967
S2A_MSIL2A_20220820T062641_R077_T40QGL_20220820T144542_0001.jpg,S2A_MSIL2A_20220820T062641_R077_T40QGL_20220820T144542,1,2022-08,T40QGL,0.36522217006353097,0,0.7708928902716967
S2A_MSIL2A_20220909T062641_R077_T40QGL_20220909T171558_0000.jpg,S2A_MSIL2A_20220909T062641_R077_T40QGL_20220909T171558,0,2022-09,T40QGL,0.08750091682911691,0,0.7708928902716967
S2A_MSIL2A_20220909T062641_R077_T40QGL_20220909T171558_0001.jpg,S2A_MSIL2A_20220909T062641_R077_T40QGL_20220909T171558,0,2022-09,T40QGL,0.08381569284960391,0,0.7708928902716967
S2A_MSIL2A_20220929T062651_R077_T40QGL_20220929T190714_0000.jpg,S2A_MSIL2A_20220929T062651_R077_T40QGL_20220929T190714,0,2022-09,T40QGL,0.4232098482452405,0,0.7708928902716967
S2A_MSIL2A_20220929T062651_R077_T40QGL_20220929T190714_0001.jpg,S2A_MSIL2A_20220929T062651_R077_T40QGL_20220929T190714,0,2022-09,T40QGL,0.3909349202117397,0,0.7708928902716967
S2B_MSIL2A_20221004T062709_R077_T40QGL_20221004T215420_0000.jpg,S2B_MSIL2A_20221004T062709_R077_T40QGL_20221004T215420,0,2022-10,T40QGL,0.9876586635178249,1,0.7708928902716967
S2B_MSIL2A_20221004T062709_R077_T40QGL_20221004T215420_0001.jpg,S2B_MSIL2A_20221004T062709_R077_T40QGL_20221004T215420,0,2022-10,T40QGL,0.9904721061716933,1,0.7708928902716967
S2A_MSIL2A_20221009T062751_R077_T40QGL_20240717T113900_0000.jpg,S2A_MSIL2A_20221009T062751_R077_T40QGL_20240717T113900,0,2022-10,T40QGL,0.26941081309301873,0,0.7708928902716967
S2A_MSIL2A_20221009T062751_R077_T40QGL_20240717T113900_0001.jpg,S2A_MSIL2A_20221009T062751_R077_T40QGL_20240717T113900,0,2022-10,T40QGL,0.26458726829585905,0,0.7708928902716967
S2B_MSIL2A_20221024T062929_R077_T40QGL_20240724T101405_0000.jpg,S2B_MSIL2A_20221024T062929_R077_T40QGL_20240724T101405,0,2022-10,T40QGL,0.0003374640110552755,0,0.7708928902716967
S2B_MSIL2A_20221024T062929_R077_T40QGL_20240724T101405_0001.jpg,S2B_MSIL2A_20221024T062929_R077_T40QGL_20240724T101405,0,2022-10,T40QGL,0.0003111527974207953,0,0.7708928902716967
S2A_MSIL2A_20221029T063001_R077_T40QGL_20240716T225017_0000.jpg,S2A_MSIL2A_20221029T063001_R077_T40QGL_20240716T225017,0,2022-10,T40QGL,0.003860649939429204,0,0.7708928902716967
S2A_MSIL2A_20221029T063001_R077_T40QGL_20240716T225017_0001.jpg,S2A_MSIL2A_20221029T063001_R077_T40QGL_20240716T225017,0,2022-10,T40QGL,0.0034438973572306123,0,0.7708928902716967
S2A_MSIL2A_20221118T063141_R077_T40QGL_20240804T234922_0000.jpg,S2A_MSIL2A_20221118T063141_R077_T40QGL_20240804T234922,0,2022-11,T40QGL,0.3194907901442813,0,0.7708928902716967
S2A_MSIL2A_20221118T063141_R077_T40QGL_20240804T234922_0001.jpg,S2A_MSIL2A_20221118T063141_R077_T40QGL_20240804T234922,0,2022-11,T40QGL,0.3067885332572559,0,0.7708928902716967
S2A_MSIL2A_20221218T063301_R077_T40QGL_20221218T225913_0000.jpg,S2A_MSIL2A_20221218T063301_R077_T40QGL_20221218T225913,0,2022-12,T40QGL,0.23957043255976815,0,0.7708928902716967
S2A_MSIL2A_20221218T063301_R077_T40QGL_20221218T225913_0001.jpg,S2A_MSIL2A_20221218T063301_R077_T40QGL_20221218T225913,0,2022-12,T40QGL,0.2857523214994306,0,0.7708928902716967
S2A_MSIL2A_20230318T062631_R077_T40QGL_20240823T221610_0000.jpg,S2A_MSIL2A_20230318T062631_R077_T40QGL_20240823T221610,0,2023-03,T40QGL,0.42098016630101814,0,0.7708928902716967
S2A_MSIL2A_20230318T062631_R077_T40QGL_20240823T221610_0001.jpg,S2A_MSIL2A_20230318T062631_R077_T40QGL_20240823T221610,0,2023-03,T40QGL,0.39265343652710144,0,0.7708928902716967
S2A_MSIL2A_20230427T062631_R077_T40QGL_20230427T122322_0000.jpg,S2A_MSIL2A_20230427T062631_R077_T40QGL_20230427T122322,0,2023-04,T40QGL,0.6034548149977664,0,0.7708928902716967
S2A_MSIL2A_20230427T062631_R077_T40QGL_20230427T122322_0001.jpg,S2A_MSIL2A_20230427T062631_R077_T40QGL_20230427T122322,0,2023-04,T40QGL,0.549613625723437,0,0.7708928902716967
S2B_MSIL2A_20230502T062629_R077_T40QGL_20240812T054336_0000.jpg,S2B_MSIL2A_20230502T062629_R077_T40QGL_20240812T054336,0,2023-05,T40QGL,0.7078001749176712,0,0.7708928902716967
S2B_MSIL2A_20230502T062629_R077_T40QGL_20240812T054336_0001.jpg,S2B_MSIL2A_20230502T062629_R077_T40QGL_20240812T054336,0,2023-05,T40QGL,0.7033025192171717,0,0.7708928902716967
S2A_MSIL2A_20230517T062631_R077_T40QGL_20230517T122121_0000.jpg,S2A_MSIL2A_20230517T062631_R077_T40QGL_20230517T122121,0,2023-05,T40QGL,0.07141712251669974,0,0.7708928902716967
S2A_MSIL2A_20230517T062631_R077_T40QGL_20230517T122121_0001.jpg,S2A_MSIL2A_20230517T062631_R077_T40QGL_20230517T122121,0,2023-05,T40QGL,0.05993104116619489,0,0.7708928902716967
S2B_MSIL2A_20230601T062629_R077_T40QGL_20241002T090907_0000.jpg,S2B_MSIL2A_20230601T062629_R077_T40QGL_20241002T090907,0,2023-06,T40QGL,0.011644952743906922,0,0.7708928902716967
S2B_MSIL2A_20230601T062629_R077_T40QGL_20241002T090907_0001.jpg,S2B_MSIL2A_20230601T062629_R077_T40QGL_20241002T090907,0,2023-06,T40QGL,0.013597759031033633,0,0.7708928902716967
S2B_MSIL2A_20230701T062629_R077_T40QGL_20240817T022544_0000.jpg,S2B_MSIL2A_20230701T062629_R077_T40QGL_20240817T022544,0,2023-07,T40QGL,0.40967501309554394,0,0.7708928902716967
S2B_MSIL2A_20230701T062629_R077_T40QGL_20240817T022544_0001.jpg,S2B_MSIL2A_20230701T062629_R077_T40QGL_20240817T022544,0,2023-07,T40QGL,0.44389814179959686,0,0.7708928902716967
S2A_MSIL2A_20230805T062631_R077_T40QGL_20241026T103934_0000.jpg,S2A_MSIL2A_20230805T062631_R077_T40QGL_20241026T103934,0,2023-08,T40QGL,0.09487117507880127,0,0.7708928902716967
S2A_MSIL2A_20230805T062631_R077_T40QGL_20241026T103934_0001.jpg,S2A_MSIL2A_20230805T062631_R077_T40QGL_20241026T103934,0,2023-08,T40QGL,0.11426136182488279,0,0.7708928902716967
S2B_MSIL2A_20230810T062629_R077_T40QGL_20240912T065804_0000.jpg,S2B_MSIL2A_20230810T062629_R077_T40QGL_20240912T065804,0,2023-08,T40QGL,0.07903933144199696,0,0.7708928902716967
S2B_MSIL2A_20230810T062629_R077_T40QGL_20240912T065804_0001.jpg,S2B_MSIL2A_20230810T062629_R077_T40QGL_20240912T065804,0,2023-08,T40QGL,0.08548166734532874,0,0.7708928902716967
S2B_MSIL2A_20230820T062629_R077_T40QGL_20241022T060250_0000.jpg,S2B_MSIL2A_20230820T062629_R077_T40QGL_20241022T060250,0,2023-08,T40QGL,0.8565481168739508,1,0.7708928902716967
S2B_MSIL2A_20230820T062629_R077_T40QGL_20241022T060250_0001.jpg,S2B_MSIL2A_20230820T062629_R077_T40QGL_20241022T060250,0,2023-08,T40QGL,0.8696180365055632,1,0.7708928902716967
S2B_MSIL2A_20230830T062629_R077_T40QGL_20230830T122156_0000.jpg,S2B_MSIL2A_20230830T062629_R077_T40QGL_20230830T122156,0,2023-08,T40QGL,0.20814560895894346,0,0.7708928902716967
S2B_MSIL2A_20230830T062629_R077_T40QGL_20230830T122156_0001.jpg,S2B_MSIL2A_20230830T062629_R077_T40QGL_20230830T122156,0,2023-08,T40QGL,0.20648037846120956,0,0.7708928902716967
S2A_MSIL2A_20230904T062631_R077_T40QGL_20230904T124230_0000.jpg,S2A_MSIL2A_20230904T062631_R077_T40QGL_20230904T124230,1,2023-09,T40QGL,0.844380680714193,1,0.7708928902716967
S2A_MSIL2A_20230904T062631_R077_T40QGL_20230904T124230_0001.jpg,S2A_MSIL2A_20230904T062631_R077_T40QGL_20230904T124230,1,2023-09,T40QGL,0.8371901486002045,1,0.7708928902716967
S2B_MSIL2A_20230929T062639_R077_T40QGL_20230929T121633_0000.jpg,S2B_MSIL2A_20230929T062639_R077_T40QGL_20230929T121633,0,2023-09,T40QGL,0.013944408320180056,0,0.7708928902716967
S2B_MSIL2A_20230929T062639_R077_T40QGL_20230929T121633_0001.jpg,S2B_MSIL2A_20230929T062639_R077_T40QGL_20230929T121633,0,2023-09,T40QGL,0.014248056190212244,0,0.7708928902716967
S2B_MSIL2A_20231009T062749_R077_T40QGL_20231009T110724_0000.jpg,S2B_MSIL2A_20231009T062749_R077_T40QGL_20231009T110724,0,2023-10,T40QGL,0.2506282688090351,0,0.7708928902716967
S2B_MSIL2A_20231009T062749_R077_T40QGL_20231009T110724_0001.jpg,S2B_MSIL2A_20231009T062749_R077_T40QGL_20231009T110724,0,2023-10,T40QGL,0.20204076534342513,0,0.7708928902716967
S2A_MSIL2A_20231103T063021_R077_T40QGL_20240830T224845_0000.jpg,S2A_MSIL2A_20231103T063021_R077_T40QGL_20240830T224845,0,2023-11,T40QGL,0.030830403224364304,0,0.7708928902716967
S2A_MSIL2A_20231103T063021_R077_T40QGL_20240830T224845_0001.jpg,S2A_MSIL2A_20231103T063021_R077_T40QGL_20240830T224845,0,2023-11,T40QGL,0.031134260602881908,0,0.7708928902716967
S2B_MSIL2A_20231128T063219_R077_T40QGL_20231128T101100_0000.jpg,S2B_MSIL2A_20231128T063219_R077_T40QGL_20231128T101100,0,2023-11,T40QGL,0.9345620867969588,1,0.7708928902716967
S2B_MSIL2A_20231128T063219_R077_T40QGL_20231128T101100_0001.jpg,S2B_MSIL2A_20231128T063219_R077_T40QGL_20231128T101100,0,2023-11,T40QGL,0.9067768182484338,1,0.7708928902716967
S2A_MSIL2A_20231203T063231_R077_T40QGL_20231203T112021_0000.jpg,S2A_MSIL2A_20231203T063231_R077_T40QGL_20231203T112021,0,2023-12,T40QGL,0.29228539483886556,0,0.7708928902716967
S2A_MSIL2A_20231203T063231_R077_T40QGL_20231203T112021_0001.jpg,S2A_MSIL2A_20231203T063231_R077_T40QGL_20231203T112021,0,2023-12,T40QGL,0.2714977777189445,0,0.7708928902716967
S2A_MSIL2A_20231223T063301_R077_T40QGL_20231223T102255_0000.jpg,S2A_MSIL2A_20231223T063301_R077_T40QGL_20231223T102255,0,2023-12,T40QGL,0.16565767093026712,0,0.7708928902716967
S2A_MSIL2A_20231223T063301_R077_T40QGL_20231223T102255_0001.jpg,S2A_MSIL2A_20231223T063301_R077_T40QGL_20231223T102255,0,2023-12,T40QGL,0.1258043301843211,0,0.7708928902716967
S2B_MSIL2A_20231228T063259_R077_T40QGL_20231228T093910_0000.jpg,S2B_MSIL2A_20231228T063259_R077_T40QGL_20231228T093910,1,2023-12,T40QGL,0.7708928902716967,1,0.7708928902716967
S2B_MSIL2A_20231228T063259_R077_T40QGL_20231228T093910_0001.jpg,S2B_MSIL2A_20231228T063259_R077_T40QGL_20231228T093910,1,2023-12,T40QGL,0.8009613111555189,1,0.7708928902716967
S2A_MSIL2A_20240112T063231_R077_T40QGL_20240112T101206_0000.jpg,S2A_MSIL2A_20240112T063231_R077_T40QGL_20240112T101206,1,2024-01,T40QGL,0.6745840498363629,0,0.7708928902716967
S2A_MSIL2A_20240112T063231_R077_T40QGL_20240112T101206_0001.jpg,S2A_MSIL2A_20240112T063231_R077_T40QGL_20240112T101206,1,2024-01,T40QGL,0.6989275168745416,0,0.7708928902716967
S2A_MSIL2A_20240211T063011_R077_T40QGL_20240211T102241_0000.jpg,S2A_MSIL2A_20240211T063011_R077_T40QGL_20240211T102241,0,2024-02,T40QGL,0.05338797436589928,0,0.7708928902716967
S2A_MSIL2A_20240211T063011_R077_T40QGL_20240211T102241_0001.jpg,S2A_MSIL2A_20240211T063011_R077_T40QGL_20240211T102241,0,2024-02,T40QGL,0.04497983617501729,0,0.7708928902716967
S2A_MSIL2A_20240312T062651_R077_T40QGL_20240313T154339_0000.jpg,S2A_MSIL2A_20240312T062651_R077_T40QGL_20240313T154339,0,2024-03,T40QGL,0.029721854230144125,0,0.7708928902716967
S2A_MSIL2A_20240312T062651_R077_T40QGL_20240313T154339_0001.jpg,S2A_MSIL2A_20240312T062651_R077_T40QGL_20240313T154339,0,2024-03,T40QGL,0.03705443308660713,0,0.7708928902716967
S2B_MSIL2A_20240317T062629_R077_T40QGL_20240317T102443_0000.jpg,S2B_MSIL2A_20240317T062629_R077_T40QGL_20240317T102443,0,2024-03,T40QGL,0.5896322097430446,0,0.7708928902716967
S2B_MSIL2A_20240317T062629_R077_T40QGL_20240317T102443_0001.jpg,S2B_MSIL2A_20240317T062629_R077_T40QGL_20240317T102443,0,2024-03,T40QGL,0.5362172721541845,0,0.7708928902716967
S2B_MSIL2A_20240406T062629_R077_T40QGL_20240406T100803_0000.jpg,S2B_MSIL2A_20240406T062629_R077_T40QGL_20240406T100803,0,2024-04,T40QGL,0.03149561134869538,0,0.7708928902716967
S2B_MSIL2A_20240406T062629_R077_T40QGL_20240406T100803_0001.jpg,S2B_MSIL2A_20240406T062629_R077_T40QGL_20240406T100803,0,2024-04,T40QGL,0.042478260711352495,0,0.7708928902716967
S2B_MSIL2A_20240426T062629_R077_T40QGL_20240426T111128_0000.jpg,S2B_MSIL2A_20240426T062629_R077_T40QGL_20240426T111128,0,2024-04,T40QGL,0.7078844058181112,0,0.7708928902716967
S2B_MSIL2A_20240426T062629_R077_T40QGL_20240426T111128_0001.jpg,S2B_MSIL2A_20240426T062629_R077_T40QGL_20240426T111128,0,2024-04,T40QGL,0.7537979585976456,0,0.7708928902716967
S2B_MSIL2A_20240516T062629_R077_T40QGL_20240516T102256_0000.jpg,S2B_MSIL2A_20240516T062629_R077_T40QGL_20240516T102256,0,2024-05,T40QGL,0.1123673389655367,0,0.7708928902716967
S2B_MSIL2A_20240516T062629_R077_T40QGL_20240516T102256_0001.jpg,S2B_MSIL2A_20240516T062629_R077_T40QGL_20240516T102256,0,2024-05,T40QGL,0.10406943574406873,0,0.7708928902716967
S2B_MSIL2A_20240526T062629_R077_T40QGL_20240526T102423_0000.jpg,S2B_MSIL2A_20240526T062629_R077_T40QGL_20240526T102423,1,2024-05,T40QGL,0.999674101915509,1,0.7708928902716967
S2B_MSIL2A_20240526T062629_R077_T40QGL_20240526T102423_0001.jpg,S2B_MSIL2A_20240526T062629_R077_T40QGL_20240526T102423,1,2024-05,T40QGL,0.9996661446860247,1,0.7708928902716967
S2B_MSIL2A_20240605T062629_R077_T40QGL_20240605T101404_0000.jpg,S2B_MSIL2A_20240605T062629_R077_T40QGL_20240605T101404,1,2024-06,T40QGL,0.9999922332432648,1,0.7708928902716967
S2B_MSIL2A_20240605T062629_R077_T40QGL_20240605T101404_0001.jpg,S2B_MSIL2A_20240605T062629_R077_T40QGL_20240605T101404,1,2024-06,T40QGL,0.9999938424243165,1,0.7708928902716967
S2A_MSIL2A_20240610T062631_R077_T40QGL_20240610T104746_0000.jpg,S2A_MSIL2A_20240610T062631_R077_T40QGL_20240610T104746,0,2024-06,T40QGL,0.1335649113486326,0,0.7708928902716967
S2A_MSIL2A_20240610T062631_R077_T40QGL_20240610T104746_0001.jpg,S2A_MSIL2A_20240610T062631_R077_T40QGL_20240610T104746,0,2024-06,T40QGL,0.17916429242789345,0,0.7708928902716967
S2A_MSIL2A_20240620T062631_R077_T40QGL_20240620T123054_0000.jpg,S2A_MSIL2A_20240620T062631_R077_T40QGL_20240620T123054,0,2024-06,T40QGL,0.001294702407355531,0,0.7708928902716967
S2A_MSIL2A_20240620T062631_R077_T40QGL_20240620T123054_0001.jpg,S2A_MSIL2A_20240620T062631_R077_T40QGL_20240620T123054,0,2024-06,T40QGL,0.0013773179332900694,0,0.7708928902716967
S2B_MSIL2A_20240625T062629_R077_T40QGL_20240625T102033_0000.jpg,S2B_MSIL2A_20240625T062629_R077_T40QGL_20240625T102033,0,2024-06,T40QGL,0.3626874160697748,0,0.7708928902716967
S2B_MSIL2A_20240625T062629_R077_T40QGL_20240625T102033_0001.jpg,S2B_MSIL2A_20240625T062629_R077_T40QGL_20240625T102033,0,2024-06,T40QGL,0.38017351825415513,0,0.7708928902716967
S2B_MSIL2A_20240814T062629_R077_T40QGL_20240814T093442_0000.jpg,S2B_MSIL2A_20240814T062629_R077_T40QGL_20240814T093442,0,2024-08,T40QGL,0.005988618232271027,0,0.7708928902716967
S2B_MSIL2A_20240814T062629_R077_T40QGL_20240814T093442_0001.jpg,S2B_MSIL2A_20240814T062629_R077_T40QGL_20240814T093442,0,2024-08,T40QGL,0.007530480889870743,0,0.7708928902716967
S2B_MSIL2A_20240824T062629_R077_T40QGL_20240824T100609_0000.jpg,S2B_MSIL2A_20240824T062629_R077_T40QGL_20240824T100609,1,2024-08,T40QGL,0.9676473122877942,1,0.7708928902716967
S2B_MSIL2A_20240824T062629_R077_T40QGL_20240824T100609_0001.jpg,S2B_MSIL2A_20240824T062629_R077_T40QGL_20240824T100609,1,2024-08,T40QGL,0.9696205100500982,1,0.7708928902716967
S2A_MSIL2A_20240928T062641_R077_T40QGL_20240928T091150_0000.jpg,S2A_MSIL2A_20240928T062641_R077_T40QGL_20240928T091150,0,2024-09,T40QGL,0.25905277945414107,0,0.7708928902716967
S2A_MSIL2A_20240928T062641_R077_T40QGL_20240928T091150_0001.jpg,S2A_MSIL2A_20240928T062641_R077_T40QGL_20240928T091150,0,2024-09,T40QGL,0.18709351723513398,0,0.7708928902716967
S2B_MSIL2A_20241003T062629_R077_T40QGL_20241003T090945_0000.jpg,S2B_MSIL2A_20241003T062629_R077_T40QGL_20241003T090945,0,2024-10,T40QGL,0.20721293600751203,0,0.7708928902716967
S2B_MSIL2A_20241003T062629_R077_T40QGL_20241003T090945_0001.jpg,S2B_MSIL2A_20241003T062629_R077_T40QGL_20241003T090945,0,2024-10,T40QGL,0.16693192606454718,0,0.7708928902716967
S2A_MSIL2A_20241207T063241_R077_T40QGL_20241207T092856_0000.jpg,S2A_MSIL2A_20241207T063241_R077_T40QGL_20241207T092856,1,2024-12,T40QGL,0.9914370765541164,1,0.7708928902716967
S2A_MSIL2A_20241207T063241_R077_T40QGL_20241207T092856_0001.jpg,S2A_MSIL2A_20241207T063241_R077_T40QGL_20241207T092856,1,2024-12,T40QGL,0.991589333159104,1,0.7708928902716967
S2B_MSIL2A_20241212T063159_R077_T40QGL_20241212T090100_0000.jpg,S2B_MSIL2A_20241212T063159_R077_T40QGL_20241212T090100,0,2024-12,T40QGL,0.3212507240342253,0,0.7708928902716967
S2B_MSIL2A_20241212T063159_R077_T40QGL_20241212T090100_0001.jpg,S2B_MSIL2A_20241212T063159_R077_T40QGL_20241212T090100,0,2024-12,T40QGL,0.34059891406576903,0,0.7708928902716967
S2A_MSIL2A_20241227T063301_R077_T40QGL_20241227T094051_0000.jpg,S2A_MSIL2A_20241227T063301_R077_T40QGL_20241227T094051,0,2024-12,T40QGL,0.029863123183805705,0,0.7708928902716967
S2A_MSIL2A_20241227T063301_R077_T40QGL_20241227T094051_0001.jpg,S2A_MSIL2A_20241227T063301_R077_T40QGL_20241227T094051,0,2024-12,T40QGL,0.03939854955518879,0,0.7708928902716967
