tile,scene_id,hab_label_final2,month_key,region_key,p_fused,yhat,thr_star
S2B_MSIL2A_20170909T065619_R063_T39QXG_20210201T223815_0000.jpg,S2B_MSIL2A_20170909T065619_R063_T39QXG_20210201T223815,1,2017-09,T39QXG,0.3950707213132123,0,0.7596965683860358
S2B_MSIL2A_20170820T065619_R063_T39QXG_20201015T042237_0000.jpg,S2B_MSIL2A_20170820T065619_R063_T39QXG_20201015T042237,0,2017-08,T39QXG,0.3270127661597699,0,0.7596965683860358
S2A_MSIL2A_20170805T065621_R063_T39QXG_20210210T194556_0000.jpg,S2A_MSIL2A_20170805T065621_R063_T39QXG_20210210T194556,0,2017-08,T39QXG,0.1057096477934982,0,0.7596965683860358
S2B_MSIL2A_20170731T065619_R063_T39QXG_20210210T172720_0000.jpg,S2B_MSIL2A_20170731T065619_R063_T39QXG_20210210T172720,1,2017-07,T39QXG,0.7911410364160172,1,0.7596965683860358
S2A_MSIL2A_20170626T065621_R063_T39QXG_20210210T014612_0000.jpg,S2A_MSIL2A_20170626T065621_R063_T39QXG_20210210T014612,0,2017-06,T39QXG,0.24988295308822508,0,0.7596965683860358
S2A_MSIL2A_20170606T065621_R063_T39QXG_20210209T205041_0000.jpg,S2A_MSIL2A_20170606T065621_R063_T39QXG_20210209T205041,1,2017-06,T39QXG,0.9843223994695888,1,0.7596965683860358
S2A_MSIL2A_20180929T065651_R063_T39QXG_20201009T060705_0000.jpg,S2A_MSIL2A_20180929T065651_R063_T39QXG_20201009T060705,0,2018-09,T39QXG,0.8967100180613412,1,0.7596965683860358
S2B_MSIL2A_20180924T065619_R063_T39QXG_20201009T042750_0000.jpg,S2B_MSIL2A_20180924T065619_R063_T39QXG_20201009T042750,0,2018-09,T39QXG,0.8718666780939577,1,0.7596965683860358
S2B_MSIL2A_20180914T065619_R063_T39QXG_20201009T011434_0000.jpg,S2B_MSIL2A_20180914T065619_R063_T39QXG_20201009T011434,0,2018-09,T39QXG,0.0016876517129535468,0,0.7596965683860358
S2A_MSIL2A_20180909T065621_R063_T39QXG_20201008T231028_0000.jpg,S2A_MSIL2A_20180909T065621_R063_T39QXG_20201008T231028,1,2018-09,T39QXG,0.9999829786124065,1,0.7596965683860358
S2B_MSIL2A_20180904T065619_R063_T39QXG_20201011T083613_0000.jpg,S2B_MSIL2A_20180904T065619_R063_T39QXG_20201011T083613,0,2018-09,T39QXG,0.14321736711324226,0,0.7596965683860358
S2A_MSIL2A_20180830T065621_R063_T39QXG_20201103T141110_0000.jpg,S2A_MSIL2A_20180830T065621_R063_T39QXG_20201103T141110,1,2018-08,T39QXG,0.9563939988417018,1,0.7596965683860358
S2A_MSIL2A_20180820T065621_R063_T39QXG_20201011T042051_0000.jpg,S2A_MSIL2A_20180820T065621_R063_T39QXG_20201011T042051,0,2018-08,T39QXG,0.10697413680465766,0,0.7596965683860358
S2B_MSIL2A_20180706T065619_R063_T39QXG_20201011T124309_0000.jpg,S2B_MSIL2A_20180706T065619_R063_T39QXG_20201011T124309,0,2018-07,T39QXG,0.746504016324367,0,0.7596965683860358
S2A_MSIL2A_20190904T065621_R063_T39QXG_20201004T090539_0000.jpg,S2A_MSIL2A_20190904T065621_R063_T39QXG_20201004T090539,1,2019-09,T39QXG,0.9974494728003442,1,0.7596965683860358
S2A_MSIL2A_20190825T065621_R063_T39QXG_20201005T043538_0000.jpg,S2A_MSIL2A_20190825T065621_R063_T39QXG_20201005T043538,1,2019-08,T39QXG,0.9924653582167928,1,0.7596965683860358
S2A_MSIL2A_20190815T065631_R063_T39QXG_20201005T003451_0000.jpg,S2A_MSIL2A_20190815T065631_R063_T39QXG_20201005T003451,1,2019-08,T39QXG,0.011500458913080613,0,0.7596965683860358
S2B_MSIL2A_20190701T065629_R063_T39QXG_20201005T075203_0000.jpg,S2B_MSIL2A_20190701T065629_R063_T39QXG_20201005T075203,1,2019-07,T39QXG,0.039792100107312746,0,0.7596965683860358
S2A_MSIL2A_20200928T065651_R063_T39QXG_20201001T020408_0000.jpg,S2A_MSIL2A_20200928T065651_R063_T39QXG_20201001T020408,1,2020-09,T39QXG,0.9537632326984307,1,0.7596965683860358
S2B_MSIL2A_20200923T065629_R063_T39QXG_20201028T044418_0000.jpg,S2B_MSIL2A_20200923T065629_R063_T39QXG_20201028T044418,1,2020-09,T39QXG,0.9697971991400652,1,0.7596965683860358
S2A_MSIL2A_20200918T065631_R063_T39QXG_20200921T101042_0000.jpg,S2A_MSIL2A_20200918T065631_R063_T39QXG_20200921T101042,1,2020-09,T39QXG,0.9069169918966179,1,0.7596965683860358
S2B_MSIL2A_20200913T065629_R063_T39QXG_20201027T093056_0000.jpg,S2B_MSIL2A_20200913T065629_R063_T39QXG_20201027T093056,1,2020-09,T39QXG,0.829577492044349,1,0.7596965683860358
S2A_MSIL2A_20200908T065631_R063_T39QXG_20201027T154720_0000.jpg,S2A_MSIL2A_20200908T065631_R063_T39QXG_20201027T154720,0,2020-09,T39QXG,0.0035072477084808866,0,0.7596965683860358
S2B_MSIL2A_20200725T065629_R063_T39QXG_20200817T124238_0000.jpg,S2B_MSIL2A_20200725T065629_R063_T39QXG_20200817T124238,0,2020-07,T39QXG,0.3918990315628131,0,0.7596965683860358
S2B_MSIL2A_20200715T065629_R063_T39QXG_20200919T085206_0000.jpg,S2B_MSIL2A_20200715T065629_R063_T39QXG_20200919T085206,0,2020-07,T39QXG,0.008802288196142162,0,0.7596965683860358
S2A_MSIL2A_20200710T065631_R063_T39QXG_20200912T162127_0000.jpg,S2A_MSIL2A_20200710T065631_R063_T39QXG_20200912T162127,0,2020-07,T39QXG,0.3124543122510725,0,0.7596965683860358
S2B_MSIL2A_20210928T065649_R063_T39QXG_20210929T000956_0000.jpg,S2B_MSIL2A_20210928T065649_R063_T39QXG_20210929T000956,1,2021-09,T39QXG,0.9707980510996853,1,0.7596965683860358
S2A_MSIL2A_20210923T065631_R063_T39QXG_20210924T013326_0000.jpg,S2A_MSIL2A_20210923T065631_R063_T39QXG_20210924T013326,1,2021-09,T39QXG,0.9320592460259699,1,0.7596965683860358
S2A_MSIL2A_20210913T065621_R063_T39QXG_20210913T211924_0000.jpg,S2A_MSIL2A_20210913T065621_R063_T39QXG_20210913T211924,0,2021-09,T39QXG,0.04450878101149314,0,0.7596965683860358
S2B_MSIL2A_20210908T065619_R063_T39QXG_20210908T213712_0000.jpg,S2B_MSIL2A_20210908T065619_R063_T39QXG_20210908T213712,0,2021-09,T39QXG,0.0602458266324276,0,0.7596965683860358
S2A_MSIL2A_20210903T065621_R063_T39QXG_20210903T164501_0000.jpg,S2A_MSIL2A_20210903T065621_R063_T39QXG_20210903T164501,0,2021-09,T39QXG,0.01767246873575573,0,0.7596965683860358
S2B_MSIL2A_20210829T065619_R063_T39QXG_20210829T203957_0000.jpg,S2B_MSIL2A_20210829T065619_R063_T39QXG_20210829T203957,0,2021-08,T39QXG,0.029289957703473445,0,0.7596965683860358
S2A_MSIL2A_20210814T065631_R063_T39QXG_20210814T183828_0000.jpg,S2A_MSIL2A_20210814T065631_R063_T39QXG_20210814T183828,0,2021-08,T39QXG,0.011902417706799192,0,0.7596965683860358
S2A_MSIL2A_20210804T065631_R063_T39QXG_20210804T174443_0000.jpg,S2A_MSIL2A_20210804T065631_R063_T39QXG_20210804T174443,1,2021-08,T39QXG,0.999878800277185,1,0.7596965683860358
S2B_MSIL2A_20210730T065629_R063_T39QXG_20210730T184548_0000.jpg,S2B_MSIL2A_20210730T065629_R063_T39QXG_20210730T184548,1,2021-07,T39QXG,0.9966154475205132,1,0.7596965683860358
S2B_MSIL2A_20210720T065629_R063_T39QXG_20210720T171952_0000.jpg,S2B_MSIL2A_20210720T065629_R063_T39QXG_20210720T171952,0,2021-07,T39QXG,0.06361654641171953,0,0.7596965683860358
S2B_MSIL2A_20210630T065629_R063_T39QXG_20210701T040612_0000.jpg,S2B_MSIL2A_20210630T065629_R063_T39QXG_20210701T040612,1,2021-06,T39QXG,0.9023800816944392,1,0.7596965683860358
S2A_MSIL2A_20220928T065651_R063_T39QXG_20220928T234907_0000.jpg,S2A_MSIL2A_20220928T065651_R063_T39QXG_20220928T234907,1,2022-09,T39QXG,0.9996740809854076,1,0.7596965683860358
S2B_MSIL2A_20220923T065629_R063_T39QXG_20220924T000152_0000.jpg,S2B_MSIL2A_20220923T065629_R063_T39QXG_20220924T000152,1,2022-09,T39QXG,0.9997510690970226,1,0.7596965683860358
S2A_MSIL2A_20220918T065631_R063_T39QXG_20240729T142658_0000.jpg,S2A_MSIL2A_20220918T065631_R063_T39QXG_20240729T142658,0,2022-09,T39QXG,0.812345731010857,1,0.7596965683860358
S2A_MSIL2A_20220918T065631_R063_T39QXG_20220919T032927_0000.jpg,S2A_MSIL2A_20220918T065631_R063_T39QXG_20220919T032927,0,2022-09,T39QXG,0.8696279618884014,1,0.7596965683860358
S2B_MSIL2A_20220913T065629_R063_T39QXG_20240726T171436_0000.jpg,S2B_MSIL2A_20220913T065629_R063_T39QXG_20240726T171436,0,2022-09,T39QXG,0.013675440462907966,0,0.7596965683860358
S2B_MSIL2A_20220913T065629_R063_T39QXG_20220913T171218_0000.jpg,S2B_MSIL2A_20220913T065629_R063_T39QXG_20220913T171218,0,2022-09,T39QXG,0.013830297448948734,0,0.7596965683860358
S2A_MSIL2A_20220908T065631_R063_T39QXG_20220911T052036_0000.jpg,S2A_MSIL2A_20220908T065631_R063_T39QXG_20220911T052036,0,2022-09,T39QXG,0.019434241752065436,0,0.7596965683860358
S2B_MSIL2A_20220903T065629_R063_T39QXG_20220903T175254_0000.jpg,S2B_MSIL2A_20220903T065629_R063_T39QXG_20220903T175254,0,2022-09,T39QXG,0.007099451444794936,0,0.7596965683860358
S2A_MSIL2A_20220829T065641_R063_T39QXG_20220830T225205_0000.jpg,S2A_MSIL2A_20220829T065641_R063_T39QXG_20220830T225205,0,2022-08,T39QXG,0.1922556642286319,0,0.7596965683860358
S2B_MSIL2A_20220824T065619_R063_T39QXG_20220825T015302_0000.jpg,S2B_MSIL2A_20220824T065619_R063_T39QXG_20220825T015302,0,2022-08,T39QXG,0.013870884877645042,0,0.7596965683860358
S2A_MSIL2A_20220819T065641_R063_T39QXG_20240720T015827_0000.jpg,S2A_MSIL2A_20220819T065641_R063_T39QXG_20240720T015827,1,2022-08,T39QXG,0.9946630935620844,1,0.7596965683860358
S2A_MSIL2A_20220819T065641_R063_T39QXG_20220819T215726_0000.jpg,S2A_MSIL2A_20220819T065641_R063_T39QXG_20220819T215726,1,2022-08,T39QXG,0.9928921703893252,1,0.7596965683860358
S2B_MSIL2A_20220814T065629_R063_T39QXG_20240704T011425_0000.jpg,S2B_MSIL2A_20220814T065629_R063_T39QXG_20240704T011425,1,2022-08,T39QXG,0.9890317568251983,1,0.7596965683860358
S2B_MSIL2A_20220814T065629_R063_T39QXG_20220814T151723_0000.jpg,S2B_MSIL2A_20220814T065629_R063_T39QXG_20220814T151723,1,2022-08,T39QXG,0.9917719889268947,1,0.7596965683860358
S2B_MSIL2A_20230928T065649_R063_T39QXG_20241102T043937_0000.jpg,S2B_MSIL2A_20230928T065649_R063_T39QXG_20241102T043937,1,2023-09,T39QXG,0.9415080108824108,1,0.7596965683860358
S2A_MSIL2A_20230923T065621_R063_T39QXG_20241028T071613_0000.jpg,S2A_MSIL2A_20230923T065621_R063_T39QXG_20241028T071613,1,2023-09,T39QXG,0.9366558428032438,1,0.7596965683860358
S2B_MSIL2A_20230918T065629_R063_T39QXG_20241025T081232_0000.jpg,S2B_MSIL2A_20230918T065629_R063_T39QXG_20241025T081232,0,2023-09,T39QXG,0.1914211810382927,0,0.7596965683860358
S2B_MSIL2A_20230918T065629_R063_T39QXG_20230918T153259_0000.jpg,S2B_MSIL2A_20230918T065629_R063_T39QXG_20230918T153259,0,2023-09,T39QXG,0.17906428651732711,0,0.7596965683860358
S2A_MSIL2A_20230913T065631_R063_T39QXG_20241027T165012_0000.jpg,S2A_MSIL2A_20230913T065631_R063_T39QXG_20241027T165012,1,2023-09,T39QXG,0.7532773462224326,0,0.7596965683860358
S2A_MSIL2A_20230913T065631_R063_T39QXG_20230913T132300_0000.jpg,S2A_MSIL2A_20230913T065631_R063_T39QXG_20230913T132300,1,2023-09,T39QXG,0.7316910744847699,0,0.7596965683860358
S2B_MSIL2A_20230908T065629_R063_T39QXG_20241023T151834_0000.jpg,S2B_MSIL2A_20230908T065629_R063_T39QXG_20241023T151834,1,2023-09,T39QXG,0.7408561908995118,0,0.7596965683860358
S2A_MSIL2A_20230903T065631_R063_T39QXG_20241030T165920_0000.jpg,S2A_MSIL2A_20230903T065631_R063_T39QXG_20241030T165920,0,2023-09,T39QXG,0.016904280168119387,0,0.7596965683860358
S2A_MSIL2A_20230903T065631_R063_T39QXG_20230903T134044_0000.jpg,S2A_MSIL2A_20230903T065631_R063_T39QXG_20230903T134044,0,2023-09,T39QXG,0.01658555555277347,0,0.7596965683860358
S2B_MSIL2A_20230829T065629_R063_T39QXG_20241017T113451_0000.jpg,S2B_MSIL2A_20230829T065629_R063_T39QXG_20241017T113451,0,2023-08,T39QXG,0.014054641634998729,0,0.7596965683860358
S2B_MSIL2A_20230829T065629_R063_T39QXG_20230829T131134_0000.jpg,S2B_MSIL2A_20230829T065629_R063_T39QXG_20230829T131134,0,2023-08,T39QXG,0.01227318783718903,0,0.7596965683860358
S2A_MSIL2A_20230824T065631_R063_T39QXG_20241025T152112_0000.jpg,S2A_MSIL2A_20230824T065631_R063_T39QXG_20241025T152112,1,2023-08,T39QXG,0.9983483943648865,1,0.7596965683860358
S2A_MSIL2A_20240927T065641_R063_T39QXG_20240927T112652_0000.jpg,S2A_MSIL2A_20240927T065641_R063_T39QXG_20240927T112652,1,2024-09,T39QXG,0.9973947822335388,1,0.7596965683860358
S2B_MSIL2A_20240922T065619_R063_T39QXG_20240922T102739_0000.jpg,S2B_MSIL2A_20240922T065619_R063_T39QXG_20240922T102739,1,2024-09,T39QXG,0.997263734093842,1,0.7596965683860358
S2B_MSIL2A_20240912T065619_R063_T39QXG_20240912T130211_0000.jpg,S2B_MSIL2A_20240912T065619_R063_T39QXG_20240912T130211,0,2024-09,T39QXG,0.0004824595397709927,0,0.7596965683860358
S2A_MSIL2A_20240907T065621_R063_T39QXG_20240907T115459_0000.jpg,S2A_MSIL2A_20240907T065621_R063_T39QXG_20240907T115459,0,2024-09,T39QXG,0.00032594608979051023,0,0.7596965683860358
S2B_MSIL2A_20240902T065629_R063_T39QXG_20240902T111143_0000.jpg,S2B_MSIL2A_20240902T065629_R063_T39QXG_20240902T111143,0,2024-09,T39QXG,0.3150610816080934,0,0.7596965683860358
S2A_MSIL2A_20240719T065621_R063_T39QXG_20240719T132007_0000.jpg,S2A_MSIL2A_20240719T065621_R063_T39QXG_20240719T132007,1,2024-07,T39QXG,0.7126260770979568,0,0.7596965683860358
S2B_MSIL2A_20240714T065619_R063_T39QXG_20240714T115201_0000.jpg,S2B_MSIL2A_20240714T065619_R063_T39QXG_20240714T115201,1,2024-07,T39QXG,0.9335183823591346,1,0.7596965683860358
S2B_MSIL2A_20240704T065629_R063_T39QXG_20240705T224349_0000.jpg,S2B_MSIL2A_20240704T065629_R063_T39QXG_20240705T224349,0,2024-07,T39QXG,0.02986041379595632,0,0.7596965683860358
S2B_MSIL2A_20240624T065629_R063_T39QXG_20240624T103302_0000.jpg,S2B_MSIL2A_20240624T065629_R063_T39QXG_20240624T103302,1,2024-06,T39QXG,0.9520307866081368,1,0.7596965683860358
S2A_MSIL2A_20180323T065621_R063_T39QXG_20201013T125706_0000.jpg,S2A_MSIL2A_20180323T065621_R063_T39QXG_20201013T125706,0,2018-03,T39QXG,0.0028679132584551155,0,0.7596965683860358
S2B_MSIL2A_20180318T065619_R063_T39QXG_20201013T105007_0000.jpg,S2B_MSIL2A_20180318T065619_R063_T39QXG_20201013T105007,0,2018-03,T39QXG,0.0018508544600433384,0,0.7596965683860358
S2A_MSIL2A_20180313T065651_R063_T39QXG_20201013T082101_0000.jpg,S2A_MSIL2A_20180313T065651_R063_T39QXG_20201013T082101,0,2018-03,T39QXG,0.019586324203051297,0,0.7596965683860358
S2A_MSIL2A_20180303T065801_R063_T39QXG_20201013T055226_0000.jpg,S2A_MSIL2A_20180303T065801_R063_T39QXG_20201013T055226,1,2018-03,T39QXG,0.999999,1,0.7596965683860358
S2B_MSIL2A_20180226T065829_R063_T39QXG_20201104T154320_0000.jpg,S2B_MSIL2A_20180226T065829_R063_T39QXG_20201104T154320,1,2018-02,T39QXG,0.999999,1,0.7596965683860358
S2A_MSIL2A_20180221T065911_R063_T39QXG_20201013T234500_0000.jpg,S2A_MSIL2A_20180221T065911_R063_T39QXG_20201013T234500,1,2018-02,T39QXG,0.999999,1,0.7596965683860358
S2B_MSIL2A_20180216T065929_R063_T39QXG_20201013T220228_0000.jpg,S2B_MSIL2A_20180216T065929_R063_T39QXG_20201013T220228,0,2018-02,T39QXG,0.03493878753489793,0,0.7596965683860358
S2A_MSIL2A_20180211T070021_R063_T39QXG_20201026T022414_0000.jpg,S2A_MSIL2A_20180211T070021_R063_T39QXG_20201026T022414,0,2018-02,T39QXG,0.020335800902371484,0,0.7596965683860358
S2A_MSIL2A_20180201T070111_R063_T39QXG_20201013T174623_0000.jpg,S2A_MSIL2A_20180201T070111_R063_T39QXG_20201013T174623,1,2018-02,T39QXG,0.9957722273644293,1,0.7596965683860358
S2B_MSIL2A_20180127T070139_R063_T39QXG_20201014T091640_0000.jpg,S2B_MSIL2A_20180127T070139_R063_T39QXG_20201014T091640,1,2018-01,T39QXG,0.9994661225579939,1,0.7596965683860358
S2B_MSIL2A_20180117T070219_R063_T39QXG_20201014T062903_0000.jpg,S2B_MSIL2A_20180117T070219_R063_T39QXG_20201014T062903,0,2018-01,T39QXG,0.9627393318879977,1,0.7596965683860358
S2A_MSIL2A_20180112T070231_R063_T39QXG_20201014T050638_0000.jpg,S2A_MSIL2A_20180112T070231_R063_T39QXG_20201014T050638,0,2018-01,T39QXG,0.7333637728346095,0,0.7596965683860358
S2B_MSIL2A_20171228T070259_R063_T39QXG_20201014T170056_0000.jpg,S2B_MSIL2A_20171228T070259_R063_T39QXG_20201014T170056,1,2017-12,T39QXG,0.9865754117098678,1,0.7596965683860358
S2A_MSIL2A_20190318T065621_R063_T39QXG_20201007T074707_0000.jpg,S2A_MSIL2A_20190318T065621_R063_T39QXG_20201007T074707,1,2019-03,T39QXG,0.9039112580526882,1,0.7596965683860358
S2B_MSIL2A_20190313T065649_R063_T39QXG_20221118T122016_0000.jpg,S2B_MSIL2A_20190313T065649_R063_T39QXG_20221118T122016,0,2019-03,T39QXG,0.9730375903417983,1,0.7596965683860358
S2B_MSIL2A_20190313T065649_R063_T39QXG_20201007T061904_0000.jpg,S2B_MSIL2A_20190313T065649_R063_T39QXG_20201007T061904,0,2019-03,T39QXG,0.9291474231304373,1,0.7596965683860358
S2A_MSIL2A_20190308T065721_R063_T39QXG_20201007T042258_0000.jpg,S2A_MSIL2A_20190308T065721_R063_T39QXG_20201007T042258,0,2019-03,T39QXG,0.9173614061221854,1,0.7596965683860358
S2B_MSIL2A_20190303T065809_R063_T39QXG_20201030T112946_0000.jpg,S2B_MSIL2A_20190303T065809_R063_T39QXG_20201030T112946,1,2019-03,T39QXG,0.8961229665045657,1,0.7596965683860358
S2A_MSIL2A_20190226T065841_R063_T39QXG_20201007T204648_0000.jpg,S2A_MSIL2A_20190226T065841_R063_T39QXG_20201007T204648,1,2019-02,T39QXG,0.9923192131002136,1,0.7596965683860358
S2B_MSIL2A_20190221T065919_R063_T39QXG_20201007T191341_0000.jpg,S2B_MSIL2A_20190221T065919_R063_T39QXG_20201007T191341,0,2019-02,T39QXG,0.01825785021662732,0,0.7596965683860358
S2B_MSIL2A_20190211T070019_R063_T39QXG_20201007T155653_0000.jpg,S2B_MSIL2A_20190211T070019_R063_T39QXG_20201007T155653,0,2019-02,T39QXG,0.9823501969447394,1,0.7596965683860358
S2B_MSIL2A_20190201T070119_R063_T39QXG_20201029T235440_0000.jpg,S2B_MSIL2A_20190201T070119_R063_T39QXG_20201029T235440,0,2019-02,T39QXG,0.05938714660893402,0,0.7596965683860358
S2A_MSIL2A_20190127T070141_R063_T39QXG_20201008T050026_0000.jpg,S2A_MSIL2A_20190127T070141_R063_T39QXG_20201008T050026,0,2019-01,T39QXG,0.0054762101474456,0,0.7596965683860358
S2B_MSIL2A_20190122T070209_R063_T39QXG_20201008T034450_0000.jpg,S2B_MSIL2A_20190122T070209_R063_T39QXG_20201008T034450,1,2019-01,T39QXG,0.9871303991550189,1,0.7596965683860358
S2B_MSIL2A_20190112T070239_R063_T39QXG_20201008T005855_0000.jpg,S2B_MSIL2A_20190112T070239_R063_T39QXG_20201008T005855,0,2019-01,T39QXG,0.6568990133576571,0,0.7596965683860358
S2A_MSIL2A_20190107T070251_R063_T39QXG_20201007T232849_0000.jpg,S2A_MSIL2A_20190107T070251_R063_T39QXG_20201007T232849,0,2019-01,T39QXG,0.76280175255836,1,0.7596965683860358
S2B_MSIL2A_20200327T065619_R063_T39QXG_20201027T114721_0000.jpg,S2B_MSIL2A_20200327T065619_R063_T39QXG_20201027T114721,0,2020-03,T39QXG,0.983590083465713,1,0.7596965683860358
S2A_MSIL2A_20200322T065621_R063_T39QXG_20201014T192405_0000.jpg,S2A_MSIL2A_20200322T065621_R063_T39QXG_20201014T192405,0,2020-03,T39QXG,0.9815975160943288,1,0.7596965683860358
S2B_MSIL2A_20200317T065619_R063_T39QXG_20201010T111701_0000.jpg,S2B_MSIL2A_20200317T065619_R063_T39QXG_20201010T111701,1,2020-03,T39QXG,0.9993717695809152,1,0.7596965683860358
S2A_MSIL2A_20200312T065651_R063_T39QXG_20201006T204613_0000.jpg,S2A_MSIL2A_20200312T065651_R063_T39QXG_20201006T204613,0,2020-03,T39QXG,0.6021687534755802,0,0.7596965683860358
S2B_MSIL2A_20200307T065729_R063_T39QXG_20201003T195728_0000.jpg,S2B_MSIL2A_20200307T065729_R063_T39QXG_20201003T195728,0,2020-03,T39QXG,0.8038056461033133,1,0.7596965683860358
S2A_MSIL2A_20200302T065801_R063_T39QXG_20200926T020245_0000.jpg,S2A_MSIL2A_20200302T065801_R063_T39QXG_20200926T020245,1,2020-03,T39QXG,0.9983350919825186,1,0.7596965683860358
S2A_MSIL2A_20200221T065911_R063_T39QXG_20200927T132322_0000.jpg,S2A_MSIL2A_20200221T065911_R063_T39QXG_20200927T132322,0,2020-02,T39QXG,0.36516766071690004,0,0.7596965683860358
S2B_MSIL2A_20200206T070049_R063_T39QXG_20201001T025510_0000.jpg,S2B_MSIL2A_20200206T070049_R063_T39QXG_20201001T025510,1,2020-02,T39QXG,0.9994680371962559,1,0.7596965683860358
S2A_MSIL2A_20200122T070201_R063_T39QXG_20201002T050518_0000.jpg,S2A_MSIL2A_20200122T070201_R063_T39QXG_20201002T050518,1,2020-01,T39QXG,0.9949660337895189,1,0.7596965683860358
S2B_MSIL2A_20200117T070219_R063_T39QXG_20201002T195630_0000.jpg,S2B_MSIL2A_20200117T070219_R063_T39QXG_20201002T195630,1,2020-01,T39QXG,0.9921326435480914,1,0.7596965683860358
S2A_MSIL2A_20200112T070241_R063_T39QXG_20201002T173508_0000.jpg,S2A_MSIL2A_20200112T070241_R063_T39QXG_20201002T173508,0,2020-01,T39QXG,0.007523178420645674,0,0.7596965683860358
S2B_MSIL2A_20200107T070249_R063_T39QXG_20201029T121541_0000.jpg,S2B_MSIL2A_20200107T070249_R063_T39QXG_20201029T121541,1,2020-01,T39QXG,0.8859833526454377,1,0.7596965683860358
S2A_MSIL2A_20200102T070301_R063_T39QXG_20201002T215142_0000.jpg,S2A_MSIL2A_20200102T070301_R063_T39QXG_20201002T215142,1,2020-01,T39QXG,0.937971830585673,1,0.7596965683860358
S2B_MSIL2A_20210322T065619_R063_T39QXG_20210323T015515_0000.jpg,S2B_MSIL2A_20210322T065619_R063_T39QXG_20210323T015515,0,2021-03,T39QXG,0.060497744579482204,0,0.7596965683860358
S2A_MSIL2A_20210317T065621_R063_T39QXG_20210317T221928_0000.jpg,S2A_MSIL2A_20210317T065621_R063_T39QXG_20210317T221928,0,2021-03,T39QXG,0.1416778795827302,0,0.7596965683860358
S2B_MSIL2A_20210312T065659_R063_T39QXG_20210312T174530_0000.jpg,S2B_MSIL2A_20210312T065659_R063_T39QXG_20210312T174530,0,2021-03,T39QXG,0.7240899726804569,0,0.7596965683860358
S2A_MSIL2A_20210307T065731_R063_T39QXG_20210307T203727_0000.jpg,S2A_MSIL2A_20210307T065731_R063_T39QXG_20210307T203727,0,2021-03,T39QXG,0.8868457169990153,1,0.7596965683860358
S2B_MSIL2A_20210302T065809_R063_T39QXG_20210302T153932_0000.jpg,S2B_MSIL2A_20210302T065809_R063_T39QXG_20210302T153932,1,2021-03,T39QXG,0.9975718854798574,1,0.7596965683860358
S2A_MSIL2A_20210225T065851_R063_T39QXG_20210225T181931_0000.jpg,S2A_MSIL2A_20210225T065851_R063_T39QXG_20210225T181931,1,2021-02,T39QXG,0.9940215638045079,1,0.7596965683860358
S2A_MSIL2A_20210215T065951_R063_T39QXG_20210215T202348_0000.jpg,S2A_MSIL2A_20210215T065951_R063_T39QXG_20210215T202348,0,2021-02,T39QXG,0.20467513008608465,0,0.7596965683860358
S2A_MSIL2A_20210205T070051_R063_T39QXG_20210210T170018_0000.jpg,S2A_MSIL2A_20210205T070051_R063_T39QXG_20210210T170018,0,2021-02,T39QXG,0.9393534121050743,1,0.7596965683860358
S2B_MSIL2A_20210131T070119_R063_T39QXG_20210201T152028_0000.jpg,S2B_MSIL2A_20210131T070119_R063_T39QXG_20210201T152028,1,2021-01,T39QXG,0.999999,1,0.7596965683860358
S2B_MSIL2A_20210121T070209_R063_T39QXG_20210122T122053_0000.jpg,S2B_MSIL2A_20210121T070209_R063_T39QXG_20210122T122053,0,2021-01,T39QXG,0.35486298567215635,0,0.7596965683860358
S2A_MSIL2A_20210116T070231_R063_T39QXG_20210116T213026_0000.jpg,S2A_MSIL2A_20210116T070231_R063_T39QXG_20210116T213026,0,2021-01,T39QXG,0.018574030968748666,0,0.7596965683860358
S2B_MSIL2A_20210111T070249_R063_T39QXG_20210111T183409_0000.jpg,S2B_MSIL2A_20210111T070249_R063_T39QXG_20210111T183409,0,2021-01,T39QXG,0.02095099819614088,0,0.7596965683860358
S2B_MSIL2A_20220327T065619_R063_T39QXG_20220327T201724_0000.jpg,S2B_MSIL2A_20220327T065619_R063_T39QXG_20220327T201724,0,2022-03,T39QXG,0.5188860021859318,0,0.7596965683860358
S2A_MSIL2A_20220322T065631_R063_T39QXG_20240522T141858_0000.jpg,S2A_MSIL2A_20220322T065631_R063_T39QXG_20240522T141858,0,2022-03,T39QXG,0.5045681509362708,0,0.7596965683860358
S2A_MSIL2A_20220322T065631_R063_T39QXG_20220322T215023_0000.jpg,S2A_MSIL2A_20220322T065631_R063_T39QXG_20220322T215023,0,2022-03,T39QXG,0.3818441312372265,0,0.7596965683860358
S2B_MSIL2A_20220317T065619_R063_T39QXG_20240523T103231_0000.jpg,S2B_MSIL2A_20220317T065619_R063_T39QXG_20240523T103231,0,2022-03,T39QXG,0.4717622147602666,0,0.7596965683860358
S2B_MSIL2A_20220317T065619_R063_T39QXG_20220317T172218_0000.jpg,S2B_MSIL2A_20220317T065619_R063_T39QXG_20220317T172218,0,2022-03,T39QXG,0.36228319938944686,0,0.7596965683860358
S2A_MSIL2A_20220312T065701_R063_T39QXG_20240523T070747_0000.jpg,S2A_MSIL2A_20220312T065701_R063_T39QXG_20240523T070747,1,2022-03,T39QXG,0.8545497585653618,1,0.7596965683860358
S2A_MSIL2A_20220312T065701_R063_T39QXG_20220312T225303_0000.jpg,S2A_MSIL2A_20220312T065701_R063_T39QXG_20220312T225303,1,2022-03,T39QXG,0.8105743897850222,1,0.7596965683860358
S2B_MSIL2A_20220307T065729_R063_T39QXG_20240524T222725_0000.jpg,S2B_MSIL2A_20220307T065729_R063_T39QXG_20240524T222725,1,2022-03,T39QXG,0.9053132999197909,1,0.7596965683860358
S2B_MSIL2A_20220307T065729_R063_T39QXG_20220307T200029_0000.jpg,S2B_MSIL2A_20220307T065729_R063_T39QXG_20220307T200029,1,2022-03,T39QXG,0.9136513300316605,1,0.7596965683860358
S2A_MSIL2A_20220302T065811_R063_T39QXG_20220304T043204_0000.jpg,S2A_MSIL2A_20220302T065811_R063_T39QXG_20220304T043204,1,2022-03,T39QXG,0.9097838565782276,1,0.7596965683860358
S2B_MSIL2A_20220215T065949_R063_T39QXG_20220223T132730_0000.jpg,S2B_MSIL2A_20220215T065949_R063_T39QXG_20220223T132730,1,2022-02,T39QXG,0.4077314208400813,0,0.7596965683860358
S2A_MSIL2A_20220210T070031_R063_T39QXG_20220221T065843_0000.jpg,S2A_MSIL2A_20220210T070031_R063_T39QXG_20220221T065843,1,2022-02,T39QXG,0.35100579188571485,0,0.7596965683860358
S2B_MSIL2A_20230322T065629_R063_T39QXG_20240827T110952_0000.jpg,S2B_MSIL2A_20230322T065629_R063_T39QXG_20240827T110952,0,2023-03,T39QXG,0.883429953333032,1,0.7596965683860358
S2B_MSIL2A_20230322T065629_R063_T39QXG_20230322T124101_0000.jpg,S2B_MSIL2A_20230322T065629_R063_T39QXG_20230322T124101,0,2023-03,T39QXG,0.8755187821471683,1,0.7596965683860358
S2A_MSIL2A_20230317T065621_R063_T39QXG_20230317T125717_0000.jpg,S2A_MSIL2A_20230317T065621_R063_T39QXG_20230317T125717,0,2023-03,T39QXG,0.08941274074304403,0,0.7596965683860358
S2B_MSIL2A_20230312T065709_R063_T39QXG_20230312T141426_0000.jpg,S2B_MSIL2A_20230312T065709_R063_T39QXG_20230312T141426,1,2023-03,T39QXG,0.9993523432630224,1,0.7596965683860358
S2A_MSIL2A_20230307T065731_R063_T39QXG_20240821T003413_0000.jpg,S2A_MSIL2A_20230307T065731_R063_T39QXG_20240821T003413,1,2023-03,T39QXG,0.999218528363217,1,0.7596965683860358
S2A_MSIL2A_20230307T065731_R063_T39QXG_20230307T123902_0000.jpg,S2A_MSIL2A_20230307T065731_R063_T39QXG_20230307T123902,1,2023-03,T39QXG,0.9989825476348844,1,0.7596965683860358
S2A_MSIL2A_20230225T065851_R063_T39QXG_20230227T033301_0000.jpg,S2A_MSIL2A_20230225T065851_R063_T39QXG_20230227T033301,0,2023-02,T39QXG,0.9988859932477436,1,0.7596965683860358
S2B_MSIL2A_20230210T070029_R063_T39QXG_20240813T093046_0000.jpg,S2B_MSIL2A_20230210T070029_R063_T39QXG_20240813T093046,0,2023-02,T39QXG,0.894284424672805,1,0.7596965683860358
S2A_MSIL2A_20230205T070101_R063_T39QXG_20230206T042309_0000.jpg,S2A_MSIL2A_20230205T070101_R063_T39QXG_20230206T042309,1,2023-02,T39QXG,0.999999,1,0.7596965683860358
S2B_MSIL2A_20230131T070119_R063_T39QXG_20230131T235314_0000.jpg,S2B_MSIL2A_20230131T070119_R063_T39QXG_20230131T235314,1,2023-01,T39QXG,0.7228692020022818,0,0.7596965683860358
S2B_MSIL2A_20240326T065619_R063_T39QXG_20240326T132139_0000.jpg,S2B_MSIL2A_20240326T065619_R063_T39QXG_20240326T132139,0,2024-03,T39QXG,0.5247482971421392,0,0.7596965683860358
S2A_MSIL2A_20240321T065621_R063_T39QXG_20240321T122014_0000.jpg,S2A_MSIL2A_20240321T065621_R063_T39QXG_20240321T122014,0,2024-03,T39QXG,0.5484381169171668,0,0.7596965683860358
S2A_MSIL2A_20240311T065701_R063_T39QXG_20240311T150535_0000.jpg,S2A_MSIL2A_20240311T065701_R063_T39QXG_20240311T150535,1,2024-03,T39QXG,0.9979831879613308,1,0.7596965683860358
S2B_MSIL2A_20240306T065739_R063_T39QXG_20240306T111016_0000.jpg,S2B_MSIL2A_20240306T065739_R063_T39QXG_20240306T111016,1,2024-03,T39QXG,0.9986293746314632,1,0.7596965683860358
S2A_MSIL2A_20240301T065821_R063_T39QXG_20240301T115335_0000.jpg,S2A_MSIL2A_20240301T065821_R063_T39QXG_20240301T115335,0,2024-03,T39QXG,0.9217538953163142,1,0.7596965683860358
S2A_MSIL2A_20240220T065921_R063_T39QXG_20240220T112915_0000.jpg,S2A_MSIL2A_20240220T065921_R063_T39QXG_20240220T112915,0,2024-02,T39QXG,0.06642805089192837,0,0.7596965683860358
S2B_MSIL2A_20240215T065959_R063_T39QXG_20240215T111952_0000.jpg,S2B_MSIL2A_20240215T065959_R063_T39QXG_20240215T111952,1,2024-02,T39QXG,0.9910331583437714,1,0.7596965683860358
S2A_MSIL2A_20240210T070031_R063_T39QXG_20240210T111914_0000.jpg,S2A_MSIL2A_20240210T070031_R063_T39QXG_20240210T111914,1,2024-02,T39QXG,0.9856569111372459,1,0.7596965683860358
S2A_MSIL2A_20240111T070241_R063_T39QXG_20240111T113149_0000.jpg,S2A_MSIL2A_20240111T070241_R063_T39QXG_20240111T113149,1,2024-01,T39QXG,0.9156319698822414,1,0.7596965683860358
S2A_MSIL2A_20240101T070301_R063_T39QXG_20240101T114458_0000.jpg,S2A_MSIL2A_20240101T070301_R063_T39QXG_20240101T114458,0,2024-01,T39QXG,0.5177895995818786,0,0.7596965683860358
S2B_MSIL2A_20231227T070309_R063_T39QXG_20231227T102112_0000.jpg,S2B_MSIL2A_20231227T070309_R063_T39QXG_20231227T102112,1,2023-12,T39QXG,0.8991883830831809,1,0.7596965683860358
S2C_MSIL2A_20250125T070221_R063_T39QXG_20250125T110112_0000.jpg,S2C_MSIL2A_20250125T070221_R063_T39QXG_20250125T110112,1,2025-01,T39QXG,0.32242056698356714,0,0.7596965683860358
S2A_MSIL2A_20250115T070231_R063_T39QXG_20250115T101359_0000.jpg,S2A_MSIL2A_20250115T070231_R063_T39QXG_20250115T101359,1,2025-01,T39QXG,0.29197542143861327,0,0.7596965683860358
S2A_MSIL2A_20250105T070301_R063_T39QXG_20250105T101308_0000.jpg,S2A_MSIL2A_20250105T070301_R063_T39QXG_20250105T101308,1,2025-01,T39QXG,0.25092380841878553,0,0.7596965683860358
S2A_MSIL2A_20241226T070311_R063_T39QXG_20241226T100152_0000.jpg,S2A_MSIL2A_20241226T070311_R063_T39QXG_20241226T100152,1,2024-12,T39QXG,0.610906328408373,0,0.7596965683860358
S2A_MSIL2A_20170104T065252_R020_T40RDP_20210529T200944_0000.jpg,S2A_MSIL2A_20170104T065252_R020_T40RDP_20210529T200944,0,2017-01,T40RDP,0.43812476552666907,0,0.7596965683860358
S2A_MSIL2A_20170104T065252_R020_T40RDP_20210529T200944_0001.jpg,S2A_MSIL2A_20170104T065252_R020_T40RDP_20210529T200944,0,2017-01,T40RDP,0.4334633934575852,0,0.7596965683860358
S2A_MSIL2A_20170504T064631_R020_T40RDP_20210209T125341_0000.jpg,S2A_MSIL2A_20170504T064631_R020_T40RDP_20210209T125341,0,2017-05,T40RDP,0.2778493001313151,0,0.7596965683860358
S2A_MSIL2A_20170504T064631_R020_T40RDP_20210209T125341_0001.jpg,S2A_MSIL2A_20170504T064631_R020_T40RDP_20210209T125341,0,2017-05,T40RDP,0.23550977739281057,0,0.7596965683860358
S2A_MSIL2A_20170703T064621_R020_T40RDP_20210210T040347_0000.jpg,S2A_MSIL2A_20170703T064621_R020_T40RDP_20210210T040347,1,2017-07,T40RDP,0.9766889085987444,1,0.7596965683860358
S2A_MSIL2A_20170703T064621_R020_T40RDP_20210210T040347_0001.jpg,S2A_MSIL2A_20170703T064621_R020_T40RDP_20210210T040347,1,2017-07,T40RDP,0.9728319629712753,1,0.7596965683860358
S2A_MSIL2A_20170723T064631_R020_T40RDP_20210210T130856_0000.jpg,S2A_MSIL2A_20170723T064631_R020_T40RDP_20210210T130856,0,2017-07,T40RDP,1.1082444523994134e-06,0,0.7596965683860358
S2A_MSIL2A_20170723T064631_R020_T40RDP_20210210T130856_0001.jpg,S2A_MSIL2A_20170723T064631_R020_T40RDP_20210210T130856,0,2017-07,T40RDP,1.0708011892630469e-06,0,0.7596965683860358
S2A_MSIL2A_20170812T064631_R020_T40RDP_20210131T155623_0000.jpg,S2A_MSIL2A_20170812T064631_R020_T40RDP_20210131T155623,0,2017-08,T40RDP,0.015535998986941253,0,0.7596965683860358
S2A_MSIL2A_20170812T064631_R020_T40RDP_20210131T155623_0001.jpg,S2A_MSIL2A_20170812T064631_R020_T40RDP_20210131T155623,0,2017-08,T40RDP,0.013552799951809712,0,0.7596965683860358
S2B_MSIL2A_20170916T064619_R020_T40RDP_20210202T040902_0000.jpg,S2B_MSIL2A_20170916T064619_R020_T40RDP_20210202T040902,0,2017-09,T40RDP,0.3199248826601912,0,0.7596965683860358
S2B_MSIL2A_20170916T064619_R020_T40RDP_20210202T040902_0001.jpg,S2B_MSIL2A_20170916T064619_R020_T40RDP_20210202T040902,0,2017-09,T40RDP,0.3492754776116738,0,0.7596965683860358
S2A_MSIL2A_20170921T064621_R020_T40RDP_20210202T071538_0000.jpg,S2A_MSIL2A_20170921T064621_R020_T40RDP_20210202T071538,0,2017-09,T40RDP,0.010155553040955475,0,0.7596965683860358
S2A_MSIL2A_20170921T064621_R020_T40RDP_20210202T071538_0001.jpg,S2A_MSIL2A_20170921T064621_R020_T40RDP_20210202T071538,0,2017-09,T40RDP,0.009214010647731918,0,0.7596965683860358
S2B_MSIL2A_20171006T064719_R020_T40RDP_20210202T145017_0000.jpg,S2B_MSIL2A_20171006T064719_R020_T40RDP_20210202T145017,1,2017-10,T40RDP,0.9235021490784576,1,0.7596965683860358
S2B_MSIL2A_20171006T064719_R020_T40RDP_20210202T145017_0001.jpg,S2B_MSIL2A_20171006T064719_R020_T40RDP_20210202T145017,1,2017-10,T40RDP,0.9201690636361537,1,0.7596965683860358
S2A_MSIL2A_20171011T064811_R020_T40RDP_20201019T203503_0000.jpg,S2A_MSIL2A_20171011T064811_R020_T40RDP_20201019T203503,0,2017-10,T40RDP,0.0008373894595280982,0,0.7596965683860358
S2A_MSIL2A_20171011T064811_R020_T40RDP_20201019T203503_0001.jpg,S2A_MSIL2A_20171011T064811_R020_T40RDP_20201019T203503,0,2017-10,T40RDP,0.0007571902034960204,0,0.7596965683860358
S2B_MSIL2A_20171026T064939_R020_T40RDP_20201015T022501_0000.jpg,S2B_MSIL2A_20171026T064939_R020_T40RDP_20201015T022501,0,2017-10,T40RDP,0.023898927384755096,0,0.7596965683860358
S2B_MSIL2A_20171026T064939_R020_T40RDP_20201015T022501_0001.jpg,S2B_MSIL2A_20171026T064939_R020_T40RDP_20201015T022501,0,2017-10,T40RDP,0.02155030187966098,0,0.7596965683860358
S2B_MSIL2A_20171115T065119_R020_T40RDP_20201014T200318_0000.jpg,S2B_MSIL2A_20171115T065119_R020_T40RDP_20201014T200318,1,2017-11,T40RDP,0.9669594019541914,1,0.7596965683860358
S2B_MSIL2A_20171115T065119_R020_T40RDP_20201014T200318_0001.jpg,S2B_MSIL2A_20171115T065119_R020_T40RDP_20201014T200318,1,2017-11,T40RDP,0.9692304518097375,1,0.7596965683860358
S2B_MSIL2A_20171205T065239_R020_T40RDP_20201014T120805_0000.jpg,S2B_MSIL2A_20171205T065239_R020_T40RDP_20201014T120805,0,2017-12,T40RDP,0.11230559144776027,0,0.7596965683860358
S2B_MSIL2A_20171205T065239_R020_T40RDP_20201014T120805_0001.jpg,S2B_MSIL2A_20171205T065239_R020_T40RDP_20201014T120805,0,2017-12,T40RDP,0.1241340113237158,0,0.7596965683860358
S2A_MSIL2A_20171210T065251_R020_T40RDP_20201014T130828_0000.jpg,S2A_MSIL2A_20171210T065251_R020_T40RDP_20201014T130828,0,2017-12,T40RDP,0.10030284209967649,0,0.7596965683860358
S2A_MSIL2A_20171210T065251_R020_T40RDP_20201014T130828_0001.jpg,S2A_MSIL2A_20171210T065251_R020_T40RDP_20201014T130828,0,2017-12,T40RDP,0.0942765046345509,0,0.7596965683860358
S2A_MSIL2A_20171230T065301_R020_T40RDP_20201014T171731_0000.jpg,S2A_MSIL2A_20171230T065301_R020_T40RDP_20201014T171731,0,2017-12,T40RDP,0.289515699565428,0,0.7596965683860358
S2A_MSIL2A_20171230T065301_R020_T40RDP_20201014T171731_0001.jpg,S2A_MSIL2A_20171230T065301_R020_T40RDP_20201014T171731,0,2017-12,T40RDP,0.30778721785427665,0,0.7596965683860358
S2B_MSIL2A_20180104T065249_R020_T40RDP_20201014T031905_0000.jpg,S2B_MSIL2A_20180104T065249_R020_T40RDP_20201014T031905,0,2018-01,T40RDP,0.12652857180856245,0,0.7596965683860358
S2B_MSIL2A_20180104T065249_R020_T40RDP_20201014T031905_0001.jpg,S2B_MSIL2A_20180104T065249_R020_T40RDP_20201014T031905,0,2018-01,T40RDP,0.12487587711644355,0,0.7596965683860358
S2B_MSIL2A_20180114T065229_R020_T40RDP_20201014T054511_0000.jpg,S2B_MSIL2A_20180114T065229_R020_T40RDP_20201014T054511,0,2018-01,T40RDP,0.11681451902668125,0,0.7596965683860358
S2B_MSIL2A_20180114T065229_R020_T40RDP_20201014T054511_0001.jpg,S2B_MSIL2A_20180114T065229_R020_T40RDP_20201014T054511,0,2018-01,T40RDP,0.10901312462162507,0,0.7596965683860358
S2B_MSIL2A_20180203T065059_R020_T40RDP_20201025T221931_0000.jpg,S2B_MSIL2A_20180203T065059_R020_T40RDP_20201025T221931,0,2018-02,T40RDP,0.8442203781282193,1,0.7596965683860358
S2B_MSIL2A_20180203T065059_R020_T40RDP_20201025T221931_0001.jpg,S2B_MSIL2A_20180203T065059_R020_T40RDP_20201025T221931,0,2018-02,T40RDP,0.8523783067843037,1,0.7596965683860358
S2B_MSIL2A_20180223T064849_R020_T40RDP_20201014T003814_0000.jpg,S2B_MSIL2A_20180223T064849_R020_T40RDP_20201014T003814,1,2018-02,T40RDP,0.31606845144499884,0,0.7596965683860358
S2B_MSIL2A_20180223T064849_R020_T40RDP_20201014T003814_0001.jpg,S2B_MSIL2A_20180223T064849_R020_T40RDP_20201014T003814,1,2018-02,T40RDP,0.30910062070439015,0,0.7596965683860358
S2B_MSIL2A_20180315T064629_R020_T40RDP_20201013T092614_0000.jpg,S2B_MSIL2A_20180315T064629_R020_T40RDP_20201013T092614,1,2018-03,T40RDP,0.5630476473584644,0,0.7596965683860358
S2B_MSIL2A_20180315T064629_R020_T40RDP_20201013T092614_0001.jpg,S2B_MSIL2A_20180315T064629_R020_T40RDP_20201013T092614,1,2018-03,T40RDP,0.5687621599310491,0,0.7596965683860358
S2A_MSIL2A_20180320T064621_R020_T40RDP_20201013T113227_0000.jpg,S2A_MSIL2A_20180320T064621_R020_T40RDP_20201013T113227,1,2018-03,T40RDP,0.7751291849711468,1,0.7596965683860358
S2A_MSIL2A_20180320T064621_R020_T40RDP_20201013T113227_0001.jpg,S2A_MSIL2A_20180320T064621_R020_T40RDP_20201013T113227,1,2018-03,T40RDP,0.776345682527844,1,0.7596965683860358
S2B_MSIL2A_20180325T064629_R020_T40RDP_20201013T140927_0000.jpg,S2B_MSIL2A_20180325T064629_R020_T40RDP_20201013T140927,0,2018-03,T40RDP,0.02672714120928613,0,0.7596965683860358
S2B_MSIL2A_20180325T064629_R020_T40RDP_20201013T140927_0001.jpg,S2B_MSIL2A_20180325T064629_R020_T40RDP_20201013T140927,0,2018-03,T40RDP,0.03229918103162655,0,0.7596965683860358
S2B_MSIL2A_20180424T064619_R020_T40RDP_20201013T021211_0000.jpg,S2B_MSIL2A_20180424T064619_R020_T40RDP_20201013T021211,0,2018-04,T40RDP,0.1275138302848864,0,0.7596965683860358
S2B_MSIL2A_20180424T064619_R020_T40RDP_20201013T021211_0001.jpg,S2B_MSIL2A_20180424T064619_R020_T40RDP_20201013T021211,0,2018-04,T40RDP,0.1162283731458113,0,0.7596965683860358
S2A_MSIL2A_20180429T064631_R020_T40RDP_20201013T040255_0000.jpg,S2A_MSIL2A_20180429T064631_R020_T40RDP_20201013T040255,0,2018-04,T40RDP,0.1977262478589363,0,0.7596965683860358
S2A_MSIL2A_20180429T064631_R020_T40RDP_20201013T040255_0001.jpg,S2A_MSIL2A_20180429T064631_R020_T40RDP_20201013T040255,0,2018-04,T40RDP,0.19508548585813615,0,0.7596965683860358
S2B_MSIL2A_20180504T064619_R020_T40RDP_20201012T054955_0000.jpg,S2B_MSIL2A_20180504T064619_R020_T40RDP_20201012T054955,0,2018-05,T40RDP,0.21205438846032929,0,0.7596965683860358
S2B_MSIL2A_20180504T064619_R020_T40RDP_20201012T054955_0001.jpg,S2B_MSIL2A_20180504T064619_R020_T40RDP_20201012T054955,0,2018-05,T40RDP,0.24335234900593455,0,0.7596965683860358
S2A_MSIL2A_20180509T064631_R020_T40RDP_20201012T073707_0000.jpg,S2A_MSIL2A_20180509T064631_R020_T40RDP_20201012T073707,0,2018-05,T40RDP,0.6591461772786817,0,0.7596965683860358
S2A_MSIL2A_20180509T064631_R020_T40RDP_20201012T073707_0001.jpg,S2A_MSIL2A_20180509T064631_R020_T40RDP_20201012T073707,0,2018-05,T40RDP,0.687948070860058,0,0.7596965683860358
S2A_MSIL2A_20180519T064631_R020_T40RDP_20201012T113634_0000.jpg,S2A_MSIL2A_20180519T064631_R020_T40RDP_20201012T113634,0,2018-05,T40RDP,8.823961798017561e-05,0,0.7596965683860358
S2A_MSIL2A_20180519T064631_R020_T40RDP_20201012T113634_0001.jpg,S2A_MSIL2A_20180519T064631_R020_T40RDP_20201012T113634,0,2018-05,T40RDP,9.995637625699686e-05,0,0.7596965683860358
S2A_MSIL2A_20180608T064621_R020_T40RDP_20201026T185741_0000.jpg,S2A_MSIL2A_20180608T064621_R020_T40RDP_20201026T185741,0,2018-06,T40RDP,0.027303538423296,0,0.7596965683860358
S2A_MSIL2A_20180608T064621_R020_T40RDP_20201026T185741_0001.jpg,S2A_MSIL2A_20180608T064621_R020_T40RDP_20201026T185741,0,2018-06,T40RDP,0.027503352873951874,0,0.7596965683860358
S2A_MSIL2A_20180618T064621_R020_T40RDP_20201011T232818_0000.jpg,S2A_MSIL2A_20180618T064621_R020_T40RDP_20201011T232818,0,2018-06,T40RDP,0.33793070595218666,0,0.7596965683860358
S2A_MSIL2A_20180618T064621_R020_T40RDP_20201011T232818_0001.jpg,S2A_MSIL2A_20180618T064621_R020_T40RDP_20201011T232818,0,2018-06,T40RDP,0.34587326024654397,0,0.7596965683860358
S2A_MSIL2A_20180628T064621_R020_T40RDP_20201012T031832_0000.jpg,S2A_MSIL2A_20180628T064621_R020_T40RDP_20201012T031832,1,2018-06,T40RDP,0.9994571636772112,1,0.7596965683860358
S2A_MSIL2A_20180628T064621_R020_T40RDP_20201012T031832_0001.jpg,S2A_MSIL2A_20180628T064621_R020_T40RDP_20201012T031832,1,2018-06,T40RDP,0.9994653709660974,1,0.7596965683860358
S2A_MSIL2A_20180708T064631_R020_T40RDP_20201011T131710_0000.jpg,S2A_MSIL2A_20180708T064631_R020_T40RDP_20201011T131710,1,2018-07,T40RDP,0.9999794329658285,1,0.7596965683860358
S2A_MSIL2A_20180708T064631_R020_T40RDP_20201011T131710_0001.jpg,S2A_MSIL2A_20180708T064631_R020_T40RDP_20201011T131710,1,2018-07,T40RDP,0.9999773252105674,1,0.7596965683860358
S2B_MSIL2A_20180723T064619_R020_T40RDP_20201011T191134_0000.jpg,S2B_MSIL2A_20180723T064619_R020_T40RDP_20201011T191134,0,2018-07,T40RDP,0.0007093351382898262,0,0.7596965683860358
S2A_MSIL2A_20180728T064631_R020_T40RDP_20201011T205420_0000.jpg,S2A_MSIL2A_20180728T064631_R020_T40RDP_20201011T205420,1,2018-07,T40RDP,0.6141253043017165,0,0.7596965683860358
S2A_MSIL2A_20180728T064631_R020_T40RDP_20201011T205420_0001.jpg,S2A_MSIL2A_20180728T064631_R020_T40RDP_20201011T205420,1,2018-07,T40RDP,0.6330337285059503,0,0.7596965683860358
S2B_MSIL2A_20180802T064619_R020_T40RDP_20201010T202417_0000.jpg,S2B_MSIL2A_20180802T064619_R020_T40RDP_20201010T202417,1,2018-08,T40RDP,0.5913054657569664,0,0.7596965683860358
S2B_MSIL2A_20180802T064619_R020_T40RDP_20201010T202417_0001.jpg,S2B_MSIL2A_20180802T064619_R020_T40RDP_20201010T202417,1,2018-08,T40RDP,0.6097656908954261,0,0.7596965683860358
S2B_MSIL2A_20180812T064619_R020_T40RDP_20201011T004858_0000.jpg,S2B_MSIL2A_20180812T064619_R020_T40RDP_20201011T004858,1,2018-08,T40RDP,0.999999,1,0.7596965683860358
S2B_MSIL2A_20180812T064619_R020_T40RDP_20201011T004858_0001.jpg,S2B_MSIL2A_20180812T064619_R020_T40RDP_20201011T004858,1,2018-08,T40RDP,0.999999,1,0.7596965683860358
S2A_MSIL2A_20180906T064621_R020_T40RDP_20201011T091051_0000.jpg,S2A_MSIL2A_20180906T064621_R020_T40RDP_20201011T091051,0,2018-09,T40RDP,0.21754718850894847,0,0.7596965683860358
S2A_MSIL2A_20180906T064621_R020_T40RDP_20201011T091051_0001.jpg,S2A_MSIL2A_20180906T064621_R020_T40RDP_20201011T091051,0,2018-09,T40RDP,0.2311243074674557,0,0.7596965683860358
S2B_MSIL2A_20180911T064619_R020_T40RDP_20201009T000728_0000.jpg,S2B_MSIL2A_20180911T064619_R020_T40RDP_20201009T000728,0,2018-09,T40RDP,0.2454102403559692,0,0.7596965683860358
S2B_MSIL2A_20180911T064619_R020_T40RDP_20201009T000728_0001.jpg,S2B_MSIL2A_20180911T064619_R020_T40RDP_20201009T000728,0,2018-09,T40RDP,0.23539536590262672,0,0.7596965683860358
S2A_MSIL2A_20180926T064731_R020_T40RDP_20201009T050107_0000.jpg,S2A_MSIL2A_20180926T064731_R020_T40RDP_20201009T050107,1,2018-09,T40RDP,0.5804727269968557,0,0.7596965683860358
S2A_MSIL2A_20180926T064731_R020_T40RDP_20201009T050107_0001.jpg,S2A_MSIL2A_20180926T064731_R020_T40RDP_20201009T050107,1,2018-09,T40RDP,0.5841870814866748,0,0.7596965683860358
S2B_MSIL2A_20181001T064659_R020_T40RDP_20201009T070050_0000.jpg,S2B_MSIL2A_20181001T064659_R020_T40RDP_20201009T070050,0,2018-10,T40RDP,0.2470828237113486,0,0.7596965683860358
S2B_MSIL2A_20181001T064659_R020_T40RDP_20201009T070050_0001.jpg,S2B_MSIL2A_20181001T064659_R020_T40RDP_20201009T070050,0,2018-10,T40RDP,0.2443433762803205,0,0.7596965683860358
S2B_MSIL2A_20181011T064809_R020_T40RDP_20201009T103222_0000.jpg,S2B_MSIL2A_20181011T064809_R020_T40RDP_20201009T103222,0,2018-10,T40RDP,0.055608845457107446,0,0.7596965683860358
S2B_MSIL2A_20181011T064809_R020_T40RDP_20201009T103222_0001.jpg,S2B_MSIL2A_20181011T064809_R020_T40RDP_20201009T103222,0,2018-10,T40RDP,0.052392991304312936,0,0.7596965683860358
S2B_MSIL2A_20181021T064909_R020_T40RDP_20201009T135435_0000.jpg,S2B_MSIL2A_20181021T064909_R020_T40RDP_20201009T135435,0,2018-10,T40RDP,0.009239981331927017,0,0.7596965683860358
S2B_MSIL2A_20181021T064909_R020_T40RDP_20201009T135435_0001.jpg,S2B_MSIL2A_20181021T064909_R020_T40RDP_20201009T135435,0,2018-10,T40RDP,0.009201782953283581,0,0.7596965683860358
S2A_MSIL2A_20181105T065041_R020_T40RDP_20201008T155607_0000.jpg,S2A_MSIL2A_20181105T065041_R020_T40RDP_20201008T155607,0,2018-11,T40RDP,0.15265705175716135,0,0.7596965683860358
S2A_MSIL2A_20181105T065041_R020_T40RDP_20201008T155607_0001.jpg,S2A_MSIL2A_20181105T065041_R020_T40RDP_20201008T155607,0,2018-11,T40RDP,0.1269147271681233,0,0.7596965683860358
S2B_MSIL2A_20181110T065109_R020_T40RDP_20201008T173400_0000.jpg,S2B_MSIL2A_20181110T065109_R020_T40RDP_20201008T173400,0,2018-11,T40RDP,0.01814672008042408,0,0.7596965683860358
S2B_MSIL2A_20181110T065109_R020_T40RDP_20201008T173400_0001.jpg,S2B_MSIL2A_20181110T065109_R020_T40RDP_20201008T173400,0,2018-11,T40RDP,0.01695086580988648,0,0.7596965683860358
S2B_MSIL2A_20181120T065159_R020_T40RDP_20201008T201622_0000.jpg,S2B_MSIL2A_20181120T065159_R020_T40RDP_20201008T201622,0,2018-11,T40RDP,0.32475628444124227,0,0.7596965683860358
S2B_MSIL2A_20181120T065159_R020_T40RDP_20201008T201622_0001.jpg,S2B_MSIL2A_20181120T065159_R020_T40RDP_20201008T201622,0,2018-11,T40RDP,0.32722507642950116,0,0.7596965683860358
S2B_MSIL2A_20181130T065229_R020_T40RDP_20201008T230119_0000.jpg,S2B_MSIL2A_20181130T065229_R020_T40RDP_20201008T230119,0,2018-11,T40RDP,0.42146999645897504,0,0.7596965683860358
S2B_MSIL2A_20181130T065229_R020_T40RDP_20201008T230119_0001.jpg,S2B_MSIL2A_20181130T065229_R020_T40RDP_20201008T230119,0,2018-11,T40RDP,0.3994315056074158,0,0.7596965683860358
S2B_MSIL2A_20181220T065259_R020_T40RDP_20201008T114314_0000.jpg,S2B_MSIL2A_20181220T065259_R020_T40RDP_20201008T114314,0,2018-12,T40RDP,0.5460517692936949,0,0.7596965683860358
S2B_MSIL2A_20181220T065259_R020_T40RDP_20201008T114314_0001.jpg,S2B_MSIL2A_20181220T065259_R020_T40RDP_20201008T114314,0,2018-12,T40RDP,0.508423104007358,0,0.7596965683860358
S2A_MSIL2A_20181225T065301_R020_T40RDP_20210517T111901_0000.jpg,S2A_MSIL2A_20181225T065301_R020_T40RDP_20210517T111901,0,2018-12,T40RDP,0.4775086682334288,0,0.7596965683860358
S2A_MSIL2A_20181225T065301_R020_T40RDP_20210517T111901_0001.jpg,S2A_MSIL2A_20181225T065301_R020_T40RDP_20210517T111901,0,2018-12,T40RDP,0.4392606187669715,0,0.7596965683860358
S2B_MSIL2A_20190109T065249_R020_T40RDP_20201008T000956_0000.jpg,S2B_MSIL2A_20190109T065249_R020_T40RDP_20201008T000956,0,2019-01,T40RDP,0.0134303767115934,0,0.7596965683860358
S2B_MSIL2A_20190109T065249_R020_T40RDP_20201008T000956_0001.jpg,S2B_MSIL2A_20190109T065249_R020_T40RDP_20201008T000956,0,2019-01,T40RDP,0.014322882598715161,0,0.7596965683860358
S2A_MSIL2A_20190124T065151_R020_T40RDP_20201008T041007_0000.jpg,S2A_MSIL2A_20190124T065151_R020_T40RDP_20201008T041007,1,2019-01,T40RDP,0.8584071652568847,1,0.7596965683860358
S2A_MSIL2A_20190124T065151_R020_T40RDP_20201008T041007_0001.jpg,S2A_MSIL2A_20190124T065151_R020_T40RDP_20201008T041007,1,2019-01,T40RDP,0.859324980694365,1,0.7596965683860358
S2A_MSIL2A_20190223T064851_R020_T40RDP_20201007T194425_0000.jpg,S2A_MSIL2A_20190223T064851_R020_T40RDP_20201007T194425,0,2019-02,T40RDP,0.3239291110622073,0,0.7596965683860358
S2A_MSIL2A_20190223T064851_R020_T40RDP_20201007T194425_0001.jpg,S2A_MSIL2A_20190223T064851_R020_T40RDP_20201007T194425,0,2019-02,T40RDP,0.337294343237759,0,0.7596965683860358
S2B_MSIL2A_20190310T064709_R020_T40RDP_20201007T051616_0000.jpg,S2B_MSIL2A_20190310T064709_R020_T40RDP_20201007T051616,0,2019-03,T40RDP,0.1688132436705843,0,0.7596965683860358
S2B_MSIL2A_20190310T064709_R020_T40RDP_20201007T051616_0001.jpg,S2B_MSIL2A_20190310T064709_R020_T40RDP_20201007T051616,0,2019-03,T40RDP,0.17576894780466407,0,0.7596965683860358
S2B_MSIL2A_20190419T064629_R020_T40RDP_20201007T040446_0000.jpg,S2B_MSIL2A_20190419T064629_R020_T40RDP_20201007T040446,1,2019-04,T40RDP,0.14432307681814738,0,0.7596965683860358
S2B_MSIL2A_20190419T064629_R020_T40RDP_20201007T040446_0001.jpg,S2B_MSIL2A_20190419T064629_R020_T40RDP_20201007T040446,1,2019-04,T40RDP,0.1425728364130239,0,0.7596965683860358
S2A_MSIL2A_20190504T064631_R020_T40RDP_20201006T094827_0000.jpg,S2A_MSIL2A_20190504T064631_R020_T40RDP_20201006T094827,0,2019-05,T40RDP,0.05388365025317252,0,0.7596965683860358
S2A_MSIL2A_20190504T064631_R020_T40RDP_20201006T094827_0001.jpg,S2A_MSIL2A_20190504T064631_R020_T40RDP_20201006T094827,0,2019-05,T40RDP,0.040763762846073553,0,0.7596965683860358
S2A_MSIL2A_20190514T064631_R020_T40RDP_20201006T135529_0000.jpg,S2A_MSIL2A_20190514T064631_R020_T40RDP_20201006T135529,0,2019-05,T40RDP,0.044865028200495316,0,0.7596965683860358
S2A_MSIL2A_20190514T064631_R020_T40RDP_20201006T135529_0001.jpg,S2A_MSIL2A_20190514T064631_R020_T40RDP_20201006T135529,0,2019-05,T40RDP,0.04747068867189734,0,0.7596965683860358
S2A_MSIL2A_20190524T064631_R020_T40RDP_20201006T174148_0000.jpg,S2A_MSIL2A_20190524T064631_R020_T40RDP_20201006T174148,0,2019-05,T40RDP,0.4243666110917922,0,0.7596965683860358
S2A_MSIL2A_20190524T064631_R020_T40RDP_20201006T174148_0001.jpg,S2A_MSIL2A_20190524T064631_R020_T40RDP_20201006T174148,0,2019-05,T40RDP,0.4206573598855612,0,0.7596965683860358
S2B_MSIL2A_20190529T064629_R020_T40RDP_20201006T195139_0000.jpg,S2B_MSIL2A_20190529T064629_R020_T40RDP_20201006T195139,0,2019-05,T40RDP,0.6981360076408235,0,0.7596965683860358
S2B_MSIL2A_20190529T064629_R020_T40RDP_20201006T195139_0001.jpg,S2B_MSIL2A_20190529T064629_R020_T40RDP_20201006T195139,0,2019-05,T40RDP,0.6384368368291667,0,0.7596965683860358
S2B_MSIL2A_20190608T064629_R020_T40RDP_20201005T234358_0000.jpg,S2B_MSIL2A_20190608T064629_R020_T40RDP_20201005T234358,0,2019-06,T40RDP,0.35406852139308004,0,0.7596965683860358
S2B_MSIL2A_20190608T064629_R020_T40RDP_20201005T234358_0001.jpg,S2B_MSIL2A_20190608T064629_R020_T40RDP_20201005T234358,0,2019-06,T40RDP,0.44022282419384196,0,0.7596965683860358
S2A_MSIL2A_20190623T064631_R020_T40RDP_20201006T051614_0000.jpg,S2A_MSIL2A_20190623T064631_R020_T40RDP_20201006T051614,1,2019-06,T40RDP,0.999999,1,0.7596965683860358
S2A_MSIL2A_20190623T064631_R020_T40RDP_20201006T051614_0001.jpg,S2A_MSIL2A_20190623T064631_R020_T40RDP_20201006T051614,1,2019-06,T40RDP,0.999999,1,0.7596965683860358
S2B_MSIL2A_20190628T064629_R020_T40RDP_20201006T073142_0000.jpg,S2B_MSIL2A_20190628T064629_R020_T40RDP_20201006T073142,0,2019-06,T40RDP,0.006563079341094063,0,0.7596965683860358
S2B_MSIL2A_20190628T064629_R020_T40RDP_20201006T073142_0001.jpg,S2B_MSIL2A_20190628T064629_R020_T40RDP_20201006T073142,0,2019-06,T40RDP,0.006699105086373212,0,0.7596965683860358
S2A_MSIL2A_20190713T064631_R020_T40RDP_20201005T131846_0000.jpg,S2A_MSIL2A_20190713T064631_R020_T40RDP_20201005T131846,1,2019-07,T40RDP,0.20375139265187536,0,0.7596965683860358
S2A_MSIL2A_20190713T064631_R020_T40RDP_20201005T131846_0001.jpg,S2A_MSIL2A_20190713T064631_R020_T40RDP_20201005T131846,1,2019-07,T40RDP,0.17200222788647193,0,0.7596965683860358
S2A_MSIL2A_20190723T064631_R020_T40RDP_20201005T182344_0000.jpg,S2A_MSIL2A_20190723T064631_R020_T40RDP_20201005T182344,0,2019-07,T40RDP,1.2038291500752197e-05,0,0.7596965683860358
S2A_MSIL2A_20190723T064631_R020_T40RDP_20201005T182344_0001.jpg,S2A_MSIL2A_20190723T064631_R020_T40RDP_20201005T182344,0,2019-07,T40RDP,1.2622648097432011e-05,0,0.7596965683860358
S2B_MSIL2A_20190728T064629_R020_T40RDP_20201109T153250_0000.jpg,S2B_MSIL2A_20190728T064629_R020_T40RDP_20201109T153250,1,2019-07,T40RDP,0.9892989312068093,1,0.7596965683860358
S2B_MSIL2A_20190728T064629_R020_T40RDP_20201109T153250_0001.jpg,S2B_MSIL2A_20190728T064629_R020_T40RDP_20201109T153250,1,2019-07,T40RDP,0.9886371669899242,1,0.7596965683860358
S2B_MSIL2A_20190807T064629_R020_T40RDP_20201004T213620_0000.jpg,S2B_MSIL2A_20190807T064629_R020_T40RDP_20201004T213620,0,2019-08,T40RDP,0.1948743317020248,0,0.7596965683860358
S2B_MSIL2A_20190807T064629_R020_T40RDP_20201004T213620_0001.jpg,S2B_MSIL2A_20190807T064629_R020_T40RDP_20201004T213620,0,2019-08,T40RDP,0.1693501947823539,0,0.7596965683860358
S2B_MSIL2A_20190817T064629_R020_T40RDP_20201005T013402_0000.jpg,S2B_MSIL2A_20190817T064629_R020_T40RDP_20201005T013402,1,2019-08,T40RDP,0.9845961786119807,1,0.7596965683860358
S2B_MSIL2A_20190817T064629_R020_T40RDP_20201005T013402_0001.jpg,S2B_MSIL2A_20190817T064629_R020_T40RDP_20201005T013402,1,2019-08,T40RDP,0.9859665581123356,1,0.7596965683860358
S2B_MSIL2A_20190827T064629_R020_T40RDP_20201005T053726_0000.jpg,S2B_MSIL2A_20190827T064629_R020_T40RDP_20201005T053726,0,2019-08,T40RDP,0.09459864003873367,0,0.7596965683860358
S2B_MSIL2A_20190827T064629_R020_T40RDP_20201005T053726_0001.jpg,S2B_MSIL2A_20190827T064629_R020_T40RDP_20201005T053726,0,2019-08,T40RDP,0.08776248843138548,0,0.7596965683860358
S2A_MSIL2A_20190901T064621_R020_T40RDP_20201004T075503_0000.jpg,S2A_MSIL2A_20190901T064621_R020_T40RDP_20201004T075503,1,2019-09,T40RDP,0.3221585554668849,0,0.7596965683860358
S2A_MSIL2A_20190901T064621_R020_T40RDP_20201004T075503_0001.jpg,S2A_MSIL2A_20190901T064621_R020_T40RDP_20201004T075503,1,2019-09,T40RDP,0.334257464113774,0,0.7596965683860358
S2A_MSIL2A_20190921T064621_R020_T40RDP_20201004T153556_0000.jpg,S2A_MSIL2A_20190921T064621_R020_T40RDP_20201004T153556,0,2019-09,T40RDP,0.03655163336570192,0,0.7596965683860358
S2A_MSIL2A_20190921T064621_R020_T40RDP_20201004T153556_0001.jpg,S2A_MSIL2A_20190921T064621_R020_T40RDP_20201004T153556,0,2019-09,T40RDP,0.03698344077918778,0,0.7596965683860358
S2B_MSIL2A_20190926T064629_R020_T40RDP_20201004T172427_0000.jpg,S2B_MSIL2A_20190926T064629_R020_T40RDP_20201004T172427,0,2019-09,T40RDP,0.38088049232251153,0,0.7596965683860358
S2B_MSIL2A_20190926T064629_R020_T40RDP_20201004T172427_0001.jpg,S2B_MSIL2A_20190926T064629_R020_T40RDP_20201004T172427,0,2019-09,T40RDP,0.37649958679517476,0,0.7596965683860358
S2A_MSIL2A_20191021T064921_R020_T40RDP_20201004T043625_0000.jpg,S2A_MSIL2A_20191021T064921_R020_T40RDP_20201004T043625,0,2019-10,T40RDP,0.03236987879213711,0,0.7596965683860358
S2A_MSIL2A_20191021T064921_R020_T40RDP_20201004T043625_0001.jpg,S2A_MSIL2A_20191021T064921_R020_T40RDP_20201004T043625,0,2019-10,T40RDP,0.03300310754871251,0,0.7596965683860358
S2B_MSIL2A_20191026T064949_R020_T40RDP_20201004T062631_0000.jpg,S2B_MSIL2A_20191026T064949_R020_T40RDP_20201004T062631,0,2019-10,T40RDP,0.361394572593549,0,0.7596965683860358
S2B_MSIL2A_20191026T064949_R020_T40RDP_20201004T062631_0001.jpg,S2B_MSIL2A_20191026T064949_R020_T40RDP_20201004T062631,0,2019-10,T40RDP,0.40130135299499725,0,0.7596965683860358
S2B_MSIL2A_20191115T065129_R020_T40RDP_20201003T164839_0000.jpg,S2B_MSIL2A_20191115T065129_R020_T40RDP_20201003T164839,0,2019-11,T40RDP,0.20625824629541764,0,0.7596965683860358
S2B_MSIL2A_20191115T065129_R020_T40RDP_20201003T164839_0001.jpg,S2B_MSIL2A_20191115T065129_R020_T40RDP_20201003T164839,0,2019-11,T40RDP,0.24127228265585154,0,0.7596965683860358
S2A_MSIL2A_20191130T065231_R020_T40RDP_20201003T205829_0000.jpg,S2A_MSIL2A_20191130T065231_R020_T40RDP_20201003T205829,0,2019-11,T40RDP,0.7345415507416123,0,0.7596965683860358
S2A_MSIL2A_20191130T065231_R020_T40RDP_20201003T205829_0001.jpg,S2A_MSIL2A_20191130T065231_R020_T40RDP_20201003T205829,0,2019-11,T40RDP,0.7274947355928196,0,0.7596965683860358
S2B_MSIL2A_20191205T065239_R020_T40RDP_20201003T010709_0000.jpg,S2B_MSIL2A_20191205T065239_R020_T40RDP_20201003T010709,0,2019-12,T40RDP,0.1246297533549293,0,0.7596965683860358
S2B_MSIL2A_20191205T065239_R020_T40RDP_20201003T010709_0001.jpg,S2B_MSIL2A_20191205T065239_R020_T40RDP_20201003T010709,0,2019-12,T40RDP,0.18072186063733725,0,0.7596965683860358
S2B_MSIL2A_20200104T065249_R020_T40RDP_20201002T225337_0000.jpg,S2B_MSIL2A_20200104T065249_R020_T40RDP_20201002T225337,0,2020-01,T40RDP,0.041981297992867976,0,0.7596965683860358
S2B_MSIL2A_20200104T065249_R020_T40RDP_20201002T225337_0001.jpg,S2B_MSIL2A_20200104T065249_R020_T40RDP_20201002T225337,0,2020-01,T40RDP,0.03735631998984245,0,0.7596965683860358
S2A_MSIL2A_20200119T065211_R020_T40RDP_20201002T203648_0000.jpg,S2A_MSIL2A_20200119T065211_R020_T40RDP_20201002T203648,0,2020-01,T40RDP,0.31866984223865996,0,0.7596965683860358
S2A_MSIL2A_20200119T065211_R020_T40RDP_20201002T203648_0001.jpg,S2A_MSIL2A_20200119T065211_R020_T40RDP_20201002T203648,0,2020-01,T40RDP,0.32648715317188187,0,0.7596965683860358
S2A_MSIL2A_20200129T065121_R020_T40RDP_20201002T141743_0000.jpg,S2A_MSIL2A_20200129T065121_R020_T40RDP_20201002T141743,0,2020-01,T40RDP,4.441369888732284e-05,0,0.7596965683860358
S2A_MSIL2A_20200129T065121_R020_T40RDP_20201002T141743_0001.jpg,S2A_MSIL2A_20200129T065121_R020_T40RDP_20201002T141743,0,2020-01,T40RDP,4.1930514678934515e-05,0,0.7596965683860358
S2B_MSIL2A_20200213T064959_R020_T40RDP_20201001T220149_0000.jpg,S2B_MSIL2A_20200213T064959_R020_T40RDP_20201001T220149,0,2020-02,T40RDP,0.2800974063384262,0,0.7596965683860358
S2B_MSIL2A_20200223T064859_R020_T40RDP_20200928T000732_0000.jpg,S2B_MSIL2A_20200223T064859_R020_T40RDP_20200928T000732,0,2020-02,T40RDP,0.20858486443179472,0,0.7596965683860358
S2B_MSIL2A_20200223T064859_R020_T40RDP_20200928T000732_0001.jpg,S2B_MSIL2A_20200223T064859_R020_T40RDP_20200928T000732,0,2020-02,T40RDP,0.21705641021923347,0,0.7596965683860358
S2A_MSIL2A_20200228T064821_R020_T40RDP_20200928T220644_0000.jpg,S2A_MSIL2A_20200228T064821_R020_T40RDP_20200928T220644,0,2020-02,T40RDP,0.07433347798185466,0,0.7596965683860358
S2A_MSIL2A_20200228T064821_R020_T40RDP_20200928T220644_0001.jpg,S2A_MSIL2A_20200228T064821_R020_T40RDP_20200928T220644,0,2020-02,T40RDP,0.08092750201447439,0,0.7596965683860358
S2B_MSIL2A_20200304T064749_R020_T40RDP_20200928T130112_0000.jpg,S2B_MSIL2A_20200304T064749_R020_T40RDP_20200928T130112,0,2020-03,T40RDP,0.5052950540236479,0,0.7596965683860358
S2B_MSIL2A_20200304T064749_R020_T40RDP_20200928T130112_0001.jpg,S2B_MSIL2A_20200304T064749_R020_T40RDP_20200928T130112,0,2020-03,T40RDP,0.5182909193539991,0,0.7596965683860358
S2B_MSIL2A_20200403T064619_R020_T40RDP_20200924T210324_0000.jpg,S2B_MSIL2A_20200403T064619_R020_T40RDP_20200924T210324,0,2020-04,T40RDP,0.22092043229806266,0,0.7596965683860358
S2B_MSIL2A_20200403T064619_R020_T40RDP_20200924T210324_0001.jpg,S2B_MSIL2A_20200403T064619_R020_T40RDP_20200924T210324,0,2020-04,T40RDP,0.18516626372572426,0,0.7596965683860358
S2A_MSIL2A_20200428T064631_R020_T40RDP_20200922T100835_0000.jpg,S2A_MSIL2A_20200428T064631_R020_T40RDP_20200922T100835,1,2020-04,T40RDP,0.6521247169516616,0,0.7596965683860358
S2A_MSIL2A_20200428T064631_R020_T40RDP_20200922T100835_0001.jpg,S2A_MSIL2A_20200428T064631_R020_T40RDP_20200922T100835,1,2020-04,T40RDP,0.5983085844062127,0,0.7596965683860358
S2B_MSIL2A_20200513T064629_R020_T40RDP_20200918T015052_0000.jpg,S2B_MSIL2A_20200513T064629_R020_T40RDP_20200918T015052,0,2020-05,T40RDP,0.17917664109919132,0,0.7596965683860358
S2B_MSIL2A_20200513T064629_R020_T40RDP_20200918T015052_0001.jpg,S2B_MSIL2A_20200513T064629_R020_T40RDP_20200918T015052,0,2020-05,T40RDP,0.1729320534114776,0,0.7596965683860358
S2A_MSIL2A_20200617T064631_R020_T40RDP_20200823T013151_0000.jpg,S2A_MSIL2A_20200617T064631_R020_T40RDP_20200823T013151,1,2020-06,T40RDP,0.644966083738207,0,0.7596965683860358
S2A_MSIL2A_20200617T064631_R020_T40RDP_20200823T013151_0001.jpg,S2A_MSIL2A_20200617T064631_R020_T40RDP_20200823T013151,1,2020-06,T40RDP,0.6257179799825469,0,0.7596965683860358
S2A_MSIL2A_20200627T064631_R020_T40RDP_20200908T232057_0000.jpg,S2A_MSIL2A_20200627T064631_R020_T40RDP_20200908T232057,0,2020-06,T40RDP,0.014356532027718817,0,0.7596965683860358
S2A_MSIL2A_20200627T064631_R020_T40RDP_20200908T232057_0001.jpg,S2A_MSIL2A_20200627T064631_R020_T40RDP_20200908T232057,0,2020-06,T40RDP,0.01510598319638396,0,0.7596965683860358
S2A_MSIL2A_20200707T064631_R020_T40RDP_20200912T074110_0000.jpg,S2A_MSIL2A_20200707T064631_R020_T40RDP_20200912T074110,0,2020-07,T40RDP,0.0556477785697689,0,0.7596965683860358
S2A_MSIL2A_20200707T064631_R020_T40RDP_20200912T074110_0001.jpg,S2A_MSIL2A_20200707T064631_R020_T40RDP_20200912T074110,0,2020-07,T40RDP,0.03832678706797353,0,0.7596965683860358
S2B_MSIL2A_20200712T064629_R020_T40RDP_20200912T225615_0000.jpg,S2B_MSIL2A_20200712T064629_R020_T40RDP_20200912T225615,0,2020-07,T40RDP,0.13788162965700937,0,0.7596965683860358
S2B_MSIL2A_20200712T064629_R020_T40RDP_20200912T225615_0001.jpg,S2B_MSIL2A_20200712T064629_R020_T40RDP_20200912T225615,0,2020-07,T40RDP,0.14463874680496605,0,0.7596965683860358
S2A_MSIL2A_20200727T064631_R020_T40RDP_20200817T172227_0000.jpg,S2A_MSIL2A_20200727T064631_R020_T40RDP_20200817T172227,0,2020-07,T40RDP,0.9594227934625633,1,0.7596965683860358
S2A_MSIL2A_20200727T064631_R020_T40RDP_20200817T172227_0001.jpg,S2A_MSIL2A_20200727T064631_R020_T40RDP_20200817T172227,0,2020-07,T40RDP,0.9521009147559765,1,0.7596965683860358
S2A_MSIL2A_20200806T064631_R020_T40RDP_20200815T045031_0000.jpg,S2A_MSIL2A_20200806T064631_R020_T40RDP_20200815T045031,1,2020-08,T40RDP,0.5628703551004948,0,0.7596965683860358
S2A_MSIL2A_20200806T064631_R020_T40RDP_20200815T045031_0001.jpg,S2A_MSIL2A_20200806T064631_R020_T40RDP_20200815T045031,1,2020-08,T40RDP,0.5457294623282942,0,0.7596965683860358
S2A_MSIL2A_20200905T064631_R020_T40RDP_20200908T041703_0000.jpg,S2A_MSIL2A_20200905T064631_R020_T40RDP_20200908T041703,0,2020-09,T40RDP,1e-06,0,0.7596965683860358
S2A_MSIL2A_20200905T064631_R020_T40RDP_20200908T041703_0001.jpg,S2A_MSIL2A_20200905T064631_R020_T40RDP_20200908T041703,0,2020-09,T40RDP,1e-06,0,0.7596965683860358
S2A_MSIL2A_20200915T064631_R020_T40RDP_20200918T105421_0000.jpg,S2A_MSIL2A_20200915T064631_R020_T40RDP_20200918T105421,1,2020-09,T40RDP,0.7603219237018476,1,0.7596965683860358
S2A_MSIL2A_20200915T064631_R020_T40RDP_20200918T105421_0001.jpg,S2A_MSIL2A_20200915T064631_R020_T40RDP_20200918T105421,1,2020-09,T40RDP,0.7920404298384608,1,0.7596965683860358
S2B_MSIL2A_20200920T064629_R020_T40RDP_20201027T231612_0000.jpg,S2B_MSIL2A_20200920T064629_R020_T40RDP_20201027T231612,1,2020-09,T40RDP,0.8774992309805473,1,0.7596965683860358
S2B_MSIL2A_20200920T064629_R020_T40RDP_20201027T231612_0001.jpg,S2B_MSIL2A_20200920T064629_R020_T40RDP_20201027T231612,1,2020-09,T40RDP,0.8727137459321509,1,0.7596965683860358
S2A_MSIL2A_20200925T064631_R020_T40RDP_20200926T233117_0000.jpg,S2A_MSIL2A_20200925T064631_R020_T40RDP_20200926T233117,0,2020-09,T40RDP,0.20922916569141717,0,0.7596965683860358
S2A_MSIL2A_20200925T064631_R020_T40RDP_20200926T233117_0001.jpg,S2A_MSIL2A_20200925T064631_R020_T40RDP_20200926T233117,0,2020-09,T40RDP,0.20838017155622993,0,0.7596965683860358
S2A_MSIL2A_20201005T064741_R020_T40RDP_20201007T144803_0000.jpg,S2A_MSIL2A_20201005T064741_R020_T40RDP_20201007T144803,0,2020-10,T40RDP,0.7139294764443787,0,0.7596965683860358
S2A_MSIL2A_20201005T064741_R020_T40RDP_20201007T144803_0001.jpg,S2A_MSIL2A_20201005T064741_R020_T40RDP_20201007T144803,0,2020-10,T40RDP,0.7066359549556166,0,0.7596965683860358
S2B_MSIL2A_20201010T064809_R020_T40RDP_20201012T042755_0000.jpg,S2B_MSIL2A_20201010T064809_R020_T40RDP_20201012T042755,0,2020-10,T40RDP,0.05057992606993277,0,0.7596965683860358
S2B_MSIL2A_20201010T064809_R020_T40RDP_20201012T042755_0001.jpg,S2B_MSIL2A_20201010T064809_R020_T40RDP_20201012T042755,0,2020-10,T40RDP,0.046458319586822824,0,0.7596965683860358
S2B_MSIL2A_20201020T064919_R020_T40RDP_20201021T213850_0000.jpg,S2B_MSIL2A_20201020T064919_R020_T40RDP_20201021T213850,0,2020-10,T40RDP,0.01058776850380861,0,0.7596965683860358
S2B_MSIL2A_20201020T064919_R020_T40RDP_20201021T213850_0001.jpg,S2B_MSIL2A_20201020T064919_R020_T40RDP_20201021T213850,0,2020-10,T40RDP,0.0078443968375741,0,0.7596965683860358
S2B_MSIL2A_20201030T065019_R020_T40RDP_20201102T001742_0000.jpg,S2B_MSIL2A_20201030T065019_R020_T40RDP_20201102T001742,0,2020-10,T40RDP,0.03242095626336016,0,0.7596965683860358
S2B_MSIL2A_20201030T065019_R020_T40RDP_20201102T001742_0001.jpg,S2B_MSIL2A_20201030T065019_R020_T40RDP_20201102T001742,0,2020-10,T40RDP,0.03645011795627481,0,0.7596965683860358
S2A_MSIL2A_20201104T065051_R020_T40RDP_20201106T155819_0000.jpg,S2A_MSIL2A_20201104T065051_R020_T40RDP_20201106T155819,0,2020-11,T40RDP,0.031405583862309516,0,0.7596965683860358
S2A_MSIL2A_20201104T065051_R020_T40RDP_20201106T155819_0001.jpg,S2A_MSIL2A_20201104T065051_R020_T40RDP_20201106T155819,0,2020-11,T40RDP,0.036378579039104214,0,0.7596965683860358
S2B_MSIL2A_20201109T065109_R020_T40RDP_20201110T212424_0000.jpg,S2B_MSIL2A_20201109T065109_R020_T40RDP_20201110T212424,0,2020-11,T40RDP,0.05558923893183055,0,0.7596965683860358
S2B_MSIL2A_20201109T065109_R020_T40RDP_20201110T212424_0001.jpg,S2B_MSIL2A_20201109T065109_R020_T40RDP_20201110T212424,0,2020-11,T40RDP,0.07350028290881484,0,0.7596965683860358
S2A_MSIL2A_20201124T065211_R020_T40RDP_20201125T090010_0000.jpg,S2A_MSIL2A_20201124T065211_R020_T40RDP_20201125T090010,0,2020-11,T40RDP,0.3273295472979043,0,0.7596965683860358
S2A_MSIL2A_20201124T065211_R020_T40RDP_20201125T090010_0001.jpg,S2A_MSIL2A_20201124T065211_R020_T40RDP_20201125T090010,0,2020-11,T40RDP,0.30510187598164934,0,0.7596965683860358
S2B_MSIL2A_20201129T065229_R020_T40RDP_20201130T074538_0000.jpg,S2B_MSIL2A_20201129T065229_R020_T40RDP_20201130T074538,0,2020-11,T40RDP,0.34619819805858804,0,0.7596965683860358
S2B_MSIL2A_20201129T065229_R020_T40RDP_20201130T074538_0001.jpg,S2B_MSIL2A_20201129T065229_R020_T40RDP_20201130T074538,0,2020-11,T40RDP,0.3161252376740355,0,0.7596965683860358
S2A_MSIL2A_20201204T065241_R020_T40RDP_20201204T182220_0000.jpg,S2A_MSIL2A_20201204T065241_R020_T40RDP_20201204T182220,0,2020-12,T40RDP,0.009650943048757613,0,0.7596965683860358
S2A_MSIL2A_20201204T065241_R020_T40RDP_20201204T182220_0001.jpg,S2A_MSIL2A_20201204T065241_R020_T40RDP_20201204T182220,0,2020-12,T40RDP,0.0100440673253466,0,0.7596965683860358
S2A_MSIL2A_20201214T065301_R020_T40RDP_20201215T204015_0000.jpg,S2A_MSIL2A_20201214T065301_R020_T40RDP_20201215T204015,0,2020-12,T40RDP,0.07465308728223861,0,0.7596965683860358
S2A_MSIL2A_20201214T065301_R020_T40RDP_20201215T204015_0001.jpg,S2A_MSIL2A_20201214T065301_R020_T40RDP_20201215T204015,0,2020-12,T40RDP,0.0675147326666442,0,0.7596965683860358
S2A_MSIL2A_20201224T065311_R020_T40RDP_20201225T025427_0000.jpg,S2A_MSIL2A_20201224T065311_R020_T40RDP_20201225T025427,0,2020-12,T40RDP,0.4415321879782523,0,0.7596965683860358
S2A_MSIL2A_20201224T065311_R020_T40RDP_20201225T025427_0001.jpg,S2A_MSIL2A_20201224T065311_R020_T40RDP_20201225T025427,0,2020-12,T40RDP,0.39367332564224444,0,0.7596965683860358
S2B_MSIL2A_20201229T065259_R020_T40RDP_20201229T153105_0000.jpg,S2B_MSIL2A_20201229T065259_R020_T40RDP_20201229T153105,1,2020-12,T40RDP,0.9514982921261402,1,0.7596965683860358
S2B_MSIL2A_20201229T065259_R020_T40RDP_20201229T153105_0001.jpg,S2B_MSIL2A_20201229T065259_R020_T40RDP_20201229T153105,1,2020-12,T40RDP,0.9366328703613171,1,0.7596965683860358
S2A_MSIL2A_20210113T065231_R020_T40RDP_20210122T041210_0000.jpg,S2A_MSIL2A_20210113T065231_R020_T40RDP_20210122T041210,0,2021-01,T40RDP,0.5623074366859542,0,0.7596965683860358
S2A_MSIL2A_20210113T065231_R020_T40RDP_20210122T041210_0001.jpg,S2A_MSIL2A_20210113T065231_R020_T40RDP_20210122T041210,0,2021-01,T40RDP,0.6229431511977115,0,0.7596965683860358
S2B_MSIL2A_20210118T065219_R020_T40RDP_20210118T214817_0000.jpg,S2B_MSIL2A_20210118T065219_R020_T40RDP_20210118T214817,0,2021-01,T40RDP,0.009297081646929866,0,0.7596965683860358
S2B_MSIL2A_20210118T065219_R020_T40RDP_20210118T214817_0001.jpg,S2B_MSIL2A_20210118T065219_R020_T40RDP_20210118T214817,0,2021-01,T40RDP,0.009349576810137166,0,0.7596965683860358
S2A_MSIL2A_20210212T065011_R020_T40RDP_20210213T015143_0000.jpg,S2A_MSIL2A_20210212T065011_R020_T40RDP_20210213T015143,0,2021-02,T40RDP,0.020141321214786026,0,0.7596965683860358
S2A_MSIL2A_20210212T065011_R020_T40RDP_20210213T015143_0001.jpg,S2A_MSIL2A_20210212T065011_R020_T40RDP_20210213T015143,0,2021-02,T40RDP,0.016701866468289493,0,0.7596965683860358
S2B_MSIL2A_20210227T064829_R020_T40RDP_20210227T151747_0000.jpg,S2B_MSIL2A_20210227T064829_R020_T40RDP_20210227T151747,1,2021-02,T40RDP,0.6373751039751452,0,0.7596965683860358
S2B_MSIL2A_20210227T064829_R020_T40RDP_20210227T151747_0001.jpg,S2B_MSIL2A_20210227T064829_R020_T40RDP_20210227T151747,1,2021-02,T40RDP,0.6666184497576058,0,0.7596965683860358
S2B_MSIL2A_20210309T064719_R020_T40RDP_20210309T160558_0000.jpg,S2B_MSIL2A_20210309T064719_R020_T40RDP_20210309T160558,0,2021-03,T40RDP,0.8088174396582093,1,0.7596965683860358
S2B_MSIL2A_20210309T064719_R020_T40RDP_20210309T160558_0001.jpg,S2B_MSIL2A_20210309T064719_R020_T40RDP_20210309T160558,0,2021-03,T40RDP,0.8053758589244957,1,0.7596965683860358
S2B_MSIL2A_20210329T064619_R020_T40RDP_20210330T054006_0000.jpg,S2B_MSIL2A_20210329T064619_R020_T40RDP_20210330T054006,0,2021-03,T40RDP,0.2869077233156891,0,0.7596965683860358
S2B_MSIL2A_20210329T064619_R020_T40RDP_20210330T054006_0001.jpg,S2B_MSIL2A_20210329T064619_R020_T40RDP_20210330T054006,0,2021-03,T40RDP,0.28394905017306055,0,0.7596965683860358
S2B_MSIL2A_20210408T064619_R020_T40RDP_20210408T201535_0000.jpg,S2B_MSIL2A_20210408T064619_R020_T40RDP_20210408T201535,0,2021-04,T40RDP,0.4311941870602232,0,0.7596965683860358
S2B_MSIL2A_20210408T064619_R020_T40RDP_20210408T201535_0001.jpg,S2B_MSIL2A_20210408T064619_R020_T40RDP_20210408T201535,0,2021-04,T40RDP,0.41060846015799785,0,0.7596965683860358
S2A_MSIL2A_20210413T064621_R020_T40RDP_20210414T053249_0000.jpg,S2A_MSIL2A_20210413T064621_R020_T40RDP_20210414T053249,0,2021-04,T40RDP,0.5765834081695381,0,0.7596965683860358
S2A_MSIL2A_20210413T064621_R020_T40RDP_20210414T053249_0001.jpg,S2A_MSIL2A_20210413T064621_R020_T40RDP_20210414T053249,0,2021-04,T40RDP,0.5461939963221882,0,0.7596965683860358
S2A_MSIL2A_20210423T064621_R020_T40RDP_20210423T190039_0000.jpg,S2A_MSIL2A_20210423T064621_R020_T40RDP_20210423T190039,0,2021-04,T40RDP,0.05469962324231804,0,0.7596965683860358
S2A_MSIL2A_20210423T064621_R020_T40RDP_20210423T190039_0001.jpg,S2A_MSIL2A_20210423T064621_R020_T40RDP_20210423T190039,0,2021-04,T40RDP,0.04288489033075025,0,0.7596965683860358
S2B_MSIL2A_20210508T064619_R020_T40RDP_20210509T091504_0000.jpg,S2B_MSIL2A_20210508T064619_R020_T40RDP_20210509T091504,0,2021-05,T40RDP,0.0036242769834172422,0,0.7596965683860358
S2B_MSIL2A_20210508T064619_R020_T40RDP_20210509T091504_0001.jpg,S2B_MSIL2A_20210508T064619_R020_T40RDP_20210509T091504,0,2021-05,T40RDP,0.003398964237647324,0,0.7596965683860358
S2A_MSIL2A_20210513T064621_R020_T40RDP_20210514T123915_0000.jpg,S2A_MSIL2A_20210513T064621_R020_T40RDP_20210514T123915,1,2021-05,T40RDP,0.9686894146693937,1,0.7596965683860358
S2A_MSIL2A_20210513T064621_R020_T40RDP_20210514T123915_0001.jpg,S2A_MSIL2A_20210513T064621_R020_T40RDP_20210514T123915,1,2021-05,T40RDP,0.9636748642275528,1,0.7596965683860358
S2A_MSIL2A_20210523T064621_R020_T40RDP_20210523T174609_0000.jpg,S2A_MSIL2A_20210523T064621_R020_T40RDP_20210523T174609,0,2021-05,T40RDP,0.05574883615682563,0,0.7596965683860358
S2A_MSIL2A_20210523T064621_R020_T40RDP_20210523T174609_0001.jpg,S2A_MSIL2A_20210523T064621_R020_T40RDP_20210523T174609,0,2021-05,T40RDP,0.05403210152117855,0,0.7596965683860358
S2A_MSIL2A_20210602T064631_R020_T40RDP_20210602T212018_0000.jpg,S2A_MSIL2A_20210602T064631_R020_T40RDP_20210602T212018,0,2021-06,T40RDP,0.2696203062582251,0,0.7596965683860358
S2A_MSIL2A_20210602T064631_R020_T40RDP_20210602T212018_0001.jpg,S2A_MSIL2A_20210602T064631_R020_T40RDP_20210602T212018,0,2021-06,T40RDP,0.2683979008458106,0,0.7596965683860358
S2B_MSIL2A_20210627T064629_R020_T40RDP_20210627T212742_0000.jpg,S2B_MSIL2A_20210627T064629_R020_T40RDP_20210627T212742,0,2021-06,T40RDP,0.13441760980825693,0,0.7596965683860358
S2B_MSIL2A_20210627T064629_R020_T40RDP_20210627T212742_0001.jpg,S2B_MSIL2A_20210627T064629_R020_T40RDP_20210627T212742,0,2021-06,T40RDP,0.13316992733316027,0,0.7596965683860358
S2A_MSIL2A_20210702T064631_R020_T40RDP_20210702T202316_0000.jpg,S2A_MSIL2A_20210702T064631_R020_T40RDP_20210702T202316,0,2021-07,T40RDP,0.10818712294429784,0,0.7596965683860358
S2A_MSIL2A_20210702T064631_R020_T40RDP_20210702T202316_0001.jpg,S2A_MSIL2A_20210702T064631_R020_T40RDP_20210702T202316,0,2021-07,T40RDP,0.11519917289531811,0,0.7596965683860358
S2A_MSIL2A_20210722T064631_R020_T40RDP_20210722T180746_0000.jpg,S2A_MSIL2A_20210722T064631_R020_T40RDP_20210722T180746,0,2021-07,T40RDP,0.05975491912698922,0,0.7596965683860358
S2A_MSIL2A_20210722T064631_R020_T40RDP_20210722T180746_0001.jpg,S2A_MSIL2A_20210722T064631_R020_T40RDP_20210722T180746,0,2021-07,T40RDP,0.05915654240997394,0,0.7596965683860358
S2B_MSIL2A_20210806T064629_R020_T40RDP_20210806T172711_0000.jpg,S2B_MSIL2A_20210806T064629_R020_T40RDP_20210806T172711,1,2021-08,T40RDP,0.23541255221748036,0,0.7596965683860358
S2B_MSIL2A_20210806T064629_R020_T40RDP_20210806T172711_0001.jpg,S2B_MSIL2A_20210806T064629_R020_T40RDP_20210806T172711,1,2021-08,T40RDP,0.26517438153489736,0,0.7596965683860358
S2A_MSIL2A_20210821T064631_R020_T40RDP_20210821T203247_0000.jpg,S2A_MSIL2A_20210821T064631_R020_T40RDP_20210821T203247,0,2021-08,T40RDP,0.17783165612678847,0,0.7596965683860358
S2A_MSIL2A_20210821T064631_R020_T40RDP_20210821T203247_0001.jpg,S2A_MSIL2A_20210821T064631_R020_T40RDP_20210821T203247,0,2021-08,T40RDP,0.1862619315349134,0,0.7596965683860358
S2B_MSIL2A_20210826T064619_R020_T40RDP_20210826T175151_0000.jpg,S2B_MSIL2A_20210826T064619_R020_T40RDP_20210826T175151,0,2021-08,T40RDP,0.22475539145054493,0,0.7596965683860358
S2B_MSIL2A_20210826T064619_R020_T40RDP_20210826T175151_0001.jpg,S2B_MSIL2A_20210826T064619_R020_T40RDP_20210826T175151,0,2021-08,T40RDP,0.23651030792355324,0,0.7596965683860358
S2B_MSIL2A_20210905T064619_R020_T40RDP_20210905T161454_0000.jpg,S2B_MSIL2A_20210905T064619_R020_T40RDP_20210905T161454,1,2021-09,T40RDP,0.31135949253571127,0,0.7596965683860358
S2B_MSIL2A_20210905T064619_R020_T40RDP_20210905T161454_0001.jpg,S2B_MSIL2A_20210905T064619_R020_T40RDP_20210905T161454,1,2021-09,T40RDP,0.3427105988256179,0,0.7596965683860358
S2B_MSIL2A_20210915T064619_R020_T40RDP_20210915T193943_0000.jpg,S2B_MSIL2A_20210915T064619_R020_T40RDP_20210915T193943,0,2021-09,T40RDP,0.10121120725728563,0,0.7596965683860358
S2B_MSIL2A_20210915T064619_R020_T40RDP_20210915T193943_0001.jpg,S2B_MSIL2A_20210915T064619_R020_T40RDP_20210915T193943,0,2021-09,T40RDP,0.09322183981389086,0,0.7596965683860358
S2A_MSIL2A_20210920T064631_R020_T40RDP_20210920T182154_0000.jpg,S2A_MSIL2A_20210920T064631_R020_T40RDP_20210920T182154,0,2021-09,T40RDP,0.14534216909171205,0,0.7596965683860358
S2A_MSIL2A_20210920T064631_R020_T40RDP_20210920T182154_0001.jpg,S2A_MSIL2A_20210920T064631_R020_T40RDP_20210920T182154,0,2021-09,T40RDP,0.14336457067543487,0,0.7596965683860358
S2B_MSIL2A_20210925T064619_R020_T40RDP_20210926T064926_0000.jpg,S2B_MSIL2A_20210925T064619_R020_T40RDP_20210926T064926,0,2021-09,T40RDP,0.2208971286355623,0,0.7596965683860358
S2B_MSIL2A_20210925T064619_R020_T40RDP_20210926T064926_0001.jpg,S2B_MSIL2A_20210925T064619_R020_T40RDP_20210926T064926,0,2021-09,T40RDP,0.25205475974343916,0,0.7596965683860358
S2A_MSIL2A_20211010T064811_R020_T40RDP_20211010T175742_0000.jpg,S2A_MSIL2A_20211010T064811_R020_T40RDP_20211010T175742,0,2021-10,T40RDP,0.10052746387325925,0,0.7596965683860358
S2A_MSIL2A_20211010T064811_R020_T40RDP_20211010T175742_0001.jpg,S2A_MSIL2A_20211010T064811_R020_T40RDP_20211010T175742,0,2021-10,T40RDP,0.10880730723420651,0,0.7596965683860358
S2B_MSIL2A_20211104T065039_R020_T40RDP_20211110T203100_0000.jpg,S2B_MSIL2A_20211104T065039_R020_T40RDP_20211110T203100,0,2021-11,T40RDP,0.3657983407341018,0,0.7596965683860358
S2B_MSIL2A_20211104T065039_R020_T40RDP_20211110T203100_0001.jpg,S2B_MSIL2A_20211104T065039_R020_T40RDP_20211110T203100,0,2021-11,T40RDP,0.3446378988229754,0,0.7596965683860358
S2B_MSIL2A_20211114T065129_R020_T40RDP_20211114T163648_0000.jpg,S2B_MSIL2A_20211114T065129_R020_T40RDP_20211114T163648,0,2021-11,T40RDP,0.09509921503147178,0,0.7596965683860358
S2B_MSIL2A_20211114T065129_R020_T40RDP_20211114T163648_0001.jpg,S2B_MSIL2A_20211114T065129_R020_T40RDP_20211114T163648,0,2021-11,T40RDP,0.09565108169772205,0,0.7596965683860358
S2B_MSIL2A_20211124T065159_R020_T40RDP_20211124T175021_0000.jpg,S2B_MSIL2A_20211124T065159_R020_T40RDP_20211124T175021,0,2021-11,T40RDP,0.01015295665122269,0,0.7596965683860358
S2B_MSIL2A_20211124T065159_R020_T40RDP_20211124T175021_0001.jpg,S2B_MSIL2A_20211124T065159_R020_T40RDP_20211124T175021,0,2021-11,T40RDP,0.012264036023526086,0,0.7596965683860358
S2A_MSIL2A_20211129T065231_R020_T40RDP_20211130T021011_0000.jpg,S2A_MSIL2A_20211129T065231_R020_T40RDP_20211130T021011,0,2021-11,T40RDP,0.2945193631503061,0,0.7596965683860358
S2A_MSIL2A_20211129T065231_R020_T40RDP_20211130T021011_0001.jpg,S2A_MSIL2A_20211129T065231_R020_T40RDP_20211130T021011,0,2021-11,T40RDP,0.25080143765942636,0,0.7596965683860358
S2B_MSIL2A_20211224T065309_R020_T40RDP_20211224T211558_0000.jpg,S2B_MSIL2A_20211224T065309_R020_T40RDP_20211224T211558,1,2021-12,T40RDP,0.2522408681055093,0,0.7596965683860358
S2B_MSIL2A_20211224T065309_R020_T40RDP_20211224T211558_0001.jpg,S2B_MSIL2A_20211224T065309_R020_T40RDP_20211224T211558,1,2021-12,T40RDP,0.2584931180158069,0,0.7596965683860358
S2A_MSIL2A_20220108T065251_R020_T40RDP_20220111T051244_0000.jpg,S2A_MSIL2A_20220108T065251_R020_T40RDP_20220111T051244,0,2022-01,T40RDP,0.27181808295257326,0,0.7596965683860358
S2A_MSIL2A_20220108T065251_R020_T40RDP_20220111T051244_0001.jpg,S2A_MSIL2A_20220108T065251_R020_T40RDP_20220111T051244,0,2022-01,T40RDP,0.2439488922531395,0,0.7596965683860358
S2B_MSIL2A_20220113T065229_R020_T40RDP_20220113T164556_0000.jpg,S2B_MSIL2A_20220113T065229_R020_T40RDP_20220113T164556,0,2022-01,T40RDP,0.15398168502870715,0,0.7596965683860358
S2B_MSIL2A_20220113T065229_R020_T40RDP_20220113T164556_0001.jpg,S2B_MSIL2A_20220113T065229_R020_T40RDP_20220113T164556,0,2022-01,T40RDP,0.14640433759765775,0,0.7596965683860358
S2B_MSIL2A_20220202T065109_R020_T40RDP_20220217T143849_0000.jpg,S2B_MSIL2A_20220202T065109_R020_T40RDP_20220217T143849,0,2022-02,T40RDP,0.26639422452533135,0,0.7596965683860358
S2B_MSIL2A_20220202T065109_R020_T40RDP_20220217T143849_0001.jpg,S2B_MSIL2A_20220202T065109_R020_T40RDP_20220217T143849,0,2022-02,T40RDP,0.2486120503540478,0,0.7596965683860358
S2A_MSIL2A_20220217T064941_R020_T40RDP_20220224T125700_0000.jpg,S2A_MSIL2A_20220217T064941_R020_T40RDP_20220224T125700,1,2022-02,T40RDP,0.21601636535963245,0,0.7596965683860358
S2A_MSIL2A_20220217T064941_R020_T40RDP_20220224T125700_0001.jpg,S2A_MSIL2A_20220217T064941_R020_T40RDP_20220224T125700,1,2022-02,T40RDP,0.20912071229872298,0,0.7596965683860358
S2B_MSIL2A_20220324T064619_R020_T40RDP_20220324T202535_0000.jpg,S2B_MSIL2A_20220324T064619_R020_T40RDP_20220324T202535,0,2022-03,T40RDP,0.09310691892570694,0,0.7596965683860358
S2B_MSIL2A_20220324T064619_R020_T40RDP_20220324T202535_0001.jpg,S2B_MSIL2A_20220324T064619_R020_T40RDP_20220324T202535,0,2022-03,T40RDP,0.0922583440104143,0,0.7596965683860358
S2A_MSIL2A_20220329T064631_R020_T40RDP_20240530T191803_0000.jpg,S2A_MSIL2A_20220329T064631_R020_T40RDP_20240530T191803,0,2022-03,T40RDP,0.14475518552938527,0,0.7596965683860358
S2A_MSIL2A_20220329T064631_R020_T40RDP_20240530T191803_0001.jpg,S2A_MSIL2A_20220329T064631_R020_T40RDP_20240530T191803,0,2022-03,T40RDP,0.13606637513311481,0,0.7596965683860358
S2B_MSIL2A_20220413T064619_R020_T40RDP_20220414T012444_0000.jpg,S2B_MSIL2A_20220413T064619_R020_T40RDP_20220414T012444,0,2022-04,T40RDP,0.0003320391133331642,0,0.7596965683860358
S2B_MSIL2A_20220413T064619_R020_T40RDP_20220414T012444_0001.jpg,S2B_MSIL2A_20220413T064619_R020_T40RDP_20220414T012444,0,2022-04,T40RDP,0.0003201036066785472,0,0.7596965683860358
S2B_MSIL2A_20220423T064619_R020_T40RDP_20240608T175630_0000.jpg,S2B_MSIL2A_20220423T064619_R020_T40RDP_20240608T175630,1,2022-04,T40RDP,0.720128492215464,0,0.7596965683860358
S2B_MSIL2A_20220423T064619_R020_T40RDP_20240608T175630_0001.jpg,S2B_MSIL2A_20220423T064619_R020_T40RDP_20240608T175630,1,2022-04,T40RDP,0.7302970345089546,0,0.7596965683860358
S2A_MSIL2A_20220428T064631_R020_T40RDP_20220429T020418_0000.jpg,S2A_MSIL2A_20220428T064631_R020_T40RDP_20220429T020418,1,2022-04,T40RDP,0.6602829262904099,0,0.7596965683860358
S2A_MSIL2A_20220428T064631_R020_T40RDP_20220429T020418_0001.jpg,S2A_MSIL2A_20220428T064631_R020_T40RDP_20220429T020418,1,2022-04,T40RDP,0.6701043668830774,0,0.7596965683860358
S2B_MSIL2A_20220503T064619_R020_T40RDP_20220503T220214_0000.jpg,S2B_MSIL2A_20220503T064619_R020_T40RDP_20220503T220214,0,2022-05,T40RDP,0.10166995394080493,0,0.7596965683860358
S2B_MSIL2A_20220503T064619_R020_T40RDP_20220503T220214_0001.jpg,S2B_MSIL2A_20220503T064619_R020_T40RDP_20220503T220214,0,2022-05,T40RDP,0.10326919546000973,0,0.7596965683860358
S2A_MSIL2A_20220518T064631_R020_T40RDP_20220520T052740_0000.jpg,S2A_MSIL2A_20220518T064631_R020_T40RDP_20220520T052740,0,2022-05,T40RDP,0.045246698371675755,0,0.7596965683860358
S2A_MSIL2A_20220518T064631_R020_T40RDP_20220520T052740_0001.jpg,S2A_MSIL2A_20220518T064631_R020_T40RDP_20220520T052740,0,2022-05,T40RDP,0.045358770473839446,0,0.7596965683860358
S2A_MSIL2A_20220528T064631_R020_T40RDP_20240629T015931_0000.jpg,S2A_MSIL2A_20220528T064631_R020_T40RDP_20240629T015931,1,2022-05,T40RDP,0.8963242101397317,1,0.7596965683860358
S2A_MSIL2A_20220528T064631_R020_T40RDP_20240629T015931_0001.jpg,S2A_MSIL2A_20220528T064631_R020_T40RDP_20240629T015931,1,2022-05,T40RDP,0.8829166284931855,1,0.7596965683860358
S2B_MSIL2A_20220602T064629_R020_T40RDP_20240619T144519_0000.jpg,S2B_MSIL2A_20220602T064629_R020_T40RDP_20240619T144519,0,2022-06,T40RDP,0.17103495703340887,0,0.7596965683860358
S2B_MSIL2A_20220602T064629_R020_T40RDP_20240619T144519_0001.jpg,S2B_MSIL2A_20220602T064629_R020_T40RDP_20240619T144519,0,2022-06,T40RDP,0.2446654009801871,0,0.7596965683860358
S2B_MSIL2A_20220612T064629_R020_T40RDP_20220613T015748_0000.jpg,S2B_MSIL2A_20220612T064629_R020_T40RDP_20220613T015748,1,2022-06,T40RDP,0.9160056031566834,1,0.7596965683860358
S2B_MSIL2A_20220612T064629_R020_T40RDP_20220613T015748_0001.jpg,S2B_MSIL2A_20220612T064629_R020_T40RDP_20220613T015748,1,2022-06,T40RDP,0.9183995974879661,1,0.7596965683860358
S2B_MSIL2A_20220622T064629_R020_T40RDP_20220622T162812_0000.jpg,S2B_MSIL2A_20220622T064629_R020_T40RDP_20220622T162812,0,2022-06,T40RDP,0.1828352489315612,0,0.7596965683860358
S2B_MSIL2A_20220622T064629_R020_T40RDP_20220622T162812_0001.jpg,S2B_MSIL2A_20220622T064629_R020_T40RDP_20220622T162812,0,2022-06,T40RDP,0.20857099711937774,0,0.7596965683860358
S2B_MSIL2A_20220702T064629_R020_T40RDP_20220702T192355_0000.jpg,S2B_MSIL2A_20220702T064629_R020_T40RDP_20220702T192355,0,2022-07,T40RDP,0.19263245316219757,0,0.7596965683860358
S2B_MSIL2A_20220702T064629_R020_T40RDP_20220702T192355_0001.jpg,S2B_MSIL2A_20220702T064629_R020_T40RDP_20220702T192355,0,2022-07,T40RDP,0.2480815578340182,0,0.7596965683860358
S2B_MSIL2A_20220811T064629_R020_T40RDP_20220812T033521_0000.jpg,S2B_MSIL2A_20220811T064629_R020_T40RDP_20220812T033521,0,2022-08,T40RDP,0.019350133755900095,0,0.7596965683860358
S2B_MSIL2A_20220811T064629_R020_T40RDP_20220812T033521_0001.jpg,S2B_MSIL2A_20220811T064629_R020_T40RDP_20220812T033521,0,2022-08,T40RDP,0.017823961344878077,0,0.7596965683860358
S2B_MSIL2A_20220831T064629_R020_T40RDP_20220901T073019_0000.jpg,S2B_MSIL2A_20220831T064629_R020_T40RDP_20220901T073019,0,2022-08,T40RDP,0.6210987001924292,0,0.7596965683860358
S2B_MSIL2A_20220831T064629_R020_T40RDP_20220901T073019_0001.jpg,S2B_MSIL2A_20220831T064629_R020_T40RDP_20220901T073019,0,2022-08,T40RDP,0.589093531556594,0,0.7596965683860358
S2B_MSIL2A_20220910T064629_R020_T40RDP_20220911T222605_0000.jpg,S2B_MSIL2A_20220910T064629_R020_T40RDP_20220911T222605,0,2022-09,T40RDP,0.01687651797733485,0,0.7596965683860358
S2B_MSIL2A_20220910T064629_R020_T40RDP_20220911T222605_0001.jpg,S2B_MSIL2A_20220910T064629_R020_T40RDP_20220911T222605,0,2022-09,T40RDP,0.01627553195582065,0,0.7596965683860358
S2B_MSIL2A_20220920T064629_R020_T40RDP_20240728T021039_0000.jpg,S2B_MSIL2A_20220920T064629_R020_T40RDP_20240728T021039,1,2022-09,T40RDP,0.9486763698792363,1,0.7596965683860358
S2B_MSIL2A_20220920T064629_R020_T40RDP_20240728T021039_0001.jpg,S2B_MSIL2A_20220920T064629_R020_T40RDP_20240728T021039,1,2022-09,T40RDP,0.949059694829962,1,0.7596965683860358
S2B_MSIL2A_20220930T064649_R020_T40RDP_20240726T033305_0000.jpg,S2B_MSIL2A_20220930T064649_R020_T40RDP_20240726T033305,1,2022-09,T40RDP,0.48621374144975044,0,0.7596965683860358
S2B_MSIL2A_20220930T064649_R020_T40RDP_20240726T033305_0001.jpg,S2B_MSIL2A_20220930T064649_R020_T40RDP_20240726T033305,1,2022-09,T40RDP,0.4504505949747776,0,0.7596965683860358
S2A_MSIL2A_20221005T064741_R020_T40RDP_20221005T231447_0000.jpg,S2A_MSIL2A_20221005T064741_R020_T40RDP_20221005T231447,1,2022-10,T40RDP,0.896077065663347,1,0.7596965683860358
S2A_MSIL2A_20221005T064741_R020_T40RDP_20221005T231447_0001.jpg,S2A_MSIL2A_20221005T064741_R020_T40RDP_20221005T231447,1,2022-10,T40RDP,0.8399259091587614,1,0.7596965683860358
S2B_MSIL2A_20221010T064759_R020_T40RDP_20221010T171637_0000.jpg,S2B_MSIL2A_20221010T064759_R020_T40RDP_20221010T171637,0,2022-10,T40RDP,0.3432205459482246,0,0.7596965683860358
S2B_MSIL2A_20221010T064759_R020_T40RDP_20221010T171637_0001.jpg,S2B_MSIL2A_20221010T064759_R020_T40RDP_20221010T171637,0,2022-10,T40RDP,0.36392397616869987,0,0.7596965683860358
S2B_MSIL2A_20221020T064909_R020_T40RDP_20221020T150922_0000.jpg,S2B_MSIL2A_20221020T064909_R020_T40RDP_20221020T150922,0,2022-10,T40RDP,0.08744194189235553,0,0.7596965683860358
S2B_MSIL2A_20221020T064909_R020_T40RDP_20221020T150922_0001.jpg,S2B_MSIL2A_20221020T064909_R020_T40RDP_20221020T150922,0,2022-10,T40RDP,0.05932880516298033,0,0.7596965683860358
S2A_MSIL2A_20221025T064941_R020_T40RDP_20221025T162709_0000.jpg,S2A_MSIL2A_20221025T064941_R020_T40RDP_20221025T162709,0,2022-10,T40RDP,0.005214356201468353,0,0.7596965683860358
S2A_MSIL2A_20221025T064941_R020_T40RDP_20221025T162709_0001.jpg,S2A_MSIL2A_20221025T064941_R020_T40RDP_20221025T162709,0,2022-10,T40RDP,0.005103167823014516,0,0.7596965683860358
S2A_MSIL2A_20221104T065041_R020_T40RDP_20221104T212402_0000.jpg,S2A_MSIL2A_20221104T065041_R020_T40RDP_20221104T212402,0,2022-11,T40RDP,0.03467093953504376,0,0.7596965683860358
S2A_MSIL2A_20221104T065041_R020_T40RDP_20221104T212402_0001.jpg,S2A_MSIL2A_20221104T065041_R020_T40RDP_20221104T212402,0,2022-11,T40RDP,0.027662025158142745,0,0.7596965683860358
S2A_MSIL2A_20221124T065201_R020_T40RDP_20221125T124758_0000.jpg,S2A_MSIL2A_20221124T065201_R020_T40RDP_20221125T124758,0,2022-11,T40RDP,0.5669767621820239,0,0.7596965683860358
S2A_MSIL2A_20221124T065201_R020_T40RDP_20221125T124758_0001.jpg,S2A_MSIL2A_20221124T065201_R020_T40RDP_20221125T124758,0,2022-11,T40RDP,0.5470328673610007,0,0.7596965683860358
S2A_MSIL2A_20221204T065241_R020_T40RDP_20221204T174332_0000.jpg,S2A_MSIL2A_20221204T065241_R020_T40RDP_20221204T174332,0,2022-12,T40RDP,0.013305521682965905,0,0.7596965683860358
S2A_MSIL2A_20221204T065241_R020_T40RDP_20221204T174332_0001.jpg,S2A_MSIL2A_20221204T065241_R020_T40RDP_20221204T174332,0,2022-12,T40RDP,0.014542296964163726,0,0.7596965683860358
S2B_MSIL2A_20221219T065309_R020_T40RDP_20221220T000640_0000.jpg,S2B_MSIL2A_20221219T065309_R020_T40RDP_20221220T000640,1,2022-12,T40RDP,0.8674879541242394,1,0.7596965683860358
S2B_MSIL2A_20221219T065309_R020_T40RDP_20221220T000640_0001.jpg,S2B_MSIL2A_20221219T065309_R020_T40RDP_20221220T000640,1,2022-12,T40RDP,0.8604755083487622,1,0.7596965683860358
S2B_MSIL2A_20221229T065309_R020_T40RDP_20221230T112824_0000.jpg,S2B_MSIL2A_20221229T065309_R020_T40RDP_20221230T112824,0,2022-12,T40RDP,0.20270935871817541,0,0.7596965683860358
S2B_MSIL2A_20221229T065309_R020_T40RDP_20221230T112824_0001.jpg,S2B_MSIL2A_20221229T065309_R020_T40RDP_20221230T112824,0,2022-12,T40RDP,0.24340695038043098,0,0.7596965683860358
S2A_MSIL2A_20230113T065231_R020_T40RDP_20230113T221234_0000.jpg,S2A_MSIL2A_20230113T065231_R020_T40RDP_20230113T221234,1,2023-01,T40RDP,0.8964665025396512,1,0.7596965683860358
S2B_MSIL2A_20230128T065129_R020_T40RDP_20230129T191033_0000.jpg,S2B_MSIL2A_20230128T065129_R020_T40RDP_20230129T191033,0,2023-01,T40RDP,0.021479522113402195,0,0.7596965683860358
S2B_MSIL2A_20230128T065129_R020_T40RDP_20230129T191033_0001.jpg,S2B_MSIL2A_20230128T065129_R020_T40RDP_20230129T191033,0,2023-01,T40RDP,0.02182807821483199,0,0.7596965683860358
S2B_MSIL2A_20230207T065039_R020_T40RDP_20230208T043016_0000.jpg,S2B_MSIL2A_20230207T065039_R020_T40RDP_20230208T043016,0,2023-02,T40RDP,0.6136876022998137,0,0.7596965683860358
S2B_MSIL2A_20230207T065039_R020_T40RDP_20230208T043016_0001.jpg,S2B_MSIL2A_20230207T065039_R020_T40RDP_20230208T043016,0,2023-02,T40RDP,0.6644090202429793,0,0.7596965683860358
S2A_MSIL2A_20230212T065011_R020_T40RDP_20240814T114255_0000.jpg,S2A_MSIL2A_20230212T065011_R020_T40RDP_20240814T114255,0,2023-02,T40RDP,0.1681059225641645,0,0.7596965683860358
S2A_MSIL2A_20230212T065011_R020_T40RDP_20240814T114255_0001.jpg,S2A_MSIL2A_20230212T065011_R020_T40RDP_20240814T114255,0,2023-02,T40RDP,0.16985521649911534,0,0.7596965683860358
S2B_MSIL2A_20230217T064939_R020_T40RDP_20230218T005027_0000.jpg,S2B_MSIL2A_20230217T064939_R020_T40RDP_20230218T005027,0,2023-02,T40RDP,0.1527717282235341,0,0.7596965683860358
S2B_MSIL2A_20230217T064939_R020_T40RDP_20230218T005027_0001.jpg,S2B_MSIL2A_20230217T064939_R020_T40RDP_20230218T005027,0,2023-02,T40RDP,0.15846743972900557,0,0.7596965683860358
S2B_MSIL2A_20230227T064829_R020_T40RDP_20230301T091442_0000.jpg,S2B_MSIL2A_20230227T064829_R020_T40RDP_20230301T091442,0,2023-02,T40RDP,0.04574185095628708,0,0.7596965683860358
S2B_MSIL2A_20230227T064829_R020_T40RDP_20230301T091442_0001.jpg,S2B_MSIL2A_20230227T064829_R020_T40RDP_20230301T091442,0,2023-02,T40RDP,0.043340340396247,0,0.7596965683860358
S2A_MSIL2A_20230304T064751_R020_T40RDP_20230304T123749_0000.jpg,S2A_MSIL2A_20230304T064751_R020_T40RDP_20230304T123749,1,2023-03,T40RDP,0.36000666346434657,0,0.7596965683860358
S2A_MSIL2A_20230304T064751_R020_T40RDP_20230304T123749_0001.jpg,S2A_MSIL2A_20230304T064751_R020_T40RDP_20230304T123749,1,2023-03,T40RDP,0.3499901302622088,0,0.7596965683860358
S2B_MSIL2A_20230309T064719_R020_T40RDP_20230309T122025_0000.jpg,S2B_MSIL2A_20230309T064719_R020_T40RDP_20230309T122025,0,2023-03,T40RDP,0.231149618317493,0,0.7596965683860358
S2B_MSIL2A_20230309T064719_R020_T40RDP_20230309T122025_0001.jpg,S2B_MSIL2A_20230309T064719_R020_T40RDP_20230309T122025,0,2023-03,T40RDP,0.21954942090406995,0,0.7596965683860358
S2A_MSIL2A_20230403T064621_R020_T40RDP_20230403T120128_0000.jpg,S2A_MSIL2A_20230403T064621_R020_T40RDP_20230403T120128,1,2023-04,T40RDP,0.4822416475600292,0,0.7596965683860358
S2A_MSIL2A_20230403T064621_R020_T40RDP_20230403T120128_0001.jpg,S2A_MSIL2A_20230403T064621_R020_T40RDP_20230403T120128,1,2023-04,T40RDP,0.4032466881842472,0,0.7596965683860358
S2A_MSIL2A_20230413T064621_R020_T40RDP_20240829T090656_0000.jpg,S2A_MSIL2A_20230413T064621_R020_T40RDP_20240829T090656,0,2023-04,T40RDP,0.17091655545927945,0,0.7596965683860358
S2A_MSIL2A_20230413T064621_R020_T40RDP_20240829T090656_0001.jpg,S2A_MSIL2A_20230413T064621_R020_T40RDP_20240829T090656,0,2023-04,T40RDP,0.18965804056674188,0,0.7596965683860358
S2B_MSIL2A_20230428T064629_R020_T40RDP_20230428T123157_0000.jpg,S2B_MSIL2A_20230428T064629_R020_T40RDP_20230428T123157,1,2023-04,T40RDP,0.9575631975513278,1,0.7596965683860358
S2B_MSIL2A_20230428T064629_R020_T40RDP_20230428T123157_0001.jpg,S2B_MSIL2A_20230428T064629_R020_T40RDP_20230428T123157,1,2023-04,T40RDP,0.9719255035828017,1,0.7596965683860358
S2B_MSIL2A_20230508T064629_R020_T40RDP_20230508T113150_0000.jpg,S2B_MSIL2A_20230508T064629_R020_T40RDP_20230508T113150,0,2023-05,T40RDP,0.14584201727613152,0,0.7596965683860358
S2B_MSIL2A_20230508T064629_R020_T40RDP_20230508T113150_0001.jpg,S2B_MSIL2A_20230508T064629_R020_T40RDP_20230508T113150,0,2023-05,T40RDP,0.14532686809027434,0,0.7596965683860358
S2A_MSIL2A_20230602T064631_R020_T40RDP_20230602T122439_0000.jpg,S2A_MSIL2A_20230602T064631_R020_T40RDP_20230602T122439,1,2023-06,T40RDP,0.3883859863078349,0,0.7596965683860358
S2A_MSIL2A_20230602T064631_R020_T40RDP_20230602T122439_0001.jpg,S2A_MSIL2A_20230602T064631_R020_T40RDP_20230602T122439,1,2023-06,T40RDP,0.3190391670139109,0,0.7596965683860358
S2B_MSIL2A_20230627T064629_R020_T40RDP_20230627T133316_0000.jpg,S2B_MSIL2A_20230627T064629_R020_T40RDP_20230627T133316,0,2023-06,T40RDP,0.665956956930762,0,0.7596965683860358
S2A_MSIL2A_20230702T064631_R020_T40RDP_20241013T160844_0000.jpg,S2A_MSIL2A_20230702T064631_R020_T40RDP_20241013T160844,0,2023-07,T40RDP,0.02168187957301923,0,0.7596965683860358
S2A_MSIL2A_20230702T064631_R020_T40RDP_20241013T160844_0001.jpg,S2A_MSIL2A_20230702T064631_R020_T40RDP_20241013T160844,0,2023-07,T40RDP,0.021696496965452616,0,0.7596965683860358
S2A_MSIL2A_20230712T064631_R020_T40RDP_20241013T192851_0000.jpg,S2A_MSIL2A_20230712T064631_R020_T40RDP_20241013T192851,1,2023-07,T40RDP,0.35685093565970366,0,0.7596965683860358
S2A_MSIL2A_20230712T064631_R020_T40RDP_20241013T192851_0001.jpg,S2A_MSIL2A_20230712T064631_R020_T40RDP_20241013T192851,1,2023-07,T40RDP,0.3589498531450036,0,0.7596965683860358
S2B_MSIL2A_20230727T064629_R020_T40RDP_20241012T150139_0000.jpg,S2B_MSIL2A_20230727T064629_R020_T40RDP_20241012T150139,1,2023-07,T40RDP,0.9418328222806863,1,0.7596965683860358
S2B_MSIL2A_20230727T064629_R020_T40RDP_20241012T150139_0001.jpg,S2B_MSIL2A_20230727T064629_R020_T40RDP_20241012T150139,1,2023-07,T40RDP,0.9270661340002819,1,0.7596965683860358
S2A_MSIL2A_20230811T064631_R020_T40RDP_20241112T143010_0000.jpg,S2A_MSIL2A_20230811T064631_R020_T40RDP_20241112T143010,0,2023-08,T40RDP,0.4759641165563794,0,0.7596965683860358
S2A_MSIL2A_20230811T064631_R020_T40RDP_20241112T143010_0001.jpg,S2A_MSIL2A_20230811T064631_R020_T40RDP_20241112T143010,0,2023-08,T40RDP,0.40289210945291876,0,0.7596965683860358
S2A_MSIL2A_20230821T064631_R020_T40RDP_20230821T151547_0000.jpg,S2A_MSIL2A_20230821T064631_R020_T40RDP_20230821T151547,1,2023-08,T40RDP,0.8443160917218224,1,0.7596965683860358
S2A_MSIL2A_20230821T064631_R020_T40RDP_20230821T151547_0001.jpg,S2A_MSIL2A_20230821T064631_R020_T40RDP_20230821T151547,1,2023-08,T40RDP,0.9046112338357964,1,0.7596965683860358
S2B_MSIL2A_20230905T064629_R020_T40RDP_20241025T080236_0000.jpg,S2B_MSIL2A_20230905T064629_R020_T40RDP_20241025T080236,0,2023-09,T40RDP,0.5913373521137102,0,0.7596965683860358
S2B_MSIL2A_20230905T064629_R020_T40RDP_20241025T080236_0001.jpg,S2B_MSIL2A_20230905T064629_R020_T40RDP_20241025T080236,0,2023-09,T40RDP,0.5727259175124201,0,0.7596965683860358
S2A_MSIL2A_20230910T064631_R020_T40RDP_20230910T143150_0000.jpg,S2A_MSIL2A_20230910T064631_R020_T40RDP_20230910T143150,0,2023-09,T40RDP,0.09725707612840404,0,0.7596965683860358
S2A_MSIL2A_20230910T064631_R020_T40RDP_20230910T143150_0001.jpg,S2A_MSIL2A_20230910T064631_R020_T40RDP_20230910T143150,0,2023-09,T40RDP,0.10007541451107708,0,0.7596965683860358
S2A_MSIL2A_20230920T064631_R020_T40RDP_20241027T175501_0000.jpg,S2A_MSIL2A_20230920T064631_R020_T40RDP_20241027T175501,0,2023-09,T40RDP,0.02796050013087274,0,0.7596965683860358
S2A_MSIL2A_20230920T064631_R020_T40RDP_20241027T175501_0001.jpg,S2A_MSIL2A_20230920T064631_R020_T40RDP_20241027T175501,0,2023-09,T40RDP,0.02662085521422842,0,0.7596965683860358
S2B_MSIL2A_20231005T064729_R020_T40RDP_20241107T195305_0000.jpg,S2B_MSIL2A_20231005T064729_R020_T40RDP_20241107T195305,0,2023-10,T40RDP,0.7239741546816296,0,0.7596965683860358
S2B_MSIL2A_20231005T064729_R020_T40RDP_20241107T195305_0001.jpg,S2B_MSIL2A_20231005T064729_R020_T40RDP_20241107T195305,0,2023-10,T40RDP,0.732435633744491,0,0.7596965683860358
S2A_MSIL2A_20231010T064801_R020_T40RDP_20241109T034959_0000.jpg,S2A_MSIL2A_20231010T064801_R020_T40RDP_20241109T034959,0,2023-10,T40RDP,0.1654169063571323,0,0.7596965683860358
S2A_MSIL2A_20231010T064801_R020_T40RDP_20241109T034959_0001.jpg,S2A_MSIL2A_20231010T064801_R020_T40RDP_20241109T034959,0,2023-10,T40RDP,0.14152777471662442,0,0.7596965683860358
S2A_MSIL2A_20231020T064911_R020_T40RDP_20231020T212831_0000.jpg,S2A_MSIL2A_20231020T064911_R020_T40RDP_20231020T212831,0,2023-10,T40RDP,0.08006584524117924,0,0.7596965683860358
S2A_MSIL2A_20231020T064911_R020_T40RDP_20231020T212831_0001.jpg,S2A_MSIL2A_20231020T064911_R020_T40RDP_20231020T212831,0,2023-10,T40RDP,0.08047913025164082,0,0.7596965683860358
S2B_MSIL2A_20231025T064939_R020_T40RDP_20241108T084721_0000.jpg,S2B_MSIL2A_20231025T064939_R020_T40RDP_20241108T084721,0,2023-10,T40RDP,0.20860295514557003,0,0.7596965683860358
S2B_MSIL2A_20231025T064939_R020_T40RDP_20241108T084721_0001.jpg,S2B_MSIL2A_20231025T064939_R020_T40RDP_20241108T084721,0,2023-10,T40RDP,0.22924918582350298,0,0.7596965683860358
S2A_MSIL2A_20231109T065111_R020_T40RDP_20241101T131538_0000.jpg,S2A_MSIL2A_20231109T065111_R020_T40RDP_20241101T131538,0,2023-11,T40RDP,0.19418595344449538,0,0.7596965683860358
S2A_MSIL2A_20231109T065111_R020_T40RDP_20241101T131538_0001.jpg,S2A_MSIL2A_20231109T065111_R020_T40RDP_20241101T131538,0,2023-11,T40RDP,0.17197003027648367,0,0.7596965683860358
S2A_MSIL2A_20231129T065221_R020_T40RDP_20231129T111858_0000.jpg,S2A_MSIL2A_20231129T065221_R020_T40RDP_20231129T111858,1,2023-11,T40RDP,0.20278792739559662,0,0.7596965683860358
S2A_MSIL2A_20231129T065221_R020_T40RDP_20231129T111858_0001.jpg,S2A_MSIL2A_20231129T065221_R020_T40RDP_20231129T111858,1,2023-11,T40RDP,0.20357352783268404,0,0.7596965683860358
S2A_MSIL2A_20231209T065251_R020_T40RDP_20231209T111640_0000.jpg,S2A_MSIL2A_20231209T065251_R020_T40RDP_20231209T111640,1,2023-12,T40RDP,0.5903642543886539,0,0.7596965683860358
S2A_MSIL2A_20231209T065251_R020_T40RDP_20231209T111640_0001.jpg,S2A_MSIL2A_20231209T065251_R020_T40RDP_20231209T111640,1,2023-12,T40RDP,0.6024812776923533,0,0.7596965683860358
S2A_MSIL2A_20231219T065301_R020_T40RDP_20231220T122952_0000.jpg,S2A_MSIL2A_20231219T065301_R020_T40RDP_20231220T122952,0,2023-12,T40RDP,0.026169360938328213,0,0.7596965683860358
S2A_MSIL2A_20231219T065301_R020_T40RDP_20231220T122952_0001.jpg,S2A_MSIL2A_20231219T065301_R020_T40RDP_20231220T122952,0,2023-12,T40RDP,0.028796694853728752,0,0.7596965683860358
S2A_MSIL2A_20240108T065251_R020_T40RDP_20240108T111554_0000.jpg,S2A_MSIL2A_20240108T065251_R020_T40RDP_20240108T111554,0,2024-01,T40RDP,0.8705424228084476,1,0.7596965683860358
S2A_MSIL2A_20240108T065251_R020_T40RDP_20240108T111554_0001.jpg,S2A_MSIL2A_20240108T065251_R020_T40RDP_20240108T111554,0,2024-01,T40RDP,0.8690075832242578,1,0.7596965683860358
S2B_MSIL2A_20240113T065239_R020_T40RDP_20240113T103503_0000.jpg,S2B_MSIL2A_20240113T065239_R020_T40RDP_20240113T103503,0,2024-01,T40RDP,0.18601726202020863,0,0.7596965683860358
S2B_MSIL2A_20240113T065239_R020_T40RDP_20240113T103503_0001.jpg,S2B_MSIL2A_20240113T065239_R020_T40RDP_20240113T103503,0,2024-01,T40RDP,0.18295154841181452,0,0.7596965683860358
S2B_MSIL2A_20240123T065159_R020_T40RDP_20240123T100825_0000.jpg,S2B_MSIL2A_20240123T065159_R020_T40RDP_20240123T100825,0,2024-01,T40RDP,0.015158850685822168,0,0.7596965683860358
S2B_MSIL2A_20240123T065159_R020_T40RDP_20240123T100825_0001.jpg,S2B_MSIL2A_20240123T065159_R020_T40RDP_20240123T100825,0,2024-01,T40RDP,0.01374830672035651,0,0.7596965683860358
S2A_MSIL2A_20240207T065041_R020_T40RDP_20240207T112724_0000.jpg,S2A_MSIL2A_20240207T065041_R020_T40RDP_20240207T112724,0,2024-02,T40RDP,0.00022332463872335383,0,0.7596965683860358
S2A_MSIL2A_20240207T065041_R020_T40RDP_20240207T112724_0001.jpg,S2A_MSIL2A_20240207T065041_R020_T40RDP_20240207T112724,0,2024-02,T40RDP,0.00023145757778521124,0,0.7596965683860358
S2B_MSIL2A_20240222T064909_R020_T40RDP_20240222T114827_0000.jpg,S2B_MSIL2A_20240222T064909_R020_T40RDP_20240222T114827,0,2024-02,T40RDP,0.36275202530164613,0,0.7596965683860358
S2B_MSIL2A_20240222T064909_R020_T40RDP_20240222T114827_0001.jpg,S2B_MSIL2A_20240222T064909_R020_T40RDP_20240222T114827,0,2024-02,T40RDP,0.3306675049169574,0,0.7596965683860358
S2A_MSIL2A_20240227T064831_R020_T40RDP_20240227T113900_0000.jpg,S2A_MSIL2A_20240227T064831_R020_T40RDP_20240227T113900,0,2024-02,T40RDP,0.13584915233475856,0,0.7596965683860358
S2A_MSIL2A_20240227T064831_R020_T40RDP_20240227T113900_0001.jpg,S2A_MSIL2A_20240227T064831_R020_T40RDP_20240227T113900,0,2024-02,T40RDP,0.14133197950348098,0,0.7596965683860358
S2B_MSIL2A_20240313T064639_R020_T40RDP_20240313T121009_0000.jpg,S2B_MSIL2A_20240313T064639_R020_T40RDP_20240313T121009,0,2024-03,T40RDP,0.13038868163641895,0,0.7596965683860358
S2B_MSIL2A_20240313T064639_R020_T40RDP_20240313T121009_0001.jpg,S2B_MSIL2A_20240313T064639_R020_T40RDP_20240313T121009,0,2024-03,T40RDP,0.13016010094395997,0,0.7596965683860358
S2A_MSIL2A_20240318T064621_R020_T40RDP_20240318T121046_0000.jpg,S2A_MSIL2A_20240318T064621_R020_T40RDP_20240318T121046,0,2024-03,T40RDP,0.2037330466440778,0,0.7596965683860358
S2A_MSIL2A_20240318T064621_R020_T40RDP_20240318T121046_0001.jpg,S2A_MSIL2A_20240318T064621_R020_T40RDP_20240318T121046,0,2024-03,T40RDP,0.2043358167776448,0,0.7596965683860358
S2B_MSIL2A_20240422T064629_R020_T40RDP_20240422T110720_0000.jpg,S2B_MSIL2A_20240422T064629_R020_T40RDP_20240422T110720,1,2024-04,T40RDP,0.5434330001284444,0,0.7596965683860358
S2B_MSIL2A_20240422T064629_R020_T40RDP_20240422T110720_0001.jpg,S2B_MSIL2A_20240422T064629_R020_T40RDP_20240422T110720,1,2024-04,T40RDP,0.5605260750783266,0,0.7596965683860358
S2A_MSIL2A_20240507T064631_R020_T40RDP_20240507T121930_0000.jpg,S2A_MSIL2A_20240507T064631_R020_T40RDP_20240507T121930,0,2024-05,T40RDP,0.01635214037570867,0,0.7596965683860358
S2A_MSIL2A_20240507T064631_R020_T40RDP_20240507T121930_0001.jpg,S2A_MSIL2A_20240507T064631_R020_T40RDP_20240507T121930,0,2024-05,T40RDP,0.010920543165313195,0,0.7596965683860358
S2B_MSIL2A_20240512T064629_R020_T40RDP_20240512T104001_0000.jpg,S2B_MSIL2A_20240512T064629_R020_T40RDP_20240512T104001,0,2024-05,T40RDP,0.4096817985537504,0,0.7596965683860358
S2B_MSIL2A_20240512T064629_R020_T40RDP_20240512T104001_0001.jpg,S2B_MSIL2A_20240512T064629_R020_T40RDP_20240512T104001,0,2024-05,T40RDP,0.39452621008533634,0,0.7596965683860358
S2B_MSIL2A_20240522T064629_R020_T40RDP_20240522T103730_0000.jpg,S2B_MSIL2A_20240522T064629_R020_T40RDP_20240522T103730,1,2024-05,T40RDP,0.5428005273665546,0,0.7596965683860358
S2B_MSIL2A_20240522T064629_R020_T40RDP_20240522T103730_0001.jpg,S2B_MSIL2A_20240522T064629_R020_T40RDP_20240522T103730,1,2024-05,T40RDP,0.5087671814614603,0,0.7596965683860358
S2A_MSIL2A_20240616T064631_R020_T40RDP_20240616T131856_0000.jpg,S2A_MSIL2A_20240616T064631_R020_T40RDP_20240616T131856,0,2024-06,T40RDP,0.7667444557971145,1,0.7596965683860358
S2A_MSIL2A_20240616T064631_R020_T40RDP_20240616T131856_0001.jpg,S2A_MSIL2A_20240616T064631_R020_T40RDP_20240616T131856,0,2024-06,T40RDP,0.8018335365670353,1,0.7596965683860358
S2A_MSIL2A_20240626T064631_R020_T40RDP_20240626T112024_0000.jpg,S2A_MSIL2A_20240626T064631_R020_T40RDP_20240626T112024,0,2024-06,T40RDP,0.08460145405334585,0,0.7596965683860358
S2A_MSIL2A_20240626T064631_R020_T40RDP_20240626T112024_0001.jpg,S2A_MSIL2A_20240626T064631_R020_T40RDP_20240626T112024,0,2024-06,T40RDP,0.08287569086418048,0,0.7596965683860358
S2A_MSIL2A_20240706T064631_R020_T40RDP_20240706T121235_0000.jpg,S2A_MSIL2A_20240706T064631_R020_T40RDP_20240706T121235,1,2024-07,T40RDP,0.999999,1,0.7596965683860358
S2A_MSIL2A_20240706T064631_R020_T40RDP_20240706T121235_0001.jpg,S2A_MSIL2A_20240706T064631_R020_T40RDP_20240706T121235,1,2024-07,T40RDP,0.999999,1,0.7596965683860358
S2A_MSIL2A_20240726T064631_R020_T40RDP_20240726T115558_0000.jpg,S2A_MSIL2A_20240726T064631_R020_T40RDP_20240726T115558,0,2024-07,T40RDP,1e-06,0,0.7596965683860358
S2A_MSIL2A_20240726T064631_R020_T40RDP_20240726T115558_0001.jpg,S2A_MSIL2A_20240726T064631_R020_T40RDP_20240726T115558,0,2024-07,T40RDP,1e-06,0,0.7596965683860358
S2A_MSIL2A_20240904T064621_R020_T40RDP_20240904T121950_0000.jpg,S2A_MSIL2A_20240904T064621_R020_T40RDP_20240904T121950,0,2024-09,T40RDP,8.2913789079441e-06,0,0.7596965683860358
S2A_MSIL2A_20240904T064621_R020_T40RDP_20240904T121950_0001.jpg,S2A_MSIL2A_20240904T064621_R020_T40RDP_20240904T121950,0,2024-09,T40RDP,7.460209232678066e-06,0,0.7596965683860358
S2A_MSIL2A_20240924T064631_R020_T40RDP_20240924T103950_0000.jpg,S2A_MSIL2A_20240924T064631_R020_T40RDP_20240924T103950,0,2024-09,T40RDP,0.5869959829716429,0,0.7596965683860358
S2A_MSIL2A_20240924T064631_R020_T40RDP_20240924T103950_0001.jpg,S2A_MSIL2A_20240924T064631_R020_T40RDP_20240924T103950,0,2024-09,T40RDP,0.5932586595768786,0,0.7596965683860358
S2B_MSIL2A_20240929T064629_R020_T40RDP_20240929T100121_0000.jpg,S2B_MSIL2A_20240929T064629_R020_T40RDP_20240929T100121,0,2024-09,T40RDP,0.45285892502109754,0,0.7596965683860358
S2B_MSIL2A_20240929T064629_R020_T40RDP_20240929T100121_0001.jpg,S2B_MSIL2A_20240929T064629_R020_T40RDP_20240929T100121,0,2024-09,T40RDP,0.4369437058708511,0,0.7596965683860358
S2A_MSIL2A_20241004T064731_R020_T40RDP_20241004T103151_0000.jpg,S2A_MSIL2A_20241004T064731_R020_T40RDP_20241004T103151,0,2024-10,T40RDP,0.011329713385830121,0,0.7596965683860358
S2A_MSIL2A_20241004T064731_R020_T40RDP_20241004T103151_0001.jpg,S2A_MSIL2A_20241004T064731_R020_T40RDP_20241004T103151,0,2024-10,T40RDP,0.010586044693005794,0,0.7596965683860358
S2B_MSIL2A_20241009T064709_R020_T40RDP_20241009T093003_0000.jpg,S2B_MSIL2A_20241009T064709_R020_T40RDP_20241009T093003,1,2024-10,T40RDP,0.9409764088410355,1,0.7596965683860358
S2B_MSIL2A_20241009T064709_R020_T40RDP_20241009T093003_0001.jpg,S2B_MSIL2A_20241009T064709_R020_T40RDP_20241009T093003,1,2024-10,T40RDP,0.9278175792415534,1,0.7596965683860358
S2B_MSIL2A_20241029T064919_R020_T40RDP_20241029T090554_0000.jpg,S2B_MSIL2A_20241029T064919_R020_T40RDP_20241029T090554,0,2024-10,T40RDP,0.04008551825842485,0,0.7596965683860358
S2B_MSIL2A_20241029T064919_R020_T40RDP_20241029T090554_0001.jpg,S2B_MSIL2A_20241029T064919_R020_T40RDP_20241029T090554,0,2024-10,T40RDP,0.04313599263989185,0,0.7596965683860358
S2A_MSIL2A_20241103T065031_R020_T40RDP_20241103T100958_0000.jpg,S2A_MSIL2A_20241103T065031_R020_T40RDP_20241103T100958,1,2024-11,T40RDP,0.860174261390248,1,0.7596965683860358
S2A_MSIL2A_20241103T065031_R020_T40RDP_20241103T100958_0001.jpg,S2A_MSIL2A_20241103T065031_R020_T40RDP_20241103T100958,1,2024-11,T40RDP,0.8752778087586707,1,0.7596965683860358
S2B_MSIL2A_20241118T065059_R020_T40RDP_20241118T082640_0000.jpg,S2B_MSIL2A_20241118T065059_R020_T40RDP_20241118T082640,0,2024-11,T40RDP,0.08480103106502503,0,0.7596965683860358
S2B_MSIL2A_20241118T065059_R020_T40RDP_20241118T082640_0001.jpg,S2B_MSIL2A_20241118T065059_R020_T40RDP_20241118T082640,0,2024-11,T40RDP,0.0792384116908743,0,0.7596965683860358
S2B_MSIL2A_20241128T065139_R020_T40RDP_20241128T081447_0000.jpg,S2B_MSIL2A_20241128T065139_R020_T40RDP_20241128T081447,0,2024-11,T40RDP,0.034787274446649724,0,0.7596965683860358
S2B_MSIL2A_20241128T065139_R020_T40RDP_20241128T081447_0001.jpg,S2B_MSIL2A_20241128T065139_R020_T40RDP_20241128T081447,0,2024-11,T40RDP,0.034296894924308506,0,0.7596965683860358
S2B_MSIL2A_20241208T065159_R020_T40RDP_20241208T090838_0000.jpg,S2B_MSIL2A_20241208T065159_R020_T40RDP_20241208T090838,1,2024-12,T40RDP,0.9301364497286809,1,0.7596965683860358
S2B_MSIL2A_20241208T065159_R020_T40RDP_20241208T090838_0001.jpg,S2B_MSIL2A_20241208T065159_R020_T40RDP_20241208T090838,1,2024-12,T40RDP,0.9329820247217336,1,0.7596965683860358
S2A_MSIL2A_20241213T065301_R020_T40RDP_20241213T095751_0000.jpg,S2A_MSIL2A_20241213T065301_R020_T40RDP_20241213T095751,0,2024-12,T40RDP,0.2018308950106566,0,0.7596965683860358
S2A_MSIL2A_20241213T065301_R020_T40RDP_20241213T095751_0001.jpg,S2A_MSIL2A_20241213T065301_R020_T40RDP_20241213T095751,0,2024-12,T40RDP,0.16497405076408067,0,0.7596965683860358
S2B_MSIL2A_20241228T065209_R020_T40RDP_20241228T085137_0000.jpg,S2B_MSIL2A_20241228T065209_R020_T40RDP_20241228T085137,0,2024-12,T40RDP,0.6639890407869333,0,0.7596965683860358
S2B_MSIL2A_20241228T065209_R020_T40RDP_20241228T085137_0001.jpg,S2B_MSIL2A_20241228T065209_R020_T40RDP_20241228T085137,0,2024-12,T40RDP,0.6400029579841715,0,0.7596965683860358
S2A_MSIL2A_20170108T063231_R077_T40QGK_20210530T025623_0000.jpg,S2A_MSIL2A_20170108T063231_R077_T40QGK_20210530T025623,0,2017-01,T40QGK,0.29253746256167074,0,0.7596965683860358
S2A_MSIL2A_20170108T063231_R077_T40QGK_20210530T025623_0001.jpg,S2A_MSIL2A_20170108T063231_R077_T40QGK_20210530T025623,0,2017-01,T40QGK,0.2784292551447685,0,0.7596965683860358
S2A_MSIL2A_20170227T062811_R077_T40QGK_20210208T174007_0000.jpg,S2A_MSIL2A_20170227T062811_R077_T40QGK_20210208T174007,0,2017-02,T40QGK,0.14553028888231906,0,0.7596965683860358
S2A_MSIL2A_20170227T062811_R077_T40QGK_20210208T174007_0001.jpg,S2A_MSIL2A_20170227T062811_R077_T40QGK_20210208T174007,0,2017-02,T40QGK,0.1352845662992459,0,0.7596965683860358
S2A_MSIL2A_20170408T062631_R077_T40QGK_20210209T054517_0000.jpg,S2A_MSIL2A_20170408T062631_R077_T40QGK_20210209T054517,1,2017-04,T40QGK,0.7650042838433224,1,0.7596965683860358
S2A_MSIL2A_20170408T062631_R077_T40QGK_20210209T054517_0001.jpg,S2A_MSIL2A_20170408T062631_R077_T40QGK_20210209T054517,1,2017-04,T40QGK,0.781184274923823,1,0.7596965683860358
S2A_MSIL2A_20170518T062631_R077_T40QGK_20210209T161923_0000.jpg,S2A_MSIL2A_20170518T062631_R077_T40QGK_20210209T161923,1,2017-05,T40QGK,0.26877947873740055,0,0.7596965683860358
S2A_MSIL2A_20170518T062631_R077_T40QGK_20210209T161923_0001.jpg,S2A_MSIL2A_20170518T062631_R077_T40QGK_20210209T161923,1,2017-05,T40QGK,0.24548905026662915,0,0.7596965683860358
S2A_MSIL2A_20170607T062631_R077_T40QGK_20210209T210413_0000.jpg,S2A_MSIL2A_20170607T062631_R077_T40QGK_20210209T210413,0,2017-06,T40QGK,0.2144837374461433,0,0.7596965683860358
S2A_MSIL2A_20170607T062631_R077_T40QGK_20210209T210413_0001.jpg,S2A_MSIL2A_20170607T062631_R077_T40QGK_20210209T210413,0,2017-06,T40QGK,0.23804770287881152,0,0.7596965683860358
S2B_MSIL2A_20170712T062629_R077_T40QGK_20210210T075544_0000.jpg,S2B_MSIL2A_20170712T062629_R077_T40QGK_20210210T075544,0,2017-07,T40QGK,0.23054738415560289,0,0.7596965683860358
S2B_MSIL2A_20170712T062629_R077_T40QGK_20210210T075544_0001.jpg,S2B_MSIL2A_20170712T062629_R077_T40QGK_20210210T075544,0,2017-07,T40QGK,0.24329985931283993,0,0.7596965683860358
S2A_MSIL2A_20170806T062631_R077_T40QGK_20210210T201853_0000.jpg,S2A_MSIL2A_20170806T062631_R077_T40QGK_20210210T201853,0,2017-08,T40QGK,0.053913042961679314,0,0.7596965683860358
S2A_MSIL2A_20170806T062631_R077_T40QGK_20210210T201853_0001.jpg,S2A_MSIL2A_20170806T062631_R077_T40QGK_20210210T201853,0,2017-08,T40QGK,0.060119930914889354,0,0.7596965683860358
S2A_MSIL2A_20170826T062631_R077_T40QGK_20210201T110022_0000.jpg,S2A_MSIL2A_20170826T062631_R077_T40QGK_20210201T110022,1,2017-08,T40QGK,0.7870814464560482,1,0.7596965683860358
S2A_MSIL2A_20170826T062631_R077_T40QGK_20210201T110022_0001.jpg,S2A_MSIL2A_20170826T062631_R077_T40QGK_20210201T110022,1,2017-08,T40QGK,0.7880680793816264,1,0.7596965683860358
S2B_MSIL2A_20170910T062619_R077_T40QGK_20210201T232752_0000.jpg,S2B_MSIL2A_20170910T062619_R077_T40QGK_20210201T232752,0,2017-09,T40QGK,0.05686540482432361,0,0.7596965683860358
S2B_MSIL2A_20170910T062619_R077_T40QGK_20210201T232752_0001.jpg,S2B_MSIL2A_20170910T062619_R077_T40QGK_20210201T232752,0,2017-09,T40QGK,0.054161193528590786,0,0.7596965683860358
S2B_MSIL2A_20170930T062629_R077_T40QGK_20210202T120552_0000.jpg,S2B_MSIL2A_20170930T062629_R077_T40QGK_20210202T120552,0,2017-09,T40QGK,0.4396149563626106,0,0.7596965683860358
S2B_MSIL2A_20170930T062629_R077_T40QGK_20210202T120552_0001.jpg,S2B_MSIL2A_20170930T062629_R077_T40QGK_20210202T120552,0,2017-09,T40QGK,0.41402343843722766,0,0.7596965683860358
S2A_MSIL2A_20171005T062721_R077_T40QGK_20210202T140745_0000.jpg,S2A_MSIL2A_20171005T062721_R077_T40QGK_20210202T140745,0,2017-10,T40QGK,0.0761250477773368,0,0.7596965683860358
S2A_MSIL2A_20171005T062721_R077_T40QGK_20210202T140745_0001.jpg,S2A_MSIL2A_20171005T062721_R077_T40QGK_20210202T140745,0,2017-10,T40QGK,0.0717202527349248,0,0.7596965683860358
S2B_MSIL2A_20171020T062849_R077_T40QGK_20201015T010902_0000.jpg,S2B_MSIL2A_20171020T062849_R077_T40QGK_20201015T010902,0,2017-10,T40QGK,0.10825103545716214,0,0.7596965683860358
S2B_MSIL2A_20171020T062849_R077_T40QGK_20201015T010902_0001.jpg,S2B_MSIL2A_20171020T062849_R077_T40QGK_20201015T010902,0,2017-10,T40QGK,0.1105993756422162,0,0.7596965683860358
S2A_MSIL2A_20171025T062931_R077_T40QGK_20201015T020751_0000.jpg,S2A_MSIL2A_20171025T062931_R077_T40QGK_20201015T020751,0,2017-10,T40QGK,0.046697215824176866,0,0.7596965683860358
S2A_MSIL2A_20171025T062931_R077_T40QGK_20201015T020751_0001.jpg,S2A_MSIL2A_20171025T062931_R077_T40QGK_20201015T020751,0,2017-10,T40QGK,0.047800622131688154,0,0.7596965683860358
S2B_MSIL2A_20171109T063039_R077_T40QGK_20201014T190830_0000.jpg,S2B_MSIL2A_20171109T063039_R077_T40QGK_20201014T190830,0,2017-11,T40QGK,0.1257603332593399,0,0.7596965683860358
S2B_MSIL2A_20171109T063039_R077_T40QGK_20201014T190830_0001.jpg,S2B_MSIL2A_20171109T063039_R077_T40QGK_20201014T190830,0,2017-11,T40QGK,0.11780603827497127,0,0.7596965683860358
S2B_MSIL2A_20171119T063129_R077_T40QGK_20201014T205952_0000.jpg,S2B_MSIL2A_20171119T063129_R077_T40QGK_20201014T205952,0,2017-11,T40QGK,0.4616093168020711,0,0.7596965683860358
S2B_MSIL2A_20171119T063129_R077_T40QGK_20201014T205952_0001.jpg,S2B_MSIL2A_20171119T063129_R077_T40QGK_20201014T205952,0,2017-11,T40QGK,0.441656206611964,0,0.7596965683860358
S2A_MSIL2A_20171204T063231_R077_T40QGK_20201014T115634_0000.jpg,S2A_MSIL2A_20171204T063231_R077_T40QGK_20201014T115634,0,2017-12,T40QGK,0.02938637496313357,0,0.7596965683860358
S2A_MSIL2A_20171204T063231_R077_T40QGK_20201014T115634_0001.jpg,S2A_MSIL2A_20171204T063231_R077_T40QGK_20201014T115634,0,2017-12,T40QGK,0.020720660181912955,0,0.7596965683860358
S2B_MSIL2A_20171209T063239_R077_T40QGK_20201014T130134_0000.jpg,S2B_MSIL2A_20171209T063239_R077_T40QGK_20201014T130134,0,2017-12,T40QGK,0.023005280258596567,0,0.7596965683860358
S2B_MSIL2A_20171209T063239_R077_T40QGK_20201014T130134_0001.jpg,S2B_MSIL2A_20171209T063239_R077_T40QGK_20201014T130134,0,2017-12,T40QGK,0.018035668397020824,0,0.7596965683860358
S2B_MSIL2A_20171229T063249_R077_T40QGK_20201014T171616_0000.jpg,S2B_MSIL2A_20171229T063249_R077_T40QGK_20201014T171616,0,2017-12,T40QGK,0.9593346168563786,1,0.7596965683860358
S2B_MSIL2A_20171229T063249_R077_T40QGK_20201014T171616_0001.jpg,S2B_MSIL2A_20171229T063249_R077_T40QGK_20201014T171616,0,2017-12,T40QGK,0.9519228434430386,1,0.7596965683860358
S2B_MSIL2A_20180108T063229_R077_T40QGK_20201014T041341_0000.jpg,S2B_MSIL2A_20180108T063229_R077_T40QGK_20201014T041341,0,2018-01,T40QGK,0.10889999480102254,0,0.7596965683860358
S2B_MSIL2A_20180108T063229_R077_T40QGK_20201014T041341_0001.jpg,S2B_MSIL2A_20180108T063229_R077_T40QGK_20201014T041341,0,2018-01,T40QGK,0.12107504454711669,0,0.7596965683860358
S2A_MSIL2A_20180113T063221_R077_T40QGK_20201014T052118_0000.jpg,S2A_MSIL2A_20180113T063221_R077_T40QGK_20201014T052118,0,2018-01,T40QGK,0.11348145197453725,0,0.7596965683860358
S2A_MSIL2A_20180113T063221_R077_T40QGK_20201014T052118_0001.jpg,S2A_MSIL2A_20180113T063221_R077_T40QGK_20201014T052118,0,2018-01,T40QGK,0.09947879733790926,0,0.7596965683860358
S2B_MSIL2A_20180128T063119_R077_T40QGK_20201014T093452_0000.jpg,S2B_MSIL2A_20180128T063119_R077_T40QGK_20201014T093452,0,2018-01,T40QGK,0.8384901023299823,1,0.7596965683860358
S2B_MSIL2A_20180128T063119_R077_T40QGK_20201014T093452_0001.jpg,S2B_MSIL2A_20180128T063119_R077_T40QGK_20201014T093452,0,2018-01,T40QGK,0.824979048568307,1,0.7596965683860358
S2B_MSIL2A_20180207T063029_R077_T40QGK_20201013T195615_0000.jpg,S2B_MSIL2A_20180207T063029_R077_T40QGK_20201013T195615,0,2018-02,T40QGK,0.28558025623390276,0,0.7596965683860358
S2B_MSIL2A_20180207T063029_R077_T40QGK_20201013T195615_0001.jpg,S2B_MSIL2A_20180207T063029_R077_T40QGK_20201013T195615,0,2018-02,T40QGK,0.29234682686345004,0,0.7596965683860358
S2A_MSIL2A_20180212T063001_R077_T40QGK_20201026T040841_0000.jpg,S2A_MSIL2A_20180212T063001_R077_T40QGK_20201026T040841,1,2018-02,T40QGK,0.9589282634255499,1,0.7596965683860358
S2A_MSIL2A_20180212T063001_R077_T40QGK_20201026T040841_0001.jpg,S2A_MSIL2A_20180212T063001_R077_T40QGK_20201026T040841,1,2018-02,T40QGK,0.9553879386651922,1,0.7596965683860358
S2B_MSIL2A_20180217T062919_R077_T40QGK_20201013T222432_0000.jpg,S2B_MSIL2A_20180217T062919_R077_T40QGK_20201013T222432,1,2018-02,T40QGK,0.9224893876370643,1,0.7596965683860358
S2B_MSIL2A_20180217T062919_R077_T40QGK_20201013T222432_0001.jpg,S2B_MSIL2A_20180217T062919_R077_T40QGK_20201013T222432,1,2018-02,T40QGK,0.9206037241553366,1,0.7596965683860358
S2A_MSIL2A_20180324T062631_R077_T40QGK_20201013T132417_0000.jpg,S2A_MSIL2A_20180324T062631_R077_T40QGK_20201013T132417,0,2018-03,T40QGK,0.3238967594842863,0,0.7596965683860358
S2A_MSIL2A_20180324T062631_R077_T40QGK_20201013T132417_0001.jpg,S2A_MSIL2A_20180324T062631_R077_T40QGK_20201013T132417,0,2018-03,T40QGK,0.3098543134340352,0,0.7596965683860358
S2B_MSIL2A_20180329T062629_R077_T40QGK_20201013T161103_0000.jpg,S2B_MSIL2A_20180329T062629_R077_T40QGK_20201013T161103,0,2018-03,T40QGK,0.1550604339014044,0,0.7596965683860358
S2B_MSIL2A_20180329T062629_R077_T40QGK_20201013T161103_0001.jpg,S2B_MSIL2A_20180329T062629_R077_T40QGK_20201013T161103,0,2018-03,T40QGK,0.17119406879568017,0,0.7596965683860358
S2A_MSIL2A_20180403T062631_R077_T40QGK_20201012T174147_0000.jpg,S2A_MSIL2A_20180403T062631_R077_T40QGK_20201012T174147,0,2018-04,T40QGK,0.27395200253660845,0,0.7596965683860358
S2A_MSIL2A_20180403T062631_R077_T40QGK_20201012T174147_0001.jpg,S2A_MSIL2A_20180403T062631_R077_T40QGK_20201012T174147,0,2018-04,T40QGK,0.27479234210511955,0,0.7596965683860358
S2A_MSIL2A_20180413T062631_R077_T40QGK_20201012T214136_0000.jpg,S2A_MSIL2A_20180413T062631_R077_T40QGK_20201012T214136,0,2018-04,T40QGK,0.14349403727776266,0,0.7596965683860358
S2A_MSIL2A_20180413T062631_R077_T40QGK_20201012T214136_0001.jpg,S2A_MSIL2A_20180413T062631_R077_T40QGK_20201012T214136,0,2018-04,T40QGK,0.14332918064723893,0,0.7596965683860358
S2A_MSIL2A_20180423T062631_R077_T40QGK_20201013T013518_0000.jpg,S2A_MSIL2A_20180423T062631_R077_T40QGK_20201013T013518,1,2018-04,T40QGK,0.5165616123085814,0,0.7596965683860358
S2A_MSIL2A_20180423T062631_R077_T40QGK_20201013T013518_0001.jpg,S2A_MSIL2A_20180423T062631_R077_T40QGK_20201013T013518,1,2018-04,T40QGK,0.5253984625342757,0,0.7596965683860358
S2B_MSIL2A_20180428T062629_R077_T40QGK_20201013T034933_0000.jpg,S2B_MSIL2A_20180428T062629_R077_T40QGK_20201013T034933,1,2018-04,T40QGK,0.2204442045432815,0,0.7596965683860358
S2B_MSIL2A_20180428T062629_R077_T40QGK_20201013T034933_0001.jpg,S2B_MSIL2A_20180428T062629_R077_T40QGK_20201013T034933,1,2018-04,T40QGK,0.22390900231389374,0,0.7596965683860358
S2A_MSIL2A_20180513T062631_R077_T40QGK_20201012T091425_0000.jpg,S2A_MSIL2A_20180513T062631_R077_T40QGK_20201012T091425,0,2018-05,T40QGK,0.1598979008076944,0,0.7596965683860358
S2A_MSIL2A_20180513T062631_R077_T40QGK_20201012T091425_0001.jpg,S2A_MSIL2A_20180513T062631_R077_T40QGK_20201012T091425,0,2018-05,T40QGK,0.15697562278735205,0,0.7596965683860358
S2A_MSIL2A_20180523T062631_R077_T40QGK_20201012T131343_0000.jpg,S2A_MSIL2A_20180523T062631_R077_T40QGK_20201012T131343,0,2018-05,T40QGK,0.000135240365090187,0,0.7596965683860358
S2A_MSIL2A_20180523T062631_R077_T40QGK_20201012T131343_0001.jpg,S2A_MSIL2A_20180523T062631_R077_T40QGK_20201012T131343,0,2018-05,T40QGK,0.00012777783378202151,0,0.7596965683860358
S2B_MSIL2A_20180528T062629_R077_T40QGK_20201012T150955_0000.jpg,S2B_MSIL2A_20180528T062629_R077_T40QGK_20201012T150955,0,2018-05,T40QGK,0.8481367582880133,1,0.7596965683860358
S2B_MSIL2A_20180528T062629_R077_T40QGK_20201012T150955_0001.jpg,S2B_MSIL2A_20180528T062629_R077_T40QGK_20201012T150955,0,2018-05,T40QGK,0.8456793932573065,1,0.7596965683860358
S2A_MSIL2A_20180602T062631_R077_T40QGK_20201103T052930_0000.jpg,S2A_MSIL2A_20180602T062631_R077_T40QGK_20201103T052930,0,2018-06,T40QGK,0.09687590637494482,0,0.7596965683860358
S2A_MSIL2A_20180602T062631_R077_T40QGK_20201103T052930_0001.jpg,S2A_MSIL2A_20180602T062631_R077_T40QGK_20201103T052930,0,2018-06,T40QGK,0.10162772653924516,0,0.7596965683860358
S2A_MSIL2A_20180612T062631_R077_T40QGK_20201026T223958_0000.jpg,S2A_MSIL2A_20180612T062631_R077_T40QGK_20201026T223958,0,2018-06,T40QGK,0.6905398048097435,0,0.7596965683860358
S2A_MSIL2A_20180612T062631_R077_T40QGK_20201026T223958_0001.jpg,S2A_MSIL2A_20180612T062631_R077_T40QGK_20201026T223958,0,2018-06,T40QGK,0.6956908575395855,0,0.7596965683860358
S2B_MSIL2A_20180617T062629_R077_T40QGK_20201011T231555_0000.jpg,S2B_MSIL2A_20180617T062629_R077_T40QGK_20201011T231555,0,2018-06,T40QGK,0.8600169033725463,1,0.7596965683860358
S2B_MSIL2A_20180617T062629_R077_T40QGK_20201011T231555_0001.jpg,S2B_MSIL2A_20180617T062629_R077_T40QGK_20201011T231555,0,2018-06,T40QGK,0.8570990780888141,1,0.7596965683860358
S2B_MSIL2A_20180627T062629_R077_T40QGK_20201012T030550_0000.jpg,S2B_MSIL2A_20180627T062629_R077_T40QGK_20201012T030550,0,2018-06,T40QGK,0.005338544935641494,0,0.7596965683860358
S2B_MSIL2A_20180627T062629_R077_T40QGK_20201012T030550_0001.jpg,S2B_MSIL2A_20180627T062629_R077_T40QGK_20201012T030550,0,2018-06,T40QGK,0.004811192687141449,0,0.7596965683860358
S2B_MSIL2A_20180707T062629_R077_T40QGK_20201011T130508_0000.jpg,S2B_MSIL2A_20180707T062629_R077_T40QGK_20201011T130508,0,2018-07,T40QGK,0.9659393791953141,1,0.7596965683860358
S2B_MSIL2A_20180707T062629_R077_T40QGK_20201011T130508_0001.jpg,S2B_MSIL2A_20180707T062629_R077_T40QGK_20201011T130508,0,2018-07,T40QGK,0.9675836336498537,1,0.7596965683860358
S2A_MSIL2A_20180712T062631_R077_T40QGK_20201011T145021_0000.jpg,S2A_MSIL2A_20180712T062631_R077_T40QGK_20201011T145021,0,2018-07,T40QGK,0.7189204059292376,0,0.7596965683860358
S2A_MSIL2A_20180712T062631_R077_T40QGK_20201011T145021_0001.jpg,S2A_MSIL2A_20180712T062631_R077_T40QGK_20201011T145021,0,2018-07,T40QGK,0.7480555654117858,0,0.7596965683860358
S2B_MSIL2A_20180717T062629_R077_T40QGK_20201011T165446_0000.jpg,S2B_MSIL2A_20180717T062629_R077_T40QGK_20201011T165446,0,2018-07,T40QGK,0.654660337956406,0,0.7596965683860358
S2B_MSIL2A_20180717T062629_R077_T40QGK_20201011T165446_0001.jpg,S2B_MSIL2A_20180717T062629_R077_T40QGK_20201011T165446,0,2018-07,T40QGK,0.6611758964126445,0,0.7596965683860358
S2B_MSIL2A_20180806T062629_R077_T40QGK_20201010T220242_0000.jpg,S2B_MSIL2A_20180806T062629_R077_T40QGK_20201010T220242,0,2018-08,T40QGK,0.05980416308903827,0,0.7596965683860358
S2B_MSIL2A_20180806T062629_R077_T40QGK_20201010T220242_0001.jpg,S2B_MSIL2A_20180806T062629_R077_T40QGK_20201010T220242,0,2018-08,T40QGK,0.05768774061450877,0,0.7596965683860358
S2A_MSIL2A_20180811T062631_R077_T40QGK_20201011T000847_0000.jpg,S2A_MSIL2A_20180811T062631_R077_T40QGK_20201011T000847,0,2018-08,T40QGK,0.05189241785331032,0,0.7596965683860358
S2A_MSIL2A_20180811T062631_R077_T40QGK_20201011T000847_0001.jpg,S2A_MSIL2A_20180811T062631_R077_T40QGK_20201011T000847,0,2018-08,T40QGK,0.06439212021411522,0,0.7596965683860358
S2A_MSIL2A_20180831T062631_R077_T40QGK_20201103T173702_0000.jpg,S2A_MSIL2A_20180831T062631_R077_T40QGK_20201103T173702,0,2018-08,T40QGK,0.7596536826618606,0,0.7596965683860358
S2A_MSIL2A_20180831T062631_R077_T40QGK_20201103T173702_0001.jpg,S2A_MSIL2A_20180831T062631_R077_T40QGK_20201103T173702,0,2018-08,T40QGK,0.7873508382838595,1,0.7596965683860358
S2B_MSIL2A_20180905T062619_R077_T40QGK_20201103T211022_0000.jpg,S2B_MSIL2A_20180905T062619_R077_T40QGK_20201103T211022,1,2018-09,T40QGK,0.7723155399656224,1,0.7596965683860358
S2B_MSIL2A_20180905T062619_R077_T40QGK_20201103T211022_0001.jpg,S2B_MSIL2A_20180905T062619_R077_T40QGK_20201103T211022,1,2018-09,T40QGK,0.7760858890025151,1,0.7596965683860358
S2B_MSIL2A_20180915T062619_R077_T40QGK_20201009T012727_0000.jpg,S2B_MSIL2A_20180915T062619_R077_T40QGK_20201009T012727,0,2018-09,T40QGK,0.04834573944593012,0,0.7596965683860358
S2B_MSIL2A_20180915T062619_R077_T40QGK_20201009T012727_0001.jpg,S2B_MSIL2A_20180915T062619_R077_T40QGK_20201009T012727,0,2018-09,T40QGK,0.044212476387650565,0,0.7596965683860358
S2A_MSIL2A_20180920T062621_R077_T40QGK_20201009T030042_0000.jpg,S2A_MSIL2A_20180920T062621_R077_T40QGK_20201009T030042,0,2018-09,T40QGK,0.058588966556575583,0,0.7596965683860358
S2A_MSIL2A_20180920T062621_R077_T40QGK_20201009T030042_0001.jpg,S2A_MSIL2A_20180920T062621_R077_T40QGK_20201009T030042,0,2018-09,T40QGK,0.06267674371323728,0,0.7596965683860358
S2A_MSIL2A_20180930T062641_R077_T40QGK_20201009T062826_0000.jpg,S2A_MSIL2A_20180930T062641_R077_T40QGK_20201009T062826,1,2018-09,T40QGK,0.622657815307202,0,0.7596965683860358
S2A_MSIL2A_20180930T062641_R077_T40QGK_20201009T062826_0001.jpg,S2A_MSIL2A_20180930T062641_R077_T40QGK_20201009T062826,1,2018-09,T40QGK,0.608716391043889,0,0.7596965683860358
S2A_MSIL2A_20181020T062901_R077_T40QGK_20201030T225347_0000.jpg,S2A_MSIL2A_20181020T062901_R077_T40QGK_20201030T225347,1,2018-10,T40QGK,0.9413970058925171,1,0.7596965683860358
S2A_MSIL2A_20181020T062901_R077_T40QGK_20201030T225347_0001.jpg,S2A_MSIL2A_20181020T062901_R077_T40QGK_20201030T225347,1,2018-10,T40QGK,0.9574082891261196,1,0.7596965683860358
S2B_MSIL2A_20181025T062929_R077_T40QGK_20201009T151438_0000.jpg,S2B_MSIL2A_20181025T062929_R077_T40QGK_20201009T151438,0,2018-10,T40QGK,0.13951293331291417,0,0.7596965683860358
S2B_MSIL2A_20181025T062929_R077_T40QGK_20201009T151438_0001.jpg,S2B_MSIL2A_20181025T062929_R077_T40QGK_20201009T151438,0,2018-10,T40QGK,0.13772971107946136,0,0.7596965683860358
S2B_MSIL2A_20181114T063119_R077_T40QGK_20201008T183309_0000.jpg,S2B_MSIL2A_20181114T063119_R077_T40QGK_20201008T183309,1,2018-11,T40QGK,0.0066869276686035185,0,0.7596965683860358
S2B_MSIL2A_20181114T063119_R077_T40QGK_20201008T183309_0001.jpg,S2B_MSIL2A_20181114T063119_R077_T40QGK_20201008T183309,1,2018-11,T40QGK,0.00604330704425833,0,0.7596965683860358
S2A_MSIL2A_20181119T063141_R077_T40QGK_20201008T195111_0000.jpg,S2A_MSIL2A_20181119T063141_R077_T40QGK_20201008T195111,1,2018-11,T40QGK,0.9739073022758954,1,0.7596965683860358
S2A_MSIL2A_20181119T063141_R077_T40QGK_20201008T195111_0001.jpg,S2A_MSIL2A_20181119T063141_R077_T40QGK_20201008T195111,1,2018-11,T40QGK,0.9674427545643134,1,0.7596965683860358
S2A_MSIL2A_20181129T063211_R077_T40QGK_20201008T223706_0000.jpg,S2A_MSIL2A_20181129T063211_R077_T40QGK_20201008T223706,0,2018-11,T40QGK,0.15888602021184314,0,0.7596965683860358
S2A_MSIL2A_20181129T063211_R077_T40QGK_20201008T223706_0001.jpg,S2A_MSIL2A_20181129T063211_R077_T40QGK_20201008T223706,0,2018-11,T40QGK,0.15718469030011942,0,0.7596965683860358
S2B_MSIL2A_20181204T063229_R077_T40QGK_20201008T072338_0000.jpg,S2B_MSIL2A_20181204T063229_R077_T40QGK_20201008T072338,0,2018-12,T40QGK,1.9901681670835977e-05,0,0.7596965683860358
S2B_MSIL2A_20181204T063229_R077_T40QGK_20201008T072338_0001.jpg,S2B_MSIL2A_20181204T063229_R077_T40QGK_20201008T072338,0,2018-12,T40QGK,2.3796526555428366e-05,0,0.7596965683860358
S2A_MSIL2A_20181209T063241_R077_T40QGK_20201030T235446_0000.jpg,S2A_MSIL2A_20181209T063241_R077_T40QGK_20201030T235446,0,2018-12,T40QGK,1.8454605725400237e-05,0,0.7596965683860358
S2A_MSIL2A_20181209T063241_R077_T40QGK_20201030T235446_0001.jpg,S2A_MSIL2A_20181209T063241_R077_T40QGK_20201030T235446,0,2018-12,T40QGK,1.7962595702550234e-05,0,0.7596965683860358
S2A_MSIL2A_20181219T063251_R077_T40QGK_20201008T112107_0000.jpg,S2A_MSIL2A_20181219T063251_R077_T40QGK_20201008T112107,1,2018-12,T40QGK,0.9803056505319785,1,0.7596965683860358
S2A_MSIL2A_20181219T063251_R077_T40QGK_20201008T112107_0001.jpg,S2A_MSIL2A_20181219T063251_R077_T40QGK_20201008T112107,1,2018-12,T40QGK,0.9806270304241022,1,0.7596965683860358
S2A_MSIL2A_20181229T063251_R077_T40QGK_20201008T135448_0000.jpg,S2A_MSIL2A_20181229T063251_R077_T40QGK_20201008T135448,0,2018-12,T40QGK,0.9516098366402681,1,0.7596965683860358
S2A_MSIL2A_20181229T063251_R077_T40QGK_20201008T135448_0001.jpg,S2A_MSIL2A_20181229T063251_R077_T40QGK_20201008T135448,0,2018-12,T40QGK,0.953644312137851,1,0.7596965683860358
S2B_MSIL2A_20190123T063149_R077_T40QGK_20201008T040056_0000.jpg,S2B_MSIL2A_20190123T063149_R077_T40QGK_20201008T040056,0,2019-01,T40QGK,0.05168065301922222,0,0.7596965683860358
S2B_MSIL2A_20190123T063149_R077_T40QGK_20201008T040056_0001.jpg,S2B_MSIL2A_20190123T063149_R077_T40QGK_20201008T040056,0,2019-01,T40QGK,0.05344694400339003,0,0.7596965683860358
S2A_MSIL2A_20190128T063121_R077_T40QGK_20201008T051650_0000.jpg,S2A_MSIL2A_20190128T063121_R077_T40QGK_20201008T051650,1,2019-01,T40QGK,0.7473024674577254,0,0.7596965683860358
S2A_MSIL2A_20190128T063121_R077_T40QGK_20201008T051650_0001.jpg,S2A_MSIL2A_20190128T063121_R077_T40QGK_20201008T051650,1,2019-01,T40QGK,0.7390820798589863,0,0.7596965683860358
S2A_MSIL2A_20190207T063031_R077_T40QGK_20210713T232839_0000.jpg,S2A_MSIL2A_20190207T063031_R077_T40QGK_20210713T232839,1,2019-02,T40QGK,0.878025123179513,1,0.7596965683860358
S2A_MSIL2A_20190207T063031_R077_T40QGK_20210713T232839_0001.jpg,S2A_MSIL2A_20190207T063031_R077_T40QGK_20210713T232839,1,2019-02,T40QGK,0.8760749300059932,1,0.7596965683860358
S2A_MSIL2A_20190227T062821_R077_T40QGK_20201007T210606_0000.jpg,S2A_MSIL2A_20190227T062821_R077_T40QGK_20201007T210606,0,2019-02,T40QGK,0.008415274768073923,0,0.7596965683860358
S2A_MSIL2A_20190227T062821_R077_T40QGK_20201007T210606_0001.jpg,S2A_MSIL2A_20190227T062821_R077_T40QGK_20201007T210606,0,2019-02,T40QGK,0.008555675809277805,0,0.7596965683860358
S2B_MSIL2A_20190304T062749_R077_T40QGK_20201030T140917_0000.jpg,S2B_MSIL2A_20190304T062749_R077_T40QGK_20201030T140917,1,2019-03,T40QGK,0.919124431094594,1,0.7596965683860358
S2B_MSIL2A_20190304T062749_R077_T40QGK_20201030T140917_0001.jpg,S2B_MSIL2A_20190304T062749_R077_T40QGK_20201030T140917,1,2019-03,T40QGK,0.9182344823062247,1,0.7596965683860358
S2B_MSIL2A_20190314T062629_R077_T40QGK_20201007T063949_0000.jpg,S2B_MSIL2A_20190314T062629_R077_T40QGK_20201007T063949,0,2019-03,T40QGK,0.10848374147274054,0,0.7596965683860358
S2B_MSIL2A_20190314T062629_R077_T40QGK_20201007T063949_0001.jpg,S2B_MSIL2A_20190314T062629_R077_T40QGK_20201007T063949,0,2019-03,T40QGK,0.11599404788714007,0,0.7596965683860358
S2A_MSIL2A_20190319T062631_R077_T40QGK_20201007T080841_0000.jpg,S2A_MSIL2A_20190319T062631_R077_T40QGK_20201007T080841,0,2019-03,T40QGK,0.15910378654392576,0,0.7596965683860358
S2A_MSIL2A_20190319T062631_R077_T40QGK_20201007T080841_0001.jpg,S2A_MSIL2A_20190319T062631_R077_T40QGK_20201007T080841,0,2019-03,T40QGK,0.18165721442092608,0,0.7596965683860358
S2A_MSIL2A_20190329T062631_R077_T40QGK_20201007T115324_0000.jpg,S2A_MSIL2A_20190329T062631_R077_T40QGK_20201007T115324,0,2019-03,T40QGK,0.01520369049167177,0,0.7596965683860358
S2A_MSIL2A_20190329T062631_R077_T40QGK_20201007T115324_0001.jpg,S2A_MSIL2A_20190329T062631_R077_T40QGK_20201007T115324,0,2019-03,T40QGK,0.012878321559688344,0,0.7596965683860358
S2A_MSIL2A_20190408T062631_R077_T40QGK_20201006T233313_0000.jpg,S2A_MSIL2A_20190408T062631_R077_T40QGK_20201006T233313,0,2019-04,T40QGK,0.4878312912500209,0,0.7596965683860358
S2A_MSIL2A_20190408T062631_R077_T40QGK_20201006T233313_0001.jpg,S2A_MSIL2A_20190408T062631_R077_T40QGK_20201006T233313,0,2019-04,T40QGK,0.48297867657547316,0,0.7596965683860358
S2B_MSIL2A_20190423T062639_R077_T40QGK_20201105T161913_0000.jpg,S2B_MSIL2A_20190423T062639_R077_T40QGK_20201105T161913,0,2019-04,T40QGK,0.11300649097210921,0,0.7596965683860358
S2B_MSIL2A_20190423T062639_R077_T40QGK_20201105T161913_0001.jpg,S2B_MSIL2A_20190423T062639_R077_T40QGK_20201105T161913,0,2019-04,T40QGK,0.1574230247996483,0,0.7596965683860358
S2A_MSIL2A_20190428T062631_R077_T40QGK_20201105T205730_0000.jpg,S2A_MSIL2A_20190428T062631_R077_T40QGK_20201105T205730,0,2019-04,T40QGK,0.19663693862211953,0,0.7596965683860358
S2A_MSIL2A_20190428T062631_R077_T40QGK_20201105T205730_0001.jpg,S2A_MSIL2A_20190428T062631_R077_T40QGK_20201105T205730,0,2019-04,T40QGK,0.22327752925768737,0,0.7596965683860358
S2A_MSIL2A_20190508T062631_R077_T40QGK_20201006T112655_0000.jpg,S2A_MSIL2A_20190508T062631_R077_T40QGK_20201006T112655,0,2019-05,T40QGK,0.06128085845519481,0,0.7596965683860358
S2A_MSIL2A_20190508T062631_R077_T40QGK_20201006T112655_0001.jpg,S2A_MSIL2A_20190508T062631_R077_T40QGK_20201006T112655,0,2019-05,T40QGK,0.07348314366543027,0,0.7596965683860358
S2B_MSIL2A_20190513T062639_R077_T40QGK_20201106T003108_0000.jpg,S2B_MSIL2A_20190513T062639_R077_T40QGK_20201106T003108,0,2019-05,T40QGK,0.03457154128341677,0,0.7596965683860358
S2B_MSIL2A_20190513T062639_R077_T40QGK_20201106T003108_0001.jpg,S2B_MSIL2A_20190513T062639_R077_T40QGK_20201106T003108,0,2019-05,T40QGK,0.035398827622676494,0,0.7596965683860358
S2A_MSIL2A_20190528T062631_R077_T40QGK_20201006T191632_0000.jpg,S2A_MSIL2A_20190528T062631_R077_T40QGK_20201006T191632,1,2019-05,T40QGK,0.7030100453153455,0,0.7596965683860358
S2A_MSIL2A_20190528T062631_R077_T40QGK_20201006T191632_0001.jpg,S2A_MSIL2A_20190528T062631_R077_T40QGK_20201006T191632,1,2019-05,T40QGK,0.698208418166564,0,0.7596965683860358
S2A_MSIL2A_20190607T062631_R077_T40QGK_20201005T230635_0000.jpg,S2A_MSIL2A_20190607T062631_R077_T40QGK_20201005T230635,0,2019-06,T40QGK,0.01254175626802674,0,0.7596965683860358
S2A_MSIL2A_20190607T062631_R077_T40QGK_20201005T230635_0001.jpg,S2A_MSIL2A_20190607T062631_R077_T40QGK_20201005T230635,0,2019-06,T40QGK,0.01378005937138305,0,0.7596965683860358
S2B_MSIL2A_20190612T062639_R077_T40QGK_20201006T012129_0000.jpg,S2B_MSIL2A_20190612T062639_R077_T40QGK_20201006T012129,0,2019-06,T40QGK,0.7866324849201323,1,0.7596965683860358
S2B_MSIL2A_20190612T062639_R077_T40QGK_20201006T012129_0001.jpg,S2B_MSIL2A_20190612T062639_R077_T40QGK_20201006T012129,0,2019-06,T40QGK,0.8010317251508262,1,0.7596965683860358
S2A_MSIL2A_20190627T062631_R077_T40QGK_20201006T065430_0000.jpg,S2A_MSIL2A_20190627T062631_R077_T40QGK_20201006T065430,0,2019-06,T40QGK,0.3690148556158754,0,0.7596965683860358
S2A_MSIL2A_20190627T062631_R077_T40QGK_20201006T065430_0001.jpg,S2A_MSIL2A_20190627T062631_R077_T40QGK_20201006T065430,0,2019-06,T40QGK,0.4113100654331223,0,0.7596965683860358
S2A_MSIL2A_20190707T062631_R077_T40QGK_20201005T102725_0000.jpg,S2A_MSIL2A_20190707T062631_R077_T40QGK_20201005T102725,0,2019-07,T40QGK,0.06433181037639235,0,0.7596965683860358
S2A_MSIL2A_20190707T062631_R077_T40QGK_20201005T102725_0001.jpg,S2A_MSIL2A_20190707T062631_R077_T40QGK_20201005T102725,0,2019-07,T40QGK,0.06438234831819527,0,0.7596965683860358
S2B_MSIL2A_20190712T062639_R077_T40QGK_20201005T130312_0000.jpg,S2B_MSIL2A_20190712T062639_R077_T40QGK_20201005T130312,1,2019-07,T40QGK,0.9024843021411061,1,0.7596965683860358
S2B_MSIL2A_20190712T062639_R077_T40QGK_20201005T130312_0001.jpg,S2B_MSIL2A_20190712T062639_R077_T40QGK_20201005T130312,1,2019-07,T40QGK,0.9135945074680359,1,0.7596965683860358
S2B_MSIL2A_20190722T062639_R077_T40QGK_20201005T180659_0000.jpg,S2B_MSIL2A_20190722T062639_R077_T40QGK_20201005T180659,0,2019-07,T40QGK,0.00012059403572369269,0,0.7596965683860358
S2B_MSIL2A_20190722T062639_R077_T40QGK_20201005T180659_0001.jpg,S2B_MSIL2A_20190722T062639_R077_T40QGK_20201005T180659,0,2019-07,T40QGK,0.00012311438415627695,0,0.7596965683860358
S2A_MSIL2A_20190727T062631_R077_T40QGK_20201106T025330_0000.jpg,S2A_MSIL2A_20190727T062631_R077_T40QGK_20201106T025330,0,2019-07,T40QGK,0.00018468243817141818,0,0.7596965683860358
S2A_MSIL2A_20190727T062631_R077_T40QGK_20201106T025330_0001.jpg,S2A_MSIL2A_20190727T062631_R077_T40QGK_20201106T025330,0,2019-07,T40QGK,0.00018617839320939346,0,0.7596965683860358
S2B_MSIL2A_20190801T062639_R077_T40QGK_20201004T191404_0000.jpg,S2B_MSIL2A_20190801T062639_R077_T40QGK_20201004T191404,0,2019-08,T40QGK,0.002148222395358823,0,0.7596965683860358
S2B_MSIL2A_20190801T062639_R077_T40QGK_20201004T191404_0001.jpg,S2B_MSIL2A_20190801T062639_R077_T40QGK_20201004T191404,0,2019-08,T40QGK,0.0020103704020467063,0,0.7596965683860358
S2B_MSIL2A_20190821T062639_R077_T40QGK_20201005T030927_0000.jpg,S2B_MSIL2A_20190821T062639_R077_T40QGK_20201005T030927,0,2019-08,T40QGK,0.16968669817515758,0,0.7596965683860358
S2B_MSIL2A_20190821T062639_R077_T40QGK_20201005T030927_0001.jpg,S2B_MSIL2A_20190821T062639_R077_T40QGK_20201005T030927,0,2019-08,T40QGK,0.17640739429938318,0,0.7596965683860358
S2B_MSIL2A_20190831T062629_R077_T40QGK_20201005T072335_0000.jpg,S2B_MSIL2A_20190831T062629_R077_T40QGK_20201005T072335,1,2019-08,T40QGK,0.9921960084223591,1,0.7596965683860358
S2B_MSIL2A_20190831T062629_R077_T40QGK_20201005T072335_0001.jpg,S2B_MSIL2A_20190831T062629_R077_T40QGK_20201005T072335,1,2019-08,T40QGK,0.9926454696471468,1,0.7596965683860358
S2B_MSIL2A_20190920T062629_R077_T40QGK_20201004T152316_0000.jpg,S2B_MSIL2A_20190920T062629_R077_T40QGK_20201004T152316,0,2019-09,T40QGK,0.0334458601891804,0,0.7596965683860358
S2B_MSIL2A_20190920T062629_R077_T40QGK_20201004T152316_0001.jpg,S2B_MSIL2A_20190920T062629_R077_T40QGK_20201004T152316,0,2019-09,T40QGK,0.03343476592805778,0,0.7596965683860358
S2B_MSIL2A_20190930T062639_R077_T40QGK_20201004T185142_0000.jpg,S2B_MSIL2A_20190930T062639_R077_T40QGK_20201004T185142,0,2019-09,T40QGK,0.2672079884073764,0,0.7596965683860358
S2B_MSIL2A_20190930T062639_R077_T40QGK_20201004T185142_0001.jpg,S2B_MSIL2A_20190930T062639_R077_T40QGK_20201004T185142,0,2019-09,T40QGK,0.2194074640944943,0,0.7596965683860358
S2A_MSIL2A_20191015T062831_R077_T40QGK_20201004T022857_0000.jpg,S2A_MSIL2A_20191015T062831_R077_T40QGK_20201004T022857,0,2019-10,T40QGK,0.6228976226385691,0,0.7596965683860358
S2A_MSIL2A_20191015T062831_R077_T40QGK_20201004T022857_0001.jpg,S2A_MSIL2A_20191015T062831_R077_T40QGK_20201004T022857,0,2019-10,T40QGK,0.6382723840907617,0,0.7596965683860358
S2B_MSIL2A_20191020T062859_R077_T40QGK_20201004T042519_0000.jpg,S2B_MSIL2A_20191020T062859_R077_T40QGK_20201004T042519,0,2019-10,T40QGK,0.2660183206380191,0,0.7596965683860358
S2B_MSIL2A_20191020T062859_R077_T40QGK_20201004T042519_0001.jpg,S2B_MSIL2A_20191020T062859_R077_T40QGK_20201004T042519,0,2019-10,T40QGK,0.2315846137803524,0,0.7596965683860358
S2A_MSIL2A_20191025T062931_R077_T40QGK_20201004T055923_0000.jpg,S2A_MSIL2A_20191025T062931_R077_T40QGK_20201004T055923,0,2019-10,T40QGK,0.004434727976641475,0,0.7596965683860358
S2A_MSIL2A_20191025T062931_R077_T40QGK_20201004T055923_0001.jpg,S2A_MSIL2A_20191025T062931_R077_T40QGK_20201004T055923,0,2019-10,T40QGK,0.00326526577133974,0,0.7596965683860358
S2A_MSIL2A_20191104T063031_R077_T40QGK_20201003T125640_0000.jpg,S2A_MSIL2A_20191104T063031_R077_T40QGK_20201003T125640,0,2019-11,T40QGK,0.044151927297883156,0,0.7596965683860358
S2A_MSIL2A_20191104T063031_R077_T40QGK_20201003T125640_0001.jpg,S2A_MSIL2A_20191104T063031_R077_T40QGK_20201003T125640,0,2019-11,T40QGK,0.05526705404333163,0,0.7596965683860358
S2B_MSIL2A_20191109T063059_R077_T40QGK_20201003T144754_0000.jpg,S2B_MSIL2A_20191109T063059_R077_T40QGK_20201003T144754,1,2019-11,T40QGK,0.7685321500452543,1,0.7596965683860358
S2B_MSIL2A_20191109T063059_R077_T40QGK_20201003T144754_0001.jpg,S2B_MSIL2A_20191109T063059_R077_T40QGK_20201003T144754,1,2019-11,T40QGK,0.7750295604005949,1,0.7596965683860358
S2B_MSIL2A_20191119T063139_R077_T40QGK_20201003T180524_0000.jpg,S2B_MSIL2A_20191119T063139_R077_T40QGK_20201003T180524,0,2019-11,T40QGK,0.06437983008512932,0,0.7596965683860358
S2B_MSIL2A_20191119T063139_R077_T40QGK_20201003T180524_0001.jpg,S2B_MSIL2A_20191119T063139_R077_T40QGK_20201003T180524,0,2019-11,T40QGK,0.04791647609295726,0,0.7596965683860358
S2B_MSIL2A_20191129T063219_R077_T40QGK_20201003T204846_0000.jpg,S2B_MSIL2A_20191129T063219_R077_T40QGK_20201003T204846,0,2019-11,T40QGK,0.2766017632013034,0,0.7596965683860358
S2B_MSIL2A_20191129T063219_R077_T40QGK_20201003T204846_0001.jpg,S2B_MSIL2A_20191129T063219_R077_T40QGK_20201003T204846,0,2019-11,T40QGK,0.25376905054447335,0,0.7596965683860358
S2B_MSIL2A_20191209T063239_R077_T40QGK_20201003T024733_0000.jpg,S2B_MSIL2A_20191209T063239_R077_T40QGK_20201003T024733,0,2019-12,T40QGK,0.011691156350435532,0,0.7596965683860358
S2B_MSIL2A_20191209T063239_R077_T40QGK_20201003T024733_0001.jpg,S2B_MSIL2A_20191209T063239_R077_T40QGK_20201003T024733,0,2019-12,T40QGK,0.018819887736089065,0,0.7596965683860358
S2A_MSIL2A_20191224T063251_R077_T40QGK_20201003T085730_0000.jpg,S2A_MSIL2A_20191224T063251_R077_T40QGK_20201003T085730,0,2019-12,T40QGK,0.883143719245951,1,0.7596965683860358
S2A_MSIL2A_20191224T063251_R077_T40QGK_20201003T085730_0001.jpg,S2A_MSIL2A_20191224T063251_R077_T40QGK_20201003T085730,0,2019-12,T40QGK,0.8725968672575553,1,0.7596965683860358
S2A_MSIL2A_20200113T063221_R077_T40QGK_20201002T180853_0000.jpg,S2A_MSIL2A_20200113T063221_R077_T40QGK_20201002T180853,0,2020-01,T40QGK,0.22044923474206088,0,0.7596965683860358
S2A_MSIL2A_20200113T063221_R077_T40QGK_20201002T180853_0001.jpg,S2A_MSIL2A_20200113T063221_R077_T40QGK_20201002T180853,0,2020-01,T40QGK,0.2569669040789893,0,0.7596965683860358
S2B_MSIL2A_20200128T063119_R077_T40QGK_20201002T134634_0000.jpg,S2B_MSIL2A_20200128T063119_R077_T40QGK_20201002T134634,0,2020-01,T40QGK,3.5981453803311416e-05,0,0.7596965683860358
S2B_MSIL2A_20200128T063119_R077_T40QGK_20201002T134634_0001.jpg,S2B_MSIL2A_20200128T063119_R077_T40QGK_20201002T134634,0,2020-01,T40QGK,4.3998623772456235e-05,0,0.7596965683860358
S2B_MSIL2A_20200207T063029_R077_T40QGK_20201001T062614_0000.jpg,S2B_MSIL2A_20200207T063029_R077_T40QGK_20201001T062614,1,2020-02,T40QGK,0.9960079840927035,1,0.7596965683860358
S2B_MSIL2A_20200207T063029_R077_T40QGK_20201001T062614_0001.jpg,S2B_MSIL2A_20200207T063029_R077_T40QGK_20201001T062614,1,2020-02,T40QGK,0.9961650857203735,1,0.7596965683860358
S2B_MSIL2A_20200217T062929_R077_T40QGK_20200929T160912_0000.jpg,S2B_MSIL2A_20200217T062929_R077_T40QGK_20200929T160912,0,2020-02,T40QGK,0.4590077846952498,0,0.7596965683860358
S2B_MSIL2A_20200217T062929_R077_T40QGK_20200929T160912_0001.jpg,S2B_MSIL2A_20200217T062929_R077_T40QGK_20200929T160912,0,2020-02,T40QGK,0.49410420965135804,0,0.7596965683860358
S2B_MSIL2A_20200227T062819_R077_T40QGK_20200928T190758_0000.jpg,S2B_MSIL2A_20200227T062819_R077_T40QGK_20200928T190758,0,2020-02,T40QGK,0.0858518040810065,0,0.7596965683860358
S2B_MSIL2A_20200227T062819_R077_T40QGK_20200928T190758_0001.jpg,S2B_MSIL2A_20200227T062819_R077_T40QGK_20200928T190758,0,2020-02,T40QGK,0.09049243367220748,0,0.7596965683860358
S2B_MSIL2A_20200308T062709_R077_T40QGK_20200930T082005_0000.jpg,S2B_MSIL2A_20200308T062709_R077_T40QGK_20200930T082005,0,2020-03,T40QGK,0.16637221688296186,0,0.7596965683860358
S2B_MSIL2A_20200308T062709_R077_T40QGK_20200930T082005_0001.jpg,S2B_MSIL2A_20200308T062709_R077_T40QGK_20200930T082005,0,2020-03,T40QGK,0.1621574764860365,0,0.7596965683860358
S2B_MSIL2A_20200318T062629_R077_T40QGK_20201011T024939_0000.jpg,S2B_MSIL2A_20200318T062629_R077_T40QGK_20201011T024939,0,2020-03,T40QGK,0.2814298390583621,0,0.7596965683860358
S2B_MSIL2A_20200318T062629_R077_T40QGK_20201011T024939_0001.jpg,S2B_MSIL2A_20200318T062629_R077_T40QGK_20201011T024939,0,2020-03,T40QGK,0.3274337822927383,0,0.7596965683860358
S2A_MSIL2A_20200402T062621_R077_T40QGK_20200924T160400_0000.jpg,S2A_MSIL2A_20200402T062621_R077_T40QGK_20200924T160400,0,2020-04,T40QGK,0.44366015628404765,0,0.7596965683860358
S2A_MSIL2A_20200402T062621_R077_T40QGK_20200924T160400_0001.jpg,S2A_MSIL2A_20200402T062621_R077_T40QGK_20200924T160400,0,2020-04,T40QGK,0.4789355060089599,0,0.7596965683860358
S2A_MSIL2A_20200412T062631_R077_T40QGK_20200923T042614_0000.jpg,S2A_MSIL2A_20200412T062631_R077_T40QGK_20200923T042614,0,2020-04,T40QGK,0.354731470336298,0,0.7596965683860358
S2A_MSIL2A_20200412T062631_R077_T40QGK_20200923T042614_0001.jpg,S2A_MSIL2A_20200412T062631_R077_T40QGK_20200923T042614,0,2020-04,T40QGK,0.42178085877421023,0,0.7596965683860358
S2B_MSIL2A_20200417T062629_R077_T40QGK_20200923T221836_0000.jpg,S2B_MSIL2A_20200417T062629_R077_T40QGK_20200923T221836,0,2020-04,T40QGK,0.2347893880910507,0,0.7596965683860358
S2B_MSIL2A_20200417T062629_R077_T40QGK_20200923T221836_0001.jpg,S2B_MSIL2A_20200417T062629_R077_T40QGK_20200923T221836,0,2020-04,T40QGK,0.25631392962158855,0,0.7596965683860358
S2B_MSIL2A_20200427T062629_R077_T40QGK_20200922T082449_0000.jpg,S2B_MSIL2A_20200427T062629_R077_T40QGK_20200922T082449,0,2020-04,T40QGK,0.21649578775273848,0,0.7596965683860358
S2B_MSIL2A_20200427T062629_R077_T40QGK_20200922T082449_0001.jpg,S2B_MSIL2A_20200427T062629_R077_T40QGK_20200922T082449,0,2020-04,T40QGK,0.2219892053165701,0,0.7596965683860358
S2B_MSIL2A_20200507T062629_R077_T40QGK_20200920T220121_0000.jpg,S2B_MSIL2A_20200507T062629_R077_T40QGK_20200920T220121,0,2020-05,T40QGK,0.024313716767164362,0,0.7596965683860358
S2B_MSIL2A_20200507T062629_R077_T40QGK_20200920T220121_0001.jpg,S2B_MSIL2A_20200507T062629_R077_T40QGK_20200920T220121,0,2020-05,T40QGK,0.022124803983103472,0,0.7596965683860358
S2A_MSIL2A_20200512T062631_R077_T40QGK_20200917T210541_0000.jpg,S2A_MSIL2A_20200512T062631_R077_T40QGK_20200917T210541,0,2020-05,T40QGK,0.043648188047561855,0,0.7596965683860358
S2A_MSIL2A_20200512T062631_R077_T40QGK_20200917T210541_0001.jpg,S2A_MSIL2A_20200512T062631_R077_T40QGK_20200917T210541,0,2020-05,T40QGK,0.045139355409247024,0,0.7596965683860358
S2A_MSIL2A_20200522T062631_R077_T40QGK_20200910T130325_0000.jpg,S2A_MSIL2A_20200522T062631_R077_T40QGK_20200910T130325,1,2020-05,T40QGK,0.9836446504938064,1,0.7596965683860358
S2A_MSIL2A_20200522T062631_R077_T40QGK_20200910T130325_0001.jpg,S2A_MSIL2A_20200522T062631_R077_T40QGK_20200910T130325,1,2020-05,T40QGK,0.9792460601106767,1,0.7596965683860358
S2B_MSIL2A_20200527T062629_R077_T40QGK_20200911T043843_0000.jpg,S2B_MSIL2A_20200527T062629_R077_T40QGK_20200911T043843,1,2020-05,T40QGK,0.9567981634367683,1,0.7596965683860358
S2B_MSIL2A_20200527T062629_R077_T40QGK_20200911T043843_0001.jpg,S2B_MSIL2A_20200527T062629_R077_T40QGK_20200911T043843,1,2020-05,T40QGK,0.9528289168100196,1,0.7596965683860358
S2B_MSIL2A_20200606T062629_R077_T40QGK_20200826T094141_0000.jpg,S2B_MSIL2A_20200606T062629_R077_T40QGK_20200826T094141,0,2020-06,T40QGK,0.01618007767974399,0,0.7596965683860358
S2B_MSIL2A_20200606T062629_R077_T40QGK_20200826T094141_0001.jpg,S2B_MSIL2A_20200606T062629_R077_T40QGK_20200826T094141,0,2020-06,T40QGK,0.01739554955904497,0,0.7596965683860358
S2A_MSIL2A_20200611T062631_R077_T40QGK_20200909T170241_0000.jpg,S2A_MSIL2A_20200611T062631_R077_T40QGK_20200909T170241,0,2020-06,T40QGK,0.3242568330085338,0,0.7596965683860358
S2A_MSIL2A_20200611T062631_R077_T40QGK_20200909T170241_0001.jpg,S2A_MSIL2A_20200611T062631_R077_T40QGK_20200909T170241,0,2020-06,T40QGK,0.3266800112831458,0,0.7596965683860358
S2A_MSIL2A_20200621T062631_R077_T40QGK_20200823T124332_0000.jpg,S2A_MSIL2A_20200621T062631_R077_T40QGK_20200823T124332,1,2020-06,T40QGK,0.8095128217706589,1,0.7596965683860358
S2A_MSIL2A_20200621T062631_R077_T40QGK_20200823T124332_0001.jpg,S2A_MSIL2A_20200621T062631_R077_T40QGK_20200823T124332,1,2020-06,T40QGK,0.8179158666636277,1,0.7596965683860358
S2B_MSIL2A_20200626T062629_R077_T40QGK_20200824T052037_0000.jpg,S2B_MSIL2A_20200626T062629_R077_T40QGK_20200824T052037,0,2020-06,T40QGK,0.15378736874329732,0,0.7596965683860358
S2B_MSIL2A_20200626T062629_R077_T40QGK_20200824T052037_0001.jpg,S2B_MSIL2A_20200626T062629_R077_T40QGK_20200824T052037,0,2020-06,T40QGK,0.12118257218578911,0,0.7596965683860358
S2A_MSIL2A_20200701T062631_R077_T40QGK_20200824T190158_0000.jpg,S2A_MSIL2A_20200701T062631_R077_T40QGK_20200824T190158,0,2020-07,T40QGK,0.07226784037933776,0,0.7596965683860358
S2A_MSIL2A_20200701T062631_R077_T40QGK_20200824T190158_0001.jpg,S2A_MSIL2A_20200701T062631_R077_T40QGK_20200824T190158,0,2020-07,T40QGK,0.0728752825652788,0,0.7596965683860358
S2B_MSIL2A_20200716T062629_R077_T40QGK_20200816T091552_0000.jpg,S2B_MSIL2A_20200716T062629_R077_T40QGK_20200816T091552,0,2020-07,T40QGK,0.1935772726077575,0,0.7596965683860358
S2B_MSIL2A_20200716T062629_R077_T40QGK_20200816T091552_0001.jpg,S2B_MSIL2A_20200716T062629_R077_T40QGK_20200816T091552,0,2020-07,T40QGK,0.17804524057856982,0,0.7596965683860358
S2A_MSIL2A_20200721T062631_R077_T40QGK_20200816T230033_0000.jpg,S2A_MSIL2A_20200721T062631_R077_T40QGK_20200816T230033,1,2020-07,T40QGK,0.7771237915303141,1,0.7596965683860358
S2A_MSIL2A_20200721T062631_R077_T40QGK_20200816T230033_0001.jpg,S2A_MSIL2A_20200721T062631_R077_T40QGK_20200816T230033,1,2020-07,T40QGK,0.7756995716327247,1,0.7596965683860358
S2A_MSIL2A_20200731T062631_R077_T40QGK_20200818T061733_0000.jpg,S2A_MSIL2A_20200731T062631_R077_T40QGK_20200818T061733,1,2020-07,T40QGK,0.9943626742469733,1,0.7596965683860358
S2A_MSIL2A_20200731T062631_R077_T40QGK_20200818T061733_0001.jpg,S2A_MSIL2A_20200731T062631_R077_T40QGK_20200818T061733,1,2020-07,T40QGK,0.9956739981073229,1,0.7596965683860358
S2B_MSIL2A_20200805T062629_R077_T40QGK_20200815T032734_0000.jpg,S2B_MSIL2A_20200805T062629_R077_T40QGK_20200815T032734,0,2020-08,T40QGK,0.547324333745377,0,0.7596965683860358
S2A_MSIL2A_20200810T062631_R077_T40QGK_20200814T163206_0000.jpg,S2A_MSIL2A_20200810T062631_R077_T40QGK_20200814T163206,0,2020-08,T40QGK,0.6061303390669884,0,0.7596965683860358
S2A_MSIL2A_20200810T062631_R077_T40QGK_20200814T163206_0001.jpg,S2A_MSIL2A_20200810T062631_R077_T40QGK_20200814T163206,0,2020-08,T40QGK,0.5912224354372292,0,0.7596965683860358
S2B_MSIL2A_20200904T062629_R077_T40QGK_20200908T015514_0000.jpg,S2B_MSIL2A_20200904T062629_R077_T40QGK_20200908T015514,0,2020-09,T40QGK,1.318899094300905e-05,0,0.7596965683860358
S2B_MSIL2A_20200904T062629_R077_T40QGK_20200908T015514_0001.jpg,S2B_MSIL2A_20200904T062629_R077_T40QGK_20200908T015514,0,2020-09,T40QGK,8.704424418304026e-06,0,0.7596965683860358
S2A_MSIL2A_20200909T062631_R077_T40QGK_20200919T090132_0000.jpg,S2A_MSIL2A_20200909T062631_R077_T40QGK_20200919T090132,0,2020-09,T40QGK,0.16444927943712595,0,0.7596965683860358
S2A_MSIL2A_20200909T062631_R077_T40QGK_20200919T090132_0001.jpg,S2A_MSIL2A_20200909T062631_R077_T40QGK_20200919T090132,0,2020-09,T40QGK,0.20697651807102935,0,0.7596965683860358
S2A_MSIL2A_20200929T062651_R077_T40QGK_20201001T173451_0000.jpg,S2A_MSIL2A_20200929T062651_R077_T40QGK_20201001T173451,0,2020-09,T40QGK,0.8365023673753611,1,0.7596965683860358
S2A_MSIL2A_20200929T062651_R077_T40QGK_20201001T173451_0001.jpg,S2A_MSIL2A_20200929T062651_R077_T40QGK_20201001T173451,0,2020-09,T40QGK,0.8331805549314161,1,0.7596965683860358
S2B_MSIL2A_20201004T062719_R077_T40QGK_20201006T041306_0000.jpg,S2B_MSIL2A_20201004T062719_R077_T40QGK_20201006T041306,1,2020-10,T40QGK,0.7008120438965463,0,0.7596965683860358
S2B_MSIL2A_20201004T062719_R077_T40QGK_20201006T041306_0001.jpg,S2B_MSIL2A_20201004T062719_R077_T40QGK_20201006T041306,1,2020-10,T40QGK,0.7116282760963637,0,0.7596965683860358
S2A_MSIL2A_20201009T062801_R077_T40QGK_20201027T125020_0000.jpg,S2A_MSIL2A_20201009T062801_R077_T40QGK_20201027T125020,0,2020-10,T40QGK,0.05858782261875437,0,0.7596965683860358
S2A_MSIL2A_20201009T062801_R077_T40QGK_20201027T125020_0001.jpg,S2A_MSIL2A_20201009T062801_R077_T40QGK_20201027T125020,0,2020-10,T40QGK,0.055955302424787544,0,0.7596965683860358
S2B_MSIL2A_20201024T062939_R077_T40QGK_20201029T170956_0000.jpg,S2B_MSIL2A_20201024T062939_R077_T40QGK_20201029T170956,0,2020-10,T40QGK,0.006556047550756937,0,0.7596965683860358
S2B_MSIL2A_20201024T062939_R077_T40QGK_20201029T170956_0001.jpg,S2B_MSIL2A_20201024T062939_R077_T40QGK_20201029T170956,0,2020-10,T40QGK,0.0046540205210078315,0,0.7596965683860358
S2A_MSIL2A_20201108T063101_R077_T40QGK_20201110T022224_0000.jpg,S2A_MSIL2A_20201108T063101_R077_T40QGK_20201110T022224,0,2020-11,T40QGK,0.18641987325611986,0,0.7596965683860358
S2A_MSIL2A_20201108T063101_R077_T40QGK_20201110T022224_0001.jpg,S2A_MSIL2A_20201108T063101_R077_T40QGK_20201110T022224,0,2020-11,T40QGK,0.17312317882061815,0,0.7596965683860358
S2B_MSIL2A_20201113T063119_R077_T40QGK_20201115T061954_0000.jpg,S2B_MSIL2A_20201113T063119_R077_T40QGK_20201115T061954,0,2020-11,T40QGK,0.12207627127649621,0,0.7596965683860358
S2B_MSIL2A_20201113T063119_R077_T40QGK_20201115T061954_0001.jpg,S2B_MSIL2A_20201113T063119_R077_T40QGK_20201115T061954,0,2020-11,T40QGK,0.14580374686104824,0,0.7596965683860358
S2B_MSIL2A_20201123T063159_R077_T40QGK_20201124T114709_0000.jpg,S2B_MSIL2A_20201123T063159_R077_T40QGK_20201124T114709,0,2020-11,T40QGK,0.22779898029726559,0,0.7596965683860358
S2B_MSIL2A_20201123T063159_R077_T40QGK_20201124T114709_0001.jpg,S2B_MSIL2A_20201123T063159_R077_T40QGK_20201124T114709,0,2020-11,T40QGK,0.2513127957263516,0,0.7596965683860358
S2B_MSIL2A_20201203T063229_R077_T40QGK_20201204T003203_0000.jpg,S2B_MSIL2A_20201203T063229_R077_T40QGK_20201204T003203,0,2020-12,T40QGK,0.00301826471986705,0,0.7596965683860358
S2B_MSIL2A_20201203T063229_R077_T40QGK_20201204T003203_0001.jpg,S2B_MSIL2A_20201203T063229_R077_T40QGK_20201204T003203,0,2020-12,T40QGK,0.003192844010596093,0,0.7596965683860358
S2B_MSIL2A_20201213T063249_R077_T40QGK_20201214T024845_0000.jpg,S2B_MSIL2A_20201213T063249_R077_T40QGK_20201214T024845,1,2020-12,T40QGK,0.8283466713345378,1,0.7596965683860358
S2B_MSIL2A_20201213T063249_R077_T40QGK_20201214T024845_0001.jpg,S2B_MSIL2A_20201213T063249_R077_T40QGK_20201214T024845,1,2020-12,T40QGK,0.8083578807219202,1,0.7596965683860358
S2A_MSIL2A_20201218T063301_R077_T40QGK_20201218T211405_0000.jpg,S2A_MSIL2A_20201218T063301_R077_T40QGK_20201218T211405,0,2020-12,T40QGK,0.426423636886222,0,0.7596965683860358
S2A_MSIL2A_20201218T063301_R077_T40QGK_20201218T211405_0001.jpg,S2A_MSIL2A_20201218T063301_R077_T40QGK_20201218T211405,0,2020-12,T40QGK,0.47210091516744124,0,0.7596965683860358
S2A_MSIL2A_20201228T063301_R077_T40QGK_20210513T194302_0000.jpg,S2A_MSIL2A_20201228T063301_R077_T40QGK_20210513T194302,0,2020-12,T40QGK,0.5768376572273817,0,0.7596965683860358
S2A_MSIL2A_20201228T063301_R077_T40QGK_20210513T194302_0001.jpg,S2A_MSIL2A_20201228T063301_R077_T40QGK_20210513T194302,0,2020-12,T40QGK,0.6302344015920325,0,0.7596965683860358
S2B_MSIL2A_20210102T063249_R077_T40QGK_20210102T170355_0000.jpg,S2B_MSIL2A_20210102T063249_R077_T40QGK_20210102T170355,0,2021-01,T40QGK,0.05087180500520009,0,0.7596965683860358
S2B_MSIL2A_20210102T063249_R077_T40QGK_20210102T170355_0001.jpg,S2B_MSIL2A_20210102T063249_R077_T40QGK_20210102T170355,0,2021-01,T40QGK,0.060843084171745915,0,0.7596965683860358
S2A_MSIL2A_20210117T063211_R077_T40QGK_20210117T133733_0000.jpg,S2A_MSIL2A_20210117T063211_R077_T40QGK_20210117T133733,0,2021-01,T40QGK,0.5457935585941844,0,0.7596965683860358
S2A_MSIL2A_20210117T063211_R077_T40QGK_20210117T133733_0001.jpg,S2A_MSIL2A_20210117T063211_R077_T40QGK_20210117T133733,0,2021-01,T40QGK,0.5512984406791606,0,0.7596965683860358
S2A_MSIL2A_20210127T063131_R077_T40QGK_20210201T084320_0000.jpg,S2A_MSIL2A_20210127T063131_R077_T40QGK_20210201T084320,0,2021-01,T40QGK,0.4655717539385798,0,0.7596965683860358
S2A_MSIL2A_20210127T063131_R077_T40QGK_20210201T084320_0001.jpg,S2A_MSIL2A_20210127T063131_R077_T40QGK_20210201T084320,0,2021-01,T40QGK,0.4720875276686715,0,0.7596965683860358
S2B_MSIL2A_20210201T063059_R077_T40QGK_20210202T030501_0000.jpg,S2B_MSIL2A_20210201T063059_R077_T40QGK_20210202T030501,0,2021-02,T40QGK,0.15802913610799482,0,0.7596965683860358
S2B_MSIL2A_20210201T063059_R077_T40QGK_20210202T030501_0001.jpg,S2B_MSIL2A_20210201T063059_R077_T40QGK_20210202T030501,0,2021-02,T40QGK,0.16809967568714376,0,0.7596965683860358
S2A_MSIL2A_20210216T062931_R077_T40QGK_20210419T220612_0000.jpg,S2A_MSIL2A_20210216T062931_R077_T40QGK_20210419T220612,0,2021-02,T40QGK,0.21618661218354918,0,0.7596965683860358
S2A_MSIL2A_20210216T062931_R077_T40QGK_20210419T220612_0001.jpg,S2A_MSIL2A_20210216T062931_R077_T40QGK_20210419T220612,0,2021-02,T40QGK,0.2717518549921857,0,0.7596965683860358
S2B_MSIL2A_20210221T062859_R077_T40QGK_20210221T170349_0000.jpg,S2B_MSIL2A_20210221T062859_R077_T40QGK_20210221T170349,0,2021-02,T40QGK,0.0980975921066735,0,0.7596965683860358
S2B_MSIL2A_20210221T062859_R077_T40QGK_20210221T170349_0001.jpg,S2B_MSIL2A_20210221T062859_R077_T40QGK_20210221T170349,0,2021-02,T40QGK,0.08594306069068244,0,0.7596965683860358
S2A_MSIL2A_20210226T062831_R077_T40QGK_20210226T162504_0000.jpg,S2A_MSIL2A_20210226T062831_R077_T40QGK_20210226T162504,1,2021-02,T40QGK,0.7541085140263672,0,0.7596965683860358
S2A_MSIL2A_20210226T062831_R077_T40QGK_20210226T162504_0001.jpg,S2A_MSIL2A_20210226T062831_R077_T40QGK_20210226T162504,1,2021-02,T40QGK,0.8095994235845376,1,0.7596965683860358
S2B_MSIL2A_20210313T062639_R077_T40QGK_20210314T064921_0000.jpg,S2B_MSIL2A_20210313T062639_R077_T40QGK_20210314T064921,0,2021-03,T40QGK,0.961774938735894,1,0.7596965683860358
S2B_MSIL2A_20210313T062639_R077_T40QGK_20210314T064921_0001.jpg,S2B_MSIL2A_20210313T062639_R077_T40QGK_20210314T064921,0,2021-03,T40QGK,0.9621176612617993,1,0.7596965683860358
S2A_MSIL2A_20210318T062631_R077_T40QGK_20210318T231249_0000.jpg,S2A_MSIL2A_20210318T062631_R077_T40QGK_20210318T231249,0,2021-03,T40QGK,0.18547311081316423,0,0.7596965683860358
S2A_MSIL2A_20210318T062631_R077_T40QGK_20210318T231249_0001.jpg,S2A_MSIL2A_20210318T062631_R077_T40QGK_20210318T231249,0,2021-03,T40QGK,0.18455921097268885,0,0.7596965683860358
S2A_MSIL2A_20210328T062631_R077_T40QGK_20210328T155521_0000.jpg,S2A_MSIL2A_20210328T062631_R077_T40QGK_20210328T155521,0,2021-03,T40QGK,0.006359272891901133,0,0.7596965683860358
S2A_MSIL2A_20210328T062631_R077_T40QGK_20210328T155521_0001.jpg,S2A_MSIL2A_20210328T062631_R077_T40QGK_20210328T155521,0,2021-03,T40QGK,0.008935392045858314,0,0.7596965683860358
S2B_MSIL2A_20210402T062629_R077_T40QGK_20210402T224431_0000.jpg,S2B_MSIL2A_20210402T062629_R077_T40QGK_20210402T224431,1,2021-04,T40QGK,0.604766277016412,0,0.7596965683860358
S2B_MSIL2A_20210402T062629_R077_T40QGK_20210402T224431_0001.jpg,S2B_MSIL2A_20210402T062629_R077_T40QGK_20210402T224431,1,2021-04,T40QGK,0.6300147830800341,0,0.7596965683860358
S2B_MSIL2A_20210412T062629_R077_T40QGK_20210412T193636_0000.jpg,S2B_MSIL2A_20210412T062629_R077_T40QGK_20210412T193636,0,2021-04,T40QGK,0.03884300941592127,0,0.7596965683860358
S2B_MSIL2A_20210412T062629_R077_T40QGK_20210412T193636_0001.jpg,S2B_MSIL2A_20210412T062629_R077_T40QGK_20210412T193636,0,2021-04,T40QGK,0.040689761348075906,0,0.7596965683860358
S2B_MSIL2A_20210502T062629_R077_T40QGK_20210502T213651_0000.jpg,S2B_MSIL2A_20210502T062629_R077_T40QGK_20210502T213651,0,2021-05,T40QGK,0.05177236798500497,0,0.7596965683860358
S2B_MSIL2A_20210502T062629_R077_T40QGK_20210502T213651_0001.jpg,S2B_MSIL2A_20210502T062629_R077_T40QGK_20210502T213651,0,2021-05,T40QGK,0.054448562783416594,0,0.7596965683860358
S2A_MSIL2A_20210517T062631_R077_T40QGK_20210518T213035_0000.jpg,S2A_MSIL2A_20210517T062631_R077_T40QGK_20210518T213035,0,2021-05,T40QGK,0.4607609220461639,0,0.7596965683860358
S2A_MSIL2A_20210517T062631_R077_T40QGK_20210518T213035_0001.jpg,S2A_MSIL2A_20210517T062631_R077_T40QGK_20210518T213035,0,2021-05,T40QGK,0.4879632627731063,0,0.7596965683860358
S2B_MSIL2A_20210601T062629_R077_T40QGK_20210601T190244_0000.jpg,S2B_MSIL2A_20210601T062629_R077_T40QGK_20210601T190244,0,2021-06,T40QGK,0.020748679081899184,0,0.7596965683860358
S2B_MSIL2A_20210601T062629_R077_T40QGK_20210601T190244_0001.jpg,S2B_MSIL2A_20210601T062629_R077_T40QGK_20210601T190244,0,2021-06,T40QGK,0.02458042798618013,0,0.7596965683860358
S2A_MSIL2A_20210616T062631_R077_T40QGK_20210616T222753_0000.jpg,S2A_MSIL2A_20210616T062631_R077_T40QGK_20210616T222753,0,2021-06,T40QGK,0.42576049139653177,0,0.7596965683860358
S2A_MSIL2A_20210616T062631_R077_T40QGK_20210616T222753_0001.jpg,S2A_MSIL2A_20210616T062631_R077_T40QGK_20210616T222753,0,2021-06,T40QGK,0.4420626573959951,0,0.7596965683860358
S2B_MSIL2A_20210621T062629_R077_T40QGK_20210624T120835_0000.jpg,S2B_MSIL2A_20210621T062629_R077_T40QGK_20210624T120835,0,2021-06,T40QGK,0.05266982118033724,0,0.7596965683860358
S2B_MSIL2A_20210621T062629_R077_T40QGK_20210624T120835_0001.jpg,S2B_MSIL2A_20210621T062629_R077_T40QGK_20210624T120835,0,2021-06,T40QGK,0.04464493516159281,0,0.7596965683860358
S2A_MSIL2A_20210626T062631_R077_T40QGK_20210626T144013_0000.jpg,S2A_MSIL2A_20210626T062631_R077_T40QGK_20210626T144013,0,2021-06,T40QGK,0.668039969406255,0,0.7596965683860358
S2A_MSIL2A_20210626T062631_R077_T40QGK_20210626T144013_0001.jpg,S2A_MSIL2A_20210626T062631_R077_T40QGK_20210626T144013,0,2021-06,T40QGK,0.6654963969900873,0,0.7596965683860358
S2B_MSIL2A_20210701T062629_R077_T40QGK_20210701T193055_0000.jpg,S2B_MSIL2A_20210701T062629_R077_T40QGK_20210701T193055,0,2021-07,T40QGK,0.05930239486220396,0,0.7596965683860358
S2B_MSIL2A_20210701T062629_R077_T40QGK_20210701T193055_0001.jpg,S2B_MSIL2A_20210701T062629_R077_T40QGK_20210701T193055,0,2021-07,T40QGK,0.059635941916983896,0,0.7596965683860358
S2B_MSIL2A_20210711T062629_R077_T40QGK_20210711T172322_0000.jpg,S2B_MSIL2A_20210711T062629_R077_T40QGK_20210711T172322,0,2021-07,T40QGK,0.9550925200387016,1,0.7596965683860358
S2B_MSIL2A_20210711T062629_R077_T40QGK_20210711T172322_0001.jpg,S2B_MSIL2A_20210711T062629_R077_T40QGK_20210711T172322,0,2021-07,T40QGK,0.9583701011967387,1,0.7596965683860358
S2B_MSIL2A_20210731T062629_R077_T40QGK_20210731T195630_0000.jpg,S2B_MSIL2A_20210731T062629_R077_T40QGK_20210731T195630,0,2021-07,T40QGK,0.8335264683801163,1,0.7596965683860358
S2B_MSIL2A_20210731T062629_R077_T40QGK_20210731T195630_0001.jpg,S2B_MSIL2A_20210731T062629_R077_T40QGK_20210731T195630,0,2021-07,T40QGK,0.837560383299493,1,0.7596965683860358
S2A_MSIL2A_20210805T062631_R077_T40QGK_20210805T143708_0000.jpg,S2A_MSIL2A_20210805T062631_R077_T40QGK_20210805T143708,0,2021-08,T40QGK,0.3890916772891412,0,0.7596965683860358
S2A_MSIL2A_20210805T062631_R077_T40QGK_20210805T143708_0001.jpg,S2A_MSIL2A_20210805T062631_R077_T40QGK_20210805T143708,0,2021-08,T40QGK,0.4211479557513735,0,0.7596965683860358
S2A_MSIL2A_20210815T062631_R077_T40QGK_20210815T134405_0000.jpg,S2A_MSIL2A_20210815T062631_R077_T40QGK_20210815T134405,0,2021-08,T40QGK,0.16548068106570143,0,0.7596965683860358
S2A_MSIL2A_20210815T062631_R077_T40QGK_20210815T134405_0001.jpg,S2A_MSIL2A_20210815T062631_R077_T40QGK_20210815T134405,0,2021-08,T40QGK,0.1629841500907844,0,0.7596965683860358
S2B_MSIL2A_20210820T062629_R077_T40QGK_20210820T145759_0000.jpg,S2B_MSIL2A_20210820T062629_R077_T40QGK_20210820T145759,0,2021-08,T40QGK,0.0649042074978551,0,0.7596965683860358
S2B_MSIL2A_20210820T062629_R077_T40QGK_20210820T145759_0001.jpg,S2B_MSIL2A_20210820T062629_R077_T40QGK_20210820T145759,0,2021-08,T40QGK,0.07165793467174339,0,0.7596965683860358
S2A_MSIL2A_20210904T062631_R077_T40QGK_20210904T155733_0000.jpg,S2A_MSIL2A_20210904T062631_R077_T40QGK_20210904T155733,0,2021-09,T40QGK,0.03613916945813204,0,0.7596965683860358
S2A_MSIL2A_20210904T062631_R077_T40QGK_20210904T155733_0001.jpg,S2A_MSIL2A_20210904T062631_R077_T40QGK_20210904T155733,0,2021-09,T40QGK,0.03211332774715695,0,0.7596965683860358
S2A_MSIL2A_20210914T062631_R077_T40QGK_20210914T200235_0000.jpg,S2A_MSIL2A_20210914T062631_R077_T40QGK_20210914T200235,0,2021-09,T40QGK,0.21545343697411634,0,0.7596965683860358
S2A_MSIL2A_20210914T062631_R077_T40QGK_20210914T200235_0001.jpg,S2A_MSIL2A_20210914T062631_R077_T40QGK_20210914T200235,0,2021-09,T40QGK,0.23025197534529546,0,0.7596965683860358
S2B_MSIL2A_20210919T062629_R077_T40QGK_20210919T182836_0000.jpg,S2B_MSIL2A_20210919T062629_R077_T40QGK_20210919T182836,0,2021-09,T40QGK,0.24489054202724006,0,0.7596965683860358
S2B_MSIL2A_20210919T062629_R077_T40QGK_20210919T182836_0001.jpg,S2B_MSIL2A_20210919T062629_R077_T40QGK_20210919T182836,0,2021-09,T40QGK,0.23199685853051966,0,0.7596965683860358
S2A_MSIL2A_20211004T062721_R077_T40QGK_20211004T155328_0000.jpg,S2A_MSIL2A_20211004T062721_R077_T40QGK_20211004T155328,1,2021-10,T40QGK,0.7998398532788267,1,0.7596965683860358
S2A_MSIL2A_20211004T062721_R077_T40QGK_20211004T155328_0001.jpg,S2A_MSIL2A_20211004T062721_R077_T40QGK_20211004T155328,1,2021-10,T40QGK,0.7996542708494003,1,0.7596965683860358
S2B_MSIL2A_20211009T062749_R077_T40QGK_20211009T200850_0000.jpg,S2B_MSIL2A_20211009T062749_R077_T40QGK_20211009T200850,0,2021-10,T40QGK,0.1354321928236615,0,0.7596965683860358
S2B_MSIL2A_20211009T062749_R077_T40QGK_20211009T200850_0001.jpg,S2B_MSIL2A_20211009T062749_R077_T40QGK_20211009T200850,0,2021-10,T40QGK,0.14197721150128603,0,0.7596965683860358
S2B_MSIL2A_20211019T062859_R077_T40QGK_20211020T000801_0000.jpg,S2B_MSIL2A_20211019T062859_R077_T40QGK_20211020T000801,0,2021-10,T40QGK,0.009537890114457017,0,0.7596965683860358
S2B_MSIL2A_20211019T062859_R077_T40QGK_20211020T000801_0001.jpg,S2B_MSIL2A_20211019T062859_R077_T40QGK_20211020T000801,0,2021-10,T40QGK,0.012205121384058625,0,0.7596965683860358
S2B_MSIL2A_20211029T062959_R077_T40QGK_20211029T203652_0000.jpg,S2B_MSIL2A_20211029T062959_R077_T40QGK_20211029T203652,0,2021-10,T40QGK,0.01651063643647806,0,0.7596965683860358
S2B_MSIL2A_20211029T062959_R077_T40QGK_20211029T203652_0001.jpg,S2B_MSIL2A_20211029T062959_R077_T40QGK_20211029T203652,0,2021-10,T40QGK,0.018563344630759884,0,0.7596965683860358
S2B_MSIL2A_20211118T063139_R077_T40QGK_20211118T164138_0000.jpg,S2B_MSIL2A_20211118T063139_R077_T40QGK_20211118T164138,0,2021-11,T40QGK,0.11560020544225157,0,0.7596965683860358
S2B_MSIL2A_20211118T063139_R077_T40QGK_20211118T164138_0001.jpg,S2B_MSIL2A_20211118T063139_R077_T40QGK_20211118T164138,0,2021-11,T40QGK,0.10691561042230013,0,0.7596965683860358
S2B_MSIL2A_20211128T063219_R077_T40QGK_20211129T032607_0000.jpg,S2B_MSIL2A_20211128T063219_R077_T40QGK_20211129T032607,1,2021-11,T40QGK,0.15584019544602348,0,0.7596965683860358
S2B_MSIL2A_20211128T063219_R077_T40QGK_20211129T032607_0001.jpg,S2B_MSIL2A_20211128T063219_R077_T40QGK_20211129T032607,1,2021-11,T40QGK,0.19188101017357945,0,0.7596965683860358
S2A_MSIL2A_20211203T063231_R077_T40QGK_20230130T040034_0000.jpg,S2A_MSIL2A_20211203T063231_R077_T40QGK_20230130T040034,0,2021-12,T40QGK,0.030468772572274008,0,0.7596965683860358
S2A_MSIL2A_20211203T063231_R077_T40QGK_20230130T040034_0001.jpg,S2A_MSIL2A_20211203T063231_R077_T40QGK_20230130T040034,0,2021-12,T40QGK,0.02512155760221439,0,0.7596965683860358
S2A_MSIL2A_20211213T063251_R077_T40QGK_20211213T211840_0000.jpg,S2A_MSIL2A_20211213T063251_R077_T40QGK_20211213T211840,1,2021-12,T40QGK,0.979631073054492,1,0.7596965683860358
S2A_MSIL2A_20211213T063251_R077_T40QGK_20211213T211840_0001.jpg,S2A_MSIL2A_20211213T063251_R077_T40QGK_20211213T211840,1,2021-12,T40QGK,0.9774005924366834,1,0.7596965683860358
S2A_MSIL2A_20211223T063301_R077_T40QGK_20230128T110121_0000.jpg,S2A_MSIL2A_20211223T063301_R077_T40QGK_20230128T110121,1,2021-12,T40QGK,0.4868476387874796,0,0.7596965683860358
S2A_MSIL2A_20211223T063301_R077_T40QGK_20230128T110121_0001.jpg,S2A_MSIL2A_20211223T063301_R077_T40QGK_20230128T110121,1,2021-12,T40QGK,0.49271146763329304,0,0.7596965683860358
S2B_MSIL2A_20211228T063249_R077_T40QGK_20211228T131817_0000.jpg,S2B_MSIL2A_20211228T063249_R077_T40QGK_20211228T131817,1,2021-12,T40QGK,0.9323782818599987,1,0.7596965683860358
S2B_MSIL2A_20211228T063249_R077_T40QGK_20211228T131817_0001.jpg,S2B_MSIL2A_20211228T063249_R077_T40QGK_20211228T131817,1,2021-12,T40QGK,0.9264289470955452,1,0.7596965683860358
S2B_MSIL2A_20220107T063239_R077_T40QGK_20220107T122412_0000.jpg,S2B_MSIL2A_20220107T063239_R077_T40QGK_20220107T122412,0,2022-01,T40QGK,0.1393995798585285,0,0.7596965683860358
S2B_MSIL2A_20220107T063239_R077_T40QGK_20220107T122412_0001.jpg,S2B_MSIL2A_20220107T063239_R077_T40QGK_20220107T122412,0,2022-01,T40QGK,0.1506851427057433,0,0.7596965683860358
S2A_MSIL2A_20220112T063231_R077_T40QGK_20220113T012748_0000.jpg,S2A_MSIL2A_20220112T063231_R077_T40QGK_20220113T012748,1,2022-01,T40QGK,0.32710240496295073,0,0.7596965683860358
S2A_MSIL2A_20220112T063231_R077_T40QGK_20220113T012748_0001.jpg,S2A_MSIL2A_20220112T063231_R077_T40QGK_20220113T012748,1,2022-01,T40QGK,0.3250563822813748,0,0.7596965683860358
S2B_MSIL2A_20220117T063209_R077_T40QGK_20220117T195206_0000.jpg,S2B_MSIL2A_20220117T063209_R077_T40QGK_20220117T195206,1,2022-01,T40QGK,0.9787486931219653,1,0.7596965683860358
S2B_MSIL2A_20220117T063209_R077_T40QGK_20220117T195206_0001.jpg,S2B_MSIL2A_20220117T063209_R077_T40QGK_20220117T195206,1,2022-01,T40QGK,0.9800937781097036,1,0.7596965683860358
S2B_MSIL2A_20220127T063129_R077_T40QGK_20220212T112349_0000.jpg,S2B_MSIL2A_20220127T063129_R077_T40QGK_20220212T112349,0,2022-01,T40QGK,0.037953297613527365,0,0.7596965683860358
S2B_MSIL2A_20220127T063129_R077_T40QGK_20220212T112349_0001.jpg,S2B_MSIL2A_20220127T063129_R077_T40QGK_20220212T112349,0,2022-01,T40QGK,0.03554687523590364,0,0.7596965683860358
S2B_MSIL2A_20220206T063029_R077_T40QGK_20220219T105412_0000.jpg,S2B_MSIL2A_20220206T063029_R077_T40QGK_20220219T105412,0,2022-02,T40QGK,0.23217708000640705,0,0.7596965683860358
S2B_MSIL2A_20220206T063029_R077_T40QGK_20220219T105412_0001.jpg,S2B_MSIL2A_20220206T063029_R077_T40QGK_20220219T105412,0,2022-02,T40QGK,0.23915930247907097,0,0.7596965683860358
S2B_MSIL2A_20220216T062929_R077_T40QGK_20220224T003621_0000.jpg,S2B_MSIL2A_20220216T062929_R077_T40QGK_20220224T003621,1,2022-02,T40QGK,0.6988630704046362,0,0.7596965683860358
S2B_MSIL2A_20220216T062929_R077_T40QGK_20220224T003621_0001.jpg,S2B_MSIL2A_20220216T062929_R077_T40QGK_20220224T003621,1,2022-02,T40QGK,0.6772557061393559,0,0.7596965683860358
S2A_MSIL2A_20220221T062901_R077_T40QGK_20220228T014818_0000.jpg,S2A_MSIL2A_20220221T062901_R077_T40QGK_20220228T014818,0,2022-02,T40QGK,0.6526657821502798,0,0.7596965683860358
S2A_MSIL2A_20220221T062901_R077_T40QGK_20220228T014818_0001.jpg,S2A_MSIL2A_20220221T062901_R077_T40QGK_20220228T014818,0,2022-02,T40QGK,0.6808999729975159,0,0.7596965683860358
S2A_MSIL2A_20220303T062751_R077_T40QGK_20220304T140237_0000.jpg,S2A_MSIL2A_20220303T062751_R077_T40QGK_20220304T140237,1,2022-03,T40QGK,0.98033432347802,1,0.7596965683860358
S2A_MSIL2A_20220303T062751_R077_T40QGK_20220304T140237_0001.jpg,S2A_MSIL2A_20220303T062751_R077_T40QGK_20220304T140237,1,2022-03,T40QGK,0.9831803717761722,1,0.7596965683860358
S2A_MSIL2A_20220313T062641_R077_T40QGK_20240525T152622_0000.jpg,S2A_MSIL2A_20220313T062641_R077_T40QGK_20240525T152622,1,2022-03,T40QGK,0.4827107608017222,0,0.7596965683860358
S2A_MSIL2A_20220313T062641_R077_T40QGK_20240525T152622_0001.jpg,S2A_MSIL2A_20220313T062641_R077_T40QGK_20240525T152622,1,2022-03,T40QGK,0.4928026768799827,0,0.7596965683860358
S2B_MSIL2A_20220318T062629_R077_T40QGK_20220318T205127_0000.jpg,S2B_MSIL2A_20220318T062629_R077_T40QGK_20220318T205127,0,2022-03,T40QGK,0.02866742203064472,0,0.7596965683860358
S2B_MSIL2A_20220318T062629_R077_T40QGK_20220318T205127_0001.jpg,S2B_MSIL2A_20220318T062629_R077_T40QGK_20220318T205127,0,2022-03,T40QGK,0.030979003655680636,0,0.7596965683860358
S2B_MSIL2A_20220328T062629_R077_T40QGK_20220328T185029_0000.jpg,S2B_MSIL2A_20220328T062629_R077_T40QGK_20220328T185029,0,2022-03,T40QGK,0.00458024071400158,0,0.7596965683860358
S2B_MSIL2A_20220328T062629_R077_T40QGK_20220328T185029_0001.jpg,S2B_MSIL2A_20220328T062629_R077_T40QGK_20220328T185029,0,2022-03,T40QGK,0.004517276376159718,0,0.7596965683860358
S2A_MSIL2A_20220402T062631_R077_T40QGK_20240609T044721_0000.jpg,S2A_MSIL2A_20220402T062631_R077_T40QGK_20240609T044721,0,2022-04,T40QGK,0.0012296785929001462,0,0.7596965683860358
S2A_MSIL2A_20220402T062631_R077_T40QGK_20240609T044721_0001.jpg,S2A_MSIL2A_20220402T062631_R077_T40QGK_20240609T044721,0,2022-04,T40QGK,0.0013532230628796348,0,0.7596965683860358
S2A_MSIL2A_20220412T062631_R077_T40QGK_20220413T050721_0000.jpg,S2A_MSIL2A_20220412T062631_R077_T40QGK_20220413T050721,0,2022-04,T40QGK,0.0016277655253075201,0,0.7596965683860358
S2A_MSIL2A_20220412T062631_R077_T40QGK_20220413T050721_0001.jpg,S2A_MSIL2A_20220412T062631_R077_T40QGK_20220413T050721,0,2022-04,T40QGK,0.0013441990597875197,0,0.7596965683860358
S2B_MSIL2A_20220417T062629_R077_T40QGK_20220417T140325_0000.jpg,S2B_MSIL2A_20220417T062629_R077_T40QGK_20220417T140325,1,2022-04,T40QGK,0.9688371226985429,1,0.7596965683860358
S2B_MSIL2A_20220417T062629_R077_T40QGK_20220417T140325_0001.jpg,S2B_MSIL2A_20220417T062629_R077_T40QGK_20220417T140325,1,2022-04,T40QGK,0.9693137855143374,1,0.7596965683860358
S2B_MSIL2A_20220427T062619_R077_T40QGK_20220428T030245_0000.jpg,S2B_MSIL2A_20220427T062619_R077_T40QGK_20220428T030245,1,2022-04,T40QGK,0.7596965683860358,1,0.7596965683860358
S2B_MSIL2A_20220427T062619_R077_T40QGK_20220428T030245_0001.jpg,S2B_MSIL2A_20220427T062619_R077_T40QGK_20220428T030245,1,2022-04,T40QGK,0.7528718400566307,0,0.7596965683860358
S2A_MSIL2A_20220502T062631_R077_T40QGK_20220502T230154_0000.jpg,S2A_MSIL2A_20220502T062631_R077_T40QGK_20220502T230154,0,2022-05,T40QGK,0.02064985632035383,0,0.7596965683860358
S2A_MSIL2A_20220502T062631_R077_T40QGK_20220502T230154_0001.jpg,S2A_MSIL2A_20220502T062631_R077_T40QGK_20220502T230154,0,2022-05,T40QGK,0.01985973812741116,0,0.7596965683860358
S2B_MSIL2A_20220527T062629_R077_T40QGK_20220528T051022_0000.jpg,S2B_MSIL2A_20220527T062629_R077_T40QGK_20220528T051022,1,2022-05,T40QGK,0.9973685224046852,1,0.7596965683860358
S2B_MSIL2A_20220527T062629_R077_T40QGK_20220528T051022_0001.jpg,S2B_MSIL2A_20220527T062629_R077_T40QGK_20220528T051022,1,2022-05,T40QGK,0.9972466055638671,1,0.7596965683860358
S2A_MSIL2A_20220601T062641_R077_T40QGK_20220602T051804_0000.jpg,S2A_MSIL2A_20220601T062641_R077_T40QGK_20220602T051804,1,2022-06,T40QGK,0.9822473696604345,1,0.7596965683860358
S2A_MSIL2A_20220601T062641_R077_T40QGK_20220602T051804_0001.jpg,S2A_MSIL2A_20220601T062641_R077_T40QGK_20220602T051804,1,2022-06,T40QGK,0.9828505577435791,1,0.7596965683860358
S2A_MSIL2A_20220621T062641_R077_T40QGK_20220622T025525_0000.jpg,S2A_MSIL2A_20220621T062641_R077_T40QGK_20220622T025525,0,2022-06,T40QGK,0.23199714189717593,0,0.7596965683860358
S2A_MSIL2A_20220621T062641_R077_T40QGK_20220622T025525_0001.jpg,S2A_MSIL2A_20220621T062641_R077_T40QGK_20220622T025525,0,2022-06,T40QGK,0.2482515839081594,0,0.7596965683860358
S2B_MSIL2A_20220626T062639_R077_T40QGK_20220626T162345_0000.jpg,S2B_MSIL2A_20220626T062639_R077_T40QGK_20220626T162345,0,2022-06,T40QGK,0.8125150229849823,1,0.7596965683860358
S2B_MSIL2A_20220626T062639_R077_T40QGK_20220626T162345_0001.jpg,S2B_MSIL2A_20220626T062639_R077_T40QGK_20220626T162345,0,2022-06,T40QGK,0.8011654779347062,1,0.7596965683860358
S2A_MSIL2A_20220701T062641_R077_T40QGK_20220701T200951_0000.jpg,S2A_MSIL2A_20220701T062641_R077_T40QGK_20220701T200951,1,2022-07,T40QGK,0.5258095868694851,0,0.7596965683860358
S2A_MSIL2A_20220701T062641_R077_T40QGK_20220701T200951_0001.jpg,S2A_MSIL2A_20220701T062641_R077_T40QGK_20220701T200951,1,2022-07,T40QGK,0.48846916149784575,0,0.7596965683860358
S2A_MSIL2A_20220731T062641_R077_T40QGK_20220801T041951_0000.jpg,S2A_MSIL2A_20220731T062641_R077_T40QGK_20220801T041951,0,2022-07,T40QGK,0.9761639182013344,1,0.7596965683860358
S2A_MSIL2A_20220731T062641_R077_T40QGK_20220801T041951_0001.jpg,S2A_MSIL2A_20220731T062641_R077_T40QGK_20220801T041951,0,2022-07,T40QGK,0.9777607409829275,1,0.7596965683860358
S2B_MSIL2A_20220805T062629_R077_T40QGK_20220805T221003_0000.jpg,S2B_MSIL2A_20220805T062629_R077_T40QGK_20220805T221003,0,2022-08,T40QGK,0.6344180167275716,0,0.7596965683860358
S2B_MSIL2A_20220805T062629_R077_T40QGK_20220805T221003_0001.jpg,S2B_MSIL2A_20220805T062629_R077_T40QGK_20220805T221003,0,2022-08,T40QGK,0.6665235746390764,0,0.7596965683860358
S2A_MSIL2A_20220830T062641_R077_T40QGK_20220831T145107_0000.jpg,S2A_MSIL2A_20220830T062641_R077_T40QGK_20220831T145107,0,2022-08,T40QGK,0.018042435197005758,0,0.7596965683860358
S2A_MSIL2A_20220830T062641_R077_T40QGK_20220831T145107_0001.jpg,S2A_MSIL2A_20220830T062641_R077_T40QGK_20220831T145107,0,2022-08,T40QGK,0.01977096243523703,0,0.7596965683860358
S2A_MSIL2A_20220909T062641_R077_T40QGK_20220909T163949_0000.jpg,S2A_MSIL2A_20220909T062641_R077_T40QGK_20220909T163949,0,2022-09,T40QGK,0.36115047534270794,0,0.7596965683860358
S2A_MSIL2A_20220909T062641_R077_T40QGK_20220909T163949_0001.jpg,S2A_MSIL2A_20220909T062641_R077_T40QGK_20220909T163949,0,2022-09,T40QGK,0.3720597575688845,0,0.7596965683860358
S2A_MSIL2A_20220929T062651_R077_T40QGK_20220929T210906_0000.jpg,S2A_MSIL2A_20220929T062651_R077_T40QGK_20220929T210906,0,2022-09,T40QGK,0.08279763500042446,0,0.7596965683860358
S2A_MSIL2A_20220929T062651_R077_T40QGK_20220929T210906_0001.jpg,S2A_MSIL2A_20220929T062651_R077_T40QGK_20220929T210906,0,2022-09,T40QGK,0.08589576608445548,0,0.7596965683860358
S2B_MSIL2A_20221004T062709_R077_T40QGK_20221004T200307_0000.jpg,S2B_MSIL2A_20221004T062709_R077_T40QGK_20221004T200307,0,2022-10,T40QGK,0.880146528337348,1,0.7596965683860358
S2B_MSIL2A_20221004T062709_R077_T40QGK_20221004T200307_0001.jpg,S2B_MSIL2A_20221004T062709_R077_T40QGK_20221004T200307,0,2022-10,T40QGK,0.8615624509679641,1,0.7596965683860358
S2A_MSIL2A_20221009T062751_R077_T40QGK_20221009T145255_0000.jpg,S2A_MSIL2A_20221009T062751_R077_T40QGK_20221009T145255,0,2022-10,T40QGK,0.6409783453296592,0,0.7596965683860358
S2A_MSIL2A_20221009T062751_R077_T40QGK_20221009T145255_0001.jpg,S2A_MSIL2A_20221009T062751_R077_T40QGK_20221009T145255,0,2022-10,T40QGK,0.614417588820249,0,0.7596965683860358
S2B_MSIL2A_20221024T062929_R077_T40QGK_20221024T210406_0000.jpg,S2B_MSIL2A_20221024T062929_R077_T40QGK_20221024T210406,0,2022-10,T40QGK,0.006635012484199832,0,0.7596965683860358
S2B_MSIL2A_20221024T062929_R077_T40QGK_20221024T210406_0001.jpg,S2B_MSIL2A_20221024T062929_R077_T40QGK_20221024T210406,0,2022-10,T40QGK,0.007157729245151197,0,0.7596965683860358
S2A_MSIL2A_20221029T063001_R077_T40QGK_20240716T225017_0000.jpg,S2A_MSIL2A_20221029T063001_R077_T40QGK_20240716T225017,0,2022-10,T40QGK,0.006313910555342671,0,0.7596965683860358
S2A_MSIL2A_20221029T063001_R077_T40QGK_20240716T225017_0001.jpg,S2A_MSIL2A_20221029T063001_R077_T40QGK_20240716T225017,0,2022-10,T40QGK,0.006113582292474682,0,0.7596965683860358
S2B_MSIL2A_20221103T063029_R077_T40QGK_20221103T205733_0000.jpg,S2B_MSIL2A_20221103T063029_R077_T40QGK_20221103T205733,0,2022-11,T40QGK,0.31611638403649617,0,0.7596965683860358
S2B_MSIL2A_20221103T063029_R077_T40QGK_20221103T205733_0001.jpg,S2B_MSIL2A_20221103T063029_R077_T40QGK_20221103T205733,0,2022-11,T40QGK,0.3368868217171708,0,0.7596965683860358
S2B_MSIL2A_20221113T063119_R077_T40QGK_20221114T010655_0000.jpg,S2B_MSIL2A_20221113T063119_R077_T40QGK_20221114T010655,1,2022-11,T40QGK,0.3899525809935282,0,0.7596965683860358
S2B_MSIL2A_20221113T063119_R077_T40QGK_20221114T010655_0001.jpg,S2B_MSIL2A_20221113T063119_R077_T40QGK_20221114T010655,1,2022-11,T40QGK,0.35646154300318483,0,0.7596965683860358
S2A_MSIL2A_20221208T063251_R077_T40QGK_20221209T034448_0000.jpg,S2A_MSIL2A_20221208T063251_R077_T40QGK_20221209T034448,0,2022-12,T40QGK,0.017406729938808967,0,0.7596965683860358
S2A_MSIL2A_20221208T063251_R077_T40QGK_20221209T034448_0001.jpg,S2A_MSIL2A_20221208T063251_R077_T40QGK_20221209T034448,0,2022-12,T40QGK,0.017080564337155064,0,0.7596965683860358
S2A_MSIL2A_20221218T063301_R077_T40QGK_20221218T233324_0000.jpg,S2A_MSIL2A_20221218T063301_R077_T40QGK_20221218T233324,1,2022-12,T40QGK,0.9323528303239644,1,0.7596965683860358
S2A_MSIL2A_20221218T063301_R077_T40QGK_20221218T233324_0001.jpg,S2A_MSIL2A_20221218T063301_R077_T40QGK_20221218T233324,1,2022-12,T40QGK,0.9435674216242765,1,0.7596965683860358
S2A_MSIL2A_20230107T063241_R077_T40QGK_20230107T193733_0000.jpg,S2A_MSIL2A_20230107T063241_R077_T40QGK_20230107T193733,0,2023-01,T40QGK,0.029752854445358013,0,0.7596965683860358
S2A_MSIL2A_20230107T063241_R077_T40QGK_20230107T193733_0001.jpg,S2A_MSIL2A_20230107T063241_R077_T40QGK_20230107T193733,0,2023-01,T40QGK,0.04129279285908139,0,0.7596965683860358
S2B_MSIL2A_20230122T063149_R077_T40QGK_20240812T194001_0000.jpg,S2B_MSIL2A_20230122T063149_R077_T40QGK_20240812T194001,1,2023-01,T40QGK,0.9188099266066926,1,0.7596965683860358
S2B_MSIL2A_20230122T063149_R077_T40QGK_20240812T194001_0001.jpg,S2B_MSIL2A_20230122T063149_R077_T40QGK_20240812T194001,1,2023-01,T40QGK,0.9115712867481243,1,0.7596965683860358
S2A_MSIL2A_20230206T063041_R077_T40QGK_20230206T214153_0000.jpg,S2A_MSIL2A_20230206T063041_R077_T40QGK_20230206T214153,1,2023-02,T40QGK,0.8842183062182543,1,0.7596965683860358
S2A_MSIL2A_20230206T063041_R077_T40QGK_20230206T214153_0001.jpg,S2A_MSIL2A_20230206T063041_R077_T40QGK_20230206T214153,1,2023-02,T40QGK,0.888895135762344,1,0.7596965683860358
S2A_MSIL2A_20230226T062831_R077_T40QGK_20240801T080827_0000.jpg,S2A_MSIL2A_20230226T062831_R077_T40QGK_20240801T080827,0,2023-02,T40QGK,0.038515428010904816,0,0.7596965683860358
S2A_MSIL2A_20230226T062831_R077_T40QGK_20240801T080827_0001.jpg,S2A_MSIL2A_20230226T062831_R077_T40QGK_20240801T080827,0,2023-02,T40QGK,0.03892310505679079,0,0.7596965683860358
S2A_MSIL2A_20230318T062631_R077_T40QGK_20240823T221610_0000.jpg,S2A_MSIL2A_20230318T062631_R077_T40QGK_20240823T221610,0,2023-03,T40QGK,0.37466597778426913,0,0.7596965683860358
S2A_MSIL2A_20230318T062631_R077_T40QGK_20240823T221610_0001.jpg,S2A_MSIL2A_20230318T062631_R077_T40QGK_20240823T221610,0,2023-03,T40QGK,0.36158036778712427,0,0.7596965683860358
S2A_MSIL2A_20230407T062631_R077_T40QGK_20230407T115355_0000.jpg,S2A_MSIL2A_20230407T062631_R077_T40QGK_20230407T115355,0,2023-04,T40QGK,0.32574496980033785,0,0.7596965683860358
S2A_MSIL2A_20230407T062631_R077_T40QGK_20230407T115355_0001.jpg,S2A_MSIL2A_20230407T062631_R077_T40QGK_20230407T115355,0,2023-04,T40QGK,0.3078107853440016,0,0.7596965683860358
S2A_MSIL2A_20230507T062631_R077_T40QGK_20230507T131802_0000.jpg,S2A_MSIL2A_20230507T062631_R077_T40QGK_20230507T131802,1,2023-05,T40QGK,0.7186551179209204,0,0.7596965683860358
S2A_MSIL2A_20230507T062631_R077_T40QGK_20230507T131802_0001.jpg,S2A_MSIL2A_20230507T062631_R077_T40QGK_20230507T131802,1,2023-05,T40QGK,0.7424781679882938,0,0.7596965683860358
S2B_MSIL2A_20230512T062629_R077_T40QGK_20230512T112650_0000.jpg,S2B_MSIL2A_20230512T062629_R077_T40QGK_20230512T112650,1,2023-05,T40QGK,0.22010249307048313,0,0.7596965683860358
S2B_MSIL2A_20230512T062629_R077_T40QGK_20230512T112650_0001.jpg,S2B_MSIL2A_20230512T062629_R077_T40QGK_20230512T112650,1,2023-05,T40QGK,0.23231512219267791,0,0.7596965683860358
S2B_MSIL2A_20230522T062629_R077_T40QGK_20240811T071353_0000.jpg,S2B_MSIL2A_20230522T062629_R077_T40QGK_20240811T071353,0,2023-05,T40QGK,0.18083466258709507,0,0.7596965683860358
S2B_MSIL2A_20230522T062629_R077_T40QGK_20240811T071353_0001.jpg,S2B_MSIL2A_20230522T062629_R077_T40QGK_20240811T071353,0,2023-05,T40QGK,0.1830274633351078,0,0.7596965683860358
S2A_MSIL2A_20230527T062631_R077_T40QGK_20230527T104313_0000.jpg,S2A_MSIL2A_20230527T062631_R077_T40QGK_20230527T104313,0,2023-05,T40QGK,0.04033645169121296,0,0.7596965683860358
S2A_MSIL2A_20230527T062631_R077_T40QGK_20230527T104313_0001.jpg,S2A_MSIL2A_20230527T062631_R077_T40QGK_20230527T104313,0,2023-05,T40QGK,0.042223672713131634,0,0.7596965683860358
S2B_MSIL2A_20230601T062629_R077_T40QGK_20230601T103336_0000.jpg,S2B_MSIL2A_20230601T062629_R077_T40QGK_20230601T103336,0,2023-06,T40QGK,0.009185499475575797,0,0.7596965683860358
S2B_MSIL2A_20230601T062629_R077_T40QGK_20230601T103336_0001.jpg,S2B_MSIL2A_20230601T062629_R077_T40QGK_20230601T103336,0,2023-06,T40QGK,0.009385858310372155,0,0.7596965683860358
S2A_MSIL2A_20230616T062631_R077_T40QGK_20240812T142657_0000.jpg,S2A_MSIL2A_20230616T062631_R077_T40QGK_20240812T142657,0,2023-06,T40QGK,0.08310227603801598,0,0.7596965683860358
S2A_MSIL2A_20230616T062631_R077_T40QGK_20240812T142657_0001.jpg,S2A_MSIL2A_20230616T062631_R077_T40QGK_20240812T142657,0,2023-06,T40QGK,0.0770595341344721,0,0.7596965683860358
S2B_MSIL2A_20230621T062629_R077_T40QGK_20240816T025921_0000.jpg,S2B_MSIL2A_20230621T062629_R077_T40QGK_20240816T025921,0,2023-06,T40QGK,0.08433998757233394,0,0.7596965683860358
S2B_MSIL2A_20230621T062629_R077_T40QGK_20240816T025921_0001.jpg,S2B_MSIL2A_20230621T062629_R077_T40QGK_20240816T025921,0,2023-06,T40QGK,0.09588353864642826,0,0.7596965683860358
S2A_MSIL2A_20230626T062631_R077_T40QGK_20240927T163834_0000.jpg,S2A_MSIL2A_20230626T062631_R077_T40QGK_20240927T163834,1,2023-06,T40QGK,0.8034958421460429,1,0.7596965683860358
S2A_MSIL2A_20230626T062631_R077_T40QGK_20240927T163834_0001.jpg,S2A_MSIL2A_20230626T062631_R077_T40QGK_20240927T163834,1,2023-06,T40QGK,0.8045937954202297,1,0.7596965683860358
S2B_MSIL2A_20230711T062629_R077_T40QGK_20240816T204125_0000.jpg,S2B_MSIL2A_20230711T062629_R077_T40QGK_20240816T204125,0,2023-07,T40QGK,0.2724198854307627,0,0.7596965683860358
S2B_MSIL2A_20230711T062629_R077_T40QGK_20240816T204125_0001.jpg,S2B_MSIL2A_20230711T062629_R077_T40QGK_20240816T204125,0,2023-07,T40QGK,0.23988876604302958,0,0.7596965683860358
S2B_MSIL2A_20230721T062639_R077_T40QGK_20240817T205411_0000.jpg,S2B_MSIL2A_20230721T062639_R077_T40QGK_20240817T205411,1,2023-07,T40QGK,0.9995867873112698,1,0.7596965683860358
S2B_MSIL2A_20230721T062639_R077_T40QGK_20240817T205411_0001.jpg,S2B_MSIL2A_20230721T062639_R077_T40QGK_20240817T205411,1,2023-07,T40QGK,0.9996050706360248,1,0.7596965683860358
S2B_MSIL2A_20230731T062629_R077_T40QGK_20230731T102630_0000.jpg,S2B_MSIL2A_20230731T062629_R077_T40QGK_20230731T102630,0,2023-07,T40QGK,0.030571899992741323,0,0.7596965683860358
S2B_MSIL2A_20230731T062629_R077_T40QGK_20230731T102630_0001.jpg,S2B_MSIL2A_20230731T062629_R077_T40QGK_20230731T102630,0,2023-07,T40QGK,0.03285171508263753,0,0.7596965683860358
S2A_MSIL2A_20230805T062631_R077_T40QGK_20230805T121850_0000.jpg,S2A_MSIL2A_20230805T062631_R077_T40QGK_20230805T121850,0,2023-08,T40QGK,0.3082910451860336,0,0.7596965683860358
S2A_MSIL2A_20230805T062631_R077_T40QGK_20230805T121850_0001.jpg,S2A_MSIL2A_20230805T062631_R077_T40QGK_20230805T121850,0,2023-08,T40QGK,0.300908648614849,0,0.7596965683860358
S2B_MSIL2A_20230810T062629_R077_T40QGK_20240912T065804_0000.jpg,S2B_MSIL2A_20230810T062629_R077_T40QGK_20240912T065804,0,2023-08,T40QGK,0.2644854688092084,0,0.7596965683860358
S2B_MSIL2A_20230810T062629_R077_T40QGK_20240912T065804_0001.jpg,S2B_MSIL2A_20230810T062629_R077_T40QGK_20240912T065804,0,2023-08,T40QGK,0.28614261446528183,0,0.7596965683860358
S2B_MSIL2A_20230820T062629_R077_T40QGK_20230820T133537_0000.jpg,S2B_MSIL2A_20230820T062629_R077_T40QGK_20230820T133537,1,2023-08,T40QGK,0.12956664476277202,0,0.7596965683860358
S2B_MSIL2A_20230820T062629_R077_T40QGK_20230820T133537_0001.jpg,S2B_MSIL2A_20230820T062629_R077_T40QGK_20230820T133537,1,2023-08,T40QGK,0.16239850731636282,0,0.7596965683860358
S2A_MSIL2A_20230904T062631_R077_T40QGK_20230904T124318_0000.jpg,S2A_MSIL2A_20230904T062631_R077_T40QGK_20230904T124318,1,2023-09,T40QGK,0.9798062979620888,1,0.7596965683860358
S2A_MSIL2A_20230904T062631_R077_T40QGK_20230904T124318_0001.jpg,S2A_MSIL2A_20230904T062631_R077_T40QGK_20230904T124318,1,2023-09,T40QGK,0.9783441172416039,1,0.7596965683860358
S2A_MSIL2A_20230914T062631_R077_T40QGK_20240908T085709_0000.jpg,S2A_MSIL2A_20230914T062631_R077_T40QGK_20240908T085709,0,2023-09,T40QGK,0.08124048254828038,0,0.7596965683860358
S2A_MSIL2A_20230914T062631_R077_T40QGK_20240908T085709_0001.jpg,S2A_MSIL2A_20230914T062631_R077_T40QGK_20240908T085709,0,2023-09,T40QGK,0.06439454889260239,0,0.7596965683860358
S2A_MSIL2A_20230924T062631_R077_T40QGK_20230924T120828_0000.jpg,S2A_MSIL2A_20230924T062631_R077_T40QGK_20230924T120828,0,2023-09,T40QGK,0.04532006499639136,0,0.7596965683860358
S2A_MSIL2A_20230924T062631_R077_T40QGK_20230924T120828_0001.jpg,S2A_MSIL2A_20230924T062631_R077_T40QGK_20230924T120828,0,2023-09,T40QGK,0.04628186684695313,0,0.7596965683860358
S2B_MSIL2A_20230929T062639_R077_T40QGK_20230929T121635_0000.jpg,S2B_MSIL2A_20230929T062639_R077_T40QGK_20230929T121635,0,2023-09,T40QGK,0.056697354302884945,0,0.7596965683860358
S2B_MSIL2A_20230929T062639_R077_T40QGK_20230929T121635_0001.jpg,S2B_MSIL2A_20230929T062639_R077_T40QGK_20230929T121635,0,2023-09,T40QGK,0.04535172335001666,0,0.7596965683860358
S2A_MSIL2A_20231004T062711_R077_T40QGK_20231004T121844_0000.jpg,S2A_MSIL2A_20231004T062711_R077_T40QGK_20231004T121844,0,2023-10,T40QGK,0.49515749025577344,0,0.7596965683860358
S2A_MSIL2A_20231004T062711_R077_T40QGK_20231004T121844_0001.jpg,S2A_MSIL2A_20231004T062711_R077_T40QGK_20231004T121844,0,2023-10,T40QGK,0.480630103566626,0,0.7596965683860358
S2B_MSIL2A_20231009T062749_R077_T40QGK_20231009T102946_0000.jpg,S2B_MSIL2A_20231009T062749_R077_T40QGK_20231009T102946,1,2023-10,T40QGK,0.29942304458144176,0,0.7596965683860358
S2B_MSIL2A_20231009T062749_R077_T40QGK_20231009T102946_0001.jpg,S2B_MSIL2A_20231009T062749_R077_T40QGK_20231009T102946,1,2023-10,T40QGK,0.29233369240900337,0,0.7596965683860358
S2B_MSIL2A_20231019T062859_R077_T40QGK_20231019T182435_0000.jpg,S2B_MSIL2A_20231019T062859_R077_T40QGK_20231019T182435,0,2023-10,T40QGK,0.011581243970115389,0,0.7596965683860358
S2B_MSIL2A_20231019T062859_R077_T40QGK_20231019T182435_0001.jpg,S2B_MSIL2A_20231019T062859_R077_T40QGK_20231019T182435,0,2023-10,T40QGK,0.009168143612999027,0,0.7596965683860358
S2B_MSIL2A_20231108T063059_R077_T40QGK_20240901T133147_0000.jpg,S2B_MSIL2A_20231108T063059_R077_T40QGK_20240901T133147,0,2023-11,T40QGK,0.4985321555729467,0,0.7596965683860358
S2B_MSIL2A_20231108T063059_R077_T40QGK_20240901T133147_0001.jpg,S2B_MSIL2A_20231108T063059_R077_T40QGK_20240901T133147,0,2023-11,T40QGK,0.4897478180266676,0,0.7596965683860358
S2A_MSIL2A_20231113T063121_R077_T40QGK_20231113T112603_0000.jpg,S2A_MSIL2A_20231113T063121_R077_T40QGK_20231113T112603,0,2023-11,T40QGK,0.047314384396728346,0,0.7596965683860358
S2A_MSIL2A_20231113T063121_R077_T40QGK_20231113T112603_0001.jpg,S2A_MSIL2A_20231113T063121_R077_T40QGK_20231113T112603,0,2023-11,T40QGK,0.04038767520592101,0,0.7596965683860358
S2A_MSIL2A_20231123T063201_R077_T40QGK_20231123T103447_0000.jpg,S2A_MSIL2A_20231123T063201_R077_T40QGK_20231123T103447,1,2023-11,T40QGK,0.9704674143382075,1,0.7596965683860358
S2A_MSIL2A_20231123T063201_R077_T40QGK_20231123T103447_0001.jpg,S2A_MSIL2A_20231123T063201_R077_T40QGK_20231123T103447,1,2023-11,T40QGK,0.9715383470355254,1,0.7596965683860358
S2B_MSIL2A_20231128T063219_R077_T40QGK_20231128T092308_0000.jpg,S2B_MSIL2A_20231128T063219_R077_T40QGK_20231128T092308,0,2023-11,T40QGK,0.6936429442320984,0,0.7596965683860358
S2B_MSIL2A_20231128T063219_R077_T40QGK_20231128T092308_0001.jpg,S2B_MSIL2A_20231128T063219_R077_T40QGK_20231128T092308,0,2023-11,T40QGK,0.6968634401051549,0,0.7596965683860358
S2B_MSIL2A_20231208T063239_R077_T40QGK_20231208T102603_0000.jpg,S2B_MSIL2A_20231208T063239_R077_T40QGK_20231208T102603,0,2023-12,T40QGK,0.5098878956675571,0,0.7596965683860358
S2B_MSIL2A_20231208T063239_R077_T40QGK_20231208T102603_0001.jpg,S2B_MSIL2A_20231208T063239_R077_T40QGK_20231208T102603,0,2023-12,T40QGK,0.5470013378777016,0,0.7596965683860358
S2A_MSIL2A_20231213T063251_R077_T40QGK_20231213T114908_0000.jpg,S2A_MSIL2A_20231213T063251_R077_T40QGK_20231213T114908,1,2023-12,T40QGK,0.7212497232371745,0,0.7596965683860358
S2A_MSIL2A_20231213T063251_R077_T40QGK_20231213T114908_0001.jpg,S2A_MSIL2A_20231213T063251_R077_T40QGK_20231213T114908,1,2023-12,T40QGK,0.7500255779396069,0,0.7596965683860358
S2A_MSIL2A_20231223T063301_R077_T40QGK_20231223T102255_0000.jpg,S2A_MSIL2A_20231223T063301_R077_T40QGK_20231223T102255,0,2023-12,T40QGK,0.07250149904111135,0,0.7596965683860358
S2A_MSIL2A_20231223T063301_R077_T40QGK_20231223T102255_0001.jpg,S2A_MSIL2A_20231223T063301_R077_T40QGK_20231223T102255,0,2023-12,T40QGK,0.06856070223494089,0,0.7596965683860358
S2B_MSIL2A_20231228T063259_R077_T40QGK_20231228T092024_0000.jpg,S2B_MSIL2A_20231228T063259_R077_T40QGK_20231228T092024,1,2023-12,T40QGK,0.7323820001582738,0,0.7596965683860358
S2B_MSIL2A_20231228T063259_R077_T40QGK_20231228T092024_0001.jpg,S2B_MSIL2A_20231228T063259_R077_T40QGK_20231228T092024,1,2023-12,T40QGK,0.7234308876090717,0,0.7596965683860358
S2A_MSIL2A_20240112T063231_R077_T40QGK_20240112T101212_0000.jpg,S2A_MSIL2A_20240112T063231_R077_T40QGK_20240112T101212,0,2024-01,T40QGK,0.5234896237048811,0,0.7596965683860358
S2A_MSIL2A_20240112T063231_R077_T40QGK_20240112T101212_0001.jpg,S2A_MSIL2A_20240112T063231_R077_T40QGK_20240112T101212,0,2024-01,T40QGK,0.5167933788224671,0,0.7596965683860358
S2B_MSIL2A_20240117T063219_R077_T40QGK_20240117T093150_0000.jpg,S2B_MSIL2A_20240117T063219_R077_T40QGK_20240117T093150,0,2024-01,T40QGK,0.014257694193945203,0,0.7596965683860358
S2B_MSIL2A_20240117T063219_R077_T40QGK_20240117T093150_0001.jpg,S2B_MSIL2A_20240117T063219_R077_T40QGK_20240117T093150,0,2024-01,T40QGK,0.014458663936554945,0,0.7596965683860358
S2A_MSIL2A_20240201T063101_R077_T40QGK_20240201T112116_0000.jpg,S2A_MSIL2A_20240201T063101_R077_T40QGK_20240201T112116,1,2024-02,T40QGK,0.16258430872781304,0,0.7596965683860358
S2A_MSIL2A_20240201T063101_R077_T40QGK_20240201T112116_0001.jpg,S2A_MSIL2A_20240201T063101_R077_T40QGK_20240201T112116,1,2024-02,T40QGK,0.1594565208974684,0,0.7596965683860358
S2A_MSIL2A_20240221T062901_R077_T40QGK_20240221T102237_0000.jpg,S2A_MSIL2A_20240221T062901_R077_T40QGK_20240221T102237,1,2024-02,T40QGK,0.4089216182269184,0,0.7596965683860358
S2A_MSIL2A_20240221T062901_R077_T40QGK_20240221T102237_0001.jpg,S2A_MSIL2A_20240221T062901_R077_T40QGK_20240221T102237,1,2024-02,T40QGK,0.4527530367078653,0,0.7596965683860358
S2A_MSIL2A_20240312T062651_R077_T40QGK_20240313T153847_0000.jpg,S2A_MSIL2A_20240312T062651_R077_T40QGK_20240313T153847,0,2024-03,T40QGK,0.12821821441372838,0,0.7596965683860358
S2A_MSIL2A_20240312T062651_R077_T40QGK_20240313T153847_0001.jpg,S2A_MSIL2A_20240312T062651_R077_T40QGK_20240313T153847,0,2024-03,T40QGK,0.12161162030660143,0,0.7596965683860358
S2B_MSIL2A_20240406T062629_R077_T40QGK_20240406T100857_0000.jpg,S2B_MSIL2A_20240406T062629_R077_T40QGK_20240406T100857,0,2024-04,T40QGK,0.08736481518918784,0,0.7596965683860358
S2B_MSIL2A_20240406T062629_R077_T40QGK_20240406T100857_0001.jpg,S2B_MSIL2A_20240406T062629_R077_T40QGK_20240406T100857,0,2024-04,T40QGK,0.09887063124540794,0,0.7596965683860358
S2A_MSIL2A_20240411T062631_R077_T40QGK_20240411T111749_0000.jpg,S2A_MSIL2A_20240411T062631_R077_T40QGK_20240411T111749,0,2024-04,T40QGK,0.1397288782829227,0,0.7596965683860358
S2A_MSIL2A_20240411T062631_R077_T40QGK_20240411T111749_0001.jpg,S2A_MSIL2A_20240411T062631_R077_T40QGK_20240411T111749,0,2024-04,T40QGK,0.14029607973257954,0,0.7596965683860358
S2A_MSIL2A_20240421T062631_R077_T40QGK_20240421T111603_0000.jpg,S2A_MSIL2A_20240421T062631_R077_T40QGK_20240421T111603,0,2024-04,T40QGK,0.06870077795777665,0,0.7596965683860358
S2A_MSIL2A_20240421T062631_R077_T40QGK_20240421T111603_0001.jpg,S2A_MSIL2A_20240421T062631_R077_T40QGK_20240421T111603,0,2024-04,T40QGK,0.06740811701637814,0,0.7596965683860358
S2B_MSIL2A_20240426T062629_R077_T40QGK_20240426T111133_0000.jpg,S2B_MSIL2A_20240426T062629_R077_T40QGK_20240426T111133,0,2024-04,T40QGK,0.7329419401556947,0,0.7596965683860358
S2B_MSIL2A_20240426T062629_R077_T40QGK_20240426T111133_0001.jpg,S2B_MSIL2A_20240426T062629_R077_T40QGK_20240426T111133,0,2024-04,T40QGK,0.7215250860947985,0,0.7596965683860358
S2B_MSIL2A_20240516T062629_R077_T40QGK_20240516T102249_0000.jpg,S2B_MSIL2A_20240516T062629_R077_T40QGK_20240516T102249,0,2024-05,T40QGK,0.08359497670975148,0,0.7596965683860358
S2B_MSIL2A_20240516T062629_R077_T40QGK_20240516T102249_0001.jpg,S2B_MSIL2A_20240516T062629_R077_T40QGK_20240516T102249,0,2024-05,T40QGK,0.08644107655812316,0,0.7596965683860358
S2A_MSIL2A_20240521T062631_R077_T40QGK_20240521T112534_0000.jpg,S2A_MSIL2A_20240521T062631_R077_T40QGK_20240521T112534,0,2024-05,T40QGK,0.09658459273481258,0,0.7596965683860358
S2A_MSIL2A_20240521T062631_R077_T40QGK_20240521T112534_0001.jpg,S2A_MSIL2A_20240521T062631_R077_T40QGK_20240521T112534,0,2024-05,T40QGK,0.09022663260393689,0,0.7596965683860358
S2A_MSIL2A_20240531T062631_R077_T40QGK_20240531T120203_0000.jpg,S2A_MSIL2A_20240531T062631_R077_T40QGK_20240531T120203,1,2024-05,T40QGK,0.9946736433217189,1,0.7596965683860358
S2A_MSIL2A_20240531T062631_R077_T40QGK_20240531T120203_0001.jpg,S2A_MSIL2A_20240531T062631_R077_T40QGK_20240531T120203,1,2024-05,T40QGK,0.9948701537532931,1,0.7596965683860358
S2B_MSIL2A_20240605T062629_R077_T40QGK_20240605T101415_0000.jpg,S2B_MSIL2A_20240605T062629_R077_T40QGK_20240605T101415,0,2024-06,T40QGK,0.9924783530741202,1,0.7596965683860358
S2B_MSIL2A_20240605T062629_R077_T40QGK_20240605T101415_0001.jpg,S2B_MSIL2A_20240605T062629_R077_T40QGK_20240605T101415,0,2024-06,T40QGK,0.9935235627285703,1,0.7596965683860358
S2A_MSIL2A_20240610T062631_R077_T40QGK_20240610T104649_0000.jpg,S2A_MSIL2A_20240610T062631_R077_T40QGK_20240610T104649,0,2024-06,T40QGK,0.059319686367760555,0,0.7596965683860358
S2A_MSIL2A_20240610T062631_R077_T40QGK_20240610T104649_0001.jpg,S2A_MSIL2A_20240610T062631_R077_T40QGK_20240610T104649,0,2024-06,T40QGK,0.06140182289355583,0,0.7596965683860358
S2B_MSIL2A_20240625T062629_R077_T40QGK_20240625T102043_0000.jpg,S2B_MSIL2A_20240625T062629_R077_T40QGK_20240625T102043,0,2024-06,T40QGK,0.10511908491287106,0,0.7596965683860358
S2B_MSIL2A_20240705T062629_R077_T40QGK_20240706T024220_0000.jpg,S2B_MSIL2A_20240705T062629_R077_T40QGK_20240706T024220,1,2024-07,T40QGK,0.9999750152595548,1,0.7596965683860358
S2B_MSIL2A_20240705T062629_R077_T40QGK_20240706T024220_0001.jpg,S2B_MSIL2A_20240705T062629_R077_T40QGK_20240706T024220,1,2024-07,T40QGK,0.9999764875117455,1,0.7596965683860358
S2A_MSIL2A_20240710T062631_R077_T40QGK_20240710T114122_0000.jpg,S2A_MSIL2A_20240710T062631_R077_T40QGK_20240710T114122,1,2024-07,T40QGK,0.99995886425471,1,0.7596965683860358
S2A_MSIL2A_20240710T062631_R077_T40QGK_20240710T114122_0001.jpg,S2A_MSIL2A_20240710T062631_R077_T40QGK_20240710T114122,1,2024-07,T40QGK,0.9999571314195336,1,0.7596965683860358
S2B_MSIL2A_20240725T062629_R077_T40QGK_20240725T090216_0000.jpg,S2B_MSIL2A_20240725T062629_R077_T40QGK_20240725T090216,0,2024-07,T40QGK,1e-06,0,0.7596965683860358
S2B_MSIL2A_20240725T062629_R077_T40QGK_20240725T090216_0001.jpg,S2B_MSIL2A_20240725T062629_R077_T40QGK_20240725T090216,0,2024-07,T40QGK,1e-06,0,0.7596965683860358
S2B_MSIL2A_20240804T062629_R077_T40QGK_20240804T094512_0000.jpg,S2B_MSIL2A_20240804T062629_R077_T40QGK_20240804T094512,0,2024-08,T40QGK,0.015589575551080174,0,0.7596965683860358
S2B_MSIL2A_20240804T062629_R077_T40QGK_20240804T094512_0001.jpg,S2B_MSIL2A_20240804T062629_R077_T40QGK_20240804T094512,0,2024-08,T40QGK,0.017829971575385985,0,0.7596965683860358
S2B_MSIL2A_20240814T062629_R077_T40QGK_20240814T093442_0000.jpg,S2B_MSIL2A_20240814T062629_R077_T40QGK_20240814T093442,1,2024-08,T40QGK,0.5130090069682312,0,0.7596965683860358
S2B_MSIL2A_20240814T062629_R077_T40QGK_20240814T093442_0001.jpg,S2B_MSIL2A_20240814T062629_R077_T40QGK_20240814T093442,1,2024-08,T40QGK,0.5462765326672036,0,0.7596965683860358
S2A_MSIL2A_20240829T062631_R077_T40QGK_20240829T111551_0000.jpg,S2A_MSIL2A_20240829T062631_R077_T40QGK_20240829T111551,0,2024-08,T40QGK,0.8644614593138392,1,0.7596965683860358
S2A_MSIL2A_20240829T062631_R077_T40QGK_20240829T111551_0001.jpg,S2A_MSIL2A_20240829T062631_R077_T40QGK_20240829T111551,0,2024-08,T40QGK,0.867230091158963,1,0.7596965683860358
S2A_MSIL2A_20240908T062631_R077_T40QGK_20240908T111753_0000.jpg,S2A_MSIL2A_20240908T062631_R077_T40QGK_20240908T111753,1,2024-09,T40QGK,0.8099227395670299,1,0.7596965683860358
S2A_MSIL2A_20240908T062631_R077_T40QGK_20240908T111753_0001.jpg,S2A_MSIL2A_20240908T062631_R077_T40QGK_20240908T111753,1,2024-09,T40QGK,0.817848704550313,1,0.7596965683860358
S2B_MSIL2A_20240923T062629_R077_T40QGK_20240923T085510_0000.jpg,S2B_MSIL2A_20240923T062629_R077_T40QGK_20240923T085510,0,2024-09,T40QGK,0.04705942528202829,0,0.7596965683860358
S2B_MSIL2A_20240923T062629_R077_T40QGK_20240923T085510_0001.jpg,S2B_MSIL2A_20240923T062629_R077_T40QGK_20240923T085510,0,2024-09,T40QGK,0.04183737997797851,0,0.7596965683860358
S2B_MSIL2A_20241003T062629_R077_T40QGK_20241003T090945_0000.jpg,S2B_MSIL2A_20241003T062629_R077_T40QGK_20241003T090945,0,2024-10,T40QGK,0.6924851940562631,0,0.7596965683860358
S2B_MSIL2A_20241003T062629_R077_T40QGK_20241003T090945_0001.jpg,S2B_MSIL2A_20241003T062629_R077_T40QGK_20241003T090945,0,2024-10,T40QGK,0.7117389946468583,0,0.7596965683860358
S2B_MSIL2A_20241023T062829_R077_T40QGK_20241023T083127_0000.jpg,S2B_MSIL2A_20241023T062829_R077_T40QGK_20241023T083127,0,2024-10,T40QGK,0.0229000436078559,0,0.7596965683860358
S2B_MSIL2A_20241023T062829_R077_T40QGK_20241023T083127_0001.jpg,S2B_MSIL2A_20241023T062829_R077_T40QGK_20241023T083127,0,2024-10,T40QGK,0.02239954608781357,0,0.7596965683860358
S2A_MSIL2A_20241028T063001_R077_T40QGK_20241028T100749_0000.jpg,S2A_MSIL2A_20241028T063001_R077_T40QGK_20241028T100749,0,2024-10,T40QGK,0.012799766788338116,0,0.7596965683860358
S2A_MSIL2A_20241028T063001_R077_T40QGK_20241028T100749_0001.jpg,S2A_MSIL2A_20241028T063001_R077_T40QGK_20241028T100749,0,2024-10,T40QGK,0.013742503102355504,0,0.7596965683860358
S2A_MSIL2A_20241107T063051_R077_T40QGK_20241107T091604_0000.jpg,S2A_MSIL2A_20241107T063051_R077_T40QGK_20241107T091604,0,2024-11,T40QGK,0.02028473696314022,0,0.7596965683860358
S2A_MSIL2A_20241107T063051_R077_T40QGK_20241107T091604_0001.jpg,S2A_MSIL2A_20241107T063051_R077_T40QGK_20241107T091604,0,2024-11,T40QGK,0.020384124752384918,0,0.7596965683860358
S2B_MSIL2A_20241112T063019_R077_T40QGK_20241112T082814_0000.jpg,S2B_MSIL2A_20241112T063019_R077_T40QGK_20241112T082814,0,2024-11,T40QGK,0.6889516736550123,0,0.7596965683860358
S2B_MSIL2A_20241112T063019_R077_T40QGK_20241112T082814_0001.jpg,S2B_MSIL2A_20241112T063019_R077_T40QGK_20241112T082814,0,2024-11,T40QGK,0.6654984419371605,0,0.7596965683860358
S2A_MSIL2A_20241117T063141_R077_T40QGK_20241117T103949_0000.jpg,S2A_MSIL2A_20241117T063141_R077_T40QGK_20241117T103949,0,2024-11,T40QGK,0.043572497065682884,0,0.7596965683860358
S2A_MSIL2A_20241117T063141_R077_T40QGK_20241117T103949_0001.jpg,S2A_MSIL2A_20241117T063141_R077_T40QGK_20241117T103949,0,2024-11,T40QGK,0.05215037652116444,0,0.7596965683860358
S2B_MSIL2A_20241202T063139_R077_T40QGK_20241202T083601_0000.jpg,S2B_MSIL2A_20241202T063139_R077_T40QGK_20241202T083601,0,2024-12,T40QGK,0.4039835313011938,0,0.7596965683860358
S2B_MSIL2A_20241202T063139_R077_T40QGK_20241202T083601_0001.jpg,S2B_MSIL2A_20241202T063139_R077_T40QGK_20241202T083601,0,2024-12,T40QGK,0.363018484480468,0,0.7596965683860358
S2B_MSIL2A_20241212T063159_R077_T40QGK_20241212T090100_0000.jpg,S2B_MSIL2A_20241212T063159_R077_T40QGK_20241212T090100,0,2024-12,T40QGK,0.5373372941089295,0,0.7596965683860358
S2B_MSIL2A_20241212T063159_R077_T40QGK_20241212T090100_0001.jpg,S2B_MSIL2A_20241212T063159_R077_T40QGK_20241212T090100,0,2024-12,T40QGK,0.556734412067272,0,0.7596965683860358
S2A_MSIL2A_20241217T063301_R077_T40QGK_20241217T094151_0000.jpg,S2A_MSIL2A_20241217T063301_R077_T40QGK_20241217T094151,0,2024-12,T40QGK,0.45546561841750843,0,0.7596965683860358
S2A_MSIL2A_20241217T063301_R077_T40QGK_20241217T094151_0001.jpg,S2A_MSIL2A_20241217T063301_R077_T40QGK_20241217T094151,0,2024-12,T40QGK,0.5100122649814832,0,0.7596965683860358
S2A_MSIL2A_20241227T063301_R077_T40QGK_20241227T094051_0000.jpg,S2A_MSIL2A_20241227T063301_R077_T40QGK_20241227T094051,0,2024-12,T40QGK,0.059316009754665756,0,0.7596965683860358
S2A_MSIL2A_20241227T063301_R077_T40QGK_20241227T094051_0001.jpg,S2A_MSIL2A_20241227T063301_R077_T40QGK_20241227T094051,0,2024-12,T40QGK,0.05066997043497683,0,0.7596965683860358
S2A_MSIL2A_20170101T064252_R120_T40QFM_20210529T105726_0000.jpg,S2A_MSIL2A_20170101T064252_R120_T40QFM_20210529T105726,0,2017-01,T40QFM,0.08699476238593334,0,0.7596965683860358
S2A_MSIL2A_20170101T064252_R120_T40QFM_20210529T105726_0001.jpg,S2A_MSIL2A_20170101T064252_R120_T40QFM_20210529T105726,0,2017-01,T40QFM,0.09707795345516289,0,0.7596965683860358
S2A_MSIL2A_20170111T064231_R120_T40QFM_20210530T050932_0000.jpg,S2A_MSIL2A_20170111T064231_R120_T40QFM_20210530T050932,1,2017-01,T40QFM,0.7935430517699653,1,0.7596965683860358
S2A_MSIL2A_20170111T064231_R120_T40QFM_20210530T050932_0001.jpg,S2A_MSIL2A_20170111T064231_R120_T40QFM_20210530T050932,1,2017-01,T40QFM,0.754388573204836,0,0.7596965683860358
S2A_MSIL2A_20170302T064011_R120_T40QFM_20210208T184836_0000.jpg,S2A_MSIL2A_20170302T064011_R120_T40QFM_20210208T184836,1,2017-03,T40QFM,0.1643165624066719,0,0.7596965683860358
S2A_MSIL2A_20170302T064011_R120_T40QFM_20210208T184836_0001.jpg,S2A_MSIL2A_20170302T064011_R120_T40QFM_20210208T184836,1,2017-03,T40QFM,0.1711613953454008,0,0.7596965683860358
S2A_MSIL2A_20170312T063641_R120_T40QFM_20210208T214529_0000.jpg,S2A_MSIL2A_20170312T063641_R120_T40QFM_20210208T214529,0,2017-03,T40QFM,0.029402480448719136,0,0.7596965683860358
S2A_MSIL2A_20170312T063641_R120_T40QFM_20210208T214529_0001.jpg,S2A_MSIL2A_20170312T063641_R120_T40QFM_20210208T214529,0,2017-03,T40QFM,0.03402316867802728,0,0.7596965683860358
S2A_MSIL2A_20170401T063621_R120_T40QFM_20210209T033740_0000.jpg,S2A_MSIL2A_20170401T063621_R120_T40QFM_20210209T033740,1,2017-04,T40QFM,0.6335251437130429,0,0.7596965683860358
S2A_MSIL2A_20170401T063621_R120_T40QFM_20210209T033740_0001.jpg,S2A_MSIL2A_20170401T063621_R120_T40QFM_20210209T033740,1,2017-04,T40QFM,0.6249034632905159,0,0.7596965683860358
S2A_MSIL2A_20170411T064011_R120_T40QFM_20210209T063842_0000.jpg,S2A_MSIL2A_20170411T064011_R120_T40QFM_20210209T063842,0,2017-04,T40QFM,0.3359390132323682,0,0.7596965683860358
S2A_MSIL2A_20170411T064011_R120_T40QFM_20210209T063842_0001.jpg,S2A_MSIL2A_20170411T064011_R120_T40QFM_20210209T063842,0,2017-04,T40QFM,0.31501828896152123,0,0.7596965683860358
S2A_MSIL2A_20170421T063631_R120_T40QFM_20210209T092345_0000.jpg,S2A_MSIL2A_20170421T063631_R120_T40QFM_20210209T092345,0,2017-04,T40QFM,0.09504952303707084,0,0.7596965683860358
S2A_MSIL2A_20170421T063631_R120_T40QFM_20210209T092345_0001.jpg,S2A_MSIL2A_20170421T063631_R120_T40QFM_20210209T092345,0,2017-04,T40QFM,0.07328010744094074,0,0.7596965683860358
S2A_MSIL2A_20170511T063631_R120_T40QFM_20210209T143937_0000.jpg,S2A_MSIL2A_20170511T063631_R120_T40QFM_20210209T143937,0,2017-05,T40QFM,0.012722992733110604,0,0.7596965683860358
S2A_MSIL2A_20170511T063631_R120_T40QFM_20210209T143937_0001.jpg,S2A_MSIL2A_20170511T063631_R120_T40QFM_20210209T143937,0,2017-05,T40QFM,0.013163792734691282,0,0.7596965683860358
S2A_MSIL2A_20170521T064021_R120_T40QFM_20210209T170100_0000.jpg,S2A_MSIL2A_20170521T064021_R120_T40QFM_20210209T170100,0,2017-05,T40QFM,0.43813964742618394,0,0.7596965683860358
S2A_MSIL2A_20170521T064021_R120_T40QFM_20210209T170100_0001.jpg,S2A_MSIL2A_20170521T064021_R120_T40QFM_20210209T170100,0,2017-05,T40QFM,0.4353200314959143,0,0.7596965683860358
S2A_MSIL2A_20170531T063631_R120_T40QFM_20210209T192316_0000.jpg,S2A_MSIL2A_20170531T063631_R120_T40QFM_20210209T192316,0,2017-05,T40QFM,0.24277837000643726,0,0.7596965683860358
S2A_MSIL2A_20170531T063631_R120_T40QFM_20210209T192316_0001.jpg,S2A_MSIL2A_20170531T063631_R120_T40QFM_20210209T192316,0,2017-05,T40QFM,0.22389682105879666,0,0.7596965683860358
S2A_MSIL2A_20170610T064021_R120_T40QFM_20210209T215013_0000.jpg,S2A_MSIL2A_20170610T064021_R120_T40QFM_20210209T215013,0,2017-06,T40QFM,0.11880315512255799,0,0.7596965683860358
S2A_MSIL2A_20170610T064021_R120_T40QFM_20210209T215013_0001.jpg,S2A_MSIL2A_20170610T064021_R120_T40QFM_20210209T215013,0,2017-06,T40QFM,0.12237476769074587,0,0.7596965683860358
S2A_MSIL2A_20170620T063631_R120_T40QFM_20210210T001918_0000.jpg,S2A_MSIL2A_20170620T063631_R120_T40QFM_20210210T001918,1,2017-06,T40QFM,0.8096682124288377,1,0.7596965683860358
S2A_MSIL2A_20170620T063631_R120_T40QFM_20210210T001918_0001.jpg,S2A_MSIL2A_20170620T063631_R120_T40QFM_20210210T001918,1,2017-06,T40QFM,0.8026283472466378,1,0.7596965683860358
S2B_MSIL2A_20170705T064019_R120_T40QFM_20210210T050526_0000.jpg,S2B_MSIL2A_20170705T064019_R120_T40QFM_20210210T050526,1,2017-07,T40QFM,0.7803749530017535,1,0.7596965683860358
S2B_MSIL2A_20170705T064019_R120_T40QFM_20210210T050526_0001.jpg,S2B_MSIL2A_20170705T064019_R120_T40QFM_20210210T050526,1,2017-07,T40QFM,0.7592961252692642,0,0.7596965683860358
S2A_MSIL2A_20170710T063631_R120_T40QFM_20210210T065515_0000.jpg,S2A_MSIL2A_20170710T063631_R120_T40QFM_20210210T065515,1,2017-07,T40QFM,0.8399491689693175,1,0.7596965683860358
S2A_MSIL2A_20170710T063631_R120_T40QFM_20210210T065515_0001.jpg,S2A_MSIL2A_20170710T063631_R120_T40QFM_20210210T065515,1,2017-07,T40QFM,0.855006012491098,1,0.7596965683860358
S2B_MSIL2A_20170725T063629_R120_T40QFM_20210210T142140_0000.jpg,S2B_MSIL2A_20170725T063629_R120_T40QFM_20210210T142140,0,2017-07,T40QFM,5.747522081074324e-06,0,0.7596965683860358
S2B_MSIL2A_20170725T063629_R120_T40QFM_20210210T142140_0001.jpg,S2B_MSIL2A_20170725T063629_R120_T40QFM_20210210T142140,0,2017-07,T40QFM,5.891861325640111e-06,0,0.7596965683860358
S2B_MSIL2A_20170804T064019_R120_T40QFM_20210210T192757_0000.jpg,S2B_MSIL2A_20170804T064019_R120_T40QFM_20210210T192757,0,2017-08,T40QFM,0.012174742365219758,0,0.7596965683860358
S2B_MSIL2A_20170804T064019_R120_T40QFM_20210210T192757_0001.jpg,S2B_MSIL2A_20170804T064019_R120_T40QFM_20210210T192757,0,2017-08,T40QFM,0.010016462782177275,0,0.7596965683860358
S2B_MSIL2A_20170814T063629_R120_T40QFM_20210131T215721_0000.jpg,S2B_MSIL2A_20170814T063629_R120_T40QFM_20210131T215721,0,2017-08,T40QFM,0.8755645865755753,1,0.7596965683860358
S2B_MSIL2A_20170814T063629_R120_T40QFM_20210131T215721_0001.jpg,S2B_MSIL2A_20170814T063629_R120_T40QFM_20210131T215721,0,2017-08,T40QFM,0.886528520506905,1,0.7596965683860358
S2B_MSIL2A_20170824T064009_R120_T40QFM_20210201T091008_0000.jpg,S2B_MSIL2A_20170824T064009_R120_T40QFM_20210201T091008,0,2017-08,T40QFM,0.05329753505431532,0,0.7596965683860358
S2B_MSIL2A_20170824T064009_R120_T40QFM_20210201T091008_0001.jpg,S2B_MSIL2A_20170824T064009_R120_T40QFM_20210201T091008,0,2017-08,T40QFM,0.052174538898457454,0,0.7596965683860358
S2A_MSIL2A_20170829T064021_R120_T40QFM_20210201T133444_0000.jpg,S2A_MSIL2A_20170829T064021_R120_T40QFM_20210201T133444,0,2017-08,T40QFM,0.11639508066255949,0,0.7596965683860358
S2A_MSIL2A_20170829T064021_R120_T40QFM_20210201T133444_0001.jpg,S2A_MSIL2A_20170829T064021_R120_T40QFM_20210201T133444,0,2017-08,T40QFM,0.12019557666392464,0,0.7596965683860358
S2B_MSIL2A_20170913T064009_R120_T40QFM_20210202T020531_0000.jpg,S2B_MSIL2A_20170913T064009_R120_T40QFM_20210202T020531,0,2017-09,T40QFM,0.05155617157911108,0,0.7596965683860358
S2B_MSIL2A_20170913T064009_R120_T40QFM_20210202T020531_0001.jpg,S2B_MSIL2A_20170913T064009_R120_T40QFM_20210202T020531,0,2017-09,T40QFM,0.05745933328503629,0,0.7596965683860358
S2B_MSIL2A_20170923T063609_R120_T40QFM_20210202T084124_0000.jpg,S2B_MSIL2A_20170923T063609_R120_T40QFM_20210202T084124,1,2017-09,T40QFM,0.5951393799558248,0,0.7596965683860358
S2B_MSIL2A_20170923T063609_R120_T40QFM_20210202T084124_0001.jpg,S2B_MSIL2A_20170923T063609_R120_T40QFM_20210202T084124,1,2017-09,T40QFM,0.6100826908528999,0,0.7596965683860358
S2A_MSIL2A_20170928T063631_R120_T40QFM_20210202T110028_0000.jpg,S2A_MSIL2A_20170928T063631_R120_T40QFM_20210202T110028,1,2017-09,T40QFM,0.5896744988172267,0,0.7596965683860358
S2A_MSIL2A_20170928T063631_R120_T40QFM_20210202T110028_0001.jpg,S2A_MSIL2A_20170928T063631_R120_T40QFM_20210202T110028,1,2017-09,T40QFM,0.593659834072228,0,0.7596965683860358
S2B_MSIL2A_20171013T063809_R120_T40QFM_20201015T000730_0000.jpg,S2B_MSIL2A_20171013T063809_R120_T40QFM_20201015T000730,0,2017-10,T40QFM,0.01438406969667421,0,0.7596965683860358
S2B_MSIL2A_20171013T063809_R120_T40QFM_20201015T000730_0001.jpg,S2B_MSIL2A_20171013T063809_R120_T40QFM_20201015T000730,0,2017-10,T40QFM,0.013531830179861636,0,0.7596965683860358
S2B_MSIL2A_20171023T063959_R120_T40QFM_20201015T014903_0000.jpg,S2B_MSIL2A_20171023T063959_R120_T40QFM_20201015T014903,0,2017-10,T40QFM,0.07101662058951329,0,0.7596965683860358
S2B_MSIL2A_20171023T063959_R120_T40QFM_20201015T014903_0001.jpg,S2B_MSIL2A_20171023T063959_R120_T40QFM_20201015T014903,0,2017-10,T40QFM,0.05549345273267365,0,0.7596965683860358
S2A_MSIL2A_20171028T064011_R120_T40QFM_20201015T024342_0000.jpg,S2A_MSIL2A_20171028T064011_R120_T40QFM_20201015T024342,0,2017-10,T40QFM,0.06628552740182105,0,0.7596965683860358
S2A_MSIL2A_20171028T064011_R120_T40QFM_20201015T024342_0001.jpg,S2A_MSIL2A_20171028T064011_R120_T40QFM_20201015T024342,0,2017-10,T40QFM,0.06625962774105117,0,0.7596965683860358
S2A_MSIL2A_20171107T064051_R120_T40QFM_20201014T183734_0000.jpg,S2A_MSIL2A_20171107T064051_R120_T40QFM_20201014T183734,0,2017-11,T40QFM,0.48172257547899616,0,0.7596965683860358
S2A_MSIL2A_20171107T064051_R120_T40QFM_20201014T183734_0001.jpg,S2A_MSIL2A_20171107T064051_R120_T40QFM_20201014T183734,0,2017-11,T40QFM,0.48486188881883313,0,0.7596965683860358
S2B_MSIL2A_20171112T064109_R120_T40QFM_20210215T163917_0000.jpg,S2B_MSIL2A_20171112T064109_R120_T40QFM_20210215T163917,0,2017-11,T40QFM,0.051848644181196585,0,0.7596965683860358
S2B_MSIL2A_20171112T064109_R120_T40QFM_20210215T163917_0001.jpg,S2B_MSIL2A_20171112T064109_R120_T40QFM_20210215T163917,0,2017-11,T40QFM,0.04975651467310422,0,0.7596965683860358
S2B_MSIL2A_20171122T064149_R120_T40QFM_20201014T213725_0000.jpg,S2B_MSIL2A_20171122T064149_R120_T40QFM_20201014T213725,0,2017-11,T40QFM,0.15361020202904577,0,0.7596965683860358
S2B_MSIL2A_20171122T064149_R120_T40QFM_20201014T213725_0001.jpg,S2B_MSIL2A_20171122T064149_R120_T40QFM_20201014T213725,0,2017-11,T40QFM,0.14038202502304215,0,0.7596965683860358
S2B_MSIL2A_20171202T064229_R120_T40QFM_20201014T114607_0000.jpg,S2B_MSIL2A_20171202T064229_R120_T40QFM_20201014T114607,0,2017-12,T40QFM,0.020526153855373815,0,0.7596965683860358
S2B_MSIL2A_20171202T064229_R120_T40QFM_20201014T114607_0001.jpg,S2B_MSIL2A_20171202T064229_R120_T40QFM_20201014T114607,0,2017-12,T40QFM,0.02167199786875542,0,0.7596965683860358
S2B_MSIL2A_20171212T064249_R120_T40QFM_20201014T133905_0000.jpg,S2B_MSIL2A_20171212T064249_R120_T40QFM_20201014T133905,0,2017-12,T40QFM,0.581880349988653,0,0.7596965683860358
S2B_MSIL2A_20171212T064249_R120_T40QFM_20201014T133905_0001.jpg,S2B_MSIL2A_20171212T064249_R120_T40QFM_20201014T133905,0,2017-12,T40QFM,0.6019532214990786,0,0.7596965683860358
S2B_MSIL2A_20180101T064249_R120_T40QFM_20201014T023737_0000.jpg,S2B_MSIL2A_20180101T064249_R120_T40QFM_20201014T023737,0,2018-01,T40QFM,0.026420886089414918,0,0.7596965683860358
S2B_MSIL2A_20180101T064249_R120_T40QFM_20201014T023737_0001.jpg,S2B_MSIL2A_20180101T064249_R120_T40QFM_20201014T023737,0,2018-01,T40QFM,0.025902899648546977,0,0.7596965683860358
S2B_MSIL2A_20180111T064229_R120_T40QFM_20201014T045856_0000.jpg,S2B_MSIL2A_20180111T064229_R120_T40QFM_20201014T045856,0,2018-01,T40QFM,0.4817241585581103,0,0.7596965683860358
S2B_MSIL2A_20180111T064229_R120_T40QFM_20201014T045856_0001.jpg,S2B_MSIL2A_20180111T064229_R120_T40QFM_20201014T045856,0,2018-01,T40QFM,0.459386420831408,0,0.7596965683860358
S2A_MSIL2A_20180215T063941_R120_T40QFM_20201013T212603_0000.jpg,S2A_MSIL2A_20180215T063941_R120_T40QFM_20201013T212603,0,2018-02,T40QFM,0.797856125663911,1,0.7596965683860358
S2A_MSIL2A_20180215T063941_R120_T40QFM_20201013T212603_0001.jpg,S2A_MSIL2A_20180215T063941_R120_T40QFM_20201013T212603,0,2018-02,T40QFM,0.798779168211597,1,0.7596965683860358
S2B_MSIL2A_20180220T063909_R120_T40QFM_20201013T233242_0000.jpg,S2B_MSIL2A_20180220T063909_R120_T40QFM_20201013T233242,0,2018-02,T40QFM,0.04240555682737445,0,0.7596965683860358
S2B_MSIL2A_20180220T063909_R120_T40QFM_20201013T233242_0001.jpg,S2B_MSIL2A_20180220T063909_R120_T40QFM_20201013T233242,0,2018-02,T40QFM,0.04542684970599333,0,0.7596965683860358
S2A_MSIL2A_20180307T063721_R120_T40QFM_20201013T073203_0000.jpg,S2A_MSIL2A_20180307T063721_R120_T40QFM_20201013T073203,0,2018-03,T40QFM,0.27476051351230024,0,0.7596965683860358
S2A_MSIL2A_20180307T063721_R120_T40QFM_20201013T073203_0001.jpg,S2A_MSIL2A_20180307T063721_R120_T40QFM_20201013T073203,0,2018-03,T40QFM,0.2692251631212095,0,0.7596965683860358
S2B_MSIL2A_20180322T063619_R120_T40QFM_20201013T124206_0000.jpg,S2B_MSIL2A_20180322T063619_R120_T40QFM_20201013T124206,0,2018-03,T40QFM,0.14314145006944815,0,0.7596965683860358
S2B_MSIL2A_20180322T063619_R120_T40QFM_20201013T124206_0001.jpg,S2B_MSIL2A_20180322T063619_R120_T40QFM_20201013T124206,0,2018-03,T40QFM,0.13828617493538595,0,0.7596965683860358
S2A_MSIL2A_20180327T063621_R120_T40QFM_20201013T145541_0000.jpg,S2A_MSIL2A_20180327T063621_R120_T40QFM_20201013T145541,0,2018-03,T40QFM,0.22301196319770464,0,0.7596965683860358
S2A_MSIL2A_20180327T063621_R120_T40QFM_20201013T145541_0001.jpg,S2A_MSIL2A_20180327T063621_R120_T40QFM_20201013T145541,0,2018-03,T40QFM,0.19209658990672435,0,0.7596965683860358
S2A_MSIL2A_20180406T063631_R120_T40QFM_20201012T185420_0000.jpg,S2A_MSIL2A_20180406T063631_R120_T40QFM_20201012T185420,0,2018-04,T40QFM,0.37949961928452103,0,0.7596965683860358
S2A_MSIL2A_20180406T063631_R120_T40QFM_20201012T185420_0001.jpg,S2A_MSIL2A_20180406T063631_R120_T40QFM_20201012T185420,0,2018-04,T40QFM,0.3516761461126454,0,0.7596965683860358
S2A_MSIL2A_20180416T063631_R120_T40QFM_20201012T225328_0000.jpg,S2A_MSIL2A_20180416T063631_R120_T40QFM_20201012T225328,0,2018-04,T40QFM,0.081924681990658,0,0.7596965683860358
S2A_MSIL2A_20180416T063631_R120_T40QFM_20201012T225328_0001.jpg,S2A_MSIL2A_20180416T063631_R120_T40QFM_20201012T225328,0,2018-04,T40QFM,0.0674967479873223,0,0.7596965683860358
S2B_MSIL2A_20180421T063629_R120_T40QFM_20201013T005710_0000.jpg,S2B_MSIL2A_20180421T063629_R120_T40QFM_20201013T005710,0,2018-04,T40QFM,0.8652136697155606,1,0.7596965683860358
S2B_MSIL2A_20180421T063629_R120_T40QFM_20201013T005710_0001.jpg,S2B_MSIL2A_20180421T063629_R120_T40QFM_20201013T005710,0,2018-04,T40QFM,0.8707687827763037,1,0.7596965683860358
S2A_MSIL2A_20180426T063631_R120_T40QFM_20201013T024810_0000.jpg,S2A_MSIL2A_20180426T063631_R120_T40QFM_20201013T024810,0,2018-04,T40QFM,0.0577745139115666,0,0.7596965683860358
S2A_MSIL2A_20180426T063631_R120_T40QFM_20201013T024810_0001.jpg,S2A_MSIL2A_20180426T063631_R120_T40QFM_20201013T024810,0,2018-04,T40QFM,0.05840754908043846,0,0.7596965683860358
S2A_MSIL2A_20180506T063631_R120_T40QFM_20201012T062537_0000.jpg,S2A_MSIL2A_20180506T063631_R120_T40QFM_20201012T062537,0,2018-05,T40QFM,0.015263590914733689,0,0.7596965683860358
S2A_MSIL2A_20180506T063631_R120_T40QFM_20201012T062537_0001.jpg,S2A_MSIL2A_20180506T063631_R120_T40QFM_20201012T062537,0,2018-05,T40QFM,0.016076380829146975,0,0.7596965683860358
S2B_MSIL2A_20180521T063629_R120_T40QFM_20201026T102945_0000.jpg,S2B_MSIL2A_20180521T063629_R120_T40QFM_20201026T102945,0,2018-05,T40QFM,0.0004013549089540666,0,0.7596965683860358
S2B_MSIL2A_20180521T063629_R120_T40QFM_20201026T102945_0001.jpg,S2B_MSIL2A_20180521T063629_R120_T40QFM_20201026T102945,0,2018-05,T40QFM,0.00032186333346057955,0,0.7596965683860358
S2B_MSIL2A_20180531T063619_R120_T40QFM_20201012T162134_0000.jpg,S2B_MSIL2A_20180531T063619_R120_T40QFM_20201012T162134,1,2018-05,T40QFM,0.9609980120691838,1,0.7596965683860358
S2B_MSIL2A_20180531T063619_R120_T40QFM_20201012T162134_0001.jpg,S2B_MSIL2A_20180531T063619_R120_T40QFM_20201012T162134,1,2018-05,T40QFM,0.9574166678185608,1,0.7596965683860358
S2A_MSIL2A_20180615T063631_R120_T40QFM_20201027T012842_0000.jpg,S2A_MSIL2A_20180615T063631_R120_T40QFM_20201027T012842,0,2018-06,T40QFM,0.05660282891345443,0,0.7596965683860358
S2A_MSIL2A_20180615T063631_R120_T40QFM_20201027T012842_0001.jpg,S2A_MSIL2A_20180615T063631_R120_T40QFM_20201027T012842,0,2018-06,T40QFM,0.051904409991398816,0,0.7596965683860358
S2B_MSIL2A_20180620T063629_R120_T40QFM_20201012T002457_0000.jpg,S2B_MSIL2A_20180620T063629_R120_T40QFM_20201012T002457,1,2018-06,T40QFM,0.9662774757046001,1,0.7596965683860358
S2B_MSIL2A_20180620T063629_R120_T40QFM_20201012T002457_0001.jpg,S2B_MSIL2A_20180620T063629_R120_T40QFM_20201012T002457,1,2018-06,T40QFM,0.9641174820506294,1,0.7596965683860358
S2B_MSIL2A_20180630T063629_R120_T40QFM_20201012T041733_0000.jpg,S2B_MSIL2A_20180630T063629_R120_T40QFM_20201012T041733,0,2018-06,T40QFM,0.19741152453662872,0,0.7596965683860358
S2A_MSIL2A_20180705T063631_R120_T40QFM_20201011T120750_0000.jpg,S2A_MSIL2A_20180705T063631_R120_T40QFM_20201011T120750,1,2018-07,T40QFM,0.9999746595027698,1,0.7596965683860358
S2A_MSIL2A_20180705T063631_R120_T40QFM_20201011T120750_0001.jpg,S2A_MSIL2A_20180705T063631_R120_T40QFM_20201011T120750,1,2018-07,T40QFM,0.9999692068112376,1,0.7596965683860358
S2B_MSIL2A_20180720T063629_R120_T40QFM_20201011T180216_0000.jpg,S2B_MSIL2A_20180720T063629_R120_T40QFM_20201011T180216,0,2018-07,T40QFM,0.010074845499041111,0,0.7596965683860358
S2B_MSIL2A_20180720T063629_R120_T40QFM_20201011T180216_0001.jpg,S2B_MSIL2A_20180720T063629_R120_T40QFM_20201011T180216,0,2018-07,T40QFM,0.009496859279743416,0,0.7596965683860358
S2A_MSIL2A_20180725T063631_R120_T40QFM_20201011T194532_0000.jpg,S2A_MSIL2A_20180725T063631_R120_T40QFM_20201011T194532,0,2018-07,T40QFM,0.0088887542634693,0,0.7596965683860358
S2A_MSIL2A_20180725T063631_R120_T40QFM_20201011T194532_0001.jpg,S2A_MSIL2A_20180725T063631_R120_T40QFM_20201011T194532,0,2018-07,T40QFM,0.0092319423627211,0,0.7596965683860358
S2A_MSIL2A_20180814T063631_R120_T40QFM_20201027T032716_0000.jpg,S2A_MSIL2A_20180814T063631_R120_T40QFM_20201027T032716,0,2018-08,T40QFM,0.3850671500864879,0,0.7596965683860358
S2A_MSIL2A_20180814T063631_R120_T40QFM_20201027T032716_0001.jpg,S2A_MSIL2A_20180814T063631_R120_T40QFM_20201027T032716,0,2018-08,T40QFM,0.385992530469539,0,0.7596965683860358
S2A_MSIL2A_20180824T063621_R120_T40QFM_20201011T061327_0000.jpg,S2A_MSIL2A_20180824T063621_R120_T40QFM_20201011T061327,0,2018-08,T40QFM,0.3006080156312281,0,0.7596965683860358
S2A_MSIL2A_20180824T063621_R120_T40QFM_20201011T061327_0001.jpg,S2A_MSIL2A_20180824T063621_R120_T40QFM_20201011T061327,0,2018-08,T40QFM,0.29384907603716226,0,0.7596965683860358
S2B_MSIL2A_20180829T063619_R120_T40QFM_20201103T122653_0000.jpg,S2B_MSIL2A_20180829T063619_R120_T40QFM_20201103T122653,0,2018-08,T40QFM,0.24618669416900787,0,0.7596965683860358
S2B_MSIL2A_20180829T063619_R120_T40QFM_20201103T122653_0001.jpg,S2B_MSIL2A_20180829T063619_R120_T40QFM_20201103T122653,0,2018-08,T40QFM,0.2594429399421254,0,0.7596965683860358
S2A_MSIL2A_20180903T063621_R120_T40QFM_20201011T075609_0000.jpg,S2A_MSIL2A_20180903T063621_R120_T40QFM_20201011T075609,0,2018-09,T40QFM,0.2591840851015423,0,0.7596965683860358
S2A_MSIL2A_20180903T063621_R120_T40QFM_20201011T075609_0001.jpg,S2A_MSIL2A_20180903T063621_R120_T40QFM_20201011T075609,0,2018-09,T40QFM,0.24944471518740624,0,0.7596965683860358
S2A_MSIL2A_20180913T063621_R120_T40QFM_20201009T003932_0000.jpg,S2A_MSIL2A_20180913T063621_R120_T40QFM_20201009T003932,0,2018-09,T40QFM,0.026292692175850767,0,0.7596965683860358
S2A_MSIL2A_20180913T063621_R120_T40QFM_20201009T003932_0001.jpg,S2A_MSIL2A_20180913T063621_R120_T40QFM_20201009T003932,0,2018-09,T40QFM,0.022926469959613848,0,0.7596965683860358
S2B_MSIL2A_20180928T063629_R120_T40QFM_20201009T055459_0000.jpg,S2B_MSIL2A_20180928T063629_R120_T40QFM_20201009T055459,0,2018-09,T40QFM,0.3235386698734321,0,0.7596965683860358
S2B_MSIL2A_20180928T063629_R120_T40QFM_20201009T055459_0001.jpg,S2B_MSIL2A_20180928T063629_R120_T40QFM_20201009T055459,0,2018-09,T40QFM,0.29634823412898215,0,0.7596965683860358
S2A_MSIL2A_20181013T063821_R120_T40QFM_20201009T110105_0000.jpg,S2A_MSIL2A_20181013T063821_R120_T40QFM_20201009T110105,0,2018-10,T40QFM,0.1422131505229826,0,0.7596965683860358
S2A_MSIL2A_20181013T063821_R120_T40QFM_20201009T110105_0001.jpg,S2A_MSIL2A_20181013T063821_R120_T40QFM_20201009T110105,0,2018-10,T40QFM,0.13191788477041017,0,0.7596965683860358
S2A_MSIL2A_20181023T063921_R120_T40QFM_20201009T142515_0000.jpg,S2A_MSIL2A_20181023T063921_R120_T40QFM_20201009T142515,0,2018-10,T40QFM,0.01709499748581035,0,0.7596965683860358
S2A_MSIL2A_20181023T063921_R120_T40QFM_20201009T142515_0001.jpg,S2A_MSIL2A_20181023T063921_R120_T40QFM_20201009T142515,0,2018-10,T40QFM,0.018123307825409538,0,0.7596965683860358
S2B_MSIL2A_20181028T063949_R120_T40QFM_20201009T161329_0000.jpg,S2B_MSIL2A_20181028T063949_R120_T40QFM_20201009T161329,0,2018-10,T40QFM,0.028567677002303952,0,0.7596965683860358
S2B_MSIL2A_20181028T063949_R120_T40QFM_20201009T161329_0001.jpg,S2B_MSIL2A_20181028T063949_R120_T40QFM_20201009T161329,0,2018-10,T40QFM,0.027803054179883047,0,0.7596965683860358
S2A_MSIL2A_20181122T064151_R120_T40QFM_20201008T204126_0000.jpg,S2A_MSIL2A_20181122T064151_R120_T40QFM_20201008T204126,0,2018-11,T40QFM,0.2545060343459755,0,0.7596965683860358
S2A_MSIL2A_20181122T064151_R120_T40QFM_20201008T204126_0001.jpg,S2A_MSIL2A_20181122T064151_R120_T40QFM_20201008T204126,0,2018-11,T40QFM,0.2526199351493089,0,0.7596965683860358
S2B_MSIL2A_20181217T064259_R120_T40QFM_20201008T105525_0000.jpg,S2B_MSIL2A_20181217T064259_R120_T40QFM_20201008T105525,1,2018-12,T40QFM,0.7344138844844731,0,0.7596965683860358
S2B_MSIL2A_20181217T064259_R120_T40QFM_20201008T105525_0001.jpg,S2B_MSIL2A_20181217T064259_R120_T40QFM_20201008T105525,1,2018-12,T40QFM,0.7369896763017952,0,0.7596965683860358
S2B_MSIL2A_20181227T064259_R120_T40QFM_20201031T003053_0000.jpg,S2B_MSIL2A_20181227T064259_R120_T40QFM_20201031T003053,0,2018-12,T40QFM,0.4331893581715992,0,0.7596965683860358
S2B_MSIL2A_20181227T064259_R120_T40QFM_20201031T003053_0001.jpg,S2B_MSIL2A_20181227T064259_R120_T40QFM_20201031T003053,0,2018-12,T40QFM,0.3452269025374496,0,0.7596965683860358
S2B_MSIL2A_20190106T064249_R120_T40QFM_20201007T231950_0000.jpg,S2B_MSIL2A_20190106T064249_R120_T40QFM_20201007T231950,0,2019-01,T40QFM,0.16419219561856035,0,0.7596965683860358
S2B_MSIL2A_20190106T064249_R120_T40QFM_20201007T231950_0001.jpg,S2B_MSIL2A_20190106T064249_R120_T40QFM_20201007T231950,0,2019-01,T40QFM,0.1638269095144806,0,0.7596965683860358
S2B_MSIL2A_20190116T064219_R120_T40QFM_20201008T020524_0000.jpg,S2B_MSIL2A_20190116T064219_R120_T40QFM_20201008T020524,0,2019-01,T40QFM,0.11296055937133255,0,0.7596965683860358
S2B_MSIL2A_20190116T064219_R120_T40QFM_20201008T020524_0001.jpg,S2B_MSIL2A_20190116T064219_R120_T40QFM_20201008T020524,0,2019-01,T40QFM,0.10661081597263747,0,0.7596965683860358
S2A_MSIL2A_20190121T064201_R120_T40QFM_20201008T031932_0000.jpg,S2A_MSIL2A_20190121T064201_R120_T40QFM_20201008T031932,0,2019-01,T40QFM,0.11014581979352461,0,0.7596965683860358
S2A_MSIL2A_20190121T064201_R120_T40QFM_20201008T031932_0001.jpg,S2A_MSIL2A_20190121T064201_R120_T40QFM_20201008T031932,0,2019-01,T40QFM,0.09911058862718017,0,0.7596965683860358
S2B_MSIL2A_20190126T064139_R120_T40QFM_20201008T045151_0000.jpg,S2B_MSIL2A_20190126T064139_R120_T40QFM_20201008T045151,0,2019-01,T40QFM,0.7778149704751289,1,0.7596965683860358
S2B_MSIL2A_20190126T064139_R120_T40QFM_20201008T045151_0001.jpg,S2B_MSIL2A_20190126T064139_R120_T40QFM_20201008T045151,0,2019-01,T40QFM,0.7635194424050948,1,0.7596965683860358
S2B_MSIL2A_20190205T064049_R120_T40QFM_20201007T141559_0000.jpg,S2B_MSIL2A_20190205T064049_R120_T40QFM_20201007T141559,0,2019-02,T40QFM,0.4451197032586368,0,0.7596965683860358
S2B_MSIL2A_20190205T064049_R120_T40QFM_20201007T141559_0001.jpg,S2B_MSIL2A_20190205T064049_R120_T40QFM_20201007T141559,0,2019-02,T40QFM,0.4338711354517219,0,0.7596965683860358
S2B_MSIL2A_20190307T063729_R120_T40QFM_20201105T093834_0000.jpg,S2B_MSIL2A_20190307T063729_R120_T40QFM_20201105T093834,0,2019-03,T40QFM,0.2139944851478809,0,0.7596965683860358
S2B_MSIL2A_20190307T063729_R120_T40QFM_20201105T093834_0001.jpg,S2B_MSIL2A_20190307T063729_R120_T40QFM_20201105T093834,0,2019-03,T40QFM,0.2234636385530218,0,0.7596965683860358
S2A_MSIL2A_20190312T063651_R120_T40QFM_20221204T175916_0000.jpg,S2A_MSIL2A_20190312T063651_R120_T40QFM_20221204T175916,0,2019-03,T40QFM,0.13851191379660688,0,0.7596965683860358
S2A_MSIL2A_20190312T063651_R120_T40QFM_20221204T175916_0001.jpg,S2A_MSIL2A_20190312T063651_R120_T40QFM_20221204T175916,0,2019-03,T40QFM,0.13969246330000454,0,0.7596965683860358
S2B_MSIL2A_20190317T063629_R120_T40QFM_20201007T074128_0000.jpg,S2B_MSIL2A_20190317T063629_R120_T40QFM_20201007T074128,1,2019-03,T40QFM,0.5709331494933783,0,0.7596965683860358
S2B_MSIL2A_20190317T063629_R120_T40QFM_20201007T074128_0001.jpg,S2B_MSIL2A_20190317T063629_R120_T40QFM_20201007T074128,1,2019-03,T40QFM,0.5366368295405115,0,0.7596965683860358
S2B_MSIL2A_20190416T063629_R120_T40QFM_20201007T025319_0000.jpg,S2B_MSIL2A_20190416T063629_R120_T40QFM_20201007T025319,0,2019-04,T40QFM,0.44873437532082033,0,0.7596965683860358
S2B_MSIL2A_20190416T063629_R120_T40QFM_20201007T025319_0001.jpg,S2B_MSIL2A_20190416T063629_R120_T40QFM_20201007T025319,0,2019-04,T40QFM,0.4255160955435201,0,0.7596965683860358
S2B_MSIL2A_20190426T063629_R120_T40QFM_20201105T192133_0000.jpg,S2B_MSIL2A_20190426T063629_R120_T40QFM_20201105T192133,0,2019-04,T40QFM,0.08709116523332305,0,0.7596965683860358
S2B_MSIL2A_20190426T063629_R120_T40QFM_20201105T192133_0001.jpg,S2B_MSIL2A_20190426T063629_R120_T40QFM_20201105T192133,0,2019-04,T40QFM,0.06647682868318835,0,0.7596965683860358
S2A_MSIL2A_20190501T063631_R120_T40QFM_20201006T083335_0000.jpg,S2A_MSIL2A_20190501T063631_R120_T40QFM_20201006T083335,0,2019-05,T40QFM,0.028905901026596438,0,0.7596965683860358
S2A_MSIL2A_20190501T063631_R120_T40QFM_20201006T083335_0001.jpg,S2A_MSIL2A_20190501T063631_R120_T40QFM_20201006T083335,0,2019-05,T40QFM,0.027180029303371413,0,0.7596965683860358
S2B_MSIL2A_20190516T063639_R120_T40QFM_20201006T145732_0000.jpg,S2B_MSIL2A_20190516T063639_R120_T40QFM_20201006T145732,0,2019-05,T40QFM,0.10209421875968422,0,0.7596965683860358
S2B_MSIL2A_20190516T063639_R120_T40QFM_20201006T145732_0001.jpg,S2B_MSIL2A_20190516T063639_R120_T40QFM_20201006T145732,0,2019-05,T40QFM,0.10719003237459614,0,0.7596965683860358
S2A_MSIL2A_20190531T063631_R120_T40QFM_20201006T202737_0000.jpg,S2A_MSIL2A_20190531T063631_R120_T40QFM_20201006T202737,1,2019-05,T40QFM,0.36825975870896555,0,0.7596965683860358
S2A_MSIL2A_20190531T063631_R120_T40QFM_20201006T202737_0001.jpg,S2A_MSIL2A_20190531T063631_R120_T40QFM_20201006T202737,1,2019-05,T40QFM,0.3192452267332864,0,0.7596965683860358
S2A_MSIL2A_20190620T063631_R120_T40QFM_20201006T042636_0000.jpg,S2A_MSIL2A_20190620T063631_R120_T40QFM_20201006T042636,1,2019-06,T40QFM,0.8654544252395685,1,0.7596965683860358
S2A_MSIL2A_20190620T063631_R120_T40QFM_20201006T042636_0001.jpg,S2A_MSIL2A_20190620T063631_R120_T40QFM_20201006T042636,1,2019-06,T40QFM,0.8551964564928325,1,0.7596965683860358
S2B_MSIL2A_20190715T063639_R120_T40QFM_20201005T143128_0000.jpg,S2B_MSIL2A_20190715T063639_R120_T40QFM_20201005T143128,1,2019-07,T40QFM,0.6266965266228626,0,0.7596965683860358
S2B_MSIL2A_20190715T063639_R120_T40QFM_20201005T143128_0001.jpg,S2B_MSIL2A_20190715T063639_R120_T40QFM_20201005T143128,1,2019-07,T40QFM,0.6419182899784007,0,0.7596965683860358
S2A_MSIL2A_20190720T063631_R120_T40QFM_20201005T164749_0000.jpg,S2A_MSIL2A_20190720T063631_R120_T40QFM_20201005T164749,0,2019-07,T40QFM,5.881264926873931e-05,0,0.7596965683860358
S2A_MSIL2A_20190720T063631_R120_T40QFM_20201005T164749_0001.jpg,S2A_MSIL2A_20190720T063631_R120_T40QFM_20201005T164749,0,2019-07,T40QFM,6.52383552203764e-05,0,0.7596965683860358
S2B_MSIL2A_20190804T063639_R120_T40QFM_20201004T202513_0000.jpg,S2B_MSIL2A_20190804T063639_R120_T40QFM_20201004T202513,0,2019-08,T40QFM,0.03829155345851001,0,0.7596965683860358
S2B_MSIL2A_20190804T063639_R120_T40QFM_20201004T202513_0001.jpg,S2B_MSIL2A_20190804T063639_R120_T40QFM_20201004T202513,0,2019-08,T40QFM,0.040429977542354834,0,0.7596965683860358
S2B_MSIL2A_20190824T063629_R120_T40QFM_20201005T042221_0000.jpg,S2B_MSIL2A_20190824T063629_R120_T40QFM_20201005T042221,0,2019-08,T40QFM,0.33164170268499865,0,0.7596965683860358
S2B_MSIL2A_20190824T063629_R120_T40QFM_20201005T042221_0001.jpg,S2B_MSIL2A_20190824T063629_R120_T40QFM_20201005T042221,0,2019-08,T40QFM,0.2622124607446512,0,0.7596965683860358
S2B_MSIL2A_20190903T063629_R120_T40QFM_20201004T085303_0000.jpg,S2B_MSIL2A_20190903T063629_R120_T40QFM_20201004T085303,1,2019-09,T40QFM,0.9776689112849204,1,0.7596965683860358
S2B_MSIL2A_20190903T063629_R120_T40QFM_20201004T085303_0001.jpg,S2B_MSIL2A_20190903T063629_R120_T40QFM_20201004T085303,1,2019-09,T40QFM,0.9762258769854385,1,0.7596965683860358
S2B_MSIL2A_20190913T063629_R120_T40QFM_20201004T124506_0000.jpg,S2B_MSIL2A_20190913T063629_R120_T40QFM_20201004T124506,0,2019-09,T40QFM,0.02033359006673337,0,0.7596965683860358
S2B_MSIL2A_20190913T063629_R120_T40QFM_20201004T124506_0001.jpg,S2B_MSIL2A_20190913T063629_R120_T40QFM_20201004T124506,0,2019-09,T40QFM,0.018705687839839693,0,0.7596965683860358
S2A_MSIL2A_20190918T063631_R120_T40QFM_20201004T142723_0000.jpg,S2A_MSIL2A_20190918T063631_R120_T40QFM_20201004T142723,0,2019-09,T40QFM,0.2998255068528616,0,0.7596965683860358
S2A_MSIL2A_20190918T063631_R120_T40QFM_20201004T142723_0001.jpg,S2A_MSIL2A_20190918T063631_R120_T40QFM_20201004T142723,0,2019-09,T40QFM,0.3051836372348461,0,0.7596965683860358
S2A_MSIL2A_20190928T063631_R120_T40QFM_20201004T175744_0000.jpg,S2A_MSIL2A_20190928T063631_R120_T40QFM_20201004T175744,0,2019-09,T40QFM,0.0288593377482134,0,0.7596965683860358
S2A_MSIL2A_20190928T063631_R120_T40QFM_20201004T175744_0001.jpg,S2A_MSIL2A_20190928T063631_R120_T40QFM_20201004T175744,0,2019-09,T40QFM,0.02781317464685988,0,0.7596965683860358
S2B_MSIL2A_20191003T063709_R120_T40QFM_20201003T221213_0000.jpg,S2B_MSIL2A_20191003T063709_R120_T40QFM_20201003T221213,1,2019-10,T40QFM,0.9736784183113636,1,0.7596965683860358
S2B_MSIL2A_20191003T063709_R120_T40QFM_20201003T221213_0001.jpg,S2B_MSIL2A_20191003T063709_R120_T40QFM_20201003T221213,1,2019-10,T40QFM,0.973915259366357,1,0.7596965683860358
S2B_MSIL2A_20191013T063819_R120_T40QFM_20201004T015449_0000.jpg,S2B_MSIL2A_20191013T063819_R120_T40QFM_20201004T015449,0,2019-10,T40QFM,0.03578274368786696,0,0.7596965683860358
S2B_MSIL2A_20191013T063819_R120_T40QFM_20201004T015449_0001.jpg,S2B_MSIL2A_20191013T063819_R120_T40QFM_20201004T015449,0,2019-10,T40QFM,0.03401998530625728,0,0.7596965683860358
S2A_MSIL2A_20191018T063851_R120_T40QFM_20201004T033421_0000.jpg,S2A_MSIL2A_20191018T063851_R120_T40QFM_20201004T033421,0,2019-10,T40QFM,0.11192896389475318,0,0.7596965683860358
S2A_MSIL2A_20191018T063851_R120_T40QFM_20201004T033421_0001.jpg,S2A_MSIL2A_20191018T063851_R120_T40QFM_20201004T033421,0,2019-10,T40QFM,0.11867149911415381,0,0.7596965683860358
S2A_MSIL2A_20191028T064001_R120_T40QFM_20201004T065632_0000.jpg,S2A_MSIL2A_20191028T064001_R120_T40QFM_20201004T065632,0,2019-10,T40QFM,0.029711454999611017,0,0.7596965683860358
S2A_MSIL2A_20191028T064001_R120_T40QFM_20201004T065632_0001.jpg,S2A_MSIL2A_20191028T064001_R120_T40QFM_20201004T065632,0,2019-10,T40QFM,0.028137430838601957,0,0.7596965683860358
S2A_MSIL2A_20191107T064051_R120_T40QFM_20201106T055528_0000.jpg,S2A_MSIL2A_20191107T064051_R120_T40QFM_20201106T055528,0,2019-11,T40QFM,0.16131025104250032,0,0.7596965683860358
S2A_MSIL2A_20191107T064051_R120_T40QFM_20201106T055528_0001.jpg,S2A_MSIL2A_20191107T064051_R120_T40QFM_20201106T055528,0,2019-11,T40QFM,0.2022695871222307,0,0.7596965683860358
S2B_MSIL2A_20191112T064119_R120_T40QFM_20201003T154909_0000.jpg,S2B_MSIL2A_20191112T064119_R120_T40QFM_20201003T154909,0,2019-11,T40QFM,0.11058829525750682,0,0.7596965683860358
S2B_MSIL2A_20191112T064119_R120_T40QFM_20201003T154909_0001.jpg,S2B_MSIL2A_20191112T064119_R120_T40QFM_20201003T154909,0,2019-11,T40QFM,0.11921707563595435,0,0.7596965683860358
S2B_MSIL2A_20191202T064229_R120_T40QFM_20201030T204137_0000.jpg,S2B_MSIL2A_20191202T064229_R120_T40QFM_20201030T204137,1,2019-12,T40QFM,0.624824611896663,0,0.7596965683860358
S2B_MSIL2A_20191202T064229_R120_T40QFM_20201030T204137_0001.jpg,S2B_MSIL2A_20191202T064229_R120_T40QFM_20201030T204137,1,2019-12,T40QFM,0.5899611842445796,0,0.7596965683860358
S2B_MSIL2A_20191212T064249_R120_T40QFM_20201003T040419_0000.jpg,S2B_MSIL2A_20191212T064249_R120_T40QFM_20201003T040419,0,2019-12,T40QFM,0.09909576992985371,0,0.7596965683860358
S2B_MSIL2A_20191212T064249_R120_T40QFM_20201003T040419_0001.jpg,S2B_MSIL2A_20191212T064249_R120_T40QFM_20201003T040419,0,2019-12,T40QFM,0.10454523042256883,0,0.7596965683860358
S2B_MSIL2A_20191222T064259_R120_T40QFM_20201003T081853_0000.jpg,S2B_MSIL2A_20191222T064259_R120_T40QFM_20201003T081853,0,2019-12,T40QFM,0.2130467513493916,0,0.7596965683860358
S2B_MSIL2A_20191222T064259_R120_T40QFM_20201003T081853_0001.jpg,S2B_MSIL2A_20191222T064259_R120_T40QFM_20201003T081853,0,2019-12,T40QFM,0.3186667591956361,0,0.7596965683860358
S2A_MSIL2A_20191227T064301_R120_T40QFM_20201003T100621_0000.jpg,S2A_MSIL2A_20191227T064301_R120_T40QFM_20201003T100621,0,2019-12,T40QFM,0.2011980582268908,0,0.7596965683860358
S2A_MSIL2A_20191227T064301_R120_T40QFM_20201003T100621_0001.jpg,S2A_MSIL2A_20191227T064301_R120_T40QFM_20201003T100621,0,2019-12,T40QFM,0.22857702900462457,0,0.7596965683860358
S2A_MSIL2A_20200106T064241_R120_T40QFM_20201002T233226_0000.jpg,S2A_MSIL2A_20200106T064241_R120_T40QFM_20201002T233226,0,2020-01,T40QFM,0.022378335762342112,0,0.7596965683860358
S2A_MSIL2A_20200106T064241_R120_T40QFM_20201002T233226_0001.jpg,S2A_MSIL2A_20200106T064241_R120_T40QFM_20201002T233226,0,2020-01,T40QFM,0.023956850636313823,0,0.7596965683860358
S2A_MSIL2A_20200116T064221_R120_T40QFM_20201002T191643_0000.jpg,S2A_MSIL2A_20200116T064221_R120_T40QFM_20201002T191643,0,2020-01,T40QFM,0.07088424274686124,0,0.7596965683860358
S2A_MSIL2A_20200116T064221_R120_T40QFM_20201002T191643_0001.jpg,S2A_MSIL2A_20200116T064221_R120_T40QFM_20201002T191643,0,2020-01,T40QFM,0.06839609929999646,0,0.7596965683860358
S2B_MSIL2A_20200121T064159_R120_T40QFM_20201002T040351_0000.jpg,S2B_MSIL2A_20200121T064159_R120_T40QFM_20201002T040351,1,2020-01,T40QFM,0.9847783220834498,1,0.7596965683860358
S2B_MSIL2A_20200121T064159_R120_T40QFM_20201002T040351_0001.jpg,S2B_MSIL2A_20200121T064159_R120_T40QFM_20201002T040351,1,2020-01,T40QFM,0.9789305865016334,1,0.7596965683860358
S2B_MSIL2A_20200131T064109_R120_T40QFM_20201002T163044_0000.jpg,S2B_MSIL2A_20200131T064109_R120_T40QFM_20201002T163044,0,2020-01,T40QFM,2.4518983982411652e-05,0,0.7596965683860358
S2B_MSIL2A_20200131T064109_R120_T40QFM_20201002T163044_0001.jpg,S2B_MSIL2A_20200131T064109_R120_T40QFM_20201002T163044,0,2020-01,T40QFM,2.5229609493712887e-05,0,0.7596965683860358
S2A_MSIL2A_20200205T064041_R120_T40QFM_20200930T214249_0000.jpg,S2A_MSIL2A_20200205T064041_R120_T40QFM_20200930T214249,1,2020-02,T40QFM,0.42892888239270616,0,0.7596965683860358
S2A_MSIL2A_20200205T064041_R120_T40QFM_20200930T214249_0001.jpg,S2A_MSIL2A_20200205T064041_R120_T40QFM_20200930T214249,1,2020-02,T40QFM,0.462901946950025,0,0.7596965683860358
S2B_MSIL2A_20200210T064019_R120_T40QFM_20201001T152442_0000.jpg,S2B_MSIL2A_20200210T064019_R120_T40QFM_20201001T152442,0,2020-02,T40QFM,0.09911327299162422,0,0.7596965683860358
S2B_MSIL2A_20200210T064019_R120_T40QFM_20201001T152442_0001.jpg,S2B_MSIL2A_20200210T064019_R120_T40QFM_20201001T152442,0,2020-02,T40QFM,0.09872937902414845,0,0.7596965683860358
S2A_MSIL2A_20200225T063841_R120_T40QFM_20200928T062856_0000.jpg,S2A_MSIL2A_20200225T063841_R120_T40QFM_20200928T062856,0,2020-02,T40QFM,0.022786428823487945,0,0.7596965683860358
S2A_MSIL2A_20200225T063841_R120_T40QFM_20200928T062856_0001.jpg,S2A_MSIL2A_20200225T063841_R120_T40QFM_20200928T062856,0,2020-02,T40QFM,0.02508488450064794,0,0.7596965683860358
S2B_MSIL2A_20200311T063649_R120_T40QFM_20201005T164243_0000.jpg,S2B_MSIL2A_20200311T063649_R120_T40QFM_20201005T164243,1,2020-03,T40QFM,0.9200244493663763,1,0.7596965683860358
S2B_MSIL2A_20200311T063649_R120_T40QFM_20201005T164243_0001.jpg,S2B_MSIL2A_20200311T063649_R120_T40QFM_20201005T164243,1,2020-03,T40QFM,0.930288962273817,1,0.7596965683860358
S2B_MSIL2A_20200331T063629_R120_T40QFM_20201022T153445_0000.jpg,S2B_MSIL2A_20200331T063629_R120_T40QFM_20201022T153445,0,2020-03,T40QFM,0.01635424907935554,0,0.7596965683860358
S2B_MSIL2A_20200331T063629_R120_T40QFM_20201022T153445_0001.jpg,S2B_MSIL2A_20200331T063629_R120_T40QFM_20201022T153445,0,2020-03,T40QFM,0.01576463022996524,0,0.7596965683860358
S2B_MSIL2A_20200410T063619_R120_T40QFM_20200925T195159_0000.jpg,S2B_MSIL2A_20200410T063619_R120_T40QFM_20200925T195159,0,2020-04,T40QFM,0.5350677141066768,0,0.7596965683860358
S2B_MSIL2A_20200410T063619_R120_T40QFM_20200925T195159_0001.jpg,S2B_MSIL2A_20200410T063619_R120_T40QFM_20200925T195159,0,2020-04,T40QFM,0.5658797049063101,0,0.7596965683860358
S2B_MSIL2A_20200420T063619_R120_T40QFM_20200924T081202_0000.jpg,S2B_MSIL2A_20200420T063619_R120_T40QFM_20200924T081202,0,2020-04,T40QFM,0.13715137468642377,0,0.7596965683860358
S2B_MSIL2A_20200420T063619_R120_T40QFM_20200924T081202_0001.jpg,S2B_MSIL2A_20200420T063619_R120_T40QFM_20200924T081202,0,2020-04,T40QFM,0.11925090977451733,0,0.7596965683860358
S2A_MSIL2A_20200425T063631_R120_T40QFM_20200922T002530_0000.jpg,S2A_MSIL2A_20200425T063631_R120_T40QFM_20200922T002530,1,2020-04,T40QFM,0.9040901265585446,1,0.7596965683860358
S2A_MSIL2A_20200425T063631_R120_T40QFM_20200922T002530_0001.jpg,S2A_MSIL2A_20200425T063631_R120_T40QFM_20200922T002530,1,2020-04,T40QFM,0.8957784308285676,1,0.7596965683860358
S2A_MSIL2A_20200505T063631_R120_T40QFM_20200920T135246_0000.jpg,S2A_MSIL2A_20200505T063631_R120_T40QFM_20200920T135246,0,2020-05,T40QFM,0.09620596196335399,0,0.7596965683860358
S2A_MSIL2A_20200505T063631_R120_T40QFM_20200920T135246_0001.jpg,S2A_MSIL2A_20200505T063631_R120_T40QFM_20200920T135246,0,2020-05,T40QFM,0.0887184136792689,0,0.7596965683860358
S2A_MSIL2A_20200515T063631_R120_T40QFM_20200918T063232_0000.jpg,S2A_MSIL2A_20200515T063631_R120_T40QFM_20200918T063232,0,2020-05,T40QFM,0.10097728520448629,0,0.7596965683860358
S2A_MSIL2A_20200515T063631_R120_T40QFM_20200918T063232_0001.jpg,S2A_MSIL2A_20200515T063631_R120_T40QFM_20200918T063232,0,2020-05,T40QFM,0.09416239818343675,0,0.7596965683860358
S2A_MSIL2A_20200525T063631_R120_T40QFM_20200910T213823_0000.jpg,S2A_MSIL2A_20200525T063631_R120_T40QFM_20200910T213823,1,2020-05,T40QFM,0.3666463304440161,0,0.7596965683860358
S2A_MSIL2A_20200525T063631_R120_T40QFM_20200910T213823_0001.jpg,S2A_MSIL2A_20200525T063631_R120_T40QFM_20200910T213823,1,2020-05,T40QFM,0.33528325255525615,0,0.7596965683860358
S2A_MSIL2A_20200604T063631_R120_T40QFM_20200908T231946_0000.jpg,S2A_MSIL2A_20200604T063631_R120_T40QFM_20200908T231946,0,2020-06,T40QFM,0.040621532860108306,0,0.7596965683860358
S2A_MSIL2A_20200604T063631_R120_T40QFM_20200908T231946_0001.jpg,S2A_MSIL2A_20200604T063631_R120_T40QFM_20200908T231946,0,2020-06,T40QFM,0.038400223710021324,0,0.7596965683860358
S2B_MSIL2A_20200609T063629_R120_T40QFM_20200826T182918_0000.jpg,S2B_MSIL2A_20200609T063629_R120_T40QFM_20200826T182918,0,2020-06,T40QFM,0.7795977738512211,1,0.7596965683860358
S2B_MSIL2A_20200609T063629_R120_T40QFM_20200826T182918_0001.jpg,S2B_MSIL2A_20200609T063629_R120_T40QFM_20200826T182918,0,2020-06,T40QFM,0.7220616858479936,0,0.7596965683860358
S2A_MSIL2A_20200624T063631_R120_T40QFM_20200823T214846_0000.jpg,S2A_MSIL2A_20200624T063631_R120_T40QFM_20200823T214846,0,2020-06,T40QFM,0.32248813890937567,0,0.7596965683860358
S2A_MSIL2A_20200624T063631_R120_T40QFM_20200823T214846_0001.jpg,S2A_MSIL2A_20200624T063631_R120_T40QFM_20200823T214846,0,2020-06,T40QFM,0.2980616603441072,0,0.7596965683860358
S2B_MSIL2A_20200629T063629_R120_T40QFM_20200908T231949_0000.jpg,S2B_MSIL2A_20200629T063629_R120_T40QFM_20200908T231949,0,2020-06,T40QFM,0.036051959642724556,0,0.7596965683860358
S2B_MSIL2A_20200629T063629_R120_T40QFM_20200908T231949_0001.jpg,S2B_MSIL2A_20200629T063629_R120_T40QFM_20200908T231949,0,2020-06,T40QFM,0.03138367334127735,0,0.7596965683860358
S2A_MSIL2A_20200714T063631_R120_T40QFM_20200913T031806_0000.jpg,S2A_MSIL2A_20200714T063631_R120_T40QFM_20200913T031806,0,2020-07,T40QFM,0.28127023510550764,0,0.7596965683860358
S2A_MSIL2A_20200714T063631_R120_T40QFM_20200913T031806_0001.jpg,S2A_MSIL2A_20200714T063631_R120_T40QFM_20200913T031806,0,2020-07,T40QFM,0.23616690644010985,0,0.7596965683860358
S2A_MSIL2A_20200724T063631_R120_T40QFM_20200817T081946_0000.jpg,S2A_MSIL2A_20200724T063631_R120_T40QFM_20200817T081946,0,2020-07,T40QFM,8.269168154197512e-05,0,0.7596965683860358
S2A_MSIL2A_20200724T063631_R120_T40QFM_20200817T081946_0001.jpg,S2A_MSIL2A_20200724T063631_R120_T40QFM_20200817T081946,0,2020-07,T40QFM,7.88243169601183e-05,0,0.7596965683860358
S2A_MSIL2A_20200803T063631_R120_T40QFM_20200815T232333_0000.jpg,S2A_MSIL2A_20200803T063631_R120_T40QFM_20200815T232333,0,2020-08,T40QFM,0.7017053393175358,0,0.7596965683860358
S2A_MSIL2A_20200803T063631_R120_T40QFM_20200815T232333_0001.jpg,S2A_MSIL2A_20200803T063631_R120_T40QFM_20200815T232333,0,2020-08,T40QFM,0.674555863358933,0,0.7596965683860358
S2B_MSIL2A_20200818T063629_R120_T40QFM_20200822T141329_0000.jpg,S2B_MSIL2A_20200818T063629_R120_T40QFM_20200822T141329,1,2020-08,T40QFM,0.9999958247150483,1,0.7596965683860358
S2B_MSIL2A_20200818T063629_R120_T40QFM_20200822T141329_0001.jpg,S2B_MSIL2A_20200818T063629_R120_T40QFM_20200822T141329,1,2020-08,T40QFM,0.9999957537542916,1,0.7596965683860358
S2B_MSIL2A_20200828T063629_R120_T40QFM_20200907T130616_0000.jpg,S2B_MSIL2A_20200828T063629_R120_T40QFM_20200907T130616,0,2020-08,T40QFM,0.0651252188562373,0,0.7596965683860358
S2B_MSIL2A_20200828T063629_R120_T40QFM_20200907T130616_0001.jpg,S2B_MSIL2A_20200828T063629_R120_T40QFM_20200907T130616,0,2020-08,T40QFM,0.07432468348697062,0,0.7596965683860358
S2B_MSIL2A_20200917T063629_R120_T40QFM_20200921T070854_0000.jpg,S2B_MSIL2A_20200917T063629_R120_T40QFM_20200921T070854,0,2020-09,T40QFM,0.18479789923623285,0,0.7596965683860358
S2B_MSIL2A_20200917T063629_R120_T40QFM_20200921T070854_0001.jpg,S2B_MSIL2A_20200917T063629_R120_T40QFM_20200921T070854,0,2020-09,T40QFM,0.16753171662416977,0,0.7596965683860358
S2B_MSIL2A_20201007T063749_R120_T40QFM_20201010T082504_0000.jpg,S2B_MSIL2A_20201007T063749_R120_T40QFM_20201010T082504,0,2020-10,T40QFM,0.12279388169637813,0,0.7596965683860358
S2B_MSIL2A_20201007T063749_R120_T40QFM_20201010T082504_0001.jpg,S2B_MSIL2A_20201007T063749_R120_T40QFM_20201010T082504,0,2020-10,T40QFM,0.12117966997300939,0,0.7596965683860358
S2A_MSIL2A_20201012T063821_R120_T40QFM_20201014T110847_0000.jpg,S2A_MSIL2A_20201012T063821_R120_T40QFM_20201014T110847,0,2020-10,T40QFM,0.1336830791681603,0,0.7596965683860358
S2A_MSIL2A_20201012T063821_R120_T40QFM_20201014T110847_0001.jpg,S2A_MSIL2A_20201012T063821_R120_T40QFM_20201014T110847,0,2020-10,T40QFM,0.141402424504508,0,0.7596965683860358
S2A_MSIL2A_20201101T064031_R120_T40QFM_20201103T222817_0000.jpg,S2A_MSIL2A_20201101T064031_R120_T40QFM_20201103T222817,0,2020-11,T40QFM,0.1228221501990011,0,0.7596965683860358
S2A_MSIL2A_20201101T064031_R120_T40QFM_20201103T222817_0001.jpg,S2A_MSIL2A_20201101T064031_R120_T40QFM_20201103T222817,0,2020-11,T40QFM,0.11548419830355265,0,0.7596965683860358
S2A_MSIL2A_20201111T064121_R120_T40QFM_20201113T141747_0000.jpg,S2A_MSIL2A_20201111T064121_R120_T40QFM_20201113T141747,0,2020-11,T40QFM,0.032278604051792704,0,0.7596965683860358
S2A_MSIL2A_20201111T064121_R120_T40QFM_20201113T141747_0001.jpg,S2A_MSIL2A_20201111T064121_R120_T40QFM_20201113T141747,0,2020-11,T40QFM,0.03185099916998772,0,0.7596965683860358
S2A_MSIL2A_20201121T064201_R120_T40QFM_20201123T113122_0000.jpg,S2A_MSIL2A_20201121T064201_R120_T40QFM_20201123T113122,1,2020-11,T40QFM,0.6320669581974664,0,0.7596965683860358
S2A_MSIL2A_20201121T064201_R120_T40QFM_20201123T113122_0001.jpg,S2A_MSIL2A_20201121T064201_R120_T40QFM_20201123T113122,1,2020-11,T40QFM,0.5878620724465339,0,0.7596965683860358
S2A_MSIL2A_20201201T064231_R120_T40QFM_20210114T000138_0000.jpg,S2A_MSIL2A_20201201T064231_R120_T40QFM_20210114T000138,0,2020-12,T40QFM,0.005435679632859561,0,0.7596965683860358
S2A_MSIL2A_20201201T064231_R120_T40QFM_20210114T000138_0001.jpg,S2A_MSIL2A_20201201T064231_R120_T40QFM_20210114T000138,0,2020-12,T40QFM,0.005496797548605611,0,0.7596965683860358
S2A_MSIL2A_20201221T064301_R120_T40QFM_20201222T140849_0000.jpg,S2A_MSIL2A_20201221T064301_R120_T40QFM_20201222T140849,0,2020-12,T40QFM,0.25035264877462954,0,0.7596965683860358
S2A_MSIL2A_20201221T064301_R120_T40QFM_20201222T140849_0001.jpg,S2A_MSIL2A_20201221T064301_R120_T40QFM_20201222T140849,0,2020-12,T40QFM,0.2505299135269423,0,0.7596965683860358
S2A_MSIL2A_20201231T064301_R120_T40QFM_20210104T124741_0000.jpg,S2A_MSIL2A_20201231T064301_R120_T40QFM_20210104T124741,0,2020-12,T40QFM,0.5186728040490348,0,0.7596965683860358
S2A_MSIL2A_20201231T064301_R120_T40QFM_20210104T124741_0001.jpg,S2A_MSIL2A_20201231T064301_R120_T40QFM_20210104T124741,0,2020-12,T40QFM,0.5299414614632453,0,0.7596965683860358
S2B_MSIL2A_20210105T064249_R120_T40QFM_20210106T005643_0000.jpg,S2B_MSIL2A_20210105T064249_R120_T40QFM_20210106T005643,0,2021-01,T40QFM,0.018069712905088443,0,0.7596965683860358
S2B_MSIL2A_20210105T064249_R120_T40QFM_20210106T005643_0001.jpg,S2B_MSIL2A_20210105T064249_R120_T40QFM_20210106T005643,0,2021-01,T40QFM,0.018013272836944084,0,0.7596965683860358
S2A_MSIL2A_20210110T064241_R120_T40QFM_20210111T000640_0000.jpg,S2A_MSIL2A_20210110T064241_R120_T40QFM_20210111T000640,1,2021-01,T40QFM,0.9758807777299745,1,0.7596965683860358
S2A_MSIL2A_20210110T064241_R120_T40QFM_20210111T000640_0001.jpg,S2A_MSIL2A_20210110T064241_R120_T40QFM_20210111T000640,1,2021-01,T40QFM,0.9772209709525443,1,0.7596965683860358
S2A_MSIL2A_20210120T064211_R120_T40QFM_20210120T204526_0000.jpg,S2A_MSIL2A_20210120T064211_R120_T40QFM_20210120T204526,0,2021-01,T40QFM,0.0028364752864760805,0,0.7596965683860358
S2A_MSIL2A_20210120T064211_R120_T40QFM_20210120T204526_0001.jpg,S2A_MSIL2A_20210120T064211_R120_T40QFM_20210120T204526,0,2021-01,T40QFM,0.0032766972073624144,0,0.7596965683860358
S2B_MSIL2A_20210214T063949_R120_T40QFM_20210214T233022_0000.jpg,S2B_MSIL2A_20210214T063949_R120_T40QFM_20210214T233022,0,2021-02,T40QFM,0.4896722034354391,0,0.7596965683860358
S2B_MSIL2A_20210214T063949_R120_T40QFM_20210214T233022_0001.jpg,S2B_MSIL2A_20210214T063949_R120_T40QFM_20210214T233022,0,2021-02,T40QFM,0.492142431750469,0,0.7596965683860358
S2B_MSIL2A_20210224T063839_R120_T40QFM_20210224T191634_0000.jpg,S2B_MSIL2A_20210224T063839_R120_T40QFM_20210224T191634,0,2021-02,T40QFM,0.019497225975543132,0,0.7596965683860358
S2B_MSIL2A_20210224T063839_R120_T40QFM_20210224T191634_0001.jpg,S2B_MSIL2A_20210224T063839_R120_T40QFM_20210224T191634,0,2021-02,T40QFM,0.020414663730909485,0,0.7596965683860358
S2A_MSIL2A_20210311T063701_R120_T40QFM_20210311T224941_0000.jpg,S2A_MSIL2A_20210311T063701_R120_T40QFM_20210311T224941,1,2021-03,T40QFM,0.9980537521011171,1,0.7596965683860358
S2A_MSIL2A_20210311T063701_R120_T40QFM_20210311T224941_0001.jpg,S2A_MSIL2A_20210311T063701_R120_T40QFM_20210311T224941,1,2021-03,T40QFM,0.9980463769115002,1,0.7596965683860358
S2A_MSIL2A_20210321T063621_R120_T40QFM_20210322T012746_0000.jpg,S2A_MSIL2A_20210321T063621_R120_T40QFM_20210322T012746,0,2021-03,T40QFM,0.2611555074769337,0,0.7596965683860358
S2A_MSIL2A_20210321T063621_R120_T40QFM_20210322T012746_0001.jpg,S2A_MSIL2A_20210321T063621_R120_T40QFM_20210322T012746,0,2021-03,T40QFM,0.23823660159028479,0,0.7596965683860358
S2A_MSIL2A_20210331T063621_R120_T40QFM_20210401T174842_0000.jpg,S2A_MSIL2A_20210331T063621_R120_T40QFM_20210401T174842,0,2021-03,T40QFM,0.0014479291037928265,0,0.7596965683860358
S2A_MSIL2A_20210331T063621_R120_T40QFM_20210401T174842_0001.jpg,S2A_MSIL2A_20210331T063621_R120_T40QFM_20210401T174842,0,2021-03,T40QFM,0.0013040492573875388,0,0.7596965683860358
S2B_MSIL2A_20210415T063619_R120_T40QFM_20210416T080916_0000.jpg,S2B_MSIL2A_20210415T063619_R120_T40QFM_20210416T080916,0,2021-04,T40QFM,0.4700199920495473,0,0.7596965683860358
S2B_MSIL2A_20210415T063619_R120_T40QFM_20210416T080916_0001.jpg,S2B_MSIL2A_20210415T063619_R120_T40QFM_20210416T080916,0,2021-04,T40QFM,0.42782235379518213,0,0.7596965683860358
S2A_MSIL2A_20210420T063621_R120_T40QFM_20210421T164155_0000.jpg,S2A_MSIL2A_20210420T063621_R120_T40QFM_20210421T164155,0,2021-04,T40QFM,0.31389378547815416,0,0.7596965683860358
S2A_MSIL2A_20210420T063621_R120_T40QFM_20210421T164155_0001.jpg,S2A_MSIL2A_20210420T063621_R120_T40QFM_20210421T164155,0,2021-04,T40QFM,0.3290884234301308,0,0.7596965683860358
S2B_MSIL2A_20210425T063619_R120_T40QFM_20210426T050414_0000.jpg,S2B_MSIL2A_20210425T063619_R120_T40QFM_20210426T050414,0,2021-04,T40QFM,0.1022940258670536,0,0.7596965683860358
S2B_MSIL2A_20210425T063619_R120_T40QFM_20210426T050414_0001.jpg,S2B_MSIL2A_20210425T063619_R120_T40QFM_20210426T050414,0,2021-04,T40QFM,0.08882029227594401,0,0.7596965683860358
S2B_MSIL2A_20210505T063629_R120_T40QFM_20210611T033410_0000.jpg,S2B_MSIL2A_20210505T063629_R120_T40QFM_20210611T033410,0,2021-05,T40QFM,0.006893614807745996,0,0.7596965683860358
S2B_MSIL2A_20210505T063629_R120_T40QFM_20210611T033410_0001.jpg,S2B_MSIL2A_20210505T063629_R120_T40QFM_20210611T033410,0,2021-05,T40QFM,0.006854020005293122,0,0.7596965683860358
S2A_MSIL2A_20210520T063631_R120_T40QFM_20210521T083536_0000.jpg,S2A_MSIL2A_20210520T063631_R120_T40QFM_20210521T083536,0,2021-05,T40QFM,0.06701642025128719,0,0.7596965683860358
S2A_MSIL2A_20210520T063631_R120_T40QFM_20210521T083536_0001.jpg,S2A_MSIL2A_20210520T063631_R120_T40QFM_20210521T083536,0,2021-05,T40QFM,0.06263497922531767,0,0.7596965683860358
S2B_MSIL2A_20210525T063629_R120_T40QFM_20210525T210348_0000.jpg,S2B_MSIL2A_20210525T063629_R120_T40QFM_20210525T210348,0,2021-05,T40QFM,0.538956145774499,0,0.7596965683860358
S2B_MSIL2A_20210525T063629_R120_T40QFM_20210525T210348_0001.jpg,S2B_MSIL2A_20210525T063629_R120_T40QFM_20210525T210348,0,2021-05,T40QFM,0.5565945708137299,0,0.7596965683860358
S2B_MSIL2A_20210604T063629_R120_T40QFM_20210604T232437_0000.jpg,S2B_MSIL2A_20210604T063629_R120_T40QFM_20210604T232437,0,2021-06,T40QFM,0.13773809762876463,0,0.7596965683860358
S2B_MSIL2A_20210604T063629_R120_T40QFM_20210604T232437_0001.jpg,S2B_MSIL2A_20210604T063629_R120_T40QFM_20210604T232437,0,2021-06,T40QFM,0.13246924142536437,0,0.7596965683860358
S2B_MSIL2A_20210614T063629_R120_T40QFM_20210615T105306_0000.jpg,S2B_MSIL2A_20210614T063629_R120_T40QFM_20210615T105306,1,2021-06,T40QFM,0.7977068968829745,1,0.7596965683860358
S2B_MSIL2A_20210614T063629_R120_T40QFM_20210615T105306_0001.jpg,S2B_MSIL2A_20210614T063629_R120_T40QFM_20210615T105306,1,2021-06,T40QFM,0.7772924631137261,1,0.7596965683860358
S2B_MSIL2A_20210624T063629_R120_T40QFM_20210626T044357_0000.jpg,S2B_MSIL2A_20210624T063629_R120_T40QFM_20210626T044357,0,2021-06,T40QFM,0.03992363099239938,0,0.7596965683860358
S2B_MSIL2A_20210624T063629_R120_T40QFM_20210626T044357_0001.jpg,S2B_MSIL2A_20210624T063629_R120_T40QFM_20210626T044357,0,2021-06,T40QFM,0.03619496056204088,0,0.7596965683860358
S2A_MSIL2A_20210629T063631_R120_T40QFM_20210630T130113_0000.jpg,S2A_MSIL2A_20210629T063631_R120_T40QFM_20210630T130113,0,2021-06,T40QFM,0.26006928134643187,0,0.7596965683860358
S2A_MSIL2A_20210629T063631_R120_T40QFM_20210630T130113_0001.jpg,S2A_MSIL2A_20210629T063631_R120_T40QFM_20210630T130113,0,2021-06,T40QFM,0.2635628535561474,0,0.7596965683860358
S2A_MSIL2A_20210719T063631_R120_T40QFM_20210719T155101_0000.jpg,S2A_MSIL2A_20210719T063631_R120_T40QFM_20210719T155101,0,2021-07,T40QFM,0.47921261252156466,0,0.7596965683860358
S2A_MSIL2A_20210719T063631_R120_T40QFM_20210719T155101_0001.jpg,S2A_MSIL2A_20210719T063631_R120_T40QFM_20210719T155101,0,2021-07,T40QFM,0.4552977561100467,0,0.7596965683860358
S2B_MSIL2A_20210803T063629_R120_T40QFM_20210803T203554_0000.jpg,S2B_MSIL2A_20210803T063629_R120_T40QFM_20210803T203554,1,2021-08,T40QFM,0.7176193461729173,0,0.7596965683860358
S2B_MSIL2A_20210803T063629_R120_T40QFM_20210803T203554_0001.jpg,S2B_MSIL2A_20210803T063629_R120_T40QFM_20210803T203554,1,2021-08,T40QFM,0.7077268138633168,0,0.7596965683860358
S2B_MSIL2A_20210813T063629_R120_T40QFM_20210813T174733_0000.jpg,S2B_MSIL2A_20210813T063629_R120_T40QFM_20210813T174733,1,2021-08,T40QFM,0.8519334659259454,1,0.7596965683860358
S2B_MSIL2A_20210813T063629_R120_T40QFM_20210813T174733_0001.jpg,S2B_MSIL2A_20210813T063629_R120_T40QFM_20210813T174733,1,2021-08,T40QFM,0.8575722243029145,1,0.7596965683860358
S2A_MSIL2A_20210828T063631_R120_T40QFM_20210828T164957_0000.jpg,S2A_MSIL2A_20210828T063631_R120_T40QFM_20210828T164957,0,2021-08,T40QFM,0.05717050605276155,0,0.7596965683860358
S2A_MSIL2A_20210828T063631_R120_T40QFM_20210828T164957_0001.jpg,S2A_MSIL2A_20210828T063631_R120_T40QFM_20210828T164957,0,2021-08,T40QFM,0.048201202747357313,0,0.7596965683860358
S2B_MSIL2A_20210902T063619_R120_T40QFM_20210902T200944_0000.jpg,S2B_MSIL2A_20210902T063619_R120_T40QFM_20210902T200944,0,2021-09,T40QFM,0.5733974109140433,0,0.7596965683860358
S2B_MSIL2A_20210902T063619_R120_T40QFM_20210902T200944_0001.jpg,S2B_MSIL2A_20210902T063619_R120_T40QFM_20210902T200944,0,2021-09,T40QFM,0.624397677117723,0,0.7596965683860358
S2B_MSIL2A_20210922T063629_R120_T40QFM_20210922T213701_0000.jpg,S2B_MSIL2A_20210922T063629_R120_T40QFM_20210922T213701,0,2021-09,T40QFM,0.17277956359966218,0,0.7596965683860358
S2B_MSIL2A_20210922T063629_R120_T40QFM_20210922T213701_0001.jpg,S2B_MSIL2A_20210922T063629_R120_T40QFM_20210922T213701,0,2021-09,T40QFM,0.1525662065806259,0,0.7596965683860358
S2A_MSIL2A_20210927T063631_R120_T40QFM_20210927T154532_0000.jpg,S2A_MSIL2A_20210927T063631_R120_T40QFM_20210927T154532,0,2021-09,T40QFM,0.14224513647088194,0,0.7596965683860358
S2A_MSIL2A_20210927T063631_R120_T40QFM_20210927T154532_0001.jpg,S2A_MSIL2A_20210927T063631_R120_T40QFM_20210927T154532,0,2021-09,T40QFM,0.13841618584564117,0,0.7596965683860358
S2B_MSIL2A_20211012T063819_R120_T40QFM_20211012T230020_0000.jpg,S2B_MSIL2A_20211012T063819_R120_T40QFM_20211012T230020,0,2021-10,T40QFM,0.20107636970773732,0,0.7596965683860358
S2B_MSIL2A_20211012T063819_R120_T40QFM_20211012T230020_0001.jpg,S2B_MSIL2A_20211012T063819_R120_T40QFM_20211012T230020,0,2021-10,T40QFM,0.18127018755485588,0,0.7596965683860358
S2A_MSIL2A_20211027T064001_R120_T40QFM_20211027T221159_0000.jpg,S2A_MSIL2A_20211027T064001_R120_T40QFM_20211027T221159,0,2021-10,T40QFM,0.03566405734680402,0,0.7596965683860358
S2A_MSIL2A_20211027T064001_R120_T40QFM_20211027T221159_0001.jpg,S2A_MSIL2A_20211027T064001_R120_T40QFM_20211027T221159,0,2021-10,T40QFM,0.043740512658037224,0,0.7596965683860358
S2A_MSIL2A_20211106T064051_R120_T40QFM_20211106T223432_0000.jpg,S2A_MSIL2A_20211106T064051_R120_T40QFM_20211106T223432,0,2021-11,T40QFM,0.38245515764052923,0,0.7596965683860358
S2A_MSIL2A_20211106T064051_R120_T40QFM_20211106T223432_0001.jpg,S2A_MSIL2A_20211106T064051_R120_T40QFM_20211106T223432,0,2021-11,T40QFM,0.3836436550483531,0,0.7596965683860358
S2A_MSIL2A_20211116T064141_R120_T40QFM_20211116T225418_0000.jpg,S2A_MSIL2A_20211116T064141_R120_T40QFM_20211116T225418,0,2021-11,T40QFM,0.02711904779033572,0,0.7596965683860358
S2A_MSIL2A_20211116T064141_R120_T40QFM_20211116T225418_0001.jpg,S2A_MSIL2A_20211116T064141_R120_T40QFM_20211116T225418,0,2021-11,T40QFM,0.02833385689135082,0,0.7596965683860358
S2B_MSIL2A_20211121T064159_R120_T40QFM_20211121T155950_0000.jpg,S2B_MSIL2A_20211121T064159_R120_T40QFM_20211121T155950,0,2021-11,T40QFM,0.02947315568930391,0,0.7596965683860358
S2B_MSIL2A_20211121T064159_R120_T40QFM_20211121T155950_0001.jpg,S2B_MSIL2A_20211121T064159_R120_T40QFM_20211121T155950,0,2021-11,T40QFM,0.033161066437611124,0,0.7596965683860358
S2A_MSIL2A_20211126T064221_R120_T40QFM_20211126T120704_0000.jpg,S2A_MSIL2A_20211126T064221_R120_T40QFM_20211126T120704,0,2021-11,T40QFM,0.20918544778571388,0,0.7596965683860358
S2A_MSIL2A_20211126T064221_R120_T40QFM_20211126T120704_0001.jpg,S2A_MSIL2A_20211126T064221_R120_T40QFM_20211126T120704,0,2021-11,T40QFM,0.23832625395306745,0,0.7596965683860358
S2A_MSIL2A_20211206T064241_R120_T40QFM_20211206T195704_0000.jpg,S2A_MSIL2A_20211206T064241_R120_T40QFM_20211206T195704,0,2021-12,T40QFM,0.04549795710060088,0,0.7596965683860358
S2A_MSIL2A_20211206T064241_R120_T40QFM_20211206T195704_0001.jpg,S2A_MSIL2A_20211206T064241_R120_T40QFM_20211206T195704,0,2021-12,T40QFM,0.04224616632355601,0,0.7596965683860358
S2B_MSIL2A_20211211T064249_R120_T40QFM_20211212T020754_0000.jpg,S2B_MSIL2A_20211211T064249_R120_T40QFM_20211212T020754,1,2021-12,T40QFM,0.998527861668296,1,0.7596965683860358
S2B_MSIL2A_20211211T064249_R120_T40QFM_20211212T020754_0001.jpg,S2B_MSIL2A_20211211T064249_R120_T40QFM_20211212T020754,1,2021-12,T40QFM,0.9985081778417353,1,0.7596965683860358
S2A_MSIL2A_20220105T064251_R120_T40QFM_20220105T214651_0000.jpg,S2A_MSIL2A_20220105T064251_R120_T40QFM_20220105T214651,0,2022-01,T40QFM,0.19273708110742385,0,0.7596965683860358
S2A_MSIL2A_20220105T064251_R120_T40QFM_20220105T214651_0001.jpg,S2A_MSIL2A_20220105T064251_R120_T40QFM_20220105T214651,0,2022-01,T40QFM,0.1987332959649783,0,0.7596965683860358
S2A_MSIL2A_20220115T064231_R120_T40QFM_20220115T180327_0000.jpg,S2A_MSIL2A_20220115T064231_R120_T40QFM_20220115T180327,0,2022-01,T40QFM,0.015524410460913199,0,0.7596965683860358
S2A_MSIL2A_20220115T064231_R120_T40QFM_20220115T180327_0001.jpg,S2A_MSIL2A_20220115T064231_R120_T40QFM_20220115T180327,0,2022-01,T40QFM,0.015090610940866972,0,0.7596965683860358
S2B_MSIL2A_20220120T064159_R120_T40QFM_20220121T032103_0000.jpg,S2B_MSIL2A_20220120T064159_R120_T40QFM_20220121T032103,1,2022-01,T40QFM,0.8581490365971074,1,0.7596965683860358
S2B_MSIL2A_20220120T064159_R120_T40QFM_20220121T032103_0001.jpg,S2B_MSIL2A_20220120T064159_R120_T40QFM_20220121T032103,1,2022-01,T40QFM,0.866655674693308,1,0.7596965683860358
S2B_MSIL2A_20220130T064119_R120_T40QFM_20220214T105717_0000.jpg,S2B_MSIL2A_20220130T064119_R120_T40QFM_20220214T105717,0,2022-01,T40QFM,0.03569424111885183,0,0.7596965683860358
S2B_MSIL2A_20220130T064119_R120_T40QFM_20220214T105717_0001.jpg,S2B_MSIL2A_20220130T064119_R120_T40QFM_20220214T105717,0,2022-01,T40QFM,0.043651773116376726,0,0.7596965683860358
S2A_MSIL2A_20220204T064051_R120_T40QFM_20220218T144950_0000.jpg,S2A_MSIL2A_20220204T064051_R120_T40QFM_20220218T144950,0,2022-02,T40QFM,0.7977900474793808,1,0.7596965683860358
S2A_MSIL2A_20220204T064051_R120_T40QFM_20220218T144950_0001.jpg,S2A_MSIL2A_20220204T064051_R120_T40QFM_20220218T144950,0,2022-02,T40QFM,0.8029139369386074,1,0.7596965683860358
S2B_MSIL2A_20220209T064019_R120_T40QFM_20220220T183126_0000.jpg,S2B_MSIL2A_20220209T064019_R120_T40QFM_20220220T183126,0,2022-02,T40QFM,0.901773642618048,1,0.7596965683860358
S2B_MSIL2A_20220209T064019_R120_T40QFM_20220220T183126_0001.jpg,S2B_MSIL2A_20220209T064019_R120_T40QFM_20220220T183126,0,2022-02,T40QFM,0.890231815856097,1,0.7596965683860358
S2B_MSIL2A_20220219T063909_R120_T40QFM_20240515T135553_0000.jpg,S2B_MSIL2A_20220219T063909_R120_T40QFM_20240515T135553,0,2022-02,T40QFM,0.01084459026009466,0,0.7596965683860358
S2B_MSIL2A_20220219T063909_R120_T40QFM_20240515T135553_0001.jpg,S2B_MSIL2A_20220219T063909_R120_T40QFM_20240515T135553,0,2022-02,T40QFM,0.012863228622973438,0,0.7596965683860358
S2A_MSIL2A_20220306T063741_R120_T40QFM_20220306T145421_0000.jpg,S2A_MSIL2A_20220306T063741_R120_T40QFM_20220306T145421,1,2022-03,T40QFM,0.8245111799156134,1,0.7596965683860358
S2A_MSIL2A_20220306T063741_R120_T40QFM_20220306T145421_0001.jpg,S2A_MSIL2A_20220306T063741_R120_T40QFM_20220306T145421,1,2022-03,T40QFM,0.8208492756693404,1,0.7596965683860358
S2B_MSIL2A_20220321T063629_R120_T40QFM_20220321T155643_0000.jpg,S2B_MSIL2A_20220321T063629_R120_T40QFM_20220321T155643,0,2022-03,T40QFM,0.21016732467864238,0,0.7596965683860358
S2B_MSIL2A_20220321T063629_R120_T40QFM_20220321T155643_0001.jpg,S2B_MSIL2A_20220321T063629_R120_T40QFM_20220321T155643,0,2022-03,T40QFM,0.18475768896092795,0,0.7596965683860358
S2A_MSIL2A_20220326T063631_R120_T40QFM_20220326T173013_0000.jpg,S2A_MSIL2A_20220326T063631_R120_T40QFM_20220326T173013,0,2022-03,T40QFM,0.005431974452020179,0,0.7596965683860358
S2A_MSIL2A_20220326T063631_R120_T40QFM_20220326T173013_0001.jpg,S2A_MSIL2A_20220326T063631_R120_T40QFM_20220326T173013,0,2022-03,T40QFM,0.007197712745887887,0,0.7596965683860358
S2A_MSIL2A_20220405T063631_R120_T40QFM_20240524T020642_0000.jpg,S2A_MSIL2A_20220405T063631_R120_T40QFM_20240524T020642,0,2022-04,T40QFM,0.0016919028285178135,0,0.7596965683860358
S2A_MSIL2A_20220405T063631_R120_T40QFM_20240524T020642_0001.jpg,S2A_MSIL2A_20220405T063631_R120_T40QFM_20240524T020642,0,2022-04,T40QFM,0.0016398002313065666,0,0.7596965683860358
S2A_MSIL2A_20220425T063631_R120_T40QFM_20240610T082345_0000.jpg,S2A_MSIL2A_20220425T063631_R120_T40QFM_20240610T082345,1,2022-04,T40QFM,0.8469597303834847,1,0.7596965683860358
S2A_MSIL2A_20220425T063631_R120_T40QFM_20240610T082345_0001.jpg,S2A_MSIL2A_20220425T063631_R120_T40QFM_20240610T082345,1,2022-04,T40QFM,0.8478190455688528,1,0.7596965683860358
S2A_MSIL2A_20220505T063631_R120_T40QFM_20220505T200728_0000.jpg,S2A_MSIL2A_20220505T063631_R120_T40QFM_20220505T200728,0,2022-05,T40QFM,0.2815550472611463,0,0.7596965683860358
S2A_MSIL2A_20220505T063631_R120_T40QFM_20220505T200728_0001.jpg,S2A_MSIL2A_20220505T063631_R120_T40QFM_20220505T200728,0,2022-05,T40QFM,0.24968944805619042,0,0.7596965683860358
S2A_MSIL2A_20220515T063631_R120_T40QFM_20240614T231035_0000.jpg,S2A_MSIL2A_20220515T063631_R120_T40QFM_20240614T231035,0,2022-05,T40QFM,0.3782842412920438,0,0.7596965683860358
S2A_MSIL2A_20220515T063631_R120_T40QFM_20240614T231035_0001.jpg,S2A_MSIL2A_20220515T063631_R120_T40QFM_20240614T231035,0,2022-05,T40QFM,0.3484689107327225,0,0.7596965683860358
S2B_MSIL2A_20220520T063629_R120_T40QFM_20220521T180442_0000.jpg,S2B_MSIL2A_20220520T063629_R120_T40QFM_20220521T180442,0,2022-05,T40QFM,0.09764640284218377,0,0.7596965683860358
S2B_MSIL2A_20220520T063629_R120_T40QFM_20220521T180442_0001.jpg,S2B_MSIL2A_20220520T063629_R120_T40QFM_20220521T180442,0,2022-05,T40QFM,0.10327515071061198,0,0.7596965683860358
S2B_MSIL2A_20220530T063629_R120_T40QFM_20220531T063340_0000.jpg,S2B_MSIL2A_20220530T063629_R120_T40QFM_20220531T063340,0,2022-05,T40QFM,0.9145660700342733,1,0.7596965683860358
S2B_MSIL2A_20220530T063629_R120_T40QFM_20220531T063340_0001.jpg,S2B_MSIL2A_20220530T063629_R120_T40QFM_20220531T063340,0,2022-05,T40QFM,0.9129661648282067,1,0.7596965683860358
S2A_MSIL2A_20220604T063631_R120_T40QFM_20220604T212729_0000.jpg,S2A_MSIL2A_20220604T063631_R120_T40QFM_20220604T212729,0,2022-06,T40QFM,0.17263431763281892,0,0.7596965683860358
S2A_MSIL2A_20220604T063631_R120_T40QFM_20220604T212729_0001.jpg,S2A_MSIL2A_20220604T063631_R120_T40QFM_20220604T212729,0,2022-06,T40QFM,0.14334156950554192,0,0.7596965683860358
S2A_MSIL2A_20220614T063641_R120_T40QFM_20220615T051422_0000.jpg,S2A_MSIL2A_20220614T063641_R120_T40QFM_20220615T051422,0,2022-06,T40QFM,0.29722090110668337,0,0.7596965683860358
S2A_MSIL2A_20220614T063641_R120_T40QFM_20220615T051422_0001.jpg,S2A_MSIL2A_20220614T063641_R120_T40QFM_20220615T051422,0,2022-06,T40QFM,0.2735504169751558,0,0.7596965683860358
S2A_MSIL2A_20220714T063641_R120_T40QFM_20220715T004600_0000.jpg,S2A_MSIL2A_20220714T063641_R120_T40QFM_20220715T004600,0,2022-07,T40QFM,0.7397419096295991,0,0.7596965683860358
S2A_MSIL2A_20220714T063641_R120_T40QFM_20220715T004600_0001.jpg,S2A_MSIL2A_20220714T063641_R120_T40QFM_20220715T004600,0,2022-07,T40QFM,0.7431568247713709,0,0.7596965683860358
S2A_MSIL2A_20220823T063641_R120_T40QFM_20220824T064831_0000.jpg,S2A_MSIL2A_20220823T063641_R120_T40QFM_20220824T064831,0,2022-08,T40QFM,0.3343072595949518,0,0.7596965683860358
S2A_MSIL2A_20220823T063641_R120_T40QFM_20220824T064831_0001.jpg,S2A_MSIL2A_20220823T063641_R120_T40QFM_20220824T064831,0,2022-08,T40QFM,0.3599603952122841,0,0.7596965683860358
S2B_MSIL2A_20220828T063629_R120_T40QFM_20240718T191433_0000.jpg,S2B_MSIL2A_20220828T063629_R120_T40QFM_20240718T191433,0,2022-08,T40QFM,0.3640188515689687,0,0.7596965683860358
S2B_MSIL2A_20220828T063629_R120_T40QFM_20240718T191433_0001.jpg,S2B_MSIL2A_20220828T063629_R120_T40QFM_20240718T191433,0,2022-08,T40QFM,0.3455357646631011,0,0.7596965683860358
S2A_MSIL2A_20220912T063641_R120_T40QFM_20220913T064250_0000.jpg,S2A_MSIL2A_20220912T063641_R120_T40QFM_20220913T064250,0,2022-09,T40QFM,0.11339884024065656,0,0.7596965683860358
S2A_MSIL2A_20220912T063641_R120_T40QFM_20220913T064250_0001.jpg,S2A_MSIL2A_20220912T063641_R120_T40QFM_20220913T064250,0,2022-09,T40QFM,0.08199852859756972,0,0.7596965683860358
S2B_MSIL2A_20220927T063629_R120_T40QFM_20220927T223648_0000.jpg,S2B_MSIL2A_20220927T063629_R120_T40QFM_20220927T223648,0,2022-09,T40QFM,0.498595292360082,0,0.7596965683860358
S2B_MSIL2A_20220927T063629_R120_T40QFM_20220927T223648_0001.jpg,S2B_MSIL2A_20220927T063629_R120_T40QFM_20220927T223648,0,2022-09,T40QFM,0.4648433179504432,0,0.7596965683860358
S2B_MSIL2A_20221007T063739_R120_T40QFM_20240802T024624_0000.jpg,S2B_MSIL2A_20221007T063739_R120_T40QFM_20240802T024624,1,2022-10,T40QFM,0.8766217597849794,1,0.7596965683860358
S2B_MSIL2A_20221007T063739_R120_T40QFM_20240802T024624_0001.jpg,S2B_MSIL2A_20221007T063739_R120_T40QFM_20240802T024624,1,2022-10,T40QFM,0.8697262555982006,1,0.7596965683860358
S2A_MSIL2A_20221012T063821_R120_T40QFM_20240802T062416_0000.jpg,S2A_MSIL2A_20221012T063821_R120_T40QFM_20240802T062416,0,2022-10,T40QFM,0.017029699243067464,0,0.7596965683860358
S2A_MSIL2A_20221012T063821_R120_T40QFM_20240802T062416_0001.jpg,S2A_MSIL2A_20221012T063821_R120_T40QFM_20240802T062416,0,2022-10,T40QFM,0.015884282470359126,0,0.7596965683860358
S2B_MSIL2A_20221027T063949_R120_T40QFM_20221027T205314_0000.jpg,S2B_MSIL2A_20221027T063949_R120_T40QFM_20221027T205314,0,2022-10,T40QFM,0.007391253981504127,0,0.7596965683860358
S2B_MSIL2A_20221027T063949_R120_T40QFM_20221027T205314_0001.jpg,S2B_MSIL2A_20221027T063949_R120_T40QFM_20221027T205314,0,2022-10,T40QFM,0.00739632259108051,0,0.7596965683860358
S2A_MSIL2A_20221101T064021_R120_T40QFM_20221101T185019_0000.jpg,S2A_MSIL2A_20221101T064021_R120_T40QFM_20221101T185019,1,2022-11,T40QFM,0.6532934252455325,0,0.7596965683860358
S2A_MSIL2A_20221101T064021_R120_T40QFM_20221101T185019_0001.jpg,S2A_MSIL2A_20221101T064021_R120_T40QFM_20221101T185019,1,2022-11,T40QFM,0.6963874806658501,0,0.7596965683860358
S2B_MSIL2A_20221116T064139_R120_T40QFM_20221116T211708_0000.jpg,S2B_MSIL2A_20221116T064139_R120_T40QFM_20221116T211708,0,2022-11,T40QFM,0.09002724456262556,0,0.7596965683860358
S2B_MSIL2A_20221116T064139_R120_T40QFM_20221116T211708_0001.jpg,S2B_MSIL2A_20221116T064139_R120_T40QFM_20221116T211708,0,2022-11,T40QFM,0.09412157402463148,0,0.7596965683860358
S2A_MSIL2A_20221121T064201_R120_T40QFM_20221121T164837_0000.jpg,S2A_MSIL2A_20221121T064201_R120_T40QFM_20221121T164837,0,2022-11,T40QFM,0.18261275145192268,0,0.7596965683860358
S2A_MSIL2A_20221121T064201_R120_T40QFM_20221121T164837_0001.jpg,S2A_MSIL2A_20221121T064201_R120_T40QFM_20221121T164837,0,2022-11,T40QFM,0.21864019068621046,0,0.7596965683860358
S2B_MSIL2A_20221216T064259_R120_T40QFM_20221216T202414_0000.jpg,S2B_MSIL2A_20221216T064259_R120_T40QFM_20221216T202414,0,2022-12,T40QFM,0.0032469448672374063,0,0.7596965683860358
S2B_MSIL2A_20221216T064259_R120_T40QFM_20221216T202414_0001.jpg,S2B_MSIL2A_20221216T064259_R120_T40QFM_20221216T202414,0,2022-12,T40QFM,0.00338174964210371,0,0.7596965683860358
S2A_MSIL2A_20221221T064301_R120_T40QFM_20240808T224656_0000.jpg,S2A_MSIL2A_20221221T064301_R120_T40QFM_20240808T224656,1,2022-12,T40QFM,0.9328341049807203,1,0.7596965683860358
S2A_MSIL2A_20221221T064301_R120_T40QFM_20240808T224656_0001.jpg,S2A_MSIL2A_20221221T064301_R120_T40QFM_20240808T224656,1,2022-12,T40QFM,0.9265800070832871,1,0.7596965683860358
S2B_MSIL2A_20221226T064259_R120_T40QFM_20221226T183145_0000.jpg,S2B_MSIL2A_20221226T064259_R120_T40QFM_20221226T183145,0,2022-12,T40QFM,0.08260361220922664,0,0.7596965683860358
S2B_MSIL2A_20221226T064259_R120_T40QFM_20221226T183145_0001.jpg,S2B_MSIL2A_20221226T064259_R120_T40QFM_20221226T183145,0,2022-12,T40QFM,0.08315600290768893,0,0.7596965683860358
S2A_MSIL2A_20230110T064241_R120_T40QFM_20230110T232049_0000.jpg,S2A_MSIL2A_20230110T064241_R120_T40QFM_20230110T232049,1,2023-01,T40QFM,0.9394735591166368,1,0.7596965683860358
S2A_MSIL2A_20230110T064241_R120_T40QFM_20230110T232049_0001.jpg,S2A_MSIL2A_20230110T064241_R120_T40QFM_20230110T232049,1,2023-01,T40QFM,0.9494044798464304,1,0.7596965683860358
S2A_MSIL2A_20230130T064121_R120_T40QFM_20230131T154057_0000.jpg,S2A_MSIL2A_20230130T064121_R120_T40QFM_20230131T154057,0,2023-01,T40QFM,0.006623911764974811,0,0.7596965683860358
S2A_MSIL2A_20230130T064121_R120_T40QFM_20230131T154057_0001.jpg,S2A_MSIL2A_20230130T064121_R120_T40QFM_20230131T154057,0,2023-01,T40QFM,0.00614500882131062,0,0.7596965683860358
S2B_MSIL2A_20230204T064049_R120_T40QFM_20240816T214850_0000.jpg,S2B_MSIL2A_20230204T064049_R120_T40QFM_20240816T214850,0,2023-02,T40QFM,0.5667629591402465,0,0.7596965683860358
S2B_MSIL2A_20230204T064049_R120_T40QFM_20240816T214850_0001.jpg,S2B_MSIL2A_20230204T064049_R120_T40QFM_20240816T214850,0,2023-02,T40QFM,0.5185819864291601,0,0.7596965683860358
S2B_MSIL2A_20230224T063849_R120_T40QFM_20230226T114005_0000.jpg,S2B_MSIL2A_20230224T063849_R120_T40QFM_20230226T114005,1,2023-02,T40QFM,0.42612202436714,0,0.7596965683860358
S2B_MSIL2A_20230224T063849_R120_T40QFM_20230226T114005_0001.jpg,S2B_MSIL2A_20230224T063849_R120_T40QFM_20230226T114005,1,2023-02,T40QFM,0.42680639064621567,0,0.7596965683860358
S2B_MSIL2A_20230306T063739_R120_T40QFM_20240823T211525_0000.jpg,S2B_MSIL2A_20230306T063739_R120_T40QFM_20240823T211525,1,2023-03,T40QFM,0.9239894388238891,1,0.7596965683860358
S2B_MSIL2A_20230306T063739_R120_T40QFM_20240823T211525_0001.jpg,S2B_MSIL2A_20230306T063739_R120_T40QFM_20240823T211525,1,2023-03,T40QFM,0.9277457788361114,1,0.7596965683860358
S2B_MSIL2A_20230316T063629_R120_T40QFM_20240827T111826_0000.jpg,S2B_MSIL2A_20230316T063629_R120_T40QFM_20240827T111826,0,2023-03,T40QFM,0.6128765345445698,0,0.7596965683860358
S2B_MSIL2A_20230316T063629_R120_T40QFM_20240827T111826_0001.jpg,S2B_MSIL2A_20230316T063629_R120_T40QFM_20240827T111826,0,2023-03,T40QFM,0.5661513387055855,0,0.7596965683860358
S2A_MSIL2A_20230321T063621_R120_T40QFM_20240826T173717_0000.jpg,S2A_MSIL2A_20230321T063621_R120_T40QFM_20240826T173717,0,2023-03,T40QFM,0.5060998234634044,0,0.7596965683860358
S2A_MSIL2A_20230321T063621_R120_T40QFM_20240826T173717_0001.jpg,S2A_MSIL2A_20230321T063621_R120_T40QFM_20240826T173717,0,2023-03,T40QFM,0.5502891016029972,0,0.7596965683860358
S2A_MSIL2A_20230331T063621_R120_T40QFM_20240825T173541_0000.jpg,S2A_MSIL2A_20230331T063621_R120_T40QFM_20240825T173541,0,2023-03,T40QFM,0.002387769853805132,0,0.7596965683860358
S2A_MSIL2A_20230331T063621_R120_T40QFM_20240825T173541_0001.jpg,S2A_MSIL2A_20230331T063621_R120_T40QFM_20240825T173541,0,2023-03,T40QFM,0.00225333414990079,0,0.7596965683860358
S2B_MSIL2A_20230405T063629_R120_T40QFM_20230405T213827_0000.jpg,S2B_MSIL2A_20230405T063629_R120_T40QFM_20230405T213827,1,2023-04,T40QFM,0.7031277106562415,0,0.7596965683860358
S2B_MSIL2A_20230405T063629_R120_T40QFM_20230405T213827_0001.jpg,S2B_MSIL2A_20230405T063629_R120_T40QFM_20230405T213827,1,2023-04,T40QFM,0.6997490506779953,0,0.7596965683860358
S2A_MSIL2A_20230410T063631_R120_T40QFM_20230410T132909_0000.jpg,S2A_MSIL2A_20230410T063631_R120_T40QFM_20230410T132909,0,2023-04,T40QFM,0.0989457942475986,0,0.7596965683860358
S2A_MSIL2A_20230410T063631_R120_T40QFM_20230410T132909_0001.jpg,S2A_MSIL2A_20230410T063631_R120_T40QFM_20230410T132909,0,2023-04,T40QFM,0.10463294507435805,0,0.7596965683860358
S2A_MSIL2A_20230420T063621_R120_T40QFM_20230420T131741_0000.jpg,S2A_MSIL2A_20230420T063621_R120_T40QFM_20230420T131741,1,2023-04,T40QFM,0.14777084958050954,0,0.7596965683860358
S2A_MSIL2A_20230420T063621_R120_T40QFM_20230420T131741_0001.jpg,S2A_MSIL2A_20230420T063621_R120_T40QFM_20230420T131741,1,2023-04,T40QFM,0.13840045329558062,0,0.7596965683860358
S2B_MSIL2A_20230425T063629_R120_T40QFM_20240901T144339_0000.jpg,S2B_MSIL2A_20230425T063629_R120_T40QFM_20240901T144339,0,2023-04,T40QFM,0.5718382497071335,0,0.7596965683860358
S2B_MSIL2A_20230425T063629_R120_T40QFM_20240901T144339_0001.jpg,S2B_MSIL2A_20230425T063629_R120_T40QFM_20240901T144339,0,2023-04,T40QFM,0.5096211422438598,0,0.7596965683860358
S2B_MSIL2A_20230505T063629_R120_T40QFM_20230505T113226_0000.jpg,S2B_MSIL2A_20230505T063629_R120_T40QFM_20230505T113226,0,2023-05,T40QFM,0.11774007144942418,0,0.7596965683860358
S2B_MSIL2A_20230505T063629_R120_T40QFM_20230505T113226_0001.jpg,S2B_MSIL2A_20230505T063629_R120_T40QFM_20230505T113226,0,2023-05,T40QFM,0.10821167651318339,0,0.7596965683860358
S2A_MSIL2A_20230510T063621_R120_T40QFM_20230510T133701_0000.jpg,S2A_MSIL2A_20230510T063621_R120_T40QFM_20230510T133701,0,2023-05,T40QFM,0.0552487548587035,0,0.7596965683860358
S2A_MSIL2A_20230510T063621_R120_T40QFM_20230510T133701_0001.jpg,S2A_MSIL2A_20230510T063621_R120_T40QFM_20230510T133701,0,2023-05,T40QFM,0.04714480539161631,0,0.7596965683860358
S2A_MSIL2A_20230520T063631_R120_T40QFM_20230520T121727_0000.jpg,S2A_MSIL2A_20230520T063631_R120_T40QFM_20230520T121727,0,2023-05,T40QFM,0.2532633228773067,0,0.7596965683860358
S2A_MSIL2A_20230520T063631_R120_T40QFM_20230520T121727_0001.jpg,S2A_MSIL2A_20230520T063631_R120_T40QFM_20230520T121727,0,2023-05,T40QFM,0.2378301757606697,0,0.7596965683860358
S2B_MSIL2A_20230525T063629_R120_T40QFM_20230525T121806_0000.jpg,S2B_MSIL2A_20230525T063629_R120_T40QFM_20230525T121806,0,2023-05,T40QFM,0.23417068954824813,0,0.7596965683860358
S2B_MSIL2A_20230525T063629_R120_T40QFM_20230525T121806_0001.jpg,S2B_MSIL2A_20230525T063629_R120_T40QFM_20230525T121806,0,2023-05,T40QFM,0.23096835046839057,0,0.7596965683860358
S2A_MSIL2A_20230619T063631_R120_T40QFM_20230619T122652_0000.jpg,S2A_MSIL2A_20230619T063631_R120_T40QFM_20230619T122652,0,2023-06,T40QFM,0.06394866944058251,0,0.7596965683860358
S2A_MSIL2A_20230619T063631_R120_T40QFM_20230619T122652_0001.jpg,S2A_MSIL2A_20230619T063631_R120_T40QFM_20230619T122652,0,2023-06,T40QFM,0.0663332095167935,0,0.7596965683860358
S2B_MSIL2A_20230704T063629_R120_T40QFM_20241013T174147_0000.jpg,S2B_MSIL2A_20230704T063629_R120_T40QFM_20241013T174147,0,2023-07,T40QFM,0.24379366174194364,0,0.7596965683860358
S2B_MSIL2A_20230704T063629_R120_T40QFM_20241013T174147_0001.jpg,S2B_MSIL2A_20230704T063629_R120_T40QFM_20241013T174147,0,2023-07,T40QFM,0.256363072750479,0,0.7596965683860358
S2B_MSIL2A_20230714T063629_R120_T40QFM_20240910T152238_0000.jpg,S2B_MSIL2A_20230714T063629_R120_T40QFM_20240910T152238,0,2023-07,T40QFM,0.12913376502202764,0,0.7596965683860358
S2B_MSIL2A_20230714T063629_R120_T40QFM_20240910T152238_0001.jpg,S2B_MSIL2A_20230714T063629_R120_T40QFM_20240910T152238,0,2023-07,T40QFM,0.14948008252345027,0,0.7596965683860358
S2A_MSIL2A_20230719T063631_R120_T40QFM_20241013T092547_0000.jpg,S2A_MSIL2A_20230719T063631_R120_T40QFM_20241013T092547,0,2023-07,T40QFM,0.1967129301604083,0,0.7596965683860358
S2A_MSIL2A_20230719T063631_R120_T40QFM_20241013T092547_0001.jpg,S2A_MSIL2A_20230719T063631_R120_T40QFM_20241013T092547,0,2023-07,T40QFM,0.16809264781804997,0,0.7596965683860358
S2A_MSIL2A_20230808T063631_R120_T40QFM_20241021T084732_0000.jpg,S2A_MSIL2A_20230808T063631_R120_T40QFM_20241021T084732,0,2023-08,T40QFM,0.7435690442512334,0,0.7596965683860358
S2A_MSIL2A_20230808T063631_R120_T40QFM_20241021T084732_0001.jpg,S2A_MSIL2A_20230808T063631_R120_T40QFM_20241021T084732,0,2023-08,T40QFM,0.7093480165017959,0,0.7596965683860358
S2B_MSIL2A_20230813T063629_R120_T40QFM_20241020T075725_0000.jpg,S2B_MSIL2A_20230813T063629_R120_T40QFM_20241020T075725,1,2023-08,T40QFM,0.8017678904933939,1,0.7596965683860358
S2B_MSIL2A_20230813T063629_R120_T40QFM_20241020T075725_0001.jpg,S2B_MSIL2A_20230813T063629_R120_T40QFM_20241020T075725,1,2023-08,T40QFM,0.7938845474839441,1,0.7596965683860358
S2A_MSIL2A_20230818T063631_R120_T40QFM_20240912T142615_0000.jpg,S2A_MSIL2A_20230818T063631_R120_T40QFM_20240912T142615,1,2023-08,T40QFM,0.6822311362416041,0,0.7596965683860358
S2A_MSIL2A_20230818T063631_R120_T40QFM_20240912T142615_0001.jpg,S2A_MSIL2A_20230818T063631_R120_T40QFM_20240912T142615,1,2023-08,T40QFM,0.6852026926380027,0,0.7596965683860358
S2A_MSIL2A_20230927T063631_R120_T40QFM_20230927T125012_0000.jpg,S2A_MSIL2A_20230927T063631_R120_T40QFM_20230927T125012,0,2023-09,T40QFM,0.10757283578167079,0,0.7596965683860358
S2A_MSIL2A_20230927T063631_R120_T40QFM_20230927T125012_0001.jpg,S2A_MSIL2A_20230927T063631_R120_T40QFM_20230927T125012,0,2023-09,T40QFM,0.10618517662331406,0,0.7596965683860358
S2B_MSIL2A_20231002T063709_R120_T40QFM_20231002T151612_0000.jpg,S2B_MSIL2A_20231002T063709_R120_T40QFM_20231002T151612,1,2023-10,T40QFM,0.37810044161369694,0,0.7596965683860358
S2B_MSIL2A_20231002T063709_R120_T40QFM_20231002T151612_0001.jpg,S2B_MSIL2A_20231002T063709_R120_T40QFM_20231002T151612,1,2023-10,T40QFM,0.37052811651058754,0,0.7596965683860358
S2B_MSIL2A_20231012T063819_R120_T40QFM_20231012T121039_0000.jpg,S2B_MSIL2A_20231012T063819_R120_T40QFM_20231012T121039,0,2023-10,T40QFM,0.02402379738417377,0,0.7596965683860358
S2B_MSIL2A_20231012T063819_R120_T40QFM_20231012T121039_0001.jpg,S2B_MSIL2A_20231012T063819_R120_T40QFM_20231012T121039,0,2023-10,T40QFM,0.024573716755190742,0,0.7596965683860358
S2A_MSIL2A_20231017T063841_R120_T40QFM_20241028T093417_0000.jpg,S2A_MSIL2A_20231017T063841_R120_T40QFM_20241028T093417,0,2023-10,T40QFM,0.02200741029248181,0,0.7596965683860358
S2A_MSIL2A_20231017T063841_R120_T40QFM_20241028T093417_0001.jpg,S2A_MSIL2A_20231017T063841_R120_T40QFM_20241028T093417,0,2023-10,T40QFM,0.02245642662615477,0,0.7596965683860358
S2B_MSIL2A_20231111T064119_R120_T40QFM_20231111T102412_0000.jpg,S2B_MSIL2A_20231111T064119_R120_T40QFM_20231111T102412,1,2023-11,T40QFM,0.27539771356913056,0,0.7596965683860358
S2B_MSIL2A_20231111T064119_R120_T40QFM_20231111T102412_0001.jpg,S2B_MSIL2A_20231111T064119_R120_T40QFM_20231111T102412,1,2023-11,T40QFM,0.28093994095200114,0,0.7596965683860358
S2B_MSIL2A_20231121T064149_R120_T40QFM_20231121T102301_0000.jpg,S2B_MSIL2A_20231121T064149_R120_T40QFM_20231121T102301,1,2023-11,T40QFM,0.9913067265116864,1,0.7596965683860358
S2B_MSIL2A_20231121T064149_R120_T40QFM_20231121T102301_0001.jpg,S2B_MSIL2A_20231121T064149_R120_T40QFM_20231121T102301,1,2023-11,T40QFM,0.9920748965756824,1,0.7596965683860358
S2A_MSIL2A_20231126T064211_R120_T40QFM_20231126T111026_0000.jpg,S2A_MSIL2A_20231126T064211_R120_T40QFM_20231126T111026,0,2023-11,T40QFM,0.3187222898353537,0,0.7596965683860358
S2A_MSIL2A_20231126T064211_R120_T40QFM_20231126T111026_0001.jpg,S2A_MSIL2A_20231126T064211_R120_T40QFM_20231126T111026,0,2023-11,T40QFM,0.31548167083026624,0,0.7596965683860358
S2B_MSIL2A_20231221T064309_R120_T40QFM_20231222T041316_0000.jpg,S2B_MSIL2A_20231221T064309_R120_T40QFM_20231222T041316,0,2023-12,T40QFM,0.11610984451570418,0,0.7596965683860358
S2B_MSIL2A_20231221T064309_R120_T40QFM_20231222T041316_0001.jpg,S2B_MSIL2A_20231221T064309_R120_T40QFM_20231222T041316,0,2023-12,T40QFM,0.11849656886117521,0,0.7596965683860358
S2B_MSIL2A_20231231T064259_R120_T40QFM_20231231T100833_0000.jpg,S2B_MSIL2A_20231231T064259_R120_T40QFM_20231231T100833,0,2023-12,T40QFM,0.2916729855293684,0,0.7596965683860358
S2B_MSIL2A_20231231T064259_R120_T40QFM_20231231T100833_0001.jpg,S2B_MSIL2A_20231231T064259_R120_T40QFM_20231231T100833,0,2023-12,T40QFM,0.28735208705417664,0,0.7596965683860358
S2A_MSIL2A_20240105T064251_R120_T40QFM_20240105T111327_0000.jpg,S2A_MSIL2A_20240105T064251_R120_T40QFM_20240105T111327,0,2024-01,T40QFM,0.7311238444922363,0,0.7596965683860358
S2A_MSIL2A_20240105T064251_R120_T40QFM_20240105T111327_0001.jpg,S2A_MSIL2A_20240105T064251_R120_T40QFM_20240105T111327,0,2024-01,T40QFM,0.7165441566908691,0,0.7596965683860358
S2B_MSIL2A_20240110T064239_R120_T40QFM_20240110T094323_0000.jpg,S2B_MSIL2A_20240110T064239_R120_T40QFM_20240110T094323,0,2024-01,T40QFM,0.3275452513860454,0,0.7596965683860358
S2B_MSIL2A_20240110T064239_R120_T40QFM_20240110T094323_0001.jpg,S2B_MSIL2A_20240110T064239_R120_T40QFM_20240110T094323,0,2024-01,T40QFM,0.3199099750922104,0,0.7596965683860358
S2B_MSIL2A_20240120T064209_R120_T40QFM_20240120T101055_0000.jpg,S2B_MSIL2A_20240120T064209_R120_T40QFM_20240120T101055,0,2024-01,T40QFM,0.10299194735886094,0,0.7596965683860358
S2B_MSIL2A_20240120T064209_R120_T40QFM_20240120T101055_0001.jpg,S2B_MSIL2A_20240120T064209_R120_T40QFM_20240120T101055,0,2024-01,T40QFM,0.10694835239171925,0,0.7596965683860358
S2B_MSIL2A_20240130T064119_R120_T40QFM_20240130T101447_0000.jpg,S2B_MSIL2A_20240130T064119_R120_T40QFM_20240130T101447,0,2024-01,T40QFM,0.07001325259054127,0,0.7596965683860358
S2B_MSIL2A_20240130T064119_R120_T40QFM_20240130T101447_0001.jpg,S2B_MSIL2A_20240130T064119_R120_T40QFM_20240130T101447,0,2024-01,T40QFM,0.06506568288001609,0,0.7596965683860358
S2A_MSIL2A_20240204T064051_R120_T40QFM_20240204T114514_0000.jpg,S2A_MSIL2A_20240204T064051_R120_T40QFM_20240204T114514,0,2024-02,T40QFM,0.5148513488162789,0,0.7596965683860358
S2A_MSIL2A_20240204T064051_R120_T40QFM_20240204T114514_0001.jpg,S2A_MSIL2A_20240204T064051_R120_T40QFM_20240204T114514,0,2024-02,T40QFM,0.4461495747180806,0,0.7596965683860358
S2B_MSIL2A_20240209T064029_R120_T40QFM_20240209T101657_0000.jpg,S2B_MSIL2A_20240209T064029_R120_T40QFM_20240209T101657,0,2024-02,T40QFM,0.29581277833971464,0,0.7596965683860358
S2B_MSIL2A_20240209T064029_R120_T40QFM_20240209T101657_0001.jpg,S2B_MSIL2A_20240209T064029_R120_T40QFM_20240209T101657,0,2024-02,T40QFM,0.2867100855060028,0,0.7596965683860358
S2A_MSIL2A_20240224T063851_R120_T40QFM_20240224T122309_0000.jpg,S2A_MSIL2A_20240224T063851_R120_T40QFM_20240224T122309,0,2024-02,T40QFM,0.06684996623290666,0,0.7596965683860358
S2A_MSIL2A_20240224T063851_R120_T40QFM_20240224T122309_0001.jpg,S2A_MSIL2A_20240224T063851_R120_T40QFM_20240224T122309,0,2024-02,T40QFM,0.07171345130188761,0,0.7596965683860358
S2A_MSIL2A_20240315T063631_R120_T40QFM_20240315T121549_0000.jpg,S2A_MSIL2A_20240315T063631_R120_T40QFM_20240315T121549,0,2024-03,T40QFM,0.2309253551641215,0,0.7596965683860358
S2A_MSIL2A_20240315T063631_R120_T40QFM_20240315T121549_0001.jpg,S2A_MSIL2A_20240315T063631_R120_T40QFM_20240315T121549,0,2024-03,T40QFM,0.23757287307779396,0,0.7596965683860358
S2B_MSIL2A_20240419T063629_R120_T40QFM_20240419T103651_0000.jpg,S2B_MSIL2A_20240419T063629_R120_T40QFM_20240419T103651,0,2024-04,T40QFM,0.011304910052710997,0,0.7596965683860358
S2B_MSIL2A_20240419T063629_R120_T40QFM_20240419T103651_0001.jpg,S2B_MSIL2A_20240419T063629_R120_T40QFM_20240419T103651,0,2024-04,T40QFM,0.010187418204847951,0,0.7596965683860358
S2B_MSIL2A_20240429T063629_R120_T40QFM_20240429T111845_0000.jpg,S2B_MSIL2A_20240429T063629_R120_T40QFM_20240429T111845,1,2024-04,T40QFM,0.9354589032170647,1,0.7596965683860358
S2B_MSIL2A_20240429T063629_R120_T40QFM_20240429T111845_0001.jpg,S2B_MSIL2A_20240429T063629_R120_T40QFM_20240429T111845,1,2024-04,T40QFM,0.9367764165545218,1,0.7596965683860358
S2A_MSIL2A_20240504T063631_R120_T40QFM_20240506T184012_0000.jpg,S2A_MSIL2A_20240504T063631_R120_T40QFM_20240506T184012,0,2024-05,T40QFM,0.5311685113116038,0,0.7596965683860358
S2A_MSIL2A_20240504T063631_R120_T40QFM_20240506T184012_0001.jpg,S2A_MSIL2A_20240504T063631_R120_T40QFM_20240506T184012,0,2024-05,T40QFM,0.5125780815443202,0,0.7596965683860358
S2B_MSIL2A_20240509T063629_R120_T40QFM_20240509T101759_0000.jpg,S2B_MSIL2A_20240509T063629_R120_T40QFM_20240509T101759,0,2024-05,T40QFM,0.8285872071653924,1,0.7596965683860358
S2B_MSIL2A_20240509T063629_R120_T40QFM_20240509T101759_0001.jpg,S2B_MSIL2A_20240509T063629_R120_T40QFM_20240509T101759,0,2024-05,T40QFM,0.8137100582552418,1,0.7596965683860358
S2A_MSIL2A_20240524T063621_R120_T40QFM_20240524T121928_0000.jpg,S2A_MSIL2A_20240524T063621_R120_T40QFM_20240524T121928,0,2024-05,T40QFM,0.000763368412404209,0,0.7596965683860358
S2A_MSIL2A_20240524T063621_R120_T40QFM_20240524T121928_0001.jpg,S2A_MSIL2A_20240524T063621_R120_T40QFM_20240524T121928,0,2024-05,T40QFM,0.000761781189699668,0,0.7596965683860358
S2B_MSIL2A_20240529T063629_R120_T40QFM_20240529T102225_0000.jpg,S2B_MSIL2A_20240529T063629_R120_T40QFM_20240529T102225,0,2024-05,T40QFM,0.0008444005280697295,0,0.7596965683860358
S2B_MSIL2A_20240529T063629_R120_T40QFM_20240529T102225_0001.jpg,S2B_MSIL2A_20240529T063629_R120_T40QFM_20240529T102225,0,2024-05,T40QFM,0.0008481179369013565,0,0.7596965683860358
S2A_MSIL2A_20240603T063631_R120_T40QFM_20240603T120925_0000.jpg,S2A_MSIL2A_20240603T063631_R120_T40QFM_20240603T120925,1,2024-06,T40QFM,0.9998554795620351,1,0.7596965683860358
S2A_MSIL2A_20240603T063631_R120_T40QFM_20240603T120925_0001.jpg,S2A_MSIL2A_20240603T063631_R120_T40QFM_20240603T120925,1,2024-06,T40QFM,0.9998504411737908,1,0.7596965683860358
S2A_MSIL2A_20240613T063631_R120_T40QFM_20240613T114843_0000.jpg,S2A_MSIL2A_20240613T063631_R120_T40QFM_20240613T114843,0,2024-06,T40QFM,0.9760108185433748,1,0.7596965683860358
S2A_MSIL2A_20240613T063631_R120_T40QFM_20240613T114843_0001.jpg,S2A_MSIL2A_20240613T063631_R120_T40QFM_20240613T114843,0,2024-06,T40QFM,0.9726842861201812,1,0.7596965683860358
S2B_MSIL2A_20240628T063629_R120_T40QFM_20240628T105136_0000.jpg,S2B_MSIL2A_20240628T063629_R120_T40QFM_20240628T105136,0,2024-06,T40QFM,0.028978297684575972,0,0.7596965683860358
S2B_MSIL2A_20240628T063629_R120_T40QFM_20240628T105136_0001.jpg,S2B_MSIL2A_20240628T063629_R120_T40QFM_20240628T105136,0,2024-06,T40QFM,0.022117836331551895,0,0.7596965683860358
S2A_MSIL2A_20240703T063631_R120_T40QFM_20240703T111800_0000.jpg,S2A_MSIL2A_20240703T063631_R120_T40QFM_20240703T111800,1,2024-07,T40QFM,0.999999,1,0.7596965683860358
S2A_MSIL2A_20240703T063631_R120_T40QFM_20240703T111800_0001.jpg,S2A_MSIL2A_20240703T063631_R120_T40QFM_20240703T111800,1,2024-07,T40QFM,0.999999,1,0.7596965683860358
S2A_MSIL2A_20240723T063631_R120_T40QFM_20240723T113350_0000.jpg,S2A_MSIL2A_20240723T063631_R120_T40QFM_20240723T113350,0,2024-07,T40QFM,1e-06,0,0.7596965683860358
S2A_MSIL2A_20240723T063631_R120_T40QFM_20240723T113350_0001.jpg,S2A_MSIL2A_20240723T063631_R120_T40QFM_20240723T113350,0,2024-07,T40QFM,1e-06,0,0.7596965683860358
S2A_MSIL2A_20240822T063621_R120_T40QFM_20240822T115549_0000.jpg,S2A_MSIL2A_20240822T063621_R120_T40QFM_20240822T115549,1,2024-08,T40QFM,0.7712659032349062,1,0.7596965683860358
S2A_MSIL2A_20240822T063621_R120_T40QFM_20240822T115549_0001.jpg,S2A_MSIL2A_20240822T063621_R120_T40QFM_20240822T115549,1,2024-08,T40QFM,0.7210597330559068,0,0.7596965683860358
S2A_MSIL2A_20240921T063631_R120_T40QFM_20240921T101256_0000.jpg,S2A_MSIL2A_20240921T063631_R120_T40QFM_20240921T101256,0,2024-09,T40QFM,0.119863859892631,0,0.7596965683860358
S2A_MSIL2A_20240921T063631_R120_T40QFM_20240921T101256_0001.jpg,S2A_MSIL2A_20240921T063631_R120_T40QFM_20240921T101256,0,2024-09,T40QFM,0.09085711069792567,0,0.7596965683860358
S2B_MSIL2A_20240926T063629_R120_T40QFM_20240926T091028_0000.jpg,S2B_MSIL2A_20240926T063629_R120_T40QFM_20240926T091028,0,2024-09,T40QFM,0.12946677829011952,0,0.7596965683860358
S2B_MSIL2A_20240926T063629_R120_T40QFM_20240926T091028_0001.jpg,S2B_MSIL2A_20240926T063629_R120_T40QFM_20240926T091028,0,2024-09,T40QFM,0.12420235322202515,0,0.7596965683860358
S2A_MSIL2A_20241011T063811_R120_T40QFM_20241011T094953_0000.jpg,S2A_MSIL2A_20241011T063811_R120_T40QFM_20241011T094953,1,2024-10,T40QFM,0.999999,1,0.7596965683860358
S2A_MSIL2A_20241011T063811_R120_T40QFM_20241011T094953_0001.jpg,S2A_MSIL2A_20241011T063811_R120_T40QFM_20241011T094953,1,2024-10,T40QFM,0.999999,1,0.7596965683860358
S2A_MSIL2A_20241021T063921_R120_T40QFM_20241021T103950_0000.jpg,S2A_MSIL2A_20241021T063921_R120_T40QFM_20241021T103950,1,2024-10,T40QFM,0.9149810912472366,1,0.7596965683860358
S2A_MSIL2A_20241021T063921_R120_T40QFM_20241021T103950_0001.jpg,S2A_MSIL2A_20241021T063921_R120_T40QFM_20241021T103950,1,2024-10,T40QFM,0.9159759901147707,1,0.7596965683860358
S2A_MSIL2A_20241110T064111_R120_T40QFM_20241110T095151_0000.jpg,S2A_MSIL2A_20241110T064111_R120_T40QFM_20241110T095151,0,2024-11,T40QFM,0.2990162760951981,0,0.7596965683860358
S2A_MSIL2A_20241110T064111_R120_T40QFM_20241110T095151_0001.jpg,S2A_MSIL2A_20241110T064111_R120_T40QFM_20241110T095151,0,2024-11,T40QFM,0.3117330943136253,0,0.7596965683860358
S2A_MSIL2A_20241120T064201_R120_T40QFM_20241120T094700_0000.jpg,S2A_MSIL2A_20241120T064201_R120_T40QFM_20241120T094700,0,2024-11,T40QFM,0.343526238525987,0,0.7596965683860358
S2A_MSIL2A_20241120T064201_R120_T40QFM_20241120T094700_0001.jpg,S2A_MSIL2A_20241120T064201_R120_T40QFM_20241120T094700,0,2024-11,T40QFM,0.33065948928432815,0,0.7596965683860358
S2B_MSIL2A_20241125T064119_R120_T40QFM_20241125T085904_0000.jpg,S2B_MSIL2A_20241125T064119_R120_T40QFM_20241125T085904,0,2024-11,T40QFM,0.056706908570336924,0,0.7596965683860358
S2B_MSIL2A_20241125T064119_R120_T40QFM_20241125T085904_0001.jpg,S2B_MSIL2A_20241125T064119_R120_T40QFM_20241125T085904,0,2024-11,T40QFM,0.05558419210259781,0,0.7596965683860358
S2A_MSIL2A_20241210T064251_R120_T40QFM_20241210T095759_0000.jpg,S2A_MSIL2A_20241210T064251_R120_T40QFM_20241210T095759,0,2024-12,T40QFM,0.03094117522044631,0,0.7596965683860358
S2A_MSIL2A_20241210T064251_R120_T40QFM_20241210T095759_0001.jpg,S2A_MSIL2A_20241210T064251_R120_T40QFM_20241210T095759,0,2024-12,T40QFM,0.026497617941125776,0,0.7596965683860358
S2A_MSIL2A_20241220T064301_R120_T40QFM_20241220T102805_0000.jpg,S2A_MSIL2A_20241220T064301_R120_T40QFM_20241220T102805,0,2024-12,T40QFM,0.7071702456328249,0,0.7596965683860358
S2A_MSIL2A_20241220T064301_R120_T40QFM_20241220T102805_0001.jpg,S2A_MSIL2A_20241220T064301_R120_T40QFM_20241220T102805,0,2024-12,T40QFM,0.6529499418390573,0,0.7596965683860358
S2B_MSIL2A_20241225T064209_R120_T40QFM_20241225T090946_0000.jpg,S2B_MSIL2A_20241225T064209_R120_T40QFM_20241225T090946,0,2024-12,T40QFM,0.42015279202153366,0,0.7596965683860358
S2B_MSIL2A_20241225T064209_R120_T40QFM_20241225T090946_0001.jpg,S2B_MSIL2A_20241225T064209_R120_T40QFM_20241225T090946,0,2024-12,T40QFM,0.43186946942529764,0,0.7596965683860358
S2A_MSIL2A_20170227T062811_R077_T40QGL_20210208T174006_0000.jpg,S2A_MSIL2A_20170227T062811_R077_T40QGL_20210208T174006,0,2017-02,T40QGL,0.051142301516207515,0,0.7596965683860358
S2A_MSIL2A_20170227T062811_R077_T40QGL_20210208T174006_0001.jpg,S2A_MSIL2A_20170227T062811_R077_T40QGL_20210208T174006,0,2017-02,T40QGL,0.05189232143197153,0,0.7596965683860358
S2A_MSIL2A_20170607T062631_R077_T40QGL_20210209T210403_0000.jpg,S2A_MSIL2A_20170607T062631_R077_T40QGL_20210209T210403,0,2017-06,T40QGL,0.19089779698993767,0,0.7596965683860358
S2A_MSIL2A_20170607T062631_R077_T40QGL_20210209T210403_0001.jpg,S2A_MSIL2A_20170607T062631_R077_T40QGL_20210209T210403,0,2017-06,T40QGL,0.2054486225601235,0,0.7596965683860358
S2B_MSIL2A_20170712T062629_R077_T40QGL_20210210T075546_0000.jpg,S2B_MSIL2A_20170712T062629_R077_T40QGL_20210210T075546,0,2017-07,T40QGL,0.06727185402003544,0,0.7596965683860358
S2B_MSIL2A_20170712T062629_R077_T40QGL_20210210T075546_0001.jpg,S2B_MSIL2A_20170712T062629_R077_T40QGL_20210210T075546,0,2017-07,T40QGL,0.06103511350686303,0,0.7596965683860358
S2A_MSIL2A_20170806T062631_R077_T40QGL_20210210T201854_0000.jpg,S2A_MSIL2A_20170806T062631_R077_T40QGL_20210210T201854,0,2017-08,T40QGL,0.3154959342771099,0,0.7596965683860358
S2A_MSIL2A_20170806T062631_R077_T40QGL_20210210T201854_0001.jpg,S2A_MSIL2A_20170806T062631_R077_T40QGL_20210210T201854,0,2017-08,T40QGL,0.3038762268645795,0,0.7596965683860358
S2A_MSIL2A_20171005T062721_R077_T40QGL_20210202T140740_0000.jpg,S2A_MSIL2A_20171005T062721_R077_T40QGL_20210202T140740,0,2017-10,T40QGL,0.18743315766626656,0,0.7596965683860358
S2A_MSIL2A_20171005T062721_R077_T40QGL_20210202T140740_0001.jpg,S2A_MSIL2A_20171005T062721_R077_T40QGL_20210202T140740,0,2017-10,T40QGL,0.17800052896886093,0,0.7596965683860358
S2B_MSIL2A_20171109T063039_R077_T40QGL_20201014T190829_0000.jpg,S2B_MSIL2A_20171109T063039_R077_T40QGL_20201014T190829,0,2017-11,T40QGL,0.07940854051129134,0,0.7596965683860358
S2B_MSIL2A_20171109T063039_R077_T40QGL_20201014T190829_0001.jpg,S2B_MSIL2A_20171109T063039_R077_T40QGL_20201014T190829,0,2017-11,T40QGL,0.07505722760155054,0,0.7596965683860358
S2B_MSIL2A_20171119T063129_R077_T40QGL_20201014T205948_0000.jpg,S2B_MSIL2A_20171119T063129_R077_T40QGL_20201014T205948,0,2017-11,T40QGL,0.29602226996257164,0,0.7596965683860358
S2B_MSIL2A_20171119T063129_R077_T40QGL_20201014T205948_0001.jpg,S2B_MSIL2A_20171119T063129_R077_T40QGL_20201014T205948,0,2017-11,T40QGL,0.21031661641295746,0,0.7596965683860358
S2B_MSIL2A_20171129T063209_R077_T40QGL_20201014T225537_0000.jpg,S2B_MSIL2A_20171129T063209_R077_T40QGL_20201014T225537,0,2017-11,T40QGL,0.11576195981815264,0,0.7596965683860358
S2B_MSIL2A_20171129T063209_R077_T40QGL_20201014T225537_0001.jpg,S2B_MSIL2A_20171129T063209_R077_T40QGL_20201014T225537,0,2017-11,T40QGL,0.20100468829806045,0,0.7596965683860358
S2A_MSIL2A_20171224T063251_R077_T40QGL_20201014T155901_0000.jpg,S2A_MSIL2A_20171224T063251_R077_T40QGL_20201014T155901,1,2017-12,T40QGL,0.6946123276307564,0,0.7596965683860358
S2A_MSIL2A_20171224T063251_R077_T40QGL_20201014T155901_0001.jpg,S2A_MSIL2A_20171224T063251_R077_T40QGL_20201014T155901,1,2017-12,T40QGL,0.6782531547856984,0,0.7596965683860358
S2B_MSIL2A_20180108T063229_R077_T40QGL_20201014T041332_0000.jpg,S2B_MSIL2A_20180108T063229_R077_T40QGL_20201014T041332,0,2018-01,T40QGL,0.1413078974269259,0,0.7596965683860358
S2B_MSIL2A_20180108T063229_R077_T40QGL_20201014T041332_0001.jpg,S2B_MSIL2A_20180108T063229_R077_T40QGL_20201014T041332,0,2018-01,T40QGL,0.1602770902734171,0,0.7596965683860358
S2B_MSIL2A_20180128T063119_R077_T40QGL_20201014T093448_0000.jpg,S2B_MSIL2A_20180128T063119_R077_T40QGL_20201014T093448,0,2018-01,T40QGL,0.06025815490558712,0,0.7596965683860358
S2B_MSIL2A_20180128T063119_R077_T40QGL_20201014T093448_0001.jpg,S2B_MSIL2A_20180128T063119_R077_T40QGL_20201014T093448,0,2018-01,T40QGL,0.06504525257613739,0,0.7596965683860358
S2B_MSIL2A_20180217T062919_R077_T40QGL_20201013T222428_0000.jpg,S2B_MSIL2A_20180217T062919_R077_T40QGL_20201013T222428,0,2018-02,T40QGL,0.3285747452048295,0,0.7596965683860358
S2B_MSIL2A_20180217T062919_R077_T40QGL_20201013T222428_0001.jpg,S2B_MSIL2A_20180217T062919_R077_T40QGL_20201013T222428,0,2018-02,T40QGL,0.35754558154932764,0,0.7596965683860358
S2B_MSIL2A_20180319T062619_R077_T40QGL_20201013T111702_0000.jpg,S2B_MSIL2A_20180319T062619_R077_T40QGL_20201013T111702,0,2018-03,T40QGL,0.19619732777955204,0,0.7596965683860358
S2B_MSIL2A_20180319T062619_R077_T40QGL_20201013T111702_0001.jpg,S2B_MSIL2A_20180319T062619_R077_T40QGL_20201013T111702,0,2018-03,T40QGL,0.19665148878014937,0,0.7596965683860358
S2A_MSIL2A_20180503T062631_R077_T40QGL_20201012T051456_0000.jpg,S2A_MSIL2A_20180503T062631_R077_T40QGL_20201012T051456,0,2018-05,T40QGL,0.20707640368123847,0,0.7596965683860358
S2A_MSIL2A_20180503T062631_R077_T40QGL_20201012T051456_0001.jpg,S2A_MSIL2A_20180503T062631_R077_T40QGL_20201012T051456,0,2018-05,T40QGL,0.1976109723043529,0,0.7596965683860358
S2A_MSIL2A_20180513T062631_R077_T40QGL_20201012T091424_0000.jpg,S2A_MSIL2A_20180513T062631_R077_T40QGL_20201012T091424,0,2018-05,T40QGL,0.3813790276588194,0,0.7596965683860358
S2A_MSIL2A_20180513T062631_R077_T40QGL_20201012T091424_0001.jpg,S2A_MSIL2A_20180513T062631_R077_T40QGL_20201012T091424,0,2018-05,T40QGL,0.3517787810388677,0,0.7596965683860358
S2A_MSIL2A_20180523T062631_R077_T40QGL_20201012T131340_0000.jpg,S2A_MSIL2A_20180523T062631_R077_T40QGL_20201012T131340,0,2018-05,T40QGL,0.00020239758550055415,0,0.7596965683860358
S2A_MSIL2A_20180523T062631_R077_T40QGL_20201012T131340_0001.jpg,S2A_MSIL2A_20180523T062631_R077_T40QGL_20201012T131340,0,2018-05,T40QGL,0.0002167074499386159,0,0.7596965683860358
S2A_MSIL2A_20180602T062631_R077_T40QGL_20201026T120848_0000.jpg,S2A_MSIL2A_20180602T062631_R077_T40QGL_20201026T120848,0,2018-06,T40QGL,0.6068910164578973,0,0.7596965683860358
S2A_MSIL2A_20180602T062631_R077_T40QGL_20201026T120848_0001.jpg,S2A_MSIL2A_20180602T062631_R077_T40QGL_20201026T120848,0,2018-06,T40QGL,0.6142187778278619,0,0.7596965683860358
S2B_MSIL2A_20180617T062629_R077_T40QGL_20201011T231555_0000.jpg,S2B_MSIL2A_20180617T062629_R077_T40QGL_20201011T231555,0,2018-06,T40QGL,0.5755575114431991,0,0.7596965683860358
S2B_MSIL2A_20180617T062629_R077_T40QGL_20201011T231555_0001.jpg,S2B_MSIL2A_20180617T062629_R077_T40QGL_20201011T231555,0,2018-06,T40QGL,0.5700525277848926,0,0.7596965683860358
S2B_MSIL2A_20180707T062629_R077_T40QGL_20201011T130506_0000.jpg,S2B_MSIL2A_20180707T062629_R077_T40QGL_20201011T130506,1,2018-07,T40QGL,0.8663094030353344,1,0.7596965683860358
S2B_MSIL2A_20180707T062629_R077_T40QGL_20201011T130506_0001.jpg,S2B_MSIL2A_20180707T062629_R077_T40QGL_20201011T130506,1,2018-07,T40QGL,0.8792285443816932,1,0.7596965683860358
S2B_MSIL2A_20180806T062629_R077_T40QGL_20201010T220237_0000.jpg,S2B_MSIL2A_20180806T062629_R077_T40QGL_20201010T220237,0,2018-08,T40QGL,0.289372165598407,0,0.7596965683860358
S2B_MSIL2A_20180806T062629_R077_T40QGL_20201010T220237_0001.jpg,S2B_MSIL2A_20180806T062629_R077_T40QGL_20201010T220237,0,2018-08,T40QGL,0.42012179742487643,0,0.7596965683860358
S2A_MSIL2A_20180821T062631_R077_T40QGL_20201011T044753_0000.jpg,S2A_MSIL2A_20180821T062631_R077_T40QGL_20201011T044753,0,2018-08,T40QGL,0.08990694978810394,0,0.7596965683860358
S2A_MSIL2A_20180821T062631_R077_T40QGL_20201011T044753_0001.jpg,S2A_MSIL2A_20180821T062631_R077_T40QGL_20201011T044753,0,2018-08,T40QGL,0.0894567064371136,0,0.7596965683860358
S2A_MSIL2A_20180831T062631_R077_T40QGL_20201103T173702_0000.jpg,S2A_MSIL2A_20180831T062631_R077_T40QGL_20201103T173702,0,2018-08,T40QGL,0.1616798573856895,0,0.7596965683860358
S2A_MSIL2A_20180831T062631_R077_T40QGL_20201103T173702_0001.jpg,S2A_MSIL2A_20180831T062631_R077_T40QGL_20201103T173702,0,2018-08,T40QGL,0.17603374410325165,0,0.7596965683860358
S2B_MSIL2A_20180905T062619_R077_T40QGL_20201011T085713_0000.jpg,S2B_MSIL2A_20180905T062619_R077_T40QGL_20201011T085713,0,2018-09,T40QGL,0.376249316701581,0,0.7596965683860358
S2B_MSIL2A_20180905T062619_R077_T40QGL_20201011T085713_0001.jpg,S2B_MSIL2A_20180905T062619_R077_T40QGL_20201011T085713,0,2018-09,T40QGL,0.3340136279618862,0,0.7596965683860358
S2B_MSIL2A_20180915T062619_R077_T40QGL_20201009T012730_0000.jpg,S2B_MSIL2A_20180915T062619_R077_T40QGL_20201009T012730,0,2018-09,T40QGL,0.09171684449713764,0,0.7596965683860358
S2B_MSIL2A_20180915T062619_R077_T40QGL_20201009T012730_0001.jpg,S2B_MSIL2A_20180915T062619_R077_T40QGL_20201009T012730,0,2018-09,T40QGL,0.09630835609355053,0,0.7596965683860358
S2A_MSIL2A_20180930T062641_R077_T40QGL_20201009T062820_0000.jpg,S2A_MSIL2A_20180930T062641_R077_T40QGL_20201009T062820,0,2018-09,T40QGL,0.7477337254588189,0,0.7596965683860358
S2A_MSIL2A_20180930T062641_R077_T40QGL_20201009T062820_0001.jpg,S2A_MSIL2A_20180930T062641_R077_T40QGL_20201009T062820,0,2018-09,T40QGL,0.7517538528899465,0,0.7596965683860358
S2B_MSIL2A_20181005T062719_R077_T40QGL_20201009T082717_0000.jpg,S2B_MSIL2A_20181005T062719_R077_T40QGL_20201009T082717,0,2018-10,T40QGL,0.1321070234300745,0,0.7596965683860358
S2B_MSIL2A_20181005T062719_R077_T40QGL_20201009T082717_0001.jpg,S2B_MSIL2A_20181005T062719_R077_T40QGL_20201009T082717,0,2018-10,T40QGL,0.11258600885259389,0,0.7596965683860358
S2A_MSIL2A_20181010T062751_R077_T40QGL_20201009T100248_0000.jpg,S2A_MSIL2A_20181010T062751_R077_T40QGL_20201009T100248,1,2018-10,T40QGL,0.45425020915846087,0,0.7596965683860358
S2A_MSIL2A_20181010T062751_R077_T40QGL_20201009T100248_0001.jpg,S2A_MSIL2A_20181010T062751_R077_T40QGL_20201009T100248,1,2018-10,T40QGL,0.45635143672898504,0,0.7596965683860358
S2B_MSIL2A_20181104T063029_R077_T40QGL_20201008T154613_0000.jpg,S2B_MSIL2A_20181104T063029_R077_T40QGL_20201008T154613,1,2018-11,T40QGL,0.5771820490048568,0,0.7596965683860358
S2B_MSIL2A_20181104T063029_R077_T40QGL_20201008T154613_0001.jpg,S2B_MSIL2A_20181104T063029_R077_T40QGL_20201008T154613,1,2018-11,T40QGL,0.5461770440007238,0,0.7596965683860358
S2B_MSIL2A_20181114T063119_R077_T40QGL_20201008T183306_0000.jpg,S2B_MSIL2A_20181114T063119_R077_T40QGL_20201008T183306,0,2018-11,T40QGL,0.046741966519592906,0,0.7596965683860358
S2B_MSIL2A_20181114T063119_R077_T40QGL_20201008T183306_0001.jpg,S2B_MSIL2A_20181114T063119_R077_T40QGL_20201008T183306,0,2018-11,T40QGL,0.04293758189107711,0,0.7596965683860358
S2A_MSIL2A_20181209T063241_R077_T40QGL_20201008T083422_0000.jpg,S2A_MSIL2A_20181209T063241_R077_T40QGL_20201008T083422,0,2018-12,T40QGL,0.001087819557376276,0,0.7596965683860358
S2A_MSIL2A_20181209T063241_R077_T40QGL_20201008T083422_0001.jpg,S2A_MSIL2A_20181209T063241_R077_T40QGL_20201008T083422,0,2018-12,T40QGL,0.0012289725713896327,0,0.7596965683860358
S2B_MSIL2A_20190103T063249_R077_T40QGL_20201007T222958_0000.jpg,S2B_MSIL2A_20190103T063249_R077_T40QGL_20201007T222958,0,2019-01,T40QGL,0.09112842109977735,0,0.7596965683860358
S2B_MSIL2A_20190103T063249_R077_T40QGL_20201007T222958_0001.jpg,S2B_MSIL2A_20190103T063249_R077_T40QGL_20201007T222958,0,2019-01,T40QGL,0.09164389821641925,0,0.7596965683860358
S2A_MSIL2A_20190128T063121_R077_T40QGL_20201008T051649_0000.jpg,S2A_MSIL2A_20190128T063121_R077_T40QGL_20201008T051649,0,2019-01,T40QGL,0.6224848796320573,0,0.7596965683860358
S2A_MSIL2A_20190128T063121_R077_T40QGL_20201008T051649_0001.jpg,S2A_MSIL2A_20190128T063121_R077_T40QGL_20201008T051649,0,2019-01,T40QGL,0.6096802296692481,0,0.7596965683860358
S2B_MSIL2A_20190212T063009_R077_T40QGL_20201007T161347_0000.jpg,S2B_MSIL2A_20190212T063009_R077_T40QGL_20201007T161347,1,2019-02,T40QGL,0.8983309547648896,1,0.7596965683860358
S2B_MSIL2A_20190212T063009_R077_T40QGL_20201007T161347_0001.jpg,S2B_MSIL2A_20190212T063009_R077_T40QGL_20201007T161347,1,2019-02,T40QGL,0.9173716364909955,1,0.7596965683860358
S2A_MSIL2A_20190227T062821_R077_T40QGL_20201007T210606_0000.jpg,S2A_MSIL2A_20190227T062821_R077_T40QGL_20201007T210606,0,2019-02,T40QGL,0.01494761496765113,0,0.7596965683860358
S2A_MSIL2A_20190227T062821_R077_T40QGL_20201007T210606_0001.jpg,S2A_MSIL2A_20190227T062821_R077_T40QGL_20201007T210606,0,2019-02,T40QGL,0.015702232024335912,0,0.7596965683860358
S2B_MSIL2A_20190314T062629_R077_T40QGL_20201007T063944_0000.jpg,S2B_MSIL2A_20190314T062629_R077_T40QGL_20201007T063944,1,2019-03,T40QGL,0.3106709567543045,0,0.7596965683860358
S2B_MSIL2A_20190314T062629_R077_T40QGL_20201007T063944_0001.jpg,S2B_MSIL2A_20190314T062629_R077_T40QGL_20201007T063944,1,2019-03,T40QGL,0.3117902103706446,0,0.7596965683860358
S2A_MSIL2A_20190408T062631_R077_T40QGL_20201006T233306_0000.jpg,S2A_MSIL2A_20190408T062631_R077_T40QGL_20201006T233306,1,2019-04,T40QGL,0.2670750579672092,0,0.7596965683860358
S2A_MSIL2A_20190408T062631_R077_T40QGL_20201006T233306_0001.jpg,S2A_MSIL2A_20190408T062631_R077_T40QGL_20201006T233306,1,2019-04,T40QGL,0.27259854582427545,0,0.7596965683860358
S2A_MSIL2A_20190418T062631_R077_T40QGL_20201007T032916_0000.jpg,S2A_MSIL2A_20190418T062631_R077_T40QGL_20201007T032916,0,2019-04,T40QGL,0.09826225659945627,0,0.7596965683860358
S2A_MSIL2A_20190418T062631_R077_T40QGL_20201007T032916_0001.jpg,S2A_MSIL2A_20190418T062631_R077_T40QGL_20201007T032916,0,2019-04,T40QGL,0.10957305713030556,0,0.7596965683860358
S2A_MSIL2A_20190428T062631_R077_T40QGL_20201105T205728_0000.jpg,S2A_MSIL2A_20190428T062631_R077_T40QGL_20201105T205728,0,2019-04,T40QGL,0.141691466063251,0,0.7596965683860358
S2A_MSIL2A_20190428T062631_R077_T40QGL_20201105T205728_0001.jpg,S2A_MSIL2A_20190428T062631_R077_T40QGL_20201105T205728,0,2019-04,T40QGL,0.13769073570801585,0,0.7596965683860358
S2B_MSIL2A_20190503T062639_R077_T40QGL_20201006T093617_0000.jpg,S2B_MSIL2A_20190503T062639_R077_T40QGL_20201006T093617,0,2019-05,T40QGL,0.22912845577221055,0,0.7596965683860358
S2B_MSIL2A_20190503T062639_R077_T40QGL_20201006T093617_0001.jpg,S2B_MSIL2A_20190503T062639_R077_T40QGL_20201006T093617,0,2019-05,T40QGL,0.22897925805458777,0,0.7596965683860358
S2A_MSIL2A_20190528T062631_R077_T40QGL_20201006T191629_0000.jpg,S2A_MSIL2A_20190528T062631_R077_T40QGL_20201006T191629,0,2019-05,T40QGL,0.21676713280874682,0,0.7596965683860358
S2A_MSIL2A_20190528T062631_R077_T40QGL_20201006T191629_0001.jpg,S2A_MSIL2A_20190528T062631_R077_T40QGL_20201006T191629,0,2019-05,T40QGL,0.22505605590024083,0,0.7596965683860358
S2A_MSIL2A_20190607T062631_R077_T40QGL_20201005T230634_0000.jpg,S2A_MSIL2A_20190607T062631_R077_T40QGL_20201005T230634,0,2019-06,T40QGL,0.43173425229603907,0,0.7596965683860358
S2A_MSIL2A_20190607T062631_R077_T40QGL_20201005T230634_0001.jpg,S2A_MSIL2A_20190607T062631_R077_T40QGL_20201005T230634,0,2019-06,T40QGL,0.45387497580395464,0,0.7596965683860358
S2B_MSIL2A_20190612T062639_R077_T40QGL_20201006T012129_0000.jpg,S2B_MSIL2A_20190612T062639_R077_T40QGL_20201006T012129,0,2019-06,T40QGL,0.5352536815852282,0,0.7596965683860358
S2B_MSIL2A_20190612T062639_R077_T40QGL_20201006T012129_0001.jpg,S2B_MSIL2A_20190612T062639_R077_T40QGL_20201006T012129,0,2019-06,T40QGL,0.5306056991227454,0,0.7596965683860358
S2B_MSIL2A_20190702T062639_R077_T40QGL_20201005T081837_0000.jpg,S2B_MSIL2A_20190702T062639_R077_T40QGL_20201005T081837,1,2019-07,T40QGL,0.22146431570678415,0,0.7596965683860358
S2B_MSIL2A_20190702T062639_R077_T40QGL_20201005T081837_0001.jpg,S2B_MSIL2A_20190702T062639_R077_T40QGL_20201005T081837,1,2019-07,T40QGL,0.2301269699397609,0,0.7596965683860358
S2A_MSIL2A_20190816T062631_R077_T40QGL_20201005T005747_0000.jpg,S2A_MSIL2A_20190816T062631_R077_T40QGL_20201005T005747,1,2019-08,T40QGL,0.9998620787885426,1,0.7596965683860358
S2A_MSIL2A_20190816T062631_R077_T40QGL_20201005T005747_0001.jpg,S2A_MSIL2A_20190816T062631_R077_T40QGL_20201005T005747,1,2019-08,T40QGL,0.999850059994708,1,0.7596965683860358
S2A_MSIL2A_20190826T062631_R077_T40QGL_20201005T045841_0000.jpg,S2A_MSIL2A_20190826T062631_R077_T40QGL_20201005T045841,0,2019-08,T40QGL,0.13192800893289972,0,0.7596965683860358
S2A_MSIL2A_20190826T062631_R077_T40QGL_20201005T045841_0001.jpg,S2A_MSIL2A_20190826T062631_R077_T40QGL_20201005T045841,0,2019-08,T40QGL,0.14316569047926106,0,0.7596965683860358
S2B_MSIL2A_20190910T062629_R077_T40QGL_20201004T113425_0000.jpg,S2B_MSIL2A_20190910T062629_R077_T40QGL_20201004T113425,1,2019-09,T40QGL,0.22925104243778238,0,0.7596965683860358
S2B_MSIL2A_20190910T062629_R077_T40QGL_20201004T113425_0001.jpg,S2B_MSIL2A_20190910T062629_R077_T40QGL_20201004T113425,1,2019-09,T40QGL,0.21159365466487823,0,0.7596965683860358
S2A_MSIL2A_20191015T062831_R077_T40QGL_20201004T022854_0000.jpg,S2A_MSIL2A_20191015T062831_R077_T40QGL_20201004T022854,0,2019-10,T40QGL,0.017417384800935926,0,0.7596965683860358
S2A_MSIL2A_20191015T062831_R077_T40QGL_20201004T022854_0001.jpg,S2A_MSIL2A_20191015T062831_R077_T40QGL_20201004T022854,0,2019-10,T40QGL,0.015379551557574771,0,0.7596965683860358
S2B_MSIL2A_20191020T062859_R077_T40QGL_20201004T042518_0000.jpg,S2B_MSIL2A_20191020T062859_R077_T40QGL_20201004T042518,0,2019-10,T40QGL,0.7120625654413366,0,0.7596965683860358
S2B_MSIL2A_20191020T062859_R077_T40QGL_20201004T042518_0001.jpg,S2B_MSIL2A_20191020T062859_R077_T40QGL_20201004T042518,0,2019-10,T40QGL,0.66200964571234,0,0.7596965683860358
S2A_MSIL2A_20191214T063251_R077_T40QGL_20201003T044507_0000.jpg,S2A_MSIL2A_20191214T063251_R077_T40QGL_20201003T044507,1,2019-12,T40QGL,0.903242960036551,1,0.7596965683860358
S2A_MSIL2A_20191214T063251_R077_T40QGL_20201003T044507_0001.jpg,S2A_MSIL2A_20191214T063251_R077_T40QGL_20201003T044507,1,2019-12,T40QGL,0.8738332132609454,1,0.7596965683860358
S2B_MSIL2A_20200118T063209_R077_T40QGL_20201002T202134_0000.jpg,S2B_MSIL2A_20200118T063209_R077_T40QGL_20201002T202134,1,2020-01,T40QGL,0.9868098860185527,1,0.7596965683860358
S2B_MSIL2A_20200118T063209_R077_T40QGL_20201002T202134_0001.jpg,S2B_MSIL2A_20200118T063209_R077_T40QGL_20201002T202134,1,2020-01,T40QGL,0.9876093213676763,1,0.7596965683860358
S2A_MSIL2A_20200313T062631_R077_T40QGL_20201009T030506_0000.jpg,S2A_MSIL2A_20200313T062631_R077_T40QGL_20201009T030506,1,2020-03,T40QGL,0.3472268292871615,0,0.7596965683860358
S2A_MSIL2A_20200313T062631_R077_T40QGL_20201009T030506_0001.jpg,S2A_MSIL2A_20200313T062631_R077_T40QGL_20201009T030506,1,2020-03,T40QGL,0.3443681447420114,0,0.7596965683860358
S2B_MSIL2A_20200328T062629_R077_T40QGL_20201027T122255_0000.jpg,S2B_MSIL2A_20200328T062629_R077_T40QGL_20201027T122255,0,2020-03,T40QGL,0.10243122535753554,0,0.7596965683860358
S2B_MSIL2A_20200328T062629_R077_T40QGL_20201027T122255_0001.jpg,S2B_MSIL2A_20200328T062629_R077_T40QGL_20201027T122255,0,2020-03,T40QGL,0.0995691436003348,0,0.7596965683860358
S2A_MSIL2A_20200402T062621_R077_T40QGL_20200924T160404_0000.jpg,S2A_MSIL2A_20200402T062621_R077_T40QGL_20200924T160404,1,2020-04,T40QGL,0.3680858982390552,0,0.7596965683860358
S2A_MSIL2A_20200402T062621_R077_T40QGL_20200924T160404_0001.jpg,S2A_MSIL2A_20200402T062621_R077_T40QGL_20200924T160404,1,2020-04,T40QGL,0.3737601201563851,0,0.7596965683860358
S2B_MSIL2A_20200507T062629_R077_T40QGL_20200920T220120_0000.jpg,S2B_MSIL2A_20200507T062629_R077_T40QGL_20200920T220120,0,2020-05,T40QGL,0.02200945612271203,0,0.7596965683860358
S2B_MSIL2A_20200507T062629_R077_T40QGL_20200920T220120_0001.jpg,S2B_MSIL2A_20200507T062629_R077_T40QGL_20200920T220120,0,2020-05,T40QGL,0.02283349004181514,0,0.7596965683860358
S2A_MSIL2A_20200512T062631_R077_T40QGL_20200917T210541_0000.jpg,S2A_MSIL2A_20200512T062631_R077_T40QGL_20200917T210541,0,2020-05,T40QGL,0.06139258160013457,0,0.7596965683860358
S2A_MSIL2A_20200512T062631_R077_T40QGL_20200917T210541_0001.jpg,S2A_MSIL2A_20200512T062631_R077_T40QGL_20200917T210541,0,2020-05,T40QGL,0.0649762548959921,0,0.7596965683860358
S2A_MSIL2A_20200522T062631_R077_T40QGL_20200910T130323_0000.jpg,S2A_MSIL2A_20200522T062631_R077_T40QGL_20200910T130323,0,2020-05,T40QGL,0.8589332030049152,1,0.7596965683860358
S2A_MSIL2A_20200522T062631_R077_T40QGL_20200910T130323_0001.jpg,S2A_MSIL2A_20200522T062631_R077_T40QGL_20200910T130323,0,2020-05,T40QGL,0.8210306920027558,1,0.7596965683860358
S2B_MSIL2A_20200527T062629_R077_T40QGL_20200911T043845_0000.jpg,S2B_MSIL2A_20200527T062629_R077_T40QGL_20200911T043845,1,2020-05,T40QGL,0.8196886140071558,1,0.7596965683860358
S2B_MSIL2A_20200527T062629_R077_T40QGL_20200911T043845_0001.jpg,S2B_MSIL2A_20200527T062629_R077_T40QGL_20200911T043845,1,2020-05,T40QGL,0.8167648757602346,1,0.7596965683860358
S2B_MSIL2A_20200606T062629_R077_T40QGL_20200909T170242_0000.jpg,S2B_MSIL2A_20200606T062629_R077_T40QGL_20200909T170242,0,2020-06,T40QGL,0.4698954559502547,0,0.7596965683860358
S2B_MSIL2A_20200606T062629_R077_T40QGL_20200909T170242_0001.jpg,S2B_MSIL2A_20200606T062629_R077_T40QGL_20200909T170242,0,2020-06,T40QGL,0.5012618010201682,0,0.7596965683860358
S2A_MSIL2A_20200701T062631_R077_T40QGL_20200824T190158_0000.jpg,S2A_MSIL2A_20200701T062631_R077_T40QGL_20200824T190158,0,2020-07,T40QGL,0.03123881826694302,0,0.7596965683860358
S2A_MSIL2A_20200701T062631_R077_T40QGL_20200824T190158_0001.jpg,S2A_MSIL2A_20200701T062631_R077_T40QGL_20200824T190158,0,2020-07,T40QGL,0.045051923869215596,0,0.7596965683860358
S2A_MSIL2A_20200721T062631_R077_T40QGL_20200816T230029_0000.jpg,S2A_MSIL2A_20200721T062631_R077_T40QGL_20200816T230029,1,2020-07,T40QGL,0.6175787811787039,0,0.7596965683860358
S2A_MSIL2A_20200721T062631_R077_T40QGL_20200816T230029_0001.jpg,S2A_MSIL2A_20200721T062631_R077_T40QGL_20200816T230029,1,2020-07,T40QGL,0.6547200998688252,0,0.7596965683860358
S2B_MSIL2A_20200805T062629_R077_T40QGL_20200815T032732_0000.jpg,S2B_MSIL2A_20200805T062629_R077_T40QGL_20200815T032732,0,2020-08,T40QGL,0.45958070799195805,0,0.7596965683860358
S2B_MSIL2A_20200805T062629_R077_T40QGL_20200815T032732_0001.jpg,S2B_MSIL2A_20200805T062629_R077_T40QGL_20200815T032732,0,2020-08,T40QGL,0.4579744696871109,0,0.7596965683860358
S2A_MSIL2A_20200830T062631_R077_T40QGL_20200907T182438_0000.jpg,S2A_MSIL2A_20200830T062631_R077_T40QGL_20200907T182438,0,2020-08,T40QGL,0.00020404715725264714,0,0.7596965683860358
S2A_MSIL2A_20200830T062631_R077_T40QGL_20200907T182438_0001.jpg,S2A_MSIL2A_20200830T062631_R077_T40QGL_20200907T182438,0,2020-08,T40QGL,0.00020168016109996757,0,0.7596965683860358
S2A_MSIL2A_20200909T062631_R077_T40QGL_20200919T090136_0000.jpg,S2A_MSIL2A_20200909T062631_R077_T40QGL_20200919T090136,0,2020-09,T40QGL,0.020825548122756606,0,0.7596965683860358
S2A_MSIL2A_20200909T062631_R077_T40QGL_20200919T090136_0001.jpg,S2A_MSIL2A_20200909T062631_R077_T40QGL_20200919T090136,0,2020-09,T40QGL,0.0192608266930057,0,0.7596965683860358
S2A_MSIL2A_20200919T062631_R077_T40QGL_20200922T213558_0000.jpg,S2A_MSIL2A_20200919T062631_R077_T40QGL_20200922T213558,0,2020-09,T40QGL,0.3431827420347903,0,0.7596965683860358
S2A_MSIL2A_20200919T062631_R077_T40QGL_20200922T213558_0001.jpg,S2A_MSIL2A_20200919T062631_R077_T40QGL_20200922T213558,0,2020-09,T40QGL,0.33868050411744666,0,0.7596965683860358
S2A_MSIL2A_20200929T062651_R077_T40QGL_20201001T173743_0000.jpg,S2A_MSIL2A_20200929T062651_R077_T40QGL_20201001T173743,1,2020-09,T40QGL,0.8844079048575476,1,0.7596965683860358
S2A_MSIL2A_20200929T062651_R077_T40QGL_20201001T173743_0001.jpg,S2A_MSIL2A_20200929T062651_R077_T40QGL_20201001T173743,1,2020-09,T40QGL,0.8954224161898177,1,0.7596965683860358
S2B_MSIL2A_20201004T062719_R077_T40QGL_20201006T041206_0000.jpg,S2B_MSIL2A_20201004T062719_R077_T40QGL_20201006T041206,1,2020-10,T40QGL,0.365358220177696,0,0.7596965683860358
S2B_MSIL2A_20201004T062719_R077_T40QGL_20201006T041206_0001.jpg,S2B_MSIL2A_20201004T062719_R077_T40QGL_20201006T041206,1,2020-10,T40QGL,0.39535297871121017,0,0.7596965683860358
S2B_MSIL2A_20201113T063119_R077_T40QGL_20201115T062038_0000.jpg,S2B_MSIL2A_20201113T063119_R077_T40QGL_20201115T062038,0,2020-11,T40QGL,0.06600511889324502,0,0.7596965683860358
S2B_MSIL2A_20201113T063119_R077_T40QGL_20201115T062038_0001.jpg,S2B_MSIL2A_20201113T063119_R077_T40QGL_20201115T062038,0,2020-11,T40QGL,0.06867571570380389,0,0.7596965683860358
S2B_MSIL2A_20201123T063159_R077_T40QGL_20201124T121724_0000.jpg,S2B_MSIL2A_20201123T063159_R077_T40QGL_20201124T121724,0,2020-11,T40QGL,0.3828624434324108,0,0.7596965683860358
S2B_MSIL2A_20201123T063159_R077_T40QGL_20201124T121724_0001.jpg,S2B_MSIL2A_20201123T063159_R077_T40QGL_20201124T121724,0,2020-11,T40QGL,0.4042869381118683,0,0.7596965683860358
S2B_MSIL2A_20201203T063229_R077_T40QGL_20201204T002719_0000.jpg,S2B_MSIL2A_20201203T063229_R077_T40QGL_20201204T002719,0,2020-12,T40QGL,0.025999509366381776,0,0.7596965683860358
S2B_MSIL2A_20201203T063229_R077_T40QGL_20201204T002719_0001.jpg,S2B_MSIL2A_20201203T063229_R077_T40QGL_20201204T002719,0,2020-12,T40QGL,0.027595701248194285,0,0.7596965683860358
S2B_MSIL2A_20201213T063249_R077_T40QGL_20201214T025146_0000.jpg,S2B_MSIL2A_20201213T063249_R077_T40QGL_20201214T025146,0,2020-12,T40QGL,0.6867297957370257,0,0.7596965683860358
S2B_MSIL2A_20201213T063249_R077_T40QGL_20201214T025146_0001.jpg,S2B_MSIL2A_20201213T063249_R077_T40QGL_20201214T025146,0,2020-12,T40QGL,0.6765916221049831,0,0.7596965683860358
S2B_MSIL2A_20210102T063249_R077_T40QGL_20210102T170534_0000.jpg,S2B_MSIL2A_20210102T063249_R077_T40QGL_20210102T170534,0,2021-01,T40QGL,0.013061990318296003,0,0.7596965683860358
S2B_MSIL2A_20210102T063249_R077_T40QGL_20210102T170534_0001.jpg,S2B_MSIL2A_20210102T063249_R077_T40QGL_20210102T170534,0,2021-01,T40QGL,0.013035196560258727,0,0.7596965683860358
S2B_MSIL2A_20210112T063229_R077_T40QGL_20210112T195729_0000.jpg,S2B_MSIL2A_20210112T063229_R077_T40QGL_20210112T195729,1,2021-01,T40QGL,0.9649737603917546,1,0.7596965683860358
S2B_MSIL2A_20210112T063229_R077_T40QGL_20210112T195729_0001.jpg,S2B_MSIL2A_20210112T063229_R077_T40QGL_20210112T195729,1,2021-01,T40QGL,0.9666623214153178,1,0.7596965683860358
S2B_MSIL2A_20210201T063059_R077_T40QGL_20210202T030519_0000.jpg,S2B_MSIL2A_20210201T063059_R077_T40QGL_20210202T030519,0,2021-02,T40QGL,0.0828781396318491,0,0.7596965683860358
S2B_MSIL2A_20210201T063059_R077_T40QGL_20210202T030519_0001.jpg,S2B_MSIL2A_20210201T063059_R077_T40QGL_20210202T030519,0,2021-02,T40QGL,0.10051409891583152,0,0.7596965683860358
S2A_MSIL2A_20210216T062931_R077_T40QGL_20210419T220332_0000.jpg,S2A_MSIL2A_20210216T062931_R077_T40QGL_20210419T220332,0,2021-02,T40QGL,0.18205071980634568,0,0.7596965683860358
S2A_MSIL2A_20210216T062931_R077_T40QGL_20210419T220332_0001.jpg,S2A_MSIL2A_20210216T062931_R077_T40QGL_20210419T220332,0,2021-02,T40QGL,0.18763708041278832,0,0.7596965683860358
S2B_MSIL2A_20210221T062859_R077_T40QGL_20210221T175910_0000.jpg,S2B_MSIL2A_20210221T062859_R077_T40QGL_20210221T175910,0,2021-02,T40QGL,0.08162022348647299,0,0.7596965683860358
S2B_MSIL2A_20210221T062859_R077_T40QGL_20210221T175910_0001.jpg,S2B_MSIL2A_20210221T062859_R077_T40QGL_20210221T175910,0,2021-02,T40QGL,0.07290071975112268,0,0.7596965683860358
S2A_MSIL2A_20210226T062831_R077_T40QGL_20210226T174100_0000.jpg,S2A_MSIL2A_20210226T062831_R077_T40QGL_20210226T174100,1,2021-02,T40QGL,0.905019743504697,1,0.7596965683860358
S2A_MSIL2A_20210226T062831_R077_T40QGL_20210226T174100_0001.jpg,S2A_MSIL2A_20210226T062831_R077_T40QGL_20210226T174100,1,2021-02,T40QGL,0.9064241976786723,1,0.7596965683860358
S2B_MSIL2A_20210303T062749_R077_T40QGL_20210303T194138_0000.jpg,S2B_MSIL2A_20210303T062749_R077_T40QGL_20210303T194138,1,2021-03,T40QGL,0.8761921932340105,1,0.7596965683860358
S2B_MSIL2A_20210303T062749_R077_T40QGL_20210303T194138_0001.jpg,S2B_MSIL2A_20210303T062749_R077_T40QGL_20210303T194138,1,2021-03,T40QGL,0.8909431048250203,1,0.7596965683860358
S2A_MSIL2A_20210318T062631_R077_T40QGL_20210318T222033_0000.jpg,S2A_MSIL2A_20210318T062631_R077_T40QGL_20210318T222033,0,2021-03,T40QGL,0.04680719607234409,0,0.7596965683860358
S2A_MSIL2A_20210318T062631_R077_T40QGL_20210318T222033_0001.jpg,S2A_MSIL2A_20210318T062631_R077_T40QGL_20210318T222033,0,2021-03,T40QGL,0.0447087695720632,0,0.7596965683860358
S2B_MSIL2A_20210402T062629_R077_T40QGL_20210402T233313_0000.jpg,S2B_MSIL2A_20210402T062629_R077_T40QGL_20210402T233313,1,2021-04,T40QGL,0.7229991181593848,0,0.7596965683860358
S2B_MSIL2A_20210402T062629_R077_T40QGL_20210402T233313_0001.jpg,S2B_MSIL2A_20210402T062629_R077_T40QGL_20210402T233313,1,2021-04,T40QGL,0.6973533535261707,0,0.7596965683860358
S2B_MSIL2A_20210412T062629_R077_T40QGL_20210412T184723_0000.jpg,S2B_MSIL2A_20210412T062629_R077_T40QGL_20210412T184723,0,2021-04,T40QGL,0.019933352373616743,0,0.7596965683860358
S2B_MSIL2A_20210412T062629_R077_T40QGL_20210412T184723_0001.jpg,S2B_MSIL2A_20210412T062629_R077_T40QGL_20210412T184723,0,2021-04,T40QGL,0.021897877357640302,0,0.7596965683860358
S2B_MSIL2A_20210422T062619_R077_T40QGL_20210422T195008_0000.jpg,S2B_MSIL2A_20210422T062619_R077_T40QGL_20210422T195008,0,2021-04,T40QGL,0.1110151266958979,0,0.7596965683860358
S2B_MSIL2A_20210422T062619_R077_T40QGL_20210422T195008_0001.jpg,S2B_MSIL2A_20210422T062619_R077_T40QGL_20210422T195008,0,2021-04,T40QGL,0.10601119501726965,0,0.7596965683860358
S2A_MSIL2A_20210517T062631_R077_T40QGL_20210518T194257_0000.jpg,S2A_MSIL2A_20210517T062631_R077_T40QGL_20210518T194257,0,2021-05,T40QGL,0.011719245241400876,0,0.7596965683860358
S2A_MSIL2A_20210517T062631_R077_T40QGL_20210518T194257_0001.jpg,S2A_MSIL2A_20210517T062631_R077_T40QGL_20210518T194257,0,2021-05,T40QGL,0.010292698517516468,0,0.7596965683860358
S2A_MSIL2A_20210527T062631_R077_T40QGL_20210527T194319_0000.jpg,S2A_MSIL2A_20210527T062631_R077_T40QGL_20210527T194319,1,2021-05,T40QGL,0.7360436957196193,0,0.7596965683860358
S2A_MSIL2A_20210527T062631_R077_T40QGL_20210527T194319_0001.jpg,S2A_MSIL2A_20210527T062631_R077_T40QGL_20210527T194319,1,2021-05,T40QGL,0.7067760556996014,0,0.7596965683860358
S2B_MSIL2A_20210601T062629_R077_T40QGL_20210601T190640_0000.jpg,S2B_MSIL2A_20210601T062629_R077_T40QGL_20210601T190640,0,2021-06,T40QGL,0.022597890438856415,0,0.7596965683860358
S2B_MSIL2A_20210601T062629_R077_T40QGL_20210601T190640_0001.jpg,S2B_MSIL2A_20210601T062629_R077_T40QGL_20210601T190640,0,2021-06,T40QGL,0.026046598279370507,0,0.7596965683860358
S2B_MSIL2A_20210621T062629_R077_T40QGL_20210624T121902_0000.jpg,S2B_MSIL2A_20210621T062629_R077_T40QGL_20210624T121902,0,2021-06,T40QGL,0.3632014998231433,0,0.7596965683860358
S2B_MSIL2A_20210621T062629_R077_T40QGL_20210624T121902_0001.jpg,S2B_MSIL2A_20210621T062629_R077_T40QGL_20210624T121902,0,2021-06,T40QGL,0.35026798750184274,0,0.7596965683860358
S2A_MSIL2A_20210626T062631_R077_T40QGL_20210626T143353_0000.jpg,S2A_MSIL2A_20210626T062631_R077_T40QGL_20210626T143353,1,2021-06,T40QGL,0.7234517501037903,0,0.7596965683860358
S2A_MSIL2A_20210626T062631_R077_T40QGL_20210626T143353_0001.jpg,S2A_MSIL2A_20210626T062631_R077_T40QGL_20210626T143353,1,2021-06,T40QGL,0.6806858584634402,0,0.7596965683860358
S2A_MSIL2A_20210706T062631_R077_T40QGL_20210706T183652_0000.jpg,S2A_MSIL2A_20210706T062631_R077_T40QGL_20210706T183652,0,2021-07,T40QGL,0.43225418254811954,0,0.7596965683860358
S2A_MSIL2A_20210706T062631_R077_T40QGL_20210706T183652_0001.jpg,S2A_MSIL2A_20210706T062631_R077_T40QGL_20210706T183652,0,2021-07,T40QGL,0.3816035176332921,0,0.7596965683860358
S2A_MSIL2A_20210815T062631_R077_T40QGL_20210815T125240_0000.jpg,S2A_MSIL2A_20210815T062631_R077_T40QGL_20210815T125240,0,2021-08,T40QGL,0.8445796329507064,1,0.7596965683860358
S2A_MSIL2A_20210815T062631_R077_T40QGL_20210815T125240_0001.jpg,S2A_MSIL2A_20210815T062631_R077_T40QGL_20210815T125240,0,2021-08,T40QGL,0.849605714163406,1,0.7596965683860358
S2A_MSIL2A_20210825T062631_R077_T40QGL_20210825T175916_0000.jpg,S2A_MSIL2A_20210825T062631_R077_T40QGL_20210825T175916,0,2021-08,T40QGL,0.06496319398415148,0,0.7596965683860358
S2A_MSIL2A_20210825T062631_R077_T40QGL_20210825T175916_0001.jpg,S2A_MSIL2A_20210825T062631_R077_T40QGL_20210825T175916,0,2021-08,T40QGL,0.07522885406883423,0,0.7596965683860358
S2A_MSIL2A_20210924T062631_R077_T40QGL_20210925T024150_0000.jpg,S2A_MSIL2A_20210924T062631_R077_T40QGL_20210925T024150,1,2021-09,T40QGL,0.3784955739823047,0,0.7596965683860358
S2A_MSIL2A_20210924T062631_R077_T40QGL_20210925T024150_0001.jpg,S2A_MSIL2A_20210924T062631_R077_T40QGL_20210925T024150,1,2021-09,T40QGL,0.4131729284203694,0,0.7596965683860358
S2B_MSIL2A_20211009T062749_R077_T40QGL_20211009T174740_0000.jpg,S2B_MSIL2A_20211009T062749_R077_T40QGL_20211009T174740,0,2021-10,T40QGL,0.42510527313482105,0,0.7596965683860358
S2B_MSIL2A_20211009T062749_R077_T40QGL_20211009T174740_0001.jpg,S2B_MSIL2A_20211009T062749_R077_T40QGL_20211009T174740,0,2021-10,T40QGL,0.44591749918937945,0,0.7596965683860358
S2B_MSIL2A_20211019T062859_R077_T40QGL_20211020T001424_0000.jpg,S2B_MSIL2A_20211019T062859_R077_T40QGL_20211020T001424,0,2021-10,T40QGL,0.017704915482751497,0,0.7596965683860358
S2B_MSIL2A_20211019T062859_R077_T40QGL_20211020T001424_0001.jpg,S2B_MSIL2A_20211019T062859_R077_T40QGL_20211020T001424,0,2021-10,T40QGL,0.01752034709712244,0,0.7596965683860358
S2B_MSIL2A_20211108T063049_R077_T40QGL_20211109T065345_0000.jpg,S2B_MSIL2A_20211108T063049_R077_T40QGL_20211109T065345,0,2021-11,T40QGL,0.26305412792746063,0,0.7596965683860358
S2B_MSIL2A_20211108T063049_R077_T40QGL_20211109T065345_0001.jpg,S2B_MSIL2A_20211108T063049_R077_T40QGL_20211109T065345,0,2021-11,T40QGL,0.2643638228856993,0,0.7596965683860358
S2A_MSIL2A_20211113T063121_R077_T40QGL_20211113T133201_0000.jpg,S2A_MSIL2A_20211113T063121_R077_T40QGL_20211113T133201,0,2021-11,T40QGL,0.04295571526217396,0,0.7596965683860358
S2A_MSIL2A_20211113T063121_R077_T40QGL_20211113T133201_0001.jpg,S2A_MSIL2A_20211113T063121_R077_T40QGL_20211113T133201,0,2021-11,T40QGL,0.03635334170834963,0,0.7596965683860358
S2B_MSIL2A_20211128T063219_R077_T40QGL_20211129T031625_0000.jpg,S2B_MSIL2A_20211128T063219_R077_T40QGL_20211129T031625,1,2021-11,T40QGL,0.33250990750498594,0,0.7596965683860358
S2B_MSIL2A_20211128T063219_R077_T40QGL_20211129T031625_0001.jpg,S2B_MSIL2A_20211128T063219_R077_T40QGL_20211129T031625,1,2021-11,T40QGL,0.31618453967091853,0,0.7596965683860358
S2A_MSIL2A_20211213T063251_R077_T40QGL_20211213T193032_0000.jpg,S2A_MSIL2A_20211213T063251_R077_T40QGL_20211213T193032,1,2021-12,T40QGL,0.9097054413537018,1,0.7596965683860358
S2A_MSIL2A_20211213T063251_R077_T40QGL_20211213T193032_0001.jpg,S2A_MSIL2A_20211213T063251_R077_T40QGL_20211213T193032,1,2021-12,T40QGL,0.9172009392640054,1,0.7596965683860358
S2A_MSIL2A_20211223T063301_R077_T40QGL_20211224T035618_0000.jpg,S2A_MSIL2A_20211223T063301_R077_T40QGL_20211224T035618,1,2021-12,T40QGL,0.3769140801126695,0,0.7596965683860358
S2A_MSIL2A_20211223T063301_R077_T40QGL_20211224T035618_0001.jpg,S2A_MSIL2A_20211223T063301_R077_T40QGL_20211224T035618,1,2021-12,T40QGL,0.4283083666713596,0,0.7596965683860358
S2B_MSIL2A_20220117T063209_R077_T40QGL_20220117T220547_0000.jpg,S2B_MSIL2A_20220117T063209_R077_T40QGL_20220117T220547,1,2022-01,T40QGL,0.9125486844398093,1,0.7596965683860358
S2B_MSIL2A_20220117T063209_R077_T40QGL_20220117T220547_0001.jpg,S2B_MSIL2A_20220117T063209_R077_T40QGL_20220117T220547,1,2022-01,T40QGL,0.9156455738884196,1,0.7596965683860358
S2B_MSIL2A_20220127T063129_R077_T40QGL_20220212T101939_0000.jpg,S2B_MSIL2A_20220127T063129_R077_T40QGL_20220212T101939,0,2022-01,T40QGL,0.04509064247733421,0,0.7596965683860358
S2B_MSIL2A_20220127T063129_R077_T40QGL_20220212T101939_0001.jpg,S2B_MSIL2A_20220127T063129_R077_T40QGL_20220212T101939,0,2022-01,T40QGL,0.0349361492259707,0,0.7596965683860358
S2B_MSIL2A_20220216T062929_R077_T40QGL_20220224T005721_0000.jpg,S2B_MSIL2A_20220216T062929_R077_T40QGL_20220224T005721,1,2022-02,T40QGL,0.68784736520024,0,0.7596965683860358
S2B_MSIL2A_20220216T062929_R077_T40QGL_20220224T005721_0001.jpg,S2B_MSIL2A_20220216T062929_R077_T40QGL_20220224T005721,1,2022-02,T40QGL,0.7249454607401552,0,0.7596965683860358
S2B_MSIL2A_20220226T062819_R077_T40QGL_20240530T061418_0000.jpg,S2B_MSIL2A_20220226T062819_R077_T40QGL_20240530T061418,0,2022-02,T40QGL,0.059048360095568755,0,0.7596965683860358
S2B_MSIL2A_20220226T062819_R077_T40QGL_20240530T061418_0001.jpg,S2B_MSIL2A_20220226T062819_R077_T40QGL_20240530T061418,0,2022-02,T40QGL,0.054611431125616804,0,0.7596965683860358
S2B_MSIL2A_20220407T062629_R077_T40QGL_20240524T024647_0000.jpg,S2B_MSIL2A_20220407T062629_R077_T40QGL_20240524T024647,0,2022-04,T40QGL,0.0002484127261257814,0,0.7596965683860358
S2B_MSIL2A_20220407T062629_R077_T40QGL_20240524T024647_0001.jpg,S2B_MSIL2A_20220407T062629_R077_T40QGL_20240524T024647,0,2022-04,T40QGL,0.0002826882002970787,0,0.7596965683860358
S2B_MSIL2A_20220427T062619_R077_T40QGL_20240608T214451_0000.jpg,S2B_MSIL2A_20220427T062619_R077_T40QGL_20240608T214451,1,2022-04,T40QGL,0.8172573415426733,1,0.7596965683860358
S2B_MSIL2A_20220427T062619_R077_T40QGL_20240608T214451_0001.jpg,S2B_MSIL2A_20220427T062619_R077_T40QGL_20240608T214451,1,2022-04,T40QGL,0.8262804994202956,1,0.7596965683860358
S2A_MSIL2A_20220502T062631_R077_T40QGL_20240524T172347_0000.jpg,S2A_MSIL2A_20220502T062631_R077_T40QGL_20240524T172347,0,2022-05,T40QGL,0.27322967664468245,0,0.7596965683860358
S2A_MSIL2A_20220502T062631_R077_T40QGL_20240524T172347_0001.jpg,S2A_MSIL2A_20220502T062631_R077_T40QGL_20240524T172347,0,2022-05,T40QGL,0.2769318395345278,0,0.7596965683860358
S2A_MSIL2A_20220512T062631_R077_T40QGL_20220514T054750_0000.jpg,S2A_MSIL2A_20220512T062631_R077_T40QGL_20220514T054750,0,2022-05,T40QGL,0.0864485230319783,0,0.7596965683860358
S2A_MSIL2A_20220512T062631_R077_T40QGL_20220514T054750_0001.jpg,S2A_MSIL2A_20220512T062631_R077_T40QGL_20220514T054750,0,2022-05,T40QGL,0.07855072129515372,0,0.7596965683860358
S2A_MSIL2A_20220522T062631_R077_T40QGL_20220523T071159_0000.jpg,S2A_MSIL2A_20220522T062631_R077_T40QGL_20220523T071159,0,2022-05,T40QGL,0.2063983087375526,0,0.7596965683860358
S2A_MSIL2A_20220522T062631_R077_T40QGL_20220523T071159_0001.jpg,S2A_MSIL2A_20220522T062631_R077_T40QGL_20220523T071159,0,2022-05,T40QGL,0.17452613730518793,0,0.7596965683860358
S2B_MSIL2A_20220606T062629_R077_T40QGL_20240718T023037_0000.jpg,S2B_MSIL2A_20220606T062629_R077_T40QGL_20240718T023037,0,2022-06,T40QGL,0.01115078110005,0,0.7596965683860358
S2B_MSIL2A_20220606T062629_R077_T40QGL_20240718T023037_0001.jpg,S2B_MSIL2A_20220606T062629_R077_T40QGL_20240718T023037,0,2022-06,T40QGL,0.010628874523400595,0,0.7596965683860358
S2A_MSIL2A_20220611T062641_R077_T40QGL_20220612T043050_0000.jpg,S2A_MSIL2A_20220611T062641_R077_T40QGL_20220612T043050,0,2022-06,T40QGL,0.7168602190815512,0,0.7596965683860358
S2A_MSIL2A_20220611T062641_R077_T40QGL_20220612T043050_0001.jpg,S2A_MSIL2A_20220611T062641_R077_T40QGL_20220612T043050,0,2022-06,T40QGL,0.7476238792281134,0,0.7596965683860358
S2A_MSIL2A_20220711T062641_R077_T40QGL_20220713T004053_0000.jpg,S2A_MSIL2A_20220711T062641_R077_T40QGL_20220713T004053,0,2022-07,T40QGL,1.2405438980068491e-05,0,0.7596965683860358
S2A_MSIL2A_20220711T062641_R077_T40QGL_20220713T004053_0001.jpg,S2A_MSIL2A_20220711T062641_R077_T40QGL_20220713T004053,0,2022-07,T40QGL,1.3570548326757296e-05,0,0.7596965683860358
S2A_MSIL2A_20220721T062641_R077_T40QGL_20220723T060616_0000.jpg,S2A_MSIL2A_20220721T062641_R077_T40QGL_20220723T060616,1,2022-07,T40QGL,0.945269321786165,1,0.7596965683860358
S2A_MSIL2A_20220721T062641_R077_T40QGL_20220723T060616_0001.jpg,S2A_MSIL2A_20220721T062641_R077_T40QGL_20220723T060616,1,2022-07,T40QGL,0.9426788673130545,1,0.7596965683860358
S2A_MSIL2A_20220731T062641_R077_T40QGL_20220801T054652_0000.jpg,S2A_MSIL2A_20220731T062641_R077_T40QGL_20220801T054652,0,2022-07,T40QGL,0.7404521749858315,0,0.7596965683860358
S2A_MSIL2A_20220731T062641_R077_T40QGL_20220801T054652_0001.jpg,S2A_MSIL2A_20220731T062641_R077_T40QGL_20220801T054652,0,2022-07,T40QGL,0.7561118011093753,0,0.7596965683860358
S2B_MSIL2A_20220805T062629_R077_T40QGL_20220805T230319_0000.jpg,S2B_MSIL2A_20220805T062629_R077_T40QGL_20220805T230319,0,2022-08,T40QGL,0.03279422463534115,0,0.7596965683860358
S2B_MSIL2A_20220805T062629_R077_T40QGL_20220805T230319_0001.jpg,S2B_MSIL2A_20220805T062629_R077_T40QGL_20220805T230319,0,2022-08,T40QGL,0.0337032872993199,0,0.7596965683860358
S2A_MSIL2A_20220820T062641_R077_T40QGL_20220820T144542_0000.jpg,S2A_MSIL2A_20220820T062641_R077_T40QGL_20220820T144542,1,2022-08,T40QGL,0.8569627778142923,1,0.7596965683860358
S2A_MSIL2A_20220820T062641_R077_T40QGL_20220820T144542_0001.jpg,S2A_MSIL2A_20220820T062641_R077_T40QGL_20220820T144542,1,2022-08,T40QGL,0.8826726191937987,1,0.7596965683860358
S2B_MSIL2A_20220904T062629_R077_T40QGL_20240718T201711_0000.jpg,S2B_MSIL2A_20220904T062629_R077_T40QGL_20240718T201711,0,2022-09,T40QGL,0.1390948040820348,0,0.7596965683860358
S2B_MSIL2A_20220904T062629_R077_T40QGL_20240718T201711_0001.jpg,S2B_MSIL2A_20220904T062629_R077_T40QGL_20240718T201711,0,2022-09,T40QGL,0.1429014876809983,0,0.7596965683860358
S2A_MSIL2A_20220929T062651_R077_T40QGL_20220929T190714_0000.jpg,S2A_MSIL2A_20220929T062651_R077_T40QGL_20220929T190714,0,2022-09,T40QGL,0.3007960540982685,0,0.7596965683860358
S2A_MSIL2A_20220929T062651_R077_T40QGL_20220929T190714_0001.jpg,S2A_MSIL2A_20220929T062651_R077_T40QGL_20220929T190714,0,2022-09,T40QGL,0.28309334108398104,0,0.7596965683860358
S2B_MSIL2A_20221004T062709_R077_T40QGL_20221004T215420_0000.jpg,S2B_MSIL2A_20221004T062709_R077_T40QGL_20221004T215420,0,2022-10,T40QGL,0.4762089234889992,0,0.7596965683860358
S2B_MSIL2A_20221004T062709_R077_T40QGL_20221004T215420_0001.jpg,S2B_MSIL2A_20221004T062709_R077_T40QGL_20221004T215420,0,2022-10,T40QGL,0.5066613510006601,0,0.7596965683860358
S2A_MSIL2A_20221009T062751_R077_T40QGL_20240717T113900_0000.jpg,S2A_MSIL2A_20221009T062751_R077_T40QGL_20240717T113900,0,2022-10,T40QGL,0.0854598868124393,0,0.7596965683860358
S2A_MSIL2A_20221009T062751_R077_T40QGL_20240717T113900_0001.jpg,S2A_MSIL2A_20221009T062751_R077_T40QGL_20240717T113900,0,2022-10,T40QGL,0.08193518066866526,0,0.7596965683860358
S2A_MSIL2A_20221029T063001_R077_T40QGL_20240716T225017_0000.jpg,S2A_MSIL2A_20221029T063001_R077_T40QGL_20240716T225017,0,2022-10,T40QGL,0.002958167849649082,0,0.7596965683860358
S2A_MSIL2A_20221029T063001_R077_T40QGL_20240716T225017_0001.jpg,S2A_MSIL2A_20221029T063001_R077_T40QGL_20240716T225017,0,2022-10,T40QGL,0.0026867111593356485,0,0.7596965683860358
S2A_MSIL2A_20221118T063141_R077_T40QGL_20240804T234922_0000.jpg,S2A_MSIL2A_20221118T063141_R077_T40QGL_20240804T234922,0,2022-11,T40QGL,0.19747680462449793,0,0.7596965683860358
S2A_MSIL2A_20221118T063141_R077_T40QGL_20240804T234922_0001.jpg,S2A_MSIL2A_20221118T063141_R077_T40QGL_20240804T234922,0,2022-11,T40QGL,0.18854468315669054,0,0.7596965683860358
S2A_MSIL2A_20221218T063301_R077_T40QGL_20221218T225913_0000.jpg,S2A_MSIL2A_20221218T063301_R077_T40QGL_20221218T225913,0,2022-12,T40QGL,0.2292048108155371,0,0.7596965683860358
S2A_MSIL2A_20221218T063301_R077_T40QGL_20221218T225913_0001.jpg,S2A_MSIL2A_20221218T063301_R077_T40QGL_20221218T225913,0,2022-12,T40QGL,0.25223640056210417,0,0.7596965683860358
S2A_MSIL2A_20230107T063241_R077_T40QGL_20230107T194831_0000.jpg,S2A_MSIL2A_20230107T063241_R077_T40QGL_20230107T194831,0,2023-01,T40QGL,0.49011406476808395,0,0.7596965683860358
S2A_MSIL2A_20230107T063241_R077_T40QGL_20230107T194831_0001.jpg,S2A_MSIL2A_20230107T063241_R077_T40QGL_20230107T194831,0,2023-01,T40QGL,0.4855632576579456,0,0.7596965683860358
S2A_MSIL2A_20230318T062631_R077_T40QGL_20240823T221610_0000.jpg,S2A_MSIL2A_20230318T062631_R077_T40QGL_20240823T221610,0,2023-03,T40QGL,0.38698616770620353,0,0.7596965683860358
S2A_MSIL2A_20230318T062631_R077_T40QGL_20240823T221610_0001.jpg,S2A_MSIL2A_20230318T062631_R077_T40QGL_20240823T221610,0,2023-03,T40QGL,0.3653915966260022,0,0.7596965683860358
S2B_MSIL2A_20230422T062629_R077_T40QGL_20240809T053615_0000.jpg,S2B_MSIL2A_20230422T062629_R077_T40QGL_20240809T053615,0,2023-04,T40QGL,0.4196043096354687,0,0.7596965683860358
S2B_MSIL2A_20230422T062629_R077_T40QGL_20240809T053615_0001.jpg,S2B_MSIL2A_20230422T062629_R077_T40QGL_20240809T053615,0,2023-04,T40QGL,0.41423576932626754,0,0.7596965683860358
S2A_MSIL2A_20230427T062631_R077_T40QGL_20230427T122322_0000.jpg,S2A_MSIL2A_20230427T062631_R077_T40QGL_20230427T122322,0,2023-04,T40QGL,0.35945641467720785,0,0.7596965683860358
S2A_MSIL2A_20230427T062631_R077_T40QGL_20230427T122322_0001.jpg,S2A_MSIL2A_20230427T062631_R077_T40QGL_20230427T122322,0,2023-04,T40QGL,0.3300805346966307,0,0.7596965683860358
S2B_MSIL2A_20230502T062629_R077_T40QGL_20240812T054336_0000.jpg,S2B_MSIL2A_20230502T062629_R077_T40QGL_20240812T054336,0,2023-05,T40QGL,0.36906032050779636,0,0.7596965683860358
S2B_MSIL2A_20230502T062629_R077_T40QGL_20240812T054336_0001.jpg,S2B_MSIL2A_20230502T062629_R077_T40QGL_20240812T054336,0,2023-05,T40QGL,0.3610116373907108,0,0.7596965683860358
S2B_MSIL2A_20230512T062629_R077_T40QGL_20230512T112648_0000.jpg,S2B_MSIL2A_20230512T062629_R077_T40QGL_20230512T112648,0,2023-05,T40QGL,0.0646614237125348,0,0.7596965683860358
S2B_MSIL2A_20230512T062629_R077_T40QGL_20230512T112648_0001.jpg,S2B_MSIL2A_20230512T062629_R077_T40QGL_20230512T112648,0,2023-05,T40QGL,0.06046064477138807,0,0.7596965683860358
S2A_MSIL2A_20230517T062631_R077_T40QGL_20230517T122121_0000.jpg,S2A_MSIL2A_20230517T062631_R077_T40QGL_20230517T122121,0,2023-05,T40QGL,0.018558157069554042,0,0.7596965683860358
S2A_MSIL2A_20230517T062631_R077_T40QGL_20230517T122121_0001.jpg,S2A_MSIL2A_20230517T062631_R077_T40QGL_20230517T122121,0,2023-05,T40QGL,0.016464616931744783,0,0.7596965683860358
S2B_MSIL2A_20230601T062629_R077_T40QGL_20241002T090907_0000.jpg,S2B_MSIL2A_20230601T062629_R077_T40QGL_20241002T090907,0,2023-06,T40QGL,0.022473286641576204,0,0.7596965683860358
S2B_MSIL2A_20230601T062629_R077_T40QGL_20241002T090907_0001.jpg,S2B_MSIL2A_20230601T062629_R077_T40QGL_20241002T090907,0,2023-06,T40QGL,0.02355635225895263,0,0.7596965683860358
S2A_MSIL2A_20230616T062631_R077_T40QGL_20240812T142657_0000.jpg,S2A_MSIL2A_20230616T062631_R077_T40QGL_20240812T142657,0,2023-06,T40QGL,0.2775686022471285,0,0.7596965683860358
S2A_MSIL2A_20230616T062631_R077_T40QGL_20240812T142657_0001.jpg,S2A_MSIL2A_20230616T062631_R077_T40QGL_20240812T142657,0,2023-06,T40QGL,0.2441778187137579,0,0.7596965683860358
S2B_MSIL2A_20230701T062629_R077_T40QGL_20240817T022544_0000.jpg,S2B_MSIL2A_20230701T062629_R077_T40QGL_20240817T022544,0,2023-07,T40QGL,0.19104954087979698,0,0.7596965683860358
S2B_MSIL2A_20230701T062629_R077_T40QGL_20240817T022544_0001.jpg,S2B_MSIL2A_20230701T062629_R077_T40QGL_20240817T022544,0,2023-07,T40QGL,0.20298686096473323,0,0.7596965683860358
S2A_MSIL2A_20230805T062631_R077_T40QGL_20241026T103934_0000.jpg,S2A_MSIL2A_20230805T062631_R077_T40QGL_20241026T103934,0,2023-08,T40QGL,0.11373871476632905,0,0.7596965683860358
S2A_MSIL2A_20230805T062631_R077_T40QGL_20241026T103934_0001.jpg,S2A_MSIL2A_20230805T062631_R077_T40QGL_20241026T103934,0,2023-08,T40QGL,0.12612129831899155,0,0.7596965683860358
S2B_MSIL2A_20230810T062629_R077_T40QGL_20240912T065804_0000.jpg,S2B_MSIL2A_20230810T062629_R077_T40QGL_20240912T065804,0,2023-08,T40QGL,0.16321087799794792,0,0.7596965683860358
S2B_MSIL2A_20230810T062629_R077_T40QGL_20240912T065804_0001.jpg,S2B_MSIL2A_20230810T062629_R077_T40QGL_20240912T065804,0,2023-08,T40QGL,0.17047038061389877,0,0.7596965683860358
S2B_MSIL2A_20230820T062629_R077_T40QGL_20241022T060250_0000.jpg,S2B_MSIL2A_20230820T062629_R077_T40QGL_20241022T060250,0,2023-08,T40QGL,0.842501553331586,1,0.7596965683860358
S2B_MSIL2A_20230820T062629_R077_T40QGL_20241022T060250_0001.jpg,S2B_MSIL2A_20230820T062629_R077_T40QGL_20241022T060250,0,2023-08,T40QGL,0.8465081071264238,1,0.7596965683860358
S2B_MSIL2A_20230830T062629_R077_T40QGL_20230830T122156_0000.jpg,S2B_MSIL2A_20230830T062629_R077_T40QGL_20230830T122156,0,2023-08,T40QGL,0.22604721680501694,0,0.7596965683860358
S2B_MSIL2A_20230830T062629_R077_T40QGL_20230830T122156_0001.jpg,S2B_MSIL2A_20230830T062629_R077_T40QGL_20230830T122156,0,2023-08,T40QGL,0.23140895633232178,0,0.7596965683860358
S2A_MSIL2A_20230904T062631_R077_T40QGL_20230904T124230_0000.jpg,S2A_MSIL2A_20230904T062631_R077_T40QGL_20230904T124230,1,2023-09,T40QGL,0.9389759952611972,1,0.7596965683860358
S2A_MSIL2A_20230904T062631_R077_T40QGL_20230904T124230_0001.jpg,S2A_MSIL2A_20230904T062631_R077_T40QGL_20230904T124230,1,2023-09,T40QGL,0.9371568462710782,1,0.7596965683860358
S2B_MSIL2A_20230909T062629_R077_T40QGL_20241104T211949_0000.jpg,S2B_MSIL2A_20230909T062629_R077_T40QGL_20241104T211949,0,2023-09,T40QGL,0.009033863637222667,0,0.7596965683860358
S2B_MSIL2A_20230909T062629_R077_T40QGL_20241104T211949_0001.jpg,S2B_MSIL2A_20230909T062629_R077_T40QGL_20241104T211949,0,2023-09,T40QGL,0.010001167817832049,0,0.7596965683860358
S2A_MSIL2A_20230924T062631_R077_T40QGL_20230924T121039_0000.jpg,S2A_MSIL2A_20230924T062631_R077_T40QGL_20230924T121039,0,2023-09,T40QGL,0.11672400271232412,0,0.7596965683860358
S2A_MSIL2A_20230924T062631_R077_T40QGL_20230924T121039_0001.jpg,S2A_MSIL2A_20230924T062631_R077_T40QGL_20230924T121039,0,2023-09,T40QGL,0.12031106391123887,0,0.7596965683860358
S2B_MSIL2A_20230929T062639_R077_T40QGL_20230929T121633_0000.jpg,S2B_MSIL2A_20230929T062639_R077_T40QGL_20230929T121633,0,2023-09,T40QGL,0.04674594563272404,0,0.7596965683860358
S2B_MSIL2A_20230929T062639_R077_T40QGL_20230929T121633_0001.jpg,S2B_MSIL2A_20230929T062639_R077_T40QGL_20230929T121633,0,2023-09,T40QGL,0.0475453714355516,0,0.7596965683860358
S2B_MSIL2A_20231128T063219_R077_T40QGL_20231128T101100_0000.jpg,S2B_MSIL2A_20231128T063219_R077_T40QGL_20231128T101100,0,2023-11,T40QGL,0.2709168312733585,0,0.7596965683860358
S2B_MSIL2A_20231128T063219_R077_T40QGL_20231128T101100_0001.jpg,S2B_MSIL2A_20231128T063219_R077_T40QGL_20231128T101100,0,2023-11,T40QGL,0.22969903554285187,0,0.7596965683860358
S2A_MSIL2A_20231203T063231_R077_T40QGL_20231203T112021_0000.jpg,S2A_MSIL2A_20231203T063231_R077_T40QGL_20231203T112021,0,2023-12,T40QGL,0.3311238770305017,0,0.7596965683860358
S2A_MSIL2A_20231203T063231_R077_T40QGL_20231203T112021_0001.jpg,S2A_MSIL2A_20231203T063231_R077_T40QGL_20231203T112021,0,2023-12,T40QGL,0.3201284633206074,0,0.7596965683860358
S2A_MSIL2A_20231223T063301_R077_T40QGL_20231223T102255_0000.jpg,S2A_MSIL2A_20231223T063301_R077_T40QGL_20231223T102255,0,2023-12,T40QGL,0.270567494400514,0,0.7596965683860358
S2A_MSIL2A_20231223T063301_R077_T40QGL_20231223T102255_0001.jpg,S2A_MSIL2A_20231223T063301_R077_T40QGL_20231223T102255,0,2023-12,T40QGL,0.23189490243462124,0,0.7596965683860358
S2B_MSIL2A_20231228T063259_R077_T40QGL_20231228T093910_0000.jpg,S2B_MSIL2A_20231228T063259_R077_T40QGL_20231228T093910,1,2023-12,T40QGL,0.917951824590517,1,0.7596965683860358
S2B_MSIL2A_20231228T063259_R077_T40QGL_20231228T093910_0001.jpg,S2B_MSIL2A_20231228T063259_R077_T40QGL_20231228T093910,1,2023-12,T40QGL,0.9245190170221649,1,0.7596965683860358
S2B_MSIL2A_20240127T063129_R077_T40QGL_20240127T101326_0000.jpg,S2B_MSIL2A_20240127T063129_R077_T40QGL_20240127T101326,1,2024-01,T40QGL,0.9611828088788111,1,0.7596965683860358
S2B_MSIL2A_20240127T063129_R077_T40QGL_20240127T101326_0001.jpg,S2B_MSIL2A_20240127T063129_R077_T40QGL_20240127T101326,1,2024-01,T40QGL,0.9608875832496551,1,0.7596965683860358
S2B_MSIL2A_20240226T062829_R077_T40QGL_20240226T101515_0000.jpg,S2B_MSIL2A_20240226T062829_R077_T40QGL_20240226T101515,0,2024-02,T40QGL,0.027893744901054764,0,0.7596965683860358
S2B_MSIL2A_20240226T062829_R077_T40QGL_20240226T101515_0001.jpg,S2B_MSIL2A_20240226T062829_R077_T40QGL_20240226T101515,0,2024-02,T40QGL,0.02956893516195671,0,0.7596965683860358
S2A_MSIL2A_20240312T062651_R077_T40QGL_20240313T154339_0000.jpg,S2A_MSIL2A_20240312T062651_R077_T40QGL_20240313T154339,0,2024-03,T40QGL,0.01918248053497945,0,0.7596965683860358
S2A_MSIL2A_20240312T062651_R077_T40QGL_20240313T154339_0001.jpg,S2A_MSIL2A_20240312T062651_R077_T40QGL_20240313T154339,0,2024-03,T40QGL,0.022013519884235968,0,0.7596965683860358
S2B_MSIL2A_20240317T062629_R077_T40QGL_20240317T102443_0000.jpg,S2B_MSIL2A_20240317T062629_R077_T40QGL_20240317T102443,0,2024-03,T40QGL,0.8250207326828652,1,0.7596965683860358
S2B_MSIL2A_20240317T062629_R077_T40QGL_20240317T102443_0001.jpg,S2B_MSIL2A_20240317T062629_R077_T40QGL_20240317T102443,0,2024-03,T40QGL,0.8039826368224747,1,0.7596965683860358
S2B_MSIL2A_20240406T062629_R077_T40QGL_20240406T100803_0000.jpg,S2B_MSIL2A_20240406T062629_R077_T40QGL_20240406T100803,0,2024-04,T40QGL,0.007303135727959396,0,0.7596965683860358
S2B_MSIL2A_20240406T062629_R077_T40QGL_20240406T100803_0001.jpg,S2B_MSIL2A_20240406T062629_R077_T40QGL_20240406T100803,0,2024-04,T40QGL,0.008228332757302196,0,0.7596965683860358
S2B_MSIL2A_20240426T062629_R077_T40QGL_20240426T111128_0000.jpg,S2B_MSIL2A_20240426T062629_R077_T40QGL_20240426T111128,0,2024-04,T40QGL,0.9104165266770223,1,0.7596965683860358
S2B_MSIL2A_20240426T062629_R077_T40QGL_20240426T111128_0001.jpg,S2B_MSIL2A_20240426T062629_R077_T40QGL_20240426T111128,0,2024-04,T40QGL,0.9181686860533267,1,0.7596965683860358
S2B_MSIL2A_20240516T062629_R077_T40QGL_20240516T102256_0000.jpg,S2B_MSIL2A_20240516T062629_R077_T40QGL_20240516T102256,0,2024-05,T40QGL,0.2555354359946696,0,0.7596965683860358
S2B_MSIL2A_20240516T062629_R077_T40QGL_20240516T102256_0001.jpg,S2B_MSIL2A_20240516T062629_R077_T40QGL_20240516T102256,0,2024-05,T40QGL,0.24100587684661845,0,0.7596965683860358
S2B_MSIL2A_20240605T062629_R077_T40QGL_20240605T101404_0000.jpg,S2B_MSIL2A_20240605T062629_R077_T40QGL_20240605T101404,1,2024-06,T40QGL,0.999732284660468,1,0.7596965683860358
S2B_MSIL2A_20240605T062629_R077_T40QGL_20240605T101404_0001.jpg,S2B_MSIL2A_20240605T062629_R077_T40QGL_20240605T101404,1,2024-06,T40QGL,0.9997487357079036,1,0.7596965683860358
S2A_MSIL2A_20240610T062631_R077_T40QGL_20240610T104746_0000.jpg,S2A_MSIL2A_20240610T062631_R077_T40QGL_20240610T104746,0,2024-06,T40QGL,0.01600086329439839,0,0.7596965683860358
S2A_MSIL2A_20240610T062631_R077_T40QGL_20240610T104746_0001.jpg,S2A_MSIL2A_20240610T062631_R077_T40QGL_20240610T104746,0,2024-06,T40QGL,0.01866987663983616,0,0.7596965683860358
S2A_MSIL2A_20240620T062631_R077_T40QGL_20240620T123054_0000.jpg,S2A_MSIL2A_20240620T062631_R077_T40QGL_20240620T123054,0,2024-06,T40QGL,0.16605979311009447,0,0.7596965683860358
S2A_MSIL2A_20240620T062631_R077_T40QGL_20240620T123054_0001.jpg,S2A_MSIL2A_20240620T062631_R077_T40QGL_20240620T123054,0,2024-06,T40QGL,0.1616450148033776,0,0.7596965683860358
S2B_MSIL2A_20240625T062629_R077_T40QGL_20240625T102033_0000.jpg,S2B_MSIL2A_20240625T062629_R077_T40QGL_20240625T102033,0,2024-06,T40QGL,0.23301136018057306,0,0.7596965683860358
S2B_MSIL2A_20240625T062629_R077_T40QGL_20240625T102033_0001.jpg,S2B_MSIL2A_20240625T062629_R077_T40QGL_20240625T102033,0,2024-06,T40QGL,0.2259477855617687,0,0.7596965683860358
S2B_MSIL2A_20240715T062629_R077_T40QGL_20240715T114701_0000.jpg,S2B_MSIL2A_20240715T062629_R077_T40QGL_20240715T114701,1,2024-07,T40QGL,0.9999943599404145,1,0.7596965683860358
S2B_MSIL2A_20240715T062629_R077_T40QGL_20240715T114701_0001.jpg,S2B_MSIL2A_20240715T062629_R077_T40QGL_20240715T114701,1,2024-07,T40QGL,0.9999945539829348,1,0.7596965683860358
S2B_MSIL2A_20240824T062629_R077_T40QGL_20240824T100609_0000.jpg,S2B_MSIL2A_20240824T062629_R077_T40QGL_20240824T100609,1,2024-08,T40QGL,0.7359986544458729,0,0.7596965683860358
S2B_MSIL2A_20240824T062629_R077_T40QGL_20240824T100609_0001.jpg,S2B_MSIL2A_20240824T062629_R077_T40QGL_20240824T100609,1,2024-08,T40QGL,0.7400119170626163,0,0.7596965683860358
S2A_MSIL2A_20240908T062631_R077_T40QGL_20240908T111753_0000.jpg,S2A_MSIL2A_20240908T062631_R077_T40QGL_20240908T111753,1,2024-09,T40QGL,0.2925099245691999,0,0.7596965683860358
S2A_MSIL2A_20240908T062631_R077_T40QGL_20240908T111753_0001.jpg,S2A_MSIL2A_20240908T062631_R077_T40QGL_20240908T111753,1,2024-09,T40QGL,0.269672416768624,0,0.7596965683860358
S2A_MSIL2A_20240928T062641_R077_T40QGL_20240928T091150_0000.jpg,S2A_MSIL2A_20240928T062641_R077_T40QGL_20240928T091150,0,2024-09,T40QGL,0.2925164506330918,0,0.7596965683860358
S2A_MSIL2A_20240928T062641_R077_T40QGL_20240928T091150_0001.jpg,S2A_MSIL2A_20240928T062641_R077_T40QGL_20240928T091150,0,2024-09,T40QGL,0.24071824413354367,0,0.7596965683860358
S2B_MSIL2A_20241003T062629_R077_T40QGL_20241003T090945_0000.jpg,S2B_MSIL2A_20241003T062629_R077_T40QGL_20241003T090945,0,2024-10,T40QGL,0.08144806228590012,0,0.7596965683860358
S2B_MSIL2A_20241003T062629_R077_T40QGL_20241003T090945_0001.jpg,S2B_MSIL2A_20241003T062629_R077_T40QGL_20241003T090945,0,2024-10,T40QGL,0.06983088708408569,0,0.7596965683860358
S2B_MSIL2A_20241023T062829_R077_T40QGL_20241023T083127_0000.jpg,S2B_MSIL2A_20241023T062829_R077_T40QGL_20241023T083127,0,2024-10,T40QGL,0.23611060799269198,0,0.7596965683860358
S2B_MSIL2A_20241023T062829_R077_T40QGL_20241023T083127_0001.jpg,S2B_MSIL2A_20241023T062829_R077_T40QGL_20241023T083127,0,2024-10,T40QGL,0.2421570437038666,0,0.7596965683860358
S2A_MSIL2A_20241207T063241_R077_T40QGL_20241207T092856_0000.jpg,S2A_MSIL2A_20241207T063241_R077_T40QGL_20241207T092856,1,2024-12,T40QGL,0.9102740826086323,1,0.7596965683860358
S2A_MSIL2A_20241207T063241_R077_T40QGL_20241207T092856_0001.jpg,S2A_MSIL2A_20241207T063241_R077_T40QGL_20241207T092856,1,2024-12,T40QGL,0.9078625300676898,1,0.7596965683860358
S2B_MSIL2A_20241212T063159_R077_T40QGL_20241212T090100_0000.jpg,S2B_MSIL2A_20241212T063159_R077_T40QGL_20241212T090100,0,2024-12,T40QGL,0.20756996085803692,0,0.7596965683860358
S2B_MSIL2A_20241212T063159_R077_T40QGL_20241212T090100_0001.jpg,S2B_MSIL2A_20241212T063159_R077_T40QGL_20241212T090100,0,2024-12,T40QGL,0.2146554352892352,0,0.7596965683860358
