{"mu": 0.9529708750666517, "sigma": 0.42370367778944823, "log_target": 1}