tile,scene_id,datetime,month_key,fai_mean,rednir_mean,ndwi_mean,kd490,chlor_a,nflh,month_sin,month_cos,ndwi_std,rednir_std,hab_label,p_frcnn_r50_med,p_frcnn_mb_med,p_ssd_mb_med,p_tab,date_key,region_key,group_for_cv,log_kd490,log_chlor_a,log_nflh,ratio_chl_kd,chl_times_nflh,ratio_nflh_kd,fai_mean_rm_mean,fai_mean_anom_rm,fai_mean_z_rm,rednir_mean_rm_mean,rednir_mean_anom_rm,rednir_mean_z_rm,ndwi_mean_rm_mean,ndwi_mean_anom_rm,ndwi_mean_z_rm,kd490_rm_mean,kd490_anom_rm,kd490_z_rm,chlor_a_rm_mean,chlor_a_anom_rm,chlor_a_z_rm,nflh_rm_mean,nflh_anom_rm,nflh_z_rm,month_sin_rm_mean,month_sin_anom_rm,month_sin_z_rm,month_cos_rm_mean,month_cos_anom_rm,month_cos_z_rm,ndwi_std_rm_mean,ndwi_std_anom_rm,ndwi_std_z_rm,rednir_std_rm_mean,rednir_std_anom_rm,rednir_std_z_rm,log_kd490_rm_mean,log_kd490_anom_rm,log_kd490_z_rm,log_chlor_a_rm_mean,log_chlor_a_anom_rm,log_chlor_a_z_rm,log_nflh_rm_mean,log_nflh_anom_rm,log_nflh_z_rm,ratio_chl_kd_rm_mean,ratio_chl_kd_anom_rm,ratio_chl_kd_z_rm,chl_times_nflh_rm_mean,chl_times_nflh_anom_rm,chl_times_nflh_z_rm,ratio_nflh_kd_rm_mean,ratio_nflh_kd_anom_rm,ratio_nflh_kd_z_rm
S2B_MSIL2A_20170909T065619_R063_T39QXG_20210201T223815_0000.jpg,S2B_MSIL2A_20170909T065619_R063_T39QXG_20210201T223815,2017-09-09 06:56:19.027000+00:00,2017-09,0.044839322566986,0.9070813655853271,-0.157337874174118,0.0852,0.741344,0.32883,-1.0,-1.8369701987210294e-16,1.4901161193847656e-08,1.1920928955078125e-07,1,0.9754769206047058,0.3487369120121002,0.7956363558769226,0.5637064603578306,2017-09-09 06:56:19.027,T39QXG,T39QXG,-1.0695604052332999,-0.1299802230131316,-0.48302856753067297,8.701220657276995,0.24377614752,3.8595070422535214,0.044839322566986,0.0,,0.9070813655853271,0.0,,-0.157337874174118,0.0,,0.0852,0.0,,0.741344,0.0,,0.32883,0.0,,-1.0,0.0,,-1.8369701987210294e-16,0.0,,1.4901161193847656e-08,0.0,,1.1920928955078125e-07,0.0,,-1.0695604052332999,0.0,,-0.1299802230131316,0.0,,-0.48302856753067297,0.0,,8.701220657276995,0.0,,0.24377614752,0.0,,3.8595070422535214,0.0,
S2A_MSIL2A_20170825T065621_R063_T39QXG_20210201T094547_0000.jpg,S2A_MSIL2A_20170825T065621_R063_T39QXG_20210201T094547,2017-08-25 06:56:21.026000+00:00,2017-08,0.0548852682113647,0.930767297744751,-0.1537606567144394,0.0738,0.57676,0.235755,-0.8660254037844384,-0.5000000000000004,1.4901161193847656e-08,1.1920928955078125e-07,1,0.4004035592079162,0.2417213916778564,0.436570405960083,0.4079738158933425,2017-08-25 06:56:21.026,T39QXG,T39QXG,-1.1319436381769583,-0.2390048668421193,-0.6275390877767101,7.815176151761518,0.1359740538,3.194512195121951,0.05157378067572906,0.003311487535635635,0.9557601806948639,0.916977604230245,0.013789693514505985,1.0776274045843788,-0.16105085611343384,0.007290199398994446,1.1512332009298003,0.06843333333333333,0.005366666666666672,1.0881607968842417,0.44762033333333334,0.1291396666666667,1.0749711750355235,0.190882,0.044872999999999996,0.7414135664393,-0.8660254037844384,0.0,,-0.5000000000000004,0.0,,1.4901161193847656e-08,0.0,0.0,9.934107462565105e-08,1.9868214925130204e-08,0.2182178902359923,-1.1654752373742736,0.0335315991973153,1.0810423331635681,-0.3594085990937121,0.12040373225159279,1.0413706528816549,-0.7362967622024842,0.10875767442577411,0.7027422556818597,6.502583518542626,1.312592633218892,0.938870714967435,0.08969699811,0.04627705569,0.9779306616923373,2.785666592372604,0.4088456027493472,0.482166270205006
S2B_MSIL2A_20170820T065619_R063_T39QXG_20201015T042237_0000.jpg,S2B_MSIL2A_20170820T065619_R063_T39QXG_20201015T042237,2017-08-20 06:56:19.027000+00:00,2017-08,0.0479737743735313,0.9054860472679138,-0.1651863306760788,0.0641,0.426916,0.214845,-0.8660254037844384,-0.5000000000000004,0.0,0.0,0,0.4004035592079162,0.2417213916778564,0.436570405960083,0.4211006128073691,2017-08-20 06:56:19.027,T39QXG,T39QXG,-1.1931419704811825,-0.3696575683595656,-0.667874749020698,6.66015600624025,0.09172076802000001,3.3517160686427454,0.05157378067572906,-0.0036000063021977627,-1.0390323493187292,0.916977604230245,-0.011491556962331173,-0.8980342232351733,-0.16105085611343384,-0.0041354745626449585,-0.6530542386500707,0.06843333333333333,-0.004333333333333328,-0.8786391527636715,0.44762033333333334,-0.020704333333333325,-0.17234488911225684,0.190882,0.023963000000000012,0.3959283598730853,-0.8660254037844384,0.0,,-0.5000000000000004,0.0,,1.4901161193847656e-08,-1.4901161193847656e-08,-1.0,9.934107462565105e-08,-9.934107462565105e-08,-1.0910894511799618,-1.1654752373742736,-0.027666733106908925,-0.8919619232267697,-0.3594085990937121,-0.010248969265853503,-0.0886432307052067,-0.7362967622024842,0.0684220131817862,0.442111695892123,6.502583518542626,0.15757248769762366,0.11270838372836908,0.08969699811,0.0020237699100000145,0.04276647720323791,2.785666592372604,0.5660494762701416,0.6675624316106381
S2A_MSIL2A_20170805T065621_R063_T39QXG_20210210T194556_0000.jpg,S2A_MSIL2A_20170805T065621_R063_T39QXG_20210210T194556,2017-08-05 06:56:21.026000+00:00,2017-08,0.0518622994422912,0.91467946767807,-0.1642055809497833,0.0674,0.339185,0.122046,-0.8660254037844384,-0.5000000000000004,2.9802322387695312e-08,1.788139343261719e-07,0,0.4004035592079162,0.2417213916778564,0.436570405960083,0.4046991096786643,2017-08-05 06:56:21.026,T39QXG,T39QXG,-1.1713401034646802,-0.4695633620794514,-0.9134764498100445,5.032418397626113,0.04139617251,1.8107715133531157,0.05157378067572906,0.0002885187665621347,0.08327216862386723,0.916977604230245,-0.002298136552175034,-0.1795931813492228,-0.16105085611343384,-0.0031547248363494595,-0.4981789622797251,0.06843333333333333,-0.0010333333333333306,-0.2095216441205675,0.44762033333333334,-0.10843533333333333,-0.9026262859232663,0.190882,-0.068836,-1.137341926312385,-0.8660254037844384,0.0,,-0.5000000000000004,0.0,,1.4901161193847656e-08,1.4901161193847656e-08,1.0,9.934107462565105e-08,7.947285970052086e-08,0.8728715609439697,-1.1654752373742736,-0.005864866090406595,-0.18908040993680564,-0.3594085990937121,-0.11015476298573929,-0.9527274221764481,-0.7362967622024842,-0.1771796876075603,-1.1448539515739826,6.502583518542626,-1.470165120916513,-1.0515790986958022,0.08969699811,-0.04830082559999999,-1.0206971388955748,2.785666592372604,-0.9748950790194881,-1.1497287018156435
S2B_MSIL2A_20170731T065619_R063_T39QXG_20210210T172720_0000.jpg,S2B_MSIL2A_20170731T065619_R063_T39QXG_20210210T172720,2017-07-31 06:56:19.027000+00:00,2017-07,0.0390426144003868,0.8950853943824768,-0.1654534339904785,0.0652,0.452843,0.379235,-0.5000000000000001,-0.8660254037844386,0.0,1.788139343261719e-07,1,0.7057780623435974,0.2137039750814438,0.385426789522171,0.436166637163638,2017-07-31 06:56:19.027,T39QXG,T39QXG,-1.1857524042680798,-0.3440523411482712,-0.4210915879863479,6.945444785276075,0.171733915105,5.8164877300613504,0.0390426144003868,0.0,,0.8950853943824768,0.0,,-0.1654534339904785,0.0,,0.0652,0.0,,0.452843,0.0,,0.379235,0.0,,-0.5000000000000001,0.0,,-0.8660254037844386,0.0,,0.0,0.0,,1.788139343261719e-07,0.0,,-1.1857524042680798,0.0,,-0.3440523411482712,0.0,,-0.4210915879863479,0.0,,6.945444785276075,0.0,,0.171733915105,0.0,,5.8164877300613504,0.0,
S2A_MSIL2A_20170626T065621_R063_T39QXG_20210210T014612_0000.jpg,S2A_MSIL2A_20170626T065621_R063_T39QXG_20210210T014612,2017-06-26 06:56:21.026000+00:00,2017-06,0.0431606546044349,0.9044514298439026,-0.1620793044567108,0.0636,0.29478,0.32883,1.2246467991473532e-16,-1.0,1.4901161193847656e-08,1.788139343261719e-07,0,0.7883565723896027,0.2105096951127051,0.4856774657964706,0.3853368995615804,2017-06-26 06:56:21.026,T39QXG,T39QXG,-1.1965428843515862,-0.5305019854815346,-0.48302856753067297,4.634905660377358,0.09693250739999999,5.1702830188679245,0.04392784833908075,-0.0007671937346458504,-0.7071067811865476,0.9106579422950745,-0.006206512451171875,-0.707106781186538,-0.15674135833978647,-0.005337946116924314,-0.7071067811865502,0.07550000000000001,-0.011900000000000008,-0.7071067811865482,0.5353955,-0.24061550000000004,-0.7071067811865477,0.32883,0.0,,1.2246467991473532e-16,0.0,,-1.0,0.0,,7.450580596923828e-09,7.450580596923828e-09,0.7071067811865475,1.788139343261719e-07,0.0,,-1.1275157258585917,-0.06902715849299446,-0.7071067811865458,-0.32031705401538313,-0.21018493146615147,-0.7071067811865477,-0.48302856753067297,0.0,,6.756875026985018,-2.12196936660766,-0.7071067811865475,0.17605410226499998,-0.07912159486499999,-0.7071067811865476,4.466319999136479,0.7039630197314457,0.7071067811865482
S2A_MSIL2A_20170606T065621_R063_T39QXG_20210209T205041_0000.jpg,S2A_MSIL2A_20170606T065621_R063_T39QXG_20210209T205041,2017-06-06 06:56:21.026000+00:00,2017-06,0.0446950420737266,0.9168644547462464,-0.1514034122228622,0.0874,0.776011,0.32883,1.2246467991473532e-16,-1.0,0.0,1.788139343261719e-07,1,0.7883565723896027,0.2105096951127051,0.4856774657964706,0.5060881066605246,2017-06-06 06:56:21.026,T39QXG,T39QXG,-1.058488567365597,-0.11013212254923171,-0.48302856753067297,8.878844393592678,0.25517569713,3.762356979405034,0.04392784833908075,0.0007671937346458504,0.7071067811865476,0.9106579422950745,0.006206512451171986,0.7071067811865506,-0.15674135833978647,0.005337946116924286,0.7071067811865466,0.07550000000000001,0.011899999999999994,0.7071067811865474,0.5353955,0.24061549999999998,0.7071067811865475,0.32883,0.0,,1.2246467991473532e-16,0.0,,-1.0,0.0,,7.450580596923828e-09,-7.450580596923828e-09,-0.7071067811865475,1.788139343261719e-07,0.0,,-1.1275157258585917,0.06902715849299468,0.707106781186548,-0.32031705401538313,0.21018493146615141,0.7071067811865476,-0.48302856753067297,0.0,,6.756875026985018,2.12196936660766,0.7071067811865475,0.17605410226499998,0.079121594865,0.7071067811865477,4.466319999136479,-0.7039630197314448,-0.7071067811865472
S2A_MSIL2A_20180929T065651_R063_T39QXG_20201009T060705_0000.jpg,S2A_MSIL2A_20180929T065651_R063_T39QXG_20201009T060705,2018-09-29 06:56:51.024000+00:00,2018-09,0.0421377196907997,0.9059388637542723,-0.1600859314203262,0.0979,0.946864,0.336352,-1.0,-1.8369701987210294e-16,1.4901161193847656e-08,1.788139343261719e-07,0,0.9810630679130554,0.3488015234470367,0.7660241723060608,0.76449967286238,2018-09-29 06:56:51.024,T39QXG,T39QXG,-1.009217308196862,-0.02371239511613574,-0.4732059855926509,9.671746680286006,0.318479600128,3.4356690500510725,0.04240219419201211,-0.0002644745012124125,-0.10623868663037987,0.9042354722817739,0.0017033914724984278,0.20724479068538662,-0.1617406979203224,0.0016547664999961853,0.1832569166276142,0.0877,0.0102,0.3891180247696552,0.7924058333333334,0.15445816666666667,0.35426116328526924,0.33085566666666666,0.005496333333333325,0.06469250524384361,-1.0,0.0,,-1.8369701987210294e-16,0.0,,1.7384688059488933e-08,-2.483526865641277e-09,-0.16951587590520267,1.2914339701334637e-07,4.967053731282553e-08,0.7128324356402512,-1.072602283724832,0.06338497552796984,0.5009371443241591,-0.15608668616074106,0.13237429104460532,0.5501665912540668,-0.49260126027356743,0.019395274680916508,0.17042551371741313,8.491601811377462,1.1801448689085436,0.534286449760652,0.2884572963335,0.030022303794499994,0.13517789472215191,3.8405717375015036,-0.4049026874504311,-0.634040851965841
S2B_MSIL2A_20180924T065619_R063_T39QXG_20201009T042750_0000.jpg,S2B_MSIL2A_20180924T065619_R063_T39QXG_20201009T042750,2018-09-24 06:56:19.024000+00:00,2018-09,0.0395934581756591,0.9157702922821044,-0.1448828876018524,0.0979,0.946864,0.336352,-1.0,-1.8369701987210294e-16,2.9802322387695312e-08,1.1920928955078125e-07,0,0.9810630679130554,0.3488015234470367,0.7660241723060608,0.8334755984301307,2018-09-24 06:56:19.024,T39QXG,T39QXG,-1.009217308196862,-0.02371239511613574,-0.4732059855926509,9.671746680286006,0.318479600128,3.4356690500510725,0.04240219419201211,-0.0028087360163530084,-1.1282616059426156,0.9042354722817739,0.011534820000330459,1.4033951649739185,-0.1617406979203224,0.01685781031847,1.8669161721989858,0.0877,0.0102,0.3891180247696552,0.7924058333333334,0.15445816666666667,0.35426116328526924,0.33085566666666666,0.005496333333333325,0.06469250524384361,-1.0,0.0,,-1.8369701987210294e-16,0.0,,1.7384688059488933e-08,1.2417634328206379e-08,0.8475793795260129,1.2914339701334637e-07,-9.934107462565122e-09,-0.14256648712805048,-1.072602283724832,0.06338497552796984,0.5009371443241591,-0.15608668616074106,0.13237429104460532,0.5501665912540668,-0.49260126027356743,0.019395274680916508,0.17042551371741313,8.491601811377462,1.1801448689085436,0.534286449760652,0.2884572963335,0.030022303794499994,0.13517789472215191,3.8405717375015036,-0.4049026874504311,-0.634040851965841
S2A_MSIL2A_20180919T065621_R063_T39QXG_20201009T024121_0000.jpg,S2A_MSIL2A_20180919T065621_R063_T39QXG_20201009T024121,2018-09-19 06:56:21.024000+00:00,2018-09,0.0470229387283325,0.9113800525665284,-0.163395419716835,0.0626,0.384632,0.23686,-1.0,-1.8369701987210294e-16,0.0,1.1920928955078125e-07,0,0.9810630679130554,0.3488015234470367,0.7660241723060608,0.7873454861325427,2018-09-19 06:56:21.024,T39QXG,T39QXG,-1.2034256667895702,-0.414954586854437,-0.6255082750561838,6.144281150159744,0.09110393551999998,3.7837060702875394,0.04240219419201211,0.004620744536320387,1.8561404919671787,0.9042354722817739,0.007144580284754509,0.8692523530584099,-0.1617406979203224,-0.0016547217965126038,-0.18325196594571214,0.0877,-0.025099999999999997,-0.9575355315410141,0.7924058333333334,-0.4077738333333334,-0.9352592722773493,0.33085566666666666,-0.09399566666666667,-1.106340316343972,-1.0,0.0,,-1.8369701987210294e-16,0.0,,1.7384688059488933e-08,-1.7384688059488933e-08,-1.1866111313364183,1.2914339701334637e-07,-9.934107462565122e-09,-0.14256648712805048,-1.072602283724832,-0.13082338306473829,-1.0339089252208875,-0.15608668616074106,-0.2588679006936959,-1.0758922248864504,-0.49260126027356743,-0.13290701478261635,-1.167848697356261,8.491601811377462,-2.3473206612177187,-1.0627014153709222,0.2884572963335,-0.1973533608135,-0.8885997561585354,3.8405717375015036,-0.056865667213964244,-0.0890464726598334
S2B_MSIL2A_20180914T065619_R063_T39QXG_20201009T011434_0000.jpg,S2B_MSIL2A_20180914T065619_R063_T39QXG_20201009T011434,2018-09-14 06:56:19.024000+00:00,2018-09,0.0424590334296226,0.8981236815452576,-0.1677370965480804,0.0626,0.384632,0.23686,-1.0,-1.8369701987210294e-16,2.9802322387695312e-08,0.0,0,0.9810630679130554,0.3488015234470367,0.7660241723060608,0.6739212185635337,2018-09-14 06:56:19.024,T39QXG,T39QXG,-1.2034256667895702,-0.414954586854437,-0.6255082750561838,6.144281150159744,0.09110393551999998,3.7837060702875394,0.04240219419201211,5.683923761048981e-05,0.022832166901264675,0.9042354722817739,-0.006111790736516354,-0.7435970018356339,-0.1617406979203224,-0.005996398627757998,-0.6640704434103065,0.0877,-0.025099999999999997,-0.9575355315410141,0.7924058333333334,-0.4077738333333334,-0.9352592722773493,0.33085566666666666,-0.09399566666666667,-1.106340316343972,-1.0,0.0,,-1.8369701987210294e-16,0.0,,1.7384688059488933e-08,1.2417634328206379e-08,0.8475793795260129,1.2914339701334637e-07,-1.2914339701334637e-07,-1.8533643326646532,-1.072602283724832,-0.13082338306473829,-1.0339089252208875,-0.15608668616074106,-0.2588679006936959,-1.0758922248864504,-0.49260126027356743,-0.13290701478261635,-1.167848697356261,8.491601811377462,-2.3473206612177187,-1.0627014153709222,0.2884572963335,-0.1973533608135,-0.8885997561585354,3.8405717375015036,-0.056865667213964244,-0.0890464726598334
S2A_MSIL2A_20180909T065621_R063_T39QXG_20201008T231028_0000.jpg,S2A_MSIL2A_20180909T065621_R063_T39QXG_20201008T231028,2018-09-09 06:56:21.024000+00:00,2018-09,0.0420393347740173,0.8946921825408936,-0.1705683767795562,0.1302,1.51576,0.456075,-1.0,-1.8369701987210294e-16,2.9802322387695312e-08,1.788139343261719e-07,1,0.9810630679130554,0.3488015234470367,0.7660241723060608,0.6858248587432867,2018-09-09 06:56:21.024,T39QXG,T39QXG,-0.8853890157678268,0.1806304421093745,-0.3409637331956288,11.641781874039937,0.6913002420000001,3.502880184331797,0.04240219419201211,-0.00036285941799481247,-0.14575963967230146,0.9042354722817739,-0.009543289740880367,-1.1610936867600026,-0.1617406979203224,-0.0088276788592338,-0.9776202314499903,0.0877,0.04250000000000001,1.621325103206897,0.7924058333333334,0.7233541666666666,1.659065972883142,0.33085566666666666,0.12521933333333335,1.4738466332034592,-1.0,0.0,,-1.8369701987210294e-16,0.0,,1.7384688059488933e-08,1.2417634328206379e-08,0.8475793795260129,1.2914339701334637e-07,4.967053731282553e-08,0.7128324356402512,-1.072602283724832,0.1872132679570051,1.4795632411121242,-0.15608668616074106,0.3367171282701156,1.3994448107359847,-0.49260126027356743,0.15163752707793865,1.3324329702081152,8.491601811377462,3.150180062662475,1.4261795870394578,0.2884572963335,0.4028429456665001,1.8138335309512061,3.8405717375015036,-0.33769155316970645,-0.5287943170285836
S2B_MSIL2A_20180904T065619_R063_T39QXG_20201011T083613_0000.jpg,S2B_MSIL2A_20180904T065619_R063_T39QXG_20201011T083613,2018-09-04 06:56:19.024000+00:00,2018-09,0.0411606803536415,0.8995077610015869,-0.1637744754552841,0.075,0.575683,0.382635,-1.0,-1.8369701987210294e-16,0.0,1.788139343261719e-07,0,0.9810630679130554,0.3488015234470367,0.7660241723060608,0.6952439430103513,2018-09-04 06:56:19.024,T39QXG,T39QXG,-1.1249387366083,-0.2398165951326755,-0.41721530714810634,7.675773333333333,0.22027646470499998,5.1018,0.04240219419201211,-0.0012415138383706087,-0.49871272662313243,0.9042354722817739,-0.004727711280187008,-0.5752016201221191,-0.1617406979203224,-0.0020337775349617004,-0.2252304480205819,0.0877,-0.012700000000000003,-0.4844900896641786,0.7924058333333334,-0.21672283333333342,-0.49706975489898275,0.33085566666666666,0.051779333333333344,0.6094489889967976,-1.0,0.0,,-1.8369701987210294e-16,0.0,,1.7384688059488933e-08,-1.7384688059488933e-08,-1.1866111313364183,1.2914339701334637e-07,4.967053731282553e-08,0.7128324356402512,-1.072602283724832,-0.052336452883468,-0.4136196793186658,-0.15608668616074106,-0.08372990897193444,-0.3479935434712176,-0.49260126027356743,0.07538595312546109,0.6624133970695807,8.491601811377462,-0.8158284780441294,-0.369349655818919,0.2884572963335,-0.0681808316285,-0.30698980807843884,3.8405717375015036,1.2612282624984963,1.974968966279931
S2A_MSIL2A_20180830T065621_R063_T39QXG_20201103T141110_0000.jpg,S2A_MSIL2A_20180830T065621_R063_T39QXG_20201103T141110,2018-08-30 06:56:21.024000+00:00,2018-08,0.0448196902871131,0.9157285094261168,-0.153169646859169,0.075,0.575683,0.382635,-0.8660254037844384,-0.5000000000000004,0.0,0.0,1,0.973641037940979,0.2011658996343612,0.4173726737499237,0.4666560835602344,2018-08-30 06:56:21.024,T39QXG,T39QXG,-1.1249387366083,-0.2398165951326755,-0.41721530714810634,7.675773333333333,0.22027646470499998,5.1018,0.041737707952658264,0.003081982334454836,1.0010647240313517,0.9063997069994608,0.009328802426656013,1.097898315552449,-0.15751633048057553,0.004346683621406527,1.1102615143037262,0.07473333333333333,0.00026666666666666505,1.1547005383792317,0.5595423333333333,0.016140666666666692,1.1547005383792548,0.2513476666666667,0.1312873333333333,1.1547005383792512,-0.8660254037844384,0.0,,-0.5000000000000004,0.0,,0.0,0.0,,0.0,0.0,,-1.1264870272209875,0.001548290612687575,1.154700538379224,-0.25225655383493645,0.012439958702260945,1.1547005383792537,-0.6265242634536209,0.20930895630551455,1.1547005383792515,7.486848483765265,0.18892484956806754,1.154700538379253,0.141699192427,0.07857727227799999,1.1547005383792517,3.3601531724754246,1.7416468275245753,1.1547005383792512
S2A_MSIL2A_20180820T065621_R063_T39QXG_20201011T042051_0000.jpg,S2A_MSIL2A_20180820T065621_R063_T39QXG_20201011T042051,2018-08-20 06:56:21.024000+00:00,2018-08,0.0417311415076255,0.9043675065040588,-0.1607653349637985,0.0746,0.551472,0.185704,-0.8660254037844384,-0.5000000000000004,0.0,0.0,0,0.973641037940979,0.2011658996343612,0.4173726737499237,0.4822073549959274,2018-08-20 06:56:21.024,T39QXG,T39QXG,-1.1272611725273312,-0.2584765331860669,-0.7311787416063781,7.3923860589812325,0.102410556288,2.489329758713137,0.041737707952658264,-6.566445032767099e-06,-0.0021328598840774328,0.9063997069994608,-0.0020322004954019812,-0.23916783727688637,-0.15751633048057553,-0.0032490044832229614,-0.8298843329102166,0.07473333333333333,-0.00013333333333333253,-0.5773502691896159,0.5595423333333333,-0.00807033333333329,-0.5773502691896235,0.2513476666666667,-0.06564366666666668,-0.5773502691896258,-0.8660254037844384,0.0,,-0.5000000000000004,0.0,,0.0,0.0,,0.0,0.0,,-1.1264870272209875,-0.0007741453063436765,-0.5773502691895291,-0.25225655383493645,-0.006219979351130445,-0.5773502691896243,-0.6265242634536209,-0.10465447815275719,-0.5773502691896253,7.486848483765265,-0.09446242478403288,-0.5773502691896211,0.141699192427,-0.039288636138999994,-0.5773502691896258,3.3601531724754246,-0.8708234137622877,-0.5773502691896256
S2B_MSIL2A_20180815T065729_R063_T39QXG_20201011T021229_0000.jpg,S2B_MSIL2A_20180815T065729_R063_T39QXG_20201011T021229,2018-08-15 06:57:29.024000+00:00,2018-08,0.0386622920632362,0.8991031050682068,-0.1586140096187591,0.0746,0.551472,0.185704,-0.8660254037844384,-0.5000000000000004,0.0,0.0,0,0.973641037940979,0.2011658996343612,0.4173726737499237,0.513665392921504,2018-08-15 06:57:29.024,T39QXG,T39QXG,-1.1272611725273312,-0.2584765331860669,-0.7311787416063781,7.3923860589812325,0.102410556288,2.489329758713137,0.041737707952658264,-0.003075415889422062,-0.9989318641472721,0.9063997069994608,-0.007296601931254032,-0.8587304782755628,-0.15751633048057553,-0.001097679138183566,-0.2803771813935096,0.07473333333333333,-0.00013333333333333253,-0.5773502691896159,0.5595423333333333,-0.00807033333333329,-0.5773502691896235,0.2513476666666667,-0.06564366666666668,-0.5773502691896258,-0.8660254037844384,0.0,,-0.5000000000000004,0.0,,0.0,0.0,,0.0,0.0,,-1.1264870272209875,-0.0007741453063436765,-0.5773502691895291,-0.25225655383493645,-0.006219979351130445,-0.5773502691896243,-0.6265242634536209,-0.10465447815275719,-0.5773502691896253,7.486848483765265,-0.09446242478403288,-0.5773502691896211,0.141699192427,-0.039288636138999994,-0.5773502691896258,3.3601531724754246,-0.8708234137622877,-0.5773502691896256
S2B_MSIL2A_20180716T065619_R063_T39QXG_20201011T163441_0000.jpg,S2B_MSIL2A_20180716T065619_R063_T39QXG_20201011T163441,2018-07-16 06:56:19.024000+00:00,2018-07,0.0476786866784095,0.9020482897758484,-0.1678117960691452,0.0779,0.63296,0.168647,-0.5000000000000001,-0.8660254037844386,0.0,1.1920928955078125e-07,0,0.4354408979415893,0.1199859753251075,0.3442471027374267,0.4936245889571261,2018-07-16 06:56:19.024,T39QXG,T39QXG,-1.1084625423274355,-0.19862373441893344,-0.7730213799122769,8.125288831835686,0.10674680511999998,2.1649165596919127,0.04555411388476683,0.0021245727936426706,0.5187487217029412,0.910042424996694,-0.007994135220845577,-0.7915684183085124,-0.1598699440558751,-0.007941852013270106,-1.1480948408945941,0.08473333333333333,-0.00683333333333333,-0.8006407690254351,0.7395503333333333,-0.10659033333333334,-0.72839945203023,0.2985485,-0.1299015,-1.0,-0.5000000000000001,0.0,,-0.8660254037844387,1.1102230246251565e-16,,1.9868214925130207e-08,-1.9868214925130207e-08,-1.1547005383792512,1.1920928955078125e-07,0.0,0.0,-1.0733789990687967,-0.035083543258638716,-0.8169578499669373,-0.13641556515142197,-0.062208169267511465,-0.7530239180862781,-0.5553687797506618,-0.21765260016161514,-1.0660700645177155,8.67373837696043,-0.5484495451247433,-0.6719123935203001,0.23263138500716662,-0.12588457988716664,-0.8793991427449914,3.449743395471712,-1.2848268357797994,-1.070029364090861
S2B_MSIL2A_20180706T065619_R063_T39QXG_20201011T124309_0000.jpg,S2B_MSIL2A_20180706T065619_R063_T39QXG_20201011T124309,2018-07-06 06:56:19.024000+00:00,2018-07,0.0408328175544738,0.906686782836914,-0.1566378772258758,0.082,0.679299,0.2985485,-0.5000000000000001,-0.8660254037844386,2.9802322387695312e-08,0.0,0,0.4354408979415893,0.1199859753251075,0.3442471027374267,0.5142933730956332,2018-07-06 06:56:19.024,T39QXG,T39QXG,-1.0861861476162833,-0.16793902473622954,-0.5249851065065168,8.284134146341463,0.20280369750149999,3.6408353658536585,0.04555411388476683,-0.004721296330293029,-1.1527806641640628,0.910042424996694,-0.0033556421597800146,-0.33227113170415773,-0.1598699440558751,0.003232066829999297,0.4672360107879707,0.08473333333333333,-0.0027333333333333237,-0.32025630761017304,0.7395503333333333,-0.06025133333333332,-0.4117356312869903,0.2985485,0.0,0.0,-0.5000000000000001,0.0,,-0.8660254037844387,1.1102230246251565e-16,,1.9868214925130207e-08,9.934107462565105e-09,0.5773502691896257,1.1920928955078125e-07,-1.1920928955078125e-07,-1.0,-1.0733789990687967,-0.012807148547486547,-0.2982281596938042,-0.13641556515142197,-0.03152345958480757,-0.3815884525729562,-0.5553687797506618,0.030383673244145037,0.14882029652583648,8.67373837696043,-0.389604230618966,-0.47730901310399176,0.23263138500716662,-0.02982768750566664,-0.20836899043599863,3.449743395471712,0.19109197038194647,0.15914519673506233
S2A_MSIL2A_20180701T065621_R063_T39QXG_20201011T104015_0000.jpg,S2A_MSIL2A_20180701T065621_R063_T39QXG_20201011T104015,2018-07-01 06:56:21.024000+00:00,2018-07,0.0481508374214172,0.9213922023773192,-0.1551601588726043,0.0943,0.906392,0.42845,-0.5000000000000001,-0.8660254037844386,2.9802322387695312e-08,2.384185791015625e-07,1,0.4354408979415893,0.1199859753251075,0.3442471027374267,0.533017988557819,2018-07-01 06:56:21.024,T39QXG,T39QXG,-1.0254883072626717,-0.042683936299102984,-0.3680998528331917,9.611792152704137,0.38834365239999996,4.543478260869565,0.04555411388476683,0.002596723536650372,0.6340319424611249,0.910042424996694,0.011349777380625259,1.1238395500126372,-0.1598699440558751,0.004709785183270809,0.6808588301066235,0.08473333333333333,0.009566666666666668,1.12089707663561,0.7395503333333333,0.16684166666666667,1.1401350833172204,0.2985485,0.1299015,1.0,-0.5000000000000001,0.0,,-0.8660254037844387,1.1102230246251565e-16,,1.9868214925130207e-08,9.934107462565105e-09,0.5773502691896257,1.1920928955078125e-07,1.1920928955078125e-07,1.0,-1.0733789990687967,0.04789069180612504,1.1151860096607364,-0.13641556515142197,0.09373162885231899,1.1346123706592337,-0.5553687797506618,0.1872689269174701,0.9172497679918791,8.67373837696043,0.9380537757437075,1.1492214066242896,0.23263138500716662,0.15571226739283334,1.0877681331809905,3.449743395471712,1.0937348653978534,0.9108841673557988
S2A_MSIL2A_20190904T065621_R063_T39QXG_20201004T090539_0000.jpg,S2A_MSIL2A_20190904T065621_R063_T39QXG_20201004T090539,2019-09-04 06:56:21.024000+00:00,2019-09,0.0452393516898155,0.9051705002784728,-0.1626422107219696,0.122,1.36825,0.32883,-1.0,-1.8369701987210294e-16,2.9802322387695312e-08,1.1920928955078125e-07,1,0.9253124594688416,0.2490802928805351,0.7011986672878265,0.7713767848687021,2019-09-04 06:56:21.024,T39QXG,T39QXG,-0.9136401693252518,0.13616545681454267,-0.48302856753067297,11.21516393442623,0.4499216475,2.695327868852459,0.0452393516898155,0.0,,0.9051705002784728,0.0,,-0.1626422107219696,0.0,,0.122,0.0,,1.36825,0.0,,0.32883,0.0,,-1.0,0.0,,-1.8369701987210294e-16,0.0,,2.9802322387695312e-08,0.0,,1.1920928955078125e-07,0.0,,-0.9136401693252518,0.0,,0.13616545681454267,0.0,,-0.48302856753067297,0.0,,11.21516393442623,0.0,,0.4499216475,0.0,,2.695327868852459,0.0,
S2A_MSIL2A_20190825T065621_R063_T39QXG_20201005T043538_0000.jpg,S2A_MSIL2A_20190825T065621_R063_T39QXG_20201005T043538,2019-08-25 06:56:21.024000+00:00,2019-08,0.0466688647866249,0.9066040515899658,-0.1611194759607315,0.1034,1.04291,0.100123,-0.8660254037844384,-0.5000000000000004,0.0,1.788139343261719e-07,1,0.1859278976917266,0.1559150367975235,0.4405906796455383,0.6212190092692054,2019-08-25 06:56:21.024,T39QXG,T39QXG,-0.9854794612420763,0.018246831734443917,-0.99946614604018,10.086170212765957,0.10441927793,0.9683075435203095,0.04518033936619755,0.0014885254204273501,0.7071067811865475,0.9126812517642975,-0.006077200174331665,-0.7071067811865476,-0.15639760345220566,-0.004721872508525848,-0.7071067811865476,0.0764,0.02700000000000001,0.7071067811865479,0.6440305,0.39887950000000005,0.7071067811865477,0.100123,0.0,,-0.8660254037844384,0.0,,-0.5000000000000004,0.0,,7.450580596923828e-09,-7.450580596923828e-09,-0.7071067811865475,1.1920928955078128e-07,5.960464477539063e-08,0.7071067811865475,-1.1458762561592146,0.16039679491713832,0.7071067811865468,-0.2961597495705269,0.3144065813049708,0.7071067811865475,-0.99946614604018,0.0,,7.524370531484193,2.561799681281764,0.7071067811865477,0.0644822657515,0.0399370121785,0.7071067811865476,1.497544460019264,-0.5292369164989545,-0.7071067811865476
S2A_MSIL2A_20190815T065631_R063_T39QXG_20201005T003451_0000.jpg,S2A_MSIL2A_20190815T065631_R063_T39QXG_20201005T003451,2019-08-15 06:56:31.024000+00:00,2019-08,0.0436918139457702,0.9187584519386292,-0.1516757309436798,0.0494,0.245151,0.100123,-0.8660254037844384,-0.5000000000000004,1.4901161193847656e-08,5.960464477539065e-08,1,0.1859278976917266,0.1559150367975235,0.4405906796455383,0.704102279105143,2019-08-15 06:56:31.024,T39QXG,T39QXG,-1.3062730510763532,-0.6105663308754977,-0.99946614604018,4.96257085020243,0.024545253573,2.0267813765182185,0.04518033936619755,-0.0014885254204273501,-0.7071067811865475,0.9126812517642975,0.006077200174331665,0.7071067811865476,-0.15639760345220566,0.004721872508525848,0.7071067811865476,0.0764,-0.026999999999999996,-0.7071067811865475,0.6440305,-0.39887949999999994,-0.7071067811865476,0.100123,0.0,,-0.8660254037844384,0.0,,-0.5000000000000004,0.0,,7.450580596923828e-09,7.450580596923828e-09,0.7071067811865475,1.1920928955078128e-07,-5.960464477539063e-08,-0.7071067811865475,-1.1458762561592146,-0.16039679491713854,-0.7071067811865477,-0.2961597495705269,-0.31440658130497084,-0.7071067811865476,-0.99946614604018,0.0,,7.524370531484193,-2.561799681281763,-0.7071067811865475,0.0644822657515,-0.0399370121785,-0.7071067811865476,1.497544460019264,0.5292369164989545,0.7071067811865476
S2B_MSIL2A_20190701T065629_R063_T39QXG_20201005T075203_0000.jpg,S2B_MSIL2A_20190701T065629_R063_T39QXG_20201005T075203,2019-07-01 06:56:29.024000+00:00,2019-07,0.0423934459686279,0.8929404616355896,-0.1705730110406875,0.05196,0.323953,0.071008,-0.5000000000000001,-0.8660254037844386,1.4901161193847656e-08,1.788139343261719e-07,1,0.294698566198349,0.2423093318939209,0.3788272738456726,0.2609678503417251,2019-07-01 06:56:29.024,T39QXG,T39QXG,-1.2843308575990098,-0.4895179938714159,-1.1486927194480856,6.234661277906081,0.023003254623999998,1.3665896843725944,0.0423934459686279,0.0,,0.8929404616355896,0.0,,-0.1705730110406875,0.0,,0.05196,0.0,,0.323953,0.0,,0.071008,0.0,,-0.5000000000000001,0.0,,-0.8660254037844386,0.0,,1.4901161193847656e-08,0.0,,1.788139343261719e-07,0.0,,-1.2843308575990098,0.0,,-0.4895179938714159,0.0,,-1.1486927194480856,0.0,,6.234661277906081,0.0,,0.023003254623999998,0.0,,1.3665896843725944,0.0,
S2A_MSIL2A_20200928T065651_R063_T39QXG_20201001T020408_0000.jpg,S2A_MSIL2A_20200928T065651_R063_T39QXG_20201001T020408,2020-09-28 06:56:51.024000+00:00,2020-09,0.0455934405326843,0.8877847194671631,-0.1791176795959472,0.0973333,0.944467,0.299165,-1.0,-1.8369701987210294e-16,0.0,1.1920928955078125e-07,1,0.6863490343093872,0.1930155158042907,0.3935008347034454,0.520781758537698,2020-09-28 06:56:51.024,T39QXG,T39QXG,-1.0117385520022566,-0.024813211874786547,-0.5240892169439109,9.703431405284727,0.282551470055,3.0736140663061873,0.04415606707334514,0.0014373734593391557,0.5481221599823826,0.8894153237342834,-0.0016306042671203613,-0.1572440444298414,-0.17377597391605376,-0.005341705679893449,-0.6491549324135724,0.07934666,0.017986639999999998,0.8829627828604854,0.6612084,0.2832585999999999,0.9229509078327742,0.3153944,-0.016229400000000005,-0.242923020370347,-1.0,0.0,,-1.8369701987210297e-16,2.465190328815662e-32,,1.1920928955078126e-08,-1.1920928955078126e-08,-0.7302967433402215,1.3113021850585939e-07,-1.1920928955078136e-08,-0.44721359549995815,-1.1140054833770625,0.10226693137480591,0.8078941608183509,-0.2353018468493065,0.21048863497451994,0.7692466250856426,-0.5095762845820688,-0.014512932361842035,-0.14860279141954216,7.877540336618834,1.825891068665893,0.819590672592371,0.21409213449640002,0.06845933555859995,0.6962706461478678,4.117646025023591,-1.0440319587174036,-1.0863502179794355
S2B_MSIL2A_20200923T065629_R063_T39QXG_20201028T044418_0000.jpg,S2B_MSIL2A_20200923T065629_R063_T39QXG_20201028T044418,2020-09-23 06:56:29.024000+00:00,2020-09,0.043390154838562,0.8780834674835205,-0.1831856071949005,0.0973333,0.944467,0.299165,-1.0,-1.8369701987210294e-16,2.9802322387695312e-08,1.1920928955078125e-07,1,0.6863490343093872,0.1930155158042907,0.3935008347034454,0.4741403777498101,2020-09-23 06:56:29.024,T39QXG,T39QXG,-1.0117385520022566,-0.024813211874786547,-0.5240892169439109,9.703431405284727,0.282551470055,3.0736140663061873,0.04415606707334514,-0.0007659122347831449,-0.29206986239977173,0.8894153237342834,-0.01133185625076294,-1.092764776651978,-0.17377597391605376,-0.009409633278846752,-1.143512994015819,0.07934666,0.017986639999999998,0.8829627828604854,0.6612084,0.2832585999999999,0.9229509078327742,0.3153944,-0.016229400000000005,-0.242923020370347,-1.0,0.0,,-1.8369701987210297e-16,2.465190328815662e-32,,1.1920928955078126e-08,1.7881393432617187e-08,1.0954451150103324,1.3113021850585939e-07,-1.1920928955078136e-08,-0.44721359549995815,-1.1140054833770625,0.10226693137480591,0.8078941608183509,-0.2353018468493065,0.21048863497451994,0.7692466250856426,-0.5095762845820688,-0.014512932361842035,-0.14860279141954216,7.877540336618834,1.825891068665893,0.819590672592371,0.21409213449640002,0.06845933555859995,0.6962706461478678,4.117646025023591,-1.0440319587174036,-1.0863502179794355
S2A_MSIL2A_20200918T065631_R063_T39QXG_20200921T101042_0000.jpg,S2A_MSIL2A_20200918T065631_R063_T39QXG_20200921T101042,2020-09-18 06:56:31.024000+00:00,2020-09,0.0443934425711631,0.8876389861106873,-0.1751758754253387,0.0772,0.607346,0.379405,-1.0,-1.8369701987210294e-16,2.9802322387695312e-08,1.788139343261719e-07,1,0.6863490343093872,0.1930155158042907,0.3935008347034454,0.460652328387521,2020-09-18 06:56:31.024,T39QXG,T39QXG,-1.1123826996642638,-0.21656382444370503,-0.42089695004698446,7.867176165803109,0.23043010913,4.914572538860103,0.04415606707334514,0.00023737549781795847,0.09051980871463443,0.8894153237342834,-0.0017763376235961914,-0.17129754768790925,-0.17377597391605376,-0.0013999015092849287,-0.17012411841897712,0.07934666,-0.0021466599999999947,-0.10537937532831507,0.6612084,-0.05386239999999998,-0.1755016475335683,0.3153944,0.06401059999999997,0.9581160294107066,-1.0,0.0,,-1.8369701987210297e-16,2.465190328815662e-32,,1.1920928955078126e-08,1.7881393432617187e-08,1.0954451150103324,1.3113021850585939e-07,4.7683715820312516e-08,1.7888543819998315,-1.1140054833770625,0.00162278371279867,0.012819759703517918,-0.2353018468493065,0.018738022405601462,0.06847951908678082,-0.5095762845820688,0.08867933453508436,0.9080175063579187,7.877540336618834,-0.01036417081572516,-0.004652182090977046,0.21409213449640002,0.016337974633599983,0.16616655803132624,4.117646025023591,0.796926513836512,0.8292287269476427
S2B_MSIL2A_20200913T065629_R063_T39QXG_20201027T093056_0000.jpg,S2B_MSIL2A_20200913T065629_R063_T39QXG_20201027T093056,2020-09-13 06:56:29.024000+00:00,2020-09,0.0402098670601844,0.8871074914932251,-0.1689699441194534,0.0772,0.607346,0.379405,-1.0,-1.8369701987210294e-16,0.0,1.1920928955078125e-07,1,0.6863490343093872,0.1930155158042907,0.3935008347034454,0.4657104149801674,2020-09-13 06:56:29.024,T39QXG,T39QXG,-1.1123826996642638,-0.21656382444370503,-0.42089695004698446,7.867176165803109,0.23043010913,4.914572538860103,0.04415606707334514,-0.00394620001316074,-1.5048278934624466,0.8894153237342834,-0.0023078322410583496,-0.22255116263768063,-0.17377597391605376,0.0048060297966003585,0.5840565045605344,0.07934666,-0.0021466599999999947,-0.10537937532831507,0.6612084,-0.05386239999999998,-0.1755016475335683,0.3153944,0.06401059999999997,0.9581160294107066,-1.0,0.0,,-1.8369701987210297e-16,2.465190328815662e-32,,1.1920928955078126e-08,-1.1920928955078126e-08,-0.7302967433402215,1.3113021850585939e-07,-1.1920928955078136e-08,-0.44721359549995815,-1.1140054833770625,0.00162278371279867,0.012819759703517918,-0.2353018468493065,0.018738022405601462,0.06847951908678082,-0.5095762845820688,0.08867933453508436,0.9080175063579187,7.877540336618834,-0.01036417081572516,-0.004652182090977046,0.21409213449640002,0.016337974633599983,0.16616655803132624,4.117646025023591,0.796926513836512,0.8292287269476427
S2A_MSIL2A_20200908T065631_R063_T39QXG_20201027T154720_0000.jpg,S2A_MSIL2A_20200908T065631_R063_T39QXG_20201027T154720,2020-09-08 06:56:31.024000+00:00,2020-09,0.0471934303641319,0.9064619541168212,-0.1624307632446289,0.0476667,0.202416,0.219832,-1.0,-1.8369701987210294e-16,0.0,1.1920928955078125e-07,0,0.6863490343093872,0.1930155158042907,0.3935008347034454,0.4732991275695747,2020-09-08 06:56:31.024,T39QXG,T39QXG,-1.321784913552272,-0.6937551616095493,-0.6579090889285533,4.246486540918503,0.044497514112,4.611856914785374,0.04415606707334514,0.003037363290786757,1.1582557871651962,0.8894153237342834,0.01704663038253773,1.6438575314073984,-0.17377597391605376,0.011345210671424855,1.3787355402878443,0.07934666,-0.03167996,-1.55516681506434,0.6612084,-0.4587924,-1.4948985205984122,0.3153944,-0.09556240000000002,-1.4303860180807204,-1.0,0.0,,-1.8369701987210297e-16,2.465190328815662e-32,,1.1920928955078126e-08,-1.1920928955078126e-08,-0.7302967433402215,1.3113021850585939e-07,-1.1920928955078136e-08,-0.44721359549995815,-1.1140054833770625,-0.2077794301752094,-1.6414278410437393,-0.2353018468493065,-0.4584533147602428,-1.6754522883448468,-0.5095762845820688,-0.14833280434648444,-1.5188294298767506,7.877540336618834,-3.631053795700331,-1.629876981002786,0.21409213449640002,-0.1695946203844,-1.7248744083583896,4.117646025023591,0.4942108897617832,0.5142429820635855
S2A_MSIL2A_20200730T065631_R063_T39QXG_20200818T030617_0000.jpg,S2A_MSIL2A_20200730T065631_R063_T39QXG_20200818T030617,2020-07-30 06:56:31.024000+00:00,2020-07,0.0457770600914955,0.9349774718284608,-0.1381731331348419,0.079,0.657256,0.549235,-0.5000000000000001,-0.8660254037844386,1.4901161193847656e-08,0.0,1,0.4597494304180145,0.3252763450145721,0.3841619491577148,0.6230043024444036,2020-07-30 06:56:31.024,T39QXG,T39QXG,-1.1023729087095586,-0.18226544058866315,-0.2602417951378743,8.319696202531645,0.36098799916,6.952341772151899,0.043975412845611524,0.0018016472458839763,0.935649489028946,0.9273585975170137,0.0076188743114471436,0.4156628995566503,-0.14206275343894956,0.003889620304107666,0.2893403597830993,0.06615835,0.012841649999999996,1.3846852055046508,0.40770975,0.24954624999999997,1.4435593426942424,0.22747602500000003,0.321758975,1.4915337055587243,-0.5000000000000001,0.0,,-0.8660254037844386,0.0,,1.4901161193847656e-08,0.0,,1.043081283569336e-07,-1.043081283569336e-07,-1.02469507659596,-1.1824850729801293,0.08011216427057066,1.3575378952931931,-0.41581289317492165,0.2335474525862585,1.3792903934331928,-0.7617003756366048,0.5014585804987304,1.4483521320789212,5.999457258527465,2.3202389440041804,1.406987175147463,0.120306733723925,0.24068126543607501,1.495613089010999,3.18574146053746,3.7666003116144395,1.4901229328166727
S2B_MSIL2A_20200725T065629_R063_T39QXG_20200817T124238_0000.jpg,S2B_MSIL2A_20200725T065629_R063_T39QXG_20200817T124238,2020-07-25 06:56:29.024000+00:00,2020-07,0.0452459082007408,0.949450433254242,-0.1251183450222015,0.0662,0.349124,0.136407,-0.5000000000000001,-0.8660254037844386,1.4901161193847656e-08,5.960464477539065e-08,0,0.4597494304180145,0.3252763450145721,0.3841619491577148,0.6634760492013403,2020-07-25 06:56:29.024,T39QXG,T39QXG,-1.1791420105603,-0.4570202952439751,-0.865163342411442,5.273776435045318,0.047622957468,2.0605287009063447,0.043975412845611524,0.0012704953551292766,0.6598063702848244,0.9273585975170137,0.022091835737228394,1.205264206192344,-0.14206275343894956,0.016944408416748047,1.260457536802787,0.06615835,4.1649999999990306e-05,0.004491022478361838,0.40770975,-0.05858574999999999,-0.3389031362372675,0.22747602500000003,-0.09106902500000003,-0.4221561195608301,-0.5000000000000001,0.0,,-0.8660254037844386,0.0,,1.4901161193847656e-08,0.0,,1.043081283569336e-07,-4.470348358154294e-08,-0.4391550328268397,-1.1824850729801293,0.003343062419829179,0.056649748044765254,-0.41581289317492165,-0.041207402069053434,-0.24336370695883436,-0.7617003756366048,-0.10346296677483724,-0.2988298821619735,5.999457258527465,-0.725680823482147,-0.4400510622099062,0.120306733723925,-0.07268377625592501,-0.45166293658191214,3.18574146053746,-1.1252127596311152,-0.44515085188467746
S2B_MSIL2A_20200715T065629_R063_T39QXG_20200919T085206_0000.jpg,S2B_MSIL2A_20200715T065629_R063_T39QXG_20200919T085206,2020-07-15 06:56:29.024000+00:00,2020-07,0.0415606498718261,0.9157006740570068,-0.149097666144371,0.0574667,0.258787,0.0878551,-0.5000000000000001,-0.8660254037844386,1.4901161193847656e-08,1.1920928955078125e-07,0,0.4597494304180145,0.3252763450145721,0.3841619491577148,0.5414844062801689,2020-07-15 06:56:29.024,T39QXG,T39QXG,-1.240583741320089,-0.5870575439618754,-1.0562330225856607,4.503251448230018,0.0227357577637,1.5288001573084935,0.043975412845611524,-0.002414762973785421,-1.2540588884478265,0.9273585975170137,-0.011657923460006825,-0.6360212900369424,-0.14206275343894956,-0.007034912705421448,-0.5233117924337622,0.06615835,-0.008691650000000002,-0.9372003727265971,0.40770975,-0.14892275,-0.8614788925989431,0.22747602500000003,-0.139620925,-0.6472214664370645,-0.5000000000000001,0.0,,-0.8660254037844386,0.0,,1.4901161193847656e-08,0.0,,1.043081283569336e-07,1.4901161193847656e-08,0.14638501094227999,-1.1824850729801293,-0.0580986683399598,-0.9845089650953264,-0.41581289317492165,-0.17124465078695372,-1.0113409465257617,-0.7617003756366048,-0.2945326469490559,-0.8506923677549743,5.999457258527465,-1.4962058102974467,-0.9072955145027651,0.120306733723925,-0.097570975960225,-0.6063140331645326,3.18574146053746,-1.6569413032289664,-0.6555105479759133
S2A_MSIL2A_20200710T065631_R063_T39QXG_20200912T162127_0000.jpg,S2A_MSIL2A_20200710T065631_R063_T39QXG_20200912T162127,2020-07-10 06:56:31.024000+00:00,2020-07,0.0433180332183837,0.9093058109283448,-0.1558618694543838,0.0619667,0.365672,0.136407,-0.5000000000000001,-0.8660254037844386,1.4901161193847656e-08,2.384185791015625e-07,0,0.4597494304180145,0.3252763450145721,0.3841619491577148,0.4958884768771762,2020-07-10 06:56:31.024,T39QXG,T39QXG,-1.207841631330569,-0.43690829290517313,-0.865163342411442,5.901104948302879,0.049880220504,2.201295211783103,0.043975412845611524,-0.0006573796272278248,-0.34139697086594023,0.9273585975170137,-0.018052786588668823,-0.9849058157120579,-0.14206275343894956,-0.013799116015434237,-1.026486104152122,0.06615835,-0.004191650000000005,-0.45197585525641787,0.40770975,-0.042037749999999985,-0.24317731385803182,0.22747602500000003,-0.09106902500000003,-0.4221561195608301,-0.5000000000000001,0.0,,-0.8660254037844386,0.0,,1.4901161193847656e-08,0.0,,1.043081283569336e-07,1.341104507446289e-07,1.3174650984805198,-1.1824850729801293,-0.025356558350439817,-0.42967867824262823,-0.41581289317492165,-0.021095399730251485,-0.12458573994859765,-0.7617003756366048,-0.10346296677483724,-0.2988298821619735,5.999457258527465,-0.09835231022458579,-0.05964059843479102,0.120306733723925,-0.070426513219925,-0.4376361192645544,3.18574146053746,-0.9844462487543568,-0.38946153295608155
S2A_MSIL2A_20200630T065631_R063_T39QXG_20200824T160716_0000.jpg,S2A_MSIL2A_20200630T065631_R063_T39QXG_20200824T160716,2020-06-30 06:56:31.024000+00:00,2020-06,0.0442426428198814,0.896254301071167,-0.1694410592317581,0.0608667,0.417303,0.16206,1.2246467991473532e-16,-1.0,0.0,1.788139343261719e-07,1,0.9655658304691316,0.2322789691388607,0.4972379505634308,0.4140980558464754,2020-06-30 06:56:31.024,T39QXG,T39QXG,-1.2156202436821912,-0.37954849312494954,-0.7903241654289055,6.856014865271158,0.06762812418,2.6625396152576037,0.0442426428198814,0.0,,0.896254301071167,0.0,,-0.1694410592317581,0.0,,0.0608667,0.0,,0.417303,0.0,,0.16206,0.0,,1.2246467991473532e-16,0.0,,-1.0,0.0,,0.0,0.0,,1.788139343261719e-07,0.0,,-1.2156202436821912,0.0,,-0.37954849312494954,0.0,,-0.7903241654289055,0.0,,6.856014865271158,0.0,,0.06762812418,0.0,,2.6625396152576037,0.0,
S2B_MSIL2A_20210928T065649_R063_T39QXG_20210929T000956_0000.jpg,S2B_MSIL2A_20210928T065649_R063_T39QXG_20210929T000956,2021-09-28 06:56:49.024000+00:00,2021-09,0.0381704866886138,0.901161015033722,-0.1571357548236847,0.069,0.498898,0.324155,-1.0,-1.8369701987210294e-16,2.9802322387695312e-08,1.1920928955078125e-07,1,0.7133057117462158,0.2457146346569061,0.4348998367786407,0.6279809496343469,2021-09-28 06:56:49.024,T39QXG,T39QXG,-1.1611509092627446,-0.30198823707245354,-0.48924727513878136,7.230405797101449,0.16172028119,4.697898550724638,0.04260873918732002,-0.004438252498706219,-0.9641868514383223,0.9099529286225637,-0.008791913588841682,-0.3135715815257458,-0.15572316447893778,-0.0014125903447469168,-0.07958861024427058,0.0641,0.004900000000000002,0.36713576447234497,0.4032796666666667,0.0956183333333333,0.42980507642497534,0.22343011666666668,0.10072488333333335,0.9301676458985052,-1.0,0.0,,-1.8369701987210294e-16,0.0,,1.4901161193847656e-08,1.4901161193847656e-08,0.9128709291752769,1.1920928955078125e-07,0.0,0.0,-1.2005714291080836,0.03942051984533901,0.45392969659820126,-0.4490977257188405,0.14710948864638695,0.6183098551364208,-0.73411586727948,0.24486859214069862,0.6919214145533208,5.941394778838569,1.2890110182628804,0.6204278064798276,0.08267533797721667,0.07904494321278334,1.2758108650222122,3.6911677283509516,1.0067308223736862,0.5839569083461088
S2A_MSIL2A_20210923T065631_R063_T39QXG_20210924T013326_0000.jpg,S2A_MSIL2A_20210923T065631_R063_T39QXG_20210924T013326,2021-09-23 06:56:31.024000+00:00,2021-09,0.0394098535180091,0.8708190321922302,-0.1842517852783203,0.069,0.498898,0.324155,-1.0,-1.8369701987210294e-16,0.0,5.960464477539065e-08,1,0.7133057117462158,0.2457146346569061,0.4348998367786407,0.5960071391793947,2021-09-23 06:56:31.024,T39QXG,T39QXG,-1.1611509092627446,-0.30198823707245354,-0.48924727513878136,7.230405797101449,0.16172028119,4.697898550724638,0.04260873918732002,-0.0031988856693109177,-0.6949409711374388,0.9099529286225637,-0.03913389643033349,-1.3957459511998147,-0.15572316447893778,-0.028528620799382537,-1.6073685411006018,0.0641,0.004900000000000002,0.36713576447234497,0.4032796666666667,0.0956183333333333,0.42980507642497534,0.22343011666666668,0.10072488333333335,0.9301676458985052,-1.0,0.0,,-1.8369701987210294e-16,0.0,,1.4901161193847656e-08,-1.4901161193847656e-08,-0.9128709291752769,1.1920928955078125e-07,-5.96046447753906e-08,-1.5811388300841889,-1.2005714291080836,0.03942051984533901,0.45392969659820126,-0.4490977257188405,0.14710948864638695,0.6183098551364208,-0.73411586727948,0.24486859214069862,0.6919214145533208,5.941394778838569,1.2890110182628804,0.6204278064798276,0.08267533797721667,0.07904494321278334,1.2758108650222122,3.6911677283509516,1.0067308223736862,0.5839569083461088
S2B_MSIL2A_20210918T065619_R063_T39QXG_20210918T182437_0000.jpg,S2B_MSIL2A_20210918T065619_R063_T39QXG_20210918T182437,2021-09-18 06:56:19.024000+00:00,2021-09,0.0412130951881408,0.90558123588562,-0.1580696403980255,0.0863333,0.761699,0.0376767,-1.0,-1.8369701987210294e-16,2.9802322387695312e-08,1.788139343261719e-07,1,0.7133057117462158,0.2457146346569061,0.4348998367786407,0.6568089086803692,2021-09-18 06:56:19.024,T39QXG,T39QXG,-1.0638216583197102,-0.11821661457172887,-1.4239271428895706,8.822771746243918,0.0286983047133,0.4364098210076529,0.04260873918732002,-0.0013956439991792205,-0.3031962678305641,0.9099529286225637,-0.004371692736943711,-0.15592039112029774,-0.15572316447893778,-0.002346475919087737,-0.1322058854970438,0.0641,0.022233299999999998,1.6658448147434661,0.4032796666666667,0.3584193333333333,1.6110974076330071,0.22343011666666668,-0.18575341666666667,-1.7153836527826287,-1.0,0.0,,-1.8369701987210294e-16,0.0,,1.4901161193847656e-08,1.4901161193847656e-08,0.9128709291752769,1.1920928955078125e-07,5.960464477539065e-08,1.5811388300841904,-1.2005714291080836,0.13674977078837336,1.5746819729263277,-0.4490977257188405,0.3308811111471116,1.3907128206564752,-0.73411586727948,-0.6898112756100906,-1.9491891116877753,5.941394778838569,2.881376967405349,1.3868666490826056,0.08267533797721667,-0.053977033263916674,-0.8712067173530884,3.6911677283509516,-3.254757907343299,-1.8879310365266135
S2A_MSIL2A_20210913T065621_R063_T39QXG_20210913T211924_0000.jpg,S2A_MSIL2A_20210913T065621_R063_T39QXG_20210913T211924,2021-09-13 06:56:21.024000+00:00,2021-09,0.0492262244224548,0.9547759890556335,-0.1293662637472152,0.0524,0.219145,0.243207,-1.0,-1.8369701987210294e-16,0.0,1.1920928955078125e-07,0,0.7133057117462158,0.2457146346569061,0.4348998367786407,0.5430893799594269,2021-09-13 06:56:21.024,T39QXG,T39QXG,-1.2806687130162733,-0.6592684337354676,-0.6140239293268385,4.1821564885496185,0.053297598015,4.641354961832061,0.04260873918732002,0.006617485235134779,1.4376136227409653,0.9099529286225637,0.04482306043306983,1.5986551513267928,-0.15572316447893778,0.026356900731722588,1.4850088048420222,0.0641,-0.011700000000000002,-0.876630294760497,0.4032796666666667,-0.1841346666666667,-0.8276866132278057,0.22343011666666668,0.019776883333333328,0.18263428464342765,-1.0,0.0,,-1.8369701987210294e-16,0.0,,1.4901161193847656e-08,-1.4901161193847656e-08,-0.9128709291752769,1.1920928955078125e-07,0.0,0.0,-1.2005714291080836,-0.08009728390818971,-0.9223251221808403,-0.4490977257188405,-0.21017070801662713,-0.8833598785734841,-0.73411586727948,0.1200919379526415,0.3393419419706403,5.941394778838569,-1.75923829028895,-0.8467579703005296,0.08267533797721667,-0.029377739962216667,-0.47416619343629096,3.6911677283509516,0.9501872334811092,0.5511586482524624
S2B_MSIL2A_20210908T065619_R063_T39QXG_20210908T213712_0000.jpg,S2B_MSIL2A_20210908T065619_R063_T39QXG_20210908T213712,2021-09-08 06:56:19.024000+00:00,2021-09,0.0401180014014244,0.9021634459495544,-0.1573083698749542,0.0524,0.219145,0.243207,-1.0,-1.8369701987210294e-16,2.9802322387695312e-08,1.1920928955078125e-07,0,0.7133057117462158,0.2457146346569061,0.4348998367786407,0.5347499491002734,2021-09-08 06:56:19.024,T39QXG,T39QXG,-1.2806687130162733,-0.6592684337354676,-0.6140239293268385,4.1821564885496185,0.053297598015,4.641354961832061,0.04260873918732002,-0.0024907377858956192,-0.5410995936443949,0.9099529286225637,-0.007789482673009274,-0.2778189726685786,-0.15572316447893778,-0.0015852053960164203,-0.08931414184575173,0.0641,-0.011700000000000002,-0.876630294760497,0.4032796666666667,-0.1841346666666667,-0.8276866132278057,0.22343011666666668,0.019776883333333328,0.18263428464342765,-1.0,0.0,,-1.8369701987210294e-16,0.0,,1.4901161193847656e-08,1.4901161193847656e-08,0.9128709291752769,1.1920928955078125e-07,0.0,0.0,-1.2005714291080836,-0.08009728390818971,-0.9223251221808403,-0.4490977257188405,-0.21017070801662713,-0.8833598785734841,-0.73411586727948,0.1200919379526415,0.3393419419706403,5.941394778838569,-1.75923829028895,-0.8467579703005296,0.08267533797721667,-0.029377739962216667,-0.47416619343629096,3.6911677283509516,0.9501872334811092,0.5511586482524624
S2A_MSIL2A_20210903T065621_R063_T39QXG_20210903T164501_0000.jpg,S2A_MSIL2A_20210903T065621_R063_T39QXG_20210903T164501,2021-09-03 06:56:21.024000+00:00,2021-09,0.0475147739052772,0.9252168536186218,-0.1482071727514267,0.0554667,0.221893,0.16818,-1.0,-1.8369701987210294e-16,0.0,1.1920928955078125e-07,0,0.7133057117462158,0.2457146346569061,0.4348998367786407,0.4869381581964915,2021-09-03 06:56:21.024,T39QXG,T39QXG,-1.2559676717707557,-0.6538563981254717,-0.7742256518560703,4.000472355485363,0.03731796474,3.032089523984661,0.04260873918732002,0.0049060347179571764,1.0658100613097503,0.9099529286225637,0.01526392499605811,0.5444017451876361,-0.15572316447893778,0.007515991727511079,0.4234683738456487,0.0641,-0.008633300000000003,-0.6468557541671625,0.4032796666666667,-0.1813866666666667,-0.8153343340273472,0.22343011666666668,-0.05525011666666668,-0.5102202083012367,-1.0,0.0,,-1.8369701987210294e-16,0.0,,1.4901161193847656e-08,-1.4901161193847656e-08,-0.9128709291752769,1.1920928955078125e-07,0.0,0.0,-1.2005714291080836,-0.05539624266267218,-0.637891121761052,-0.4490977257188405,-0.2047586724066312,-0.8606127737823485,-0.73411586727948,-0.04010978457659031,-0.11333760136014868,5.941394778838569,-1.9409224233532054,-0.9342063214411996,0.08267533797721667,-0.04535737323721667,-0.7320826258187542,3.6911677283509516,-0.6590782043662906,-0.38230007667052796
S2B_MSIL2A_20210829T065619_R063_T39QXG_20210829T203957_0000.jpg,S2B_MSIL2A_20210829T065619_R063_T39QXG_20210829T203957,2021-08-29 06:56:19.024000+00:00,2021-08,0.044950820505619,0.9159308075904846,-0.1530115604400634,0.0554667,0.221893,0.16818,-0.8660254037844384,-0.5000000000000004,0.0,5.960464477539065e-08,0,0.5055291652679443,0.2209579199552536,0.4078102111816406,0.5461831200898313,2021-08-29 06:56:19.024,T39QXG,T39QXG,-1.2559676717707557,-0.6538563981254717,-0.7742256518560703,4.000472355485363,0.03731796474,3.032089523984661,0.04550556987524026,-0.0005547493696212574,-0.16010505532477165,0.9114627122879029,0.004468095302581743,0.2658766476419437,-0.15772881805896755,0.004717257618904153,0.44563478962379005,0.06401334,-0.008546640000000001,-0.294094444936265,0.385249,-0.163356,-0.33444250624252864,0.169438,-0.0012580000000000091,-0.1180296844480613,-0.8660254037844384,0.0,,-0.5000000000000004,0.0,,5.960464477539063e-09,-5.960464477539063e-09,-0.447213595499958,8.34465026855469e-08,-2.3841857910156245e-08,-0.35082320772281156,-1.2211628165817492,-0.034804855189006556,-0.21667768996270032,-0.6110376559450287,-0.042818742180443015,-0.10429025220332172,-0.771664342288135,-0.0025613095679353215,-0.09500689794673874,4.777245830504282,-0.7767734750189188,-0.2246069715564719,0.06886887175600001,-0.03155090701600001,-0.34120863613112995,2.9151439480305386,0.11694557595412247,0.1565560951353413
S2A_MSIL2A_20210824T065621_R063_T39QXG_20210824T155101_0000.jpg,S2A_MSIL2A_20210824T065621_R063_T39QXG_20210824T155101,2021-08-24 06:56:21.024000+00:00,2021-08,0.0465967431664466,0.9249182343482972,-0.1470452100038528,0.0496,0.191344,0.15645,-0.8660254037844384,-0.5000000000000004,0.0,0.0,0,0.5055291652679443,0.2209579199552536,0.4078102111816406,0.557576977359784,2021-08-24 06:56:21.024,T39QXG,T39QXG,-1.3045183235098026,-0.7181851514574892,-0.8056244325177879,3.8577419354838707,0.0299357688,3.154233870967742,0.04550556987524026,0.0010911732912063446,0.3149212414189475,0.9114627122879029,0.013455522060394354,0.8006787804241157,-0.15772881805896755,0.010683608055114757,1.0092701761686063,0.06401334,-0.014413340000000004,-0.4959707238139978,0.385249,-0.19390500000000002,-0.3969861784872152,0.169438,-0.012988,-1.218576742139435,-0.8660254037844384,0.0,,-0.5000000000000004,0.0,,5.960464477539063e-09,-5.960464477539063e-09,-0.447213595499958,8.34465026855469e-08,-8.34465026855469e-08,-1.2278812270298411,-1.2211628165817492,-0.08335550692805338,-0.5189298616172751,-0.6110376559450287,-0.1071474955124605,-0.2609707516128904,-0.771664342288135,-0.03396009022965296,-1.2596848374370937,4.777245830504282,-0.9195038950204113,-0.2658780092740481,0.06886887175600001,-0.03893310295600001,-0.4210437105099047,2.9151439480305386,0.23908992293720344,0.32007183184032845
S2B_MSIL2A_20210819T065619_R063_T39QXG_20210819T181500_0000.jpg,S2B_MSIL2A_20210819T065619_R063_T39QXG_20210819T181500,2021-08-19 06:56:19.024000+00:00,2021-08,0.0410950779914855,0.8972957134246826,-0.1611744612455368,0.0496,0.128509,0.16818,-0.8660254037844384,-0.5000000000000004,0.0,1.788139343261719e-07,0,0.5055291652679443,0.2209579199552536,0.4078102111816406,0.4440497087198927,2021-08-19 06:56:19.024,T39QXG,T39QXG,-1.3045183235098026,-0.8910664558854904,-0.7742256518560703,2.5909072580645165,0.02161264362,3.390725806451613,0.04550556987524026,-0.004410491883754759,-1.2729028381593557,0.9114627122879029,-0.01416699886322026,-0.8430156274249074,-0.15772881805896755,-0.0034456431865692583,-0.325506597395065,0.06401334,-0.014413340000000004,-0.4959707238139978,0.385249,-0.25673999999999997,-0.5256297231366267,0.169438,-0.0012580000000000091,-0.1180296844480613,-0.8660254037844384,0.0,,-0.5000000000000004,0.0,,5.960464477539063e-09,-5.960464477539063e-09,-0.447213595499958,8.34465026855469e-08,9.5367431640625e-08,1.4032928308912467,-1.2211628165817492,-0.08335550692805338,-0.5189298616172751,-0.6110376559450287,-0.2800287999404617,-0.6820441863264961,-0.771664342288135,-0.0025613095679353215,-0.09500689794673874,4.777245830504282,-2.1863385724397655,-0.6321880205047367,0.06886887175600001,-0.047256228136000014,-0.5110545044809399,2.9151439480305386,0.47558185842107426,0.6366657144928747
S2A_MSIL2A_20210814T065631_R063_T39QXG_20210814T183828_0000.jpg,S2A_MSIL2A_20210814T065631_R063_T39QXG_20210814T183828,2021-08-14 06:56:31.024000+00:00,2021-08,0.0505704879760742,0.9285696148872375,-0.1530180871486663,0.0496,0.128509,0.16818,-0.8660254037844384,-0.5000000000000004,0.0,1.1920928955078125e-07,0,0.5055291652679443,0.2209579199552536,0.4078102111816406,0.6066184437050547,2021-08-14 06:56:31.024,T39QXG,T39QXG,-1.3045183235098026,-0.8910664558854904,-0.7742256518560703,2.5909072580645165,0.02161264362,3.390725806451613,0.04550556987524026,0.00506491810083394,1.4617754199578303,0.9114627122879029,0.017106902599334672,1.0179563341051059,-0.15772881805896755,0.004710730910301247,0.44501821774025846,0.06401334,-0.014413340000000004,-0.4959707238139978,0.385249,-0.25673999999999997,-0.5256297231366267,0.169438,-0.0012580000000000091,-0.1180296844480613,-0.8660254037844384,0.0,,-0.5000000000000004,0.0,,5.960464477539063e-09,-5.960464477539063e-09,-0.447213595499958,8.34465026855469e-08,3.5762786865234354e-08,0.5262348115842171,-1.2211628165817492,-0.08335550692805338,-0.5189298616172751,-0.6110376559450287,-0.2800287999404617,-0.6820441863264961,-0.771664342288135,-0.0025613095679353215,-0.09500689794673874,4.777245830504282,-2.1863385724397655,-0.6321880205047367,0.06886887175600001,-0.047256228136000014,-0.5110545044809399,2.9151439480305386,0.47558185842107426,0.6366657144928747
S2A_MSIL2A_20210804T065631_R063_T39QXG_20210804T174443_0000.jpg,S2A_MSIL2A_20210804T065631_R063_T39QXG_20210804T174443,2021-08-04 06:56:31.024000+00:00,2021-08,0.044314719736576,0.8905991911888123,-0.1743947714567184,0.1158,1.25599,0.1862,-0.8660254037844384,-0.5000000000000004,2.9802322387695312e-08,5.960464477539065e-08,1,0.5055291652679443,0.2209579199552536,0.4078102111816406,0.5413863479546878,2021-08-04 06:56:31.024,T39QXG,T39QXG,-0.9362914406085826,0.09898618162879838,-0.7300203233546761,10.846200345423142,0.233865338,1.607944732297064,0.04550556987524026,-0.0011908501386642609,-0.3436887678926486,0.9114627122879029,-0.02086352109909062,-1.2414961347462645,-0.15772881805896755,-0.016665953397750843,-1.5744165861375845,0.06401334,0.05178666,1.782006616378258,0.385249,0.870741,1.7826881310029972,0.169438,0.016762,1.572665795483616,-0.8660254037844384,0.0,,-0.5000000000000004,0.0,,5.960464477539063e-09,2.384185791015625e-08,1.788854381999832,8.34465026855469e-08,-2.3841857910156245e-08,-0.35082320772281156,-1.2211628165817492,0.2848713759731666,1.7734672748145248,-0.6110376559450287,0.710023837573827,1.7293493764692047,-0.771664342288135,0.041644018933458815,1.544705531277306,4.777245830504282,6.06895451491886,1.7548610218399932,0.06886887175600001,0.164996466244,1.7843613556029139,2.9151439480305386,-1.3071992157334746,-1.7499593559614193
S2B_MSIL2A_20210730T065629_R063_T39QXG_20210730T184548_0000.jpg,S2B_MSIL2A_20210730T065629_R063_T39QXG_20210730T184548,2021-07-30 06:56:29.024000+00:00,2021-07,0.0426426157355308,0.8977594971656799,-0.1609268337488174,0.1158,1.25599,0.1862,-0.5000000000000001,-0.8660254037844386,0.0,0.0,1,0.1284322291612625,0.2288760393857955,0.4270548522472381,0.4694210710144492,2021-07-30 06:56:29.024,T39QXG,T39QXG,-0.9362914406085826,0.09898618162879838,-0.7300203233546761,10.846200345423142,0.233865338,1.607944732297064,0.0469092801213264,-0.0042666643857956,-1.1523512602740846,0.9331615964571635,-0.035402099291483524,-1.0755596825627922,-0.13876749823490772,-0.022159335513909667,-1.040394056182091,0.0882,0.0276,1.1547005383792517,0.8022386666666667,0.4537513333333333,1.1547005383792512,0.1282866,0.057913400000000004,1.1547005383792517,-0.5000000000000001,0.0,,-0.8660254037844387,1.1102230246251565e-16,,1.241763432820638e-08,-1.241763432820638e-08,-0.8006407690254358,9.934107462565105e-08,-9.934107462565105e-08,-1.0910894511799618,-1.0643818565056085,0.12809041589702586,1.1547005383792515,-0.12704331933859203,0.2260295009673904,1.1547005383792517,-0.9119534422864728,0.18193311893179664,1.154700538379251,8.770982552417033,2.075217793006109,1.1547005383792515,0.11605561216913333,0.11780972583086667,1.1547005383792517,1.4260344448158673,0.18191028748119664,1.1547005383792508
S2A_MSIL2A_20210725T065631_R063_T39QXG_20210726T051413_0000.jpg,S2A_MSIL2A_20210725T065631_R063_T39QXG_20210726T051413,2021-07-25 06:56:31.024000+00:00,2021-07,0.0488065481185913,0.9388868808746338,-0.1369273960590362,0.0744,0.575363,0.0993299,-0.5000000000000001,-0.8660254037844386,2.9802322387695312e-08,1.1920928955078125e-07,0,0.1284322291612625,0.2288760393857955,0.4270548522472381,0.5869706987662925,2021-07-25 06:56:31.024,T39QXG,T39QXG,-1.1284270644541214,-0.24005806982228722,-1.0029200017523712,7.7333736559139785,0.05715074925369999,1.3350793010752688,0.0469092801213264,0.0018972679972649037,0.5124188288641831,0.9331615964571635,0.005725284417470333,0.1739412411658158,-0.13876749823490772,0.001840102175871522,0.08639389774764472,0.0882,-0.013800000000000007,-0.5773502691896261,0.8022386666666667,-0.2268756666666667,-0.5773502691896258,0.1282866,-0.028956700000000002,-0.5773502691896258,-0.5000000000000001,0.0,,-0.8660254037844387,1.1102230246251565e-16,,1.241763432820638e-08,1.738468805948893e-08,1.12089707663561,9.934107462565105e-08,1.9868214925130204e-08,0.2182178902359923,-1.0643818565056085,-0.06404520794851298,-0.5773502691896263,-0.12704331933859203,-0.11301475048369519,-0.5773502691896257,-0.9119534422864728,-0.09096655946589838,-0.577350269189626,8.770982552417033,-1.0376088965030545,-0.5773502691896257,0.11605561216913333,-0.05890486291543334,-0.5773502691896258,1.4260344448158673,-0.09095514374059843,-0.5773502691896262
S2B_MSIL2A_20210720T065629_R063_T39QXG_20210720T171952_0000.jpg,S2B_MSIL2A_20210720T065629_R063_T39QXG_20210720T171952,2021-07-20 06:56:29.024000+00:00,2021-07,0.0492786765098571,0.9628384113311768,-0.1184482648968696,0.0744,0.575363,0.0993299,-0.5000000000000001,-0.8660254037844386,7.450580596923828e-09,1.788139343261719e-07,0,0.1284322291612625,0.2288760393857955,0.4270548522472381,0.6930636317845276,2021-07-20 06:56:29.024,T39QXG,T39QXG,-1.1284270644541214,-0.24005806982228722,-1.0029200017523712,7.7333736559139785,0.05715074925369999,1.3350793010752688,0.0469092801213264,0.0023693963885307034,0.6399324314099035,0.9331615964571635,0.029676814874013302,0.9016184413969799,-0.13876749823490772,0.020319233338038117,0.954000158434445,0.0882,-0.013800000000000007,-0.5773502691896261,0.8022386666666667,-0.2268756666666667,-0.5773502691896258,0.1282866,-0.028956700000000002,-0.5773502691896258,-0.5000000000000001,0.0,,-0.8660254037844387,1.1102230246251565e-16,,1.241763432820638e-08,-4.967053731282553e-09,-0.3202563076101743,9.934107462565105e-08,7.947285970052086e-08,0.8728715609439697,-1.0643818565056085,-0.06404520794851298,-0.5773502691896263,-0.12704331933859203,-0.11301475048369519,-0.5773502691896257,-0.9119534422864728,-0.09096655946589838,-0.577350269189626,8.770982552417033,-1.0376088965030545,-0.5773502691896257,0.11605561216913333,-0.05890486291543334,-0.5773502691896258,1.4260344448158673,-0.09095514374059843,-0.5773502691896262
S2B_MSIL2A_20210630T065629_R063_T39QXG_20210701T040612_0000.jpg,S2B_MSIL2A_20210630T065629_R063_T39QXG_20210701T040612,2021-06-30 06:56:29.024000+00:00,2021-06,0.0405311360955238,0.9199657440185548,-0.1408806145191192,0.0588,0.40209,0.38544,1.2246467991473532e-16,-1.0,2.9802322387695312e-08,0.0,1,0.2572808265686035,0.2673304975032806,0.4329056441783905,0.4767065578616701,2021-06-30 06:56:29.024,T39QXG,T39QXG,-1.2306226739238615,-0.39567672768998424,-0.41404321734573185,6.838265306122449,0.1549815696,6.555102040816327,0.0405311360955238,0.0,,0.9199657440185548,0.0,,-0.1408806145191192,0.0,,0.0588,0.0,,0.40209,0.0,,0.38544,0.0,,1.2246467991473532e-16,0.0,,-1.0,0.0,,2.9802322387695312e-08,0.0,,0.0,0.0,,-1.2306226739238615,0.0,,-0.39567672768998424,0.0,,-0.41404321734573185,0.0,,6.838265306122449,0.0,,0.1549815696,0.0,,6.555102040816327,0.0,
S2A_MSIL2A_20220928T065651_R063_T39QXG_20240730T192859_0000.jpg,S2A_MSIL2A_20220928T065651_R063_T39QXG_20240730T192859,2022-09-28 06:56:51.024000+00:00,2022-09,0.0439606308937072,0.8943564891815186,-0.150552362203598,0.0947,0.90228,0.405033,-1.0,-1.8369701987210294e-16,0.0,1.1920928955078125e-07,1,0.9422853589057922,0.1419287770986557,0.4417062997817993,0.3050331569356711,2022-09-28 06:56:51.024,T39QXG,T39QXG,-1.0236500209967265,-0.04465866912674708,-0.39250959126915935,9.527771911298837,0.36545317524,4.277011615628299,0.04820261597633357,-0.004241985082626368,-0.8181122768333362,0.9087747693061828,-0.014418280124664284,-1.0409405040176054,-0.14506907165050503,-0.005483290553092962,-0.7568227179450132,0.07897334,0.015726660000000003,0.8807648274515114,0.665095,0.23718499999999998,0.9016031441800794,0.2540642,0.15096879999999996,1.1499054492554244,-1.0,0.0,,-1.8369701987210297e-16,2.465190328815662e-32,,4.470348358154297e-09,-4.470348358154297e-09,-0.6210590034081188,1.3113021850585939e-07,-1.1920928955078136e-08,-0.21764287503300367,-1.1135778779133318,0.08992785691660532,0.8492087078842455,-0.21544972052599612,0.17079105139924905,0.8401135368821199,-0.6486823138406843,0.25617272257152496,1.1251836438361176,8.081128658248563,1.446643253050274,0.8629700530757921,0.190125093201,0.175328082039,1.1567108404095006,3.149082202540503,1.1279294130877964,0.9810932002299634
S2A_MSIL2A_20220928T065651_R063_T39QXG_20220928T234907_0000.jpg,S2A_MSIL2A_20220928T065651_R063_T39QXG_20220928T234907,2022-09-28 06:56:51.024000+00:00,2022-09,0.0398294925689697,0.8932459354400635,-0.1497225761413574,0.0947,0.90228,0.405033,-1.0,-1.8369701987210294e-16,0.0,1.788139343261719e-07,1,0.9422853589057922,0.1419287770986557,0.4417062997817993,0.4034366927949144,2022-09-28 06:56:51.024,T39QXG,T39QXG,-1.0236500209967265,-0.04465866912674708,-0.39250959126915935,9.527771911298837,0.36545317524,4.277011615628299,0.04820261597633357,-0.008373123407363868,-1.614846568664446,0.9087747693061828,-0.015528833866119363,-1.1211179150107078,-0.14506907165050503,-0.0046535044908523615,-0.642292777053301,0.07897334,0.015726660000000003,0.8807648274515114,0.665095,0.23718499999999998,0.9016031441800794,0.2540642,0.15096879999999996,1.1499054492554244,-1.0,0.0,,-1.8369701987210297e-16,2.465190328815662e-32,,4.470348358154297e-09,-4.470348358154297e-09,-0.6210590034081188,1.3113021850585939e-07,4.7683715820312516e-08,0.8705715001320141,-1.1135778779133318,0.08992785691660532,0.8492087078842455,-0.21544972052599612,0.17079105139924905,0.8401135368821199,-0.6486823138406843,0.25617272257152496,1.1251836438361176,8.081128658248563,1.446643253050274,0.8629700530757921,0.190125093201,0.175328082039,1.1567108404095006,3.149082202540503,1.1279294130877964,0.9810932002299634
S2B_MSIL2A_20220923T065629_R063_T39QXG_20240725T151945_0000.jpg,S2B_MSIL2A_20220923T065629_R063_T39QXG_20240725T151945,2022-09-23 06:56:29.024000+00:00,2022-09,0.0521048903465271,0.9199028611183168,-0.1369349807500839,0.0947,0.90228,0.405033,-1.0,-1.8369701987210294e-16,1.4901161193847656e-08,1.1920928955078125e-07,1,0.9422853589057922,0.1419287770986557,0.4417062997817993,0.2120927849309025,2022-09-23 06:56:29.024,T39QXG,T39QXG,-1.0236500209967265,-0.04465866912674708,-0.39250959126915935,9.527771911298837,0.36545317524,4.277011615628299,0.04820261597633357,0.003902274370193533,0.7525954258780212,0.9087747693061828,0.011128091812133922,0.8034024446411974,-0.14506907165050503,0.008134090900421137,1.1226953457347013,0.07897334,0.015726660000000003,0.8807648274515114,0.665095,0.23718499999999998,0.9016031441800794,0.2540642,0.15096879999999996,1.1499054492554244,-1.0,0.0,,-1.8369701987210297e-16,2.465190328815662e-32,,4.470348358154297e-09,1.0430812835693359e-08,1.4491376746189437,1.3113021850585939e-07,-1.1920928955078136e-08,-0.21764287503300367,-1.1135778779133318,0.08992785691660532,0.8492087078842455,-0.21544972052599612,0.17079105139924905,0.8401135368821199,-0.6486823138406843,0.25617272257152496,1.1251836438361176,8.081128658248563,1.446643253050274,0.8629700530757921,0.190125093201,0.175328082039,1.1567108404095006,3.149082202540503,1.1279294130877964,0.9810932002299634
S2B_MSIL2A_20220923T065629_R063_T39QXG_20220924T000152_0000.jpg,S2B_MSIL2A_20220923T065629_R063_T39QXG_20220924T000152,2022-09-23 06:56:29.024000+00:00,2022-09,0.0467869043350219,0.918565034866333,-0.136615976691246,0.0947,0.90228,0.405033,-1.0,-1.8369701987210294e-16,0.0,1.788139343261719e-07,1,0.9422853589057922,0.1419287770986557,0.4417062997817993,0.3321287840262842,2022-09-23 06:56:29.024,T39QXG,T39QXG,-1.0236500209967265,-0.04465866912674708,-0.39250959126915935,9.527771911298837,0.36545317524,4.277011615628299,0.04820261597633357,-0.0014157116413116635,-0.27303515963706637,0.9087747693061828,0.009790265560150169,0.7068168934529013,-0.14506907165050503,0.008453094959259028,1.1667253887367086,0.07897334,0.015726660000000003,0.8807648274515114,0.665095,0.23718499999999998,0.9016031441800794,0.2540642,0.15096879999999996,1.1499054492554244,-1.0,0.0,,-1.8369701987210297e-16,2.465190328815662e-32,,4.470348358154297e-09,-4.470348358154297e-09,-0.6210590034081188,1.3113021850585939e-07,4.7683715820312516e-08,0.8705715001320141,-1.1135778779133318,0.08992785691660532,0.8492087078842455,-0.21544972052599612,0.17079105139924905,0.8401135368821199,-0.6486823138406843,0.25617272257152496,1.1251836438361176,8.081128658248563,1.446643253050274,0.8629700530757921,0.190125093201,0.175328082039,1.1567108404095006,3.149082202540503,1.1279294130877964,0.9810932002299634
S2A_MSIL2A_20220918T065631_R063_T39QXG_20240729T142658_0000.jpg,S2A_MSIL2A_20220918T065631_R063_T39QXG_20240729T142658,2022-09-18 06:56:31.024000+00:00,2022-09,0.0542032718658447,0.9185397624969482,-0.142757773399353,0.0878667,0.785583,0.120835,-1.0,-1.8369701987210294e-16,0.0,1.788139343261719e-07,0,0.9422853589057922,0.1419287770986557,0.4417062997817993,0.2049206886827196,2022-09-18 06:56:31.024,T39QXG,T39QXG,-1.0561756840426069,-0.10480792324309735,-0.9178072535852458,8.940622556668226,0.09492592180500001,1.375208127766264,0.04820261597633357,0.006000655889511132,1.1572907864215896,0.9087747693061828,0.009764993190765403,0.7049923323611734,-0.14506907165050503,0.002311298251152033,0.3190133748122724,0.07897334,0.008893360000000003,0.49806880074117293,0.665095,0.12048800000000004,0.4580068707379027,0.2540642,-0.13322920000000002,-1.0147857244671803,-1.0,0.0,,-1.8369701987210297e-16,2.465190328815662e-32,,4.470348358154297e-09,-4.470348358154297e-09,-0.6210590034081188,1.3113021850585939e-07,4.7683715820312516e-08,0.8705715001320141,-1.1135778779133318,0.05740219387072498,0.5420616542867732,-0.21544972052599612,0.11064179728289877,0.5442420482853196,-0.6486823138406843,-0.26912493974456153,-1.1820734749165713,8.081128658248563,0.8594938984196627,0.5127162440177361,0.190125093201,-0.09519917139599998,-0.6280677474545155,3.149082202540503,-1.773874074774239,-1.5429474332626152
S2A_MSIL2A_20220918T065631_R063_T39QXG_20220919T032927_0000.jpg,S2A_MSIL2A_20220918T065631_R063_T39QXG_20220919T032927,2022-09-18 06:56:31.024000+00:00,2022-09,0.0488721132278442,0.9167745113372804,-0.1422154754400253,0.0878667,0.785583,0.120835,-1.0,-1.8369701987210294e-16,1.4901161193847656e-08,1.788139343261719e-07,0,0.9422853589057922,0.1419287770986557,0.4417062997817993,0.3139727497817222,2022-09-18 06:56:31.024,T39QXG,T39QXG,-1.0561756840426069,-0.10480792324309735,-0.9178072535852458,8.940622556668226,0.09492592180500001,1.375208127766264,0.04820261597633357,0.0006694972515106298,0.1291197187397713,0.9087747693061828,0.007999742031097545,0.5775484613880322,-0.14506907165050503,0.0028535962104797308,0.3938632138898158,0.07897334,0.008893360000000003,0.49806880074117293,0.665095,0.12048800000000004,0.4580068707379027,0.2540642,-0.13322920000000002,-1.0147857244671803,-1.0,0.0,,-1.8369701987210297e-16,2.465190328815662e-32,,4.470348358154297e-09,1.0430812835693359e-08,1.4491376746189437,1.3113021850585939e-07,4.7683715820312516e-08,0.8705715001320141,-1.1135778779133318,0.05740219387072498,0.5420616542867732,-0.21544972052599612,0.11064179728289877,0.5442420482853196,-0.6486823138406843,-0.26912493974456153,-1.1820734749165713,8.081128658248563,0.8594938984196627,0.5127162440177361,0.190125093201,-0.09519917139599998,-0.6280677474545155,3.149082202540503,-1.773874074774239,-1.5429474332626152
S2B_MSIL2A_20220913T065629_R063_T39QXG_20240726T171436_0000.jpg,S2B_MSIL2A_20220913T065629_R063_T39QXG_20240726T171436,2022-09-13 06:56:29.024000+00:00,2022-09,0.0479803085327148,0.89310622215271,-0.1559755802154541,0.0616,0.402946,0.16971,-1.0,-1.8369701987210294e-16,0.0,1.1920928955078125e-07,0,0.9422853589057922,0.1419287770986557,0.4417062997817993,0.189314893715854,2022-09-13 06:56:29.024,T39QXG,T39QXG,-1.2104192878355746,-0.3947531510633133,-0.7702925665399284,6.541331168831169,0.06838396566,2.7550324675324673,0.04820261597633357,-0.0002223074436187647,-0.042874372566945054,0.9087747693061828,-0.015668547153472878,-1.1312046395366755,-0.14506907165050503,-0.010906508564949069,-1.5053540160769554,0.07897334,-0.01737334,-0.9729864324247132,0.665095,-0.26214899999999997,-0.996497934707775,0.2540642,-0.08435420000000002,-0.6425125870218348,-1.0,0.0,,-1.8369701987210297e-16,2.465190328815662e-32,,4.470348358154297e-09,-4.470348358154297e-09,-0.6210590034081188,1.3113021850585939e-07,-1.1920928955078136e-08,-0.21764287503300367,-1.1135778779133318,-0.09684140992224277,-0.9144949230361439,-0.21544972052599612,-0.1793034305373172,-0.8819855488310753,-0.6486823138406843,-0.12161025269924408,-0.5341469063778314,8.081128658248563,-1.5397974894173938,-0.9185396042643563,0.190125093201,-0.12174112754099999,-0.8031758535921613,3.149082202540503,-0.39404973500803564,-0.3427515153722748
S2B_MSIL2A_20220913T065629_R063_T39QXG_20220913T171218_0000.jpg,S2B_MSIL2A_20220913T065629_R063_T39QXG_20220913T171218,2022-09-13 06:56:29.024000+00:00,2022-09,0.0446491837501525,0.8933236598968506,-0.1553151756525039,0.0616,0.402946,0.16971,-1.0,-1.8369701987210294e-16,0.0,1.1920928955078125e-07,0,0.9422853589057922,0.1419287770986557,0.4417062997817993,0.2615766750731101,2022-09-13 06:56:29.024,T39QXG,T39QXG,-1.2104192878355746,-0.3947531510633133,-0.7702925665399284,6.541331168831169,0.06838396566,2.7550324675324673,0.04820261597633357,-0.003553432226181069,-0.6853174804976092,0.9087747693061828,-0.015451109409332253,-1.11550652901162,-0.14506907165050503,-0.01024610400199888,-1.4142026952713629,0.07897334,-0.01737334,-0.9729864324247132,0.665095,-0.26214899999999997,-0.996497934707775,0.2540642,-0.08435420000000002,-0.6425125870218348,-1.0,0.0,,-1.8369701987210297e-16,2.465190328815662e-32,,4.470348358154297e-09,-4.470348358154297e-09,-0.6210590034081188,1.3113021850585939e-07,-1.1920928955078136e-08,-0.21764287503300367,-1.1135778779133318,-0.09684140992224277,-0.9144949230361439,-0.21544972052599612,-0.1793034305373172,-0.8819855488310753,-0.6486823138406843,-0.12161025269924408,-0.5341469063778314,8.081128658248563,-1.5397974894173938,-0.9185396042643563,0.190125093201,-0.12174112754099999,-0.8031758535921613,3.149082202540503,-0.39404973500803564,-0.3427515153722748
S2A_MSIL2A_20220908T065631_R063_T39QXG_20220911T052036_0000.jpg,S2A_MSIL2A_20220908T065631_R063_T39QXG_20220911T052036,2022-09-08 06:56:31.024000+00:00,2022-09,0.057357370853424,0.92901873588562,-0.1399927139282226,0.0616,0.402946,0.16971,-1.0,-1.8369701987210294e-16,0.0,1.1920928955078125e-07,0,0.9422853589057922,0.1419287770986557,0.4417062997817993,0.1619015447669666,2022-09-08 06:56:31.024,T39QXG,T39QXG,-1.2104192878355746,-0.3947531510633133,-0.7702925665399284,6.541331168831169,0.06838396566,2.7550324675324673,0.04820261597633357,0.009154754877090436,1.765592572925893,0.9087747693061828,0.020243966579437167,1.4615310974897253,-0.14506907165050503,0.005076357722282432,0.7006564418644281,0.07897334,-0.01737334,-0.9729864324247132,0.665095,-0.26214899999999997,-0.996497934707775,0.2540642,-0.08435420000000002,-0.6425125870218348,-1.0,0.0,,-1.8369701987210297e-16,2.465190328815662e-32,,4.470348358154297e-09,-4.470348358154297e-09,-0.6210590034081188,1.3113021850585939e-07,-1.1920928955078136e-08,-0.21764287503300367,-1.1135778779133318,-0.09684140992224277,-0.9144949230361439,-0.21544972052599612,-0.1793034305373172,-0.8819855488310753,-0.6486823138406843,-0.12161025269924408,-0.5341469063778314,8.081128658248563,-1.5397974894173938,-0.9185396042643563,0.190125093201,-0.12174112754099999,-0.8031758535921613,3.149082202540503,-0.39404973500803564,-0.3427515153722748
S2B_MSIL2A_20220903T065629_R063_T39QXG_20220903T175254_0000.jpg,S2B_MSIL2A_20220903T065629_R063_T39QXG_20220903T175254,2022-09-03 06:56:29.024000+00:00,2022-09,0.0462819933891296,0.9109144806861876,-0.1406081020832061,0.0504,0.261826,0.16971,-1.0,-1.8369701987210294e-16,1.4901161193847656e-08,0.0,0,0.9422853589057922,0.1419287770986557,0.4417062997817993,0.2078508141691596,2022-09-03 06:56:29.024,T39QXG,T39QXG,-1.2975694635544748,-0.5819872290768384,-0.7702925665399284,5.194960317460318,0.04443449046,3.3672619047619046,0.04820261597633357,-0.0019206225872039698,-0.3704126457658669,0.9087747693061828,0.002139711380004794,0.1544783582435951,-0.14506907165050503,0.004460969567298939,0.61571844130871,0.07897334,-0.028573340000000003,-1.6002376140142514,0.665095,-0.403269,-1.5329325140727974,0.2540642,-0.08435420000000002,-0.6425125870218348,-1.0,0.0,,-1.8369701987210297e-16,2.465190328815662e-32,,4.470348358154297e-09,1.0430812835693359e-08,1.4491376746189437,1.3113021850585939e-07,-1.3113021850585939e-07,-2.3940716253630385,-1.1135778779133318,-0.18399158564114293,-1.737473371002097,-0.21544972052599612,-0.36653750855084233,-1.8029815976058938,-0.6486823138406843,-0.12161025269924408,-0.5341469063778314,8.081128658248563,-2.8861683407882452,-1.7216938875455747,0.190125093201,-0.14569060274099999,-0.9611803059524873,3.149082202540503,0.2181797022214016,0.18977661172220325
S2A_MSIL2A_20220829T065641_R063_T39QXG_20240718T033121_0000.jpg,S2A_MSIL2A_20220829T065641_R063_T39QXG_20240718T033121,2022-08-29 06:56:41.024000+00:00,2022-08,0.0516786575317382,0.9166153073310852,-0.1398289501667022,0.0504,0.261826,0.35977,-0.8660254037844384,-0.5000000000000004,1.4901161193847656e-08,1.1920928955078125e-07,0,0.1177898123860359,0.229736641049385,0.4533597826957702,0.143340843422288,2022-08-29 06:56:41.024,T39QXG,T39QXG,-1.2975694635544748,-0.5819872290768384,-0.44397505382442287,5.194960317460318,0.09419714002,7.13829365079365,0.04914659261703486,0.0025320649147033414,0.40578205601336387,0.9454533457756042,-0.028838038444519043,-0.734210589496637,-0.10964929152812272,-0.030179658638579465,-0.6667989066574755,0.08368571428571428,-0.03328571428571428,-1.2761004070572433,0.7461650000000001,-0.4843390000000001,-1.2315790650087914,0.3273607142857143,0.032409285714285696,0.37796447300922703,-0.8660254037844384,0.0,,-0.5000000000000004,0.0,,9.845410074506487e-09,5.055751119341169e-09,0.5590653920196748,1.1069434029715402e-07,8.514949253627228e-09,0.1587768372074889,-1.098308068453796,-0.19926139510067875,-1.3207322760108802,-0.198975717442226,-0.38301151163461244,-1.316878283028732,-0.5057584290236946,0.06178337519927174,0.37796447300922753,8.27003070704313,-3.0750703895828124,-1.2712239644297523,0.2530798497221428,-0.1588827097021428,-1.0012611379828888,4.291436344883549,2.8468573059101008,1.4067247249638104
S2A_MSIL2A_20220829T065641_R063_T39QXG_20220830T225205_0000.jpg,S2A_MSIL2A_20220829T065641_R063_T39QXG_20220830T225205,2022-08-29 06:56:41.024000+00:00,2022-08,0.0480458736419677,0.9154465198516846,-0.1398549377918243,0.0504,0.261826,0.35977,-0.8660254037844384,-0.5000000000000004,1.4901161193847656e-08,1.788139343261719e-07,0,0.1177898123860359,0.229736641049385,0.4533597826957702,0.2030812046139959,2022-08-29 06:56:41.024,T39QXG,T39QXG,-1.2975694635544748,-0.5819872290768384,-0.44397505382442287,5.194960317460318,0.09419714002,7.13829365079365,0.04914659261703486,-0.0011007189750671595,-0.17639832462510333,0.9454533457756042,-0.030006825923919678,-0.763967680843123,-0.10964929152812272,-0.03020564626370159,-0.6673730854520596,0.08368571428571428,-0.03328571428571428,-1.2761004070572433,0.7461650000000001,-0.4843390000000001,-1.2315790650087914,0.3273607142857143,0.032409285714285696,0.37796447300922703,-0.8660254037844384,0.0,,-0.5000000000000004,0.0,,9.845410074506487e-09,5.055751119341169e-09,0.5590653920196748,1.1069434029715402e-07,6.811959402901788e-08,1.270214697659912,-1.098308068453796,-0.19926139510067875,-1.3207322760108802,-0.198975717442226,-0.38301151163461244,-1.316878283028732,-0.5057584290236946,0.06178337519927174,0.37796447300922753,8.27003070704313,-3.0750703895828124,-1.2712239644297523,0.2530798497221428,-0.1588827097021428,-1.0012611379828888,4.291436344883549,2.8468573059101008,1.4067247249638104
S2B_MSIL2A_20220824T065619_R063_T39QXG_20220825T015302_0000.jpg,S2B_MSIL2A_20220824T065619_R063_T39QXG_20220825T015302,2022-08-24 06:56:19.024000+00:00,2022-08,0.0535999536514282,0.9368657469749452,-0.1223261058330535,0.069,0.474183,0.132905,-0.8660254037844384,-0.5000000000000004,2.2351741790771484e-08,0.0,0,0.1177898123860359,0.229736641049385,0.4533597826957702,0.140705143113501,2022-08-24 06:56:19.024,T39QXG,T39QXG,-1.1611509092627446,-0.3240540200299845,-0.8764586802193246,6.872217391304347,0.063021291615,1.9261594202898549,0.04914659261703486,0.004453361034393345,0.7136839131620972,0.9454533457756042,-0.008587598800659069,-0.21863851766210735,-0.10964929152812272,-0.012676814304930784,-0.28008553773441763,0.08368571428571428,-0.014685714285714274,-0.5630176903239679,0.7461650000000001,-0.27198200000000006,-0.6915968717349235,0.3273607142857143,-0.1944557142857143,-2.2677868380553634,-0.8660254037844384,0.0,,-0.5000000000000004,0.0,,9.845410074506487e-09,1.2506331716264997e-08,1.3829512328907743,1.1069434029715402e-07,-1.1069434029715402e-07,-2.0640988836973566,-1.098308068453796,-0.06284284080894853,-0.416531100420411,-0.198975717442226,-0.1250783025877585,-0.43004686635384837,-0.5057584290236946,-0.37070025119563,-2.2677868380553625,8.27003070704313,-1.3978133157387829,-0.5778514179011119,0.2530798497221428,-0.1900585581071428,-1.1977278618327738,4.291436344883549,-2.3652769245936947,-1.168760205966355
S2A_MSIL2A_20220819T065641_R063_T39QXG_20240720T015827_0000.jpg,S2A_MSIL2A_20220819T065641_R063_T39QXG_20240720T015827,2022-08-19 06:56:41.024000+00:00,2022-08,0.0558688640594482,0.9286548495292664,-0.1334230750799179,0.104,1.05633,0.35977,-0.8660254037844384,-0.5000000000000004,1.4901161193847656e-08,1.1920928955078125e-07,1,0.1177898123860359,0.229736641049385,0.4533597826957702,0.1920381787552024,2022-08-19 06:56:41.024,T39QXG,T39QXG,-0.9829666607012196,0.023799614022019803,-0.44397505382442287,10.157019230769231,0.38003584409999996,3.4593269230769232,0.04914659261703486,0.006722271442413344,1.0772935208503516,0.9454533457756042,-0.01679849624633789,-0.4276862954950709,-0.10964929152812272,-0.023773783551795186,-0.525265479947611,0.08368571428571428,0.020314285714285715,0.7788046261096139,0.7461650000000001,0.3101649999999999,0.7886887504381261,0.3273607142857143,0.032409285714285696,0.37796447300922703,-0.8660254037844384,0.0,,-0.5000000000000004,0.0,,9.845410074506487e-09,5.055751119341169e-09,0.5590653920196748,1.1069434029715402e-07,8.514949253627228e-09,0.1587768372074889,-1.098308068453796,0.1153414077525764,0.7644989131105421,-0.198975717442226,0.2227753314642458,0.7659508581028279,-0.5057584290236946,0.06178337519927174,0.37796447300922753,8.27003070704313,1.8869885237261013,0.7800748366901539,0.2530798497221428,0.12695599437785715,0.8000625344496382,4.291436344883549,-0.8321094218066261,-0.4111723109903161
S2A_MSIL2A_20220819T065641_R063_T39QXG_20220819T215726_0000.jpg,S2A_MSIL2A_20220819T065641_R063_T39QXG_20220819T215726,2022-08-19 06:56:41.024000+00:00,2022-08,0.0533967018127441,0.9276869297027588,-0.1338471174240112,0.104,1.05633,0.35977,-0.8660254037844384,-0.5000000000000004,0.0,1.1920928955078125e-07,1,0.1177898123860359,0.229736641049385,0.4533597826957702,0.2436174047624806,2022-08-19 06:56:41.024,T39QXG,T39QXG,-0.9829666607012196,0.023799614022019803,-0.44397505382442287,10.157019230769231,0.38003584409999996,3.4593269230769232,0.04914659261703486,0.004250109195709242,0.6811113086799586,0.9454533457756042,-0.01776641607284546,-0.45232933728076047,-0.10964929152812272,-0.02419782589588848,-0.5346344053819243,0.08368571428571428,0.020314285714285715,0.7788046261096139,0.7461650000000001,0.3101649999999999,0.7886887504381261,0.3273607142857143,0.032409285714285696,0.37796447300922703,-0.8660254037844384,0.0,,-0.5000000000000004,0.0,,9.845410074506487e-09,-9.845410074506487e-09,-1.0887062897225244,1.1069434029715402e-07,8.514949253627228e-09,0.1587768372074889,-1.098308068453796,0.1153414077525764,0.7644989131105421,-0.198975717442226,0.2227753314642458,0.7659508581028279,-0.5057584290236946,0.06178337519927174,0.37796447300922753,8.27003070704313,1.8869885237261013,0.7800748366901539,0.2530798497221428,0.12695599437785715,0.8000625344496382,4.291436344883549,-0.8321094218066261,-0.4111723109903161
S2B_MSIL2A_20220814T065629_R063_T39QXG_20240704T011425_0000.jpg,S2B_MSIL2A_20220814T065629_R063_T39QXG_20240704T011425,2022-08-14 06:56:29.024000+00:00,2022-08,0.0400721430778503,1.0251837968826294,-0.0188679359853267,0.104,1.05633,0.35977,-0.8660254037844384,-0.5000000000000004,1.862645149230957e-09,1.1920928955078125e-07,1,0.1177898123860359,0.229736641049385,0.4533597826957702,0.2035679548267583,2022-08-14 06:56:29.024,T39QXG,T39QXG,-0.9829666607012196,0.023799614022019803,-0.44397505382442287,10.157019230769231,0.38003584409999996,3.4593269230769232,0.04914659261703486,-0.009074449539184556,-1.454247389084512,0.9454533457756042,0.07973045110702515,2.029921057936853,-0.10964929152812272,0.09078135554279602,2.0057519319797446,0.08368571428571428,0.020314285714285715,0.7788046261096139,0.7461650000000001,0.3101649999999999,0.7886887504381261,0.3273607142857143,0.032409285714285696,0.37796447300922703,-0.8660254037844384,0.0,,-0.5000000000000004,0.0,,9.845410074506487e-09,-7.98276492527553e-09,-0.8827348295047495,1.1069434029715402e-07,8.514949253627228e-09,0.1587768372074889,-1.098308068453796,0.1153414077525764,0.7644989131105421,-0.198975717442226,0.2227753314642458,0.7659508581028279,-0.5057584290236946,0.06178337519927174,0.37796447300922753,8.27003070704313,1.8869885237261013,0.7800748366901539,0.2530798497221428,0.12695599437785715,0.8000625344496382,4.291436344883549,-0.8321094218066261,-0.4111723109903161
S2B_MSIL2A_20220814T065629_R063_T39QXG_20220814T151723_0000.jpg,S2B_MSIL2A_20220814T065629_R063_T39QXG_20220814T151723,2022-08-14 06:56:29.024000+00:00,2022-08,0.0413639545440673,0.9677202701568604,-0.0793969184160232,0.104,1.05633,0.35977,-0.8660254037844384,-0.5000000000000004,0.0,1.1920928955078125e-07,1,0.1177898123860359,0.229736641049385,0.4533597826957702,0.3008547025507225,2022-08-14 06:56:29.024,T39QXG,T39QXG,-0.9829666607012196,0.023799614022019803,-0.44397505382442287,10.157019230769231,0.38003584409999996,3.4593269230769232,0.04914659261703486,-0.007782638072967557,-1.2472250849961561,0.9454533457756042,0.022266924381256104,0.5669113628408489,-0.10964929152812272,0.030252373112099523,0.6684054831937445,0.08368571428571428,0.020314285714285715,0.7788046261096139,0.7461650000000001,0.3101649999999999,0.7886887504381261,0.3273607142857143,0.032409285714285696,0.37796447300922703,-0.8660254037844384,0.0,,-0.5000000000000004,0.0,,9.845410074506487e-09,-9.845410074506487e-09,-1.0887062897225244,1.1069434029715402e-07,8.514949253627228e-09,0.1587768372074889,-1.098308068453796,0.1153414077525764,0.7644989131105421,-0.198975717442226,0.2227753314642458,0.7659508581028279,-0.5057584290236946,0.06178337519927174,0.37796447300922753,8.27003070704313,1.8869885237261013,0.7800748366901539,0.2530798497221428,0.12695599437785715,0.8000625344496382,4.291436344883549,-0.8321094218066261,-0.4111723109903161
S2B_MSIL2A_20230928T065649_R063_T39QXG_20241102T043937_0000.jpg,S2B_MSIL2A_20230928T065649_R063_T39QXG_20241102T043937,2023-09-28 06:56:49.024000+00:00,2023-09,0.0448328256607055,0.8975924849510193,-0.1440459936857223,0.0725,0.542174,0.336778,-1.0,-1.8369701987210294e-16,0.0,0.0,1,0.4849143028259278,0.3039220571517944,0.5406022220849991,0.1893448843905689,2023-09-28 06:56:49.024,T39QXG,T39QXG,-1.1396619934290064,-0.26586131288476844,-0.4726562865033498,7.478262068965519,0.18259227537200004,4.645213793103449,0.051436613003412845,-0.0066037873427073485,-1.012520642571916,0.9202551196018854,-0.022662634650866154,-1.371237575141635,-0.1351854236175616,-0.008860570068160684,-0.8073833231815553,0.06933333333333333,0.003166666666666665,1.206748951658956,0.5034441666666667,0.03872983333333335,1.2354640807231254,0.2919968333333333,0.044781166666666705,0.5856963093594751,-1.0,0.0,,-1.8369701987210294e-16,0.0,,9.934107462565104e-09,-9.934107462565104e-09,-1.023532631438318,8.940696716308594e-08,-8.940696716308594e-08,-1.0856202966836188,-1.1593434082260812,0.019681414797074748,1.1962125108278145,-0.2988165322437524,0.032955219358983934,1.2233117872991102,-0.5508851763515485,0.07822888984819876,0.6044916924993636,7.255428137421279,0.22283393154423958,1.1750076249135881,0.148674348559,0.03391792681300004,0.7631008102537811,4.188746370104585,0.45646742299886345,0.4472745842845706
S2B_MSIL2A_20230928T065649_R063_T39QXG_20230928T122354_0000.jpg,S2B_MSIL2A_20230928T065649_R063_T39QXG_20230928T122354,2023-09-28 06:56:49.024000+00:00,2023-09,0.0399672389030456,0.8975775241851807,-0.1433639675378799,0.0725,0.542174,0.336778,-1.0,-1.8369701987210294e-16,0.0,2.384185791015625e-07,1,0.4849143028259278,0.3039220571517944,0.5406022220849991,0.3002077820930929,2023-09-28 06:56:49.024,T39QXG,T39QXG,-1.1396619934290064,-0.26586131288476844,-0.4726562865033498,7.478262068965519,0.18259227537200004,4.645213793103449,0.051436613003412845,-0.011469374100367247,-1.7585330101257581,0.9202551196018854,-0.022677595416704777,-1.372142799295263,-0.1351854236175616,-0.008178543920318276,-0.745236471059655,0.06933333333333333,0.003166666666666665,1.206748951658956,0.5034441666666667,0.03872983333333335,1.2354640807231254,0.2919968333333333,0.044781166666666705,0.5856963093594751,-1.0,0.0,,-1.8369701987210294e-16,0.0,,9.934107462565104e-09,-9.934107462565104e-09,-1.023532631438318,8.940696716308594e-08,1.4901161193847656e-07,1.8093671611393647,-1.1593434082260812,0.019681414797074748,1.1962125108278145,-0.2988165322437524,0.032955219358983934,1.2233117872991102,-0.5508851763515485,0.07822888984819876,0.6044916924993636,7.255428137421279,0.22283393154423958,1.1750076249135881,0.148674348559,0.03391792681300004,0.7631008102537811,4.188746370104585,0.45646742299886345,0.4472745842845706
S2A_MSIL2A_20230923T065621_R063_T39QXG_20241028T071613_0000.jpg,S2A_MSIL2A_20230923T065621_R063_T39QXG_20241028T071613,2023-09-23 06:56:21.024000+00:00,2023-09,0.0586163997650146,0.930177628993988,-0.1334204524755478,0.0725,0.542174,0.336778,-1.0,-1.8369701987210294e-16,0.0,5.960464477539065e-08,1,0.4849143028259278,0.3039220571517944,0.5406022220849991,0.1120631848219328,2023-09-23 06:56:21.024,T39QXG,T39QXG,-1.1396619934290064,-0.26586131288476844,-0.4726562865033498,7.478262068965519,0.18259227537200004,4.645213793103449,0.051436613003412845,0.007179786761601754,1.1008353128473092,0.9202551196018854,0.009922509392102596,0.6003766961678855,-0.1351854236175616,0.0017649711420138214,0.16082579958136636,0.06933333333333333,0.003166666666666665,1.206748951658956,0.5034441666666667,0.03872983333333335,1.2354640807231254,0.2919968333333333,0.044781166666666705,0.5856963093594751,-1.0,0.0,,-1.8369701987210294e-16,0.0,,9.934107462565104e-09,-9.934107462565104e-09,-1.023532631438318,8.940696716308594e-08,-2.9802322387695286e-08,-0.3618734322278726,-1.1593434082260812,0.019681414797074748,1.1962125108278145,-0.2988165322437524,0.032955219358983934,1.2233117872991102,-0.5508851763515485,0.07822888984819876,0.6044916924993636,7.255428137421279,0.22283393154423958,1.1750076249135881,0.148674348559,0.03391792681300004,0.7631008102537811,4.188746370104585,0.45646742299886345,0.4472745842845706
S2A_MSIL2A_20230923T065621_R063_T39QXG_20230923T121348_0000.jpg,S2A_MSIL2A_20230923T065621_R063_T39QXG_20230923T121348,2023-09-23 06:56:21.024000+00:00,2023-09,0.0562622547149658,0.9366673827171326,-0.1314940154552459,0.0725,0.542174,0.336778,-1.0,-1.8369701987210294e-16,2.9802322387695312e-08,1.1920928955078125e-07,1,0.4849143028259278,0.3039220571517944,0.5406022220849991,0.1836467201626427,2023-09-23 06:56:21.024,T39QXG,T39QXG,-1.1396619934290064,-0.26586131288476844,-0.4726562865033498,7.478262068965519,0.18259227537200004,4.645213793103449,0.051436613003412845,0.004825641711552954,0.7398878239165563,0.9202551196018854,0.016412263115247128,0.9930492294230157,-0.1351854236175616,0.0036914081623157236,0.33636451903016973,0.06933333333333333,0.003166666666666665,1.206748951658956,0.5034441666666667,0.03872983333333335,1.2354640807231254,0.2919968333333333,0.044781166666666705,0.5856963093594751,-1.0,0.0,,-1.8369701987210294e-16,0.0,,9.934107462565104e-09,1.986821492513021e-08,2.047065262876636,8.940696716308594e-08,2.9802322387695312e-08,0.36187343222787294,-1.1593434082260812,0.019681414797074748,1.1962125108278145,-0.2988165322437524,0.032955219358983934,1.2233117872991102,-0.5508851763515485,0.07822888984819876,0.6044916924993636,7.255428137421279,0.22283393154423958,1.1750076249135881,0.148674348559,0.03391792681300004,0.7631008102537811,4.188746370104585,0.45646742299886345,0.4472745842845706
S2B_MSIL2A_20230918T065629_R063_T39QXG_20241025T081232_0000.jpg,S2B_MSIL2A_20230918T065629_R063_T39QXG_20241025T081232,2023-09-18 06:56:29.024000+00:00,2023-09,0.0542623400688171,0.9463452696800232,-0.1034676954150199,0.068,0.475,0.203455,-1.0,-1.8369701987210294e-16,1.4901161193847656e-08,5.960464477539065e-08,0,0.4849143028259278,0.3039220571517944,0.5406022220849991,0.0676273461669999,2023-09-18 06:56:29.024,T39QXG,T39QXG,-1.1674910872937636,-0.3233063903751334,-0.6915316326933363,6.985294117647058,0.096641125,2.991985294117647,0.051436613003412845,0.0028257270654042516,0.4332524406854994,0.9202551196018854,0.026090150078137753,1.5786246691692405,-0.1351854236175616,0.031717728202541706,2.8901486702258374,0.06933333333333333,-0.0013333333333333253,-0.5081048217511366,0.5034441666666667,-0.028444166666666715,-0.9073559888656568,0.2919968333333333,-0.08854183333333332,-1.1580454210420683,-1.0,0.0,,-1.8369701987210294e-16,0.0,,9.934107462565104e-09,4.967053731282553e-09,0.511766315719159,8.940696716308594e-08,-2.9802322387695286e-08,-0.3618734322278726,-1.1593434082260812,-0.008147679067682434,-0.4952060477085333,-0.2988165322437524,-0.024489858131381048,-0.9090739708043951,-0.5508851763515485,-0.14064645634178774,-1.086805841206025,7.255428137421279,-0.270134019774221,-1.4244219037182488,0.148674348559,-0.052033223559,-1.1706669242169103,4.188746370104585,-1.1967610759869385,-1.1726593964436014
S2B_MSIL2A_20230918T065629_R063_T39QXG_20230918T153259_0000.jpg,S2B_MSIL2A_20230918T065629_R063_T39QXG_20230918T153259,2023-09-18 06:56:29.024000+00:00,2023-09,0.0442819595336914,0.9084665775299072,-0.1394110769033432,0.068,0.475,0.203455,-1.0,-1.8369701987210294e-16,1.4901161193847656e-08,1.788139343261719e-07,0,0.4849143028259278,0.3039220571517944,0.5406022220849991,0.2510095073671257,2023-09-18 06:56:29.024,T39QXG,T39QXG,-1.1674910872937636,-0.3233063903751334,-0.6915316326933363,6.985294117647058,0.096641125,2.991985294117647,0.051436613003412845,-0.007154653469721446,-1.0969817700961635,0.9202551196018854,-0.011788542071978214,-0.7132838742832021,-0.1351854236175616,-0.004225653285781589,-0.3850454278045812,0.06933333333333333,-0.0013333333333333253,-0.5081048217511366,0.5034441666666667,-0.028444166666666715,-0.9073559888656568,0.2919968333333333,-0.08854183333333332,-1.1580454210420683,-1.0,0.0,,-1.8369701987210294e-16,0.0,,9.934107462565104e-09,4.967053731282553e-09,0.511766315719159,8.940696716308594e-08,8.940696716308596e-08,1.085620296683619,-1.1593434082260812,-0.008147679067682434,-0.4952060477085333,-0.2988165322437524,-0.024489858131381048,-0.9090739708043951,-0.5508851763515485,-0.14064645634178774,-1.086805841206025,7.255428137421279,-0.270134019774221,-1.4244219037182488,0.148674348559,-0.052033223559,-1.1706669242169103,4.188746370104585,-1.1967610759869385,-1.1726593964436014
S2A_MSIL2A_20230913T065631_R063_T39QXG_20241027T165012_0000.jpg,S2A_MSIL2A_20230913T065631_R063_T39QXG_20241027T165012,2023-09-13 06:56:31.024000+00:00,2023-09,0.057127833366394,0.9258814454078674,-0.1358104795217514,0.0688,0.498617,0.349825,-1.0,-1.8369701987210294e-16,0.0,1.788139343261719e-07,1,0.4849143028259278,0.3039220571517944,0.5406022220849991,0.1183622583456351,2023-09-13 06:56:31.024,T39QXG,T39QXG,-1.1624115617644888,-0.30223291861136353,-0.45614915719558863,7.247340116279069,0.174428692025,5.084665697674419,0.051436613003412845,0.005691220362981156,0.8726020084985983,0.9202551196018854,0.005626325805981991,0.34042949877659906,-0.1351854236175616,-0.0006250559041897918,-0.056955670935037866,0.06933333333333333,-0.0005333333333333301,-0.20324192870045463,0.5034441666666667,-0.004827166666666716,-0.15398442273176247,0.2919968333333333,0.05782816666666668,0.7563390218438094,-1.0,0.0,,-1.8369701987210294e-16,0.0,,9.934107462565104e-09,-9.934107462565104e-09,-1.023532631438318,8.940696716308594e-08,8.940696716308596e-08,1.085620296683619,-1.1593434082260812,-0.003068153538407614,-0.18647864930570504,-0.2988165322437524,-0.003416386367611157,-0.12681771794449906,-0.5508851763515485,0.09473601915595992,0.7320458806377519,7.255428137421279,-0.008088021142209634,-0.04264829169731669,0.148674348559,0.025754343466,0.5794328313405677,4.188746370104585,0.8959193275698336,0.877876327205736
S2A_MSIL2A_20230913T065631_R063_T39QXG_20230913T132300_0000.jpg,S2A_MSIL2A_20230913T065631_R063_T39QXG_20230913T132300,2023-09-13 06:56:31.024000+00:00,2023-09,0.0515475273132324,0.9244908690452576,-0.1362651735544204,0.0688,0.498617,0.349825,-1.0,-1.8369701987210294e-16,1.4901161193847656e-08,0.0,1,0.4849143028259278,0.3039220571517944,0.5406022220849991,0.2127146211919325,2023-09-13 06:56:31.024,T39QXG,T39QXG,-1.1624115617644888,-0.30223291861136353,-0.45614915719558863,7.247340116279069,0.174428692025,5.084665697674419,0.051436613003412845,0.00011091430981955558,0.017005851706132655,0.9202551196018854,0.004235749443372128,0.2562905366086877,-0.1351854236175616,-0.001079749936858776,-0.09838781088800523,0.06933333333333333,-0.0005333333333333301,-0.20324192870045463,0.5034441666666667,-0.004827166666666716,-0.15398442273176247,0.2919968333333333,0.05782816666666668,0.7563390218438094,-1.0,0.0,,-1.8369701987210294e-16,0.0,,9.934107462565104e-09,4.967053731282553e-09,0.511766315719159,8.940696716308594e-08,-8.940696716308594e-08,-1.0856202966836188,-1.1593434082260812,-0.003068153538407614,-0.18647864930570504,-0.2988165322437524,-0.003416386367611157,-0.12681771794449906,-0.5508851763515485,0.09473601915595992,0.7320458806377519,7.255428137421279,-0.008088021142209634,-0.04264829169731669,0.148674348559,0.025754343466,0.5794328313405677,4.188746370104585,0.8959193275698336,0.877876327205736
S2B_MSIL2A_20230908T065629_R063_T39QXG_20241023T151834_0000.jpg,S2B_MSIL2A_20230908T065629_R063_T39QXG_20241023T151834,2023-09-08 06:56:29.024000+00:00,2023-09,0.0492852330207824,0.9061773419380188,-0.1432307511568069,0.0688,0.498617,0.349825,-1.0,-1.8369701987210294e-16,0.0,1.1920928955078125e-07,1,0.4849143028259278,0.3039220571517944,0.5406022220849991,0.1633598755754688,2023-09-08 06:56:29.024,T39QXG,T39QXG,-1.1624115617644888,-0.30223291861136353,-0.45614915719558863,7.247340116279069,0.174428692025,5.084665697674419,0.051436613003412845,-0.002151379982630444,-0.32985869007954643,0.9202551196018854,-0.014077777663866642,-0.8517975956712419,-0.1351854236175616,-0.008045327539245278,-0.7330976714535857,0.06933333333333333,-0.0005333333333333301,-0.20324192870045463,0.5034441666666667,-0.004827166666666716,-0.15398442273176247,0.2919968333333333,0.05782816666666668,0.7563390218438094,-1.0,0.0,,-1.8369701987210294e-16,0.0,,9.934107462565104e-09,-9.934107462565104e-09,-1.023532631438318,8.940696716308594e-08,2.9802322387695312e-08,0.36187343222787294,-1.1593434082260812,-0.003068153538407614,-0.18647864930570504,-0.2988165322437524,-0.003416386367611157,-0.12681771794449906,-0.5508851763515485,0.09473601915595992,0.7320458806377519,7.255428137421279,-0.008088021142209634,-0.04264829169731669,0.148674348559,0.025754343466,0.5794328313405677,4.188746370104585,0.8959193275698336,0.877876327205736
S2B_MSIL2A_20230908T065629_R063_T39QXG_20230908T143733_0000.jpg,S2B_MSIL2A_20230908T065629_R063_T39QXG_20230908T143733,2023-09-08 06:56:29.024000+00:00,2023-09,0.0454033017158508,0.9047022461891174,-0.143555611371994,0.0688,0.498617,0.349825,-1.0,-1.8369701987210294e-16,1.4901161193847656e-08,1.1920928955078125e-07,1,0.4849143028259278,0.3039220571517944,0.5406022220849991,0.2355708745579617,2023-09-08 06:56:29.024,T39QXG,T39QXG,-1.1624115617644888,-0.30223291861136353,-0.45614915719558863,7.247340116279069,0.174428692025,5.084665697674419,0.051436613003412845,-0.006033311287562043,-0.9250528378181048,0.9202551196018854,-0.015552873412768009,-0.9410505333365428,-0.1351854236175616,-0.008370187754432379,-0.7626992341171135,0.06933333333333333,-0.0005333333333333301,-0.20324192870045463,0.5034441666666667,-0.004827166666666716,-0.15398442273176247,0.2919968333333333,0.05782816666666668,0.7563390218438094,-1.0,0.0,,-1.8369701987210294e-16,0.0,,9.934107462565104e-09,4.967053731282553e-09,0.511766315719159,8.940696716308594e-08,2.9802322387695312e-08,0.36187343222787294,-1.1593434082260812,-0.003068153538407614,-0.18647864930570504,-0.2988165322437524,-0.003416386367611157,-0.12681771794449906,-0.5508851763515485,0.09473601915595992,0.7320458806377519,7.255428137421279,-0.008088021142209634,-0.04264829169731669,0.148674348559,0.025754343466,0.5794328313405677,4.188746370104585,0.8959193275698336,0.877876327205736
S2A_MSIL2A_20230903T065631_R063_T39QXG_20241030T165920_0000.jpg,S2A_MSIL2A_20230903T065631_R063_T39QXG_20241030T165920,2023-09-03 06:56:31.024000+00:00,2023-09,0.0591803193092346,0.9322319626808168,-0.1339791715145111,0.0654,0.464083,0.17532,-1.0,-1.8369701987210294e-16,1.4901161193847656e-08,0.0,0,0.4849143028259278,0.3039220571517944,0.5406022220849991,0.1124609929963281,2023-09-03 06:56:31.024,T39QXG,T39QXG,-1.1844222516757328,-0.3334043400951169,-0.7561685380180784,7.0960703363914375,0.08136303156000001,2.6807339449541283,0.051436613003412845,0.007743706305821753,1.187297845579081,0.9202551196018854,0.01197684307893132,0.72467731640275,-0.1351854236175616,0.0012062521030505036,0.10991480503667227,0.06933333333333333,-0.00393333333333333,-1.4989092241658608,0.5034441666666667,-0.03936116666666667,-1.2556033271170728,0.2919968333333333,-0.11667683333333331,-1.5260252413644988,-1.0,0.0,,-1.8369701987210294e-16,0.0,,9.934107462565104e-09,4.967053731282553e-09,0.511766315719159,8.940696716308594e-08,-8.940696716308594e-08,-1.0856202966836188,-1.1593434082260812,-0.02507884344965161,-1.5242616753356721,-0.2988165322437524,-0.034587807851364505,-1.2839141679048272,-0.5508851763515485,-0.20528336166652983,-1.5862693050682077,7.255428137421279,-0.15935780102984154,-0.8402967627143081,0.148674348559,-0.06731131699899999,-1.5144003589717852,4.188746370104585,-1.508012425150457,-1.4776424265370132
S2A_MSIL2A_20230903T065631_R063_T39QXG_20230903T134044_0000.jpg,S2A_MSIL2A_20230903T065631_R063_T39QXG_20230903T134044,2023-09-03 06:56:31.024000+00:00,2023-09,0.0564721226692199,0.9327507019042968,-0.1341806948184967,0.0654,0.464083,0.17532,-1.0,-1.8369701987210294e-16,1.4901161193847656e-08,0.0,0,0.4849143028259278,0.3039220571517944,0.5406022220849991,0.1603888566487327,2023-09-03 06:56:31.024,T39QXG,T39QXG,-1.1844222516757328,-0.3334043400951169,-0.7561685380180784,7.0960703363914375,0.08136303156000001,2.6807339449541283,0.051436613003412845,0.005035509665807056,0.7720656674583048,0.9202551196018854,0.012495582302411323,0.7560644311797332,-0.1351854236175616,0.0010047287990649079,0.09155181556547762,0.06933333333333333,-0.00393333333333333,-1.4989092241658608,0.5034441666666667,-0.03936116666666667,-1.2556033271170728,0.2919968333333333,-0.11667683333333331,-1.5260252413644988,-1.0,0.0,,-1.8369701987210294e-16,0.0,,9.934107462565104e-09,4.967053731282553e-09,0.511766315719159,8.940696716308594e-08,-8.940696716308594e-08,-1.0856202966836188,-1.1593434082260812,-0.02507884344965161,-1.5242616753356721,-0.2988165322437524,-0.034587807851364505,-1.2839141679048272,-0.5508851763515485,-0.20528336166652983,-1.5862693050682077,7.255428137421279,-0.15935780102984154,-0.8402967627143081,0.148674348559,-0.06731131699899999,-1.5144003589717852,4.188746370104585,-1.508012425150457,-1.4776424265370132
S2B_MSIL2A_20230829T065629_R063_T39QXG_20241017T113451_0000.jpg,S2B_MSIL2A_20230829T065629_R063_T39QXG_20241017T113451,2023-08-29 06:56:29.024000+00:00,2023-08,0.0451278686523437,0.9053878784179688,-0.1410999596118927,0.0654,0.464083,0.17532,-0.8660254037844384,-0.5000000000000004,2.9802322387695312e-08,0.0,0,0.9309780299663544,0.2165360525250434,0.531738817691803,0.2104590533417611,2023-08-29 06:56:29.024,T39QXG,T39QXG,-1.1844222516757328,-0.3334043400951169,-0.7561685380180784,7.0960703363914375,0.08136303156000001,2.6807339449541283,0.0481655597686767,-0.003037691116333001,-0.7475440400970239,0.9156529754400253,-0.01026509702205658,-0.8687745774167295,-0.13613853976130486,-0.004961419850587845,-0.9282321335611812,0.0814,-0.016,-0.8660254037844388,0.7083305,-0.24424749999999995,-0.8660254037844386,0.2772775,-0.1019575,-0.8660254037844389,-0.8660254037844384,0.0,,-0.5000000000000004,0.0,,1.4901161193847656e-08,1.4901161193847656e-08,1.224744871391589,4.4703483581542975e-08,-4.4703483581542975e-08,-0.7833494518006403,-1.0979316473985588,-0.08649060427717403,-0.866025403784437,-0.1772518964655108,-0.1561524436296061,-0.8660254037844387,-0.5886300630022131,-0.16753847501586527,-0.8660254037844388,8.438065969017075,-1.341995632625637,-0.8660254037844389,0.22130697469500002,-0.13994394313500003,-0.8660254037844387,3.2871585535858934,-0.6064246086317651,-0.8660254037844385
S2B_MSIL2A_20230829T065629_R063_T39QXG_20230829T131134_0000.jpg,S2B_MSIL2A_20230829T065629_R063_T39QXG_20230829T131134,2023-08-29 06:56:29.024000+00:00,2023-08,0.0448655486106872,0.9055575728416444,-0.1404224932193756,0.0654,0.464083,0.17532,-0.8660254037844384,-0.5000000000000004,1.4901161193847656e-08,5.960464477539065e-08,0,0.9309780299663544,0.2165360525250434,0.531738817691803,0.2102705741532141,2023-08-29 06:56:29.024,T39QXG,T39QXG,-1.1844222516757328,-0.3334043400951169,-0.7561685380180784,7.0960703363914375,0.08136303156000001,2.6807339449541283,0.0481655597686767,-0.003300011157989502,-0.8120982611249475,0.9156529754400253,-0.010095402598380931,-0.8544126867398063,-0.13613853976130486,-0.004283953458070755,-0.801484933388709,0.0814,-0.016,-0.8660254037844388,0.7083305,-0.24424749999999995,-0.8660254037844386,0.2772775,-0.1019575,-0.8660254037844389,-0.8660254037844384,0.0,,-0.5000000000000004,0.0,,1.4901161193847656e-08,0.0,0.0,4.4703483581542975e-08,1.4901161193847676e-08,0.2611164839335471,-1.0979316473985588,-0.08649060427717403,-0.866025403784437,-0.1772518964655108,-0.1561524436296061,-0.8660254037844387,-0.5886300630022131,-0.16753847501586527,-0.8660254037844388,8.438065969017075,-1.341995632625637,-0.8660254037844389,0.22130697469500002,-0.13994394313500003,-0.8660254037844387,3.2871585535858934,-0.6064246086317651,-0.8660254037844385
S2A_MSIL2A_20230824T065631_R063_T39QXG_20241025T152112_0000.jpg,S2A_MSIL2A_20230824T065631_R063_T39QXG_20241025T152112,2023-08-24 06:56:31.024000+00:00,2023-08,0.0534950494766235,0.9272928833961488,-0.131490096449852,0.0974,0.952578,0.379235,-0.8660254037844384,-0.5000000000000004,1.4901161193847656e-08,1.1920928955078125e-07,1,0.9309780299663544,0.2165360525250434,0.531738817691803,0.1961941401089729,2023-08-24 06:56:31.024,T39QXG,T39QXG,-1.0114410431213845,-0.021099452835904708,-0.4210915879863479,9.78006160164271,0.36125091783,3.893583162217659,0.0481655597686767,0.005329489707946798,1.311531724378693,0.9156529754400253,0.011639907956123463,0.9851301058355502,-0.13613853976130486,0.004648443311452866,0.8696773469427024,0.0814,0.016,0.8660254037844388,0.7083305,0.24424750000000006,0.8660254037844389,0.2772775,0.10195749999999998,0.8660254037844387,-0.8660254037844384,0.0,,-0.5000000000000004,0.0,,1.4901161193847656e-08,0.0,0.0,4.4703483581542975e-08,7.450580596923828e-08,1.3055824196677337,-1.0979316473985588,0.08649060427717425,0.8660254037844393,-0.1772518964655108,0.1561524436296061,0.8660254037844387,-0.5886300630022131,0.16753847501586522,0.8660254037844386,8.438065969017075,1.3419956326256361,0.8660254037844384,0.22130697469500002,0.139943943135,0.8660254037844386,3.2871585535858934,0.6064246086317655,0.8660254037844392
S2A_MSIL2A_20230824T065631_R063_T39QXG_20230824T150407_0000.jpg,S2A_MSIL2A_20230824T065631_R063_T39QXG_20230824T150407,2023-08-24 06:56:31.024000+00:00,2023-08,0.0491737723350524,0.9243735671043396,-0.1315416097640991,0.0974,0.952578,0.379235,-0.8660254037844384,-0.5000000000000004,0.0,0.0,1,0.9309780299663544,0.2165360525250434,0.531738817691803,0.2687075543667636,2023-08-24 06:56:31.024,T39QXG,T39QXG,-1.0114410431213845,-0.021099452835904708,-0.4210915879863479,9.78006160164271,0.36125091783,3.893583162217659,0.0481655597686767,0.0010082125663756977,0.2481105768432767,0.9156529754400253,0.00872059166431427,0.7380571583210044,-0.13613853976130486,0.004596929997205762,0.860039720007193,0.0814,0.016,0.8660254037844388,0.7083305,0.24424750000000006,0.8660254037844389,0.2772775,0.10195749999999998,0.8660254037844387,-0.8660254037844384,0.0,,-0.5000000000000004,0.0,,1.4901161193847656e-08,-1.4901161193847656e-08,-1.224744871391589,4.4703483581542975e-08,-4.4703483581542975e-08,-0.7833494518006403,-1.0979316473985588,0.08649060427717425,0.8660254037844393,-0.1772518964655108,0.1561524436296061,0.8660254037844387,-0.5886300630022131,0.16753847501586522,0.8660254037844386,8.438065969017075,1.3419956326256361,0.8660254037844384,0.22130697469500002,0.139943943135,0.8660254037844386,3.2871585535858934,0.6064246086317655,0.8660254037844392
S2A_MSIL2A_20240927T065641_R063_T39QXG_20240927T112652_0000.jpg,S2A_MSIL2A_20240927T065641_R063_T39QXG_20240927T112652,2024-09-27 06:56:41.024000+00:00,2024-09,0.0465114712715148,0.920920193195343,-0.1305877268314361,0.0998667,0.988476,0.395725,-1.0,-1.8369701987210294e-16,1.4901161193847656e-08,1.1920928955078125e-07,1,0.8774691820144653,0.2283721268177032,0.7517009079456329,0.6625316588112938,2024-09-27 06:56:41.024,T39QXG,T39QXG,-1.000579300734153,-0.005033870805644906,-0.40260651223313215,9.897953972645537,0.3911646651,3.962532055229621,0.0420105099678039,0.004500961303710901,0.9143848935441757,0.9356057167053222,-0.014685523509979204,-0.4688831477734195,-0.1113687418401241,-0.019218984991312,-0.5340391978921231,0.07470668,0.025160020000000005,1.0506634953361162,0.6279874000000001,0.36048859999999994,1.0755645031824201,0.26408836,0.13163663999999997,0.7304539519492427,-1.0,0.0,,-1.8369701987210297e-16,2.465190328815662e-32,,1.0430812835693359e-08,4.4703483581542975e-09,0.670820393249937,1.0728836059570313e-07,1.1920928955078122e-08,0.44721359549995804,-1.1447293873527193,0.14415008661856632,1.0271105148910507,-0.25330311907083675,0.24826924826519184,1.0498099549463364,-0.7119950116290676,0.3093884993959355,0.7303701535608155,7.94677492902945,1.9511790436160865,1.081026989553737,0.20430908546232002,0.18685557963767996,1.0129254552662563,3.2407717666653624,0.7217602885642584,0.37263738165297405
S2B_MSIL2A_20240922T065619_R063_T39QXG_20240922T102739_0000.jpg,S2B_MSIL2A_20240922T065619_R063_T39QXG_20240922T102739,2024-09-22 06:56:19.024000+00:00,2024-09,0.045816421508789,0.9283435940742492,-0.1236194297671318,0.0998667,0.988476,0.395725,-1.0,-1.8369701987210294e-16,1.4901161193847656e-08,1.1920928955078125e-07,1,0.8774691820144653,0.2283721268177032,0.7517009079456329,0.6580722498693315,2024-09-22 06:56:19.024,T39QXG,T39QXG,-1.000579300734153,-0.005033870805644906,-0.40260651223313215,9.897953972645537,0.3911646651,3.962532055229621,0.0420105099678039,0.003805911540985099,0.7731832789526545,0.9356057167053222,-0.007262122631073065,-0.23186690732953977,-0.1113687418401241,-0.012250687927007703,-0.3404106698206694,0.07470668,0.025160020000000005,1.0506634953361162,0.6279874000000001,0.36048859999999994,1.0755645031824201,0.26408836,0.13163663999999997,0.7304539519492427,-1.0,0.0,,-1.8369701987210297e-16,2.465190328815662e-32,,1.0430812835693359e-08,4.4703483581542975e-09,0.670820393249937,1.0728836059570313e-07,1.1920928955078122e-08,0.44721359549995804,-1.1447293873527193,0.14415008661856632,1.0271105148910507,-0.25330311907083675,0.24826924826519184,1.0498099549463364,-0.7119950116290676,0.3093884993959355,0.7303701535608155,7.94677492902945,1.9511790436160865,1.081026989553737,0.20430908546232002,0.18685557963767996,1.0129254552662563,3.2407717666653624,0.7217602885642584,0.37263738165297405
S2B_MSIL2A_20240912T065619_R063_T39QXG_20240912T130211_0000.jpg,S2B_MSIL2A_20240912T065619_R063_T39QXG_20240912T130211,2024-09-12 06:56:19.024000+00:00,2024-09,0.0417770743370056,0.9175702929496764,-0.1283344179391861,0.0524,0.335762,0.0666759,-1.0,-1.8369701987210294e-16,1.4901161193847656e-08,1.1920928955078125e-07,0,0.8774691820144653,0.2283721268177032,0.7517009079456329,0.4836936331408759,2024-09-12 06:56:19.024,T39QXG,T39QXG,-1.2806687130162733,-0.47396845687025924,-1.1760311134349257,6.4076717557251905,0.022387233535799998,1.2724408396946563,0.0420105099678039,-0.0002334356307982996,-0.04742320584736817,0.9356057167053222,-0.01803542375564582,-0.5758396189436691,-0.1113687418401241,-0.016965676099061994,-0.47142635574856756,0.07470668,-0.022306679999999995,-0.9315101648625171,0.6279874000000001,-0.2922254000000001,-0.8718923904064765,0.26408836,-0.19741246,-1.0954450947017627,-1.0,0.0,,-1.8369701987210297e-16,2.465190328815662e-32,,1.0430812835693359e-08,4.4703483581542975e-09,0.670820393249937,1.0728836059570313e-07,1.1920928955078122e-08,0.44721359549995804,-1.1447293873527193,-0.13593932566355393,-0.9686064993196586,-0.25330311907083675,-0.2206653377994225,-0.9330864372134519,-0.7119950116290676,-0.4640361018058581,-1.095445110582411,7.94677492902945,-1.5391031733042597,-0.8527213714668609,0.20430908546232002,-0.18192185192652002,-0.986180209565396,3.2407717666653624,-1.968330926970706,-1.0162289259665107
S2A_MSIL2A_20240907T065621_R063_T39QXG_20240907T115459_0000.jpg,S2A_MSIL2A_20240907T065621_R063_T39QXG_20240907T115459,2024-09-07 06:56:21.024000+00:00,2024-09,0.0418164134025573,0.9200246334075928,-0.1271526962518692,0.0524,0.335762,0.0666759,-1.0,-1.8369701987210294e-16,0.0,1.1920928955078125e-07,0,0.8774691820144653,0.2283721268177032,0.7517009079456329,0.4780828441078014,2024-09-07 06:56:21.024,T39QXG,T39QXG,-1.2806687130162733,-0.47396845687025924,-1.1760311134349257,6.4076717557251905,0.022387233535799998,1.2724408396946563,0.0420105099678039,-0.00019409656524660424,-0.03943134703335052,0.9356057167053222,-0.015581083297729448,-0.497476809552946,-0.1113687418401241,-0.0157839544117451,-0.4385897776300184,0.07470668,-0.022306679999999995,-0.9315101648625171,0.6279874000000001,-0.2922254000000001,-0.8718923904064765,0.26408836,-0.19741246,-1.0954450947017627,-1.0,0.0,,-1.8369701987210297e-16,2.465190328815662e-32,,1.0430812835693359e-08,-1.0430812835693359e-08,-1.5652475842498528,1.0728836059570313e-07,1.1920928955078122e-08,0.44721359549995804,-1.1447293873527193,-0.13593932566355393,-0.9686064993196586,-0.25330311907083675,-0.2206653377994225,-0.9330864372134519,-0.7119950116290676,-0.4640361018058581,-1.095445110582411,7.94677492902945,-1.5391031733042597,-0.8527213714668609,0.20430908546232002,-0.18192185192652002,-0.986180209565396,3.2407717666653624,-1.968330926970706,-1.0162289259665107
S2B_MSIL2A_20240902T065629_R063_T39QXG_20240902T111143_0000.jpg,S2B_MSIL2A_20240902T065629_R063_T39QXG_20240902T111143,2024-09-02 06:56:29.024000+00:00,2024-09,0.0341311693191528,0.9911698698997498,-0.0471494384109973,0.069,0.491461,0.39564,-1.0,-1.8369701987210294e-16,7.450580596923828e-09,5.960464477539065e-08,0,0.8774691820144653,0.2283721268177032,0.7517009079456329,0.5476948018200042,2024-09-02 06:56:29.024,T39QXG,T39QXG,-1.1611509092627446,-0.3085109400023755,-0.4026998068092222,7.122623188405797,0.19444163003999998,5.73391304347826,0.0420105099678039,-0.007879340648651104,-1.600713619616113,0.9356057167053222,0.055564153194427535,1.7740664835995743,-0.1113687418401241,0.0642193034291268,1.7844660010913784,0.07470668,-0.005706679999999992,-0.2383066609471971,0.6279874000000001,-0.1365264000000001,-0.4073442255518885,0.26408836,0.13155163999999997,0.7299822855050392,-1.0,0.0,,-1.8369701987210297e-16,2.465190328815662e-32,,1.0430812835693359e-08,-2.9802322387695306e-09,-0.44721359549995787,1.0728836059570313e-07,-4.7683715820312476e-08,-1.7888543819998315,-1.1447293873527193,-0.016421521910025216,-0.11700803114278711,-0.25330311907083675,-0.055207820931538754,-0.23344703546576923,-0.7119950116290676,0.30929520481984546,0.7301499140431918,7.94677492902945,-0.8241517406236536,-0.45661123617375204,0.20430908546232002,-0.009867455422320037,-0.05349049140172154,3.2407717666653624,2.493141276812898,1.2871830886270745
S2A_MSIL2A_20240719T065621_R063_T39QXG_20240719T132007_0000.jpg,S2A_MSIL2A_20240719T065621_R063_T39QXG_20240719T132007,2024-07-19 06:56:21.024000+00:00,2024-07,0.0499016046524047,0.9320973753929138,-0.1242191717028617,0.0767,0.569551,0.231377,-0.5000000000000001,-0.8660254037844386,7.450580596923828e-09,1.1920928955078125e-07,1,0.7535458207130432,0.1448770612478255,0.5215644985437393,0.5453968903299944,2024-07-19 06:56:21.024,T39QXG,T39QXG,-1.115204636051019,-0.24446738128305612,-0.6356798142240863,7.425697522816167,0.131781001727,3.016649282920469,0.04647211233774817,0.0034294923146565293,1.1445347641249661,0.9187850753466288,0.01331230004628503,1.088820617232866,-0.13141025851170218,0.00719108680884048,1.0210975984951933,0.07265,0.004049999999999998,0.1644599706843021,0.5751780000000001,-0.005627000000000049,-0.01721464598443161,0.224556,0.006820999999999994,1.0,-0.5000000000000001,0.0,,-0.8660254037844387,1.1102230246251565e-16,,1.241763432820638e-08,-4.967053731282553e-09,-1.1547005383792517,5.960464477539064e-08,5.960464477539061e-08,0.9999999999999999,-1.1574564312290399,0.0422517951780208,0.26319892844759785,-0.2959865071137174,0.05151912583066126,0.1827789614830439,-0.6488089682974887,0.013129154073402427,0.9948983788722113,7.460193721450814,-0.03449619863464726,-0.016849759019334637,0.128397362829,0.003383638898000002,0.04808475847950734,3.3879538387354624,-0.37130455581499344,-0.2809972101678941
S2B_MSIL2A_20240714T065619_R063_T39QXG_20240714T115201_0000.jpg,S2B_MSIL2A_20240714T065619_R063_T39QXG_20240714T115201,2024-07-14 06:56:19.024000+00:00,2024-07,0.0451540946960449,0.908058226108551,-0.1382941305637359,0.095,0.904828,0.217735,-0.5000000000000001,-0.8660254037844386,1.4901161193847656e-08,5.960464477539065e-08,1,0.7535458207130432,0.1448770612478255,0.5215644985437393,0.6756320814180017,2024-07-14 06:56:19.024,T39QXG,T39QXG,-1.0222763947111522,-0.043433968585097495,-0.6620717543070548,9.524505263157895,0.19701272458,2.2919473684210527,0.04647211233774817,-0.0013180176417032716,-0.43986598372373936,0.9187850753466288,-0.010726849238077762,-0.8773551202841973,-0.13141025851170218,-0.006883872052033724,-0.9774746721230606,0.07265,0.022349999999999995,0.907575393776334,0.5751780000000001,0.3296499999999999,1.0084961878030618,0.224556,-0.006820999999999994,-1.0,-0.5000000000000001,0.0,,-0.8660254037844387,1.1102230246251565e-16,,1.241763432820638e-08,2.4835268656412755e-09,0.5773502691896256,5.960464477539064e-08,1.3234889800848443e-23,2.2204460492503136e-16,-1.1574564312290399,0.13518003651788768,0.8420764279744343,-0.2959865071137174,0.25255253852861986,0.8960029885579888,-0.6488089682974887,-0.013262786009566097,-1.005024712671898,7.460193721450814,2.064311541707081,1.0083184059492285,0.128397362829,0.068615361751,0.9750901905433937,3.3879538387354624,-1.0960064703144097,-0.8294397568279818
S2B_MSIL2A_20240704T065629_R063_T39QXG_20240705T224349_0000.jpg,S2B_MSIL2A_20240704T065629_R063_T39QXG_20240705T224349,2024-07-04 06:56:29.024000+00:00,2024-07,0.0443606376647949,0.9161996245384216,-0.1317174732685089,0.04625,0.251155,0.224556,-0.5000000000000001,-0.8660254037844386,1.4901161193847656e-08,0.0,0,0.7535458207130432,0.1448770612478255,0.5215644985437393,0.4556356052849454,2024-07-04 06:56:29.024,T39QXG,T39QXG,-1.3348882629249486,-0.6000581714729984,-0.6486753363613249,5.430378378378379,0.05639836218000001,4.855264864864865,0.04647211233774817,-0.0021114746729532716,-0.7046687804012314,0.9187850753466288,-0.002585450808207157,-0.21146549694865965,-0.13141025851170218,-0.0003072147568067285,-0.04362292637212886,0.07265,-0.026400000000000007,-1.0720353644606366,0.5751780000000001,-0.32402300000000006,-0.991281541818631,0.224556,0.0,0.0,-0.5000000000000001,0.0,,-0.8660254037844387,1.1102230246251565e-16,,1.241763432820638e-08,2.4835268656412755e-09,0.5773502691896256,5.960464477539064e-08,-5.960464477539064e-08,-1.0000000000000004,-1.1574564312290399,-0.1774318316959087,-1.1052753564220335,-0.2959865071137174,-0.30407166435928107,-1.0787819500410325,-0.6488089682974887,0.00013363193616378055,0.010126333799695138,7.460193721450814,-2.0298153430724355,-0.9914686469298948,0.128397362829,-0.07199900064899999,-1.023174949022901,3.3879538387354624,1.4673110261294027,1.1104369669958756
S2B_MSIL2A_20240624T065629_R063_T39QXG_20240624T103302_0000.jpg,S2B_MSIL2A_20240624T065629_R063_T39QXG_20240624T103302,2024-06-24 06:56:29.024000+00:00,2024-06,0.0423803329467773,0.9245147109031676,-0.1231882870197296,0.0898,0.53855,0.47588,1.2246467991473532e-16,-1.0,2.2351741790771484e-08,1.1920928955078125e-07,1,0.891881912946701,0.2301483228802681,0.5347231179475784,0.6193035229799969,2024-06-24 06:56:29.024,T39QXG,T39QXG,-1.0467236633326955,-0.268773969773528,-0.3225025470864247,5.997216035634743,0.256285174,5.299331848552338,0.046147555112838703,-0.0037672221660614014,-0.7071067811865485,0.9283795356750488,-0.0038648247718812145,-0.7071067811865476,-0.12424852699041364,0.0010602399706840376,0.7071067811865406,0.0898,0.0,,0.53855,0.0,,0.47588,0.0,,1.2246467991473532e-16,0.0,,-1.0,0.0,,1.862645149230957e-08,3.725290298461914e-09,0.7071067811865475,8.940696716308595e-08,2.98023223876953e-08,0.7071067811865475,-1.0467236633326955,0.0,,-0.268773969773528,0.0,,-0.3225025470864247,0.0,,5.997216035634743,0.0,,0.256285174,0.0,,5.299331848552338,0.0,
S2A_MSIL2A_20240619T065631_R063_T39QXG_20240619T131334_0000.jpg,S2A_MSIL2A_20240619T065631_R063_T39QXG_20240619T131334,2024-06-19 06:56:31.024000+00:00,2024-06,0.0499147772789001,0.93224436044693,-0.1253087669610977,0.0898,0.53855,0.47588,1.2246467991473532e-16,-1.0,1.4901161193847656e-08,5.960464477539065e-08,1,0.891881912946701,0.2301483228802681,0.5347231179475784,0.5713268797096769,2024-06-19 06:56:31.024,T39QXG,T39QXG,-1.0467236633326955,-0.268773969773528,-0.3225025470864247,5.997216035634743,0.256285174,5.299331848552338,0.046147555112838703,0.0037672221660613944,0.7071067811865471,0.9283795356750488,0.0038648247718812145,0.7071067811865476,-0.12424852699041364,-0.0010602399706840515,-0.7071067811865499,0.0898,0.0,,0.53855,0.0,,0.47588,0.0,,1.2246467991473532e-16,0.0,,-1.0,0.0,,1.862645149230957e-08,-3.725290298461914e-09,-0.7071067811865475,8.940696716308595e-08,-2.98023223876953e-08,-0.7071067811865475,-1.0467236633326955,0.0,,-0.268773969773528,0.0,,-0.3225025470864247,0.0,,5.997216035634743,0.0,,0.256285174,0.0,,5.299331848552338,0.0,
S2B_MSIL2A_20180328T065919_R063_T39QXG_20201013T154107_0000.jpg,S2B_MSIL2A_20180328T065919_R063_T39QXG_20201013T154107,2018-03-28 06:59:19.027000+00:00,2018-03,0.0399803519248962,0.8632269501686096,-0.1922474801540374,0.0496,0.254955,0.34175,1.0,6.123233995736766e-17,2.9802322387695312e-08,1.1920928955078125e-07,0,0.8779841065406799,0.332739382982254,0.5718271136283875,0.3516408579867923,2018-03-28 06:59:19.027,T39QXG,T39QXG,-1.3045183235098026,-0.5935364665319002,-0.4662914767601401,5.140221774193548,0.08713087124999999,6.890120967741936,0.04215629522999123,-0.002175943305095032,-0.6072716487521127,0.8809272944927216,-0.01770034432411194,-0.9080551465410521,-0.1828574612736701,-0.009390018880367279,-0.7461824023797691,0.4243333333333334,-0.3747333333333334,-0.4202895598812056,1.9794231666666668,-1.7244681666666668,-0.44020616205846225,0.3922966666666667,-0.050546666666666684,-0.3664732434472795,1.0,0.0,,6.123233995736766e-17,0.0,,1.9868214925130207e-08,9.934107462565105e-09,0.8164965809277261,1.1920928955078125e-07,0.0,0.0,-0.9627117501392038,-0.3418065733705987,-0.5276529681559317,-0.20222069092544537,-0.3913157756064548,-0.6464726868156236,-0.4237018619955087,-0.04258961476463141,-0.3385699182092475,5.861591798230907,-0.7213700240373591,-0.5997868584224689,1.2221083703816666,-1.1349774991316666,-0.4239193423700933,4.819091842365327,2.071029125376609,0.8585743405981529
S2A_MSIL2A_20180323T065621_R063_T39QXG_20201013T125706_0000.jpg,S2A_MSIL2A_20180323T065621_R063_T39QXG_20201013T125706,2018-03-23 06:56:21.026000+00:00,2018-03,0.0416262373328208,0.8668715953826904,-0.1946368366479873,0.0496,0.254955,0.34175,1.0,6.123233995736766e-17,0.0,1.788139343261719e-07,0,0.8779841065406799,0.332739382982254,0.5718271136283875,0.3255376240115563,2018-03-23 06:56:21.026,T39QXG,T39QXG,-1.3045183235098026,-0.5935364665319002,-0.4662914767601401,5.140221774193548,0.08713087124999999,6.890120967741936,0.04215629522999123,-0.0005300578971704287,-0.14793084562224193,0.8809272944927216,-0.014055699110031128,-0.7210791881437942,-0.1828574612736701,-0.011779375374317197,-0.9360537744730609,0.4243333333333334,-0.3747333333333334,-0.4202895598812056,1.9794231666666668,-1.7244681666666668,-0.44020616205846225,0.3922966666666667,-0.050546666666666684,-0.3664732434472795,1.0,0.0,,6.123233995736766e-17,0.0,,1.9868214925130207e-08,-1.9868214925130207e-08,-1.632993161855452,1.1920928955078125e-07,5.960464477539065e-08,0.9128709291752771,-0.9627117501392038,-0.3418065733705987,-0.5276529681559317,-0.20222069092544537,-0.3913157756064548,-0.6464726868156236,-0.4237018619955087,-0.04258961476463141,-0.3385699182092475,5.861591798230907,-0.7213700240373591,-0.5997868584224689,1.2221083703816666,-1.1349774991316666,-0.4239193423700933,4.819091842365327,2.071029125376609,0.8585743405981529
S2B_MSIL2A_20180318T065619_R063_T39QXG_20201013T105007_0000.jpg,S2B_MSIL2A_20180318T065619_R063_T39QXG_20201013T105007,2018-03-18 06:56:19.027000+00:00,2018-03,0.0473573803901672,0.9049136638641356,-0.169926717877388,0.058,0.338219,0.29551,1.0,6.123233995736766e-17,1.4901161193847656e-08,1.1920928955078125e-07,0,0.8779841065406799,0.332739382982254,0.5718271136283875,0.2929533797763272,2018-03-18 06:56:19.027,T39QXG,T39QXG,-1.2365720064370627,-0.4708019988572053,-0.5294278180946175,5.831362068965517,0.09994709669,5.095,0.04215629522999123,0.005201085160175971,1.451541293895185,0.8809272944927216,0.023986369371414074,1.2305379915619243,-0.1828574612736701,0.012930743396282113,1.0275477924935466,0.4243333333333334,-0.3663333333333334,-0.4108683742300702,1.9794231666666668,-1.6412041666666668,-0.4189513041340708,0.3922966666666667,-0.09678666666666669,-0.7017223092017414,1.0,0.0,,6.123233995736766e-17,0.0,,1.9868214925130207e-08,-4.967053731282551e-09,-0.4082482904638629,1.1920928955078125e-07,0.0,0.0,-0.9627117501392038,-0.2738602562978588,-0.42276301380206033,-0.20222069092544537,-0.26858130793175994,-0.4437093789485219,-0.4237018619955087,-0.10572595609910879,-0.840477860785824,5.861591798230907,-0.030229729265389693,-0.0251346656263483,1.2221083703816666,-1.1221612736916666,-0.41913242292512787,4.819091842365327,0.2759081576346727,0.11438161907248078
S2A_MSIL2A_20180313T065651_R063_T39QXG_20201013T082101_0000.jpg,S2A_MSIL2A_20180313T065651_R063_T39QXG_20201013T082101,2018-03-13 06:56:51.026000+00:00,2018-03,0.0440786853432655,0.9042968153953552,-0.1643057167530059,0.0723,0.52831,0.35212,1.0,6.123233995736766e-17,2.9802322387695312e-08,1.788139343261719e-07,0,0.8779841065406799,0.332739382982254,0.5718271136283875,0.3838645775366257,2018-03-13 06:56:51.026,T39QXG,T39QXG,-1.140861702705469,-0.27711116878738107,-0.45330930681575937,7.307192254495158,0.18602851719999997,4.870262793914246,0.04215629522999123,0.001922390113274268,0.536508929667099,0.8809272944927216,0.023369520902633667,1.1988927073541484,-0.1828574612736701,0.018551744520664215,1.4742233717663717,0.4243333333333334,-0.3520333333333334,-0.39482992722873267,1.9794231666666668,-1.451113166666667,-0.3704266452454095,0.3922966666666667,-0.040176666666666694,-0.2912887103185216,1.0,0.0,,6.123233995736766e-17,0.0,,1.9868214925130207e-08,9.934107462565105e-09,0.8164965809277261,1.1920928955078125e-07,5.960464477539065e-08,0.9128709291752771,-0.9627117501392038,-0.1781499525662652,-0.27501329281490644,-0.20222069092544537,-0.0748904778619357,-0.12372271055333592,-0.4237018619955087,-0.029607444820250683,-0.23536700734615898,5.861591798230907,1.445600456264251,1.2019520181114693,1.2221083703816666,-1.0360798531816666,-0.38698061445244786,4.819091842365327,0.05117095154891871,0.021213639849658638
S2B_MSIL2A_20180308T065719_R063_T39QXG_20201013T080744_0000.jpg,S2B_MSIL2A_20180308T065719_R063_T39QXG_20201013T080744,2018-03-08 06:57:19.027000+00:00,2018-03,0.0368918180465698,0.8645897507667542,-0.1876153349876403,0.0723,0.52831,0.35212,1.0,6.123233995736766e-17,1.4901161193847656e-08,0.0,0,0.8779841065406799,0.332739382982254,0.5718271136283875,0.4802555956423855,2018-03-08 06:57:19.027,T39QXG,T39QXG,-1.140861702705469,-0.27711116878738107,-0.45330930681575937,7.307192254495158,0.18602851719999997,4.870262793914246,0.04215629522999123,-0.005264477183421427,-1.4692330133365237,0.8809272944927216,-0.016337543725967407,-0.8381413598827548,-0.1828574612736701,-0.004757873713970184,-0.37808674118139396,0.4243333333333334,-0.3520333333333334,-0.39482992722873267,1.9794231666666668,-1.451113166666667,-0.3704266452454095,0.3922966666666667,-0.040176666666666694,-0.2912887103185216,1.0,0.0,,6.123233995736766e-17,0.0,,1.9868214925130207e-08,-4.967053731282551e-09,-0.4082482904638629,1.1920928955078125e-07,-1.1920928955078125e-07,-1.8257418583505536,-0.9627117501392038,-0.1781499525662652,-0.27501329281490644,-0.20222069092544537,-0.0748904778619357,-0.12372271055333592,-0.4237018619955087,-0.029607444820250683,-0.23536700734615898,5.861591798230907,1.445600456264251,1.2019520181114693,1.2221083703816666,-1.0360798531816666,-0.38698061445244786,4.819091842365327,0.05117095154891871,0.021213639849658638
S2A_MSIL2A_20180303T065801_R063_T39QXG_20201013T055226_0000.jpg,S2A_MSIL2A_20180303T065801_R063_T39QXG_20201013T055226,2018-03-03 06:58:01.026000+00:00,2018-03,0.0430032983422279,0.8816649913787842,-0.1884126812219619,2.2442,9.97179,0.67053,1.0,6.123233995736766e-17,2.9802322387695312e-08,1.1920928955078125e-07,1,0.8779841065406799,0.332739382982254,0.5718271136283875,1.0,2018-03-03 06:58:01.026,T39QXG,T39QXG,0.35106155803238287,0.9987731239430955,-0.17358178672663588,4.443360663042509,6.6863843487,0.2987835308796007,0.04215629522999123,0.0008470031122366703,0.23638528414860027,0.8809272944927216,0.0007376968860626221,0.03784499565152277,-0.1828574612736701,-0.0055552199482917786,-0.4414482462257031,0.4243333333333334,1.8198666666666667,2.0411073484499465,1.9794231666666668,7.9923668333333335,2.040216918741814,0.3922966666666667,0.2782333333333333,2.0172462167333425,1.0,0.0,,6.123233995736766e-17,0.0,,1.9868214925130207e-08,9.934107462565105e-09,0.8164965809277261,1.1920928955078125e-07,0.0,0.0,-0.9627117501392038,1.3137733081715868,2.0280955357437365,-0.20222069092544537,1.2009938148685408,1.984100173686441,-0.4237018619955087,0.2501200752688728,1.9883517118966354,5.861591798230907,-1.4182311351883978,-1.1791956537516555,1.2221083703816666,5.464275978318334,2.0409323365702106,4.819091842365327,-4.520308311485726,-1.873957579968103
S2B_MSIL2A_20180226T065829_R063_T39QXG_20201104T154320_0000.jpg,S2B_MSIL2A_20180226T065829_R063_T39QXG_20201104T154320,2018-02-26 06:58:29.027000+00:00,2018-02,0.0426360964775085,0.9148548245429992,-0.1567837297916412,2.2442,9.97179,0.67053,0.8660254037844386,0.5000000000000001,1.4901161193847656e-08,1.1920928955078125e-07,1,0.9502692818641664,0.3051090687513351,0.4909876734018326,1.0,2018-02-26 06:58:29.027,T39QXG,T39QXG,0.35106155803238287,0.9987731239430955,-0.17358178672663588,4.443360663042509,6.6863843487,0.2987835308796007,0.03144525587558744,0.011190840601921062,0.44359478135720515,0.9111891627311707,0.00366566181182848,0.10647991983657859,-0.13816956020891663,-0.018614169582724577,-0.2561617451094025,0.5729332800000001,1.6712667200000002,1.778485108429089,3.3063491999999997,6.665440800000001,1.6701871743818426,0.46798339999999994,0.20254660000000002,1.324911409484038,0.8660254037844386,0.0,,0.5000000000000001,0.0,,9.313225746154785e-09,5.587935447692871e-09,0.42857142857142855,9.5367431640625e-08,2.3841857910156245e-08,0.44721359549995787,-0.6366541480353559,0.9877157060677388,1.6428544902471698,0.2593776456840359,0.7393954782590596,1.3978269304743707,-0.3477185085127682,0.17413672178613232,1.2600382047253886,8.341257942513165,-3.897897279470656,-1.2783833570186298,1.893369158488,4.7930151902119995,1.7482969033982254,2.8652275243718104,-2.56644399349221,-1.286485628903551
S2A_MSIL2A_20180221T065911_R063_T39QXG_20201013T234500_0000.jpg,S2A_MSIL2A_20180221T065911_R063_T39QXG_20201013T234500,2018-02-21 06:59:11.026000+00:00,2018-02,0.0458819642663002,0.8881921172142029,-0.1815240383148193,0.3286,4.08212,0.400995,0.8660254037844386,0.5000000000000001,0.0,0.0,1,0.9502692818641664,0.3051090687513351,0.4909876734018326,0.996272800475545,2018-02-21 06:59:11.026,T39QXG,T39QXG,-0.48333244090095706,0.6108857673011239,-0.3968610425567441,12.422763237979305,1.6369097093999998,1.2203134510042604,0.03144525587558744,0.01443670839071276,0.5722580394002407,0.9111891627311707,-0.022997045516967796,-0.6680167699113041,-0.13816956020891663,-0.04335447810590268,-0.5966292893464576,0.5729332800000001,-0.2443332800000001,-0.26000822895201015,3.3063491999999997,0.7757708000000001,0.19438811014868537,0.46798339999999994,-0.06698839999999995,-0.4381890165674489,0.8660254037844386,0.0,,0.5000000000000001,0.0,,9.313225746154785e-09,-9.313225746154785e-09,-0.7142857142857143,9.5367431640625e-08,-9.5367431640625e-08,-1.788854381999832,-0.6366541480353559,0.15332170713439885,0.2550179707285469,0.2593776456840359,0.351508121617088,0.6645259987709501,-0.3477185085127682,-0.049142534043975894,-0.3555911110378954,8.341257942513165,4.08150529546614,1.3386008063342036,1.893369158488,-0.2564594490880001,-0.09354597114638682,2.8652275243718104,-1.64491407336755,-0.8245488004158846
S2B_MSIL2A_20180216T065929_R063_T39QXG_20201013T220228_0000.jpg,S2B_MSIL2A_20180216T065929_R063_T39QXG_20201013T220228,2018-02-16 06:59:29.027000+00:00,2018-02,0.0430164113640785,0.8886220455169678,-0.1766906082630157,0.0864667,0.634498,0.339285,0.8660254037844386,0.5000000000000001,2.9802322387695312e-08,1.1920928955078125e-07,0,0.9502692818641664,0.3051090687513351,0.4909876734018326,0.4980086983022875,2018-02-16 06:59:29.027,T39QXG,T39QXG,-1.0631511155489342,-0.19756974250597104,-0.4694353403585063,7.338061935982292,0.21527565393,3.923880522790855,0.03144525587558744,0.01157115548849106,0.458670118854725,0.9111891627311707,-0.022567117214202903,-0.6555282389000249,-0.13816956020891663,-0.03852104805409906,-0.5301133015430943,0.5729332800000001,-0.4864665800000001,-0.5176753404617714,3.3063491999999997,-2.6718512,-0.6694968479949196,0.46798339999999994,-0.12869839999999994,-0.8418506089084705,0.8660254037844386,0.0,,0.5000000000000001,0.0,,9.313225746154785e-09,2.0489096641540527e-08,1.5714285714285714,9.5367431640625e-08,2.3841857910156245e-08,0.44721359549995787,-0.6366541480353559,-0.42649696751357824,-0.7093867737974698,0.2593776456840359,-0.4569473881900069,-0.8638589006871463,-0.3477185085127682,-0.12171683184573812,-0.880732430877653,8.341257942513165,-1.0031960065308727,-0.3290156170433467,1.893369158488,-1.6780935045579999,-0.6121002252658544,2.8652275243718104,1.0586529984190447,0.5306727409268471
S2A_MSIL2A_20180211T070021_R063_T39QXG_20201026T022414_0000.jpg,S2A_MSIL2A_20180211T070021_R063_T39QXG_20201026T022414,2018-02-11 07:00:21.026000+00:00,2018-02,0.0391737818717956,0.8946468234062195,-0.1665445268154144,0.0864667,0.634498,0.339285,0.8660254037844386,0.5000000000000001,0.0,1.1920928955078125e-07,0,0.9502692818641664,0.3051090687513351,0.4909876734018326,0.494953866702875,2018-02-11 07:00:21.026,T39QXG,T39QXG,-1.0631511155489342,-0.19756974250597104,-0.4694353403585063,7.338061935982292,0.21527565393,3.923880522790855,0.03144525587558744,0.007728525996208158,0.3063517676154652,0.9111891627311707,-0.016542339324951194,-0.48052085971118597,-0.13816956020891663,-0.02837496660649777,-0.3904864480275987,0.5729332800000001,-0.4864665800000001,-0.5176753404617714,3.3063491999999997,-2.6718512,-0.6694968479949196,0.46798339999999994,-0.12869839999999994,-0.8418506089084705,0.8660254037844386,0.0,,0.5000000000000001,0.0,,9.313225746154785e-09,-9.313225746154785e-09,-0.7142857142857143,9.5367431640625e-08,2.3841857910156245e-08,0.44721359549995787,-0.6366541480353559,-0.42649696751357824,-0.7093867737974698,0.2593776456840359,-0.4569473881900069,-0.8638589006871463,-0.3477185085127682,-0.12171683184573812,-0.880732430877653,8.341257942513165,-1.0031960065308727,-0.3290156170433467,1.893369158488,-1.6780935045579999,-0.6121002252658544,2.8652275243718104,1.0586529984190447,0.5306727409268471
S2A_MSIL2A_20180201T070111_R063_T39QXG_20201013T174623_0000.jpg,S2A_MSIL2A_20180201T070111_R063_T39QXG_20201013T174623,2018-02-01 07:01:11.026000+00:00,2018-02,-0.0134819746017456,0.969630002975464,-0.0093048978596925,0.118933,1.20884,0.589822,0.8660254037844386,0.5000000000000001,1.862645149230957e-09,1.1920928955078125e-07,1,0.9502692818641664,0.3051090687513351,0.4909876734018326,0.7633726757378816,2018-02-01 07:01:11.026,T39QXG,T39QXG,-0.9246976262103374,0.0823688221879019,-0.2292790325634484,10.164041939579427,0.71300042648,4.9592795943934815,0.03144525587558744,-0.04492723047733304,-1.7808747072276359,0.9111891627311707,0.0584408402442933,1.697585948685933,-0.13816956020891663,0.12886466234922414,1.773390784026554,0.5729332800000001,-0.4540002800000001,-0.48312619855353595,3.3063491999999997,-2.0975091999999997,-0.5255815885406886,0.46798339999999994,0.12183860000000002,0.7969788249003533,0.8660254037844386,0.0,,0.5000000000000001,0.0,,9.313225746154785e-09,-7.450580596923828e-09,-0.5714285714285714,9.5367431640625e-08,2.3841857910156245e-08,0.44721359549995787,-0.6366541480353559,-0.28804347817498144,-0.4790989133807773,0.2593776456840359,-0.17700882349613398,-0.3346351278710284,-0.3477185085127682,0.1184394759493198,0.8570177680678127,8.341257942513165,1.8227839970662618,0.5978137847711198,1.893369158488,-1.180368732008,-0.4305504817201299,2.8652275243718104,2.094052070021671,1.0496889474657414
S2B_MSIL2A_20180127T070139_R063_T39QXG_20201014T091640_0000.jpg,S2B_MSIL2A_20180127T070139_R063_T39QXG_20201014T091640,2018-01-27 07:01:39.027000+00:00,2018-01,0.0450426340103149,0.8766319751739502,-0.1964807361364364,0.118933,1.20884,0.589822,0.4999999999999999,0.8660254037844387,2.9802322387695312e-08,1.788139343261719e-07,1,0.9345849454402924,0.2232311218976974,0.487862691283226,0.6735058309664816,2018-01-27 07:01:39.027,T39QXG,T39QXG,-0.9246976262103374,0.0823688221879019,-0.2292790325634484,10.164041939579427,0.71300042648,4.9592795943934815,0.04031967930495735,0.004722954705357552,1.0887651162762697,0.8725700825452805,0.004061892628669739,0.3774944377710344,-0.19041269645094872,-0.006068039685487692,-1.0811884419736923,0.109425,0.009508000000000003,0.8904309679545566,1.0930387499999998,0.11580125000000008,0.9296661680694401,0.38366775,0.20615424999999998,1.4822038446959762,0.4999999999999999,0.0,,0.8660254037844387,0.0,,2.2351741790771484e-08,7.450580596923828e-09,0.5,1.1920928955078125e-07,5.960464477539065e-08,0.7071067811865477,-0.9624399718979921,0.03774234568765478,0.8883886982737348,0.036510940334337084,0.04585788185356481,0.9238004316550139,-0.4344073929552609,0.20512836039181248,1.4651122221357744,9.976926663251389,0.18711527632803815,1.1168357331128274,0.425798556179,0.287201870301,1.4983878294763322,3.4880362338891695,1.471243360504312,1.3798962372725163
S2B_MSIL2A_20180117T070219_R063_T39QXG_20201014T062903_0000.jpg,S2B_MSIL2A_20180117T070219_R063_T39QXG_20201014T062903,2018-01-17 07:02:19.027000+00:00,2018-01,0.0350229442119598,0.857026994228363,-0.1938018947839737,0.1184,1.19261,0.28582,0.4999999999999999,0.8660254037844387,2.9802322387695312e-08,0.0,0,0.9345849454402924,0.2232311218976974,0.487862691283226,0.7485129048987782,2018-01-17 07:02:19.027,T39QXG,T39QXG,-0.926648297613099,0.07649844657152759,-0.5439073851120979,10.072719594594593,0.3408717902,2.4140202702702704,0.04031967930495735,-0.005296735092997551,-1.2210365669758192,0.8725700825452805,-0.01554308831691742,-1.4445062737519592,-0.19041269645094872,-0.0033891983330249786,-0.6038790540521334,0.109425,0.00897500000000001,0.8405151385561793,1.0930387499999998,0.09957125000000011,0.7993698033258214,0.38366775,-0.09784774999999996,-0.7035038629805141,0.4999999999999999,0.0,,0.8660254037844387,0.0,,2.2351741790771484e-08,7.450580596923828e-09,0.5,1.1920928955078125e-07,-1.1920928955078125e-07,-1.4142135623730947,-0.9624399718979921,0.03579167428489316,0.842473310751172,0.036510940334337084,0.0399875062371905,0.8055425595251853,-0.4344073929552609,-0.10949999215683703,-0.7820945700844045,9.976926663251389,0.09579293134320466,0.5717596703123038,0.425798556179,-0.08492676597899995,-0.4430794005845131,3.4880362338891695,-1.074015963618899,-1.0073320476772278
S2A_MSIL2A_20180112T070231_R063_T39QXG_20201014T050638_0000.jpg,S2A_MSIL2A_20180112T070231_R063_T39QXG_20201014T050638,2018-01-12 07:02:31.026000+00:00,2018-01,0.042327880859375,0.8817272782325745,-0.18482705950737,0.0998,0.981467,0.336446,0.4999999999999999,0.8660254037844387,2.9802322387695312e-08,1.1920928955078125e-07,0,0.9345849454402924,0.2232311218976974,0.487862691283226,0.585922912822163,2018-01-12 07:02:31.026,T39QXG,T39QXG,-1.000869458712629,-0.008124298161620204,-0.4730846306493706,9.83433867735471,0.33021064628200003,3.3712024048096194,0.04031967930495735,0.002008201554417652,0.4629432072303124,0.8725700825452805,0.009157195687294006,0.8510294962342427,-0.19041269645094872,0.00558563694357872,0.9952351035049642,0.109425,-0.009624999999999995,-0.9013881012371266,1.0930387499999998,-0.11157174999999986,-0.8957112404857577,0.38366775,-0.04722174999999995,-0.33951402604250047,0.4999999999999999,0.0,,0.8660254037844387,0.0,,2.2351741790771484e-08,7.450580596923828e-09,0.5,1.1920928955078125e-07,0.0,0.0,-0.9624399718979921,-0.03842948681463687,-0.9045627966295146,0.036510940334337084,-0.04463523849595729,-0.8991704571366822,-0.4344073929552609,-0.038677237694109745,-0.2762489475168274,9.976926663251389,-0.14258798589667876,-0.8510655083170053,0.425798556179,-0.09558790989699995,-0.4987006549944681,3.4880362338891695,-0.11683382907955009,-0.10957980539517885
S2B_MSIL2A_20180107T070249_R063_T39QXG_20201014T040002_0000.jpg,S2B_MSIL2A_20180107T070249_R063_T39QXG_20201014T040002,2018-01-07 07:02:49.027000+00:00,2018-01,0.0388852581381797,0.8748940825462341,-0.1865410953760147,0.100567,0.989238,0.322583,0.4999999999999999,0.8660254037844387,0.0,1.788139343261719e-07,0,0.9345849454402924,0.2232311218976974,0.487862691283226,0.6081508796604428,2018-01-07 07:02:49.027,T39QXG,T39QXG,-0.9975445050559032,-0.00469920926046093,-0.4913585234961265,9.836606441476826,0.319111361754,3.2076426660833075,0.04031967930495735,-0.0014344211667776455,-0.33067175653076125,0.8725700825452805,0.0023240000009536743,0.215982339746682,-0.19041269645094872,0.0038716010749340057,0.6898323925208714,0.109425,-0.008857999999999991,-0.8295580052736067,1.0930387499999998,-0.10380074999999989,-0.8333247309095002,0.38366775,-0.061084749999999965,-0.43918595567296087,0.4999999999999999,0.0,,0.8660254037844387,0.0,,2.2351741790771484e-08,-2.2351741790771484e-08,-1.5,1.1920928955078125e-07,5.960464477539065e-08,0.7071067811865477,-0.9624399718979921,-0.035104533157911066,-0.8262992123953923,0.036510940334337084,-0.04121014959479802,-0.8301725340435168,-0.4344073929552609,-0.056951130540865647,-0.40676870453454206,9.976926663251389,-0.14032022177456227,-0.8375298951081152,0.425798556179,-0.10668719442499996,-0.5566077738973504,3.4880362338891695,-0.280393567805862,-0.2629843842001088
S2B_MSIL2A_20171228T070259_R063_T39QXG_20201014T170056_0000.jpg,S2B_MSIL2A_20171228T070259_R063_T39QXG_20201014T170056,2017-12-28 07:02:59.027000+00:00,2017-12,0.0401114821434021,0.8662822246551514,-0.1971517205238342,0.1016,1.01705,0.433635,-2.4492935982947064e-16,1.0,1.4901161193847656e-08,1.788139343261719e-07,1,0.9277651906013488,0.1962181031703949,0.4752570688724518,0.6372235914849196,2017-12-28 07:02:59.027,T39QXG,T39QXG,-0.9931062920520995,0.007342304142330685,-0.3628756718261764,10.010334645669293,0.44102847675,4.268061023622048,0.0401114821434021,0.0,,0.8662822246551514,0.0,,-0.1971517205238342,0.0,,0.1016,0.0,,1.01705,0.0,,0.433635,0.0,,-2.4492935982947064e-16,0.0,,1.0,0.0,,1.4901161193847656e-08,0.0,,1.788139343261719e-07,0.0,,-0.9931062920520995,0.0,,0.007342304142330685,0.0,,-0.3628756718261764,0.0,,10.010334645669293,0.0,,0.44102847675,0.0,,4.268061023622048,0.0,
S2A_MSIL2A_20190318T065621_R063_T39QXG_20201007T074707_0000.jpg,S2A_MSIL2A_20190318T065621_R063_T39QXG_20201007T074707,2019-03-18 06:56:21.024000+00:00,2019-03,0.0353377163410186,0.8638516068458557,-0.1868648678064346,0.0512,0.298279,0.466275,1.0,6.123233995736766e-17,2.9802322387695312e-08,1.788139343261719e-07,1,0.8980495929718018,0.3591414093971252,0.6425658464431763,0.065673135755687,2019-03-18 06:56:21.024,T39QXG,T39QXG,-1.2907300390241692,-0.52537732157981,-0.33135786924014415,5.82576171875,0.139080040725,9.10693359375,0.03739278912544246,-0.0020550727844238573,-1.0938471485793184,0.8793413162231445,-0.015489709377288774,-0.9968719540246528,-0.17211118340492246,-0.014753684401512146,-0.8376981261607729,0.06689334,-0.015693339999999993,-1.766044913086317,0.4876032,-0.1893242,-1.7700797764842606,0.44086879999999995,0.025406200000000045,1.404273222344615,1.0,0.0,,6.123233995736766e-17,0.0,,1.7881393432617187e-08,1.1920928955078126e-08,0.9561828874675149,7.152557373046877e-08,1.0728836059570313e-07,1.6431676725154982,-1.1781058576054855,-0.11262418141868369,-1.7724807385494985,-0.3225770652423061,-0.20280025633750387,-1.7783397669137937,-0.3559839178759266,0.024626048635782438,1.3790153109216123,7.207131282188023,-1.3813695634380228,-1.78238138351015,0.2136279592498,-0.0745479185248,-1.7887149718781907,6.734418013957392,2.3725155797926076,1.751702823345234
S2B_MSIL2A_20190313T065649_R063_T39QXG_20221118T122016_0000.jpg,S2B_MSIL2A_20190313T065649_R063_T39QXG_20221118T122016,2019-03-13 06:56:49.024000+00:00,2019-03,0.0402032732963562,0.8946370482444763,-0.146943062543869,0.07,0.526011,0.440988,1.0,6.123233995736766e-17,2.9802322387695312e-08,5.960464477539065e-08,0,0.8980495929718018,0.3591414093971252,0.6425658464431763,0.2234036301228327,2019-03-13 06:56:49.024,T39QXG,T39QXG,-1.154901959985743,-0.27900517373723144,-0.35557322822986975,7.514442857142856,0.231964538868,6.299828571428571,0.03739278912544246,0.0028104841709137435,1.4959275991498162,0.8793413162231445,0.015295732021331832,0.9843881442152282,-0.17211118340492246,0.025168120861053467,1.4290184817923488,0.06689334,0.003106660000000011,0.3496069727469589,0.4876032,0.03840779999999999,0.35909234022513853,0.44086879999999995,0.0001192000000000415,0.006588524380014961,1.0,0.0,,6.123233995736766e-17,0.0,,1.7881393432617187e-08,1.1920928955078126e-08,0.9561828874675149,7.152557373046877e-08,-1.1920928955078122e-08,-0.1825741858350553,-1.1781058576054855,0.023203897619742397,0.365183223284631,-0.3225770652423061,0.04357189150507468,0.3820785475447063,-0.3559839178759266,0.0004106896460568388,0.022997896184060874,7.207131282188023,0.3073115749548334,0.39652417762370556,0.2136279592498,0.01833657961820001,0.4399708958366096,6.734418013957392,-0.4345894425288215,-0.3208710450450716
S2B_MSIL2A_20190313T065649_R063_T39QXG_20201007T061904_0000.jpg,S2B_MSIL2A_20190313T065649_R063_T39QXG_20201007T061904,2019-03-13 06:56:49.024000+00:00,2019-03,0.0376262366771698,0.8710173964500427,-0.1840676665306091,0.07,0.526011,0.440988,1.0,6.123233995736766e-17,1.4901161193847656e-08,5.960464477539065e-08,0,0.8980495929718018,0.3591414093971252,0.6425658464431763,0.0925593156637184,2019-03-13 06:56:49.024,T39QXG,T39QXG,-1.154901959985743,-0.27900517373723144,-0.35557322822986975,7.514442857142856,0.231964538868,6.299828571428571,0.03739278912544246,0.0002334475517273421,0.12425639653019177,0.8793413162231445,-0.008323919773101762,-0.5357028958543837,-0.17211118340492246,-0.011956483125686646,-0.6788760852735907,0.06689334,0.003106660000000011,0.3496069727469589,0.4876032,0.03840779999999999,0.35909234022513853,0.44086879999999995,0.0001192000000000415,0.006588524380014961,1.0,0.0,,6.123233995736766e-17,0.0,,1.7881393432617187e-08,-2.9802322387695306e-09,-0.23904572186687867,7.152557373046877e-08,-1.1920928955078122e-08,-0.1825741858350553,-1.1781058576054855,0.023203897619742397,0.365183223284631,-0.3225770652423061,0.04357189150507468,0.3820785475447063,-0.3559839178759266,0.0004106896460568388,0.022997896184060874,7.207131282188023,0.3073115749548334,0.39652417762370556,0.2136279592498,0.01833657961820001,0.4399708958366096,6.734418013957392,-0.4345894425288215,-0.3208710450450716
S2A_MSIL2A_20190308T065721_R063_T39QXG_20201007T042258_0000.jpg,S2A_MSIL2A_20190308T065721_R063_T39QXG_20201007T042258,2019-03-08 06:57:21.024000+00:00,2019-03,0.0360459089279174,0.8697023987770081,-0.18241947889328,0.07,0.526011,0.440988,1.0,6.123233995736766e-17,1.4901161193847656e-08,5.960464477539065e-08,0,0.8980495929718018,0.3591414093971252,0.6425658464431763,0.0878255406432706,2019-03-08 06:57:21.024,T39QXG,T39QXG,-1.154901959985743,-0.27900517373723144,-0.35557322822986975,7.514442857142856,0.231964538868,6.299828571428571,0.03739278912544246,-0.0013468801975250605,-0.7168997004423731,0.8793413162231445,-0.00963891744613643,-0.6203322628700088,-0.17211118340492246,-0.010308295488357544,-0.5852937869284782,0.06689334,0.003106660000000011,0.3496069727469589,0.4876032,0.03840779999999999,0.35909234022513853,0.44086879999999995,0.0001192000000000415,0.006588524380014961,1.0,0.0,,6.123233995736766e-17,0.0,,1.7881393432617187e-08,-2.9802322387695306e-09,-0.23904572186687867,7.152557373046877e-08,-1.1920928955078122e-08,-0.1825741858350553,-1.1781058576054855,0.023203897619742397,0.365183223284631,-0.3225770652423061,0.04357189150507468,0.3820785475447063,-0.3559839178759266,0.0004106896460568388,0.022997896184060874,7.207131282188023,0.3073115749548334,0.39652417762370556,0.2136279592498,0.01833657961820001,0.4399708958366096,6.734418013957392,-0.4345894425288215,-0.3208710450450716
S2B_MSIL2A_20190303T065809_R063_T39QXG_20201030T112946_0000.jpg,S2B_MSIL2A_20190303T065809_R063_T39QXG_20201030T112946,2019-03-03 06:58:09.024000+00:00,2019-03,0.0377508103847503,0.8974981307983398,-0.1602608412504196,0.0732667,0.561704,0.415105,1.0,6.123233995736766e-17,0.0,0.0,1,0.8980495929718018,0.3591414093971252,0.6425658464431763,0.248443345110742,2019-03-03 06:58:09.024,T39QXG,T39QXG,-1.1350933690460292,-0.25049248342002617,-0.3818420354498795,7.666566120761546,0.23316613892,5.665670761751246,0.03739278912544246,0.0003580212593078391,0.19056285334168738,0.8793413162231445,0.018156814575195357,1.1685189685338313,-0.17211118340492246,0.011850342154502869,0.6728495165704929,0.06689334,0.0063733600000000085,0.7172239948454459,0.4876032,0.07410079999999997,0.6928027558088445,0.44086879999999995,-0.025763799999999948,-1.4240387954846476,1.0,0.0,,6.123233995736766e-17,0.0,,1.7881393432617187e-08,-1.7881393432617187e-08,-1.4342743312012722,7.152557373046877e-08,-7.152557373046877e-08,-1.0954451150103324,-1.1781058576054855,0.043012488559456274,0.676931068695602,-0.3225770652423061,0.07208458182227995,0.6321041242796755,-0.3559839178759266,-0.0258581175739529,-1.448008999473792,7.207131282188023,0.4594348385735234,0.5928088506390344,0.2136279592498,0.019538179670199995,0.4688022843683627,6.734418013957392,-1.0687472522061467,-0.789089688210022
S2A_MSIL2A_20190226T065841_R063_T39QXG_20201007T204648_0000.jpg,S2A_MSIL2A_20190226T065841_R063_T39QXG_20201007T204648,2019-02-26 06:58:41.024000+00:00,2019-02,0.0382557213306427,0.8793370723724365,-0.179624393582344,0.0732667,0.561704,0.415105,0.8660254037844386,0.5000000000000001,2.9802322387695312e-08,5.960464477539065e-08,1,0.9075041115283966,0.3117617815732955,0.5951173305511475,0.2352327214652141,2019-02-26 06:58:41.024,T39QXG,T39QXG,-1.1350933690460292,-0.25049248342002617,-0.3818420354498795,7.666566120761546,0.23316613892,5.665670761751246,0.036264257133007016,0.001991464197635684,0.5873501540175612,0.8884900212287903,-0.00915294885635376,-0.4019360875208322,-0.16852795779705043,-0.011096435785293568,-0.712676888068122,0.07050666,0.0027600400000000053,0.45873881935248567,0.49678760000000005,0.06491639999999993,0.5463083910491103,0.28419374,0.13091126000000003,0.9057098141117831,0.8660254037844386,0.0,,0.5000000000000001,0.0,,8.940696716308593e-09,2.0861625671386717e-08,1.5652475842498526,7.152557373046877e-08,-1.1920928955078122e-08,-0.44721359549995804,-1.153006960447926,0.017913591401896856,0.4914933345811601,-0.3140813129659864,0.06358882954596023,0.5980636198712512,-0.6078047961003109,0.22596276065043142,0.8131383177953818,6.975874012760284,0.6906921080012625,0.6172242262869637,0.1529095112171,0.08025662770289999,0.8286698629495284,3.946856233496491,1.7188145282547547,0.9170555478165746
S2B_MSIL2A_20190221T065919_R063_T39QXG_20201007T191341_0000.jpg,S2B_MSIL2A_20190221T065919_R063_T39QXG_20201007T191341,2019-02-21 06:59:19.024000+00:00,2019-02,0.032334417104721,0.8644731044769287,-0.1803121566772461,0.0649333,0.361142,0.157725,0.8660254037844386,0.5000000000000001,0.0,1.1920928955078125e-07,0,0.9075041115283966,0.3117617815732955,0.5951173305511475,0.134895236893238,2019-02-21 06:59:19.024,T39QXG,T39QXG,-1.1875325251209021,-0.4423220011673523,-0.8020994639219788,5.5617379680379715,0.056961121950000006,2.4290310210631527,0.036264257133007016,-0.003929840028286016,-1.1590427528742482,0.8884900212287903,-0.024016916751861572,-1.0546618040868552,-0.16852795779705043,-0.011784198880195662,-0.7568489872616792,0.07050666,-0.005573359999999999,-0.9263331640941307,0.49678760000000005,-0.13564560000000003,-1.1415347968909442,0.28419374,-0.12646873999999997,-0.8749742306074464,0.8660254037844386,0.0,,0.5000000000000001,0.0,,8.940696716308593e-09,-8.940696716308593e-09,-0.6708203932499368,7.152557373046877e-08,4.7683715820312476e-08,1.7888543819998315,-1.153006960447926,-0.03452556467297607,-0.9472743085801135,-0.3140813129659864,-0.12824068820136592,-1.2061252070232802,-0.6078047961003109,-0.19429466782166793,-0.6991790987787346,6.975874012760284,-1.4141360447223121,-1.2637165184847325,0.1529095112171,-0.0959483892671,-0.9906912470647302,3.946856233496491,-1.5178252124333382,-0.8098197966078388
S2B_MSIL2A_20190211T070019_R063_T39QXG_20201007T155653_0000.jpg,S2B_MSIL2A_20190211T070019_R063_T39QXG_20201007T155653,2019-02-11 07:00:19.024000+00:00,2019-02,0.0372524559497833,0.9027758240699768,-0.152270957827568,0.0695333,0.518341,0.385327,0.8660254037844386,0.5000000000000001,0.0,5.960464477539065e-08,0,0.9075041115283966,0.3117617815732955,0.5951173305511475,0.4603759661320354,2019-02-11 07:00:19.024,T39QXG,T39QXG,-1.1578071588240622,-0.2853844377560263,-0.41417055875190695,7.4545721258735025,0.199730782507,5.5416181886952,0.036264257133007016,0.0009881988167762812,0.2914532573182125,0.8884900212287903,0.014285802841186523,0.6273365874971053,-0.16852795779705043,0.016256999969482433,1.044117982724646,0.07050666,-0.0009733599999999926,-0.1617795456605452,0.49678760000000005,0.0215534,0.18138410749268147,0.28419374,0.10113326,0.6996906615604999,0.8660254037844386,0.0,,0.5000000000000001,0.0,,8.940696716308593e-09,-8.940696716308593e-09,-0.6708203932499368,7.152557373046877e-08,-1.1920928955078122e-08,-0.44721359549995804,-1.153006960447926,-0.0048001983761361,-0.13170254102638407,-0.3140813129659864,0.028696875209960115,0.2698989301990171,-0.6078047961003109,0.19363423734840396,0.6968025066247671,6.975874012760284,0.47869811311321886,0.42777971409917415,0.1529095112171,0.04682127128989999,0.483441400086664,3.946856233496491,1.5947619551987087,0.8508685925215899
S2A_MSIL2A_20190206T070051_R063_T39QXG_20201007T142408_0000.jpg,S2A_MSIL2A_20190206T070051_R063_T39QXG_20201007T142408,2019-02-06 07:00:51.024000+00:00,2019-02,0.033193439245224,0.8752240538597107,-0.1797331124544143,0.0794,0.648246,0.363,0.8660254037844386,0.5000000000000001,0.0,5.960464477539065e-08,1,0.9075041115283966,0.3117617815732955,0.5951173305511475,0.2075030505307479,2019-02-06 07:00:51.024,T39QXG,T39QXG,-1.1001794975729038,-0.18826015436314192,-0.4400933749638875,8.164307304785893,0.23531329799999998,4.571788413098237,0.036264257133007016,-0.0030708178877830172,-0.9056880668457761,0.8884900212287903,-0.01326596736907959,-0.5825522577683236,-0.16852795779705043,-0.01120515465736388,-0.7196594389448671,0.07050666,0.00889334,1.4781381036869854,0.49678760000000005,0.15145839999999994,1.2746084936144428,0.28419374,0.07880626000000002,0.5452212674100367,0.8660254037844386,0.0,,0.5000000000000001,0.0,,8.940696716308593e-09,-8.940696716308593e-09,-0.6708203932499368,7.152557373046877e-08,-1.1920928955078122e-08,-0.44721359549995804,-1.153006960447926,0.05282746287502227,1.4494215762428182,-0.3140813129659864,0.12582115860284449,1.183369124855869,-0.6078047961003109,0.1677114211364234,0.603517953424702,6.975874012760284,1.1884332920256098,1.062021428458012,0.1529095112171,0.08240378678289997,0.8508398203908143,3.946856233496491,0.6249321796017462,0.3334260403854019
S2B_MSIL2A_20190201T070119_R063_T39QXG_20201029T235440_0000.jpg,S2B_MSIL2A_20190201T070119_R063_T39QXG_20201029T235440,2019-02-01 07:01:19.024000+00:00,2019-02,0.0402852520346641,0.9206400513648988,-0.1506991684436798,0.0654,0.394505,0.0998117,0.8660254037844386,0.5000000000000001,1.4901161193847656e-08,5.960464477539065e-08,0,0.9075041115283966,0.3117617815732955,0.5951173305511475,0.6493138706020447,2019-02-01 07:01:19.024,T39QXG,T39QXG,-1.1844222516757328,-0.40394748812338543,-1.0008185474139015,6.032186544342507,0.0393762147085,1.5261727828746179,0.036264257133007016,0.004020994901657082,1.1859274083842546,0.8884900212287903,0.03215003013610851,1.4118135618789107,-0.16852795779705043,0.017828789353370622,1.1450673315500186,0.07050666,-0.005106659999999999,-0.8487642132847928,0.49678760000000005,-0.10228260000000006,-0.8607661952652923,0.28419374,-0.18438203999999997,-1.2756475124748725,0.8660254037844386,0.0,,0.5000000000000001,0.0,,8.940696716308593e-09,5.960464477539063e-09,0.4472135954999579,7.152557373046877e-08,-1.1920928955078122e-08,-0.44721359549995804,-1.153006960447926,-0.03141529122780673,-0.8619380612174745,-0.3140813129659864,-0.08986617515739903,-0.8452064679028585,-0.6078047961003109,-0.3930137513135906,-1.4142796790661156,6.975874012760284,-0.9436874684177763,-0.8433088503594149,0.1529095112171,-0.1135332965086,-1.1722598363622772,3.946856233496491,-2.420683450621873,-1.2915303841157286
S2A_MSIL2A_20190127T070141_R063_T39QXG_20201008T050026_0000.jpg,S2A_MSIL2A_20190127T070141_R063_T39QXG_20201008T050026,2019-01-27 07:01:41.024000+00:00,2019-01,0.0376590192317962,0.9243353009223938,-0.1282726675271988,0.0654,0.394505,0.0998117,0.4999999999999999,0.8660254037844387,0.0,1.1920928955078125e-07,0,0.9470690190792084,0.2216770276427268,0.5633534491062164,0.8257555647588728,2019-01-27 07:01:41.024,T39QXG,T39QXG,-1.1844222516757328,-0.40394748812338543,-1.0008185474139015,6.032186544342507,0.0393762147085,1.5261727828746179,0.033496390283107705,0.004162628948688497,0.36588347398217813,0.9129934668540954,0.011341834068298362,0.4291894621550814,-0.13555614873766894,0.00728348121047015,0.1564656563912267,0.0759,-0.010499999999999995,-1.654210089469969,0.581815,-0.18730999999999998,-1.7153621799898373,0.25297054,-0.15315884000000002,-1.3700521042516738,0.4999999999999999,0.0,,0.8660254037844387,0.0,,1.7881393432617187e-08,-1.7881393432617187e-08,-1.0954451150103324,9.5367431640625e-08,2.3841857910156245e-08,0.7302967433402217,-1.121044962638061,-0.06337728903767181,-1.6714636734990969,-0.24249656137789283,-0.1614509267454926,-1.7392326050575888,-0.6407687684032503,-0.36004977901065127,-1.5432756462017605,7.607260582662571,-1.5750740383200634,-1.762678984321156,0.1554907057341,-0.11611449102560001,-1.397928671815045,3.262504984090846,-1.736332201216228,-1.346485931357673
S2B_MSIL2A_20190122T070209_R063_T39QXG_20201008T034450_0000.jpg,S2B_MSIL2A_20190122T070209_R063_T39QXG_20201008T034450,2019-01-22 07:02:09.024000+00:00,2019-01,0.0355081856250762,0.8920534253120422,-0.1638188660144806,0.0806,0.656402,0.356923,0.4999999999999999,0.8660254037844387,2.9802322387695312e-08,1.1920928955078125e-07,1,0.9470690190792084,0.2216770276427268,0.5633534491062164,0.5454741261245416,2019-01-22 07:02:09.024,T39QXG,T39QXG,-1.0936649581949094,-0.1828301043592848,-0.4474254653499147,8.14394540942928,0.23428497104600002,4.428325062034739,0.033496390283107705,0.002011795341968492,0.17683119916141227,0.9129934668540954,-0.0209400415420532,-0.7923978708222497,-0.13555614873766894,-0.02826271727681165,-0.6071471158268489,0.0759,0.00470000000000001,0.7404559448103689,0.581815,0.07458700000000007,0.6830586670167217,0.25297054,0.10395245999999997,0.9298861663168636,0.4999999999999999,0.0,,0.8660254037844387,0.0,,1.7881393432617187e-08,1.1920928955078126e-08,0.7302967433402215,9.5367431640625e-08,2.3841857910156245e-08,0.7302967433402217,-1.121044962638061,0.027380004443151584,0.7220990910445689,-0.24249656137789283,0.05966645701860804,0.6427578309204562,-0.6407687684032503,0.19334330305333558,0.8287243274480453,7.607260582662571,0.5366848267667095,0.6006086332009531,0.1554907057341,0.07879426531190001,0.9486220167801616,3.262504984090846,1.1658200779438932,0.9040668210531408
S2A_MSIL2A_20190117T070221_R063_T39QXG_20201008T021414_0000.jpg,S2A_MSIL2A_20190117T070221_R063_T39QXG_20201008T021414,2019-01-17 07:02:21.024000+00:00,2019-01,0.0428130850195884,0.90726637840271,-0.1612901389598846,0.0806,0.656402,0.356923,0.4999999999999999,0.8660254037844387,2.9802322387695312e-08,1.1920928955078125e-07,1,0.9470690190792084,0.2216770276427268,0.5633534491062164,0.7007861095688523,2019-01-17 07:02:21.024,T39QXG,T39QXG,-1.0936649581949094,-0.1828301043592848,-0.4474254653499147,8.14394540942928,0.23428497104600002,4.428325062034739,0.033496390283107705,0.009316694736480696,0.8189114807576195,0.9129934668540954,-0.005727088451385476,-0.2167203291251721,-0.13555614873766894,-0.025733990222215647,-0.5528243370623689,0.0759,0.00470000000000001,0.7404559448103689,0.581815,0.07458700000000007,0.6830586670167217,0.25297054,0.10395245999999997,0.9298861663168636,0.4999999999999999,0.0,,0.8660254037844387,0.0,,1.7881393432617187e-08,1.1920928955078126e-08,0.7302967433402215,9.5367431640625e-08,2.3841857910156245e-08,0.7302967433402217,-1.121044962638061,0.027380004443151584,0.7220990910445689,-0.24249656137789283,0.05966645701860804,0.6427578309204562,-0.6407687684032503,0.19334330305333558,0.8287243274480453,7.607260582662571,0.5366848267667095,0.6006086332009531,0.1554907057341,0.07879426531190001,0.9486220167801616,3.262504984090846,1.1658200779438932,0.9040668210531408
S2B_MSIL2A_20190112T070239_R063_T39QXG_20201008T005855_0000.jpg,S2B_MSIL2A_20190112T070239_R063_T39QXG_20201008T005855,2019-01-12 07:02:39.024000+00:00,2019-01,0.0137180685997009,0.95287424325943,-0.0571427904069423,0.0782,0.620326,0.184245,0.4999999999999999,0.8660254037844387,0.0,5.960464477539065e-08,0,0.9470690190792084,0.2216770276427268,0.5633534491062164,0.945526307489686,2019-01-12 07:02:39.024,T39QXG,T39QXG,-1.106793246940152,-0.20738001567544936,-0.734604289096448,7.932557544757033,0.11429196387,2.356074168797954,0.033496390283107705,-0.019778321683406805,-1.7384593093126681,0.9129934668540954,0.039880776405334606,1.509139427773398,-0.13555614873766894,0.07841335833072664,1.684496359161424,0.0759,0.0023000000000000104,0.36235078150294736,0.581815,0.03851100000000007,0.352679050310121,0.25297054,-0.06872554000000003,-0.6147707222960986,0.4999999999999999,0.0,,0.8660254037844387,0.0,,1.7881393432617187e-08,-1.7881393432617187e-08,-1.0954451150103324,9.5367431640625e-08,-3.5762786865234354e-08,-1.0954451150103321,-1.121044962638061,0.014251715697908951,0.37586374292425434,-0.24249656137789283,0.035116545702443464,0.3782935316250189,-0.6407687684032503,-0.09383552069319778,-0.4022057012016371,7.607260582662571,0.32529696209446257,0.3640426448517896,0.1554907057341,-0.04119874186410001,-0.49600098993530956,3.262504984090846,-0.9064308152928922,-0.702916377226684
S2A_MSIL2A_20190107T070251_R063_T39QXG_20201007T232849_0000.jpg,S2A_MSIL2A_20190107T070251_R063_T39QXG_20201007T232849,2019-01-07 07:02:51.024000+00:00,2019-01,0.0377835929393768,0.8884379863739014,-0.1672562807798385,0.0747,0.58144,0.26695,0.4999999999999999,0.8660254037844387,2.9802322387695312e-08,5.960464477539065e-08,0,0.9470690190792084,0.2216770276427268,0.5633534491062164,0.501110081330132,2019-01-07 07:02:51.024,T39QXG,T39QXG,-1.1266793981846013,-0.23549509437205976,-0.5735700748060724,7.783668005354752,0.155215408,3.573627844712182,0.033496390283107705,0.0042872026562690985,0.37683315541145634,0.9129934668540954,-0.02455548048019407,-0.9292106899810494,-0.13555614873766894,-0.031700132042169565,-0.6809905626634343,0.0759,-0.0011999999999999927,-0.18905258165370967,0.581815,-0.0003750000000000142,-0.003434204353724913,0.25297054,0.013979459999999999,0.1250504939140444,0.4999999999999999,0.0,,0.8660254037844387,0.0,,1.7881393432617187e-08,1.1920928955078126e-08,0.7302967433402215,9.5367431640625e-08,-3.5762786865234354e-08,-1.0954451150103321,-1.121044962638061,-0.005634435546540306,-0.14859825151429537,-0.24249656137789283,0.0070014670058330675,0.0754234115916573,-0.6407687684032503,0.0671986935971779,0.2880326925073072,7.607260582662571,0.17640742269218102,0.1974190730674591,0.1554907057341,-0.0002752977341000107,-0.003314371809968761,3.262504984090846,0.3111228606213361,0.24126866647807688
S2B_MSIL2A_20200327T065619_R063_T39QXG_20201027T114721_0000.jpg,S2B_MSIL2A_20200327T065619_R063_T39QXG_20201027T114721,2020-03-27 06:56:19.024000+00:00,2020-03,0.0391868576407432,0.8925457000732422,-0.1718707829713821,0.0354,0.155697,0.374305,1.0,6.123233995736766e-17,2.9802322387695312e-08,0.0,0,0.94511616230011,0.2458180487155914,0.5722589492797852,0.1915847781393111,2020-03-27 06:56:19.024,T39QXG,T39QXG,-1.4509967379742121,-0.807719755421589,-0.4267743715019124,4.398220338983051,0.058278165585,10.573587570621468,0.03699233382940287,0.002194523811340332,0.4497074848150259,0.8913088738918304,0.0012368261814117432,0.06100244029857733,-0.16684396316607789,-0.005026819805304228,-0.47702873635045046,0.03618333333333333,-0.0007833333333333303,-0.1879969920721894,0.17430033333333336,-0.01860333333333336,-1.205291705131669,0.3062766666666667,0.0680283333333333,0.6639625100456727,1.0,0.0,,6.123233995736766e-17,0.0,,1.9868214925130207e-08,9.934107462565105e-09,0.6454972243679029,7.947285970052083e-08,-7.947285970052083e-08,-1.1009637651263604,-1.4438106126085781,-0.007186125365634011,-0.14737959661056824,-0.7601484468233463,-0.04757130859824277,-1.219114716436707,-0.5383275040029267,0.11155313250101434,0.6687932008680135,4.854664569443371,-0.45644423046032045,-0.7846706207457314,0.052870859373333336,0.005407306211666664,0.3184370466224263,8.37255709131694,2.201030479304528,0.8900966792412351
S2A_MSIL2A_20200322T065621_R063_T39QXG_20201014T192405_0000.jpg,S2A_MSIL2A_20200322T065621_R063_T39QXG_20201014T192405,2020-03-22 06:56:21.024000+00:00,2020-03,0.0395016074180603,0.9125661253929138,-0.1563979089260101,0.0354,0.155697,0.374305,1.0,6.123233995736766e-17,0.0,0.0,0,0.94511616230011,0.2458180487155914,0.5722589492797852,0.3640079642969108,2020-03-22 06:56:21.024,T39QXG,T39QXG,-1.4509967379742121,-0.807719755421589,-0.4267743715019124,4.398220338983051,0.058278165585,10.573587570621468,0.03699233382940287,0.0025092735886574347,0.5142068217426636,0.8913088738918304,0.021257251501083374,1.0484449917825531,-0.16684396316607789,0.010446054240067781,0.9912963358522892,0.03618333333333333,-0.0007833333333333303,-0.1879969920721894,0.17430033333333336,-0.01860333333333336,-1.205291705131669,0.3062766666666667,0.0680283333333333,0.6639625100456727,1.0,0.0,,6.123233995736766e-17,0.0,,1.9868214925130207e-08,-1.9868214925130207e-08,-1.2909944487358056,7.947285970052083e-08,-7.947285970052083e-08,-1.1009637651263604,-1.4438106126085781,-0.007186125365634011,-0.14737959661056824,-0.7601484468233463,-0.04757130859824277,-1.219114716436707,-0.5383275040029267,0.11155313250101434,0.6687932008680135,4.854664569443371,-0.45644423046032045,-0.7846706207457314,0.052870859373333336,0.005407306211666664,0.3184370466224263,8.37255709131694,2.201030479304528,0.8900966792412351
S2B_MSIL2A_20200317T065619_R063_T39QXG_20201010T111701_0000.jpg,S2B_MSIL2A_20200317T065619_R063_T39QXG_20201010T111701,2020-03-17 06:56:19.024000+00:00,2020-03,0.0427409633994102,0.9147137999534608,-0.1536047756671905,0.0389,0.179586,0.40414,1.0,6.123233995736766e-17,2.9802322387695312e-08,5.960464477539065e-08,1,0.94511616230011,0.2458180487155914,0.5722589492797852,0.3883808536059203,2020-03-17 06:56:19.024,T39QXG,T39QXG,-1.4100503986742923,-0.7457275226783736,-0.39346816287198544,4.616606683804627,0.07257788604,10.389203084832905,0.03699233382940287,0.005748629570007331,1.178024012180728,0.8913088738918304,0.02340492606163036,1.1543720744474746,-0.16684396316607789,0.01323918749888739,1.2563555344150066,0.03618333333333333,0.002716666666666666,0.6519895682503613,0.17430033333333336,0.005285666666666633,0.34245315478001653,0.3062766666666667,0.0978633333333333,0.9551547312360491,1.0,0.0,,6.123233995736766e-17,0.0,,1.9868214925130207e-08,9.934107462565105e-09,0.6454972243679029,7.947285970052083e-08,-1.9868214925130177e-08,-0.2752409412815897,-1.4438106126085781,0.033760213934285854,0.6923851808814853,-0.7601484468233463,0.014420924144972647,0.3695664754196609,-0.5383275040029267,0.1448593411309413,0.8684735269958714,4.854664569443371,-0.23805788563874408,-0.4092439260524474,0.052870859373333336,0.019707026666666662,1.1605496570368046,8.37255709131694,2.016645993515965,0.8155315970912322
S2A_MSIL2A_20200312T065651_R063_T39QXG_20201006T204613_0000.jpg,S2A_MSIL2A_20200312T065651_R063_T39QXG_20201006T204613,2020-03-12 06:56:51.024000+00:00,2020-03,0.0323409736156463,0.863634467124939,-0.1820578426122665,0.0322,0.180261,0.177615,1.0,6.123233995736766e-17,0.0,1.1920928955078125e-07,0,0.94511616230011,0.2458180487155914,0.5722589492797852,0.0616832874062271,2020-03-12 06:56:51.024,T39QXG,T39QXG,-1.4921441283041692,-0.744098224009154,-0.750520359829141,5.598167701863354,0.032017057515,5.515993788819876,0.03699233382940287,-0.004651360213756568,-0.9531687429810046,0.8913088738918304,-0.02767440676689148,-1.3649503640591456,-0.16684396316607789,-0.015213879446188627,-1.4437473329649666,0.03618333333333333,-0.003983333333333332,-0.955984704367094,0.17430033333333336,0.005960666666666642,0.3861857421817664,0.3062766666666667,-0.1286616666666667,-1.2557491703945864,1.0,0.0,,6.123233995736766e-17,0.0,,1.9868214925130207e-08,-1.9868214925130207e-08,-1.2909944487358056,7.947285970052083e-08,3.973642985026042e-08,0.5504818825631803,-1.4438106126085781,-0.04833351569559108,-0.991267711533767,-0.7601484468233463,0.016050222814192217,0.41132067650526427,-0.5383275040029267,-0.21219285582621428,-1.2721573663388461,4.854664569443371,0.743503132419983,1.27815190884114,0.052870859373333336,-0.020853801858333333,-1.2280834143051294,8.37255709131694,-2.8565633024970642,-1.155194139064543
S2B_MSIL2A_20200307T065729_R063_T39QXG_20201003T195728_0000.jpg,S2B_MSIL2A_20200307T065729_R063_T39QXG_20201003T195728,2020-03-07 06:57:29.024000+00:00,2020-03,0.0298229455947875,0.8743782639503479,-0.1665458977222442,0.0322,0.180261,0.177615,1.0,6.123233995736766e-17,2.9802322387695312e-08,1.1920928955078125e-07,0,0.94511616230011,0.2458180487155914,0.5722589492797852,0.0954453488792226,2020-03-07 06:57:29.024,T39QXG,T39QXG,-1.4921441283041692,-0.744098224009154,-0.750520359829141,5.598167701863354,0.032017057515,5.515993788819876,0.03699233382940287,-0.0071693882346153676,-1.469169545570864,0.8913088738918304,-0.016930609941482544,-0.8350474284065657,-0.16684396316607789,0.0002980654438336783,0.02828543443544233,0.03618333333333333,-0.003983333333333332,-0.955984704367094,0.17430033333333336,0.005960666666666642,0.3861857421817664,0.3062766666666667,-0.1286616666666667,-1.2557491703945864,1.0,0.0,,6.123233995736766e-17,0.0,,1.9868214925130207e-08,9.934107462565105e-09,0.6454972243679029,7.947285970052083e-08,3.973642985026042e-08,0.5504818825631803,-1.4438106126085781,-0.04833351569559108,-0.991267711533767,-0.7601484468233463,0.016050222814192217,0.41132067650526427,-0.5383275040029267,-0.21219285582621428,-1.2721573663388461,4.854664569443371,0.743503132419983,1.27815190884114,0.052870859373333336,-0.020853801858333333,-1.2280834143051294,8.37255709131694,-2.8565633024970642,-1.155194139064543
S2A_MSIL2A_20200302T065801_R063_T39QXG_20200926T020245_0000.jpg,S2A_MSIL2A_20200302T065801_R063_T39QXG_20200926T020245,2020-03-02 06:58:01.024000+00:00,2020-03,0.0383606553077697,0.8900148868560791,-0.1705865710973739,0.043,0.1943,0.32968,1.0,6.123233995736766e-17,2.9802322387695312e-08,1.788139343261719e-07,1,0.94511616230011,0.2458180487155914,0.5722589492797852,0.1782517579338642,2020-03-02 06:58:01.024,T39QXG,T39QXG,-1.3665315444204136,-0.7115271994002175,-0.4819073984834682,4.518604651162791,0.064056824,7.666976744186046,0.03699233382940287,0.001368321478366831,0.2803999698134496,0.8913088738918304,-0.0012939870357513428,-0.06382171406288834,-0.16684396316607789,-0.0037426079312960214,-0.3551612353873235,0.03618333333333333,0.006816666666666665,1.6359738246282072,0.17430033333333336,0.019999666666666638,1.2957587711197778,0.3062766666666667,0.023403333333333276,0.22841858946177618,1.0,0.0,,6.123233995736766e-17,0.0,,1.9868214925130207e-08,9.934107462565105e-09,0.6454972243679029,7.947285970052083e-08,9.934107462565107e-08,1.376204706407951,-1.4438106126085781,0.07727906818816455,1.58490943540719,-0.7601484468233463,0.04862124742312879,1.246021604443233,-0.5383275040029267,0.05642010551945853,0.3382548039457936,4.854664569443371,-0.3360599182805801,-0.5777186501383681,0.052870859373333336,0.011185964626666663,0.6587430783286009,8.37255709131694,-0.7055803471308941,-0.285336677444617
S2A_MSIL2A_20200221T065911_R063_T39QXG_20200927T132322_0000.jpg,S2A_MSIL2A_20200221T065911_R063_T39QXG_20200927T132322,2020-02-21 06:59:11.024000+00:00,2020-02,0.0432196855545043,0.9439916014671326,-0.1230627596378326,0.0566667,0.323545,0.30265,0.8660254037844386,0.5000000000000001,1.4901161193847656e-08,0.0,0,0.9416561126708984,0.2848334610462188,0.653755784034729,0.8341909079968137,2020-02-21 06:59:11.024,T39QXG,T39QXG,-1.2466720778741214,-0.4900653072903541,-0.5190593217514292,5.709614288462184,0.09792089425,5.340879211247523,0.037927865982055595,0.005291819572448703,1.3653951840954732,0.9122639149427414,0.031727686524391174,1.392462578719263,-0.14854909852147097,0.025486338883638368,1.422370418095257,0.06671665,-0.010049950000000002,-0.6568850476255619,0.4601745,-0.13662949999999996,-0.5690050087893488,0.31991349999999996,-0.017263499999999987,-0.17810119259376253,0.8660254037844386,0.0,,0.5000000000000001,0.0,,1.4901161193847656e-08,0.0,0.0,1.0430812835693362e-07,-1.0430812835693362e-07,-1.1666666666666667,-1.1835438964443916,-0.06312818142972976,-0.681866474974005,-0.3777362153066068,-0.1123290919837473,-0.5292730273906326,-0.509322481269872,-0.009736840481557207,-0.07613552098047406,6.59347605053776,-0.8838617620755755,-0.46923366653815074,0.16000219653225,-0.062081302282250006,-0.45980184239165356,4.8015126109447035,0.5393666003028192,0.5784253120736933
S2B_MSIL2A_20200216T065939_R063_T39QXG_20200929T114644_0000.jpg,S2B_MSIL2A_20200216T065939_R063_T39QXG_20200929T114644,2020-02-16 06:59:39.024000+00:00,2020-02,0.0349901616573333,0.8910350203514099,-0.1650880873203277,0.0647333,0.458176,0.220999,0.8660254037844386,0.5000000000000001,1.4901161193847656e-08,5.960464477539065e-08,0,0.9416561126708984,0.2848334610462188,0.653755784034729,0.3342041759685376,2020-02-16 06:59:39.024,T39QXG,T39QXG,-1.18887225278032,-0.3389676635982788,-0.6556096914527376,7.077902717766591,0.10125643782400001,3.4139924891825384,0.037927865982055595,-0.002937704324722297,-0.757986413247303,0.9122639149427414,-0.021228894591331482,-0.9316923023454541,-0.14854909852147097,-0.016538988798856735,-0.9230265876989043,0.06671665,-0.0019833500000000087,-0.12963576527327636,0.4601745,-0.0019984999999999586,-0.008322920819189781,0.31991349999999996,-0.09891449999999996,-1.0204645879929175,0.8660254037844386,0.0,,0.5000000000000001,0.0,,1.4901161193847656e-08,0.0,0.0,1.0430812835693362e-07,-4.470348358154297e-08,-0.49999999999999994,-1.1835438964443916,-0.005328356335928319,-0.057553179418436504,-0.3777362153066068,0.03876855170832799,0.18266994211246645,-0.509322481269872,-0.1462872101828656,-1.143867251512304,6.59347605053776,0.4844266672288313,0.25717743541574867,0.16000219653225,-0.058745758708249995,-0.4350973174490228,4.8015126109447035,-1.387520121762165,-1.4879986246612502
S2B_MSIL2A_20200206T070049_R063_T39QXG_20201001T025510_0000.jpg,S2B_MSIL2A_20200206T070049_R063_T39QXG_20201001T025510,2020-02-06 07:00:49.024000+00:00,2020-02,0.038432776927948,0.9117624759674072,-0.1528382152318954,0.0889333,0.798461,0.453355,0.8660254037844386,0.5000000000000001,0.0,1.788139343261719e-07,1,0.9416561126708984,0.2848334610462188,0.653755784034729,0.5736177168441929,2020-02-06 07:00:49.024,T39QXG,T39QXG,-1.0509355922542227,-0.09774629167131473,-0.34356159012389215,8.97820051656691,0.361986286655,5.09769681322969,0.037927865982055595,0.0005049109458924034,0.13027711252815216,0.9122639149427414,-0.0005014389753341675,-0.022007120126057104,-0.14854909852147097,-0.004289116710424423,-0.2393718751257072,0.06671665,0.022216650000000004,1.4521251541878755,0.4601745,0.3382865,1.4088224937207416,0.31991349999999996,0.13344150000000005,1.3766669731804437,0.8660254037844386,0.0,,0.5000000000000001,0.0,,1.4901161193847656e-08,-1.4901161193847656e-08,-1.224744871391589,1.0430812835693362e-07,7.450580596923828e-08,0.8333333333333333,-1.1835438964443916,0.1326083041901689,1.4323421787634112,-0.3777362153066068,0.27998992363529207,1.319258545620262,-0.509322481269872,0.16576089114597986,1.296138293473251,6.59347605053776,2.38472446602915,1.2660271695093548,0.16000219653225,0.20198409012274998,1.4959843521001,4.8015126109447035,0.2961842022849863,0.3176326445534556
S2A_MSIL2A_20200201T070111_R063_T39QXG_20200930T073942_0000.jpg,S2A_MSIL2A_20200201T070111_R063_T39QXG_20200930T073942,2020-02-01 07:01:11.024000+00:00,2020-02,0.0350688397884368,0.902266561985016,-0.1532073318958282,0.0565333,0.260516,0.30265,0.8660254037844386,0.5000000000000001,2.9802322387695312e-08,1.788139343261719e-07,0,0.9416561126708984,0.2848334610462188,0.653755784034729,0.4452393364189673,2020-02-01 07:01:11.024,T39QXG,T39QXG,-1.2476956628689024,-0.5841655986664795,-0.5190593217514292,4.608186679355354,0.0788451674,5.353481930119062,0.037927865982055595,-0.0028590261936187952,-0.7376858833763189,0.9122639149427414,-0.009997352957725414,-0.43876315624774703,-0.14854909852147097,-0.0046582333743572235,-0.25997195527064615,0.06671665,-0.01018335,-0.6656043412890378,0.4601745,-0.19965849999999996,-0.8314945641122027,0.31991349999999996,-0.017263499999999987,-0.17810119259376253,0.8660254037844386,0.0,,0.5000000000000001,0.0,,1.4901161193847656e-08,1.4901161193847656e-08,1.224744871391589,1.0430812835693362e-07,7.450580596923828e-08,0.8333333333333333,-1.1835438964443916,-0.06415176642451081,-0.6929225243709698,-0.3777362153066068,-0.20642938335987276,-0.9726554603420957,-0.509322481269872,-0.009736840481557207,-0.07613552098047406,6.59347605053776,-1.9852893711824056,-1.0539709383869527,0.16000219653225,-0.08115702913225001,-0.6010851922594238,4.8015126109447035,0.5519693191743587,0.5919406680341004
S2B_MSIL2A_20200127T070139_R063_T39QXG_20201002T124936_0000.jpg,S2B_MSIL2A_20200127T070139_R063_T39QXG_20201002T124936,2020-01-27 07:01:39.024000+00:00,2020-01,0.0327114462852478,0.8785390257835388,-0.1711483001708984,0.0565333,0.260516,0.330983,0.4999999999999999,0.8660254037844387,0.0,1.788139343261719e-07,0,0.9182921051979064,0.2195079252123832,0.5757929086685181,0.3809579470596152,2020-01-27 07:01:39.024,T39QXG,T39QXG,-1.2476956628689024,-0.5841655986664795,-0.4801943119517515,4.608186679355354,0.08622636722800002,5.854655574678995,0.03125682473182675,0.0014546215534210552,0.2918917593331508,0.8867032726605734,-0.008164246877034542,-0.36853929453987266,-0.1658808887004852,-0.005267411470413208,-0.38018393061591893,0.06107778333333334,-0.004544483333333335,-0.3939174285572581,0.4063763333333333,-0.14586033333333326,-0.9377217742281816,0.29498083333333336,0.03600216666666667,0.408248290463863,0.49999999999999983,5.551115123125783e-17,,0.8660254037844387,0.0,,9.934107462565104e-09,-9.934107462565104e-09,-1.2909944487358054,1.1920928955078128e-07,5.960464477539063e-08,1.118033988749895,-1.2206913435945799,-0.027004319274322564,-0.32435319920256833,-0.41913747996088574,-0.1650281187055938,-0.9504149127653226,-0.5567311713996488,0.07653685944789729,0.408248290463863,6.465626552814143,-1.8574398734587891,-1.331040210564472,0.1263973380846667,-0.04017097085666667,-0.6189874575526269,4.7870968927141435,1.0675586819648517,0.8383615134684855
S2A_MSIL2A_20200122T070201_R063_T39QXG_20201002T050518_0000.jpg,S2A_MSIL2A_20200122T070201_R063_T39QXG_20201002T050518,2020-01-22 07:02:01.024000+00:00,2020-01,0.0314458906650543,0.8923852443695068,-0.1606215536594391,0.0746,0.588291,0.330983,0.4999999999999999,0.8660254037844387,1.4901161193847656e-08,1.788139343261719e-07,1,0.9182921051979064,0.2195079252123832,0.5757929086685181,0.5448466423226783,2020-01-22 07:02:01.024,T39QXG,T39QXG,-1.1272611725273312,-0.23040779563811076,-0.4801943119517515,7.885938337801608,0.19471432005300002,4.436769436997319,0.03125682473182675,0.00018906593322755294,0.03793893177917188,0.8867032726605734,0.005681971708933475,0.25648781531781184,-0.1658808887004852,0.005259335041046115,0.37960100128158264,0.06107778333333334,0.013522216666666663,1.172110540852263,0.4063763333333333,0.18191466666666672,1.1695115463294457,0.29498083333333336,0.03600216666666667,0.408248290463863,0.49999999999999983,5.551115123125783e-17,,0.8660254037844387,0.0,,9.934107462565104e-09,4.967053731282553e-09,0.6454972243679028,1.1920928955078128e-07,5.960464477539063e-08,1.118033988749895,-1.2206913435945799,0.09343017106724871,1.1222047325044295,-0.41913747996088574,0.18872968432277498,1.086914811056239,-0.5567311713996488,0.07653685944789729,0.408248290463863,6.465626552814143,1.4203117849874651,1.0177945054213682,0.1263973380846667,0.06831698196833333,1.052684415498248,4.7870968927141435,-0.35032745571682433,-0.27511467139563806
S2B_MSIL2A_20200117T070219_R063_T39QXG_20201002T195630_0000.jpg,S2B_MSIL2A_20200117T070219_R063_T39QXG_20201002T195630,2020-01-17 07:02:19.024000+00:00,2020-01,0.0283704996109008,0.8769283890724182,-0.1733408719301223,0.0746,0.588291,0.330983,0.4999999999999999,0.8660254037844387,1.4901161193847656e-08,1.1920928955078125e-07,1,0.9182921051979064,0.2195079252123832,0.5757929086685181,0.3776071931189426,2020-01-17 07:02:19.024,T39QXG,T39QXG,-1.1272611725273312,-0.23040779563811076,-0.4801943119517515,7.885938337801608,0.19471432005300002,4.436769436997319,0.03125682473182675,-0.0028863251209259484,-0.5791846790480463,0.8867032726605734,-0.009774883588155148,-0.4412444596600157,-0.1658808887004852,-0.0074599832296370905,-0.5384363387031506,0.06107778333333334,0.013522216666666663,1.172110540852263,0.4063763333333333,0.18191466666666672,1.1695115463294457,0.29498083333333336,0.03600216666666667,0.408248290463863,0.49999999999999983,5.551115123125783e-17,,0.8660254037844387,0.0,,9.934107462565104e-09,4.967053731282553e-09,0.6454972243679028,1.1920928955078128e-07,-2.6469779601696886e-23,-4.965068306494546e-16,-1.2206913435945799,0.09343017106724871,1.1222047325044295,-0.41913747996088574,0.18872968432277498,1.086914811056239,-0.5567311713996488,0.07653685944789729,0.408248290463863,6.465626552814143,1.4203117849874651,1.0177945054213682,0.1263973380846667,0.06831698196833333,1.052684415498248,4.7870968927141435,-0.35032745571682433,-0.27511467139563806
S2A_MSIL2A_20200112T070241_R063_T39QXG_20201002T173508_0000.jpg,S2A_MSIL2A_20200112T070241_R063_T39QXG_20201002T173508,2020-01-12 07:02:41.024000+00:00,2020-01,0.0242262184619903,0.8597285747528076,-0.1830983310937881,0.045,0.225162,0.11497,0.4999999999999999,0.8660254037844387,1.4901161193847656e-08,5.960464477539065e-08,0,0.9182921051979064,0.2195079252123832,0.5757929086685181,0.2064716531218929,2020-01-12 07:02:41.024,T39QXG,T39QXG,-1.3467874862246563,-0.6475049023767928,-0.9394154686391353,5.0036000000000005,0.02588687514,2.554888888888889,0.03125682473182675,-0.007030606269836447,-1.4107972128247557,0.8867032726605734,-0.026974697907765743,-1.2176550130200217,-0.1658808887004852,-0.01721744239330289,-1.2426967137476266,0.06107778333333334,-0.01607778333333334,-1.3936279667070495,0.4063763333333333,-0.18121433333333328,-1.1650091720315356,0.29498083333333336,-0.18001083333333334,-2.041241452319315,0.49999999999999983,5.551115123125783e-17,,0.8660254037844387,0.0,,9.934107462565104e-09,4.967053731282553e-09,0.6454972243679028,1.1920928955078128e-07,-5.960464477539063e-08,-1.118033988749895,-1.2206913435945799,-0.1260961426300764,-1.5145609431472944,-0.41913747996088574,-0.22836742241590707,-1.3151928626239557,-0.5567311713996488,-0.3826842972394865,-2.041241452319315,6.465626552814143,-1.4620265528141427,-1.0476872810342208,0.1263973380846667,-0.10051046294466669,-1.5487481280336484,4.7870968927141435,-2.2322080038252543,-1.7529690049628774
S2B_MSIL2A_20200107T070249_R063_T39QXG_20201029T121541_0000.jpg,S2B_MSIL2A_20200107T070249_R063_T39QXG_20201029T121541,2020-01-07 07:02:49.024000+00:00,2020-01,0.0315180420875549,0.8867989182472229,-0.1646648347377777,0.0578667,0.387999,0.330983,0.4999999999999999,0.8660254037844387,0.0,1.1920928955078125e-07,1,0.9182921051979064,0.2195079252123832,0.5757929086685181,0.4707413842435006,2020-01-07 07:02:49.024,T39QXG,T39QXG,-1.2375712837096289,-0.4111693937229102,-0.4801943119517515,6.705047980963144,0.128421073017,5.71974900936117,0.03125682473182675,0.0002612173557281494,0.05241720319111241,0.8867032726605734,9.564558664953982e-05,0.004317502589103116,-0.1658808887004852,0.0012160539627074918,0.08777065888625762,0.06107778333333334,-0.0032110833333333366,-0.27833784322011,0.4063763333333333,-0.0183773333333333,-0.118146073199586,0.29498083333333336,0.03600216666666667,0.408248290463863,0.49999999999999983,5.551115123125783e-17,,0.8660254037844387,0.0,,9.934107462565104e-09,-9.934107462565104e-09,-1.2909944487358054,1.1920928955078128e-07,-2.6469779601696886e-23,-4.965068306494546e-16,-1.2206913435945799,-0.016879940115049008,-0.20274766132949537,-0.41913747996088574,0.007968086237975514,0.0458890766384006,-0.5567311713996488,0.07653685944789729,0.408248290463863,6.465626552814143,0.2394214281490008,0.17156924037797833,0.1263973380846667,0.002023734932333321,0.031183377294889313,4.7870968927141435,0.9326521166470263,0.7324184171428346
S2A_MSIL2A_20200102T070301_R063_T39QXG_20201002T215142_0000.jpg,S2A_MSIL2A_20200102T070301_R063_T39QXG_20201002T215142,2020-01-02 07:03:01.024000+00:00,2020-01,0.0392688512802124,0.9258394837379456,-0.1424114406108856,0.0578667,0.387999,0.330983,0.4999999999999999,0.8660254037844387,1.4901161193847656e-08,5.960464477539065e-08,1,0.9182921051979064,0.2195079252123832,0.5757929086685181,0.8321132834144739,2020-01-02 07:03:01.024,T39QXG,T39QXG,-1.2375712837096289,-0.4111693937229102,-0.4801943119517515,6.705047980963144,0.128421073017,5.71974900936117,0.03125682473182675,0.008012026548385655,1.6077339975693703,0.8867032726605734,0.039136211077372196,1.766633449312985,-0.1658808887004852,0.02346944808959961,1.693945322898858,0.06107778333333334,-0.0032110833333333366,-0.27833784322011,0.4063763333333333,-0.0183773333333333,-0.118146073199586,0.29498083333333336,0.03600216666666667,0.408248290463863,0.49999999999999983,5.551115123125783e-17,,0.8660254037844387,0.0,,9.934107462565104e-09,4.967053731282553e-09,0.6454972243679028,1.1920928955078128e-07,-5.960464477539063e-08,-1.118033988749895,-1.2206913435945799,-0.016879940115049008,-0.20274766132949537,-0.41913747996088574,0.007968086237975514,0.0458890766384006,-0.5567311713996488,0.07653685944789729,0.408248290463863,6.465626552814143,0.2394214281490008,0.17156924037797833,0.1263973380846667,0.002023734932333321,0.031183377294889313,4.7870968927141435,0.9326521166470263,0.7324184171428346
S2A_MSIL2A_20210327T065621_R063_T39QXG_20210327T193611_0000.jpg,S2A_MSIL2A_20210327T065621_R063_T39QXG_20210327T193611,2021-03-27 06:56:21.024000+00:00,2021-03,0.0383868813514709,0.8721093535423279,-0.1818800717592239,0.0674,0.469682,0.177445,1.0,6.123233995736766e-17,1.4901161193847656e-08,1.788139343261719e-07,0,0.9562904834747314,0.3447235822677612,0.7100237607955933,0.2936192359111942,2021-03-27 06:56:21.024,T39QXG,T39QXG,-1.1713401034646802,-0.3281960833135931,-0.75093623358324,6.968575667655786,0.08334272248999999,2.632715133531157,0.03772349158922825,0.0006633897622426513,0.3771582195015324,0.8879886269569397,-0.015879273414611816,-1.4025136164386087,-0.1688645780086517,-0.013015493750572205,-1.1807894728421144,0.07078888333333333,-0.0033888833333333285,-0.367484835131108,0.4914766666666666,-0.02179466666666663,-0.14693484495747602,0.3085831666666667,-0.1311381666666667,-1.1770618547884448,1.0,0.0,,6.123233995736766e-17,0.0,,1.9868214925130207e-08,-4.967053731282551e-09,-0.6454972243679026,1.1920928955078125e-07,5.960464477539065e-08,0.5976143046671971,-1.1528059953211247,-0.018534108143555494,-0.35382033788136524,-0.32193599478175355,-0.006260088531839569,-0.055665199624331745,-0.5379946599937636,-0.2129415735894764,-1.2178401474722702,6.837557201037622,0.13101846661816374,0.12275902884917825,0.15625323924316667,-0.07291051675316668,-0.7956363958311968,4.3340271789081735,-1.7013120453770165,-1.202136389236433
S2B_MSIL2A_20210322T065619_R063_T39QXG_20210323T015515_0000.jpg,S2B_MSIL2A_20210322T065619_R063_T39QXG_20210323T015515,2021-03-22 06:56:19.024000+00:00,2021-03,0.0395082011818885,0.8770799040794373,-0.1812644302845001,0.0674,0.469682,0.177445,1.0,6.123233995736766e-17,2.9802322387695312e-08,0.0,0,0.9562904834747314,0.3447235822677612,0.7100237607955933,0.333747050636944,2021-03-22 06:56:19.024,T39QXG,T39QXG,-1.1713401034646802,-0.3281960833135931,-0.75093623358324,6.968575667655786,0.08334272248999999,2.632715133531157,0.03772349158922825,0.0017847095926602496,1.014664275221111,0.8879886269569397,-0.010908722877502441,-0.9634970048172415,-0.1688645780086517,-0.012399852275848389,-1.1249373487252774,0.07078888333333333,-0.0033888833333333285,-0.367484835131108,0.4914766666666666,-0.02179466666666663,-0.14693484495747602,0.3085831666666667,-0.1311381666666667,-1.1770618547884448,1.0,0.0,,6.123233995736766e-17,0.0,,1.9868214925130207e-08,9.934107462565105e-09,1.2909944487358056,1.1920928955078125e-07,-1.1920928955078125e-07,-1.1952286093343936,-1.1528059953211247,-0.018534108143555494,-0.35382033788136524,-0.32193599478175355,-0.006260088531839569,-0.055665199624331745,-0.5379946599937636,-0.2129415735894764,-1.2178401474722702,6.837557201037622,0.13101846661816374,0.12275902884917825,0.15625323924316667,-0.07291051675316668,-0.7956363958311968,4.3340271789081735,-1.7013120453770165,-1.202136389236433
S2A_MSIL2A_20210317T065621_R063_T39QXG_20210317T221928_0000.jpg,S2A_MSIL2A_20210317T065621_R063_T39QXG_20210317T221928,2021-03-17 06:56:21.024000+00:00,2021-03,0.0384393334388732,0.8871610164642334,-0.1708949357271194,0.0627333,0.373507,0.286273,1.0,6.123233995736766e-17,1.4901161193847656e-08,1.788139343261719e-07,0,0.9562904834747314,0.3447235822677612,0.7100237607955933,0.3660110054339929,2021-03-17 06:56:21.024,T39QXG,T39QXG,-1.202501866390697,-0.42770125453697383,-0.5432196107767383,5.953887329376901,0.10692496941099999,4.563333986893722,0.03772349158922825,0.0007158418496449534,0.4069789026349495,0.8879886269569397,-0.0008276104927062988,-0.07309748719736528,-0.1688645780086517,-0.0020303577184676846,-0.18419777735784912,0.07078888333333333,-0.008055583333333324,-0.8735339703250046,0.4914766666666666,-0.11796966666666664,-0.7953255237375422,0.3085831666666667,-0.022310166666666686,-0.2002502156679992,1.0,0.0,,6.123233995736766e-17,0.0,,1.9868214925130207e-08,-4.967053731282551e-09,-0.6454972243679026,1.1920928955078125e-07,5.960464477539065e-08,0.5976143046671971,-1.1528059953211247,-0.049695871069572295,-0.9487054762469793,-0.32193599478175355,-0.10576525975522028,-0.9404730089118359,-0.5379946599937636,-0.005224950782974691,-0.02988216309672147,6.837557201037622,-0.8836698716607216,-0.8279630961068603,0.15625323924316667,-0.04932826983216668,-0.5382950028282338,4.3340271789081735,0.22930680798554892,0.16202674807841794
S2B_MSIL2A_20210312T065659_R063_T39QXG_20210312T174530_0000.jpg,S2B_MSIL2A_20210312T065659_R063_T39QXG_20210312T174530,2021-03-12 06:56:59.024000+00:00,2021-03,0.0358688235282897,0.8943070769309998,-0.1576468795537948,0.0691,0.425302,0.398062,1.0,6.123233995736766e-17,1.4901161193847656e-08,0.0,0,0.9562904834747314,0.3447235822677612,0.7100237607955933,0.3621601612399631,2021-03-12 06:56:59.024,T39QXG,T39QXG,-1.1605219526258017,-0.3713025749936618,-0.4000492792810246,6.154876989869755,0.169296564724,5.760665701881332,0.03772349158922825,-0.0018546680609385496,-1.0544378937431993,0.8879886269569397,0.006318449974060059,0.5580678594053946,-0.1688645780086517,0.0112176984548569,1.0176901851633522,0.07078888333333333,-0.0016888833333333353,-0.18313968120443147,0.4914766666666666,-0.0661746666666666,-0.4461350354878562,0.3085831666666667,0.08947883333333334,0.8031385843249762,1.0,0.0,,6.123233995736766e-17,0.0,,1.9868214925130207e-08,-4.967053731282551e-09,-0.6454972243679026,1.1920928955078125e-07,-1.1920928955078125e-07,-1.1952286093343936,-1.1528059953211247,-0.007715957304677001,-0.14729937904070536,-0.32193599478175355,-0.04936658021190826,-0.4389715142668981,-0.5379946599937636,0.13794538071273904,0.7889273097708662,6.837557201037622,-0.6826802111678676,-0.6396438754069576,0.15625323924316667,0.01304332548083334,0.1423353576049469,4.3340271789081735,1.4266385229731586,1.008053806127316
S2A_MSIL2A_20210307T065731_R063_T39QXG_20210307T203727_0000.jpg,S2A_MSIL2A_20210307T065731_R063_T39QXG_20210307T203727,2021-03-07 06:57:31.024000+00:00,2021-03,0.0389442667365074,0.8975427150726318,-0.1641201078891754,0.0691,0.425302,0.398062,1.0,6.123233995736766e-17,2.9802322387695312e-08,2.384185791015625e-07,0,0.9562904834747314,0.3447235822677612,0.7100237607955933,0.4333756672408128,2021-03-07 06:57:31.024,T39QXG,T39QXG,-1.1605219526258017,-0.3713025749936618,-0.4000492792810246,6.154876989869755,0.169296564724,5.760665701881332,0.03772349158922825,0.0012207751472791545,0.6940495726117565,0.8879886269569397,0.009554088115692139,0.8438508693088137,-0.1688645780086517,0.004744470119476318,0.4304270340143887,0.07078888333333333,-0.0016888833333333353,-0.18313968120443147,0.4914766666666666,-0.0661746666666666,-0.4461350354878562,0.3085831666666667,0.08947883333333334,0.8031385843249762,1.0,0.0,,6.123233995736766e-17,0.0,,1.9868214925130207e-08,9.934107462565105e-09,1.2909944487358056,1.1920928955078125e-07,1.1920928955078125e-07,1.1952286093343936,-1.1528059953211247,-0.007715957304677001,-0.14729937904070536,-0.32193599478175355,-0.04936658021190826,-0.4389715142668981,-0.5379946599937636,0.13794538071273904,0.7889273097708662,6.837557201037622,-0.6826802111678676,-0.6396438754069576,0.15625323924316667,0.01304332548083334,0.1423353576049469,4.3340271789081735,1.4266385229731586,1.008053806127316
S2B_MSIL2A_20210302T065809_R063_T39QXG_20210302T153932_0000.jpg,S2B_MSIL2A_20210302T065809_R063_T39QXG_20210302T153932,2021-03-02 06:58:09.024000+00:00,2021-03,0.0351934432983398,0.8997316956520081,-0.1573810428380966,0.089,0.785385,0.414212,1.0,6.123233995736766e-17,1.4901161193847656e-08,1.1920928955078125e-07,1,0.9562904834747314,0.3447235822677612,0.7100237607955933,0.4936150283099918,2021-03-02 06:58:09.024,T39QXG,T39QXG,-1.0506099933550872,-0.10491739753903741,-0.3827773234573144,8.824550561797754,0.32531589162,4.654067415730338,0.03772349158922825,-0.0025300482908884453,-1.4384130762261422,0.8879886269569397,0.01174306869506836,1.0371893797390075,-0.1688645780086517,0.011483535170555115,1.041807379747505,0.07078888333333333,0.018211116666666666,1.9747830029960851,0.4914766666666666,0.2939083333333334,1.9814652846282086,0.3085831666666667,0.10562883333333334,0.9480967565949361,1.0,0.0,,6.123233995736766e-17,0.0,,1.9868214925130207e-08,-4.967053731282551e-09,-0.6454972243679026,1.1920928955078125e-07,0.0,0.0,-1.1528059953211247,0.10219600196603751,1.9509449100911247,-0.32193599478175355,0.21701859724271616,1.9297464366942976,-0.5379946599937636,0.1552173365364492,0.8877078384995281,6.837557201037622,1.986993360760131,1.8617327892224205,0.15625323924316667,0.16906265237683335,1.8448970792807338,4.3340271789081735,0.3200402368221642,0.22613841813981364
S2A_MSIL2A_20210225T065851_R063_T39QXG_20210225T181931_0000.jpg,S2A_MSIL2A_20210225T065851_R063_T39QXG_20210225T181931,2021-02-25 06:58:51.024000+00:00,2021-02,0.0413967370986938,0.9025478959083556,-0.1711997985839843,0.0754,0.573955,0.46942,0.8660254037844386,0.5000000000000001,0.0,1.1920928955078125e-07,1,0.9368952512741088,0.2614586800336838,0.52629154920578,0.5864759708850209,2021-02-25 06:58:51.024,T39QXG,T39QXG,-1.122628654130226,-0.24112215641351414,-0.3284384108929419,7.6121352785145895,0.2694259561,6.225729442970823,0.038465579350789335,0.0029311577479044643,0.9887615375567027,0.8902304172515869,0.012317478656768688,0.8627659143470056,-0.17288408180077863,0.0016842832167943411,0.3107025947764518,0.07090476666666666,0.004495233333333334,1.053905457196323,0.514253,0.05970200000000003,1.1108741507209994,0.3685856666666667,0.1008343333333333,0.925092608294384,0.8660254037844387,-1.1102230246251565e-16,,0.5000000000000001,0.0,,9.934107462565104e-09,-9.934107462565104e-09,-0.5773502691896256,7.947285970052086e-08,3.9736429850260395e-08,1.1547005383792515,-1.1498456852944452,0.027217031164219252,1.045906697441557,-0.290369529048098,0.04924737263458384,1.10341997266473,-0.4472579797058917,0.1188195688129498,0.8678223010589153,7.240377903957882,0.3717573745567071,1.1481141632149072,0.193194080644,0.07623187545599996,1.0120631796907744,5.150588769243286,1.075140673727537,0.8605693109031352
S2A_MSIL2A_20210215T065951_R063_T39QXG_20210215T202348_0000.jpg,S2A_MSIL2A_20210215T065951_R063_T39QXG_20210215T202348,2021-02-15 06:59:51.024000+00:00,2021-02,0.0354688763618469,0.8745830059051514,-0.1789471805095672,0.0669143,0.469736,0.252937,0.8660254037844386,0.5000000000000001,2.9802322387695312e-08,5.960464477539065e-08,0,0.9368952512741088,0.2614586800336838,0.52629154920578,0.3715576212808754,2021-02-15 06:59:51.024,T39QXG,T39QXG,-1.1744810608952219,-0.3281461547364345,-0.5969876367667769,7.01996434244997,0.118813614632,3.7800141374863077,0.038465579350789335,-0.002996702988942432,-1.0108717816589037,0.8902304172515869,-0.015647411346435547,-1.0960078384266279,-0.17288408180077863,-0.006063098708788572,-1.1184701494513478,0.07090476666666666,-0.003990466666666664,-0.9355631365283263,0.514253,-0.04451699999999997,-0.8283271007277255,0.3685856666666667,-0.11564866666666668,-1.0610049489667985,0.8660254037844387,-1.1102230246251565e-16,,0.5000000000000001,0.0,,9.934107462565104e-09,1.986821492513021e-08,1.1547005383792515,7.947285970052086e-08,-1.9868214925130204e-08,-0.5773502691896258,-1.1498456852944452,-0.024635375600776666,-0.9466978297292834,-0.290369529048098,-0.03777662568833651,-0.8464102967214516,-0.4472579797058917,-0.1497296570608852,-1.0935802648122217,7.240377903957882,-0.2204135615079128,-0.6807126073386705,0.193194080644,-0.074380466012,-0.9874836541629572,5.150588769243286,-1.3705746317569782,-1.0970419920057124
S2A_MSIL2A_20210205T070051_R063_T39QXG_20210210T170018_0000.jpg,S2A_MSIL2A_20210205T070051_R063_T39QXG_20210210T170018,2021-02-05 07:00:51.024000+00:00,2021-02,0.0385311245918273,0.8935603499412537,-0.1685052663087844,0.0704,0.499068,0.3834,0.8660254037844386,0.5000000000000001,0.0,5.960464477539065e-08,0,0.9368952512741088,0.2614586800336838,0.52629154920578,0.4594906297495384,2021-02-05 07:00:51.024,T39QXG,T39QXG,-1.1524273408578878,-0.3018402759943453,-0.4163478914579562,7.089034090909091,0.1913426712,5.4460227272727275,0.038465579350789335,6.554524103796755e-05,0.022110244102201013,0.8902304172515869,0.003329932689666748,0.23324192407961458,-0.17288408180077863,0.004378815491994231,0.8077675546748961,0.07090476666666666,-0.0005047666666666561,-0.11834232066799337,0.514253,-0.015184999999999949,-0.28254704999327174,0.3685856666666667,0.014814333333333318,0.1359123406724141,0.8660254037844387,-1.1102230246251565e-16,,0.5000000000000001,0.0,,9.934107462565104e-09,-9.934107462565104e-09,-0.5773502691896256,7.947285970052086e-08,-1.9868214925130204e-08,-0.5773502691896258,-1.1498456852944452,-0.0025816555634425864,-0.09920886771227368,-0.290369529048098,-0.011470746946247334,-0.2570096759432784,-0.4472579797058917,0.030910088247935508,0.22575796375330734,7.240377903957882,-0.15134381304879163,-0.46740155587622856,0.193194080644,-0.0018514094440000017,-0.024579525527817697,5.150588769243286,0.2954339580294416,0.23647268110257763
S2B_MSIL2A_20210131T070119_R063_T39QXG_20210201T152028_0000.jpg,S2B_MSIL2A_20210131T070119_R063_T39QXG_20210201T152028,2021-01-31 07:01:19.024000+00:00,2021-01,0.0352262258529663,0.8897483944892883,-0.1653699576854705,0.1446,1.7707,0.613948,0.4999999999999999,0.8660254037844387,2.9802322387695312e-08,1.1920928955078125e-07,1,0.8843165338039398,0.243254967033863,0.5490259230136871,0.569550879507093,2021-01-31 07:01:19.024,T39QXG,T39QXG,-0.839831707041488,0.24814498728777779,-0.2118684110565678,12.245504840940525,1.0871177236,4.245836791147995,0.03410886079072948,0.001117365062236822,0.08883438085370068,0.9160010576248169,-0.026252663135528542,-0.7441088084280232,-0.13488047160208222,-0.03048948608338828,-0.506834663796998,0.10382,0.04078000000000001,1.07710280986144,1.078095,0.6926049999999999,1.0826620851003064,0.3642182,0.24972980000000006,1.0952104620750909,0.4999999999999999,0.0,,0.8660254037844387,0.0,,8.940696716308593e-09,2.0861625671386717e-08,1.5652475842498528,1.5497207641601563e-07,-3.576278686523438e-08,-0.5262348115842177,-1.0066315683142109,0.16679986127272284,1.0630813031978632,-0.030903939957140192,0.279048927244918,1.061211321638163,-0.5072019309842296,0.29533351992766177,1.0946199072388316,9.686870109235894,2.5586347317046307,1.0697354859787276,0.507603324895,0.579514398705,1.0949454642239407,3.266391182674007,0.9794456084739878,1.046530257453928
S2A_MSIL2A_20210126T070151_R063_T39QXG_20210201T045017_0000.jpg,S2A_MSIL2A_20210126T070151_R063_T39QXG_20210201T045017,2021-01-26 07:01:51.024000+00:00,2021-01,0.0420131459832191,0.9169623851776124,-0.1558305919170379,0.1446,1.7707,0.613948,0.4999999999999999,0.8660254037844387,1.4901161193847656e-08,1.788139343261719e-07,1,0.8843165338039398,0.243254967033863,0.5490259230136871,0.7016610835729878,2021-01-26 07:01:51.024,T39QXG,T39QXG,-0.839831707041488,0.24814498728777779,-0.2118684110565678,12.245504840940525,1.0871177236,4.245836791147995,0.03410886079072948,0.007904285192489618,0.6284179673205733,0.9160010576248169,0.0009613275527955434,0.027247989894466668,-0.13488047160208222,-0.02095012031495569,-0.34825930346272427,0.10382,0.04078000000000001,1.07710280986144,1.078095,0.6926049999999999,1.0826620851003064,0.3642182,0.24972980000000006,1.0952104620750909,0.4999999999999999,0.0,,0.8660254037844387,0.0,,8.940696716308593e-09,5.960464477539063e-09,0.447213595499958,1.5497207641601563e-07,2.384185791015627e-08,0.35082320772281206,-1.0066315683142109,0.16679986127272284,1.0630813031978632,-0.030903939957140192,0.279048927244918,1.061211321638163,-0.5072019309842296,0.29533351992766177,1.0946199072388316,9.686870109235894,2.5586347317046307,1.0697354859787276,0.507603324895,0.579514398705,1.0949454642239407,3.266391182674007,0.9794456084739878,1.046530257453928
S2B_MSIL2A_20210121T070209_R063_T39QXG_20210122T122053_0000.jpg,S2B_MSIL2A_20210121T070209_R063_T39QXG_20210122T122053,2021-01-21 07:02:09.024000+00:00,2021-01,0.0388393402099609,0.907214879989624,-0.1487130969762802,0.0879,0.775485,0.190025,0.4999999999999999,0.8660254037844387,0.0,2.384185791015625e-07,0,0.8843165338039398,0.243254967033863,0.5490259230136871,0.4397684528278534,2021-01-21 07:02:09.024,T39QXG,T39QXG,-1.056011124926228,-0.11042659821173212,-0.721189258795539,8.82235494880546,0.147361537125,2.1618316268486915,0.03410886079072948,0.004730479419231423,0.3760894487852985,0.9160010576248169,-0.008786177635192849,-0.2490365315323912,-0.13488047160208222,-0.013832625374197993,-0.22994333232731068,0.10382,-0.01591999999999999,-0.420487413756599,1.078095,-0.30261000000000005,-0.4730320652784831,0.3642182,-0.1741932,-0.7639385250071825,0.4999999999999999,0.0,,0.8660254037844387,0.0,,8.940696716308593e-09,-8.940696716308593e-09,-0.6708203932499369,1.5497207641601563e-07,8.344650268554687e-08,1.227881227029841,-1.0066315683142109,-0.049379556612017206,-0.3147153900122605,-0.030903939957140192,-0.07952265825459193,-0.3024213212347061,-0.5072019309842296,-0.21398732781130936,-0.7931195516732193,9.686870109235894,-0.8645151604304342,-0.36144375506968124,0.507603324895,-0.36024178777000004,-0.6806476464159023,3.266391182674007,-1.1045595558253156,-1.1802135680939794
S2A_MSIL2A_20210116T070231_R063_T39QXG_20210116T213026_0000.jpg,S2A_MSIL2A_20210116T070231_R063_T39QXG_20210116T213026,2021-01-16 07:02:31.024000+00:00,2021-01,0.0422688722610473,0.8904314637184143,-0.1756787151098251,0.071,0.536795,0.201585,0.4999999999999999,0.8660254037844387,0.0,5.960464477539065e-08,0,0.8843165338039398,0.243254967033863,0.5490259230136871,0.4511808820265794,2021-01-16 07:02:31.024,T39QXG,T39QXG,-1.1487416512809248,-0.2701915380747622,-0.6955417870062366,7.5604929577464794,0.10820982007499999,2.8392253521126762,0.03410886079072948,0.008160011470317821,0.6487490894637812,0.9160010576248169,-0.025569593906402566,-0.7247478076969808,-0.13488047160208222,-0.04079824350774289,-0.6781998219058534,0.10382,-0.03282,-0.8668591029831401,1.078095,-0.5413,-0.846146052461065,0.3642182,-0.1626332,-0.7132411995714995,0.4999999999999999,0.0,,0.8660254037844387,0.0,,8.940696716308593e-09,-8.940696716308593e-09,-0.6708203932499369,1.5497207641601563e-07,-9.536743164062498e-08,-1.4032928308912467,-1.0066315683142109,-0.1421100829667139,-0.9057236081917309,-0.030903939957140192,-0.239287598117622,-0.9100006610208099,-0.5072019309842296,-0.18833985602200698,-0.6980601314022216,9.686870109235894,-2.1263771514894145,-0.8890136084438872,0.507603324895,-0.39939350482,-0.7546216410159897,3.266391182674007,-0.42716583056133084,-0.4564234734069391
S2B_MSIL2A_20210111T070249_R063_T39QXG_20210111T183409_0000.jpg,S2B_MSIL2A_20210111T070249_R063_T39QXG_20210111T183409,2021-01-11 07:02:49.024000+00:00,2021-01,0.0121967196464538,0.9756481647491456,-0.0288099963217973,0.071,0.536795,0.201585,0.4999999999999999,0.8660254037844387,0.0,1.788139343261719e-07,0,0.8843165338039398,0.243254967033863,0.5490259230136871,0.4489810002196616,2021-01-11 07:02:49.024,T39QXG,T39QXG,-1.1487416512809248,-0.2701915380747622,-0.6955417870062366,7.5604929577464794,0.10820982007499999,2.8392253521126762,0.03410886079072948,-0.021912141144275678,-1.742090886423353,0.9160010576248169,0.059647107124328747,1.6906451577629378,-0.13488047160208222,0.10607047528028492,1.7632371214928875,0.10382,-0.03282,-0.8668591029831401,1.078095,-0.5413,-0.846146052461065,0.3642182,-0.1626332,-0.7132411995714995,0.4999999999999999,0.0,,0.8660254037844387,0.0,,8.940696716308593e-09,-8.940696716308593e-09,-0.6708203932499369,1.5497207641601563e-07,2.384185791015627e-08,0.35082320772281206,-1.0066315683142109,-0.1421100829667139,-0.9057236081917309,-0.030903939957140192,-0.239287598117622,-0.9100006610208099,-0.5072019309842296,-0.18833985602200698,-0.6980601314022216,9.686870109235894,-2.1263771514894145,-0.8890136084438872,0.507603324895,-0.39939350482,-0.7546216410159897,3.266391182674007,-0.42716583056133084,-0.4564234734069391
S2B_MSIL2A_20220327T065619_R063_T39QXG_20220327T201724_0000.jpg,S2B_MSIL2A_20220327T065619_R063_T39QXG_20220327T201724,2022-03-27 06:56:19.024000+00:00,2022-03,0.0393376946449279,0.9080219864845276,-0.1351350247859954,0.0591333,0.33691,0.303953,1.0,6.123233995736766e-17,1.4901161193847656e-08,0.0,0,0.9528538584709167,0.2151663452386856,0.4964503049850464,0.1183716242070587,2022-03-27 06:56:19.024,T39QXG,T39QXG,-1.228167884034893,-0.47248609830838467,-0.5171935657948683,5.697466571288935,0.10240480522999999,5.140132547989034,0.04052816195921458,-0.0011904673142866806,-0.27116435779037723,0.9104414040392096,-0.002419417554682002,-0.2668724384378587,-0.13215459747747937,-0.002980427308516026,-0.25702714803861926,0.05735151818181818,0.001781781818181817,0.4572316703677149,0.3236741818181818,0.013235818181818182,0.30924868772060926,0.3279900909090909,-0.024037090909090952,-0.4312506295160691,1.0,0.0,,6.123233995736766e-17,0.0,,6.095929579301314e-09,8.805231614546341e-09,1.2039101531870335,1.1920928955078128e-07,-1.1920928955078128e-07,-1.3483997249264843,-1.2423457881865987,0.014177904151705611,0.4887833124953116,-0.4931674127692696,0.020681314460884948,0.3744752485260329,-0.4897024305672293,-0.02749113522763902,-0.3795524671164857,5.625389822817536,0.07207674847139867,0.18168243512169038,0.10438149964236364,-0.0019766944123636443,-0.22304264457396886,5.775794842408191,-0.6356622944191566,-0.5190510934475379
S2A_MSIL2A_20220322T065631_R063_T39QXG_20240522T141858_0000.jpg,S2A_MSIL2A_20220322T065631_R063_T39QXG_20240522T141858,2022-03-22 06:56:31.024000+00:00,2022-03,0.0487933754920959,0.9148271083831788,-0.1388694047927856,0.0591333,0.33691,0.303953,1.0,6.123233995736766e-17,0.0,1.788139343261719e-07,0,0.9528538584709167,0.2151663452386856,0.4964503049850464,0.0683699286089307,2022-03-22 06:56:31.024,T39QXG,T39QXG,-1.228167884034893,-0.47248609830838467,-0.5171935657948683,5.697466571288935,0.10240480522999999,5.140132547989034,0.04052816195921458,0.008265213532881316,1.8826483455255776,0.9104414040392096,0.004385704343969232,0.48376255280019825,-0.13215459747747937,-0.006714807315306215,-0.5790739364622668,0.05735151818181818,0.001781781818181817,0.4572316703677149,0.3236741818181818,0.013235818181818182,0.30924868772060926,0.3279900909090909,-0.024037090909090952,-0.4312506295160691,1.0,0.0,,6.123233995736766e-17,0.0,,6.095929579301314e-09,-6.095929579301314e-09,-0.8334762598987157,1.1920928955078128e-07,5.960464477539063e-08,0.6741998624632419,-1.2423457881865987,0.014177904151705611,0.4887833124953116,-0.4931674127692696,0.020681314460884948,0.3744752485260329,-0.4897024305672293,-0.02749113522763902,-0.3795524671164857,5.625389822817536,0.07207674847139867,0.18168243512169038,0.10438149964236364,-0.0019766944123636443,-0.22304264457396886,5.775794842408191,-0.6356622944191566,-0.5190510934475379
S2A_MSIL2A_20220322T065631_R063_T39QXG_20220322T215023_0000.jpg,S2A_MSIL2A_20220322T065631_R063_T39QXG_20220322T215023,2022-03-22 06:56:31.024000+00:00,2022-03,0.0433377027511596,0.9129552841186525,-0.1379960924386978,0.0591333,0.33691,0.303953,1.0,6.123233995736766e-17,0.0,0.0,0,0.9528538584709167,0.2151663452386856,0.4964503049850464,0.1140183164002375,2022-03-22 06:56:31.024,T39QXG,T39QXG,-1.228167884034893,-0.47248609830838467,-0.5171935657948683,5.697466571288935,0.10240480522999999,5.140132547989034,0.04052816195921458,0.0028095407919450158,0.6399565241235804,0.9104414040392096,0.002513880079442865,0.27729207198773664,-0.13215459747747937,-0.005841494961218413,-0.5037609157163111,0.05735151818181818,0.001781781818181817,0.4572316703677149,0.3236741818181818,0.013235818181818182,0.30924868772060926,0.3279900909090909,-0.024037090909090952,-0.4312506295160691,1.0,0.0,,6.123233995736766e-17,0.0,,6.095929579301314e-09,-6.095929579301314e-09,-0.8334762598987157,1.1920928955078128e-07,-1.1920928955078128e-07,-1.3483997249264843,-1.2423457881865987,0.014177904151705611,0.4887833124953116,-0.4931674127692696,0.020681314460884948,0.3744752485260329,-0.4897024305672293,-0.02749113522763902,-0.3795524671164857,5.625389822817536,0.07207674847139867,0.18168243512169038,0.10438149964236364,-0.0019766944123636443,-0.22304264457396886,5.775794842408191,-0.6356622944191566,-0.5190510934475379
S2B_MSIL2A_20220317T065619_R063_T39QXG_20240523T103231_0000.jpg,S2B_MSIL2A_20220317T065619_R063_T39QXG_20240523T103231,2022-03-17 06:56:19.024000+00:00,2022-03,0.0394885540008544,0.9235446453094482,-0.1111110374331474,0.0532,0.306613,0.2899,1.0,6.123233995736766e-17,7.450580596923828e-09,1.788139343261719e-07,0,0.9528538584709167,0.2151663452386856,0.4964503049850464,0.0564880056621762,2022-03-17 06:56:19.024,T39QXG,T39QXG,-1.274088367704952,-0.5134094355593504,-0.5377517846450026,5.7634022556390985,0.08888710870000001,5.449248120300752,0.04052816195921458,-0.0010396079583601808,-0.23680165007421383,0.9104414040392096,0.013103241270238652,1.445345365235143,-0.13215459747747937,0.02104356004433197,1.814761999837918,0.05735151818181818,-0.004151518181818185,-1.065341207023682,0.3236741818181818,-0.01706118181818178,-0.3986265160005891,0.3279900909090909,-0.038090090909090935,-0.6833761932754194,1.0,0.0,,6.123233995736766e-17,0.0,,6.095929579301314e-09,1.3546510176225138e-09,0.18521694664415897,1.1920928955078128e-07,5.960464477539063e-08,0.6741998624632419,-1.2423457881865987,-0.03174257951835324,-1.0943255785983033,-0.4931674127692696,-0.02024202279008075,-0.36652102211982707,-0.4897024305672293,-0.04804935407777333,-0.6633866056297699,5.625389822817536,0.1380124328215624,0.3478852113041717,0.10438149964236364,-0.015494390942363628,-1.7483278701209601,5.775794842408191,-0.3265467221074383,-0.26664226376122013
S2B_MSIL2A_20220317T065619_R063_T39QXG_20220317T172218_0000.jpg,S2B_MSIL2A_20220317T065619_R063_T39QXG_20220317T172218,2022-03-17 06:56:19.024000+00:00,2022-03,0.0340000391006469,0.9263277649879456,-0.1082711294293403,0.0532,0.306613,0.2899,1.0,6.123233995736766e-17,1.4901161193847656e-08,0.0,0,0.9528538584709167,0.2151663452386856,0.4964503049850464,0.108810657986673,2022-03-17 06:56:19.024,T39QXG,T39QXG,-1.274088367704952,-0.5134094355593504,-0.5377517846450026,5.7634022556390985,0.08888710870000001,5.449248120300752,0.04052816195921458,-0.0065281228585676795,-1.4869742505957622,0.9104414040392096,0.015886360948735967,1.7523357537390363,-0.13215459747747937,0.02388346804813908,2.059670994204242,0.05735151818181818,-0.004151518181818185,-1.065341207023682,0.3236741818181818,-0.01706118181818178,-0.3986265160005891,0.3279900909090909,-0.038090090909090935,-0.6833761932754194,1.0,0.0,,6.123233995736766e-17,0.0,,6.095929579301314e-09,8.805231614546341e-09,1.2039101531870335,1.1920928955078128e-07,-1.1920928955078128e-07,-1.3483997249264843,-1.2423457881865987,-0.03174257951835324,-1.0943255785983033,-0.4931674127692696,-0.02024202279008075,-0.36652102211982707,-0.4897024305672293,-0.04804935407777333,-0.6633866056297699,5.625389822817536,0.1380124328215624,0.3478852113041717,0.10438149964236364,-0.015494390942363628,-1.7483278701209601,5.775794842408191,-0.3265467221074383,-0.26664226376122013
S2A_MSIL2A_20220312T065701_R063_T39QXG_20240523T070747_0000.jpg,S2A_MSIL2A_20220312T065701_R063_T39QXG_20240523T070747,2022-03-12 06:57:01.024000+00:00,2022-03,0.0453049540519714,0.9109132885932922,-0.1349178701639175,0.0548667,0.284878,0.396263,1.0,6.123233995736766e-17,0.0,1.1920928955078125e-07,1,0.9528538584709167,0.2151663452386856,0.4964503049850464,0.0628524249753512,2022-03-12 06:57:01.024,T39QXG,T39QXG,-1.260691159995082,-0.5453410883088546,-0.4020164768608702,5.192183965866364,0.112886610914,7.222286013191972,0.04052816195921458,0.004776792092756818,1.0880565510584275,0.9104414040392096,0.0004718845540826466,0.0520509497690859,-0.13215459747747937,-0.0027632726864381396,-0.2383000906678177,0.05735151818181818,-0.0024848181818181853,-0.6376412399314668,0.3236741818181818,-0.038796181818181785,-0.9064546030349578,0.3279900909090909,0.06827290909090905,1.2248876178777728,1.0,0.0,,6.123233995736766e-17,0.0,,6.095929579301314e-09,-6.095929579301314e-09,-0.8334762598987157,1.1920928955078128e-07,-2.6469779601696886e-23,-2.99404884202322e-16,-1.2423457881865987,-0.01834537180848339,-0.6324567796171686,-0.4931674127692696,-0.05217367553958502,-0.9447054321017606,-0.4897024305672293,0.08768595370635907,1.2106237077925428,5.625389822817536,-0.4332058569511723,-1.0919734403820887,0.10438149964236364,0.008505111271636362,0.9596842579998458,5.775794842408191,1.4464911707837818,1.1811347478830492
S2A_MSIL2A_20220312T065701_R063_T39QXG_20220312T225303_0000.jpg,S2A_MSIL2A_20220312T065701_R063_T39QXG_20220312T225303,2022-03-12 06:57:01.024000+00:00,2022-03,0.0416262149810791,0.913667619228363,-0.1334320455789566,0.0548667,0.284878,0.396263,1.0,6.123233995736766e-17,0.0,5.960464477539065e-08,1,0.9528538584709167,0.2151663452386856,0.4964503049850464,0.1051160955400273,2022-03-12 06:57:01.024,T39QXG,T39QXG,-1.260691159995082,-0.5453410883088546,-0.4020164768608702,5.192183965866364,0.112886610914,7.222286013191972,0.04052816195921458,0.0010980530218645188,0.2501142525463512,0.9104414040392096,0.0032262151891534474,0.35586577967431615,-0.13215459747747937,-0.0012774481014772299,-0.11016502276431064,0.05735151818181818,-0.0024848181818181853,-0.6376412399314668,0.3236741818181818,-0.038796181818181785,-0.9064546030349578,0.3279900909090909,0.06827290909090905,1.2248876178777728,1.0,0.0,,6.123233995736766e-17,0.0,,6.095929579301314e-09,-6.095929579301314e-09,-0.8334762598987157,1.1920928955078128e-07,-5.960464477539063e-08,-0.6741998624632419,-1.2423457881865987,-0.01834537180848339,-0.6324567796171686,-0.4931674127692696,-0.05217367553958502,-0.9447054321017606,-0.4897024305672293,0.08768595370635907,1.2106237077925428,5.625389822817536,-0.4332058569511723,-1.0919734403820887,0.10438149964236364,0.008505111271636362,0.9596842579998458,5.775794842408191,1.4464911707837818,1.1811347478830492
S2B_MSIL2A_20220307T065729_R063_T39QXG_20240524T222725_0000.jpg,S2B_MSIL2A_20220307T065729_R063_T39QXG_20240524T222725,2022-03-07 06:57:29.024000+00:00,2022-03,0.039429485797882,0.9013574123382568,-0.135860338807106,0.0548667,0.284878,0.396263,1.0,6.123233995736766e-17,0.0,2.384185791015625e-07,1,0.9528538584709167,0.2151663452386856,0.4964503049850464,0.0813235825565699,2022-03-07 06:57:29.024,T39QXG,T39QXG,-1.260691159995082,-0.5453410883088546,-0.4020164768608702,5.192183965866364,0.112886610914,7.222286013191972,0.04052816195921458,-0.001098676161332586,-0.2502561911041297,0.9104414040392096,-0.009083991700952754,-1.0020043920451627,-0.13215459747747937,-0.003705741329626616,-0.319577036018038,0.05735151818181818,-0.0024848181818181853,-0.6376412399314668,0.3236741818181818,-0.038796181818181785,-0.9064546030349578,0.3279900909090909,0.06827290909090905,1.2248876178777728,1.0,0.0,,6.123233995736766e-17,0.0,,6.095929579301314e-09,-6.095929579301314e-09,-0.8334762598987157,1.1920928955078128e-07,1.1920928955078122e-07,1.3483997249264836,-1.2423457881865987,-0.01834537180848339,-0.6324567796171686,-0.4931674127692696,-0.05217367553958502,-0.9447054321017606,-0.4897024305672293,0.08768595370635907,1.2106237077925428,5.625389822817536,-0.4332058569511723,-1.0919734403820887,0.10438149964236364,0.008505111271636362,0.9596842579998458,5.775794842408191,1.4464911707837818,1.1811347478830492
S2B_MSIL2A_20220307T065729_R063_T39QXG_20220307T200029_0000.jpg,S2B_MSIL2A_20220307T065729_R063_T39QXG_20220307T200029,2022-03-07 06:57:29.024000+00:00,2022-03,0.0351015925407409,0.9036683440208436,-0.1328878104686737,0.0548667,0.284878,0.396263,1.0,6.123233995736766e-17,1.4901161193847656e-08,1.788139343261719e-07,1,0.9528538584709167,0.2151663452386856,0.4964503049850464,0.1294145663800258,2022-03-07 06:57:29.024,T39QXG,T39QXG,-1.260691159995082,-0.5453410883088546,-0.4020164768608702,5.192183965866364,0.112886610914,7.222286013191972,0.04052816195921458,-0.005426569418473685,-1.2360626736291582,0.9104414040392096,-0.006773060018365973,-0.7470984242837203,-0.13215459747747937,-0.0007332129911943319,-0.06323108216498582,0.05735151818181818,-0.0024848181818181853,-0.6376412399314668,0.3236741818181818,-0.038796181818181785,-0.9064546030349578,0.3279900909090909,0.06827290909090905,1.2248876178777728,1.0,0.0,,6.123233995736766e-17,0.0,,6.095929579301314e-09,8.805231614546341e-09,1.2039101531870335,1.1920928955078128e-07,5.960464477539063e-08,0.6741998624632419,-1.2423457881865987,-0.01834537180848339,-0.6324567796171686,-0.4931674127692696,-0.05217367553958502,-0.9447054321017606,-0.4897024305672293,0.08768595370635907,1.2106237077925428,5.625389822817536,-0.4332058569511723,-1.0919734403820887,0.10438149964236364,0.008505111271636362,0.9596842579998458,5.775794842408191,1.4464911707837818,1.1811347478830492
S2A_MSIL2A_20220302T065811_R063_T39QXG_20240528T164922_0000.jpg,S2A_MSIL2A_20220302T065811_R063_T39QXG_20240528T164922,2022-03-02 06:58:11.024000+00:00,2022-03,0.0424655675888061,0.9001810550689697,-0.1433540880680084,0.0638,0.398474,0.26559,1.0,6.123233995736766e-17,1.4901161193847656e-08,1.788139343261719e-07,1,0.9528538584709167,0.2151663452386856,0.4964503049850464,0.0925497779477863,2022-03-02 06:58:11.024,T39QXG,T39QXG,-1.1951793212788377,-0.39960001059134614,-0.5757882810607157,6.2456739811912225,0.10583070966,4.1628526645768025,0.04052816195921458,0.001937405629591514,0.441301787140988,0.9104414040392096,-0.010260348970239863,-1.1317617926729406,-0.13215459747747937,-0.011199490590529021,-0.9658256444450197,0.05735151818181818,0.006448481818181813,1.6547761813350388,0.3236741818181818,0.07479981818181819,1.7476626904895936,0.3279900909090909,-0.06240009090909093,-1.1195230982060258,1.0,0.0,,6.123233995736766e-17,0.0,,6.095929579301314e-09,8.805231614546341e-09,1.2039101531870335,1.1920928955078128e-07,5.960464477539063e-08,0.6741998624632419,-1.2423457881865987,0.04716646690776094,1.6260641690896502,-0.4931674127692696,0.09356740217792348,1.694219013534301,-0.4897024305672293,-0.08608585049348638,-1.1885321092805885,5.625389822817536,0.6202841583736864,1.5635380167774755,0.10438149964236364,0.001449210017636357,0.16352332098222008,5.775794842408191,-1.6129421778313882,-1.3170505918335698
S2A_MSIL2A_20220302T065811_R063_T39QXG_20220304T043204_0000.jpg,S2A_MSIL2A_20220302T065811_R063_T39QXG_20220304T043204,2022-03-02 06:58:11.024000+00:00,2022-03,0.0369246006011962,0.8993909358978271,-0.1418657302856445,0.0638,0.398474,0.26559,1.0,6.123233995736766e-17,0.0,1.788139343261719e-07,1,0.9528538584709167,0.2151663452386856,0.4964503049850464,0.156224587305896,2022-03-02 06:58:11.024,T39QXG,T39QXG,-1.1951793212788377,-0.39960001059134614,-0.5757882810607157,6.2456739811912225,0.10583070966,4.1628526645768025,0.04052816195921458,-0.003603561358018384,-0.8208183372012867,0.9104414040392096,-0.011050468141382441,-1.2189154257658585,-0.13215459747747937,-0.00971113280816513,-0.8374721177647974,0.05735151818181818,0.006448481818181813,1.6547761813350388,0.3236741818181818,0.07479981818181819,1.7476626904895936,0.3279900909090909,-0.06240009090909093,-1.1195230982060258,1.0,0.0,,6.123233995736766e-17,0.0,,6.095929579301314e-09,-6.095929579301314e-09,-0.8334762598987157,1.1920928955078128e-07,5.960464477539063e-08,0.6741998624632419,-1.2423457881865987,0.04716646690776094,1.6260641690896502,-0.4931674127692696,0.09356740217792348,1.694219013534301,-0.4897024305672293,-0.08608585049348638,-1.1885321092805885,5.625389822817536,0.6202841583736864,1.5635380167774755,0.10438149964236364,0.001449210017636357,0.16352332098222008,5.775794842408191,-1.6129421778313882,-1.3170505918335698
S2B_MSIL2A_20220215T065949_R063_T39QXG_20220223T132730_0000.jpg,S2B_MSIL2A_20220215T065949_R063_T39QXG_20220223T132730,2022-02-15 06:59:49.024000+00:00,2022-02,0.0351344347000122,0.9150400757789612,-0.125391736626625,0.0672,0.43615,0.158894,0.8660254037844386,0.5000000000000001,1.4901161193847656e-08,1.1920928955078125e-07,1,0.9173482060432434,0.2753857970237732,0.447498619556427,0.1708388983903919,2022-02-15 06:59:49.024,T39QXG,T39QXG,-1.1726307269461749,-0.36036412318815236,-0.7988925018869503,6.490327380952381,0.0693016181,2.364494047619048,0.034662306308746296,0.00047212839126590384,0.7071067811865553,0.9058927595615387,0.009147316217422485,0.7071067811865475,-0.1340089067816734,0.008617170155048398,0.7071067811865475,0.0672,0.0,,0.43615,0.0,,0.158894,0.0,,0.8660254037844386,0.0,,0.5000000000000001,0.0,,1.4901161193847656e-08,0.0,,1.4901161193847656e-07,-2.9802322387695312e-08,-0.707106781186547,-1.1726307269461749,0.0,,-0.36036412318815236,0.0,,-0.7988925018869503,0.0,,6.490327380952381,0.0,,0.0693016181,0.0,,2.364494047619048,0.0,
S2A_MSIL2A_20220210T070031_R063_T39QXG_20220221T065843_0000.jpg,S2A_MSIL2A_20220210T070031_R063_T39QXG_20220221T065843,2022-02-10 07:00:31.024000+00:00,2022-02,0.0341901779174804,0.8967454433441162,-0.1426260769367218,0.0672,0.43615,0.158894,0.8660254037844386,0.5000000000000001,1.4901161193847656e-08,1.788139343261719e-07,1,0.9173482060432434,0.2753857970237732,0.447498619556427,0.2023376139070418,2022-02-10 07:00:31.024,T39QXG,T39QXG,-1.1726307269461749,-0.36036412318815236,-0.7988925018869503,6.490327380952381,0.0693016181,2.364494047619048,0.034662306308746296,-0.0004721283912658969,-0.7071067811865449,0.9058927595615387,-0.009147316217422485,-0.7071067811865475,-0.1340089067816734,-0.008617170155048398,-0.7071067811865475,0.0672,0.0,,0.43615,0.0,,0.158894,0.0,,0.8660254037844386,0.0,,0.5000000000000001,0.0,,1.4901161193847656e-08,0.0,,1.4901161193847656e-07,2.980232238769534e-08,0.7071067811865477,-1.1726307269461749,0.0,,-0.36036412318815236,0.0,,-0.7988925018869503,0.0,,6.490327380952381,0.0,,0.0693016181,0.0,,2.364494047619048,0.0,
S2B_MSIL2A_20230322T065629_R063_T39QXG_20240827T110952_0000.jpg,S2B_MSIL2A_20230322T065629_R063_T39QXG_20240827T110952,2023-03-22 06:56:29.024000+00:00,2023-03,0.0418688654899597,0.9048481583595276,-0.1383646726608276,0.0670667,0.511814,0.38765,1.0,6.123233995736766e-17,0.0,5.960464477539065e-08,0,0.9091137051582336,0.2720939517021179,0.6162320673465729,0.0974674783882628,2023-03-22 06:56:29.024,T39QXG,T39QXG,-1.1734930624836981,-0.2908878387309963,-0.41156021169447377,7.631417678221829,0.1984046971,5.780066709708394,0.042208901473454026,-0.0003400359834943231,-0.045129688600736594,0.9300775187356132,-0.025229360376085586,-0.504882978511404,-0.11573303371135675,-0.02263163894947086,-0.4965570270530575,0.07510477142857143,-0.008038071428571422,-0.685008593483961,0.5871058571428571,-0.07529185714285713,-0.4395107928151047,0.41927000000000003,-0.03162000000000004,-0.8002436847346786,1.0,0.0,,6.123233995736766e-17,0.0,,8.647995335715158e-09,-8.647995335715158e-09,-0.7444754771393871,9.366444178989956e-08,-3.4059797014508913e-08,-0.4490887131390716,-1.1292563127339732,-0.04423674974972491,-0.6137416663521397,-0.25301551341373835,-0.03787232531725793,-0.23502537958566608,-0.3792145194925811,-0.03234569220189265,-0.7711621933050617,7.654079964051243,-0.022662285829413875,-0.01654419158218801,0.25174223913,-0.05333754202999999,-0.5937204837670512,5.636453993602388,0.14361271610600568,0.3452756992943944
S2B_MSIL2A_20230322T065629_R063_T39QXG_20230322T124101_0000.jpg,S2B_MSIL2A_20230322T065629_R063_T39QXG_20230322T124101,2023-03-22 06:56:29.024000+00:00,2023-03,0.0383999943733215,0.9048233032226562,-0.1375938653945922,0.0670667,0.511814,0.38765,1.0,6.123233995736766e-17,0.0,0.0,0,0.9091137051582336,0.2720939517021179,0.6162320673465729,0.1403048065149853,2023-03-22 06:56:29.024,T39QXG,T39QXG,-1.1734930624836981,-0.2908878387309963,-0.41156021169447377,7.631417678221829,0.1984046971,5.780066709708394,0.042208901473454026,-0.0038089071001325275,-0.505519414656259,0.9300775187356132,-0.025254215512956923,-0.5053803726326915,-0.11573303371135675,-0.02186083168323545,-0.4796448729926598,0.07510477142857143,-0.008038071428571422,-0.685008593483961,0.5871058571428571,-0.07529185714285713,-0.4395107928151047,0.41927000000000003,-0.03162000000000004,-0.8002436847346786,1.0,0.0,,6.123233995736766e-17,0.0,,8.647995335715158e-09,-8.647995335715158e-09,-0.7444754771393871,9.366444178989956e-08,-9.366444178989956e-08,-1.2349939611324476,-1.1292563127339732,-0.04423674974972491,-0.6137416663521397,-0.25301551341373835,-0.03787232531725793,-0.23502537958566608,-0.3792145194925811,-0.03234569220189265,-0.7711621933050617,7.654079964051243,-0.022662285829413875,-0.01654419158218801,0.25174223913,-0.05333754202999999,-0.5937204837670512,5.636453993602388,0.14361271610600568,0.3452756992943944
S2A_MSIL2A_20230317T065621_R063_T39QXG_20230317T125717_0000.jpg,S2A_MSIL2A_20230317T065621_R063_T39QXG_20230317T125717,2023-03-17 06:56:21.024000+00:00,2023-03,0.0586623549461364,1.0429141521453855,-0.0127101233229041,0.0556,0.259221,0.35943,1.0,6.123233995736766e-17,9.313225746154783e-10,1.1920928955078125e-07,0,0.9091137051582336,0.2720939517021179,0.6162320673465729,0.0071878911623408,2023-03-17 06:56:21.024,T39QXG,T39QXG,-1.2549252084179425,-0.5863298183311973,-0.4443856771137646,4.662248201438849,0.09317180403,6.464568345323742,0.042208901473454026,0.016453453472682372,2.1837078064453146,0.9300775187356132,0.11283663340977235,2.2580554842415004,-0.11573303371135675,0.10302291038845265,2.2604085464185824,0.07510477142857143,-0.019504771428571432,-1.6622066824412953,0.5871058571428571,-0.32788485714285714,-1.9140042360954828,0.41927000000000003,-0.059840000000000004,-1.5144396614333686,1.0,0.0,,6.123233995736766e-17,0.0,,8.647995335715158e-09,-7.71667276109968e-09,-0.6643011949859147,9.366444178989956e-08,2.5544847760881685e-08,0.33681653485430374,-1.1292563127339732,-0.12566889568396933,-1.7435331004668166,-0.25301551341373835,-0.333314304917459,-2.0684581783221256,-0.3792145194925811,-0.06517115762118347,-1.5537627866390509,7.654079964051243,-2.991831762612394,-2.184132626113597,0.25174223913,-0.1585704351,-1.765107874408059,5.636453993602388,0.8281143517213536,1.9909640987171422
S2B_MSIL2A_20230312T065709_R063_T39QXG_20240818T170744_0000.jpg,S2B_MSIL2A_20230312T065709_R063_T39QXG_20240818T170744,2023-03-12 06:57:09.025000+00:00,2023-03,0.0418622493743896,0.914194107055664,-0.1309310346841812,0.084,0.706723,0.45004,1.0,6.123233995736766e-17,1.4901161193847656e-08,0.0,1,0.9091137051582336,0.2720939517021179,0.6162320673465729,0.1220776639475572,2023-03-12 06:57:09.025,T39QXG,T39QXG,-1.0757207139381184,-0.15075077452574467,-0.34674888398633896,8.413369047619048,0.31805361892,5.357619047619047,0.042208901473454026,-0.0003466520990644262,-0.04600778165535068,0.9300775187356132,-0.015883411679949222,-0.3178544393656879,-0.11573303371135675,-0.015198000972824463,-0.33345681225581925,0.07510477142857143,0.008895228571428576,0.758055967352305,0.5871058571428571,0.11961714285714287,0.6982564554314231,0.41927000000000003,0.030769999999999964,0.77873175772568,1.0,0.0,,6.123233995736766e-17,0.0,,8.647995335715158e-09,6.253165858132498e-09,0.5383130373161721,9.366444178989956e-08,-9.366444178989956e-08,-1.2349939611324476,-1.1292563127339732,0.05353559879585479,0.742754108292774,-0.25301551341373835,0.10226473888799367,0.6346272343733642,-0.3792145194925811,0.03246563550624215,0.7740217933122926,7.654079964051243,0.759289083567805,0.5543052523194929,0.25174223913,0.06631137979000001,0.7381372104855406,5.636453993602388,-0.27883494598334124,-0.6703788743264828
S2B_MSIL2A_20230312T065709_R063_T39QXG_20230312T141426_0000.jpg,S2B_MSIL2A_20230312T065709_R063_T39QXG_20230312T141426,2023-03-12 06:57:09.025000+00:00,2023-03,0.0369573831558227,0.9135873317718506,-0.1299211680889129,0.084,0.706723,0.45004,1.0,6.123233995736766e-17,2.9802322387695312e-08,1.1920928955078125e-07,1,0.9091137051582336,0.2720939517021179,0.6162320673465729,0.1949459870568864,2023-03-12 06:57:09.025,T39QXG,T39QXG,-1.0757207139381184,-0.15075077452574467,-0.34674888398633896,8.413369047619048,0.31805361892,5.357619047619047,0.042208901473454026,-0.005251518317631328,-0.6969832543023278,0.9300775187356132,-0.016490186963762588,-0.329997058441722,-0.11573303371135675,-0.014188134377556158,-0.3112994972073505,0.07510477142857143,0.008895228571428576,0.758055967352305,0.5871058571428571,0.11961714285714287,0.6982564554314231,0.41927000000000003,0.030769999999999964,0.77873175772568,1.0,0.0,,6.123233995736766e-17,0.0,,8.647995335715158e-09,2.1154327051980156e-08,1.8211015517717315,9.366444178989956e-08,2.5544847760881685e-08,0.33681653485430374,-1.1292563127339732,0.05353559879585479,0.742754108292774,-0.25301551341373835,0.10226473888799367,0.6346272343733642,-0.3792145194925811,0.03246563550624215,0.7740217933122926,7.654079964051243,0.759289083567805,0.5543052523194929,0.25174223913,0.06631137979000001,0.7381372104855406,5.636453993602388,-0.27883494598334124,-0.6703788743264828
S2A_MSIL2A_20230307T065731_R063_T39QXG_20240821T003413_0000.jpg,S2A_MSIL2A_20230307T065731_R063_T39QXG_20240821T003413,2023-03-07 06:57:31.024000+00:00,2023-03,0.0404524803161621,0.91398423910141,-0.131500631570816,0.084,0.706723,0.45004,1.0,6.123233995736766e-17,1.4901161193847656e-08,1.788139343261719e-07,1,0.9091137051582336,0.2720939517021179,0.6162320673465729,0.1472641495373692,2023-03-07 06:57:31.024,T39QXG,T39QXG,-1.0757207139381184,-0.15075077452574467,-0.34674888398633896,8.413369047619048,0.31805361892,5.357619047619047,0.042208901473454026,-0.0017564211572919236,-0.23311279902132254,0.9300775187356132,-0.01609327963420315,-0.32205425879267013,-0.11573303371135675,-0.015767597859459262,-0.3459542428342028,0.07510477142857143,0.008895228571428576,0.758055967352305,0.5871058571428571,0.11961714285714287,0.6982564554314231,0.41927000000000003,0.030769999999999964,0.77873175772568,1.0,0.0,,6.123233995736766e-17,0.0,,8.647995335715158e-09,6.253165858132498e-09,0.5383130373161721,9.366444178989956e-08,8.514949253627234e-08,1.1227217828476797,-1.1292563127339732,0.05353559879585479,0.742754108292774,-0.25301551341373835,0.10226473888799367,0.6346272343733642,-0.3792145194925811,0.03246563550624215,0.7740217933122926,7.654079964051243,0.759289083567805,0.5543052523194929,0.25174223913,0.06631137979000001,0.7381372104855406,5.636453993602388,-0.27883494598334124,-0.6703788743264828
S2A_MSIL2A_20230307T065731_R063_T39QXG_20230307T123902_0000.jpg,S2A_MSIL2A_20230307T065731_R063_T39QXG_20230307T123902,2023-03-07 06:57:31.024000+00:00,2023-03,0.0372589826583862,0.916191339492798,-0.1291097402572631,0.084,0.706723,0.45004,1.0,6.123233995736766e-17,0.0,1.788139343261719e-07,1,0.9091137051582336,0.2720939517021179,0.6162320673465729,0.2047394023080594,2023-03-07 06:57:31.024,T39QXG,T39QXG,-1.0757207139381184,-0.15075077452574467,-0.34674888398633896,8.413369047619048,0.31805361892,5.357619047619047,0.042208901473454026,-0.004949918815067823,-0.6569548682093151,0.9300775187356132,-0.013886179242815211,-0.2778863764973315,-0.11573303371135675,-0.01337670654590635,-0.2934960940754903,0.07510477142857143,0.008895228571428576,0.758055967352305,0.5871058571428571,0.11961714285714287,0.6982564554314231,0.41927000000000003,0.030769999999999964,0.77873175772568,1.0,0.0,,6.123233995736766e-17,0.0,,8.647995335715158e-09,-8.647995335715158e-09,-0.7444754771393871,9.366444178989956e-08,8.514949253627234e-08,1.1227217828476797,-1.1292563127339732,0.05353559879585479,0.742754108292774,-0.25301551341373835,0.10226473888799367,0.6346272343733642,-0.3792145194925811,0.03246563550624215,0.7740217933122926,7.654079964051243,0.759289083567805,0.5543052523194929,0.25174223913,0.06631137979000001,0.7381372104855406,5.636453993602388,-0.27883494598334124,-0.6703788743264828
S2A_MSIL2A_20230225T065851_R063_T39QXG_20230227T033301_0000.jpg,S2A_MSIL2A_20230225T065851_R063_T39QXG_20230227T033301,2023-02-25 06:58:51.024000+00:00,2023-02,0.0392196401953697,0.9149981141090392,-0.134062260389328,0.1434,1.30962,0.314312,0.8660254037844386,0.5000000000000001,1.4901161193847656e-08,1.788139343261719e-07,0,0.9293758273124696,0.2332836017012596,0.5397148281335831,0.3449652782511058,2023-02-25 06:58:51.024,T39QXG,T39QXG,-0.8434508486682187,0.11714529882852918,-0.5026390378997061,9.132635983263599,0.41162928144,2.191854951185495,0.042253118753433176,-0.0030334785580634765,-0.378442650097719,0.9099409699440002,0.005057144165038996,0.3412767574789833,-0.14093266725540157,0.0068704068660735695,0.9833578208419297,0.26988,-0.12648,-0.610599871923657,3.2642468,-1.9546268,-0.6471101151793892,0.3634964,-0.04918440000000002,-0.9351302474463875,0.8660254037844386,0.0,,0.5000000000000001,0.0,,5.960464477539063e-09,8.940696716308593e-09,1.0954451150103324,8.344650268554687e-08,9.536743164062503e-08,1.1925695879998883,-0.6789989646821526,-0.16445188398606614,-0.47532195746969136,0.3391063031799444,-0.2219610043514152,-0.5036297582622316,-0.4430601312867822,-0.05957890661292392,-0.9639519363015671,10.630936342113277,-1.4983003588496775,-0.6282699764214326,1.311585682862,-0.8999564014220001,-0.678869981472889,2.0169838411625594,0.17487111002293565,0.15478050294367027
S2B_MSIL2A_20230210T070029_R063_T39QXG_20240813T093046_0000.jpg,S2B_MSIL2A_20230210T070029_R063_T39QXG_20240813T093046,2023-02-10 07:00:29.024000+00:00,2023-02,0.0394033193588256,0.8924513459205627,-0.1484289020299911,0.1068,0.936917,0.330955,0.8660254037844386,0.5000000000000001,0.0,1.1920928955078125e-07,0,0.9293758273124696,0.2332836017012596,0.5397148281335831,0.1869048836696663,2023-02-10 07:00:29.024,T39QXG,T39QXG,-0.9714287473074623,-0.028298880871666304,-0.480231053294598,8.772631086142322,0.310077365735,3.098829588014981,0.042253118753433176,-0.002849799394607576,-0.3555276935369716,0.9099409699440002,-0.017489624023437456,-1.180271311525729,-0.14093266725540157,-0.007496234774589522,-1.072932249305439,0.26988,-0.16308,-0.787291485715607,3.2642468,-2.3273298000000002,-0.7704993377448959,0.3634964,-0.0325414,-0.6187012027035373,0.8660254037844386,0.0,,0.5000000000000001,0.0,,5.960464477539063e-09,-5.960464477539063e-09,-0.7302967433402215,8.344650268554687e-08,3.576278686523438e-08,0.447213595499958,-0.6789989646821526,-0.2924297826253097,-0.845221674150451,0.3391063031799444,-0.3674051840516107,-0.8336427588660964,-0.4430601312867822,-0.0371709220078158,-0.6014038236105541,10.630936342113277,-1.8583052559709543,-0.7792278714056099,1.311585682862,-1.001508317127,-0.7554743003312897,2.0169838411625594,1.0818457468524216,0.9575545599460441
S2B_MSIL2A_20230210T070029_R063_T39QXG_20230210T205643_0000.jpg,S2B_MSIL2A_20230210T070029_R063_T39QXG_20230210T205643,2023-02-10 07:00:29.024000+00:00,2023-02,0.0345901548862457,0.8959810137748718,-0.1449690759181976,0.1068,0.936917,0.330955,0.8660254037844386,0.5000000000000001,1.4901161193847656e-08,1.1920928955078125e-07,0,0.9293758273124696,0.2332836017012596,0.5397148281335831,0.3002308497735642,2023-02-10 07:00:29.024,T39QXG,T39QXG,-0.9714287473074623,-0.028298880871666304,-0.480231053294598,8.772631086142322,0.310077365735,3.098829588014981,0.042253118753433176,-0.007662963867187476,-0.9559956656996454,0.9099409699440002,-0.013959956169128374,-0.9420748984940442,-0.14093266725540157,-0.004036408662796032,-0.5777291074674019,0.26988,-0.16308,-0.787291485715607,3.2642468,-2.3273298000000002,-0.7704993377448959,0.3634964,-0.0325414,-0.6187012027035373,0.8660254037844386,0.0,,0.5000000000000001,0.0,,5.960464477539063e-09,8.940696716308593e-09,1.0954451150103324,8.344650268554687e-08,3.576278686523438e-08,0.447213595499958,-0.6789989646821526,-0.2924297826253097,-0.845221674150451,0.3391063031799444,-0.3674051840516107,-0.8336427588660964,-0.4430601312867822,-0.0371709220078158,-0.6014038236105541,10.630936342113277,-1.8583052559709543,-0.7792278714056099,1.311585682862,-1.001508317127,-0.7554743003312897,2.0169838411625594,1.0818457468524216,0.9575545599460441
S2A_MSIL2A_20230205T070101_R063_T39QXG_20240817T062535_0000.jpg,S2A_MSIL2A_20230205T070101_R063_T39QXG_20240817T062535,2023-02-05 07:01:01.024000+00:00,2023-02,0.0557049512863159,0.9217758178710938,-0.1442891657352447,0.4962,6.56889,0.42063,0.8660254037844386,0.5000000000000001,0.0,0.0,1,0.9293758273124696,0.2332836017012596,0.5397148281335831,0.9158796489489424,2023-02-05 07:01:01.024,T39QXG,T39QXG,-0.3043432400638097,0.8174919894072626,-0.3760997559725045,13.238391777509069,2.7630722007,0.8477025392986699,0.042253118753433176,0.013451832532882721,1.6781879466010465,0.9099409699440002,0.01183484792709355,0.7986639087209428,-0.14093266725540157,-0.003356498479843123,-0.4804139107243433,0.26988,0.22631999999999997,1.0925914216774353,3.2642468,3.3046431999999997,1.0940543953345903,0.3634964,0.05713360000000001,1.0862663264267312,0.8660254037844386,0.0,,0.5000000000000001,0.0,,5.960464477539063e-09,-5.960464477539063e-09,-0.7302967433402215,8.344650268554687e-08,-8.344650268554687e-08,-1.0434983894999017,-0.6789989646821526,0.3746557246183429,1.082882652885297,0.3391063031799444,0.47838568622731825,1.085457637997212,-0.4430601312867822,0.06696037531427768,1.0833797917613361,10.630936342113277,2.607455435395792,1.0933628596163258,1.311585682862,1.4514865178379999,1.094909291067734,2.0169838411625594,-1.1692813018638895,-1.0349448114178792
S2A_MSIL2A_20230205T070101_R063_T39QXG_20230206T042309_0000.jpg,S2A_MSIL2A_20230205T070101_R063_T39QXG_20230206T042309,2023-02-05 07:01:01.024000+00:00,2023-02,0.042347528040409,0.9244985580444336,-0.1329139322042465,0.4962,6.56889,0.42063,0.8660254037844386,0.5000000000000001,0.0,0.0,1,0.9293758273124696,0.2332836017012596,0.5397148281335831,0.972560126896701,2023-02-05 07:01:01.024,T39QXG,T39QXG,-0.3043432400638097,0.8174919894072626,-0.3760997559725045,13.238391777509069,2.7630722007,0.8477025392986699,0.042253118753433176,9.440928697582174e-05,0.011778062733291426,0.9099409699440002,0.014557588100433394,0.9824055438198548,-0.14093266725540157,0.00801873505115508,1.1477174466552504,0.26988,0.22631999999999997,1.0925914216774353,3.2642468,3.3046431999999997,1.0940543953345903,0.3634964,0.05713360000000001,1.0862663264267312,0.8660254037844386,0.0,,0.5000000000000001,0.0,,5.960464477539063e-09,-5.960464477539063e-09,-0.7302967433402215,8.344650268554687e-08,-8.344650268554687e-08,-1.0434983894999017,-0.6789989646821526,0.3746557246183429,1.082882652885297,0.3391063031799444,0.47838568622731825,1.085457637997212,-0.4430601312867822,0.06696037531427768,1.0833797917613361,10.630936342113277,2.607455435395792,1.0933628596163258,1.311585682862,1.4514865178379999,1.094909291067734,2.0169838411625594,-1.1692813018638895,-1.0349448114178792
S2B_MSIL2A_20230131T070119_R063_T39QXG_20230131T235314_0000.jpg,S2B_MSIL2A_20230131T070119_R063_T39QXG_20230131T235314,2023-01-31 07:01:19.024000+00:00,2023-01,0.0289442837238311,0.888887345790863,-0.1450978964567184,0.0776,0.631228,0.49849,0.4999999999999999,0.8660254037844387,0.0,1.788139343261719e-07,1,0.960774838924408,0.192691758275032,0.611244797706604,0.3355119113100205,2023-01-31 07:01:19.024,T39QXG,T39QXG,-1.1101382787418115,-0.19981374494472715,-0.30234354946542424,8.134381443298969,0.31466084571999997,6.423840206185567,0.0289442837238311,0.0,,0.888887345790863,0.0,,-0.1450978964567184,0.0,,0.0776,0.0,,0.631228,0.0,,0.49849,0.0,,0.4999999999999999,0.0,,0.8660254037844387,0.0,,0.0,0.0,,1.788139343261719e-07,0.0,,-1.1101382787418115,0.0,,-0.19981374494472715,0.0,,-0.30234354946542424,0.0,,8.134381443298969,0.0,,0.31466084571999997,0.0,,6.423840206185567,0.0,
S2B_MSIL2A_20240326T065619_R063_T39QXG_20240326T132139_0000.jpg,S2B_MSIL2A_20240326T065619_R063_T39QXG_20240326T132139,2024-03-26 06:56:19.024000+00:00,2024-03,0.0563999414443969,0.9207963347434998,-0.1385013908147812,0.0451333,0.199735,0.225725,1.0,6.123233995736766e-17,1.4901161193847656e-08,0.0,0,0.9602426588535308,0.2850478440523147,0.4926832318305969,0.2587510174298339,2024-03-26 06:56:19.024,T39QXG,T39QXG,-1.3455029111199035,-0.6995458260907529,-0.6464203383047105,4.425446399886558,0.045085182875,5.001296160484609,0.042778124411900785,0.013621817032496118,0.6761207651992437,0.9403288861115774,-0.019532551368077633,-0.3723213095829635,-0.10580269557734329,-0.0326986952374379,-0.5016340227809003,0.05247221666666666,-0.00733891666666666,-1.039767285030192,0.301345,-0.10160999999999998,-1.0420168805196939,0.26903000000000005,-0.04330500000000004,-0.5972440813340493,1.0,0.0,,6.123233995736766e-17,0.0,,4.346172014872233e-09,1.0554989178975422e-08,1.7685320544750178,6.953875223795573e-08,-6.953875223795573e-08,-0.8777472595071586,-1.2833281054570171,-0.06217480566288636,-1.0684850349089923,-0.5404506687026923,-0.15909515738806057,-1.1079584863509757,-0.5824658199924936,-0.06395451831221688,-0.5764994121612145,5.630926524036213,-1.2054801241496556,-1.0495792596734606,0.08606590976866667,-0.04098072689366667,-0.8197463597845471,5.071142987259393,-0.06984682677478471,-0.09035297688895101
S2A_MSIL2A_20240321T065621_R063_T39QXG_20240321T122014_0000.jpg,S2A_MSIL2A_20240321T065621_R063_T39QXG_20240321T122014,2024-03-21 06:56:21.024000+00:00,2024-03,0.0626229643821716,0.9746310710906982,-0.0868485793471336,0.0451333,0.199735,0.225725,1.0,6.123233995736766e-17,7.450580596923828e-09,1.1920928955078125e-07,0,0.9602426588535308,0.2850478440523147,0.4926832318305969,0.2194997973035419,2024-03-21 06:56:21.024,T39QXG,T39QXG,-1.3455029111199035,-0.6995458260907529,-0.6464203383047105,4.425446399886558,0.045085182875,5.001296160484609,0.042778124411900785,0.019844839970270818,0.9850013661134429,0.9403288861115774,0.03430218497912085,0.6538538766551459,-0.10580269557734329,0.01895411623020969,0.2907770326545249,0.05247221666666666,-0.00733891666666666,-1.039767285030192,0.301345,-0.10160999999999998,-1.0420168805196939,0.26903000000000005,-0.04330500000000004,-0.5972440813340493,1.0,0.0,,6.123233995736766e-17,0.0,,4.346172014872233e-09,3.1044085820515948e-09,0.5201564866102993,6.953875223795573e-08,4.9670537312825516e-08,0.6269623282193989,-1.2833281054570171,-0.06217480566288636,-1.0684850349089923,-0.5404506687026923,-0.15909515738806057,-1.1079584863509757,-0.5824658199924936,-0.06395451831221688,-0.5764994121612145,5.630926524036213,-1.2054801241496556,-1.0495792596734606,0.08606590976866667,-0.04098072689366667,-0.8197463597845471,5.071142987259393,-0.06984682677478471,-0.09035297688895101
S2B_MSIL2A_20240316T065629_R063_T39QXG_20240316T121959_0000.jpg,S2B_MSIL2A_20240316T065629_R063_T39QXG_20240316T121959,2024-03-16 06:56:29.024000+00:00,2024-03,0.0051672458648681,1.0314512252807615,0.0190562643110752,0.0530667,0.264835,0.235018,1.0,6.123233995736766e-17,3.725290298461914e-09,0.0,0,0.9602426588535308,0.2850478440523147,0.4926832318305969,0.4422205521905571,2024-03-16 06:56:29.024,T39QXG,T39QXG,-1.2751779185200565,-0.5770246200540782,-0.6288988738929294,4.990606161679547,0.06224099203,4.428728373914338,0.042778124411900785,-0.03761087854703268,-1.8668211386462699,0.9403288861115774,0.09112233916918411,1.7369358468541236,-0.10580269557734329,0.12485895988841848,1.915474054064246,0.05247221666666666,0.0005944833333333399,0.08422555392994507,0.301345,-0.03650999999999999,-0.37441232465086133,0.26903000000000005,-0.03401200000000004,-0.4690789907478049,1.0,0.0,,6.123233995736766e-17,0.0,,4.346172014872233e-09,-6.208817164103193e-10,-0.10403129732205993,6.953875223795573e-08,-6.953875223795573e-08,-0.8777472595071586,-1.2833281054570171,0.00815018693696068,0.1400624043936734,-0.5404506687026923,-0.03657395135138586,-0.2547055513469496,-0.5824658199924936,-0.04643305390043584,-0.41855726514537417,5.630926524036213,-0.6403203623566665,-0.5575097908397514,0.08606590976866667,-0.02382491773866667,-0.4765749919252065,5.071142987259393,-0.6424146133450552,-0.8310194663509691
S2A_MSIL2A_20240311T065701_R063_T39QXG_20240311T150535_0000.jpg,S2A_MSIL2A_20240311T065701_R063_T39QXG_20240311T150535,2024-03-11 06:57:01.024000+00:00,2024-03,0.0485901236534118,0.907176911830902,-0.1469125598669052,0.0607,0.413927,0.361725,1.0,6.123233995736766e-17,0.0,1.1920928955078125e-07,1,0.9602426588535308,0.2850478440523147,0.4926832318305969,0.3514182475973644,2024-03-11 06:57:01.024,T39QXG,T39QXG,-1.2168113089247425,-0.3830762441269818,-0.44162147468641727,6.819225700164745,0.149727744075,5.959225700164745,0.042778124411900785,0.005811999241511018,0.28847938311999,0.9403288861115774,-0.0331519742806754,-0.631929042286532,-0.10580269557734329,-0.041109864289561926,-0.6306706261459277,0.05247221666666666,0.008227783333333336,1.1657006513200188,0.301345,0.11258200000000002,1.1545354240986931,0.26903000000000005,0.09269499999999997,1.2784098861392363,1.0,0.0,,6.123233995736766e-17,0.0,,4.346172014872233e-09,-4.346172014872233e-09,-0.7282190812544193,6.953875223795573e-08,4.9670537312825516e-08,0.6269623282193989,-1.2833281054570171,0.0665167965322746,1.1431029161583126,-0.5404506687026923,0.1573744245757105,1.095975088782591,-0.5824658199924936,0.1408443453060763,1.269600403818123,5.630926524036213,1.188299176128532,1.0346202683609995,0.08606590976866667,0.06366183430633333,1.2734414659172109,5.071142987259393,0.8880827129053515,1.1488126310067643
S2B_MSIL2A_20240306T065739_R063_T39QXG_20240306T111016_0000.jpg,S2B_MSIL2A_20240306T065739_R063_T39QXG_20240306T111016,2024-03-06 06:57:39.024000+00:00,2024-03,0.0423868298530578,0.9127628803253174,-0.1342304944992065,0.0607,0.413927,0.361725,1.0,6.123233995736766e-17,0.0,1.788139343261719e-07,1,0.9602426588535308,0.2850478440523147,0.4926832318305969,0.3792592489946,2024-03-06 06:57:39.024,T39QXG,T39QXG,-1.2168113089247425,-0.3830762441269818,-0.44162147468641727,6.819225700164745,0.149727744075,5.959225700164745,0.042778124411900785,-0.00039129455884298614,-0.019421959340085244,0.9403288861115774,-0.027566005786260006,-0.5254516514972813,-0.10580269557734329,-0.0284277989218632,-0.4361137662659271,0.05247221666666666,0.008227783333333336,1.1657006513200188,0.301345,0.11258200000000002,1.1545354240986931,0.26903000000000005,0.09269499999999997,1.2784098861392363,1.0,0.0,,6.123233995736766e-17,0.0,,4.346172014872233e-09,-4.346172014872233e-09,-0.7282190812544193,6.953875223795573e-08,1.0927518208821617e-07,1.3793171220826779,-1.2833281054570171,0.0665167965322746,1.1431029161583126,-0.5404506687026923,0.1573744245757105,1.095975088782591,-0.5824658199924936,0.1408443453060763,1.269600403818123,5.630926524036213,1.188299176128532,1.0346202683609995,0.08606590976866667,0.06366183430633333,1.2734414659172109,5.071142987259393,0.8880827129053515,1.1488126310067643
S2A_MSIL2A_20240301T065821_R063_T39QXG_20240301T115335_0000.jpg,S2A_MSIL2A_20240301T065821_R063_T39QXG_20240301T115335,2024-03-01 06:58:21.024000+00:00,2024-03,0.0415016412734985,0.8951548933982849,-0.1473794132471084,0.0501,0.315911,0.204262,1.0,6.123233995736766e-17,0.0,0.0,0,0.9602426588535308,0.2850478440523147,0.4926832318305969,0.3600359887342654,2024-03-01 06:58:21.024,T39QXG,T39QXG,-1.3001622741327543,-0.5004352517266066,-0.6898124200797768,6.3056087824351295,0.064528612682,4.077085828343313,0.042778124411900785,-0.0012764831384022846,-0.06335841644632152,0.9403288861115774,-0.04517399271329248,-0.8610877201425033,-0.10580269557734329,-0.04157671766976512,-0.6378326715260154,0.05247221666666666,-0.0023722166666666628,-0.33609228650959433,0.301345,0.014566000000000023,0.14937523749286377,0.26903000000000005,-0.06476800000000005,-0.8932526188625723,1.0,0.0,,6.123233995736766e-17,0.0,,4.346172014872233e-09,-4.346172014872233e-09,-0.7282190812544193,6.953875223795573e-08,-6.953875223795573e-08,-0.8777472595071586,-1.2833281054570171,-0.01683416867573717,-0.28929816689231413,-0.5404506687026923,0.04001541697608568,0.2786723464837165,-0.5824658199924936,-0.10734660008728325,-0.9676447181684451,5.630926524036213,0.6746822583989163,0.5874277734646757,0.08606590976866667,-0.02153729708666667,-0.43081522034012115,5.071142987259393,-0.99405715891608,-1.2858998418846597
S2A_MSIL2A_20240220T065921_R063_T39QXG_20240220T112915_0000.jpg,S2A_MSIL2A_20240220T065921_R063_T39QXG_20240220T112915,2024-02-20 06:59:21.024000+00:00,2024-02,0.0429967045783996,0.9083907604217528,-0.1394159644842147,0.0570667,0.324797,0.133698,0.8660254037844386,0.5000000000000001,0.0,1.788139343261719e-07,0,0.9674547910690308,0.2576602399349212,0.4552868604660034,0.3479983310143714,2024-02-20 06:59:21.024,T39QXG,T39QXG,-1.2436172407019188,-0.4883879907900457,-0.8738750893383179,5.691532890459761,0.043424709306,2.3428374165669297,0.04030381888151163,0.00269288569688797,1.1304868382056872,0.9154281218846639,-0.007037361462911118,-0.9369900679186494,-0.13088985532522196,-0.00852610915899274,-0.9387878055409308,0.0674667,-0.010400000000000006,-1.1547005383792521,0.474051,-0.149254,-1.1547005383792517,0.21264466666666668,-0.07894666666666666,-1.1547005383792517,0.8660254037844387,-1.1102230246251565e-16,,0.5000000000000001,0.0,,1.241763432820638e-08,-1.241763432820638e-08,-1.0910894511799618,9.934107462565105e-08,7.947285970052086e-08,0.8728715609439699,-1.173648788165607,-0.06996845253631179,-1.1547005383792517,-0.3365842989901095,-0.1518036917999362,-1.1547005383792512,-0.6902224609135369,-0.18365262842478103,-1.1547005383792515,6.93091844036389,-1.2393855499041297,-1.154700538379251,0.10669596977133333,-0.06327126046533332,-1.1547005383792512,3.0939539188213403,-0.7511165022544106,-1.1547005383792512
S2B_MSIL2A_20240215T065959_R063_T39QXG_20240215T111952_0000.jpg,S2B_MSIL2A_20240215T065959_R063_T39QXG_20240215T111952,2024-02-15 06:59:59.024000+00:00,2024-02,0.0384721159934997,0.9233360886573792,-0.1213388368487358,0.0726667,0.548678,0.252118,0.8660254037844386,0.5000000000000001,2.2351741790771484e-08,1.1920928955078125e-07,1,0.9674547910690308,0.2576602399349212,0.4552868604660034,0.4222664039326806,2024-02-15 06:59:59.024,T39QXG,T39QXG,-1.1386645618974511,-0.2606824530901414,-0.5983961467011464,7.550611215315956,0.138331600004,3.469512169948546,0.04030381888151163,-0.0018317028880119324,-0.7689580024855327,0.9154281218846639,0.007907966772715214,1.0529068831430628,-0.13088985532522196,0.009551018476486164,1.0516379170168404,0.0674667,0.005199999999999996,0.5773502691896253,0.474051,0.074627,0.5773502691896258,0.21264466666666668,0.03947333333333333,0.5773502691896258,0.8660254037844387,-1.1102230246251565e-16,,0.5000000000000001,0.0,,1.241763432820638e-08,9.934107462565104e-09,0.8728715609439694,9.934107462565105e-08,1.9868214925130204e-08,0.21821789023599236,-1.173648788165607,0.034984226268155894,0.5773502691896258,-0.3365842989901095,0.07590184589996812,0.5773502691896258,-0.6902224609135369,0.09182631421239051,0.5773502691896257,6.93091844036389,0.6196927749520658,0.5773502691896263,0.10669596977133333,0.03163563023266666,0.5773502691896256,3.0939539188213403,0.37555825112720553,0.577350269189626
S2A_MSIL2A_20240210T070031_R063_T39QXG_20240210T111914_0000.jpg,S2A_MSIL2A_20240210T070031_R063_T39QXG_20240210T111914,2024-02-10 07:00:31.024000+00:00,2024-02,0.0394426360726356,0.9145575165748596,-0.1319147646427154,0.0726667,0.548678,0.252118,0.8660254037844386,0.5000000000000001,1.4901161193847656e-08,0.0,1,0.9674547910690308,0.2576602399349212,0.4552868604660034,0.4206924045873595,2024-02-10 07:00:31.024,T39QXG,T39QXG,-1.1386645618974511,-0.2606824530901414,-0.5983961467011464,7.550611215315956,0.138331600004,3.469512169948546,0.04030381888151163,-0.0008611828088760307,-0.36152883572015143,0.9154281218846639,-0.0008706053098043176,-0.11591681522444305,-0.13088985532522196,-0.0010249093174934387,-0.11285011147591123,0.0674667,0.005199999999999996,0.5773502691896253,0.474051,0.074627,0.5773502691896258,0.21264466666666668,0.03947333333333333,0.5773502691896258,0.8660254037844387,-1.1102230246251565e-16,,0.5000000000000001,0.0,,1.241763432820638e-08,2.4835268656412755e-09,0.2182178902359923,9.934107462565105e-08,-9.934107462565105e-08,-1.091089451179962,-1.173648788165607,0.034984226268155894,0.5773502691896258,-0.3365842989901095,0.07590184589996812,0.5773502691896258,-0.6902224609135369,0.09182631421239051,0.5773502691896257,6.93091844036389,0.6196927749520658,0.5773502691896263,0.10669596977133333,0.03163563023266666,0.5773502691896256,3.0939539188213403,0.37555825112720553,0.577350269189626
S2A_MSIL2A_20240121T070211_R063_T39QXG_20240121T131026_0000.jpg,S2A_MSIL2A_20240121T070211_R063_T39QXG_20240121T131026,2024-01-21 07:02:11.024000+00:00,2024-01,0.0413639321923255,0.9095876216888428,-0.1401794850826263,0.0725333,0.537742,0.23907,0.4999999999999999,0.8660254037844387,1.4901161193847656e-08,1.788139343261719e-07,1,0.9019465446472168,0.2623277306556701,0.4196178913116455,0.416593081071165,2024-01-21 07:02:11.024,T39QXG,T39QXG,-1.1394625632774271,-0.2694260419013536,-0.6214749184550857,7.413725833513712,0.12855797994,3.2960033529427175,0.038049183785915326,0.0033147484064101757,0.6951468100549372,0.9219837188720703,-0.012396097183227539,-0.32337992908336965,-0.12703799642622468,-0.013141488656401606,-0.38332275837213264,0.071925,0.0006082999999999922,0.06478810285882267,0.534965,0.0027770000000000294,0.025740189619179493,0.2124865,0.02658350000000001,1.005444989766117,0.4999999999999999,0.0,,0.8660254037844387,0.0,,3.725290298461914e-09,1.1175870895385742e-08,1.5,1.9371509552001953e-07,-1.490116119384763e-08,-0.2611164839335463,-1.1457855746338468,0.006323011356419661,0.11496213645378874,-0.27789405010819307,0.008468008206839461,0.10137779238332746,-0.6753326219429513,0.05385770348786556,0.9562563796936197,7.389354588341771,0.024371245171940892,0.049137487919381495,0.11215078508575,0.016407194854250018,1.0790735035396537,3.0115433857636735,0.284459967179044,0.45483964310108776
S2A_MSIL2A_20240111T070241_R063_T39QXG_20240111T113149_0000.jpg,S2A_MSIL2A_20240111T070241_R063_T39QXG_20240111T113149,2024-01-11 07:02:41.024000+00:00,2024-01,0.0424852594733238,0.90427565574646,-0.1467495858669281,0.0848667,0.685757,0.176085,0.4999999999999999,0.8660254037844387,0.0,2.384185791015625e-07,1,0.9019465446472168,0.2623277306556701,0.4196178913116455,0.4687945233980315,2024-01-11 07:02:41.024,T39QXG,T39QXG,-1.0712626848229228,-0.16382975055411872,-0.7542776383239762,8.080401382403227,0.12075152134499999,2.074842075867213,0.038049183785915326,0.004436075687408475,0.9303040488083052,0.9219837188720703,-0.01770806312561035,-0.4619544452678075,-0.12703799642622468,-0.01971158944070342,-0.5749653660910582,0.071925,0.0129417,1.3783794028736416,0.534965,0.15079199999999993,1.3977006384786717,0.2124865,-0.0364015,-1.3767828086960445,0.4999999999999999,0.0,,0.8660254037844387,0.0,,3.725290298461914e-09,-3.725290298461914e-09,-0.5,1.9371509552001953e-07,4.470348358154297e-08,0.7833494518006404,-1.1457855746338468,0.07452288981092403,1.354941521443868,-0.27789405010819307,0.11406429955407435,1.3655616050540569,-0.6753326219429513,-0.07894501638102491,-1.4016876077232123,7.389354588341771,0.6910467940614566,1.3932937466000594,0.11215078508575,0.008600736259249994,0.5656559022266612,3.0115433857636735,-0.9367013098964607,-1.497746391911327
S2B_MSIL2A_20240106T070259_R063_T39QXG_20240106T101530_0000.jpg,S2B_MSIL2A_20240106T070259_R063_T39QXG_20240106T101530,2024-01-06 07:02:59.024000+00:00,2024-01,0.0361114740371704,0.895275354385376,-0.145433023571968,0.0636,0.44439,0.214463,0.4999999999999999,0.8660254037844387,0.0,2.384185791015625e-07,0,0.9019465446472168,0.2623277306556701,0.4196178913116455,0.4236140674311359,2024-01-06 07:02:59.024,T39QXG,T39QXG,-1.1965428843515862,-0.3522357224442276,-0.6686476232083258,6.987264150943396,0.09530521256999999,3.3720597484276724,0.038049183785915326,-0.001937709748744923,-0.4063634959587055,0.9219837188720703,-0.026708364486694336,-0.6967474428424273,-0.12703799642622468,-0.018395027145743315,-0.5365626931772088,0.071925,-0.008324999999999999,-0.8866693347027874,0.534965,-0.09057500000000002,-0.8395454356345546,0.2124865,0.001976499999999992,0.0747554694555917,0.4999999999999999,0.0,,0.8660254037844387,0.0,,3.725290298461914e-09,-3.725290298461914e-09,-0.5,1.9371509552001953e-07,4.470348358154297e-08,0.7833494518006404,-1.1457855746338468,-0.050757309717739396,-0.9228464788179784,-0.27789405010819307,-0.0743416723360345,-0.8900079498535075,-0.6753326219429513,0.006684998734625469,0.1186937480479401,7.389354588341771,-0.4020904373983747,-0.8106977657796867,0.11215078508575,-0.01684557251575,-1.107904862176549,3.0115433857636735,0.3605163626639989,0.5764506526255259
S2A_MSIL2A_20240101T070301_R063_T39QXG_20240101T114458_0000.jpg,S2A_MSIL2A_20240101T070301_R063_T39QXG_20240101T114458,2024-01-01 07:03:01.024000+00:00,2024-01,0.0322360694408416,0.9787962436676024,-0.0757898911833763,0.0667,0.471971,0.220328,0.4999999999999999,0.8660254037844387,0.0,1.1920928955078125e-07,0,0.9019465446472168,0.2623277306556701,0.4196178913116455,0.3511423541356238,2024-01-01 07:03:01.024,T39QXG,T39QXG,-1.175874166083451,-0.32608468553307235,-0.6569303077844174,7.076026986506747,0.103988426488,3.303268365817092,0.038049183785915326,-0.005813114345073728,-1.2190873629045367,0.9219837188720703,0.056812524795532116,1.4820818171936017,-0.12703799642622468,0.05124810524284838,1.494850817640401,0.071925,-0.005225000000000007,-0.5564981710296782,0.534965,-0.06299400000000005,-0.5838953924632975,0.2124865,0.007841500000000001,0.2965823494743358,0.4999999999999999,0.0,,0.8660254037844387,0.0,,3.725290298461914e-09,-3.725290298461914e-09,-0.5,1.9371509552001953e-07,-7.450580596923828e-08,-1.305582419667734,-1.1457855746338468,-0.030088591449604296,-0.5470571790796783,-0.27789405010819307,-0.04819063542487928,-0.5769314475838766,-0.6753326219429513,0.018402314158533883,0.32673747998165253,7.389354588341771,-0.31332760183502373,-0.6317334687397561,0.11215078508575,-0.008162358597749997,-0.5368245435897648,3.0115433857636735,0.2917249800534183,0.46645609618471395
S2B_MSIL2A_20231227T070309_R063_T39QXG_20231227T102112_0000.jpg,S2B_MSIL2A_20231227T070309_R063_T39QXG_20231227T102112,2023-12-27 07:03:09.024000+00:00,2023-12,0.0403409972786903,0.9126861691474916,-0.1351140588521957,0.0667,0.471971,0.220328,-2.4492935982947064e-16,1.0,0.0,1.1920928955078125e-07,1,0.946549355983734,0.204508975148201,0.5123556852340698,0.424805534737671,2023-12-27 07:03:09.024,T39QXG,T39QXG,-1.175874166083451,-0.32608468553307235,-0.6569303077844174,7.076026986506747,0.103988426488,3.303268365817092,0.0403409972786903,0.0,,0.9126861691474916,0.0,,-0.1351140588521957,0.0,,0.0667,0.0,,0.471971,0.0,,0.220328,0.0,,-2.4492935982947064e-16,0.0,,1.0,0.0,,0.0,0.0,,1.1920928955078125e-07,0.0,,-1.175874166083451,0.0,,-0.32608468553307235,0.0,,-0.6569303077844174,0.0,,7.076026986506747,0.0,,0.103988426488,0.0,,3.303268365817092,0.0,
S2C_MSIL2A_20250125T070221_R063_T39QXG_20250125T110112_0000.jpg,S2C_MSIL2A_20250125T070221_R063_T39QXG_20250125T110112,2025-01-25 07:02:21.025000+00:00,2025-01,0.0426294803619384,0.9241055846214294,-0.1232090294361114,0.077,0.627444,0.32883,0.4999999999999999,0.8660254037844387,2.9802322387695312e-08,0.0,1,0.9229947626590728,0.2324838265776633,0.5200057178735733,0.431920777139743,2025-01-25 07:02:21.025,T39QXG,T39QXG,-1.1135092748275182,-0.20242502933101714,-0.48302856753067297,8.148623376623377,0.20632241052,4.27051948051948,0.0402918010950088,0.0023376792669295987,1.4873723841423871,0.9148815870285034,0.009223997592926025,0.5794884951452886,-0.1276890486478805,0.004480019211769104,0.2984689102295274,0.077,0.0,,0.627444,0.0,,0.32883,0.0,,0.4999999999999999,0.0,,0.8660254037844387,0.0,,1.30385160446167e-08,1.6763806343078613e-08,1.3174650984805198,1.341104507446289e-07,-1.341104507446289e-07,-1.3174650984805196,-1.1135092748275182,0.0,,-0.20242502933101714,0.0,,-0.48302856753067297,0.0,,8.148623376623377,0.0,,0.20632241052,0.0,,4.27051948051948,0.0,
S2A_MSIL2A_20250115T070231_R063_T39QXG_20250115T101359_0000.jpg,S2A_MSIL2A_20250115T070231_R063_T39QXG_20250115T101359,2025-01-15 07:02:31.024000+00:00,2025-01,0.0394098162651062,0.904820680618286,-0.1366749852895736,0.077,0.627444,0.32883,0.4999999999999999,0.8660254037844387,1.4901161193847656e-08,1.788139343261719e-07,1,0.9229947626590728,0.2324838265776633,0.5200057178735733,0.4683248251739059,2025-01-15 07:02:31.024,T39QXG,T39QXG,-1.1135092748275182,-0.20242502933101714,-0.48302856753067297,8.148623376623377,0.20632241052,4.27051948051948,0.0402918010950088,-0.0008819848299026004,-0.5611718843503589,0.9148815870285034,-0.010060906410217396,-0.6320664610673454,-0.1276890486478805,-0.008985936641693087,-0.5986632177362063,0.077,0.0,,0.627444,0.0,,0.32883,0.0,,0.4999999999999999,0.0,,0.8660254037844387,0.0,,1.30385160446167e-08,1.862645149230957e-09,0.14638501094227999,1.341104507446289e-07,4.4703483581542995e-08,0.43915503282684015,-1.1135092748275182,0.0,,-0.20242502933101714,0.0,,-0.48302856753067297,0.0,,8.148623376623377,0.0,,0.20632241052,0.0,,4.27051948051948,0.0,
S2B_MSIL2A_20250110T070149_R063_T39QXG_20250110T091744_0000.jpg,S2B_MSIL2A_20250110T070149_R063_T39QXG_20250110T091744,2025-01-10 07:01:49.024000+00:00,2025-01,0.039796769618988,0.9322329163551332,-0.1086293756961822,0.077,0.627444,0.32883,0.4999999999999999,0.8660254037844387,7.450580596923828e-09,1.1920928955078125e-07,1,0.9229947626590728,0.2324838265776633,0.5200057178735733,0.4516016199788794,2025-01-10 07:01:49.024,T39QXG,T39QXG,-1.1135092748275182,-0.20242502933101714,-0.48302856753067297,8.148623376623377,0.20632241052,4.27051948051948,0.0402918010950088,-0.0004950314760207991,-0.31496884843473916,0.9148815870285034,0.01735132932662975,1.0900800459846374,-0.1276890486478805,0.019059672951698303,1.269798084856468,0.077,0.0,,0.627444,0.0,,0.32883,0.0,,0.4999999999999999,0.0,,0.8660254037844387,0.0,,1.30385160446167e-08,-5.587935447692871e-09,-0.43915503282683993,1.341104507446289e-07,-1.4901161193847656e-08,-0.14638501094227996,-1.1135092748275182,0.0,,-0.20242502933101714,0.0,,-0.48302856753067297,0.0,,8.148623376623377,0.0,,0.20632241052,0.0,,4.27051948051948,0.0,
S2A_MSIL2A_20250105T070301_R063_T39QXG_20250105T101308_0000.jpg,S2A_MSIL2A_20250105T070301_R063_T39QXG_20250105T101308,2025-01-05 07:03:01.024000+00:00,2025-01,0.0393311381340026,0.898367166519165,-0.1422428041696548,0.077,0.627444,0.32883,0.4999999999999999,0.8660254037844387,0.0,2.384185791015625e-07,1,0.9229947626590728,0.2324838265776633,0.5200057178735733,0.4754353135903592,2025-01-05 07:03:01.024,T39QXG,T39QXG,-1.1135092748275182,-0.20242502933101714,-0.48302856753067297,8.148623376623377,0.20632241052,4.27051948051948,0.0402918010950088,-0.0009606629610061992,-0.6112316513572892,0.9148815870285034,-0.01651442050933838,-1.0375020800625805,-0.1276890486478805,-0.014553755521774292,-0.9696037773497872,0.077,0.0,,0.627444,0.0,,0.32883,0.0,,0.4999999999999999,0.0,,0.8660254037844387,0.0,,1.30385160446167e-08,-1.30385160446167e-08,-1.02469507659596,1.341104507446289e-07,1.043081283569336e-07,1.0246950765959597,-1.1135092748275182,0.0,,-0.20242502933101714,0.0,,-0.48302856753067297,0.0,,8.148623376623377,0.0,,0.20632241052,0.0,,4.27051948051948,0.0,
S2A_MSIL2A_20241226T070311_R063_T39QXG_20241226T100152_0000.jpg,S2A_MSIL2A_20241226T070311_R063_T39QXG_20241226T100152,2024-12-26 07:03:11.024000+00:00,2024-12,0.0435279011726379,0.9213903546333312,-0.1279069036245346,0.077,0.627444,0.32883,-2.4492935982947064e-16,1.0,1.4901161193847656e-08,1.1920928955078125e-07,1,0.9183853268623352,0.2705946862697601,0.6122208833694458,0.4542637626507109,2024-12-26 07:03:11.024,T39QXG,T39QXG,-1.1135092748275182,-0.20242502933101714,-0.48302856753067297,8.148623376623377,0.20632241052,4.27051948051948,0.0435279011726379,0.0,,0.9213903546333312,0.0,,-0.1279069036245346,0.0,,0.077,0.0,,0.627444,0.0,,0.32883,0.0,,-2.4492935982947064e-16,0.0,,1.0,0.0,,1.4901161193847656e-08,0.0,,1.1920928955078125e-07,0.0,,-1.1135092748275182,0.0,,-0.20242502933101714,0.0,,-0.48302856753067297,0.0,,8.148623376623377,0.0,,0.20632241052,0.0,,4.27051948051948,0.0,
