fai_mean,datetime,rednir_mean,valid_px,rednir_std,ndwi_mean,scene_id,ndwi_std,tile,fai_std,chlor_a,kd490,flh,sst,year,month,season,hab_label,__tag__,__src__,month_sin,month_cos,season_winter,season_spring,season_summer,season_autumn
0.044839322566986,2017-09-09 06:56:19.027000+00:00,0.9070813655853271,16384,1.1920928955078125e-07,-0.157337874174118,S2B_MSIL2A_20170909T065619_R063_T39QXG_20210201T223815,1.4901161193847656e-08,S2B_MSIL2A_20170909T065619_R063_T39QXG_20210201T223815_0000.jpg,0.0,0.741344,0.0852,,25.7933,2017,9,autumn,0,aerial_summer_2017,data/aerial_summer_2017/chip_indices_clean_hab.csv,-1.0,-1.8369701987210297e-16,0,0,0,1
0.044839322566986,2017-09-09 06:56:19.027000+00:00,0.9070813655853271,16384,1.1920928955078125e-07,-0.157337874174118,S2B_MSIL2A_20170909T065619_R063_T39QXG_20210201T223815,1.4901161193847656e-08,S2B_MSIL2A_20170909T065619_R063_T39QXG_20210201T223815_0001.jpg,0.0,0.741344,0.0852,,25.7933,2017,9,autumn,0,aerial_summer_2017,data/aerial_summer_2017/chip_indices_clean_hab.csv,-1.0,-1.8369701987210297e-16,0,0,0,1
0.0548852682113647,2017-08-25 06:56:21.026000+00:00,0.930767297744751,16384,1.1920928955078125e-07,-0.1537606567144394,S2A_MSIL2A_20170825T065621_R063_T39QXG_20210201T094547,1.4901161193847656e-08,S2A_MSIL2A_20170825T065621_R063_T39QXG_20210201T094547_0000.jpg,0.0,0.57676,0.0738,0.235755,26.3283,2017,8,summer,0,aerial_summer_2017,data/aerial_summer_2017/chip_indices_clean_hab.csv,-0.8660254037844384,-0.5000000000000004,0,0,1,0
0.0548852682113647,2017-08-25 06:56:21.026000+00:00,0.930767297744751,16384,1.1920928955078125e-07,-0.1537606567144394,S2A_MSIL2A_20170825T065621_R063_T39QXG_20210201T094547,1.4901161193847656e-08,S2A_MSIL2A_20170825T065621_R063_T39QXG_20210201T094547_0001.jpg,0.0,0.57676,0.0738,0.235755,26.3283,2017,8,summer,0,aerial_summer_2017,data/aerial_summer_2017/chip_indices_clean_hab.csv,-0.8660254037844384,-0.5000000000000004,0,0,1,0
0.0479737743735313,2017-08-20 06:56:19.027000+00:00,0.9054860472679138,16384,0.0,-0.1651863306760788,S2B_MSIL2A_20170820T065619_R063_T39QXG_20201015T042237,0.0,S2B_MSIL2A_20170820T065619_R063_T39QXG_20201015T042237_0000.jpg,7.450580596923828e-09,0.426916,0.0641,0.214845,25.655,2017,8,summer,0,aerial_summer_2017,data/aerial_summer_2017/chip_indices_clean_hab.csv,-0.8660254037844384,-0.5000000000000004,0,0,1,0
0.0479737743735313,2017-08-20 06:56:19.027000+00:00,0.9054860472679138,16384,0.0,-0.1651863306760788,S2B_MSIL2A_20170820T065619_R063_T39QXG_20201015T042237,0.0,S2B_MSIL2A_20170820T065619_R063_T39QXG_20201015T042237_0001.jpg,7.450580596923828e-09,0.426916,0.0641,0.214845,25.655,2017,8,summer,0,aerial_summer_2017,data/aerial_summer_2017/chip_indices_clean_hab.csv,-0.8660254037844384,-0.5000000000000004,0,0,1,0
0.0518622994422912,2017-08-05 06:56:21.026000+00:00,0.91467946767807,16384,1.788139343261719e-07,-0.1642055809497833,S2A_MSIL2A_20170805T065621_R063_T39QXG_20210210T194556,2.9802322387695312e-08,S2A_MSIL2A_20170805T065621_R063_T39QXG_20210210T194556_0000.jpg,0.0,0.339185,0.0674,0.122046,25.37,2017,8,summer,0,aerial_summer_2017,data/aerial_summer_2017/chip_indices_clean_hab.csv,-0.8660254037844384,-0.5000000000000004,0,0,1,0
0.0518622994422912,2017-08-05 06:56:21.026000+00:00,0.91467946767807,16384,1.788139343261719e-07,-0.1642055809497833,S2A_MSIL2A_20170805T065621_R063_T39QXG_20210210T194556,2.9802322387695312e-08,S2A_MSIL2A_20170805T065621_R063_T39QXG_20210210T194556_0001.jpg,0.0,0.339185,0.0674,0.122046,25.37,2017,8,summer,0,aerial_summer_2017,data/aerial_summer_2017/chip_indices_clean_hab.csv,-0.8660254037844384,-0.5000000000000004,0,0,1,0
0.0390426144003868,2017-07-31 06:56:19.027000+00:00,0.8950853943824768,16384,1.788139343261719e-07,-0.1654534339904785,S2B_MSIL2A_20170731T065619_R063_T39QXG_20210210T172720,0.0,S2B_MSIL2A_20170731T065619_R063_T39QXG_20210210T172720_0000.jpg,7.450580596923828e-09,0.452843,0.0652,0.379235,25.7767,2017,7,summer,0,aerial_summer_2017,data/aerial_summer_2017/chip_indices_clean_hab.csv,-0.5000000000000001,-0.8660254037844386,0,0,1,0
0.0390426144003868,2017-07-31 06:56:19.027000+00:00,0.8950853943824768,16384,1.788139343261719e-07,-0.1654534339904785,S2B_MSIL2A_20170731T065619_R063_T39QXG_20210210T172720,0.0,S2B_MSIL2A_20170731T065619_R063_T39QXG_20210210T172720_0001.jpg,7.450580596923828e-09,0.452843,0.0652,0.379235,25.7767,2017,7,summer,0,aerial_summer_2017,data/aerial_summer_2017/chip_indices_clean_hab.csv,-0.5000000000000001,-0.8660254037844386,0,0,1,0
0.0431606546044349,2017-06-26 06:56:21.026000+00:00,0.9044514298439026,16384,1.788139343261719e-07,-0.1620793044567108,S2A_MSIL2A_20170626T065621_R063_T39QXG_20210210T014612,1.4901161193847656e-08,S2A_MSIL2A_20170626T065621_R063_T39QXG_20210210T014612_0000.jpg,7.450580596923828e-09,0.29478,0.0636,,25.8183,2017,6,summer,0,aerial_summer_2017,data/aerial_summer_2017/chip_indices_clean_hab.csv,1.2246467991473532e-16,-1.0,0,0,1,0
0.0431606546044349,2017-06-26 06:56:21.026000+00:00,0.9044514298439026,16384,1.788139343261719e-07,-0.1620793044567108,S2A_MSIL2A_20170626T065621_R063_T39QXG_20210210T014612,1.4901161193847656e-08,S2A_MSIL2A_20170626T065621_R063_T39QXG_20210210T014612_0001.jpg,7.450580596923828e-09,0.29478,0.0636,,25.8183,2017,6,summer,0,aerial_summer_2017,data/aerial_summer_2017/chip_indices_clean_hab.csv,1.2246467991473532e-16,-1.0,0,0,1,0
0.0446950420737266,2017-06-06 06:56:21.026000+00:00,0.9168644547462464,16384,1.788139343261719e-07,-0.1514034122228622,S2A_MSIL2A_20170606T065621_R063_T39QXG_20210209T205041,0.0,S2A_MSIL2A_20170606T065621_R063_T39QXG_20210209T205041_0000.jpg,7.450580596923828e-09,0.776011,0.0874,0.32883,26.0067,2017,6,summer,0,aerial_summer_2017,data/aerial_summer_2017/chip_indices_clean_hab.csv,1.2246467991473532e-16,-1.0,0,0,1,0
0.0446950420737266,2017-06-06 06:56:21.026000+00:00,0.9168644547462464,16384,1.788139343261719e-07,-0.1514034122228622,S2A_MSIL2A_20170606T065621_R063_T39QXG_20210209T205041,0.0,S2A_MSIL2A_20170606T065621_R063_T39QXG_20210209T205041_0001.jpg,7.450580596923828e-09,0.776011,0.0874,0.32883,26.0067,2017,6,summer,0,aerial_summer_2017,data/aerial_summer_2017/chip_indices_clean_hab.csv,1.2246467991473532e-16,-1.0,0,0,1,0
0.0421377196907997,2018-09-29 06:56:51.024000+00:00,0.9059388637542723,16384,1.788139343261719e-07,-0.1600859314203262,S2A_MSIL2A_20180929T065651_R063_T39QXG_20201009T060705,1.4901161193847656e-08,S2A_MSIL2A_20180929T065651_R063_T39QXG_20201009T060705_0000.jpg,7.450580596923828e-09,0.946864,0.0979,0.336352,26.385,2018,9,autumn,0,aerial_summer_2018,data/aerial_summer_2018/chip_indices_clean_hab.csv,-1.0,-1.8369701987210297e-16,0,0,0,1
0.0421377196907997,2018-09-29 06:56:51.024000+00:00,0.9059388637542723,16384,1.788139343261719e-07,-0.1600859314203262,S2A_MSIL2A_20180929T065651_R063_T39QXG_20201009T060705,1.4901161193847656e-08,S2A_MSIL2A_20180929T065651_R063_T39QXG_20201009T060705_0001.jpg,7.450580596923828e-09,0.946864,0.0979,0.336352,26.385,2018,9,autumn,0,aerial_summer_2018,data/aerial_summer_2018/chip_indices_clean_hab.csv,-1.0,-1.8369701987210297e-16,0,0,0,1
0.0395934581756591,2018-09-24 06:56:19.024000+00:00,0.9157702922821044,16384,1.1920928955078125e-07,-0.1448828876018524,S2B_MSIL2A_20180924T065619_R063_T39QXG_20201009T042750,2.9802322387695312e-08,S2B_MSIL2A_20180924T065619_R063_T39QXG_20201009T042750_0000.jpg,0.0,0.946864,0.0979,0.336352,26.385,2018,9,autumn,0,aerial_summer_2018,data/aerial_summer_2018/chip_indices_clean_hab.csv,-1.0,-1.8369701987210297e-16,0,0,0,1
0.0395934581756591,2018-09-24 06:56:19.024000+00:00,0.9157702922821044,16384,1.1920928955078125e-07,-0.1448828876018524,S2B_MSIL2A_20180924T065619_R063_T39QXG_20201009T042750,2.9802322387695312e-08,S2B_MSIL2A_20180924T065619_R063_T39QXG_20201009T042750_0001.jpg,0.0,0.946864,0.0979,0.336352,26.385,2018,9,autumn,0,aerial_summer_2018,data/aerial_summer_2018/chip_indices_clean_hab.csv,-1.0,-1.8369701987210297e-16,0,0,0,1
0.0470229387283325,2018-09-19 06:56:21.024000+00:00,0.9113800525665284,16384,1.1920928955078125e-07,-0.163395419716835,S2A_MSIL2A_20180919T065621_R063_T39QXG_20201009T024121,0.0,S2A_MSIL2A_20180919T065621_R063_T39QXG_20201009T024121_0000.jpg,0.0,0.384632,0.0626,0.23686,26.335,2018,9,autumn,0,aerial_summer_2018,data/aerial_summer_2018/chip_indices_clean_hab.csv,-1.0,-1.8369701987210297e-16,0,0,0,1
0.0470229387283325,2018-09-19 06:56:21.024000+00:00,0.9113800525665284,16384,1.1920928955078125e-07,-0.163395419716835,S2A_MSIL2A_20180919T065621_R063_T39QXG_20201009T024121,0.0,S2A_MSIL2A_20180919T065621_R063_T39QXG_20201009T024121_0001.jpg,0.0,0.384632,0.0626,0.23686,26.335,2018,9,autumn,0,aerial_summer_2018,data/aerial_summer_2018/chip_indices_clean_hab.csv,-1.0,-1.8369701987210297e-16,0,0,0,1
0.0424590334296226,2018-09-14 06:56:19.024000+00:00,0.8981236815452576,16384,0.0,-0.1677370965480804,S2B_MSIL2A_20180914T065619_R063_T39QXG_20201009T011434,2.9802322387695312e-08,S2B_MSIL2A_20180914T065619_R063_T39QXG_20201009T011434_0000.jpg,7.450580596923828e-09,0.384632,0.0626,0.23686,26.335,2018,9,autumn,0,aerial_summer_2018,data/aerial_summer_2018/chip_indices_clean_hab.csv,-1.0,-1.8369701987210297e-16,0,0,0,1
0.0424590334296226,2018-09-14 06:56:19.024000+00:00,0.8981236815452576,16384,0.0,-0.1677370965480804,S2B_MSIL2A_20180914T065619_R063_T39QXG_20201009T011434,2.9802322387695312e-08,S2B_MSIL2A_20180914T065619_R063_T39QXG_20201009T011434_0001.jpg,7.450580596923828e-09,0.384632,0.0626,0.23686,26.335,2018,9,autumn,0,aerial_summer_2018,data/aerial_summer_2018/chip_indices_clean_hab.csv,-1.0,-1.8369701987210297e-16,0,0,0,1
0.0420393347740173,2018-09-09 06:56:21.024000+00:00,0.8946921825408936,16384,1.788139343261719e-07,-0.1705683767795562,S2A_MSIL2A_20180909T065621_R063_T39QXG_20201008T231028,2.9802322387695312e-08,S2A_MSIL2A_20180909T065621_R063_T39QXG_20201008T231028_0000.jpg,0.0,1.51576,0.1302,0.456075,26.4417,2018,9,autumn,1,aerial_summer_2018,data/aerial_summer_2018/chip_indices_clean_hab.csv,-1.0,-1.8369701987210297e-16,0,0,0,1
0.0420393347740173,2018-09-09 06:56:21.024000+00:00,0.8946921825408936,16384,1.788139343261719e-07,-0.1705683767795562,S2A_MSIL2A_20180909T065621_R063_T39QXG_20201008T231028,2.9802322387695312e-08,S2A_MSIL2A_20180909T065621_R063_T39QXG_20201008T231028_0001.jpg,0.0,1.51576,0.1302,0.456075,26.4417,2018,9,autumn,1,aerial_summer_2018,data/aerial_summer_2018/chip_indices_clean_hab.csv,-1.0,-1.8369701987210297e-16,0,0,0,1
0.0411606803536415,2018-09-04 06:56:19.024000+00:00,0.8995077610015869,16384,1.788139343261719e-07,-0.1637744754552841,S2B_MSIL2A_20180904T065619_R063_T39QXG_20201011T083613,0.0,S2B_MSIL2A_20180904T065619_R063_T39QXG_20201011T083613_0000.jpg,7.450580596923828e-09,0.575683,0.075,0.382635,25.72,2018,9,autumn,0,aerial_summer_2018,data/aerial_summer_2018/chip_indices_clean_hab.csv,-1.0,-1.8369701987210297e-16,0,0,0,1
0.0411606803536415,2018-09-04 06:56:19.024000+00:00,0.8995077610015869,16384,1.788139343261719e-07,-0.1637744754552841,S2B_MSIL2A_20180904T065619_R063_T39QXG_20201011T083613,0.0,S2B_MSIL2A_20180904T065619_R063_T39QXG_20201011T083613_0001.jpg,7.450580596923828e-09,0.575683,0.075,0.382635,25.72,2018,9,autumn,0,aerial_summer_2018,data/aerial_summer_2018/chip_indices_clean_hab.csv,-1.0,-1.8369701987210297e-16,0,0,0,1
0.0448196902871131,2018-08-30 06:56:21.024000+00:00,0.9157285094261168,16384,0.0,-0.153169646859169,S2A_MSIL2A_20180830T065621_R063_T39QXG_20201103T141110,0.0,S2A_MSIL2A_20180830T065621_R063_T39QXG_20201103T141110_0000.jpg,7.450580596923828e-09,0.575683,0.075,0.382635,25.72,2018,8,summer,0,aerial_summer_2018,data/aerial_summer_2018/chip_indices_clean_hab.csv,-0.8660254037844384,-0.5000000000000004,0,0,1,0
0.0448196902871131,2018-08-30 06:56:21.024000+00:00,0.9157285094261168,16384,0.0,-0.153169646859169,S2A_MSIL2A_20180830T065621_R063_T39QXG_20201103T141110,0.0,S2A_MSIL2A_20180830T065621_R063_T39QXG_20201103T141110_0001.jpg,7.450580596923828e-09,0.575683,0.075,0.382635,25.72,2018,8,summer,0,aerial_summer_2018,data/aerial_summer_2018/chip_indices_clean_hab.csv,-0.8660254037844384,-0.5000000000000004,0,0,1,0
0.0354360938072204,2018-08-25 06:56:19.024000+00:00,0.90119069814682,16384,1.1920928955078125e-07,-0.1532414704561233,S2B_MSIL2A_20180825T065619_R063_T39QXG_20201011T065431,0.0,S2B_MSIL2A_20180825T065619_R063_T39QXG_20201011T065431_0000.jpg,0.0,,,,24.9917,2018,8,summer,0,aerial_summer_2018,data/aerial_summer_2018/chip_indices_clean_hab.csv,-0.8660254037844384,-0.5000000000000004,0,0,1,0
0.0354360938072204,2018-08-25 06:56:19.024000+00:00,0.90119069814682,16384,1.1920928955078125e-07,-0.1532414704561233,S2B_MSIL2A_20180825T065619_R063_T39QXG_20201011T065431,0.0,S2B_MSIL2A_20180825T065619_R063_T39QXG_20201011T065431_0001.jpg,0.0,,,,24.9917,2018,8,summer,0,aerial_summer_2018,data/aerial_summer_2018/chip_indices_clean_hab.csv,-0.8660254037844384,-0.5000000000000004,0,0,1,0
0.0417311415076255,2018-08-20 06:56:21.024000+00:00,0.9043675065040588,16384,0.0,-0.1607653349637985,S2A_MSIL2A_20180820T065621_R063_T39QXG_20201011T042051,0.0,S2A_MSIL2A_20180820T065621_R063_T39QXG_20201011T042051_0000.jpg,7.450580596923828e-09,0.551472,0.0746,0.185704,25.355,2018,8,summer,0,aerial_summer_2018,data/aerial_summer_2018/chip_indices_clean_hab.csv,-0.8660254037844384,-0.5000000000000004,0,0,1,0
0.0417311415076255,2018-08-20 06:56:21.024000+00:00,0.9043675065040588,16384,0.0,-0.1607653349637985,S2A_MSIL2A_20180820T065621_R063_T39QXG_20201011T042051,0.0,S2A_MSIL2A_20180820T065621_R063_T39QXG_20201011T042051_0001.jpg,7.450580596923828e-09,0.551472,0.0746,0.185704,25.355,2018,8,summer,0,aerial_summer_2018,data/aerial_summer_2018/chip_indices_clean_hab.csv,-0.8660254037844384,-0.5000000000000004,0,0,1,0
0.0386622920632362,2018-08-15 06:57:29.024000+00:00,0.8991031050682068,16384,0.0,-0.1586140096187591,S2B_MSIL2A_20180815T065729_R063_T39QXG_20201011T021229,0.0,S2B_MSIL2A_20180815T065729_R063_T39QXG_20201011T021229_0000.jpg,7.450580596923828e-09,0.551472,0.0746,0.185704,25.355,2018,8,summer,0,aerial_summer_2018,data/aerial_summer_2018/chip_indices_clean_hab.csv,-0.8660254037844384,-0.5000000000000004,0,0,1,0
0.0386622920632362,2018-08-15 06:57:29.024000+00:00,0.8991031050682068,16384,0.0,-0.1586140096187591,S2B_MSIL2A_20180815T065729_R063_T39QXG_20201011T021229,0.0,S2B_MSIL2A_20180815T065729_R063_T39QXG_20201011T021229_0001.jpg,7.450580596923828e-09,0.551472,0.0746,0.185704,25.355,2018,8,summer,0,aerial_summer_2018,data/aerial_summer_2018/chip_indices_clean_hab.csv,-0.8660254037844384,-0.5000000000000004,0,0,1,0
0.0476786866784095,2018-07-16 06:56:19.024000+00:00,0.9020482897758484,16384,1.1920928955078125e-07,-0.1678117960691452,S2B_MSIL2A_20180716T065619_R063_T39QXG_20201011T163441,0.0,S2B_MSIL2A_20180716T065619_R063_T39QXG_20201011T163441_0000.jpg,7.450580596923828e-09,0.63296,0.0779,0.168647,25.2067,2018,7,summer,0,aerial_summer_2018,data/aerial_summer_2018/chip_indices_clean_hab.csv,-0.5000000000000001,-0.8660254037844386,0,0,1,0
0.0476786866784095,2018-07-16 06:56:19.024000+00:00,0.9020482897758484,16384,1.1920928955078125e-07,-0.1678117960691452,S2B_MSIL2A_20180716T065619_R063_T39QXG_20201011T163441,0.0,S2B_MSIL2A_20180716T065619_R063_T39QXG_20201011T163441_0001.jpg,7.450580596923828e-09,0.63296,0.0779,0.168647,25.2067,2018,7,summer,0,aerial_summer_2018,data/aerial_summer_2018/chip_indices_clean_hab.csv,-0.5000000000000001,-0.8660254037844386,0,0,1,0
0.0408328175544738,2018-07-06 06:56:19.024000+00:00,0.906686782836914,16384,0.0,-0.1566378772258758,S2B_MSIL2A_20180706T065619_R063_T39QXG_20201011T124309,2.9802322387695312e-08,S2B_MSIL2A_20180706T065619_R063_T39QXG_20201011T124309_0000.jpg,0.0,0.679299,0.082,,24.6,2018,7,summer,0,aerial_summer_2018,data/aerial_summer_2018/chip_indices_clean_hab.csv,-0.5000000000000001,-0.8660254037844386,0,0,1,0
0.0408328175544738,2018-07-06 06:56:19.024000+00:00,0.906686782836914,16384,0.0,-0.1566378772258758,S2B_MSIL2A_20180706T065619_R063_T39QXG_20201011T124309,2.9802322387695312e-08,S2B_MSIL2A_20180706T065619_R063_T39QXG_20201011T124309_0001.jpg,0.0,0.679299,0.082,,24.6,2018,7,summer,0,aerial_summer_2018,data/aerial_summer_2018/chip_indices_clean_hab.csv,-0.5000000000000001,-0.8660254037844386,0,0,1,0
0.0481508374214172,2018-07-01 06:56:21.024000+00:00,0.9213922023773192,16384,2.384185791015625e-07,-0.1551601588726043,S2A_MSIL2A_20180701T065621_R063_T39QXG_20201011T104015,2.9802322387695312e-08,S2A_MSIL2A_20180701T065621_R063_T39QXG_20201011T104015_0000.jpg,0.0,0.906392,0.0943,0.42845,26.1267,2018,7,summer,0,aerial_summer_2018,data/aerial_summer_2018/chip_indices_clean_hab.csv,-0.5000000000000001,-0.8660254037844386,0,0,1,0
0.0481508374214172,2018-07-01 06:56:21.024000+00:00,0.9213922023773192,16384,2.384185791015625e-07,-0.1551601588726043,S2A_MSIL2A_20180701T065621_R063_T39QXG_20201011T104015,2.9802322387695312e-08,S2A_MSIL2A_20180701T065621_R063_T39QXG_20201011T104015_0001.jpg,0.0,0.906392,0.0943,0.42845,26.1267,2018,7,summer,0,aerial_summer_2018,data/aerial_summer_2018/chip_indices_clean_hab.csv,-0.5000000000000001,-0.8660254037844386,0,0,1,0
0.0438622832298278,2019-09-29 06:56:49.024000+00:00,0.9246671199798584,16384,2.384185791015625e-07,-0.1450235545635223,S2B_MSIL2A_20190929T065649_R063_T39QXG_20201004T183042,1.4901161193847656e-08,S2B_MSIL2A_20190929T065649_R063_T39QXG_20201004T183042_0000.jpg,0.0,,,,,2019,9,autumn,0,aerial_summer_2019,data/aerial_summer_2019/chip_indices_clean_hab.csv,-1.0,-1.8369701987210297e-16,0,0,0,1
0.0438622832298278,2019-09-29 06:56:49.024000+00:00,0.9246671199798584,16384,2.384185791015625e-07,-0.1450235545635223,S2B_MSIL2A_20190929T065649_R063_T39QXG_20201004T183042,1.4901161193847656e-08,S2B_MSIL2A_20190929T065649_R063_T39QXG_20201004T183042_0001.jpg,0.0,,,,,2019,9,autumn,0,aerial_summer_2019,data/aerial_summer_2019/chip_indices_clean_hab.csv,-1.0,-1.8369701987210297e-16,0,0,0,1
0.0459081903100013,2019-09-19 06:56:19.024000+00:00,0.9068841338157654,16384,1.788139343261719e-07,-0.1620821058750152,S2B_MSIL2A_20190919T065619_R063_T39QXG_20201004T150137,0.0,S2B_MSIL2A_20190919T065619_R063_T39QXG_20201004T150137_0000.jpg,7.450580596923828e-09,,,,,2019,9,autumn,0,aerial_summer_2019,data/aerial_summer_2019/chip_indices_clean_hab.csv,-1.0,-1.8369701987210297e-16,0,0,0,1
0.0459081903100013,2019-09-19 06:56:19.024000+00:00,0.9068841338157654,16384,1.788139343261719e-07,-0.1620821058750152,S2B_MSIL2A_20190919T065619_R063_T39QXG_20201004T150137,0.0,S2B_MSIL2A_20190919T065619_R063_T39QXG_20201004T150137_0001.jpg,7.450580596923828e-09,,,,,2019,9,autumn,0,aerial_summer_2019,data/aerial_summer_2019/chip_indices_clean_hab.csv,-1.0,-1.8369701987210297e-16,0,0,0,1
0.0427541509270668,2019-09-14 06:56:21.024000+00:00,0.9148313999176024,16384,2.384185791015625e-07,-0.139967530965805,S2A_MSIL2A_20190914T065621_R063_T39QXG_20201004T125801,1.4901161193847656e-08,S2A_MSIL2A_20190914T065621_R063_T39QXG_20201004T125801_0000.jpg,7.450580596923828e-09,,,,,2019,9,autumn,0,aerial_summer_2019,data/aerial_summer_2019/chip_indices_clean_hab.csv,-1.0,-1.8369701987210297e-16,0,0,0,1
0.0427541509270668,2019-09-14 06:56:21.024000+00:00,0.9148313999176024,16384,2.384185791015625e-07,-0.139967530965805,S2A_MSIL2A_20190914T065621_R063_T39QXG_20201004T125801,1.4901161193847656e-08,S2A_MSIL2A_20190914T065621_R063_T39QXG_20201004T125801_0001.jpg,7.450580596923828e-09,,,,,2019,9,autumn,0,aerial_summer_2019,data/aerial_summer_2019/chip_indices_clean_hab.csv,-1.0,-1.8369701987210297e-16,0,0,0,1
0.0460721254348754,2019-09-09 06:56:29.024000+00:00,0.9107962250709534,16384,1.1920928955078125e-07,-0.1583954989910125,S2B_MSIL2A_20190909T065629_R063_T39QXG_20201004T111201,1.4901161193847656e-08,S2B_MSIL2A_20190909T065629_R063_T39QXG_20201004T111201_0000.jpg,0.0,,,,,2019,9,autumn,0,aerial_summer_2019,data/aerial_summer_2019/chip_indices_clean_hab.csv,-1.0,-1.8369701987210297e-16,0,0,0,1
0.0460721254348754,2019-09-09 06:56:29.024000+00:00,0.9107962250709534,16384,1.1920928955078125e-07,-0.1583954989910125,S2B_MSIL2A_20190909T065629_R063_T39QXG_20201004T111201,1.4901161193847656e-08,S2B_MSIL2A_20190909T065629_R063_T39QXG_20201004T111201_0001.jpg,0.0,,,,,2019,9,autumn,0,aerial_summer_2019,data/aerial_summer_2019/chip_indices_clean_hab.csv,-1.0,-1.8369701987210297e-16,0,0,0,1
0.0452393516898155,2019-09-04 06:56:21.024000+00:00,0.9051705002784728,16384,1.1920928955078125e-07,-0.1626422107219696,S2A_MSIL2A_20190904T065621_R063_T39QXG_20201004T090539,2.9802322387695312e-08,S2A_MSIL2A_20190904T065621_R063_T39QXG_20201004T090539_0000.jpg,7.450580596923828e-09,1.36825,0.122,,25.5267,2019,9,autumn,1,aerial_summer_2019,data/aerial_summer_2019/chip_indices_clean_hab.csv,-1.0,-1.8369701987210297e-16,0,0,0,1
0.0452393516898155,2019-09-04 06:56:21.024000+00:00,0.9051705002784728,16384,1.1920928955078125e-07,-0.1626422107219696,S2A_MSIL2A_20190904T065621_R063_T39QXG_20201004T090539,2.9802322387695312e-08,S2A_MSIL2A_20190904T065621_R063_T39QXG_20201004T090539_0001.jpg,7.450580596923828e-09,1.36825,0.122,,25.5267,2019,9,autumn,1,aerial_summer_2019,data/aerial_summer_2019/chip_indices_clean_hab.csv,-1.0,-1.8369701987210297e-16,0,0,0,1
0.0414163842797279,2019-08-30 06:56:29.024000+00:00,0.8874102234840393,16384,0.0,-0.1731252521276474,S2B_MSIL2A_20190830T065629_R063_T39QXG_20201005T065706,0.0,S2B_MSIL2A_20190830T065629_R063_T39QXG_20201005T065706_0000.jpg,7.450580596923828e-09,,,,,2019,8,summer,0,aerial_summer_2019,data/aerial_summer_2019/chip_indices_clean_hab.csv,-0.8660254037844384,-0.5000000000000004,0,0,1,0
0.0414163842797279,2019-08-30 06:56:29.024000+00:00,0.8874102234840393,16384,0.0,-0.1731252521276474,S2B_MSIL2A_20190830T065629_R063_T39QXG_20201005T065706,0.0,S2B_MSIL2A_20190830T065629_R063_T39QXG_20201005T065706_0001.jpg,7.450580596923828e-09,,,,,2019,8,summer,0,aerial_summer_2019,data/aerial_summer_2019/chip_indices_clean_hab.csv,-0.8660254037844384,-0.5000000000000004,0,0,1,0
0.0466688647866249,2019-08-25 06:56:21.024000+00:00,0.9066040515899658,16384,1.788139343261719e-07,-0.1611194759607315,S2A_MSIL2A_20190825T065621_R063_T39QXG_20201005T043538,0.0,S2A_MSIL2A_20190825T065621_R063_T39QXG_20201005T043538_0000.jpg,7.450580596923828e-09,1.04291,0.1034,0.100123,25.22,2019,8,summer,0,aerial_summer_2019,data/aerial_summer_2019/chip_indices_clean_hab.csv,-0.8660254037844384,-0.5000000000000004,0,0,1,0
0.0466688647866249,2019-08-25 06:56:21.024000+00:00,0.9066040515899658,16384,1.788139343261719e-07,-0.1611194759607315,S2A_MSIL2A_20190825T065621_R063_T39QXG_20201005T043538,0.0,S2A_MSIL2A_20190825T065621_R063_T39QXG_20201005T043538_0001.jpg,7.450580596923828e-09,1.04291,0.1034,0.100123,25.22,2019,8,summer,0,aerial_summer_2019,data/aerial_summer_2019/chip_indices_clean_hab.csv,-0.8660254037844384,-0.5000000000000004,0,0,1,0
0.0450688600540161,2019-08-20 06:56:29.024000+00:00,0.9432661533355712,16384,2.384185791015625e-07,-0.1312259137630462,S2B_MSIL2A_20190820T065629_R063_T39QXG_20201005T024629,1.4901161193847656e-08,S2B_MSIL2A_20190820T065629_R063_T39QXG_20201005T024629_0000.jpg,0.0,,,,,2019,8,summer,0,aerial_summer_2019,data/aerial_summer_2019/chip_indices_clean_hab.csv,-0.8660254037844384,-0.5000000000000004,0,0,1,0
0.0450688600540161,2019-08-20 06:56:29.024000+00:00,0.9432661533355712,16384,2.384185791015625e-07,-0.1312259137630462,S2B_MSIL2A_20190820T065629_R063_T39QXG_20201005T024629,1.4901161193847656e-08,S2B_MSIL2A_20190820T065629_R063_T39QXG_20201005T024629_0001.jpg,0.0,,,,,2019,8,summer,0,aerial_summer_2019,data/aerial_summer_2019/chip_indices_clean_hab.csv,-0.8660254037844384,-0.5000000000000004,0,0,1,0
0.0436918139457702,2019-08-15 06:56:31.024000+00:00,0.9187584519386292,16384,5.960464477539065e-08,-0.1516757309436798,S2A_MSIL2A_20190815T065631_R063_T39QXG_20201005T003451,1.4901161193847656e-08,S2A_MSIL2A_20190815T065631_R063_T39QXG_20201005T003451_0000.jpg,0.0,0.245151,0.0494,,25.1883,2019,8,summer,0,aerial_summer_2019,data/aerial_summer_2019/chip_indices_clean_hab.csv,-0.8660254037844384,-0.5000000000000004,0,0,1,0
0.0436918139457702,2019-08-15 06:56:31.024000+00:00,0.9187584519386292,16384,5.960464477539065e-08,-0.1516757309436798,S2A_MSIL2A_20190815T065631_R063_T39QXG_20201005T003451,1.4901161193847656e-08,S2A_MSIL2A_20190815T065631_R063_T39QXG_20201005T003451_0001.jpg,0.0,0.245151,0.0494,,25.1883,2019,8,summer,0,aerial_summer_2019,data/aerial_summer_2019/chip_indices_clean_hab.csv,-0.8660254037844384,-0.5000000000000004,0,0,1,0
0.044839322566986,2019-08-10 06:56:29.024000+00:00,0.9297323226928712,16384,0.0,-0.1452402770519256,S2B_MSIL2A_20190810T065629_R063_T39QXG_20201004T224711,1.4901161193847656e-08,S2B_MSIL2A_20190810T065629_R063_T39QXG_20201004T224711_0000.jpg,0.0,,,,,2019,8,summer,0,aerial_summer_2019,data/aerial_summer_2019/chip_indices_clean_hab.csv,-0.8660254037844384,-0.5000000000000004,0,0,1,0
0.044839322566986,2019-08-10 06:56:29.024000+00:00,0.9297323226928712,16384,0.0,-0.1452402770519256,S2B_MSIL2A_20190810T065629_R063_T39QXG_20201004T224711,1.4901161193847656e-08,S2B_MSIL2A_20190810T065629_R063_T39QXG_20201004T224711_0001.jpg,0.0,,,,,2019,8,summer,0,aerial_summer_2019,data/aerial_summer_2019/chip_indices_clean_hab.csv,-0.8660254037844384,-0.5000000000000004,0,0,1,0
0.0421966910362243,2019-08-05 06:56:31.024000+00:00,0.9017276763916016,16384,0.0,-0.1603191047906875,S2A_MSIL2A_20190805T065631_R063_T39QXG_20201004T203752,0.0,S2A_MSIL2A_20190805T065631_R063_T39QXG_20201004T203752_0000.jpg,0.0,,,,,2019,8,summer,0,aerial_summer_2019,data/aerial_summer_2019/chip_indices_clean_hab.csv,-0.8660254037844384,-0.5000000000000004,0,0,1,0
0.0421966910362243,2019-08-05 06:56:31.024000+00:00,0.9017276763916016,16384,0.0,-0.1603191047906875,S2A_MSIL2A_20190805T065631_R063_T39QXG_20201004T203752,0.0,S2A_MSIL2A_20190805T065631_R063_T39QXG_20201004T203752_0001.jpg,0.0,,,,,2019,8,summer,0,aerial_summer_2019,data/aerial_summer_2019/chip_indices_clean_hab.csv,-0.8660254037844384,-0.5000000000000004,0,0,1,0
0.0470622777938842,2019-07-26 06:56:31.024000+00:00,0.931516408920288,16384,2.384185791015625e-07,-0.1444757282733917,S2A_MSIL2A_20190726T065631_R063_T39QXG_20201106T015556,2.9802322387695312e-08,S2A_MSIL2A_20190726T065631_R063_T39QXG_20201106T015556_0000.jpg,0.0,,,,,2019,7,summer,0,aerial_summer_2019,data/aerial_summer_2019/chip_indices_clean_hab.csv,-0.5000000000000001,-0.8660254037844386,0,0,1,0
0.0470622777938842,2019-07-26 06:56:31.024000+00:00,0.931516408920288,16384,2.384185791015625e-07,-0.1444757282733917,S2A_MSIL2A_20190726T065631_R063_T39QXG_20201106T015556,2.9802322387695312e-08,S2A_MSIL2A_20190726T065631_R063_T39QXG_20201106T015556_0001.jpg,0.0,,,,,2019,7,summer,0,aerial_summer_2019,data/aerial_summer_2019/chip_indices_clean_hab.csv,-0.5000000000000001,-0.8660254037844386,0,0,1,0
0.0436262115836143,2019-07-21 06:56:29.024000+00:00,0.943362295627594,16384,0.0,-0.1280093491077423,S2B_MSIL2A_20190721T065629_R063_T39QXG_20201005T173638,2.9802322387695312e-08,S2B_MSIL2A_20190721T065629_R063_T39QXG_20201005T173638_0000.jpg,7.450580596923828e-09,,,,25.055,2019,7,summer,0,aerial_summer_2019,data/aerial_summer_2019/chip_indices_clean_hab.csv,-0.5000000000000001,-0.8660254037844386,0,0,1,0
0.0436262115836143,2019-07-21 06:56:29.024000+00:00,0.943362295627594,16384,0.0,-0.1280093491077423,S2B_MSIL2A_20190721T065629_R063_T39QXG_20201005T173638,2.9802322387695312e-08,S2B_MSIL2A_20190721T065629_R063_T39QXG_20201005T173638_0001.jpg,7.450580596923828e-09,,,,25.055,2019,7,summer,0,aerial_summer_2019,data/aerial_summer_2019/chip_indices_clean_hab.csv,-0.5000000000000001,-0.8660254037844386,0,0,1,0
0.0439803376793861,2019-07-16 06:56:31.024000+00:00,0.8966570496559143,16384,5.960464477539065e-08,-0.1681413799524307,S2A_MSIL2A_20190716T065631_R063_T39QXG_20201005T144731,2.9802322387695312e-08,S2A_MSIL2A_20190716T065631_R063_T39QXG_20201005T144731_0000.jpg,7.450580596923828e-09,,,,,2019,7,summer,0,aerial_summer_2019,data/aerial_summer_2019/chip_indices_clean_hab.csv,-0.5000000000000001,-0.8660254037844386,0,0,1,0
0.0439803376793861,2019-07-16 06:56:31.024000+00:00,0.8966570496559143,16384,5.960464477539065e-08,-0.1681413799524307,S2A_MSIL2A_20190716T065631_R063_T39QXG_20201005T144731,2.9802322387695312e-08,S2A_MSIL2A_20190716T065631_R063_T39QXG_20201005T144731_0001.jpg,7.450580596923828e-09,,,,,2019,7,summer,0,aerial_summer_2019,data/aerial_summer_2019/chip_indices_clean_hab.csv,-0.5000000000000001,-0.8660254037844386,0,0,1,0
0.0396590232849121,2019-07-11 06:56:29.024000+00:00,0.8823511600494385,16384,5.960464477539065e-08,-0.1740116328001022,S2B_MSIL2A_20190711T065629_R063_T39QXG_20201005T123514,1.4901161193847656e-08,S2B_MSIL2A_20190711T065629_R063_T39QXG_20201005T123514_0000.jpg,0.0,,,,,2019,7,summer,0,aerial_summer_2019,data/aerial_summer_2019/chip_indices_clean_hab.csv,-0.5000000000000001,-0.8660254037844386,0,0,1,0
0.0396590232849121,2019-07-11 06:56:29.024000+00:00,0.8823511600494385,16384,5.960464477539065e-08,-0.1740116328001022,S2B_MSIL2A_20190711T065629_R063_T39QXG_20201005T123514,1.4901161193847656e-08,S2B_MSIL2A_20190711T065629_R063_T39QXG_20201005T123514_0001.jpg,0.0,,,,,2019,7,summer,0,aerial_summer_2019,data/aerial_summer_2019/chip_indices_clean_hab.csv,-0.5000000000000001,-0.8660254037844386,0,0,1,0
0.0414557456970214,2019-07-06 06:56:31.024000+00:00,0.8915929198265076,16384,0.0,-0.1692305505275726,S2A_MSIL2A_20190706T065631_R063_T39QXG_20201005T095940,2.9802322387695312e-08,S2A_MSIL2A_20190706T065631_R063_T39QXG_20201005T095940_0000.jpg,0.0,,,,,2019,7,summer,0,aerial_summer_2019,data/aerial_summer_2019/chip_indices_clean_hab.csv,-0.5000000000000001,-0.8660254037844386,0,0,1,0
0.0414557456970214,2019-07-06 06:56:31.024000+00:00,0.8915929198265076,16384,0.0,-0.1692305505275726,S2A_MSIL2A_20190706T065631_R063_T39QXG_20201005T095940,2.9802322387695312e-08,S2A_MSIL2A_20190706T065631_R063_T39QXG_20201005T095940_0001.jpg,0.0,,,,,2019,7,summer,0,aerial_summer_2019,data/aerial_summer_2019/chip_indices_clean_hab.csv,-0.5000000000000001,-0.8660254037844386,0,0,1,0
0.0423934459686279,2019-07-01 06:56:29.024000+00:00,0.8929404616355896,16384,1.788139343261719e-07,-0.1705730110406875,S2B_MSIL2A_20190701T065629_R063_T39QXG_20201005T075203,1.4901161193847656e-08,S2B_MSIL2A_20190701T065629_R063_T39QXG_20201005T075203_0000.jpg,0.0,0.323953,0.05196,0.071008,25.8267,2019,7,summer,0,aerial_summer_2019,data/aerial_summer_2019/chip_indices_clean_hab.csv,-0.5000000000000001,-0.8660254037844386,0,0,1,0
0.0423934459686279,2019-07-01 06:56:29.024000+00:00,0.8929404616355896,16384,1.788139343261719e-07,-0.1705730110406875,S2B_MSIL2A_20190701T065629_R063_T39QXG_20201005T075203,1.4901161193847656e-08,S2B_MSIL2A_20190701T065629_R063_T39QXG_20201005T075203_0001.jpg,0.0,0.323953,0.05196,0.071008,25.8267,2019,7,summer,0,aerial_summer_2019,data/aerial_summer_2019/chip_indices_clean_hab.csv,-0.5000000000000001,-0.8660254037844386,0,0,1,0
0.0455934405326843,2020-09-28 06:56:51.024000+00:00,0.8877847194671631,16384,1.1920928955078125e-07,-0.1791176795959472,S2A_MSIL2A_20200928T065651_R063_T39QXG_20201001T020408,0.0,S2A_MSIL2A_20200928T065651_R063_T39QXG_20201001T020408_0000.jpg,0.0,0.944467,0.0973333,0.299165,26.46,2020,9,autumn,0,aerial_summer_2020,data/aerial_summer_2020/chip_indices_clean_hab.csv,-1.0,-1.8369701987210297e-16,0,0,0,1
0.0455934405326843,2020-09-28 06:56:51.024000+00:00,0.8877847194671631,16384,1.1920928955078125e-07,-0.1791176795959472,S2A_MSIL2A_20200928T065651_R063_T39QXG_20201001T020408,0.0,S2A_MSIL2A_20200928T065651_R063_T39QXG_20201001T020408_0001.jpg,0.0,0.944467,0.0973333,0.299165,26.46,2020,9,autumn,0,aerial_summer_2020,data/aerial_summer_2020/chip_indices_clean_hab.csv,-1.0,-1.8369701987210297e-16,0,0,0,1
0.043390154838562,2020-09-23 06:56:29.024000+00:00,0.8780834674835205,16384,1.1920928955078125e-07,-0.1831856071949005,S2B_MSIL2A_20200923T065629_R063_T39QXG_20201028T044418,2.9802322387695312e-08,S2B_MSIL2A_20200923T065629_R063_T39QXG_20201028T044418_0000.jpg,0.0,0.944467,0.0973333,0.299165,26.46,2020,9,autumn,0,aerial_summer_2020,data/aerial_summer_2020/chip_indices_clean_hab.csv,-1.0,-1.8369701987210297e-16,0,0,0,1
0.043390154838562,2020-09-23 06:56:29.024000+00:00,0.8780834674835205,16384,1.1920928955078125e-07,-0.1831856071949005,S2B_MSIL2A_20200923T065629_R063_T39QXG_20201028T044418,2.9802322387695312e-08,S2B_MSIL2A_20200923T065629_R063_T39QXG_20201028T044418_0001.jpg,0.0,0.944467,0.0973333,0.299165,26.46,2020,9,autumn,0,aerial_summer_2020,data/aerial_summer_2020/chip_indices_clean_hab.csv,-1.0,-1.8369701987210297e-16,0,0,0,1
0.0443934425711631,2020-09-18 06:56:31.024000+00:00,0.8876389861106873,16384,1.788139343261719e-07,-0.1751758754253387,S2A_MSIL2A_20200918T065631_R063_T39QXG_20200921T101042,2.9802322387695312e-08,S2A_MSIL2A_20200918T065631_R063_T39QXG_20200921T101042_0000.jpg,7.450580596923828e-09,0.607346,0.0772,0.379405,26.2167,2020,9,autumn,0,aerial_summer_2020,data/aerial_summer_2020/chip_indices_clean_hab.csv,-1.0,-1.8369701987210297e-16,0,0,0,1
0.0443934425711631,2020-09-18 06:56:31.024000+00:00,0.8876389861106873,16384,1.788139343261719e-07,-0.1751758754253387,S2A_MSIL2A_20200918T065631_R063_T39QXG_20200921T101042,2.9802322387695312e-08,S2A_MSIL2A_20200918T065631_R063_T39QXG_20200921T101042_0001.jpg,7.450580596923828e-09,0.607346,0.0772,0.379405,26.2167,2020,9,autumn,0,aerial_summer_2020,data/aerial_summer_2020/chip_indices_clean_hab.csv,-1.0,-1.8369701987210297e-16,0,0,0,1
0.0402098670601844,2020-09-13 06:56:29.024000+00:00,0.8871074914932251,16384,1.1920928955078125e-07,-0.1689699441194534,S2B_MSIL2A_20200913T065629_R063_T39QXG_20201027T093056,0.0,S2B_MSIL2A_20200913T065629_R063_T39QXG_20201027T093056_0000.jpg,7.450580596923828e-09,0.607346,0.0772,0.379405,26.2167,2020,9,autumn,0,aerial_summer_2020,data/aerial_summer_2020/chip_indices_clean_hab.csv,-1.0,-1.8369701987210297e-16,0,0,0,1
0.0402098670601844,2020-09-13 06:56:29.024000+00:00,0.8871074914932251,16384,1.1920928955078125e-07,-0.1689699441194534,S2B_MSIL2A_20200913T065629_R063_T39QXG_20201027T093056,0.0,S2B_MSIL2A_20200913T065629_R063_T39QXG_20201027T093056_0001.jpg,7.450580596923828e-09,0.607346,0.0772,0.379405,26.2167,2020,9,autumn,0,aerial_summer_2020,data/aerial_summer_2020/chip_indices_clean_hab.csv,-1.0,-1.8369701987210297e-16,0,0,0,1
0.0471934303641319,2020-09-08 06:56:31.024000+00:00,0.9064619541168212,16384,1.1920928955078125e-07,-0.1624307632446289,S2A_MSIL2A_20200908T065631_R063_T39QXG_20201027T154720,0.0,S2A_MSIL2A_20200908T065631_R063_T39QXG_20201027T154720_0000.jpg,7.450580596923828e-09,0.202416,0.0476667,0.219832,26.1883,2020,9,autumn,0,aerial_summer_2020,data/aerial_summer_2020/chip_indices_clean_hab.csv,-1.0,-1.8369701987210297e-16,0,0,0,1
0.0471934303641319,2020-09-08 06:56:31.024000+00:00,0.9064619541168212,16384,1.1920928955078125e-07,-0.1624307632446289,S2A_MSIL2A_20200908T065631_R063_T39QXG_20201027T154720,0.0,S2A_MSIL2A_20200908T065631_R063_T39QXG_20201027T154720_0001.jpg,7.450580596923828e-09,0.202416,0.0476667,0.219832,26.1883,2020,9,autumn,0,aerial_summer_2020,data/aerial_summer_2020/chip_indices_clean_hab.csv,-1.0,-1.8369701987210297e-16,0,0,0,1
0.0453967079520225,2020-09-03 06:56:29.024000+00:00,0.8959740996360779,16384,5.960464477539065e-08,-0.1696267426013946,S2B_MSIL2A_20200903T065629_R063_T39QXG_20201027T145703,2.9802322387695312e-08,S2B_MSIL2A_20200903T065629_R063_T39QXG_20201027T145703_0000.jpg,7.450580596923828e-09,,,,25.92,2020,9,autumn,0,aerial_summer_2020,data/aerial_summer_2020/chip_indices_clean_hab.csv,-1.0,-1.8369701987210297e-16,0,0,0,1
0.0453967079520225,2020-09-03 06:56:29.024000+00:00,0.8959740996360779,16384,5.960464477539065e-08,-0.1696267426013946,S2B_MSIL2A_20200903T065629_R063_T39QXG_20201027T145703,2.9802322387695312e-08,S2B_MSIL2A_20200903T065629_R063_T39QXG_20201027T145703_0001.jpg,7.450580596923828e-09,,,,25.92,2020,9,autumn,0,aerial_summer_2020,data/aerial_summer_2020/chip_indices_clean_hab.csv,-1.0,-1.8369701987210297e-16,0,0,0,1
0.0507803186774253,2020-08-29 06:56:31.024000+00:00,0.9682236313819884,16384,1.1920928955078125e-07,-0.1231720745563507,S2A_MSIL2A_20200829T065631_R063_T39QXG_20200907T153502,2.2351741790771484e-08,S2A_MSIL2A_20200829T065631_R063_T39QXG_20200907T153502_0000.jpg,7.450580596923828e-09,,,,25.92,2020,8,summer,0,aerial_summer_2020,data/aerial_summer_2020/chip_indices_clean_hab.csv,-0.8660254037844384,-0.5000000000000004,0,0,1,0
0.0507803186774253,2020-08-29 06:56:31.024000+00:00,0.9682236313819884,16384,1.1920928955078125e-07,-0.1231720745563507,S2A_MSIL2A_20200829T065631_R063_T39QXG_20200907T153502,2.2351741790771484e-08,S2A_MSIL2A_20200829T065631_R063_T39QXG_20200907T153502_0001.jpg,7.450580596923828e-09,,,,25.92,2020,8,summer,0,aerial_summer_2020,data/aerial_summer_2020/chip_indices_clean_hab.csv,-0.8660254037844384,-0.5000000000000004,0,0,1,0
0.0426622852683067,2020-08-24 06:56:29.024000+00:00,0.9228222370147704,16384,1.788139343261719e-07,-0.143661767244339,S2B_MSIL2A_20200824T065629_R063_T39QXG_20200827T163244,1.4901161193847656e-08,S2B_MSIL2A_20200824T065629_R063_T39QXG_20200827T163244_0000.jpg,7.450580596923828e-09,,,,,2020,8,summer,0,aerial_summer_2020,data/aerial_summer_2020/chip_indices_clean_hab.csv,-0.8660254037844384,-0.5000000000000004,0,0,1,0
0.0426622852683067,2020-08-24 06:56:29.024000+00:00,0.9228222370147704,16384,1.788139343261719e-07,-0.143661767244339,S2B_MSIL2A_20200824T065629_R063_T39QXG_20200827T163244,1.4901161193847656e-08,S2B_MSIL2A_20200824T065629_R063_T39QXG_20200827T163244_0001.jpg,7.450580596923828e-09,,,,,2020,8,summer,0,aerial_summer_2020,data/aerial_summer_2020/chip_indices_clean_hab.csv,-0.8660254037844384,-0.5000000000000004,0,0,1,0
0.0436721071600914,2020-08-19 06:56:31.024000+00:00,0.9177610874176024,16384,1.1920928955078125e-07,-0.1509700119495391,S2A_MSIL2A_20200819T065631_R063_T39QXG_20200908T221844,1.4901161193847656e-08,S2A_MSIL2A_20200819T065631_R063_T39QXG_20200908T221844_0000.jpg,7.450580596923828e-09,,,,24.8817,2020,8,summer,0,aerial_summer_2020,data/aerial_summer_2020/chip_indices_clean_hab.csv,-0.8660254037844384,-0.5000000000000004,0,0,1,0
0.0436721071600914,2020-08-19 06:56:31.024000+00:00,0.9177610874176024,16384,1.1920928955078125e-07,-0.1509700119495391,S2A_MSIL2A_20200819T065631_R063_T39QXG_20200908T221844,1.4901161193847656e-08,S2A_MSIL2A_20200819T065631_R063_T39QXG_20200908T221844_0001.jpg,7.450580596923828e-09,,,,24.8817,2020,8,summer,0,aerial_summer_2020,data/aerial_summer_2020/chip_indices_clean_hab.csv,-0.8660254037844384,-0.5000000000000004,0,0,1,0
0.0379934310913085,2020-08-14 06:56:29.024000+00:00,0.942305624485016,16384,0.0,-0.1201956570148468,S2B_MSIL2A_20200814T065629_R063_T39QXG_20200816T060916,2.2351741790771484e-08,S2B_MSIL2A_20200814T065629_R063_T39QXG_20200816T060916_0000.jpg,0.0,,,,24.8817,2020,8,summer,0,aerial_summer_2020,data/aerial_summer_2020/chip_indices_clean_hab.csv,-0.8660254037844384,-0.5000000000000004,0,0,1,0
0.0379934310913085,2020-08-14 06:56:29.024000+00:00,0.942305624485016,16384,0.0,-0.1201956570148468,S2B_MSIL2A_20200814T065629_R063_T39QXG_20200816T060916,2.2351741790771484e-08,S2B_MSIL2A_20200814T065629_R063_T39QXG_20200816T060916_0001.jpg,0.0,,,,24.8817,2020,8,summer,0,aerial_summer_2020,data/aerial_summer_2020/chip_indices_clean_hab.csv,-0.8660254037844384,-0.5000000000000004,0,0,1,0
0.0426491722464561,2020-08-04 06:56:29.024000+00:00,0.9062986373901368,16384,0.0,-0.158904567360878,S2B_MSIL2A_20200804T065629_R063_T39QXG_20200816T035441,0.0,S2B_MSIL2A_20200804T065629_R063_T39QXG_20200816T035441_0000.jpg,7.450580596923828e-09,0.549494,0.072,0.24366,25.8283,2020,8,summer,0,aerial_summer_2020,data/aerial_summer_2020/chip_indices_clean_hab.csv,-0.8660254037844384,-0.5000000000000004,0,0,1,0
0.0426491722464561,2020-08-04 06:56:29.024000+00:00,0.9062986373901368,16384,0.0,-0.158904567360878,S2B_MSIL2A_20200804T065629_R063_T39QXG_20200816T035441,0.0,S2B_MSIL2A_20200804T065629_R063_T39QXG_20200816T035441_0001.jpg,7.450580596923828e-09,0.549494,0.072,0.24366,25.8283,2020,8,summer,0,aerial_summer_2020,data/aerial_summer_2020/chip_indices_clean_hab.csv,-0.8660254037844384,-0.5000000000000004,0,0,1,0
0.0457770600914955,2020-07-30 06:56:31.024000+00:00,0.9349774718284608,16384,0.0,-0.1381731331348419,S2A_MSIL2A_20200730T065631_R063_T39QXG_20200818T030617,1.4901161193847656e-08,S2A_MSIL2A_20200730T065631_R063_T39QXG_20200818T030617_0000.jpg,7.450580596923828e-09,0.657256,0.079,0.549235,25.7583,2020,7,summer,0,aerial_summer_2020,data/aerial_summer_2020/chip_indices_clean_hab.csv,-0.5000000000000001,-0.8660254037844386,0,0,1,0
0.0457770600914955,2020-07-30 06:56:31.024000+00:00,0.9349774718284608,16384,0.0,-0.1381731331348419,S2A_MSIL2A_20200730T065631_R063_T39QXG_20200818T030617,1.4901161193847656e-08,S2A_MSIL2A_20200730T065631_R063_T39QXG_20200818T030617_0001.jpg,7.450580596923828e-09,0.657256,0.079,0.549235,25.7583,2020,7,summer,0,aerial_summer_2020,data/aerial_summer_2020/chip_indices_clean_hab.csv,-0.5000000000000001,-0.8660254037844386,0,0,1,0
0.0452459082007408,2020-07-25 06:56:29.024000+00:00,0.949450433254242,16384,5.960464477539065e-08,-0.1251183450222015,S2B_MSIL2A_20200725T065629_R063_T39QXG_20200817T124238,1.4901161193847656e-08,S2B_MSIL2A_20200725T065629_R063_T39QXG_20200817T124238_0000.jpg,7.450580596923828e-09,0.349124,0.0662,,25.795,2020,7,summer,0,aerial_summer_2020,data/aerial_summer_2020/chip_indices_clean_hab.csv,-0.5000000000000001,-0.8660254037844386,0,0,1,0
0.0452459082007408,2020-07-25 06:56:29.024000+00:00,0.949450433254242,16384,5.960464477539065e-08,-0.1251183450222015,S2B_MSIL2A_20200725T065629_R063_T39QXG_20200817T124238,1.4901161193847656e-08,S2B_MSIL2A_20200725T065629_R063_T39QXG_20200817T124238_0001.jpg,7.450580596923828e-09,0.349124,0.0662,,25.795,2020,7,summer,0,aerial_summer_2020,data/aerial_summer_2020/chip_indices_clean_hab.csv,-0.5000000000000001,-0.8660254037844386,0,0,1,0
0.0415606498718261,2020-07-15 06:56:29.024000+00:00,0.9157006740570068,16384,1.1920928955078125e-07,-0.149097666144371,S2B_MSIL2A_20200715T065629_R063_T39QXG_20200919T085206,1.4901161193847656e-08,S2B_MSIL2A_20200715T065629_R063_T39QXG_20200919T085206_0000.jpg,0.0,0.258787,0.0574667,0.0878551,26.055,2020,7,summer,0,aerial_summer_2020,data/aerial_summer_2020/chip_indices_clean_hab.csv,-0.5000000000000001,-0.8660254037844386,0,0,1,0
0.0415606498718261,2020-07-15 06:56:29.024000+00:00,0.9157006740570068,16384,1.1920928955078125e-07,-0.149097666144371,S2B_MSIL2A_20200715T065629_R063_T39QXG_20200919T085206,1.4901161193847656e-08,S2B_MSIL2A_20200715T065629_R063_T39QXG_20200919T085206_0001.jpg,0.0,0.258787,0.0574667,0.0878551,26.055,2020,7,summer,0,aerial_summer_2020,data/aerial_summer_2020/chip_indices_clean_hab.csv,-0.5000000000000001,-0.8660254037844386,0,0,1,0
0.0433180332183837,2020-07-10 06:56:31.024000+00:00,0.9093058109283448,16384,2.384185791015625e-07,-0.1558618694543838,S2A_MSIL2A_20200710T065631_R063_T39QXG_20200912T162127,1.4901161193847656e-08,S2A_MSIL2A_20200710T065631_R063_T39QXG_20200912T162127_0000.jpg,0.0,0.365672,0.0619667,0.136407,26.31,2020,7,summer,0,aerial_summer_2020,data/aerial_summer_2020/chip_indices_clean_hab.csv,-0.5000000000000001,-0.8660254037844386,0,0,1,0
0.0433180332183837,2020-07-10 06:56:31.024000+00:00,0.9093058109283448,16384,2.384185791015625e-07,-0.1558618694543838,S2A_MSIL2A_20200710T065631_R063_T39QXG_20200912T162127,1.4901161193847656e-08,S2A_MSIL2A_20200710T065631_R063_T39QXG_20200912T162127_0001.jpg,0.0,0.365672,0.0619667,0.136407,26.31,2020,7,summer,0,aerial_summer_2020,data/aerial_summer_2020/chip_indices_clean_hab.csv,-0.5000000000000001,-0.8660254037844386,0,0,1,0
0.0442426428198814,2020-06-30 06:56:31.024000+00:00,0.896254301071167,16384,1.788139343261719e-07,-0.1694410592317581,S2A_MSIL2A_20200630T065631_R063_T39QXG_20200824T160716,0.0,S2A_MSIL2A_20200630T065631_R063_T39QXG_20200824T160716_0000.jpg,7.450580596923828e-09,0.417303,0.0608667,0.16206,26.6833,2020,6,summer,0,aerial_summer_2020,data/aerial_summer_2020/chip_indices_clean_hab.csv,1.2246467991473532e-16,-1.0,0,0,1,0
0.0442426428198814,2020-06-30 06:56:31.024000+00:00,0.896254301071167,16384,1.788139343261719e-07,-0.1694410592317581,S2A_MSIL2A_20200630T065631_R063_T39QXG_20200824T160716,0.0,S2A_MSIL2A_20200630T065631_R063_T39QXG_20200824T160716_0001.jpg,7.450580596923828e-09,0.417303,0.0608667,0.16206,26.6833,2020,6,summer,0,aerial_summer_2020,data/aerial_summer_2020/chip_indices_clean_hab.csv,1.2246467991473532e-16,-1.0,0,0,1,0
0.0381704866886138,2021-09-28 06:56:49.024000+00:00,0.901161015033722,16384,1.1920928955078125e-07,-0.1571357548236847,S2B_MSIL2A_20210928T065649_R063_T39QXG_20210929T000956,2.9802322387695312e-08,S2B_MSIL2A_20210928T065649_R063_T39QXG_20210929T000956_0000.jpg,0.0,0.498898,0.069,0.324155,26.2362,2021,9,autumn,0,aerial_summer_2021,data/aerial_summer_2021/chip_indices_clean_hab.csv,-1.0,-1.8369701987210297e-16,0,0,0,1
0.0381704866886138,2021-09-28 06:56:49.024000+00:00,0.901161015033722,16384,1.1920928955078125e-07,-0.1571357548236847,S2B_MSIL2A_20210928T065649_R063_T39QXG_20210929T000956,2.9802322387695312e-08,S2B_MSIL2A_20210928T065649_R063_T39QXG_20210929T000956_0001.jpg,0.0,0.498898,0.069,0.324155,26.2362,2021,9,autumn,0,aerial_summer_2021,data/aerial_summer_2021/chip_indices_clean_hab.csv,-1.0,-1.8369701987210297e-16,0,0,0,1
0.0394098535180091,2021-09-23 06:56:31.024000+00:00,0.8708190321922302,16384,5.960464477539065e-08,-0.1842517852783203,S2A_MSIL2A_20210923T065631_R063_T39QXG_20210924T013326,0.0,S2A_MSIL2A_20210923T065631_R063_T39QXG_20210924T013326_0000.jpg,7.450580596923828e-09,0.498898,0.069,0.324155,26.2362,2021,9,autumn,0,aerial_summer_2021,data/aerial_summer_2021/chip_indices_clean_hab.csv,-1.0,-1.8369701987210297e-16,0,0,0,1
0.0394098535180091,2021-09-23 06:56:31.024000+00:00,0.8708190321922302,16384,5.960464477539065e-08,-0.1842517852783203,S2A_MSIL2A_20210923T065631_R063_T39QXG_20210924T013326,0.0,S2A_MSIL2A_20210923T065631_R063_T39QXG_20210924T013326_0001.jpg,7.450580596923828e-09,0.498898,0.069,0.324155,26.2362,2021,9,autumn,0,aerial_summer_2021,data/aerial_summer_2021/chip_indices_clean_hab.csv,-1.0,-1.8369701987210297e-16,0,0,0,1
0.0412130951881408,2021-09-18 06:56:19.024000+00:00,0.90558123588562,16384,1.788139343261719e-07,-0.1580696403980255,S2B_MSIL2A_20210918T065619_R063_T39QXG_20210918T182437,2.9802322387695312e-08,S2B_MSIL2A_20210918T065619_R063_T39QXG_20210918T182437_0000.jpg,0.0,0.761699,0.0863333,0.0376767,26.3917,2021,9,autumn,0,aerial_summer_2021,data/aerial_summer_2021/chip_indices_clean_hab.csv,-1.0,-1.8369701987210297e-16,0,0,0,1
0.0412130951881408,2021-09-18 06:56:19.024000+00:00,0.90558123588562,16384,1.788139343261719e-07,-0.1580696403980255,S2B_MSIL2A_20210918T065619_R063_T39QXG_20210918T182437,2.9802322387695312e-08,S2B_MSIL2A_20210918T065619_R063_T39QXG_20210918T182437_0001.jpg,0.0,0.761699,0.0863333,0.0376767,26.3917,2021,9,autumn,0,aerial_summer_2021,data/aerial_summer_2021/chip_indices_clean_hab.csv,-1.0,-1.8369701987210297e-16,0,0,0,1
0.0492262244224548,2021-09-13 06:56:21.024000+00:00,0.9547759890556335,16384,1.1920928955078125e-07,-0.1293662637472152,S2A_MSIL2A_20210913T065621_R063_T39QXG_20210913T211924,0.0,S2A_MSIL2A_20210913T065621_R063_T39QXG_20210913T211924_0000.jpg,0.0,0.219145,0.0524,0.243207,26.4733,2021,9,autumn,0,aerial_summer_2021,data/aerial_summer_2021/chip_indices_clean_hab.csv,-1.0,-1.8369701987210297e-16,0,0,0,1
0.0492262244224548,2021-09-13 06:56:21.024000+00:00,0.9547759890556335,16384,1.1920928955078125e-07,-0.1293662637472152,S2A_MSIL2A_20210913T065621_R063_T39QXG_20210913T211924,0.0,S2A_MSIL2A_20210913T065621_R063_T39QXG_20210913T211924_0001.jpg,0.0,0.219145,0.0524,0.243207,26.4733,2021,9,autumn,0,aerial_summer_2021,data/aerial_summer_2021/chip_indices_clean_hab.csv,-1.0,-1.8369701987210297e-16,0,0,0,1
0.0401180014014244,2021-09-08 06:56:19.024000+00:00,0.9021634459495544,16384,1.1920928955078125e-07,-0.1573083698749542,S2B_MSIL2A_20210908T065619_R063_T39QXG_20210908T213712,2.9802322387695312e-08,S2B_MSIL2A_20210908T065619_R063_T39QXG_20210908T213712_0000.jpg,7.450580596923828e-09,0.219145,0.0524,0.243207,26.4733,2021,9,autumn,0,aerial_summer_2021,data/aerial_summer_2021/chip_indices_clean_hab.csv,-1.0,-1.8369701987210297e-16,0,0,0,1
0.0401180014014244,2021-09-08 06:56:19.024000+00:00,0.9021634459495544,16384,1.1920928955078125e-07,-0.1573083698749542,S2B_MSIL2A_20210908T065619_R063_T39QXG_20210908T213712,2.9802322387695312e-08,S2B_MSIL2A_20210908T065619_R063_T39QXG_20210908T213712_0001.jpg,7.450580596923828e-09,0.219145,0.0524,0.243207,26.4733,2021,9,autumn,0,aerial_summer_2021,data/aerial_summer_2021/chip_indices_clean_hab.csv,-1.0,-1.8369701987210297e-16,0,0,0,1
0.0475147739052772,2021-09-03 06:56:21.024000+00:00,0.9252168536186218,16384,1.1920928955078125e-07,-0.1482071727514267,S2A_MSIL2A_20210903T065621_R063_T39QXG_20210903T164501,0.0,S2A_MSIL2A_20210903T065621_R063_T39QXG_20210903T164501_0000.jpg,7.450580596923828e-09,0.221893,0.0554667,0.16818,26.1433,2021,9,autumn,0,aerial_summer_2021,data/aerial_summer_2021/chip_indices_clean_hab.csv,-1.0,-1.8369701987210297e-16,0,0,0,1
0.0475147739052772,2021-09-03 06:56:21.024000+00:00,0.9252168536186218,16384,1.1920928955078125e-07,-0.1482071727514267,S2A_MSIL2A_20210903T065621_R063_T39QXG_20210903T164501,0.0,S2A_MSIL2A_20210903T065621_R063_T39QXG_20210903T164501_0001.jpg,7.450580596923828e-09,0.221893,0.0554667,0.16818,26.1433,2021,9,autumn,0,aerial_summer_2021,data/aerial_summer_2021/chip_indices_clean_hab.csv,-1.0,-1.8369701987210297e-16,0,0,0,1
0.044950820505619,2021-08-29 06:56:19.024000+00:00,0.9159308075904846,16384,5.960464477539065e-08,-0.1530115604400634,S2B_MSIL2A_20210829T065619_R063_T39QXG_20210829T203957,0.0,S2B_MSIL2A_20210829T065619_R063_T39QXG_20210829T203957_0000.jpg,7.450580596923828e-09,0.221893,0.0554667,0.16818,26.1433,2021,8,summer,0,aerial_summer_2021,data/aerial_summer_2021/chip_indices_clean_hab.csv,-0.8660254037844384,-0.5000000000000004,0,0,1,0
0.044950820505619,2021-08-29 06:56:19.024000+00:00,0.9159308075904846,16384,5.960464477539065e-08,-0.1530115604400634,S2B_MSIL2A_20210829T065619_R063_T39QXG_20210829T203957,0.0,S2B_MSIL2A_20210829T065619_R063_T39QXG_20210829T203957_0001.jpg,7.450580596923828e-09,0.221893,0.0554667,0.16818,26.1433,2021,8,summer,0,aerial_summer_2021,data/aerial_summer_2021/chip_indices_clean_hab.csv,-0.8660254037844384,-0.5000000000000004,0,0,1,0
0.0465967431664466,2021-08-24 06:56:21.024000+00:00,0.9249182343482972,16384,0.0,-0.1470452100038528,S2A_MSIL2A_20210824T065621_R063_T39QXG_20210824T155101,0.0,S2A_MSIL2A_20210824T065621_R063_T39QXG_20210824T155101_0000.jpg,7.450580596923828e-09,0.191344,0.0496,0.15645,25.9283,2021,8,summer,0,aerial_summer_2021,data/aerial_summer_2021/chip_indices_clean_hab.csv,-0.8660254037844384,-0.5000000000000004,0,0,1,0
0.0465967431664466,2021-08-24 06:56:21.024000+00:00,0.9249182343482972,16384,0.0,-0.1470452100038528,S2A_MSIL2A_20210824T065621_R063_T39QXG_20210824T155101,0.0,S2A_MSIL2A_20210824T065621_R063_T39QXG_20210824T155101_0001.jpg,7.450580596923828e-09,0.191344,0.0496,0.15645,25.9283,2021,8,summer,0,aerial_summer_2021,data/aerial_summer_2021/chip_indices_clean_hab.csv,-0.8660254037844384,-0.5000000000000004,0,0,1,0
0.0410950779914855,2021-08-19 06:56:19.024000+00:00,0.8972957134246826,16384,1.788139343261719e-07,-0.1611744612455368,S2B_MSIL2A_20210819T065619_R063_T39QXG_20210819T181500,0.0,S2B_MSIL2A_20210819T065619_R063_T39QXG_20210819T181500_0000.jpg,0.0,0.128509,0.0496,,24.8367,2021,8,summer,0,aerial_summer_2021,data/aerial_summer_2021/chip_indices_clean_hab.csv,-0.8660254037844384,-0.5000000000000004,0,0,1,0
0.0410950779914855,2021-08-19 06:56:19.024000+00:00,0.8972957134246826,16384,1.788139343261719e-07,-0.1611744612455368,S2B_MSIL2A_20210819T065619_R063_T39QXG_20210819T181500,0.0,S2B_MSIL2A_20210819T065619_R063_T39QXG_20210819T181500_0001.jpg,0.0,0.128509,0.0496,,24.8367,2021,8,summer,0,aerial_summer_2021,data/aerial_summer_2021/chip_indices_clean_hab.csv,-0.8660254037844384,-0.5000000000000004,0,0,1,0
0.0505704879760742,2021-08-14 06:56:31.024000+00:00,0.9285696148872375,16384,1.1920928955078125e-07,-0.1530180871486663,S2A_MSIL2A_20210814T065631_R063_T39QXG_20210814T183828,0.0,S2A_MSIL2A_20210814T065631_R063_T39QXG_20210814T183828_0000.jpg,0.0,0.128509,0.0496,,24.8367,2021,8,summer,0,aerial_summer_2021,data/aerial_summer_2021/chip_indices_clean_hab.csv,-0.8660254037844384,-0.5000000000000004,0,0,1,0
0.0505704879760742,2021-08-14 06:56:31.024000+00:00,0.9285696148872375,16384,1.1920928955078125e-07,-0.1530180871486663,S2A_MSIL2A_20210814T065631_R063_T39QXG_20210814T183828,0.0,S2A_MSIL2A_20210814T065631_R063_T39QXG_20210814T183828_0001.jpg,0.0,0.128509,0.0496,,24.8367,2021,8,summer,0,aerial_summer_2021,data/aerial_summer_2021/chip_indices_clean_hab.csv,-0.8660254037844384,-0.5000000000000004,0,0,1,0
0.0432918071746826,2021-08-09 06:56:29.024000+00:00,0.920388162136078,16384,5.960464477539065e-08,-0.1464491784572601,S2B_MSIL2A_20210809T065629_R063_T39QXG_20210809T164727,0.0,S2B_MSIL2A_20210809T065629_R063_T39QXG_20210809T164727_0000.jpg,0.0,,,,25.195,2021,8,summer,0,aerial_summer_2021,data/aerial_summer_2021/chip_indices_clean_hab.csv,-0.8660254037844384,-0.5000000000000004,0,0,1,0
0.0432918071746826,2021-08-09 06:56:29.024000+00:00,0.920388162136078,16384,5.960464477539065e-08,-0.1464491784572601,S2B_MSIL2A_20210809T065629_R063_T39QXG_20210809T164727,0.0,S2B_MSIL2A_20210809T065629_R063_T39QXG_20210809T164727_0001.jpg,0.0,,,,25.195,2021,8,summer,0,aerial_summer_2021,data/aerial_summer_2021/chip_indices_clean_hab.csv,-0.8660254037844384,-0.5000000000000004,0,0,1,0
0.044314719736576,2021-08-04 06:56:31.024000+00:00,0.8905991911888123,16384,5.960464477539065e-08,-0.1743947714567184,S2A_MSIL2A_20210804T065631_R063_T39QXG_20210804T174443,2.9802322387695312e-08,S2A_MSIL2A_20210804T065631_R063_T39QXG_20210804T174443_0000.jpg,7.450580596923828e-09,1.25599,0.1158,0.1862,25.6675,2021,8,summer,0,aerial_summer_2021,data/aerial_summer_2021/chip_indices_clean_hab.csv,-0.8660254037844384,-0.5000000000000004,0,0,1,0
0.044314719736576,2021-08-04 06:56:31.024000+00:00,0.8905991911888123,16384,5.960464477539065e-08,-0.1743947714567184,S2A_MSIL2A_20210804T065631_R063_T39QXG_20210804T174443,2.9802322387695312e-08,S2A_MSIL2A_20210804T065631_R063_T39QXG_20210804T174443_0001.jpg,7.450580596923828e-09,1.25599,0.1158,0.1862,25.6675,2021,8,summer,0,aerial_summer_2021,data/aerial_summer_2021/chip_indices_clean_hab.csv,-0.8660254037844384,-0.5000000000000004,0,0,1,0
0.0426426157355308,2021-07-30 06:56:29.024000+00:00,0.8977594971656799,16384,0.0,-0.1609268337488174,S2B_MSIL2A_20210730T065629_R063_T39QXG_20210730T184548,0.0,S2B_MSIL2A_20210730T065629_R063_T39QXG_20210730T184548_0000.jpg,7.450580596923828e-09,1.25599,0.1158,0.1862,25.6675,2021,7,summer,0,aerial_summer_2021,data/aerial_summer_2021/chip_indices_clean_hab.csv,-0.5000000000000001,-0.8660254037844386,0,0,1,0
0.0426426157355308,2021-07-30 06:56:29.024000+00:00,0.8977594971656799,16384,0.0,-0.1609268337488174,S2B_MSIL2A_20210730T065629_R063_T39QXG_20210730T184548,0.0,S2B_MSIL2A_20210730T065629_R063_T39QXG_20210730T184548_0001.jpg,7.450580596923828e-09,1.25599,0.1158,0.1862,25.6675,2021,7,summer,0,aerial_summer_2021,data/aerial_summer_2021/chip_indices_clean_hab.csv,-0.5000000000000001,-0.8660254037844386,0,0,1,0
0.0488065481185913,2021-07-25 06:56:31.024000+00:00,0.9388868808746338,16384,1.1920928955078125e-07,-0.1369273960590362,S2A_MSIL2A_20210725T065631_R063_T39QXG_20210726T051413,2.9802322387695312e-08,S2A_MSIL2A_20210725T065631_R063_T39QXG_20210726T051413_0000.jpg,0.0,0.575363,0.0744,0.0993299,26.3933,2021,7,summer,0,aerial_summer_2021,data/aerial_summer_2021/chip_indices_clean_hab.csv,-0.5000000000000001,-0.8660254037844386,0,0,1,0
0.0488065481185913,2021-07-25 06:56:31.024000+00:00,0.9388868808746338,16384,1.1920928955078125e-07,-0.1369273960590362,S2A_MSIL2A_20210725T065631_R063_T39QXG_20210726T051413,2.9802322387695312e-08,S2A_MSIL2A_20210725T065631_R063_T39QXG_20210726T051413_0001.jpg,0.0,0.575363,0.0744,0.0993299,26.3933,2021,7,summer,0,aerial_summer_2021,data/aerial_summer_2021/chip_indices_clean_hab.csv,-0.5000000000000001,-0.8660254037844386,0,0,1,0
0.0492786765098571,2021-07-20 06:56:29.024000+00:00,0.9628384113311768,16384,1.788139343261719e-07,-0.1184482648968696,S2B_MSIL2A_20210720T065629_R063_T39QXG_20210720T171952,7.450580596923828e-09,S2B_MSIL2A_20210720T065629_R063_T39QXG_20210720T171952_0000.jpg,0.0,0.575363,0.0744,0.0993299,26.3933,2021,7,summer,0,aerial_summer_2021,data/aerial_summer_2021/chip_indices_clean_hab.csv,-0.5000000000000001,-0.8660254037844386,0,0,1,0
0.0492786765098571,2021-07-20 06:56:29.024000+00:00,0.9628384113311768,16384,1.788139343261719e-07,-0.1184482648968696,S2B_MSIL2A_20210720T065629_R063_T39QXG_20210720T171952,7.450580596923828e-09,S2B_MSIL2A_20210720T065629_R063_T39QXG_20210720T171952_0001.jpg,0.0,0.575363,0.0744,0.0993299,26.3933,2021,7,summer,0,aerial_summer_2021,data/aerial_summer_2021/chip_indices_clean_hab.csv,-0.5000000000000001,-0.8660254037844386,0,0,1,0
0.0478032827377319,2021-07-05 06:56:21.024000+00:00,0.8996896147727966,16384,5.960464477539065e-08,-0.1720549911260604,S2A_MSIL2A_20210705T065621_R063_T39QXG_20210705T212453,1.4901161193847656e-08,S2A_MSIL2A_20210705T065621_R063_T39QXG_20210705T212453_0000.jpg,0.0,,,,25.3983,2021,7,summer,0,aerial_summer_2021,data/aerial_summer_2021/chip_indices_clean_hab.csv,-0.5000000000000001,-0.8660254037844386,0,0,1,0
0.0478032827377319,2021-07-05 06:56:21.024000+00:00,0.8996896147727966,16384,5.960464477539065e-08,-0.1720549911260604,S2A_MSIL2A_20210705T065621_R063_T39QXG_20210705T212453,1.4901161193847656e-08,S2A_MSIL2A_20210705T065621_R063_T39QXG_20210705T212453_0001.jpg,0.0,,,,25.3983,2021,7,summer,0,aerial_summer_2021,data/aerial_summer_2021/chip_indices_clean_hab.csv,-0.5000000000000001,-0.8660254037844386,0,0,1,0
0.0405311360955238,2021-06-30 06:56:29.024000+00:00,0.9199657440185548,16384,0.0,-0.1408806145191192,S2B_MSIL2A_20210630T065629_R063_T39QXG_20210701T040612,2.9802322387695312e-08,S2B_MSIL2A_20210630T065629_R063_T39QXG_20210701T040612_0000.jpg,7.450580596923828e-09,0.40209,0.0588,0.38544,27.0,2021,6,summer,0,aerial_summer_2021,data/aerial_summer_2021/chip_indices_clean_hab.csv,1.2246467991473532e-16,-1.0,0,0,1,0
0.0405311360955238,2021-06-30 06:56:29.024000+00:00,0.9199657440185548,16384,0.0,-0.1408806145191192,S2B_MSIL2A_20210630T065629_R063_T39QXG_20210701T040612,2.9802322387695312e-08,S2B_MSIL2A_20210630T065629_R063_T39QXG_20210701T040612_0001.jpg,7.450580596923828e-09,0.40209,0.0588,0.38544,27.0,2021,6,summer,0,aerial_summer_2021,data/aerial_summer_2021/chip_indices_clean_hab.csv,1.2246467991473532e-16,-1.0,0,0,1,0
0.0439606308937072,2022-09-28 06:56:51.024000+00:00,0.8943564891815186,16384,1.1920928955078125e-07,-0.150552362203598,S2A_MSIL2A_20220928T065651_R063_T39QXG_20240730T192859,0.0,S2A_MSIL2A_20220928T065651_R063_T39QXG_20240730T192859_0000.jpg,0.0,0.90228,0.0947,0.405033,26.435,2022,9,autumn,0,aerial_summer_2022,data/aerial_summer_2022/chip_indices_clean_hab.csv,-1.0,-1.8369701987210297e-16,0,0,0,1
0.0439606308937072,2022-09-28 06:56:51.024000+00:00,0.8943564891815186,16384,1.1920928955078125e-07,-0.150552362203598,S2A_MSIL2A_20220928T065651_R063_T39QXG_20240730T192859,0.0,S2A_MSIL2A_20220928T065651_R063_T39QXG_20240730T192859_0001.jpg,0.0,0.90228,0.0947,0.405033,26.435,2022,9,autumn,0,aerial_summer_2022,data/aerial_summer_2022/chip_indices_clean_hab.csv,-1.0,-1.8369701987210297e-16,0,0,0,1
0.0398294925689697,2022-09-28 06:56:51.024000+00:00,0.8932459354400635,16384,1.788139343261719e-07,-0.1497225761413574,S2A_MSIL2A_20220928T065651_R063_T39QXG_20220928T234907,0.0,S2A_MSIL2A_20220928T065651_R063_T39QXG_20220928T234907_0000.jpg,0.0,0.90228,0.0947,0.405033,26.435,2022,9,autumn,0,aerial_summer_2022,data/aerial_summer_2022/chip_indices_clean_hab.csv,-1.0,-1.8369701987210297e-16,0,0,0,1
0.0398294925689697,2022-09-28 06:56:51.024000+00:00,0.8932459354400635,16384,1.788139343261719e-07,-0.1497225761413574,S2A_MSIL2A_20220928T065651_R063_T39QXG_20220928T234907,0.0,S2A_MSIL2A_20220928T065651_R063_T39QXG_20220928T234907_0001.jpg,0.0,0.90228,0.0947,0.405033,26.435,2022,9,autumn,0,aerial_summer_2022,data/aerial_summer_2022/chip_indices_clean_hab.csv,-1.0,-1.8369701987210297e-16,0,0,0,1
0.0521048903465271,2022-09-23 06:56:29.024000+00:00,0.9199028611183168,16384,1.1920928955078125e-07,-0.1369349807500839,S2B_MSIL2A_20220923T065629_R063_T39QXG_20240725T151945,1.4901161193847656e-08,S2B_MSIL2A_20220923T065629_R063_T39QXG_20240725T151945_0000.jpg,0.0,0.90228,0.0947,0.405033,26.435,2022,9,autumn,0,aerial_summer_2022,data/aerial_summer_2022/chip_indices_clean_hab.csv,-1.0,-1.8369701987210297e-16,0,0,0,1
0.0521048903465271,2022-09-23 06:56:29.024000+00:00,0.9199028611183168,16384,1.1920928955078125e-07,-0.1369349807500839,S2B_MSIL2A_20220923T065629_R063_T39QXG_20240725T151945,1.4901161193847656e-08,S2B_MSIL2A_20220923T065629_R063_T39QXG_20240725T151945_0001.jpg,0.0,0.90228,0.0947,0.405033,26.435,2022,9,autumn,0,aerial_summer_2022,data/aerial_summer_2022/chip_indices_clean_hab.csv,-1.0,-1.8369701987210297e-16,0,0,0,1
0.0467869043350219,2022-09-23 06:56:29.024000+00:00,0.918565034866333,16384,1.788139343261719e-07,-0.136615976691246,S2B_MSIL2A_20220923T065629_R063_T39QXG_20220924T000152,0.0,S2B_MSIL2A_20220923T065629_R063_T39QXG_20220924T000152_0000.jpg,0.0,0.90228,0.0947,0.405033,26.435,2022,9,autumn,0,aerial_summer_2022,data/aerial_summer_2022/chip_indices_clean_hab.csv,-1.0,-1.8369701987210297e-16,0,0,0,1
0.0467869043350219,2022-09-23 06:56:29.024000+00:00,0.918565034866333,16384,1.788139343261719e-07,-0.136615976691246,S2B_MSIL2A_20220923T065629_R063_T39QXG_20220924T000152,0.0,S2B_MSIL2A_20220923T065629_R063_T39QXG_20220924T000152_0001.jpg,0.0,0.90228,0.0947,0.405033,26.435,2022,9,autumn,0,aerial_summer_2022,data/aerial_summer_2022/chip_indices_clean_hab.csv,-1.0,-1.8369701987210297e-16,0,0,0,1
0.0542032718658447,2022-09-18 06:56:31.024000+00:00,0.9185397624969482,16384,1.788139343261719e-07,-0.142757773399353,S2A_MSIL2A_20220918T065631_R063_T39QXG_20240729T142658,0.0,S2A_MSIL2A_20220918T065631_R063_T39QXG_20240729T142658_0000.jpg,0.0,0.785583,0.0878667,0.120835,25.8783,2022,9,autumn,0,aerial_summer_2022,data/aerial_summer_2022/chip_indices_clean_hab.csv,-1.0,-1.8369701987210297e-16,0,0,0,1
0.0542032718658447,2022-09-18 06:56:31.024000+00:00,0.9185397624969482,16384,1.788139343261719e-07,-0.142757773399353,S2A_MSIL2A_20220918T065631_R063_T39QXG_20240729T142658,0.0,S2A_MSIL2A_20220918T065631_R063_T39QXG_20240729T142658_0001.jpg,0.0,0.785583,0.0878667,0.120835,25.8783,2022,9,autumn,0,aerial_summer_2022,data/aerial_summer_2022/chip_indices_clean_hab.csv,-1.0,-1.8369701987210297e-16,0,0,0,1
0.0488721132278442,2022-09-18 06:56:31.024000+00:00,0.9167745113372804,16384,1.788139343261719e-07,-0.1422154754400253,S2A_MSIL2A_20220918T065631_R063_T39QXG_20220919T032927,1.4901161193847656e-08,S2A_MSIL2A_20220918T065631_R063_T39QXG_20220919T032927_0000.jpg,0.0,0.785583,0.0878667,0.120835,25.8783,2022,9,autumn,0,aerial_summer_2022,data/aerial_summer_2022/chip_indices_clean_hab.csv,-1.0,-1.8369701987210297e-16,0,0,0,1
0.0488721132278442,2022-09-18 06:56:31.024000+00:00,0.9167745113372804,16384,1.788139343261719e-07,-0.1422154754400253,S2A_MSIL2A_20220918T065631_R063_T39QXG_20220919T032927,1.4901161193847656e-08,S2A_MSIL2A_20220918T065631_R063_T39QXG_20220919T032927_0001.jpg,0.0,0.785583,0.0878667,0.120835,25.8783,2022,9,autumn,0,aerial_summer_2022,data/aerial_summer_2022/chip_indices_clean_hab.csv,-1.0,-1.8369701987210297e-16,0,0,0,1
0.0479803085327148,2022-09-13 06:56:29.024000+00:00,0.89310622215271,16384,1.1920928955078125e-07,-0.1559755802154541,S2B_MSIL2A_20220913T065629_R063_T39QXG_20240726T171436,0.0,S2B_MSIL2A_20220913T065629_R063_T39QXG_20240726T171436_0000.jpg,0.0,0.402946,0.0616,0.16971,24.8483,2022,9,autumn,0,aerial_summer_2022,data/aerial_summer_2022/chip_indices_clean_hab.csv,-1.0,-1.8369701987210297e-16,0,0,0,1
0.0479803085327148,2022-09-13 06:56:29.024000+00:00,0.89310622215271,16384,1.1920928955078125e-07,-0.1559755802154541,S2B_MSIL2A_20220913T065629_R063_T39QXG_20240726T171436,0.0,S2B_MSIL2A_20220913T065629_R063_T39QXG_20240726T171436_0001.jpg,0.0,0.402946,0.0616,0.16971,24.8483,2022,9,autumn,0,aerial_summer_2022,data/aerial_summer_2022/chip_indices_clean_hab.csv,-1.0,-1.8369701987210297e-16,0,0,0,1
0.0446491837501525,2022-09-13 06:56:29.024000+00:00,0.8933236598968506,16384,1.1920928955078125e-07,-0.1553151756525039,S2B_MSIL2A_20220913T065629_R063_T39QXG_20220913T171218,0.0,S2B_MSIL2A_20220913T065629_R063_T39QXG_20220913T171218_0000.jpg,0.0,0.402946,0.0616,0.16971,24.8483,2022,9,autumn,0,aerial_summer_2022,data/aerial_summer_2022/chip_indices_clean_hab.csv,-1.0,-1.8369701987210297e-16,0,0,0,1
0.0446491837501525,2022-09-13 06:56:29.024000+00:00,0.8933236598968506,16384,1.1920928955078125e-07,-0.1553151756525039,S2B_MSIL2A_20220913T065629_R063_T39QXG_20220913T171218,0.0,S2B_MSIL2A_20220913T065629_R063_T39QXG_20220913T171218_0001.jpg,0.0,0.402946,0.0616,0.16971,24.8483,2022,9,autumn,0,aerial_summer_2022,data/aerial_summer_2022/chip_indices_clean_hab.csv,-1.0,-1.8369701987210297e-16,0,0,0,1
0.057357370853424,2022-09-08 06:56:31.024000+00:00,0.92901873588562,16384,1.1920928955078125e-07,-0.1399927139282226,S2A_MSIL2A_20220908T065631_R063_T39QXG_20220911T052036,0.0,S2A_MSIL2A_20220908T065631_R063_T39QXG_20220911T052036_0000.jpg,0.0,0.402946,0.0616,0.16971,24.8483,2022,9,autumn,0,aerial_summer_2022,data/aerial_summer_2022/chip_indices_clean_hab.csv,-1.0,-1.8369701987210297e-16,0,0,0,1
0.057357370853424,2022-09-08 06:56:31.024000+00:00,0.92901873588562,16384,1.1920928955078125e-07,-0.1399927139282226,S2A_MSIL2A_20220908T065631_R063_T39QXG_20220911T052036,0.0,S2A_MSIL2A_20220908T065631_R063_T39QXG_20220911T052036_0001.jpg,0.0,0.402946,0.0616,0.16971,24.8483,2022,9,autumn,0,aerial_summer_2022,data/aerial_summer_2022/chip_indices_clean_hab.csv,-1.0,-1.8369701987210297e-16,0,0,0,1
0.0462819933891296,2022-09-03 06:56:29.024000+00:00,0.9109144806861876,16384,0.0,-0.1406081020832061,S2B_MSIL2A_20220903T065629_R063_T39QXG_20220903T175254,1.4901161193847656e-08,S2B_MSIL2A_20220903T065629_R063_T39QXG_20220903T175254_0000.jpg,0.0,0.261826,0.0504,,25.2417,2022,9,autumn,0,aerial_summer_2022,data/aerial_summer_2022/chip_indices_clean_hab.csv,-1.0,-1.8369701987210297e-16,0,0,0,1
0.0462819933891296,2022-09-03 06:56:29.024000+00:00,0.9109144806861876,16384,0.0,-0.1406081020832061,S2B_MSIL2A_20220903T065629_R063_T39QXG_20220903T175254,1.4901161193847656e-08,S2B_MSIL2A_20220903T065629_R063_T39QXG_20220903T175254_0001.jpg,0.0,0.261826,0.0504,,25.2417,2022,9,autumn,0,aerial_summer_2022,data/aerial_summer_2022/chip_indices_clean_hab.csv,-1.0,-1.8369701987210297e-16,0,0,0,1
0.0516786575317382,2022-08-29 06:56:41.024000+00:00,0.9166153073310852,16384,1.1920928955078125e-07,-0.1398289501667022,S2A_MSIL2A_20220829T065641_R063_T39QXG_20240718T033121,1.4901161193847656e-08,S2A_MSIL2A_20220829T065641_R063_T39QXG_20240718T033121_0000.jpg,0.0,0.261826,0.0504,,25.2417,2022,8,summer,0,aerial_summer_2022,data/aerial_summer_2022/chip_indices_clean_hab.csv,-0.8660254037844384,-0.5000000000000004,0,0,1,0
0.0516786575317382,2022-08-29 06:56:41.024000+00:00,0.9166153073310852,16384,1.1920928955078125e-07,-0.1398289501667022,S2A_MSIL2A_20220829T065641_R063_T39QXG_20240718T033121,1.4901161193847656e-08,S2A_MSIL2A_20220829T065641_R063_T39QXG_20240718T033121_0001.jpg,0.0,0.261826,0.0504,,25.2417,2022,8,summer,0,aerial_summer_2022,data/aerial_summer_2022/chip_indices_clean_hab.csv,-0.8660254037844384,-0.5000000000000004,0,0,1,0
0.0480458736419677,2022-08-29 06:56:41.024000+00:00,0.9154465198516846,16384,1.788139343261719e-07,-0.1398549377918243,S2A_MSIL2A_20220829T065641_R063_T39QXG_20220830T225205,1.4901161193847656e-08,S2A_MSIL2A_20220829T065641_R063_T39QXG_20220830T225205_0000.jpg,0.0,0.261826,0.0504,,25.2417,2022,8,summer,0,aerial_summer_2022,data/aerial_summer_2022/chip_indices_clean_hab.csv,-0.8660254037844384,-0.5000000000000004,0,0,1,0
0.0480458736419677,2022-08-29 06:56:41.024000+00:00,0.9154465198516846,16384,1.788139343261719e-07,-0.1398549377918243,S2A_MSIL2A_20220829T065641_R063_T39QXG_20220830T225205,1.4901161193847656e-08,S2A_MSIL2A_20220829T065641_R063_T39QXG_20220830T225205_0001.jpg,0.0,0.261826,0.0504,,25.2417,2022,8,summer,0,aerial_summer_2022,data/aerial_summer_2022/chip_indices_clean_hab.csv,-0.8660254037844384,-0.5000000000000004,0,0,1,0
0.0535999536514282,2022-08-24 06:56:19.024000+00:00,0.9368657469749452,16384,0.0,-0.1223261058330535,S2B_MSIL2A_20220824T065619_R063_T39QXG_20220825T015302,2.2351741790771484e-08,S2B_MSIL2A_20220824T065619_R063_T39QXG_20220825T015302_0000.jpg,0.0,0.474183,0.069,0.132905,25.2333,2022,8,summer,0,aerial_summer_2022,data/aerial_summer_2022/chip_indices_clean_hab.csv,-0.8660254037844384,-0.5000000000000004,0,0,1,0
0.0535999536514282,2022-08-24 06:56:19.024000+00:00,0.9368657469749452,16384,0.0,-0.1223261058330535,S2B_MSIL2A_20220824T065619_R063_T39QXG_20220825T015302,2.2351741790771484e-08,S2B_MSIL2A_20220824T065619_R063_T39QXG_20220825T015302_0001.jpg,0.0,0.474183,0.069,0.132905,25.2333,2022,8,summer,0,aerial_summer_2022,data/aerial_summer_2022/chip_indices_clean_hab.csv,-0.8660254037844384,-0.5000000000000004,0,0,1,0
0.0558688640594482,2022-08-19 06:56:41.024000+00:00,0.9286548495292664,16384,1.1920928955078125e-07,-0.1334230750799179,S2A_MSIL2A_20220819T065641_R063_T39QXG_20240720T015827,1.4901161193847656e-08,S2A_MSIL2A_20220819T065641_R063_T39QXG_20240720T015827_0000.jpg,0.0,1.05633,0.104,0.35977,25.4033,2022,8,summer,0,aerial_summer_2022,data/aerial_summer_2022/chip_indices_clean_hab.csv,-0.8660254037844384,-0.5000000000000004,0,0,1,0
0.0558688640594482,2022-08-19 06:56:41.024000+00:00,0.9286548495292664,16384,1.1920928955078125e-07,-0.1334230750799179,S2A_MSIL2A_20220819T065641_R063_T39QXG_20240720T015827,1.4901161193847656e-08,S2A_MSIL2A_20220819T065641_R063_T39QXG_20240720T015827_0001.jpg,0.0,1.05633,0.104,0.35977,25.4033,2022,8,summer,0,aerial_summer_2022,data/aerial_summer_2022/chip_indices_clean_hab.csv,-0.8660254037844384,-0.5000000000000004,0,0,1,0
0.0533967018127441,2022-08-19 06:56:41.024000+00:00,0.9276869297027588,16384,1.1920928955078125e-07,-0.1338471174240112,S2A_MSIL2A_20220819T065641_R063_T39QXG_20220819T215726,0.0,S2A_MSIL2A_20220819T065641_R063_T39QXG_20220819T215726_0000.jpg,0.0,1.05633,0.104,0.35977,25.4033,2022,8,summer,0,aerial_summer_2022,data/aerial_summer_2022/chip_indices_clean_hab.csv,-0.8660254037844384,-0.5000000000000004,0,0,1,0
0.0533967018127441,2022-08-19 06:56:41.024000+00:00,0.9276869297027588,16384,1.1920928955078125e-07,-0.1338471174240112,S2A_MSIL2A_20220819T065641_R063_T39QXG_20220819T215726,0.0,S2A_MSIL2A_20220819T065641_R063_T39QXG_20220819T215726_0001.jpg,0.0,1.05633,0.104,0.35977,25.4033,2022,8,summer,0,aerial_summer_2022,data/aerial_summer_2022/chip_indices_clean_hab.csv,-0.8660254037844384,-0.5000000000000004,0,0,1,0
0.0400721430778503,2022-08-14 06:56:29.024000+00:00,1.0251837968826294,16384,1.1920928955078125e-07,-0.0188679359853267,S2B_MSIL2A_20220814T065629_R063_T39QXG_20240704T011425,1.862645149230957e-09,S2B_MSIL2A_20220814T065629_R063_T39QXG_20240704T011425_0000.jpg,0.0,1.05633,0.104,0.35977,25.4033,2022,8,summer,0,aerial_summer_2022,data/aerial_summer_2022/chip_indices_clean_hab.csv,-0.8660254037844384,-0.5000000000000004,0,0,1,0
0.0400721430778503,2022-08-14 06:56:29.024000+00:00,1.0251837968826294,16384,1.1920928955078125e-07,-0.0188679359853267,S2B_MSIL2A_20220814T065629_R063_T39QXG_20240704T011425,1.862645149230957e-09,S2B_MSIL2A_20220814T065629_R063_T39QXG_20240704T011425_0001.jpg,0.0,1.05633,0.104,0.35977,25.4033,2022,8,summer,0,aerial_summer_2022,data/aerial_summer_2022/chip_indices_clean_hab.csv,-0.8660254037844384,-0.5000000000000004,0,0,1,0
0.0413639545440673,2022-08-14 06:56:29.024000+00:00,0.9677202701568604,16384,1.1920928955078125e-07,-0.0793969184160232,S2B_MSIL2A_20220814T065629_R063_T39QXG_20220814T151723,0.0,S2B_MSIL2A_20220814T065629_R063_T39QXG_20220814T151723_0000.jpg,0.0,1.05633,0.104,0.35977,25.4033,2022,8,summer,0,aerial_summer_2022,data/aerial_summer_2022/chip_indices_clean_hab.csv,-0.8660254037844384,-0.5000000000000004,0,0,1,0
0.0413639545440673,2022-08-14 06:56:29.024000+00:00,0.9677202701568604,16384,1.1920928955078125e-07,-0.0793969184160232,S2B_MSIL2A_20220814T065629_R063_T39QXG_20220814T151723,0.0,S2B_MSIL2A_20220814T065629_R063_T39QXG_20220814T151723_0001.jpg,0.0,1.05633,0.104,0.35977,25.4033,2022,8,summer,0,aerial_summer_2022,data/aerial_summer_2022/chip_indices_clean_hab.csv,-0.8660254037844384,-0.5000000000000004,0,0,1,0
0.0448328256607055,2023-09-28 06:56:49.024000+00:00,0.8975924849510193,16384,0.0,-0.1440459936857223,S2B_MSIL2A_20230928T065649_R063_T39QXG_20241102T043937,0.0,S2B_MSIL2A_20230928T065649_R063_T39QXG_20241102T043937_0000.jpg,0.0,0.542174,0.0725,0.336778,27.0817,2023,9,autumn,0,aerial_summer_2023,data/aerial_summer_2023/chip_indices_clean_hab.csv,-1.0,-1.8369701987210297e-16,0,0,0,1
0.0448328256607055,2023-09-28 06:56:49.024000+00:00,0.8975924849510193,16384,0.0,-0.1440459936857223,S2B_MSIL2A_20230928T065649_R063_T39QXG_20241102T043937,0.0,S2B_MSIL2A_20230928T065649_R063_T39QXG_20241102T043937_0001.jpg,0.0,0.542174,0.0725,0.336778,27.0817,2023,9,autumn,0,aerial_summer_2023,data/aerial_summer_2023/chip_indices_clean_hab.csv,-1.0,-1.8369701987210297e-16,0,0,0,1
0.0399672389030456,2023-09-28 06:56:49.024000+00:00,0.8975775241851807,16384,2.384185791015625e-07,-0.1433639675378799,S2B_MSIL2A_20230928T065649_R063_T39QXG_20230928T122354,0.0,S2B_MSIL2A_20230928T065649_R063_T39QXG_20230928T122354_0000.jpg,0.0,0.542174,0.0725,0.336778,27.0817,2023,9,autumn,0,aerial_summer_2023,data/aerial_summer_2023/chip_indices_clean_hab.csv,-1.0,-1.8369701987210297e-16,0,0,0,1
0.0399672389030456,2023-09-28 06:56:49.024000+00:00,0.8975775241851807,16384,2.384185791015625e-07,-0.1433639675378799,S2B_MSIL2A_20230928T065649_R063_T39QXG_20230928T122354,0.0,S2B_MSIL2A_20230928T065649_R063_T39QXG_20230928T122354_0001.jpg,0.0,0.542174,0.0725,0.336778,27.0817,2023,9,autumn,0,aerial_summer_2023,data/aerial_summer_2023/chip_indices_clean_hab.csv,-1.0,-1.8369701987210297e-16,0,0,0,1
0.0586163997650146,2023-09-23 06:56:21.024000+00:00,0.930177628993988,16384,5.960464477539065e-08,-0.1334204524755478,S2A_MSIL2A_20230923T065621_R063_T39QXG_20241028T071613,0.0,S2A_MSIL2A_20230923T065621_R063_T39QXG_20241028T071613_0000.jpg,0.0,0.542174,0.0725,0.336778,27.0817,2023,9,autumn,0,aerial_summer_2023,data/aerial_summer_2023/chip_indices_clean_hab.csv,-1.0,-1.8369701987210297e-16,0,0,0,1
0.0586163997650146,2023-09-23 06:56:21.024000+00:00,0.930177628993988,16384,5.960464477539065e-08,-0.1334204524755478,S2A_MSIL2A_20230923T065621_R063_T39QXG_20241028T071613,0.0,S2A_MSIL2A_20230923T065621_R063_T39QXG_20241028T071613_0001.jpg,0.0,0.542174,0.0725,0.336778,27.0817,2023,9,autumn,0,aerial_summer_2023,data/aerial_summer_2023/chip_indices_clean_hab.csv,-1.0,-1.8369701987210297e-16,0,0,0,1
0.0562622547149658,2023-09-23 06:56:21.024000+00:00,0.9366673827171326,16384,1.1920928955078125e-07,-0.1314940154552459,S2A_MSIL2A_20230923T065621_R063_T39QXG_20230923T121348,2.9802322387695312e-08,S2A_MSIL2A_20230923T065621_R063_T39QXG_20230923T121348_0000.jpg,0.0,0.542174,0.0725,0.336778,27.0817,2023,9,autumn,0,aerial_summer_2023,data/aerial_summer_2023/chip_indices_clean_hab.csv,-1.0,-1.8369701987210297e-16,0,0,0,1
0.0562622547149658,2023-09-23 06:56:21.024000+00:00,0.9366673827171326,16384,1.1920928955078125e-07,-0.1314940154552459,S2A_MSIL2A_20230923T065621_R063_T39QXG_20230923T121348,2.9802322387695312e-08,S2A_MSIL2A_20230923T065621_R063_T39QXG_20230923T121348_0001.jpg,0.0,0.542174,0.0725,0.336778,27.0817,2023,9,autumn,0,aerial_summer_2023,data/aerial_summer_2023/chip_indices_clean_hab.csv,-1.0,-1.8369701987210297e-16,0,0,0,1
0.0542623400688171,2023-09-18 06:56:29.024000+00:00,0.9463452696800232,16384,5.960464477539065e-08,-0.1034676954150199,S2B_MSIL2A_20230918T065629_R063_T39QXG_20241025T081232,1.4901161193847656e-08,S2B_MSIL2A_20230918T065629_R063_T39QXG_20241025T081232_0000.jpg,0.0,0.475,0.068,0.203455,26.6917,2023,9,autumn,0,aerial_summer_2023,data/aerial_summer_2023/chip_indices_clean_hab.csv,-1.0,-1.8369701987210297e-16,0,0,0,1
0.0542623400688171,2023-09-18 06:56:29.024000+00:00,0.9463452696800232,16384,5.960464477539065e-08,-0.1034676954150199,S2B_MSIL2A_20230918T065629_R063_T39QXG_20241025T081232,1.4901161193847656e-08,S2B_MSIL2A_20230918T065629_R063_T39QXG_20241025T081232_0001.jpg,0.0,0.475,0.068,0.203455,26.6917,2023,9,autumn,0,aerial_summer_2023,data/aerial_summer_2023/chip_indices_clean_hab.csv,-1.0,-1.8369701987210297e-16,0,0,0,1
0.0442819595336914,2023-09-18 06:56:29.024000+00:00,0.9084665775299072,16384,1.788139343261719e-07,-0.1394110769033432,S2B_MSIL2A_20230918T065629_R063_T39QXG_20230918T153259,1.4901161193847656e-08,S2B_MSIL2A_20230918T065629_R063_T39QXG_20230918T153259_0000.jpg,0.0,0.475,0.068,0.203455,26.6917,2023,9,autumn,0,aerial_summer_2023,data/aerial_summer_2023/chip_indices_clean_hab.csv,-1.0,-1.8369701987210297e-16,0,0,0,1
0.0442819595336914,2023-09-18 06:56:29.024000+00:00,0.9084665775299072,16384,1.788139343261719e-07,-0.1394110769033432,S2B_MSIL2A_20230918T065629_R063_T39QXG_20230918T153259,1.4901161193847656e-08,S2B_MSIL2A_20230918T065629_R063_T39QXG_20230918T153259_0001.jpg,0.0,0.475,0.068,0.203455,26.6917,2023,9,autumn,0,aerial_summer_2023,data/aerial_summer_2023/chip_indices_clean_hab.csv,-1.0,-1.8369701987210297e-16,0,0,0,1
0.057127833366394,2023-09-13 06:56:31.024000+00:00,0.9258814454078674,16384,1.788139343261719e-07,-0.1358104795217514,S2A_MSIL2A_20230913T065631_R063_T39QXG_20241027T165012,0.0,S2A_MSIL2A_20230913T065631_R063_T39QXG_20241027T165012_0000.jpg,0.0,0.498617,0.0688,0.349825,26.2883,2023,9,autumn,0,aerial_summer_2023,data/aerial_summer_2023/chip_indices_clean_hab.csv,-1.0,-1.8369701987210297e-16,0,0,0,1
0.057127833366394,2023-09-13 06:56:31.024000+00:00,0.9258814454078674,16384,1.788139343261719e-07,-0.1358104795217514,S2A_MSIL2A_20230913T065631_R063_T39QXG_20241027T165012,0.0,S2A_MSIL2A_20230913T065631_R063_T39QXG_20241027T165012_0001.jpg,0.0,0.498617,0.0688,0.349825,26.2883,2023,9,autumn,0,aerial_summer_2023,data/aerial_summer_2023/chip_indices_clean_hab.csv,-1.0,-1.8369701987210297e-16,0,0,0,1
0.0515475273132324,2023-09-13 06:56:31.024000+00:00,0.9244908690452576,16384,0.0,-0.1362651735544204,S2A_MSIL2A_20230913T065631_R063_T39QXG_20230913T132300,1.4901161193847656e-08,S2A_MSIL2A_20230913T065631_R063_T39QXG_20230913T132300_0000.jpg,0.0,0.498617,0.0688,0.349825,26.2883,2023,9,autumn,0,aerial_summer_2023,data/aerial_summer_2023/chip_indices_clean_hab.csv,-1.0,-1.8369701987210297e-16,0,0,0,1
0.0515475273132324,2023-09-13 06:56:31.024000+00:00,0.9244908690452576,16384,0.0,-0.1362651735544204,S2A_MSIL2A_20230913T065631_R063_T39QXG_20230913T132300,1.4901161193847656e-08,S2A_MSIL2A_20230913T065631_R063_T39QXG_20230913T132300_0001.jpg,0.0,0.498617,0.0688,0.349825,26.2883,2023,9,autumn,0,aerial_summer_2023,data/aerial_summer_2023/chip_indices_clean_hab.csv,-1.0,-1.8369701987210297e-16,0,0,0,1
0.0492852330207824,2023-09-08 06:56:29.024000+00:00,0.9061773419380188,16384,1.1920928955078125e-07,-0.1432307511568069,S2B_MSIL2A_20230908T065629_R063_T39QXG_20241023T151834,0.0,S2B_MSIL2A_20230908T065629_R063_T39QXG_20241023T151834_0000.jpg,0.0,0.498617,0.0688,0.349825,26.2883,2023,9,autumn,0,aerial_summer_2023,data/aerial_summer_2023/chip_indices_clean_hab.csv,-1.0,-1.8369701987210297e-16,0,0,0,1
0.0492852330207824,2023-09-08 06:56:29.024000+00:00,0.9061773419380188,16384,1.1920928955078125e-07,-0.1432307511568069,S2B_MSIL2A_20230908T065629_R063_T39QXG_20241023T151834,0.0,S2B_MSIL2A_20230908T065629_R063_T39QXG_20241023T151834_0001.jpg,0.0,0.498617,0.0688,0.349825,26.2883,2023,9,autumn,0,aerial_summer_2023,data/aerial_summer_2023/chip_indices_clean_hab.csv,-1.0,-1.8369701987210297e-16,0,0,0,1
0.0454033017158508,2023-09-08 06:56:29.024000+00:00,0.9047022461891174,16384,1.1920928955078125e-07,-0.143555611371994,S2B_MSIL2A_20230908T065629_R063_T39QXG_20230908T143733,1.4901161193847656e-08,S2B_MSIL2A_20230908T065629_R063_T39QXG_20230908T143733_0000.jpg,0.0,0.498617,0.0688,0.349825,26.2883,2023,9,autumn,0,aerial_summer_2023,data/aerial_summer_2023/chip_indices_clean_hab.csv,-1.0,-1.8369701987210297e-16,0,0,0,1
0.0454033017158508,2023-09-08 06:56:29.024000+00:00,0.9047022461891174,16384,1.1920928955078125e-07,-0.143555611371994,S2B_MSIL2A_20230908T065629_R063_T39QXG_20230908T143733,1.4901161193847656e-08,S2B_MSIL2A_20230908T065629_R063_T39QXG_20230908T143733_0001.jpg,0.0,0.498617,0.0688,0.349825,26.2883,2023,9,autumn,0,aerial_summer_2023,data/aerial_summer_2023/chip_indices_clean_hab.csv,-1.0,-1.8369701987210297e-16,0,0,0,1
0.0591803193092346,2023-09-03 06:56:31.024000+00:00,0.9322319626808168,16384,0.0,-0.1339791715145111,S2A_MSIL2A_20230903T065631_R063_T39QXG_20241030T165920,1.4901161193847656e-08,S2A_MSIL2A_20230903T065631_R063_T39QXG_20241030T165920_0000.jpg,0.0,0.464083,0.0654,0.17532,26.0717,2023,9,autumn,0,aerial_summer_2023,data/aerial_summer_2023/chip_indices_clean_hab.csv,-1.0,-1.8369701987210297e-16,0,0,0,1
0.0591803193092346,2023-09-03 06:56:31.024000+00:00,0.9322319626808168,16384,0.0,-0.1339791715145111,S2A_MSIL2A_20230903T065631_R063_T39QXG_20241030T165920,1.4901161193847656e-08,S2A_MSIL2A_20230903T065631_R063_T39QXG_20241030T165920_0001.jpg,0.0,0.464083,0.0654,0.17532,26.0717,2023,9,autumn,0,aerial_summer_2023,data/aerial_summer_2023/chip_indices_clean_hab.csv,-1.0,-1.8369701987210297e-16,0,0,0,1
0.0564721226692199,2023-09-03 06:56:31.024000+00:00,0.9327507019042968,16384,0.0,-0.1341806948184967,S2A_MSIL2A_20230903T065631_R063_T39QXG_20230903T134044,1.4901161193847656e-08,S2A_MSIL2A_20230903T065631_R063_T39QXG_20230903T134044_0000.jpg,0.0,0.464083,0.0654,0.17532,26.0717,2023,9,autumn,0,aerial_summer_2023,data/aerial_summer_2023/chip_indices_clean_hab.csv,-1.0,-1.8369701987210297e-16,0,0,0,1
0.0564721226692199,2023-09-03 06:56:31.024000+00:00,0.9327507019042968,16384,0.0,-0.1341806948184967,S2A_MSIL2A_20230903T065631_R063_T39QXG_20230903T134044,1.4901161193847656e-08,S2A_MSIL2A_20230903T065631_R063_T39QXG_20230903T134044_0001.jpg,0.0,0.464083,0.0654,0.17532,26.0717,2023,9,autumn,0,aerial_summer_2023,data/aerial_summer_2023/chip_indices_clean_hab.csv,-1.0,-1.8369701987210297e-16,0,0,0,1
0.0451278686523437,2023-08-29 06:56:29.024000+00:00,0.9053878784179688,16384,0.0,-0.1410999596118927,S2B_MSIL2A_20230829T065629_R063_T39QXG_20241017T113451,2.9802322387695312e-08,S2B_MSIL2A_20230829T065629_R063_T39QXG_20241017T113451_0000.jpg,0.0,0.464083,0.0654,0.17532,26.0717,2023,8,summer,0,aerial_summer_2023,data/aerial_summer_2023/chip_indices_clean_hab.csv,-0.8660254037844384,-0.5000000000000004,0,0,1,0
0.0451278686523437,2023-08-29 06:56:29.024000+00:00,0.9053878784179688,16384,0.0,-0.1410999596118927,S2B_MSIL2A_20230829T065629_R063_T39QXG_20241017T113451,2.9802322387695312e-08,S2B_MSIL2A_20230829T065629_R063_T39QXG_20241017T113451_0001.jpg,0.0,0.464083,0.0654,0.17532,26.0717,2023,8,summer,0,aerial_summer_2023,data/aerial_summer_2023/chip_indices_clean_hab.csv,-0.8660254037844384,-0.5000000000000004,0,0,1,0
0.0448655486106872,2023-08-29 06:56:29.024000+00:00,0.9055575728416444,16384,5.960464477539065e-08,-0.1404224932193756,S2B_MSIL2A_20230829T065629_R063_T39QXG_20230829T131134,1.4901161193847656e-08,S2B_MSIL2A_20230829T065629_R063_T39QXG_20230829T131134_0000.jpg,0.0,0.464083,0.0654,0.17532,26.0717,2023,8,summer,0,aerial_summer_2023,data/aerial_summer_2023/chip_indices_clean_hab.csv,-0.8660254037844384,-0.5000000000000004,0,0,1,0
0.0448655486106872,2023-08-29 06:56:29.024000+00:00,0.9055575728416444,16384,5.960464477539065e-08,-0.1404224932193756,S2B_MSIL2A_20230829T065629_R063_T39QXG_20230829T131134,1.4901161193847656e-08,S2B_MSIL2A_20230829T065629_R063_T39QXG_20230829T131134_0001.jpg,0.0,0.464083,0.0654,0.17532,26.0717,2023,8,summer,0,aerial_summer_2023,data/aerial_summer_2023/chip_indices_clean_hab.csv,-0.8660254037844384,-0.5000000000000004,0,0,1,0
0.0534950494766235,2023-08-24 06:56:31.024000+00:00,0.9272928833961488,16384,1.1920928955078125e-07,-0.131490096449852,S2A_MSIL2A_20230824T065631_R063_T39QXG_20241025T152112,1.4901161193847656e-08,S2A_MSIL2A_20230824T065631_R063_T39QXG_20241025T152112_0000.jpg,0.0,0.952578,0.0974,0.379235,26.765,2023,8,summer,0,aerial_summer_2023,data/aerial_summer_2023/chip_indices_clean_hab.csv,-0.8660254037844384,-0.5000000000000004,0,0,1,0
0.0534950494766235,2023-08-24 06:56:31.024000+00:00,0.9272928833961488,16384,1.1920928955078125e-07,-0.131490096449852,S2A_MSIL2A_20230824T065631_R063_T39QXG_20241025T152112,1.4901161193847656e-08,S2A_MSIL2A_20230824T065631_R063_T39QXG_20241025T152112_0001.jpg,0.0,0.952578,0.0974,0.379235,26.765,2023,8,summer,0,aerial_summer_2023,data/aerial_summer_2023/chip_indices_clean_hab.csv,-0.8660254037844384,-0.5000000000000004,0,0,1,0
0.0491737723350524,2023-08-24 06:56:31.024000+00:00,0.9243735671043396,16384,0.0,-0.1315416097640991,S2A_MSIL2A_20230824T065631_R063_T39QXG_20230824T150407,0.0,S2A_MSIL2A_20230824T065631_R063_T39QXG_20230824T150407_0000.jpg,0.0,0.952578,0.0974,0.379235,26.765,2023,8,summer,0,aerial_summer_2023,data/aerial_summer_2023/chip_indices_clean_hab.csv,-0.8660254037844384,-0.5000000000000004,0,0,1,0
0.0491737723350524,2023-08-24 06:56:31.024000+00:00,0.9243735671043396,16384,0.0,-0.1315416097640991,S2A_MSIL2A_20230824T065631_R063_T39QXG_20230824T150407,0.0,S2A_MSIL2A_20230824T065631_R063_T39QXG_20230824T150407_0001.jpg,0.0,0.952578,0.0974,0.379235,26.765,2023,8,summer,0,aerial_summer_2023,data/aerial_summer_2023/chip_indices_clean_hab.csv,-0.8660254037844384,-0.5000000000000004,0,0,1,0
0.0465114712715148,2024-09-27 06:56:41.024000+00:00,0.920920193195343,16384,1.1920928955078125e-07,-0.1305877268314361,S2A_MSIL2A_20240927T065641_R063_T39QXG_20240927T112652,1.4901161193847656e-08,S2A_MSIL2A_20240927T065641_R063_T39QXG_20240927T112652_0000.jpg,0.0,0.988476,0.0998667,0.395725,26.7383,2024,9,autumn,0,aerial_summer_2024,data/aerial_summer_2024/chip_indices_clean_hab.csv,-1.0,-1.8369701987210297e-16,0,0,0,1
0.0465114712715148,2024-09-27 06:56:41.024000+00:00,0.920920193195343,16384,1.1920928955078125e-07,-0.1305877268314361,S2A_MSIL2A_20240927T065641_R063_T39QXG_20240927T112652,1.4901161193847656e-08,S2A_MSIL2A_20240927T065641_R063_T39QXG_20240927T112652_0001.jpg,0.0,0.988476,0.0998667,0.395725,26.7383,2024,9,autumn,0,aerial_summer_2024,data/aerial_summer_2024/chip_indices_clean_hab.csv,-1.0,-1.8369701987210297e-16,0,0,0,1
0.045816421508789,2024-09-22 06:56:19.024000+00:00,0.9283435940742492,16384,1.1920928955078125e-07,-0.1236194297671318,S2B_MSIL2A_20240922T065619_R063_T39QXG_20240922T102739,1.4901161193847656e-08,S2B_MSIL2A_20240922T065619_R063_T39QXG_20240922T102739_0000.jpg,0.0,0.988476,0.0998667,0.395725,26.7383,2024,9,autumn,0,aerial_summer_2024,data/aerial_summer_2024/chip_indices_clean_hab.csv,-1.0,-1.8369701987210297e-16,0,0,0,1
0.045816421508789,2024-09-22 06:56:19.024000+00:00,0.9283435940742492,16384,1.1920928955078125e-07,-0.1236194297671318,S2B_MSIL2A_20240922T065619_R063_T39QXG_20240922T102739,1.4901161193847656e-08,S2B_MSIL2A_20240922T065619_R063_T39QXG_20240922T102739_0001.jpg,0.0,0.988476,0.0998667,0.395725,26.7383,2024,9,autumn,0,aerial_summer_2024,data/aerial_summer_2024/chip_indices_clean_hab.csv,-1.0,-1.8369701987210297e-16,0,0,0,1
0.0417770743370056,2024-09-12 06:56:19.024000+00:00,0.9175702929496764,16384,1.1920928955078125e-07,-0.1283344179391861,S2B_MSIL2A_20240912T065619_R063_T39QXG_20240912T130211,1.4901161193847656e-08,S2B_MSIL2A_20240912T065619_R063_T39QXG_20240912T130211_0000.jpg,0.0,0.335762,0.0524,0.0666759,26.16,2024,9,autumn,0,aerial_summer_2024,data/aerial_summer_2024/chip_indices_clean_hab.csv,-1.0,-1.8369701987210297e-16,0,0,0,1
0.0417770743370056,2024-09-12 06:56:19.024000+00:00,0.9175702929496764,16384,1.1920928955078125e-07,-0.1283344179391861,S2B_MSIL2A_20240912T065619_R063_T39QXG_20240912T130211,1.4901161193847656e-08,S2B_MSIL2A_20240912T065619_R063_T39QXG_20240912T130211_0001.jpg,0.0,0.335762,0.0524,0.0666759,26.16,2024,9,autumn,0,aerial_summer_2024,data/aerial_summer_2024/chip_indices_clean_hab.csv,-1.0,-1.8369701987210297e-16,0,0,0,1
0.0418164134025573,2024-09-07 06:56:21.024000+00:00,0.9200246334075928,16384,1.1920928955078125e-07,-0.1271526962518692,S2A_MSIL2A_20240907T065621_R063_T39QXG_20240907T115459,0.0,S2A_MSIL2A_20240907T065621_R063_T39QXG_20240907T115459_0000.jpg,0.0,0.335762,0.0524,0.0666759,26.16,2024,9,autumn,0,aerial_summer_2024,data/aerial_summer_2024/chip_indices_clean_hab.csv,-1.0,-1.8369701987210297e-16,0,0,0,1
0.0418164134025573,2024-09-07 06:56:21.024000+00:00,0.9200246334075928,16384,1.1920928955078125e-07,-0.1271526962518692,S2A_MSIL2A_20240907T065621_R063_T39QXG_20240907T115459,0.0,S2A_MSIL2A_20240907T065621_R063_T39QXG_20240907T115459_0001.jpg,0.0,0.335762,0.0524,0.0666759,26.16,2024,9,autumn,0,aerial_summer_2024,data/aerial_summer_2024/chip_indices_clean_hab.csv,-1.0,-1.8369701987210297e-16,0,0,0,1
0.0341311693191528,2024-09-02 06:56:29.024000+00:00,0.9911698698997498,16384,5.960464477539065e-08,-0.0471494384109973,S2B_MSIL2A_20240902T065629_R063_T39QXG_20240902T111143,7.450580596923828e-09,S2B_MSIL2A_20240902T065629_R063_T39QXG_20240902T111143_0000.jpg,0.0,0.491461,0.069,0.39564,25.9317,2024,9,autumn,0,aerial_summer_2024,data/aerial_summer_2024/chip_indices_clean_hab.csv,-1.0,-1.8369701987210297e-16,0,0,0,1
0.0341311693191528,2024-09-02 06:56:29.024000+00:00,0.9911698698997498,16384,5.960464477539065e-08,-0.0471494384109973,S2B_MSIL2A_20240902T065629_R063_T39QXG_20240902T111143,7.450580596923828e-09,S2B_MSIL2A_20240902T065629_R063_T39QXG_20240902T111143_0001.jpg,0.0,0.491461,0.069,0.39564,25.9317,2024,9,autumn,0,aerial_summer_2024,data/aerial_summer_2024/chip_indices_clean_hab.csv,-1.0,-1.8369701987210297e-16,0,0,0,1
0.0483869314193725,2024-08-28 06:56:21.024000+00:00,0.9479084610939026,16384,5.960464477539065e-08,-0.1099213436245918,S2A_MSIL2A_20240828T065621_R063_T39QXG_20240828T121854,1.4901161193847656e-08,S2A_MSIL2A_20240828T065621_R063_T39QXG_20240828T121854_0000.jpg,0.0,0.491461,0.069,0.39564,25.9317,2024,8,summer,0,aerial_summer_2024,data/aerial_summer_2024/chip_indices_clean_hab.csv,-0.8660254037844384,-0.5000000000000004,0,0,1,0
0.0483869314193725,2024-08-28 06:56:21.024000+00:00,0.9479084610939026,16384,5.960464477539065e-08,-0.1099213436245918,S2A_MSIL2A_20240828T065621_R063_T39QXG_20240828T121854,1.4901161193847656e-08,S2A_MSIL2A_20240828T065621_R063_T39QXG_20240828T121854_0001.jpg,0.0,0.491461,0.069,0.39564,25.9317,2024,8,summer,0,aerial_summer_2024,data/aerial_summer_2024/chip_indices_clean_hab.csv,-0.8660254037844384,-0.5000000000000004,0,0,1,0
0.0496131181716918,2024-08-23 06:56:19.024000+00:00,0.9536324143409728,16384,1.1920928955078125e-07,-0.1044981777667999,S2B_MSIL2A_20240823T065619_R063_T39QXG_20240823T113539,2.2351741790771484e-08,S2B_MSIL2A_20240823T065619_R063_T39QXG_20240823T113539_0000.jpg,0.0,1.30953,0.1188,,25.7067,2024,8,summer,0,aerial_summer_2024,data/aerial_summer_2024/chip_indices_clean_hab.csv,-0.8660254037844384,-0.5000000000000004,0,0,1,0
0.0496131181716918,2024-08-23 06:56:19.024000+00:00,0.9536324143409728,16384,1.1920928955078125e-07,-0.1044981777667999,S2B_MSIL2A_20240823T065619_R063_T39QXG_20240823T113539,2.2351741790771484e-08,S2B_MSIL2A_20240823T065619_R063_T39QXG_20240823T113539_0001.jpg,0.0,1.30953,0.1188,,25.7067,2024,8,summer,0,aerial_summer_2024,data/aerial_summer_2024/chip_indices_clean_hab.csv,-0.8660254037844384,-0.5000000000000004,0,0,1,0
0.0454360246658325,2024-08-13 06:56:29.024000+00:00,0.9412508606910706,16384,0.0,-0.1119884178042411,S2B_MSIL2A_20240813T065629_R063_T39QXG_20240813T121221,7.450580596923828e-09,S2B_MSIL2A_20240813T065629_R063_T39QXG_20240813T121221_0000.jpg,0.0,0.899868,0.0951,0.4276,26.1717,2024,8,summer,0,aerial_summer_2024,data/aerial_summer_2024/chip_indices_clean_hab.csv,-0.8660254037844384,-0.5000000000000004,0,0,1,0
0.0454360246658325,2024-08-13 06:56:29.024000+00:00,0.9412508606910706,16384,0.0,-0.1119884178042411,S2B_MSIL2A_20240813T065629_R063_T39QXG_20240813T121221,7.450580596923828e-09,S2B_MSIL2A_20240813T065629_R063_T39QXG_20240813T121221_0001.jpg,0.0,0.899868,0.0951,0.4276,26.1717,2024,8,summer,0,aerial_summer_2024,data/aerial_summer_2024/chip_indices_clean_hab.csv,-0.8660254037844384,-0.5000000000000004,0,0,1,0
0.0248065590858459,2024-08-08 06:56:21.024000+00:00,1.0016543865203855,16384,1.1920928955078125e-07,-0.0254668872803449,S2A_MSIL2A_20240808T065621_R063_T39QXG_20240808T130850,1.862645149230957e-09,S2A_MSIL2A_20240808T065621_R063_T39QXG_20240808T130850_0000.jpg,0.0,1.12372,0.1082,0.520335,25.9667,2024,8,summer,0,aerial_summer_2024,data/aerial_summer_2024/chip_indices_clean_hab.csv,-0.8660254037844384,-0.5000000000000004,0,0,1,0
0.0248065590858459,2024-08-08 06:56:21.024000+00:00,1.0016543865203855,16384,1.1920928955078125e-07,-0.0254668872803449,S2A_MSIL2A_20240808T065621_R063_T39QXG_20240808T130850,1.862645149230957e-09,S2A_MSIL2A_20240808T065621_R063_T39QXG_20240808T130850_0001.jpg,0.0,1.12372,0.1082,0.520335,25.9667,2024,8,summer,0,aerial_summer_2024,data/aerial_summer_2024/chip_indices_clean_hab.csv,-0.8660254037844384,-0.5000000000000004,0,0,1,0
0.0510032773017883,2024-07-29 06:56:21.024000+00:00,1.0272033214569092,16384,1.1920928955078125e-07,-0.0254930183291435,S2A_MSIL2A_20240729T065621_R063_T39QXG_20240729T121701,5.587935447692871e-09,S2A_MSIL2A_20240729T065621_R063_T39QXG_20240729T121701_0000.jpg,0.0,,,,25.1475,2024,7,summer,0,aerial_summer_2024,data/aerial_summer_2024/chip_indices_clean_hab.csv,-0.5000000000000001,-0.8660254037844386,0,0,1,0
0.0510032773017883,2024-07-29 06:56:21.024000+00:00,1.0272033214569092,16384,1.1920928955078125e-07,-0.0254930183291435,S2A_MSIL2A_20240729T065621_R063_T39QXG_20240729T121701,5.587935447692871e-09,S2A_MSIL2A_20240729T065621_R063_T39QXG_20240729T121701_0001.jpg,0.0,,,,25.1475,2024,7,summer,0,aerial_summer_2024,data/aerial_summer_2024/chip_indices_clean_hab.csv,-0.5000000000000001,-0.8660254037844386,0,0,1,0
0.0499016046524047,2024-07-19 06:56:21.024000+00:00,0.9320973753929138,16384,1.1920928955078125e-07,-0.1242191717028617,S2A_MSIL2A_20240719T065621_R063_T39QXG_20240719T132007,7.450580596923828e-09,S2A_MSIL2A_20240719T065621_R063_T39QXG_20240719T132007_0000.jpg,0.0,0.569551,0.0767,0.231377,25.555,2024,7,summer,0,aerial_summer_2024,data/aerial_summer_2024/chip_indices_clean_hab.csv,-0.5000000000000001,-0.8660254037844386,0,0,1,0
0.0499016046524047,2024-07-19 06:56:21.024000+00:00,0.9320973753929138,16384,1.1920928955078125e-07,-0.1242191717028617,S2A_MSIL2A_20240719T065621_R063_T39QXG_20240719T132007,7.450580596923828e-09,S2A_MSIL2A_20240719T065621_R063_T39QXG_20240719T132007_0001.jpg,0.0,0.569551,0.0767,0.231377,25.555,2024,7,summer,0,aerial_summer_2024,data/aerial_summer_2024/chip_indices_clean_hab.csv,-0.5000000000000001,-0.8660254037844386,0,0,1,0
0.0451540946960449,2024-07-14 06:56:19.024000+00:00,0.908058226108551,16384,5.960464477539065e-08,-0.1382941305637359,S2B_MSIL2A_20240714T065619_R063_T39QXG_20240714T115201,1.4901161193847656e-08,S2B_MSIL2A_20240714T065619_R063_T39QXG_20240714T115201_0000.jpg,0.0,0.904828,0.095,0.217735,25.565,2024,7,summer,0,aerial_summer_2024,data/aerial_summer_2024/chip_indices_clean_hab.csv,-0.5000000000000001,-0.8660254037844386,0,0,1,0
0.0451540946960449,2024-07-14 06:56:19.024000+00:00,0.908058226108551,16384,5.960464477539065e-08,-0.1382941305637359,S2B_MSIL2A_20240714T065619_R063_T39QXG_20240714T115201,1.4901161193847656e-08,S2B_MSIL2A_20240714T065619_R063_T39QXG_20240714T115201_0001.jpg,0.0,0.904828,0.095,0.217735,25.565,2024,7,summer,0,aerial_summer_2024,data/aerial_summer_2024/chip_indices_clean_hab.csv,-0.5000000000000001,-0.8660254037844386,0,0,1,0
0.0443606376647949,2024-07-04 06:56:29.024000+00:00,0.9161996245384216,16384,0.0,-0.1317174732685089,S2B_MSIL2A_20240704T065629_R063_T39QXG_20240705T224349,1.4901161193847656e-08,S2B_MSIL2A_20240704T065629_R063_T39QXG_20240705T224349_0000.jpg,0.0,0.251155,0.04625,,24.5533,2024,7,summer,0,aerial_summer_2024,data/aerial_summer_2024/chip_indices_clean_hab.csv,-0.5000000000000001,-0.8660254037844386,0,0,1,0
0.0443606376647949,2024-07-04 06:56:29.024000+00:00,0.9161996245384216,16384,0.0,-0.1317174732685089,S2B_MSIL2A_20240704T065629_R063_T39QXG_20240705T224349,1.4901161193847656e-08,S2B_MSIL2A_20240704T065629_R063_T39QXG_20240705T224349_0001.jpg,0.0,0.251155,0.04625,,24.5533,2024,7,summer,0,aerial_summer_2024,data/aerial_summer_2024/chip_indices_clean_hab.csv,-0.5000000000000001,-0.8660254037844386,0,0,1,0
0.0423803329467773,2024-06-24 06:56:29.024000+00:00,0.9245147109031676,16384,1.1920928955078125e-07,-0.1231882870197296,S2B_MSIL2A_20240624T065629_R063_T39QXG_20240624T103302,2.2351741790771484e-08,S2B_MSIL2A_20240624T065629_R063_T39QXG_20240624T103302_0000.jpg,0.0,0.53855,0.0898,0.47588,26.24,2024,6,summer,0,aerial_summer_2024,data/aerial_summer_2024/chip_indices_clean_hab.csv,1.2246467991473532e-16,-1.0,0,0,1,0
0.0423803329467773,2024-06-24 06:56:29.024000+00:00,0.9245147109031676,16384,1.1920928955078125e-07,-0.1231882870197296,S2B_MSIL2A_20240624T065629_R063_T39QXG_20240624T103302,2.2351741790771484e-08,S2B_MSIL2A_20240624T065629_R063_T39QXG_20240624T103302_0001.jpg,0.0,0.53855,0.0898,0.47588,26.24,2024,6,summer,0,aerial_summer_2024,data/aerial_summer_2024/chip_indices_clean_hab.csv,1.2246467991473532e-16,-1.0,0,0,1,0
0.0499147772789001,2024-06-19 06:56:31.024000+00:00,0.93224436044693,16384,5.960464477539065e-08,-0.1253087669610977,S2A_MSIL2A_20240619T065631_R063_T39QXG_20240619T131334,1.4901161193847656e-08,S2A_MSIL2A_20240619T065631_R063_T39QXG_20240619T131334_0000.jpg,0.0,0.53855,0.0898,0.47588,26.24,2024,6,summer,0,aerial_summer_2024,data/aerial_summer_2024/chip_indices_clean_hab.csv,1.2246467991473532e-16,-1.0,0,0,1,0
0.0499147772789001,2024-06-19 06:56:31.024000+00:00,0.93224436044693,16384,5.960464477539065e-08,-0.1253087669610977,S2A_MSIL2A_20240619T065631_R063_T39QXG_20240619T131334,1.4901161193847656e-08,S2A_MSIL2A_20240619T065631_R063_T39QXG_20240619T131334_0001.jpg,0.0,0.53855,0.0898,0.47588,26.24,2024,6,summer,0,aerial_summer_2024,data/aerial_summer_2024/chip_indices_clean_hab.csv,1.2246467991473532e-16,-1.0,0,0,1,0
0.0399803519248962,2018-03-28 06:59:19.027000+00:00,0.8632269501686096,16384,1.1920928955078125e-07,-0.1922474801540374,S2B_MSIL2A_20180328T065919_R063_T39QXG_20201013T154107,2.9802322387695312e-08,S2B_MSIL2A_20180328T065919_R063_T39QXG_20201013T154107_0000.jpg,0.0,0.254955,0.0496,0.34175,29.1717,2018,3,spring,0,aerial_winter_2017,data/aerial_winter_2017/chip_indices_clean_hab.csv,1.0,6.123233995736766e-17,0,1,0,0
0.0399803519248962,2018-03-28 06:59:19.027000+00:00,0.8632269501686096,16384,1.1920928955078125e-07,-0.1922474801540374,S2B_MSIL2A_20180328T065919_R063_T39QXG_20201013T154107,2.9802322387695312e-08,S2B_MSIL2A_20180328T065919_R063_T39QXG_20201013T154107_0001.jpg,0.0,0.254955,0.0496,0.34175,29.1717,2018,3,spring,0,aerial_winter_2017,data/aerial_winter_2017/chip_indices_clean_hab.csv,1.0,6.123233995736766e-17,0,1,0,0
0.0416262373328208,2018-03-23 06:56:21.026000+00:00,0.8668715953826904,16384,1.788139343261719e-07,-0.1946368366479873,S2A_MSIL2A_20180323T065621_R063_T39QXG_20201013T125706,0.0,S2A_MSIL2A_20180323T065621_R063_T39QXG_20201013T125706_0000.jpg,7.450580596923828e-09,0.254955,0.0496,0.34175,29.1717,2018,3,spring,0,aerial_winter_2017,data/aerial_winter_2017/chip_indices_clean_hab.csv,1.0,6.123233995736766e-17,0,1,0,0
0.0416262373328208,2018-03-23 06:56:21.026000+00:00,0.8668715953826904,16384,1.788139343261719e-07,-0.1946368366479873,S2A_MSIL2A_20180323T065621_R063_T39QXG_20201013T125706,0.0,S2A_MSIL2A_20180323T065621_R063_T39QXG_20201013T125706_0001.jpg,7.450580596923828e-09,0.254955,0.0496,0.34175,29.1717,2018,3,spring,0,aerial_winter_2017,data/aerial_winter_2017/chip_indices_clean_hab.csv,1.0,6.123233995736766e-17,0,1,0,0
0.0473573803901672,2018-03-18 06:56:19.027000+00:00,0.9049136638641356,16384,1.1920928955078125e-07,-0.169926717877388,S2B_MSIL2A_20180318T065619_R063_T39QXG_20201013T105007,1.4901161193847656e-08,S2B_MSIL2A_20180318T065619_R063_T39QXG_20201013T105007_0000.jpg,0.0,0.338219,0.058,0.29551,28.945,2018,3,spring,0,aerial_winter_2017,data/aerial_winter_2017/chip_indices_clean_hab.csv,1.0,6.123233995736766e-17,0,1,0,0
0.0473573803901672,2018-03-18 06:56:19.027000+00:00,0.9049136638641356,16384,1.1920928955078125e-07,-0.169926717877388,S2B_MSIL2A_20180318T065619_R063_T39QXG_20201013T105007,1.4901161193847656e-08,S2B_MSIL2A_20180318T065619_R063_T39QXG_20201013T105007_0001.jpg,0.0,0.338219,0.058,0.29551,28.945,2018,3,spring,0,aerial_winter_2017,data/aerial_winter_2017/chip_indices_clean_hab.csv,1.0,6.123233995736766e-17,0,1,0,0
0.0440786853432655,2018-03-13 06:56:51.026000+00:00,0.9042968153953552,16384,1.788139343261719e-07,-0.1643057167530059,S2A_MSIL2A_20180313T065651_R063_T39QXG_20201013T082101,2.9802322387695312e-08,S2A_MSIL2A_20180313T065651_R063_T39QXG_20201013T082101_0000.jpg,7.450580596923828e-09,0.52831,0.0723,0.35212,28.2133,2018,3,spring,0,aerial_winter_2017,data/aerial_winter_2017/chip_indices_clean_hab.csv,1.0,6.123233995736766e-17,0,1,0,0
0.0440786853432655,2018-03-13 06:56:51.026000+00:00,0.9042968153953552,16384,1.788139343261719e-07,-0.1643057167530059,S2A_MSIL2A_20180313T065651_R063_T39QXG_20201013T082101,2.9802322387695312e-08,S2A_MSIL2A_20180313T065651_R063_T39QXG_20201013T082101_0001.jpg,7.450580596923828e-09,0.52831,0.0723,0.35212,28.2133,2018,3,spring,0,aerial_winter_2017,data/aerial_winter_2017/chip_indices_clean_hab.csv,1.0,6.123233995736766e-17,0,1,0,0
0.0368918180465698,2018-03-08 06:57:19.027000+00:00,0.8645897507667542,16384,0.0,-0.1876153349876403,S2B_MSIL2A_20180308T065719_R063_T39QXG_20201013T080744,1.4901161193847656e-08,S2B_MSIL2A_20180308T065719_R063_T39QXG_20201013T080744_0000.jpg,0.0,0.52831,0.0723,0.35212,28.2133,2018,3,spring,0,aerial_winter_2017,data/aerial_winter_2017/chip_indices_clean_hab.csv,1.0,6.123233995736766e-17,0,1,0,0
0.0368918180465698,2018-03-08 06:57:19.027000+00:00,0.8645897507667542,16384,0.0,-0.1876153349876403,S2B_MSIL2A_20180308T065719_R063_T39QXG_20201013T080744,1.4901161193847656e-08,S2B_MSIL2A_20180308T065719_R063_T39QXG_20201013T080744_0001.jpg,0.0,0.52831,0.0723,0.35212,28.2133,2018,3,spring,0,aerial_winter_2017,data/aerial_winter_2017/chip_indices_clean_hab.csv,1.0,6.123233995736766e-17,0,1,0,0
0.0430032983422279,2018-03-03 06:58:01.026000+00:00,0.8816649913787842,16384,1.1920928955078125e-07,-0.1884126812219619,S2A_MSIL2A_20180303T065801_R063_T39QXG_20201013T055226,2.9802322387695312e-08,S2A_MSIL2A_20180303T065801_R063_T39QXG_20201013T055226_0000.jpg,7.450580596923828e-09,9.97179,2.2442,0.67053,27.815,2018,3,spring,1,aerial_winter_2017,data/aerial_winter_2017/chip_indices_clean_hab.csv,1.0,6.123233995736766e-17,0,1,0,0
0.0430032983422279,2018-03-03 06:58:01.026000+00:00,0.8816649913787842,16384,1.1920928955078125e-07,-0.1884126812219619,S2A_MSIL2A_20180303T065801_R063_T39QXG_20201013T055226,2.9802322387695312e-08,S2A_MSIL2A_20180303T065801_R063_T39QXG_20201013T055226_0001.jpg,7.450580596923828e-09,9.97179,2.2442,0.67053,27.815,2018,3,spring,1,aerial_winter_2017,data/aerial_winter_2017/chip_indices_clean_hab.csv,1.0,6.123233995736766e-17,0,1,0,0
0.0426360964775085,2018-02-26 06:58:29.027000+00:00,0.9148548245429992,16384,1.1920928955078125e-07,-0.1567837297916412,S2B_MSIL2A_20180226T065829_R063_T39QXG_20201104T154320,1.4901161193847656e-08,S2B_MSIL2A_20180226T065829_R063_T39QXG_20201104T154320_0000.jpg,0.0,9.97179,2.2442,0.67053,27.815,2018,2,winter,1,aerial_winter_2017,data/aerial_winter_2017/chip_indices_clean_hab.csv,0.8660254037844386,0.5000000000000001,1,0,0,0
0.0426360964775085,2018-02-26 06:58:29.027000+00:00,0.9148548245429992,16384,1.1920928955078125e-07,-0.1567837297916412,S2B_MSIL2A_20180226T065829_R063_T39QXG_20201104T154320,1.4901161193847656e-08,S2B_MSIL2A_20180226T065829_R063_T39QXG_20201104T154320_0001.jpg,0.0,9.97179,2.2442,0.67053,27.815,2018,2,winter,1,aerial_winter_2017,data/aerial_winter_2017/chip_indices_clean_hab.csv,0.8660254037844386,0.5000000000000001,1,0,0,0
0.0458819642663002,2018-02-21 06:59:11.026000+00:00,0.8881921172142029,16384,0.0,-0.1815240383148193,S2A_MSIL2A_20180221T065911_R063_T39QXG_20201013T234500,0.0,S2A_MSIL2A_20180221T065911_R063_T39QXG_20201013T234500_0000.jpg,7.450580596923828e-09,4.08212,0.3286,0.400995,27.555,2018,2,winter,0,aerial_winter_2017,data/aerial_winter_2017/chip_indices_clean_hab.csv,0.8660254037844386,0.5000000000000001,1,0,0,0
0.0458819642663002,2018-02-21 06:59:11.026000+00:00,0.8881921172142029,16384,0.0,-0.1815240383148193,S2A_MSIL2A_20180221T065911_R063_T39QXG_20201013T234500,0.0,S2A_MSIL2A_20180221T065911_R063_T39QXG_20201013T234500_0001.jpg,7.450580596923828e-09,4.08212,0.3286,0.400995,27.555,2018,2,winter,0,aerial_winter_2017,data/aerial_winter_2017/chip_indices_clean_hab.csv,0.8660254037844386,0.5000000000000001,1,0,0,0
0.0430164113640785,2018-02-16 06:59:29.027000+00:00,0.8886220455169678,16384,1.1920928955078125e-07,-0.1766906082630157,S2B_MSIL2A_20180216T065929_R063_T39QXG_20201013T220228,2.9802322387695312e-08,S2B_MSIL2A_20180216T065929_R063_T39QXG_20201013T220228_0000.jpg,7.450580596923828e-09,0.634498,0.0864667,0.339285,26.495,2018,2,winter,0,aerial_winter_2017,data/aerial_winter_2017/chip_indices_clean_hab.csv,0.8660254037844386,0.5000000000000001,1,0,0,0
0.0430164113640785,2018-02-16 06:59:29.027000+00:00,0.8886220455169678,16384,1.1920928955078125e-07,-0.1766906082630157,S2B_MSIL2A_20180216T065929_R063_T39QXG_20201013T220228,2.9802322387695312e-08,S2B_MSIL2A_20180216T065929_R063_T39QXG_20201013T220228_0001.jpg,7.450580596923828e-09,0.634498,0.0864667,0.339285,26.495,2018,2,winter,0,aerial_winter_2017,data/aerial_winter_2017/chip_indices_clean_hab.csv,0.8660254037844386,0.5000000000000001,1,0,0,0
0.0391737818717956,2018-02-11 07:00:21.026000+00:00,0.8946468234062195,16384,1.1920928955078125e-07,-0.1665445268154144,S2A_MSIL2A_20180211T070021_R063_T39QXG_20201026T022414,0.0,S2A_MSIL2A_20180211T070021_R063_T39QXG_20201026T022414_0000.jpg,0.0,0.634498,0.0864667,0.339285,26.495,2018,2,winter,0,aerial_winter_2017,data/aerial_winter_2017/chip_indices_clean_hab.csv,0.8660254037844386,0.5000000000000001,1,0,0,0
0.0391737818717956,2018-02-11 07:00:21.026000+00:00,0.8946468234062195,16384,1.1920928955078125e-07,-0.1665445268154144,S2A_MSIL2A_20180211T070021_R063_T39QXG_20201026T022414,0.0,S2A_MSIL2A_20180211T070021_R063_T39QXG_20201026T022414_0001.jpg,0.0,0.634498,0.0864667,0.339285,26.495,2018,2,winter,0,aerial_winter_2017,data/aerial_winter_2017/chip_indices_clean_hab.csv,0.8660254037844386,0.5000000000000001,1,0,0,0
-0.0134819746017456,2018-02-01 07:01:11.026000+00:00,0.969630002975464,16384,1.1920928955078125e-07,-0.0093048978596925,S2A_MSIL2A_20180201T070111_R063_T39QXG_20201013T174623,1.862645149230957e-09,S2A_MSIL2A_20180201T070111_R063_T39QXG_20201013T174623_0000.jpg,0.0,1.20884,0.118933,0.589822,26.0983,2018,2,winter,0,aerial_winter_2017,data/aerial_winter_2017/chip_indices_clean_hab.csv,0.8660254037844386,0.5000000000000001,1,0,0,0
-0.0134819746017456,2018-02-01 07:01:11.026000+00:00,0.969630002975464,16384,1.1920928955078125e-07,-0.0093048978596925,S2A_MSIL2A_20180201T070111_R063_T39QXG_20201013T174623,1.862645149230957e-09,S2A_MSIL2A_20180201T070111_R063_T39QXG_20201013T174623_0001.jpg,0.0,1.20884,0.118933,0.589822,26.0983,2018,2,winter,0,aerial_winter_2017,data/aerial_winter_2017/chip_indices_clean_hab.csv,0.8660254037844386,0.5000000000000001,1,0,0,0
0.0450426340103149,2018-01-27 07:01:39.027000+00:00,0.8766319751739502,16384,1.788139343261719e-07,-0.1964807361364364,S2B_MSIL2A_20180127T070139_R063_T39QXG_20201014T091640,2.9802322387695312e-08,S2B_MSIL2A_20180127T070139_R063_T39QXG_20201014T091640_0000.jpg,0.0,1.20884,0.118933,0.589822,26.0983,2018,1,winter,0,aerial_winter_2017,data/aerial_winter_2017/chip_indices_clean_hab.csv,0.49999999999999994,0.8660254037844387,1,0,0,0
0.0450426340103149,2018-01-27 07:01:39.027000+00:00,0.8766319751739502,16384,1.788139343261719e-07,-0.1964807361364364,S2B_MSIL2A_20180127T070139_R063_T39QXG_20201014T091640,2.9802322387695312e-08,S2B_MSIL2A_20180127T070139_R063_T39QXG_20201014T091640_0001.jpg,0.0,1.20884,0.118933,0.589822,26.0983,2018,1,winter,0,aerial_winter_2017,data/aerial_winter_2017/chip_indices_clean_hab.csv,0.49999999999999994,0.8660254037844387,1,0,0,0
0.0350229442119598,2018-01-17 07:02:19.027000+00:00,0.857026994228363,16384,0.0,-0.1938018947839737,S2B_MSIL2A_20180117T070219_R063_T39QXG_20201014T062903,2.9802322387695312e-08,S2B_MSIL2A_20180117T070219_R063_T39QXG_20201014T062903_0000.jpg,0.0,1.19261,0.1184,0.28582,26.3517,2018,1,winter,0,aerial_winter_2017,data/aerial_winter_2017/chip_indices_clean_hab.csv,0.49999999999999994,0.8660254037844387,1,0,0,0
0.0350229442119598,2018-01-17 07:02:19.027000+00:00,0.857026994228363,16384,0.0,-0.1938018947839737,S2B_MSIL2A_20180117T070219_R063_T39QXG_20201014T062903,2.9802322387695312e-08,S2B_MSIL2A_20180117T070219_R063_T39QXG_20201014T062903_0001.jpg,0.0,1.19261,0.1184,0.28582,26.3517,2018,1,winter,0,aerial_winter_2017,data/aerial_winter_2017/chip_indices_clean_hab.csv,0.49999999999999994,0.8660254037844387,1,0,0,0
0.042327880859375,2018-01-12 07:02:31.026000+00:00,0.8817272782325745,16384,1.1920928955078125e-07,-0.18482705950737,S2A_MSIL2A_20180112T070231_R063_T39QXG_20201014T050638,2.9802322387695312e-08,S2A_MSIL2A_20180112T070231_R063_T39QXG_20201014T050638_0000.jpg,0.0,0.981467,0.0998,0.336446,25.81,2018,1,winter,0,aerial_winter_2017,data/aerial_winter_2017/chip_indices_clean_hab.csv,0.49999999999999994,0.8660254037844387,1,0,0,0
0.042327880859375,2018-01-12 07:02:31.026000+00:00,0.8817272782325745,16384,1.1920928955078125e-07,-0.18482705950737,S2A_MSIL2A_20180112T070231_R063_T39QXG_20201014T050638,2.9802322387695312e-08,S2A_MSIL2A_20180112T070231_R063_T39QXG_20201014T050638_0001.jpg,0.0,0.981467,0.0998,0.336446,25.81,2018,1,winter,0,aerial_winter_2017,data/aerial_winter_2017/chip_indices_clean_hab.csv,0.49999999999999994,0.8660254037844387,1,0,0,0
0.0388852581381797,2018-01-07 07:02:49.027000+00:00,0.8748940825462341,16384,1.788139343261719e-07,-0.1865410953760147,S2B_MSIL2A_20180107T070249_R063_T39QXG_20201014T040002,0.0,S2B_MSIL2A_20180107T070249_R063_T39QXG_20201014T040002_0000.jpg,7.450580596923828e-09,0.989238,0.100567,0.322583,25.97,2018,1,winter,0,aerial_winter_2017,data/aerial_winter_2017/chip_indices_clean_hab.csv,0.49999999999999994,0.8660254037844387,1,0,0,0
0.0388852581381797,2018-01-07 07:02:49.027000+00:00,0.8748940825462341,16384,1.788139343261719e-07,-0.1865410953760147,S2B_MSIL2A_20180107T070249_R063_T39QXG_20201014T040002,0.0,S2B_MSIL2A_20180107T070249_R063_T39QXG_20201014T040002_0001.jpg,7.450580596923828e-09,0.989238,0.100567,0.322583,25.97,2018,1,winter,0,aerial_winter_2017,data/aerial_winter_2017/chip_indices_clean_hab.csv,0.49999999999999994,0.8660254037844387,1,0,0,0
0.0401114821434021,2017-12-28 07:02:59.027000+00:00,0.8662822246551514,16384,1.788139343261719e-07,-0.1971517205238342,S2B_MSIL2A_20171228T070259_R063_T39QXG_20201014T170056,1.4901161193847656e-08,S2B_MSIL2A_20171228T070259_R063_T39QXG_20201014T170056_0000.jpg,0.0,1.01705,0.1016,0.433635,26.175,2017,12,winter,0,aerial_winter_2017,data/aerial_winter_2017/chip_indices_clean_hab.csv,-2.4492935982947064e-16,1.0,1,0,0,0
0.0401114821434021,2017-12-28 07:02:59.027000+00:00,0.8662822246551514,16384,1.788139343261719e-07,-0.1971517205238342,S2B_MSIL2A_20171228T070259_R063_T39QXG_20201014T170056,1.4901161193847656e-08,S2B_MSIL2A_20171228T070259_R063_T39QXG_20201014T170056_0001.jpg,0.0,1.01705,0.1016,0.433635,26.175,2017,12,winter,0,aerial_winter_2017,data/aerial_winter_2017/chip_indices_clean_hab.csv,-2.4492935982947064e-16,1.0,1,0,0,0
0.0353377163410186,2019-03-18 06:56:21.024000+00:00,0.8638516068458557,16384,1.788139343261719e-07,-0.1868648678064346,S2A_MSIL2A_20190318T065621_R063_T39QXG_20201007T074707,2.9802322387695312e-08,S2A_MSIL2A_20190318T065621_R063_T39QXG_20201007T074707_0000.jpg,0.0,0.298279,0.0512,0.466275,28.3583,2019,3,spring,0,aerial_winter_2018,data/aerial_winter_2018/chip_indices_clean_hab.csv,1.0,6.123233995736766e-17,0,1,0,0
0.0353377163410186,2019-03-18 06:56:21.024000+00:00,0.8638516068458557,16384,1.788139343261719e-07,-0.1868648678064346,S2A_MSIL2A_20190318T065621_R063_T39QXG_20201007T074707,2.9802322387695312e-08,S2A_MSIL2A_20190318T065621_R063_T39QXG_20201007T074707_0001.jpg,0.0,0.298279,0.0512,0.466275,28.3583,2019,3,spring,0,aerial_winter_2018,data/aerial_winter_2018/chip_indices_clean_hab.csv,1.0,6.123233995736766e-17,0,1,0,0
0.0402032732963562,2019-03-13 06:56:49.024000+00:00,0.8946370482444763,16384,5.960464477539065e-08,-0.146943062543869,S2B_MSIL2A_20190313T065649_R063_T39QXG_20221118T122016,2.9802322387695312e-08,S2B_MSIL2A_20190313T065649_R063_T39QXG_20221118T122016_0000.jpg,0.0,0.526011,0.07,0.440988,28.315,2019,3,spring,0,aerial_winter_2018,data/aerial_winter_2018/chip_indices_clean_hab.csv,1.0,6.123233995736766e-17,0,1,0,0
0.0402032732963562,2019-03-13 06:56:49.024000+00:00,0.8946370482444763,16384,5.960464477539065e-08,-0.146943062543869,S2B_MSIL2A_20190313T065649_R063_T39QXG_20221118T122016,2.9802322387695312e-08,S2B_MSIL2A_20190313T065649_R063_T39QXG_20221118T122016_0001.jpg,0.0,0.526011,0.07,0.440988,28.315,2019,3,spring,0,aerial_winter_2018,data/aerial_winter_2018/chip_indices_clean_hab.csv,1.0,6.123233995736766e-17,0,1,0,0
0.0376262366771698,2019-03-13 06:56:49.024000+00:00,0.8710173964500427,16384,5.960464477539065e-08,-0.1840676665306091,S2B_MSIL2A_20190313T065649_R063_T39QXG_20201007T061904,1.4901161193847656e-08,S2B_MSIL2A_20190313T065649_R063_T39QXG_20201007T061904_0000.jpg,0.0,0.526011,0.07,0.440988,28.315,2019,3,spring,0,aerial_winter_2018,data/aerial_winter_2018/chip_indices_clean_hab.csv,1.0,6.123233995736766e-17,0,1,0,0
0.0376262366771698,2019-03-13 06:56:49.024000+00:00,0.8710173964500427,16384,5.960464477539065e-08,-0.1840676665306091,S2B_MSIL2A_20190313T065649_R063_T39QXG_20201007T061904,1.4901161193847656e-08,S2B_MSIL2A_20190313T065649_R063_T39QXG_20201007T061904_0001.jpg,0.0,0.526011,0.07,0.440988,28.315,2019,3,spring,0,aerial_winter_2018,data/aerial_winter_2018/chip_indices_clean_hab.csv,1.0,6.123233995736766e-17,0,1,0,0
0.0360459089279174,2019-03-08 06:57:21.024000+00:00,0.8697023987770081,16384,5.960464477539065e-08,-0.18241947889328,S2A_MSIL2A_20190308T065721_R063_T39QXG_20201007T042258,1.4901161193847656e-08,S2A_MSIL2A_20190308T065721_R063_T39QXG_20201007T042258_0000.jpg,0.0,0.526011,0.07,0.440988,28.315,2019,3,spring,0,aerial_winter_2018,data/aerial_winter_2018/chip_indices_clean_hab.csv,1.0,6.123233995736766e-17,0,1,0,0
0.0360459089279174,2019-03-08 06:57:21.024000+00:00,0.8697023987770081,16384,5.960464477539065e-08,-0.18241947889328,S2A_MSIL2A_20190308T065721_R063_T39QXG_20201007T042258,1.4901161193847656e-08,S2A_MSIL2A_20190308T065721_R063_T39QXG_20201007T042258_0001.jpg,0.0,0.526011,0.07,0.440988,28.315,2019,3,spring,0,aerial_winter_2018,data/aerial_winter_2018/chip_indices_clean_hab.csv,1.0,6.123233995736766e-17,0,1,0,0
0.0377508103847503,2019-03-03 06:58:09.024000+00:00,0.8974981307983398,16384,0.0,-0.1602608412504196,S2B_MSIL2A_20190303T065809_R063_T39QXG_20201030T112946,0.0,S2B_MSIL2A_20190303T065809_R063_T39QXG_20201030T112946_0000.jpg,0.0,0.561704,0.0732667,0.415105,27.5767,2019,3,spring,0,aerial_winter_2018,data/aerial_winter_2018/chip_indices_clean_hab.csv,1.0,6.123233995736766e-17,0,1,0,0
0.0377508103847503,2019-03-03 06:58:09.024000+00:00,0.8974981307983398,16384,0.0,-0.1602608412504196,S2B_MSIL2A_20190303T065809_R063_T39QXG_20201030T112946,0.0,S2B_MSIL2A_20190303T065809_R063_T39QXG_20201030T112946_0001.jpg,0.0,0.561704,0.0732667,0.415105,27.5767,2019,3,spring,0,aerial_winter_2018,data/aerial_winter_2018/chip_indices_clean_hab.csv,1.0,6.123233995736766e-17,0,1,0,0
0.0382557213306427,2019-02-26 06:58:41.024000+00:00,0.8793370723724365,16384,5.960464477539065e-08,-0.179624393582344,S2A_MSIL2A_20190226T065841_R063_T39QXG_20201007T204648,2.9802322387695312e-08,S2A_MSIL2A_20190226T065841_R063_T39QXG_20201007T204648_0000.jpg,0.0,0.561704,0.0732667,0.415105,27.5767,2019,2,winter,0,aerial_winter_2018,data/aerial_winter_2018/chip_indices_clean_hab.csv,0.8660254037844386,0.5000000000000001,1,0,0,0
0.0382557213306427,2019-02-26 06:58:41.024000+00:00,0.8793370723724365,16384,5.960464477539065e-08,-0.179624393582344,S2A_MSIL2A_20190226T065841_R063_T39QXG_20201007T204648,2.9802322387695312e-08,S2A_MSIL2A_20190226T065841_R063_T39QXG_20201007T204648_0001.jpg,0.0,0.561704,0.0732667,0.415105,27.5767,2019,2,winter,0,aerial_winter_2018,data/aerial_winter_2018/chip_indices_clean_hab.csv,0.8660254037844386,0.5000000000000001,1,0,0,0
0.032334417104721,2019-02-21 06:59:19.024000+00:00,0.8644731044769287,16384,1.1920928955078125e-07,-0.1803121566772461,S2B_MSIL2A_20190221T065919_R063_T39QXG_20201007T191341,0.0,S2B_MSIL2A_20190221T065919_R063_T39QXG_20201007T191341_0000.jpg,0.0,0.361142,0.0649333,0.157725,27.5483,2019,2,winter,0,aerial_winter_2018,data/aerial_winter_2018/chip_indices_clean_hab.csv,0.8660254037844386,0.5000000000000001,1,0,0,0
0.032334417104721,2019-02-21 06:59:19.024000+00:00,0.8644731044769287,16384,1.1920928955078125e-07,-0.1803121566772461,S2B_MSIL2A_20190221T065919_R063_T39QXG_20201007T191341,0.0,S2B_MSIL2A_20190221T065919_R063_T39QXG_20201007T191341_0001.jpg,0.0,0.361142,0.0649333,0.157725,27.5483,2019,2,winter,0,aerial_winter_2018,data/aerial_winter_2018/chip_indices_clean_hab.csv,0.8660254037844386,0.5000000000000001,1,0,0,0
0.0372524559497833,2019-02-11 07:00:19.024000+00:00,0.9027758240699768,16384,5.960464477539065e-08,-0.152270957827568,S2B_MSIL2A_20190211T070019_R063_T39QXG_20201007T155653,0.0,S2B_MSIL2A_20190211T070019_R063_T39QXG_20201007T155653_0000.jpg,0.0,0.518341,0.0695333,0.385327,26.7283,2019,2,winter,0,aerial_winter_2018,data/aerial_winter_2018/chip_indices_clean_hab.csv,0.8660254037844386,0.5000000000000001,1,0,0,0
0.0372524559497833,2019-02-11 07:00:19.024000+00:00,0.9027758240699768,16384,5.960464477539065e-08,-0.152270957827568,S2B_MSIL2A_20190211T070019_R063_T39QXG_20201007T155653,0.0,S2B_MSIL2A_20190211T070019_R063_T39QXG_20201007T155653_0001.jpg,0.0,0.518341,0.0695333,0.385327,26.7283,2019,2,winter,0,aerial_winter_2018,data/aerial_winter_2018/chip_indices_clean_hab.csv,0.8660254037844386,0.5000000000000001,1,0,0,0
0.033193439245224,2019-02-06 07:00:51.024000+00:00,0.8752240538597107,16384,5.960464477539065e-08,-0.1797331124544143,S2A_MSIL2A_20190206T070051_R063_T39QXG_20201007T142408,0.0,S2A_MSIL2A_20190206T070051_R063_T39QXG_20201007T142408_0000.jpg,0.0,0.648246,0.0794,0.363,26.305,2019,2,winter,0,aerial_winter_2018,data/aerial_winter_2018/chip_indices_clean_hab.csv,0.8660254037844386,0.5000000000000001,1,0,0,0
0.033193439245224,2019-02-06 07:00:51.024000+00:00,0.8752240538597107,16384,5.960464477539065e-08,-0.1797331124544143,S2A_MSIL2A_20190206T070051_R063_T39QXG_20201007T142408,0.0,S2A_MSIL2A_20190206T070051_R063_T39QXG_20201007T142408_0001.jpg,0.0,0.648246,0.0794,0.363,26.305,2019,2,winter,0,aerial_winter_2018,data/aerial_winter_2018/chip_indices_clean_hab.csv,0.8660254037844386,0.5000000000000001,1,0,0,0
0.0402852520346641,2019-02-01 07:01:19.024000+00:00,0.9206400513648988,16384,5.960464477539065e-08,-0.1506991684436798,S2B_MSIL2A_20190201T070119_R063_T39QXG_20201029T235440,1.4901161193847656e-08,S2B_MSIL2A_20190201T070119_R063_T39QXG_20201029T235440_0000.jpg,7.450580596923828e-09,0.394505,0.0654,0.0998117,26.6167,2019,2,winter,0,aerial_winter_2018,data/aerial_winter_2018/chip_indices_clean_hab.csv,0.8660254037844386,0.5000000000000001,1,0,0,0
0.0402852520346641,2019-02-01 07:01:19.024000+00:00,0.9206400513648988,16384,5.960464477539065e-08,-0.1506991684436798,S2B_MSIL2A_20190201T070119_R063_T39QXG_20201029T235440,1.4901161193847656e-08,S2B_MSIL2A_20190201T070119_R063_T39QXG_20201029T235440_0001.jpg,7.450580596923828e-09,0.394505,0.0654,0.0998117,26.6167,2019,2,winter,0,aerial_winter_2018,data/aerial_winter_2018/chip_indices_clean_hab.csv,0.8660254037844386,0.5000000000000001,1,0,0,0
0.0376590192317962,2019-01-27 07:01:41.024000+00:00,0.9243353009223938,16384,1.1920928955078125e-07,-0.1282726675271988,S2A_MSIL2A_20190127T070141_R063_T39QXG_20201008T050026,0.0,S2A_MSIL2A_20190127T070141_R063_T39QXG_20201008T050026_0000.jpg,0.0,0.394505,0.0654,0.0998117,26.6167,2019,1,winter,0,aerial_winter_2018,data/aerial_winter_2018/chip_indices_clean_hab.csv,0.49999999999999994,0.8660254037844387,1,0,0,0
0.0376590192317962,2019-01-27 07:01:41.024000+00:00,0.9243353009223938,16384,1.1920928955078125e-07,-0.1282726675271988,S2A_MSIL2A_20190127T070141_R063_T39QXG_20201008T050026,0.0,S2A_MSIL2A_20190127T070141_R063_T39QXG_20201008T050026_0001.jpg,0.0,0.394505,0.0654,0.0998117,26.6167,2019,1,winter,0,aerial_winter_2018,data/aerial_winter_2018/chip_indices_clean_hab.csv,0.49999999999999994,0.8660254037844387,1,0,0,0
0.0355081856250762,2019-01-22 07:02:09.024000+00:00,0.8920534253120422,16384,1.1920928955078125e-07,-0.1638188660144806,S2B_MSIL2A_20190122T070209_R063_T39QXG_20201008T034450,2.9802322387695312e-08,S2B_MSIL2A_20190122T070209_R063_T39QXG_20201008T034450_0000.jpg,0.0,0.656402,0.0806,0.356923,26.6533,2019,1,winter,0,aerial_winter_2018,data/aerial_winter_2018/chip_indices_clean_hab.csv,0.49999999999999994,0.8660254037844387,1,0,0,0
0.0355081856250762,2019-01-22 07:02:09.024000+00:00,0.8920534253120422,16384,1.1920928955078125e-07,-0.1638188660144806,S2B_MSIL2A_20190122T070209_R063_T39QXG_20201008T034450,2.9802322387695312e-08,S2B_MSIL2A_20190122T070209_R063_T39QXG_20201008T034450_0001.jpg,0.0,0.656402,0.0806,0.356923,26.6533,2019,1,winter,0,aerial_winter_2018,data/aerial_winter_2018/chip_indices_clean_hab.csv,0.49999999999999994,0.8660254037844387,1,0,0,0
0.0428130850195884,2019-01-17 07:02:21.024000+00:00,0.90726637840271,16384,1.1920928955078125e-07,-0.1612901389598846,S2A_MSIL2A_20190117T070221_R063_T39QXG_20201008T021414,2.9802322387695312e-08,S2A_MSIL2A_20190117T070221_R063_T39QXG_20201008T021414_0000.jpg,7.450580596923828e-09,0.656402,0.0806,0.356923,26.6533,2019,1,winter,0,aerial_winter_2018,data/aerial_winter_2018/chip_indices_clean_hab.csv,0.49999999999999994,0.8660254037844387,1,0,0,0
0.0428130850195884,2019-01-17 07:02:21.024000+00:00,0.90726637840271,16384,1.1920928955078125e-07,-0.1612901389598846,S2A_MSIL2A_20190117T070221_R063_T39QXG_20201008T021414,2.9802322387695312e-08,S2A_MSIL2A_20190117T070221_R063_T39QXG_20201008T021414_0001.jpg,7.450580596923828e-09,0.656402,0.0806,0.356923,26.6533,2019,1,winter,0,aerial_winter_2018,data/aerial_winter_2018/chip_indices_clean_hab.csv,0.49999999999999994,0.8660254037844387,1,0,0,0
0.0137180685997009,2019-01-12 07:02:39.024000+00:00,0.95287424325943,16384,5.960464477539065e-08,-0.0571427904069423,S2B_MSIL2A_20190112T070239_R063_T39QXG_20201008T005855,0.0,S2B_MSIL2A_20190112T070239_R063_T39QXG_20201008T005855_0000.jpg,0.0,0.620326,0.0782,0.184245,26.49,2019,1,winter,0,aerial_winter_2018,data/aerial_winter_2018/chip_indices_clean_hab.csv,0.49999999999999994,0.8660254037844387,1,0,0,0
0.0137180685997009,2019-01-12 07:02:39.024000+00:00,0.95287424325943,16384,5.960464477539065e-08,-0.0571427904069423,S2B_MSIL2A_20190112T070239_R063_T39QXG_20201008T005855,0.0,S2B_MSIL2A_20190112T070239_R063_T39QXG_20201008T005855_0001.jpg,0.0,0.620326,0.0782,0.184245,26.49,2019,1,winter,0,aerial_winter_2018,data/aerial_winter_2018/chip_indices_clean_hab.csv,0.49999999999999994,0.8660254037844387,1,0,0,0
0.0377835929393768,2019-01-07 07:02:51.024000+00:00,0.8884379863739014,16384,5.960464477539065e-08,-0.1672562807798385,S2A_MSIL2A_20190107T070251_R063_T39QXG_20201007T232849,2.9802322387695312e-08,S2A_MSIL2A_20190107T070251_R063_T39QXG_20201007T232849_0000.jpg,0.0,0.58144,0.0747,0.26695,27.48,2019,1,winter,0,aerial_winter_2018,data/aerial_winter_2018/chip_indices_clean_hab.csv,0.49999999999999994,0.8660254037844387,1,0,0,0
0.0377835929393768,2019-01-07 07:02:51.024000+00:00,0.8884379863739014,16384,5.960464477539065e-08,-0.1672562807798385,S2A_MSIL2A_20190107T070251_R063_T39QXG_20201007T232849,2.9802322387695312e-08,S2A_MSIL2A_20190107T070251_R063_T39QXG_20201007T232849_0001.jpg,0.0,0.58144,0.0747,0.26695,27.48,2019,1,winter,0,aerial_winter_2018,data/aerial_winter_2018/chip_indices_clean_hab.csv,0.49999999999999994,0.8660254037844387,1,0,0,0
0.0391868576407432,2020-03-27 06:56:19.024000+00:00,0.8925457000732422,16384,0.0,-0.1718707829713821,S2B_MSIL2A_20200327T065619_R063_T39QXG_20201027T114721,2.9802322387695312e-08,S2B_MSIL2A_20200327T065619_R063_T39QXG_20201027T114721_0000.jpg,7.450580596923828e-09,0.155697,0.0354,0.374305,30.155,2020,3,spring,0,aerial_winter_2019,data/aerial_winter_2019/chip_indices_clean_hab.csv,1.0,6.123233995736766e-17,0,1,0,0
0.0391868576407432,2020-03-27 06:56:19.024000+00:00,0.8925457000732422,16384,0.0,-0.1718707829713821,S2B_MSIL2A_20200327T065619_R063_T39QXG_20201027T114721,2.9802322387695312e-08,S2B_MSIL2A_20200327T065619_R063_T39QXG_20201027T114721_0001.jpg,7.450580596923828e-09,0.155697,0.0354,0.374305,30.155,2020,3,spring,0,aerial_winter_2019,data/aerial_winter_2019/chip_indices_clean_hab.csv,1.0,6.123233995736766e-17,0,1,0,0
0.0395016074180603,2020-03-22 06:56:21.024000+00:00,0.9125661253929138,16384,0.0,-0.1563979089260101,S2A_MSIL2A_20200322T065621_R063_T39QXG_20201014T192405,0.0,S2A_MSIL2A_20200322T065621_R063_T39QXG_20201014T192405_0000.jpg,0.0,0.155697,0.0354,0.374305,30.155,2020,3,spring,0,aerial_winter_2019,data/aerial_winter_2019/chip_indices_clean_hab.csv,1.0,6.123233995736766e-17,0,1,0,0
0.0395016074180603,2020-03-22 06:56:21.024000+00:00,0.9125661253929138,16384,0.0,-0.1563979089260101,S2A_MSIL2A_20200322T065621_R063_T39QXG_20201014T192405,0.0,S2A_MSIL2A_20200322T065621_R063_T39QXG_20201014T192405_0001.jpg,0.0,0.155697,0.0354,0.374305,30.155,2020,3,spring,0,aerial_winter_2019,data/aerial_winter_2019/chip_indices_clean_hab.csv,1.0,6.123233995736766e-17,0,1,0,0
0.0427409633994102,2020-03-17 06:56:19.024000+00:00,0.9147137999534608,16384,5.960464477539065e-08,-0.1536047756671905,S2B_MSIL2A_20200317T065619_R063_T39QXG_20201010T111701,2.9802322387695312e-08,S2B_MSIL2A_20200317T065619_R063_T39QXG_20201010T111701_0000.jpg,7.450580596923828e-09,0.179586,0.0389,0.40414,29.1483,2020,3,spring,0,aerial_winter_2019,data/aerial_winter_2019/chip_indices_clean_hab.csv,1.0,6.123233995736766e-17,0,1,0,0
0.0427409633994102,2020-03-17 06:56:19.024000+00:00,0.9147137999534608,16384,5.960464477539065e-08,-0.1536047756671905,S2B_MSIL2A_20200317T065619_R063_T39QXG_20201010T111701,2.9802322387695312e-08,S2B_MSIL2A_20200317T065619_R063_T39QXG_20201010T111701_0001.jpg,7.450580596923828e-09,0.179586,0.0389,0.40414,29.1483,2020,3,spring,0,aerial_winter_2019,data/aerial_winter_2019/chip_indices_clean_hab.csv,1.0,6.123233995736766e-17,0,1,0,0
0.0323409736156463,2020-03-12 06:56:51.024000+00:00,0.863634467124939,16384,1.1920928955078125e-07,-0.1820578426122665,S2A_MSIL2A_20200312T065651_R063_T39QXG_20201006T204613,0.0,S2A_MSIL2A_20200312T065651_R063_T39QXG_20201006T204613_0000.jpg,0.0,0.180261,0.0322,0.177615,27.7867,2020,3,spring,0,aerial_winter_2019,data/aerial_winter_2019/chip_indices_clean_hab.csv,1.0,6.123233995736766e-17,0,1,0,0
0.0323409736156463,2020-03-12 06:56:51.024000+00:00,0.863634467124939,16384,1.1920928955078125e-07,-0.1820578426122665,S2A_MSIL2A_20200312T065651_R063_T39QXG_20201006T204613,0.0,S2A_MSIL2A_20200312T065651_R063_T39QXG_20201006T204613_0001.jpg,0.0,0.180261,0.0322,0.177615,27.7867,2020,3,spring,0,aerial_winter_2019,data/aerial_winter_2019/chip_indices_clean_hab.csv,1.0,6.123233995736766e-17,0,1,0,0
0.0298229455947875,2020-03-07 06:57:29.024000+00:00,0.8743782639503479,16384,1.1920928955078125e-07,-0.1665458977222442,S2B_MSIL2A_20200307T065729_R063_T39QXG_20201003T195728,2.9802322387695312e-08,S2B_MSIL2A_20200307T065729_R063_T39QXG_20201003T195728_0000.jpg,0.0,0.180261,0.0322,0.177615,27.7867,2020,3,spring,0,aerial_winter_2019,data/aerial_winter_2019/chip_indices_clean_hab.csv,1.0,6.123233995736766e-17,0,1,0,0
0.0298229455947875,2020-03-07 06:57:29.024000+00:00,0.8743782639503479,16384,1.1920928955078125e-07,-0.1665458977222442,S2B_MSIL2A_20200307T065729_R063_T39QXG_20201003T195728,2.9802322387695312e-08,S2B_MSIL2A_20200307T065729_R063_T39QXG_20201003T195728_0001.jpg,0.0,0.180261,0.0322,0.177615,27.7867,2020,3,spring,0,aerial_winter_2019,data/aerial_winter_2019/chip_indices_clean_hab.csv,1.0,6.123233995736766e-17,0,1,0,0
0.0383606553077697,2020-03-02 06:58:01.024000+00:00,0.8900148868560791,16384,1.788139343261719e-07,-0.1705865710973739,S2A_MSIL2A_20200302T065801_R063_T39QXG_20200926T020245,2.9802322387695312e-08,S2A_MSIL2A_20200302T065801_R063_T39QXG_20200926T020245_0000.jpg,0.0,0.1943,0.043,0.32968,28.0075,2020,3,spring,0,aerial_winter_2019,data/aerial_winter_2019/chip_indices_clean_hab.csv,1.0,6.123233995736766e-17,0,1,0,0
0.0383606553077697,2020-03-02 06:58:01.024000+00:00,0.8900148868560791,16384,1.788139343261719e-07,-0.1705865710973739,S2A_MSIL2A_20200302T065801_R063_T39QXG_20200926T020245,2.9802322387695312e-08,S2A_MSIL2A_20200302T065801_R063_T39QXG_20200926T020245_0001.jpg,0.0,0.1943,0.043,0.32968,28.0075,2020,3,spring,0,aerial_winter_2019,data/aerial_winter_2019/chip_indices_clean_hab.csv,1.0,6.123233995736766e-17,0,1,0,0
0.0432196855545043,2020-02-21 06:59:11.024000+00:00,0.9439916014671326,16384,0.0,-0.1230627596378326,S2A_MSIL2A_20200221T065911_R063_T39QXG_20200927T132322,1.4901161193847656e-08,S2A_MSIL2A_20200221T065911_R063_T39QXG_20200927T132322_0000.jpg,0.0,0.323545,0.0566667,0.30265,28.8683,2020,2,winter,0,aerial_winter_2019,data/aerial_winter_2019/chip_indices_clean_hab.csv,0.8660254037844386,0.5000000000000001,1,0,0,0
0.0432196855545043,2020-02-21 06:59:11.024000+00:00,0.9439916014671326,16384,0.0,-0.1230627596378326,S2A_MSIL2A_20200221T065911_R063_T39QXG_20200927T132322,1.4901161193847656e-08,S2A_MSIL2A_20200221T065911_R063_T39QXG_20200927T132322_0001.jpg,0.0,0.323545,0.0566667,0.30265,28.8683,2020,2,winter,0,aerial_winter_2019,data/aerial_winter_2019/chip_indices_clean_hab.csv,0.8660254037844386,0.5000000000000001,1,0,0,0
0.0349901616573333,2020-02-16 06:59:39.024000+00:00,0.8910350203514099,16384,5.960464477539065e-08,-0.1650880873203277,S2B_MSIL2A_20200216T065939_R063_T39QXG_20200929T114644,1.4901161193847656e-08,S2B_MSIL2A_20200216T065939_R063_T39QXG_20200929T114644_0000.jpg,0.0,0.458176,0.0647333,0.220999,27.5483,2020,2,winter,0,aerial_winter_2019,data/aerial_winter_2019/chip_indices_clean_hab.csv,0.8660254037844386,0.5000000000000001,1,0,0,0
0.0349901616573333,2020-02-16 06:59:39.024000+00:00,0.8910350203514099,16384,5.960464477539065e-08,-0.1650880873203277,S2B_MSIL2A_20200216T065939_R063_T39QXG_20200929T114644,1.4901161193847656e-08,S2B_MSIL2A_20200216T065939_R063_T39QXG_20200929T114644_0001.jpg,0.0,0.458176,0.0647333,0.220999,27.5483,2020,2,winter,0,aerial_winter_2019,data/aerial_winter_2019/chip_indices_clean_hab.csv,0.8660254037844386,0.5000000000000001,1,0,0,0
0.038432776927948,2020-02-06 07:00:49.024000+00:00,0.9117624759674072,16384,1.788139343261719e-07,-0.1528382152318954,S2B_MSIL2A_20200206T070049_R063_T39QXG_20201001T025510,0.0,S2B_MSIL2A_20200206T070049_R063_T39QXG_20201001T025510_0000.jpg,0.0,0.798461,0.0889333,0.453355,27.3017,2020,2,winter,0,aerial_winter_2019,data/aerial_winter_2019/chip_indices_clean_hab.csv,0.8660254037844386,0.5000000000000001,1,0,0,0
0.0350688397884368,2020-02-01 07:01:11.024000+00:00,0.902266561985016,16384,1.788139343261719e-07,-0.1532073318958282,S2A_MSIL2A_20200201T070111_R063_T39QXG_20200930T073942,2.9802322387695312e-08,S2A_MSIL2A_20200201T070111_R063_T39QXG_20200930T073942_0000.jpg,0.0,0.260516,0.0565333,,27.53,2020,2,winter,0,aerial_winter_2019,data/aerial_winter_2019/chip_indices_clean_hab.csv,0.8660254037844386,0.5000000000000001,1,0,0,0
0.0350688397884368,2020-02-01 07:01:11.024000+00:00,0.902266561985016,16384,1.788139343261719e-07,-0.1532073318958282,S2A_MSIL2A_20200201T070111_R063_T39QXG_20200930T073942,2.9802322387695312e-08,S2A_MSIL2A_20200201T070111_R063_T39QXG_20200930T073942_0001.jpg,0.0,0.260516,0.0565333,,27.53,2020,2,winter,0,aerial_winter_2019,data/aerial_winter_2019/chip_indices_clean_hab.csv,0.8660254037844386,0.5000000000000001,1,0,0,0
0.0327114462852478,2020-01-27 07:01:39.024000+00:00,0.8785390257835388,16384,1.788139343261719e-07,-0.1711483001708984,S2B_MSIL2A_20200127T070139_R063_T39QXG_20201002T124936,0.0,S2B_MSIL2A_20200127T070139_R063_T39QXG_20201002T124936_0000.jpg,0.0,0.260516,0.0565333,,27.53,2020,1,winter,0,aerial_winter_2019,data/aerial_winter_2019/chip_indices_clean_hab.csv,0.49999999999999994,0.8660254037844387,1,0,0,0
0.0327114462852478,2020-01-27 07:01:39.024000+00:00,0.8785390257835388,16384,1.788139343261719e-07,-0.1711483001708984,S2B_MSIL2A_20200127T070139_R063_T39QXG_20201002T124936,0.0,S2B_MSIL2A_20200127T070139_R063_T39QXG_20201002T124936_0001.jpg,0.0,0.260516,0.0565333,,27.53,2020,1,winter,0,aerial_winter_2019,data/aerial_winter_2019/chip_indices_clean_hab.csv,0.49999999999999994,0.8660254037844387,1,0,0,0
0.0314458906650543,2020-01-22 07:02:01.024000+00:00,0.8923852443695068,16384,1.788139343261719e-07,-0.1606215536594391,S2A_MSIL2A_20200122T070201_R063_T39QXG_20201002T050518,1.4901161193847656e-08,S2A_MSIL2A_20200122T070201_R063_T39QXG_20201002T050518_0000.jpg,0.0,0.588291,0.0746,,27.7817,2020,1,winter,0,aerial_winter_2019,data/aerial_winter_2019/chip_indices_clean_hab.csv,0.49999999999999994,0.8660254037844387,1,0,0,0
0.0314458906650543,2020-01-22 07:02:01.024000+00:00,0.8923852443695068,16384,1.788139343261719e-07,-0.1606215536594391,S2A_MSIL2A_20200122T070201_R063_T39QXG_20201002T050518,1.4901161193847656e-08,S2A_MSIL2A_20200122T070201_R063_T39QXG_20201002T050518_0001.jpg,0.0,0.588291,0.0746,,27.7817,2020,1,winter,0,aerial_winter_2019,data/aerial_winter_2019/chip_indices_clean_hab.csv,0.49999999999999994,0.8660254037844387,1,0,0,0
0.0283704996109008,2020-01-17 07:02:19.024000+00:00,0.8769283890724182,16384,1.1920928955078125e-07,-0.1733408719301223,S2B_MSIL2A_20200117T070219_R063_T39QXG_20201002T195630,1.4901161193847656e-08,S2B_MSIL2A_20200117T070219_R063_T39QXG_20201002T195630_0000.jpg,0.0,0.588291,0.0746,,27.7817,2020,1,winter,0,aerial_winter_2019,data/aerial_winter_2019/chip_indices_clean_hab.csv,0.49999999999999994,0.8660254037844387,1,0,0,0
0.0283704996109008,2020-01-17 07:02:19.024000+00:00,0.8769283890724182,16384,1.1920928955078125e-07,-0.1733408719301223,S2B_MSIL2A_20200117T070219_R063_T39QXG_20201002T195630,1.4901161193847656e-08,S2B_MSIL2A_20200117T070219_R063_T39QXG_20201002T195630_0001.jpg,0.0,0.588291,0.0746,,27.7817,2020,1,winter,0,aerial_winter_2019,data/aerial_winter_2019/chip_indices_clean_hab.csv,0.49999999999999994,0.8660254037844387,1,0,0,0
0.0242262184619903,2020-01-12 07:02:41.024000+00:00,0.8597285747528076,16384,5.960464477539065e-08,-0.1830983310937881,S2A_MSIL2A_20200112T070241_R063_T39QXG_20201002T173508,1.4901161193847656e-08,S2A_MSIL2A_20200112T070241_R063_T39QXG_20201002T173508_0000.jpg,0.0,0.225162,0.045,0.11497,28.1517,2020,1,winter,0,aerial_winter_2019,data/aerial_winter_2019/chip_indices_clean_hab.csv,0.49999999999999994,0.8660254037844387,1,0,0,0
0.0242262184619903,2020-01-12 07:02:41.024000+00:00,0.8597285747528076,16384,5.960464477539065e-08,-0.1830983310937881,S2A_MSIL2A_20200112T070241_R063_T39QXG_20201002T173508,1.4901161193847656e-08,S2A_MSIL2A_20200112T070241_R063_T39QXG_20201002T173508_0001.jpg,0.0,0.225162,0.045,0.11497,28.1517,2020,1,winter,0,aerial_winter_2019,data/aerial_winter_2019/chip_indices_clean_hab.csv,0.49999999999999994,0.8660254037844387,1,0,0,0
0.0315180420875549,2020-01-07 07:02:49.024000+00:00,0.8867989182472229,16384,1.1920928955078125e-07,-0.1646648347377777,S2B_MSIL2A_20200107T070249_R063_T39QXG_20201029T121541,0.0,S2B_MSIL2A_20200107T070249_R063_T39QXG_20201029T121541_0000.jpg,0.0,0.387999,0.0578667,0.330983,28.7967,2020,1,winter,0,aerial_winter_2019,data/aerial_winter_2019/chip_indices_clean_hab.csv,0.49999999999999994,0.8660254037844387,1,0,0,0
0.0315180420875549,2020-01-07 07:02:49.024000+00:00,0.8867989182472229,16384,1.1920928955078125e-07,-0.1646648347377777,S2B_MSIL2A_20200107T070249_R063_T39QXG_20201029T121541,0.0,S2B_MSIL2A_20200107T070249_R063_T39QXG_20201029T121541_0001.jpg,0.0,0.387999,0.0578667,0.330983,28.7967,2020,1,winter,0,aerial_winter_2019,data/aerial_winter_2019/chip_indices_clean_hab.csv,0.49999999999999994,0.8660254037844387,1,0,0,0
0.0392688512802124,2020-01-02 07:03:01.024000+00:00,0.9258394837379456,16384,5.960464477539065e-08,-0.1424114406108856,S2A_MSIL2A_20200102T070301_R063_T39QXG_20201002T215142,1.4901161193847656e-08,S2A_MSIL2A_20200102T070301_R063_T39QXG_20201002T215142_0000.jpg,0.0,0.387999,0.0578667,0.330983,28.7967,2020,1,winter,0,aerial_winter_2019,data/aerial_winter_2019/chip_indices_clean_hab.csv,0.49999999999999994,0.8660254037844387,1,0,0,0
0.0392688512802124,2020-01-02 07:03:01.024000+00:00,0.9258394837379456,16384,5.960464477539065e-08,-0.1424114406108856,S2A_MSIL2A_20200102T070301_R063_T39QXG_20201002T215142,1.4901161193847656e-08,S2A_MSIL2A_20200102T070301_R063_T39QXG_20201002T215142_0001.jpg,0.0,0.387999,0.0578667,0.330983,28.7967,2020,1,winter,0,aerial_winter_2019,data/aerial_winter_2019/chip_indices_clean_hab.csv,0.49999999999999994,0.8660254037844387,1,0,0,0
0.0383868813514709,2021-03-27 06:56:21.024000+00:00,0.8721093535423279,16384,1.788139343261719e-07,-0.1818800717592239,S2A_MSIL2A_20210327T065621_R063_T39QXG_20210327T193611,1.4901161193847656e-08,S2A_MSIL2A_20210327T065621_R063_T39QXG_20210327T193611_0000.jpg,0.0,0.469682,0.0674,0.177445,28.6267,2021,3,spring,0,aerial_winter_2020,data/aerial_winter_2020/chip_indices_clean_hab.csv,1.0,6.123233995736766e-17,0,1,0,0
0.0383868813514709,2021-03-27 06:56:21.024000+00:00,0.8721093535423279,16384,1.788139343261719e-07,-0.1818800717592239,S2A_MSIL2A_20210327T065621_R063_T39QXG_20210327T193611,1.4901161193847656e-08,S2A_MSIL2A_20210327T065621_R063_T39QXG_20210327T193611_0001.jpg,0.0,0.469682,0.0674,0.177445,28.6267,2021,3,spring,0,aerial_winter_2020,data/aerial_winter_2020/chip_indices_clean_hab.csv,1.0,6.123233995736766e-17,0,1,0,0
0.0395082011818885,2021-03-22 06:56:19.024000+00:00,0.8770799040794373,16384,0.0,-0.1812644302845001,S2B_MSIL2A_20210322T065619_R063_T39QXG_20210323T015515,2.9802322387695312e-08,S2B_MSIL2A_20210322T065619_R063_T39QXG_20210323T015515_0000.jpg,7.450580596923828e-09,0.469682,0.0674,0.177445,28.6267,2021,3,spring,0,aerial_winter_2020,data/aerial_winter_2020/chip_indices_clean_hab.csv,1.0,6.123233995736766e-17,0,1,0,0
0.0395082011818885,2021-03-22 06:56:19.024000+00:00,0.8770799040794373,16384,0.0,-0.1812644302845001,S2B_MSIL2A_20210322T065619_R063_T39QXG_20210323T015515,2.9802322387695312e-08,S2B_MSIL2A_20210322T065619_R063_T39QXG_20210323T015515_0001.jpg,7.450580596923828e-09,0.469682,0.0674,0.177445,28.6267,2021,3,spring,0,aerial_winter_2020,data/aerial_winter_2020/chip_indices_clean_hab.csv,1.0,6.123233995736766e-17,0,1,0,0
0.0384393334388732,2021-03-17 06:56:21.024000+00:00,0.8871610164642334,16384,1.788139343261719e-07,-0.1708949357271194,S2A_MSIL2A_20210317T065621_R063_T39QXG_20210317T221928,1.4901161193847656e-08,S2A_MSIL2A_20210317T065621_R063_T39QXG_20210317T221928_0000.jpg,0.0,0.373507,0.0627333,0.286273,28.6717,2021,3,spring,0,aerial_winter_2020,data/aerial_winter_2020/chip_indices_clean_hab.csv,1.0,6.123233995736766e-17,0,1,0,0
0.0384393334388732,2021-03-17 06:56:21.024000+00:00,0.8871610164642334,16384,1.788139343261719e-07,-0.1708949357271194,S2A_MSIL2A_20210317T065621_R063_T39QXG_20210317T221928,1.4901161193847656e-08,S2A_MSIL2A_20210317T065621_R063_T39QXG_20210317T221928_0001.jpg,0.0,0.373507,0.0627333,0.286273,28.6717,2021,3,spring,0,aerial_winter_2020,data/aerial_winter_2020/chip_indices_clean_hab.csv,1.0,6.123233995736766e-17,0,1,0,0
0.0358688235282897,2021-03-12 06:56:59.024000+00:00,0.8943070769309998,16384,0.0,-0.1576468795537948,S2B_MSIL2A_20210312T065659_R063_T39QXG_20210312T174530,1.4901161193847656e-08,S2B_MSIL2A_20210312T065659_R063_T39QXG_20210312T174530_0000.jpg,0.0,0.425302,0.0691,0.398062,27.4733,2021,3,spring,0,aerial_winter_2020,data/aerial_winter_2020/chip_indices_clean_hab.csv,1.0,6.123233995736766e-17,0,1,0,0
0.0358688235282897,2021-03-12 06:56:59.024000+00:00,0.8943070769309998,16384,0.0,-0.1576468795537948,S2B_MSIL2A_20210312T065659_R063_T39QXG_20210312T174530,1.4901161193847656e-08,S2B_MSIL2A_20210312T065659_R063_T39QXG_20210312T174530_0001.jpg,0.0,0.425302,0.0691,0.398062,27.4733,2021,3,spring,0,aerial_winter_2020,data/aerial_winter_2020/chip_indices_clean_hab.csv,1.0,6.123233995736766e-17,0,1,0,0
0.0389442667365074,2021-03-07 06:57:31.024000+00:00,0.8975427150726318,16384,2.384185791015625e-07,-0.1641201078891754,S2A_MSIL2A_20210307T065731_R063_T39QXG_20210307T203727,2.9802322387695312e-08,S2A_MSIL2A_20210307T065731_R063_T39QXG_20210307T203727_0000.jpg,7.450580596923828e-09,0.425302,0.0691,0.398062,27.4733,2021,3,spring,0,aerial_winter_2020,data/aerial_winter_2020/chip_indices_clean_hab.csv,1.0,6.123233995736766e-17,0,1,0,0
0.0389442667365074,2021-03-07 06:57:31.024000+00:00,0.8975427150726318,16384,2.384185791015625e-07,-0.1641201078891754,S2A_MSIL2A_20210307T065731_R063_T39QXG_20210307T203727,2.9802322387695312e-08,S2A_MSIL2A_20210307T065731_R063_T39QXG_20210307T203727_0001.jpg,7.450580596923828e-09,0.425302,0.0691,0.398062,27.4733,2021,3,spring,0,aerial_winter_2020,data/aerial_winter_2020/chip_indices_clean_hab.csv,1.0,6.123233995736766e-17,0,1,0,0
0.0351934432983398,2021-03-02 06:58:09.024000+00:00,0.8997316956520081,16384,1.1920928955078125e-07,-0.1573810428380966,S2B_MSIL2A_20210302T065809_R063_T39QXG_20210302T153932,1.4901161193847656e-08,S2B_MSIL2A_20210302T065809_R063_T39QXG_20210302T153932_0000.jpg,0.0,0.785385,0.089,0.414212,27.0533,2021,3,spring,0,aerial_winter_2020,data/aerial_winter_2020/chip_indices_clean_hab.csv,1.0,6.123233995736766e-17,0,1,0,0
0.0351934432983398,2021-03-02 06:58:09.024000+00:00,0.8997316956520081,16384,1.1920928955078125e-07,-0.1573810428380966,S2B_MSIL2A_20210302T065809_R063_T39QXG_20210302T153932,1.4901161193847656e-08,S2B_MSIL2A_20210302T065809_R063_T39QXG_20210302T153932_0001.jpg,0.0,0.785385,0.089,0.414212,27.0533,2021,3,spring,0,aerial_winter_2020,data/aerial_winter_2020/chip_indices_clean_hab.csv,1.0,6.123233995736766e-17,0,1,0,0
0.0413967370986938,2021-02-25 06:58:51.024000+00:00,0.9025478959083556,16384,1.1920928955078125e-07,-0.1711997985839843,S2A_MSIL2A_20210225T065851_R063_T39QXG_20210225T181931,0.0,S2A_MSIL2A_20210225T065851_R063_T39QXG_20210225T181931_0000.jpg,0.0,0.573955,0.0754,0.46942,26.715,2021,2,winter,0,aerial_winter_2020,data/aerial_winter_2020/chip_indices_clean_hab.csv,0.8660254037844386,0.5000000000000001,1,0,0,0
0.0413967370986938,2021-02-25 06:58:51.024000+00:00,0.9025478959083556,16384,1.1920928955078125e-07,-0.1711997985839843,S2A_MSIL2A_20210225T065851_R063_T39QXG_20210225T181931,0.0,S2A_MSIL2A_20210225T065851_R063_T39QXG_20210225T181931_0001.jpg,0.0,0.573955,0.0754,0.46942,26.715,2021,2,winter,0,aerial_winter_2020,data/aerial_winter_2020/chip_indices_clean_hab.csv,0.8660254037844386,0.5000000000000001,1,0,0,0
0.0354688763618469,2021-02-15 06:59:51.024000+00:00,0.8745830059051514,16384,5.960464477539065e-08,-0.1789471805095672,S2A_MSIL2A_20210215T065951_R063_T39QXG_20210215T202348,2.9802322387695312e-08,S2A_MSIL2A_20210215T065951_R063_T39QXG_20210215T202348_0000.jpg,0.0,0.469736,0.0669143,0.252937,26.5367,2021,2,winter,0,aerial_winter_2020,data/aerial_winter_2020/chip_indices_clean_hab.csv,0.8660254037844386,0.5000000000000001,1,0,0,0
0.0354688763618469,2021-02-15 06:59:51.024000+00:00,0.8745830059051514,16384,5.960464477539065e-08,-0.1789471805095672,S2A_MSIL2A_20210215T065951_R063_T39QXG_20210215T202348,2.9802322387695312e-08,S2A_MSIL2A_20210215T065951_R063_T39QXG_20210215T202348_0001.jpg,0.0,0.469736,0.0669143,0.252937,26.5367,2021,2,winter,0,aerial_winter_2020,data/aerial_winter_2020/chip_indices_clean_hab.csv,0.8660254037844386,0.5000000000000001,1,0,0,0
0.0385311245918273,2021-02-05 07:00:51.024000+00:00,0.8935603499412537,16384,5.960464477539065e-08,-0.1685052663087844,S2A_MSIL2A_20210205T070051_R063_T39QXG_20210210T170018,0.0,S2A_MSIL2A_20210205T070051_R063_T39QXG_20210210T170018_0000.jpg,0.0,0.499068,0.0704,0.3834,26.315,2021,2,winter,0,aerial_winter_2020,data/aerial_winter_2020/chip_indices_clean_hab.csv,0.8660254037844386,0.5000000000000001,1,0,0,0
0.0385311245918273,2021-02-05 07:00:51.024000+00:00,0.8935603499412537,16384,5.960464477539065e-08,-0.1685052663087844,S2A_MSIL2A_20210205T070051_R063_T39QXG_20210210T170018,0.0,S2A_MSIL2A_20210205T070051_R063_T39QXG_20210210T170018_0001.jpg,0.0,0.499068,0.0704,0.3834,26.315,2021,2,winter,0,aerial_winter_2020,data/aerial_winter_2020/chip_indices_clean_hab.csv,0.8660254037844386,0.5000000000000001,1,0,0,0
0.0352262258529663,2021-01-31 07:01:19.024000+00:00,0.8897483944892883,16384,1.1920928955078125e-07,-0.1653699576854705,S2B_MSIL2A_20210131T070119_R063_T39QXG_20210201T152028,2.9802322387695312e-08,S2B_MSIL2A_20210131T070119_R063_T39QXG_20210201T152028_0000.jpg,0.0,1.7707,0.1446,0.613948,26.3167,2021,1,winter,1,aerial_winter_2020,data/aerial_winter_2020/chip_indices_clean_hab.csv,0.49999999999999994,0.8660254037844387,1,0,0,0
0.0352262258529663,2021-01-31 07:01:19.024000+00:00,0.8897483944892883,16384,1.1920928955078125e-07,-0.1653699576854705,S2B_MSIL2A_20210131T070119_R063_T39QXG_20210201T152028,2.9802322387695312e-08,S2B_MSIL2A_20210131T070119_R063_T39QXG_20210201T152028_0001.jpg,0.0,1.7707,0.1446,0.613948,26.3167,2021,1,winter,1,aerial_winter_2020,data/aerial_winter_2020/chip_indices_clean_hab.csv,0.49999999999999994,0.8660254037844387,1,0,0,0
0.0420131459832191,2021-01-26 07:01:51.024000+00:00,0.9169623851776124,16384,1.788139343261719e-07,-0.1558305919170379,S2A_MSIL2A_20210126T070151_R063_T39QXG_20210201T045017,1.4901161193847656e-08,S2A_MSIL2A_20210126T070151_R063_T39QXG_20210201T045017_0000.jpg,7.450580596923828e-09,1.7707,0.1446,0.613948,26.3167,2021,1,winter,1,aerial_winter_2020,data/aerial_winter_2020/chip_indices_clean_hab.csv,0.49999999999999994,0.8660254037844387,1,0,0,0
0.0420131459832191,2021-01-26 07:01:51.024000+00:00,0.9169623851776124,16384,1.788139343261719e-07,-0.1558305919170379,S2A_MSIL2A_20210126T070151_R063_T39QXG_20210201T045017,1.4901161193847656e-08,S2A_MSIL2A_20210126T070151_R063_T39QXG_20210201T045017_0001.jpg,7.450580596923828e-09,1.7707,0.1446,0.613948,26.3167,2021,1,winter,1,aerial_winter_2020,data/aerial_winter_2020/chip_indices_clean_hab.csv,0.49999999999999994,0.8660254037844387,1,0,0,0
0.0388393402099609,2021-01-21 07:02:09.024000+00:00,0.907214879989624,16384,2.384185791015625e-07,-0.1487130969762802,S2B_MSIL2A_20210121T070209_R063_T39QXG_20210122T122053,0.0,S2B_MSIL2A_20210121T070209_R063_T39QXG_20210122T122053_0000.jpg,0.0,0.775485,0.0879,0.190025,26.055,2021,1,winter,0,aerial_winter_2020,data/aerial_winter_2020/chip_indices_clean_hab.csv,0.49999999999999994,0.8660254037844387,1,0,0,0
0.0388393402099609,2021-01-21 07:02:09.024000+00:00,0.907214879989624,16384,2.384185791015625e-07,-0.1487130969762802,S2B_MSIL2A_20210121T070209_R063_T39QXG_20210122T122053,0.0,S2B_MSIL2A_20210121T070209_R063_T39QXG_20210122T122053_0001.jpg,0.0,0.775485,0.0879,0.190025,26.055,2021,1,winter,0,aerial_winter_2020,data/aerial_winter_2020/chip_indices_clean_hab.csv,0.49999999999999994,0.8660254037844387,1,0,0,0
0.0422688722610473,2021-01-16 07:02:31.024000+00:00,0.8904314637184143,16384,5.960464477539065e-08,-0.1756787151098251,S2A_MSIL2A_20210116T070231_R063_T39QXG_20210116T213026,0.0,S2A_MSIL2A_20210116T070231_R063_T39QXG_20210116T213026_0000.jpg,0.0,0.536795,0.071,0.201585,25.985,2021,1,winter,0,aerial_winter_2020,data/aerial_winter_2020/chip_indices_clean_hab.csv,0.49999999999999994,0.8660254037844387,1,0,0,0
0.0422688722610473,2021-01-16 07:02:31.024000+00:00,0.8904314637184143,16384,5.960464477539065e-08,-0.1756787151098251,S2A_MSIL2A_20210116T070231_R063_T39QXG_20210116T213026,0.0,S2A_MSIL2A_20210116T070231_R063_T39QXG_20210116T213026_0001.jpg,0.0,0.536795,0.071,0.201585,25.985,2021,1,winter,0,aerial_winter_2020,data/aerial_winter_2020/chip_indices_clean_hab.csv,0.49999999999999994,0.8660254037844387,1,0,0,0
0.0121967196464538,2021-01-11 07:02:49.024000+00:00,0.9756481647491456,16384,1.788139343261719e-07,-0.0288099963217973,S2B_MSIL2A_20210111T070249_R063_T39QXG_20210111T183409,0.0,S2B_MSIL2A_20210111T070249_R063_T39QXG_20210111T183409_0000.jpg,0.0,0.536795,0.071,0.201585,25.985,2021,1,winter,0,aerial_winter_2020,data/aerial_winter_2020/chip_indices_clean_hab.csv,0.49999999999999994,0.8660254037844387,1,0,0,0
0.0121967196464538,2021-01-11 07:02:49.024000+00:00,0.9756481647491456,16384,1.788139343261719e-07,-0.0288099963217973,S2B_MSIL2A_20210111T070249_R063_T39QXG_20210111T183409,0.0,S2B_MSIL2A_20210111T070249_R063_T39QXG_20210111T183409_0001.jpg,0.0,0.536795,0.071,0.201585,25.985,2021,1,winter,0,aerial_winter_2020,data/aerial_winter_2020/chip_indices_clean_hab.csv,0.49999999999999994,0.8660254037844387,1,0,0,0
0.0393376946449279,2022-03-27 06:56:19.024000+00:00,0.9080219864845276,16384,0.0,-0.1351350247859954,S2B_MSIL2A_20220327T065619_R063_T39QXG_20220327T201724,1.4901161193847656e-08,S2B_MSIL2A_20220327T065619_R063_T39QXG_20220327T201724_0000.jpg,0.0,0.33691,0.0591333,0.303953,28.5783,2022,3,spring,0,aerial_winter_2021,data/aerial_winter_2021/chip_indices_clean_hab.csv,1.0,6.123233995736766e-17,0,1,0,0
0.0393376946449279,2022-03-27 06:56:19.024000+00:00,0.9080219864845276,16384,0.0,-0.1351350247859954,S2B_MSIL2A_20220327T065619_R063_T39QXG_20220327T201724,1.4901161193847656e-08,S2B_MSIL2A_20220327T065619_R063_T39QXG_20220327T201724_0001.jpg,0.0,0.33691,0.0591333,0.303953,28.5783,2022,3,spring,0,aerial_winter_2021,data/aerial_winter_2021/chip_indices_clean_hab.csv,1.0,6.123233995736766e-17,0,1,0,0
0.0487933754920959,2022-03-22 06:56:31.024000+00:00,0.9148271083831788,16384,1.788139343261719e-07,-0.1388694047927856,S2A_MSIL2A_20220322T065631_R063_T39QXG_20240522T141858,0.0,S2A_MSIL2A_20220322T065631_R063_T39QXG_20240522T141858_0000.jpg,0.0,0.33691,0.0591333,0.303953,28.5783,2022,3,spring,0,aerial_winter_2021,data/aerial_winter_2021/chip_indices_clean_hab.csv,1.0,6.123233995736766e-17,0,1,0,0
0.0487933754920959,2022-03-22 06:56:31.024000+00:00,0.9148271083831788,16384,1.788139343261719e-07,-0.1388694047927856,S2A_MSIL2A_20220322T065631_R063_T39QXG_20240522T141858,0.0,S2A_MSIL2A_20220322T065631_R063_T39QXG_20240522T141858_0001.jpg,0.0,0.33691,0.0591333,0.303953,28.5783,2022,3,spring,0,aerial_winter_2021,data/aerial_winter_2021/chip_indices_clean_hab.csv,1.0,6.123233995736766e-17,0,1,0,0
0.0433377027511596,2022-03-22 06:56:31.024000+00:00,0.9129552841186525,16384,0.0,-0.1379960924386978,S2A_MSIL2A_20220322T065631_R063_T39QXG_20220322T215023,0.0,S2A_MSIL2A_20220322T065631_R063_T39QXG_20220322T215023_0000.jpg,0.0,0.33691,0.0591333,0.303953,28.5783,2022,3,spring,0,aerial_winter_2021,data/aerial_winter_2021/chip_indices_clean_hab.csv,1.0,6.123233995736766e-17,0,1,0,0
0.0433377027511596,2022-03-22 06:56:31.024000+00:00,0.9129552841186525,16384,0.0,-0.1379960924386978,S2A_MSIL2A_20220322T065631_R063_T39QXG_20220322T215023,0.0,S2A_MSIL2A_20220322T065631_R063_T39QXG_20220322T215023_0001.jpg,0.0,0.33691,0.0591333,0.303953,28.5783,2022,3,spring,0,aerial_winter_2021,data/aerial_winter_2021/chip_indices_clean_hab.csv,1.0,6.123233995736766e-17,0,1,0,0
0.0394885540008544,2022-03-17 06:56:19.024000+00:00,0.9235446453094482,16384,1.788139343261719e-07,-0.1111110374331474,S2B_MSIL2A_20220317T065619_R063_T39QXG_20240523T103231,7.450580596923828e-09,S2B_MSIL2A_20220317T065619_R063_T39QXG_20240523T103231_0000.jpg,0.0,0.306613,0.0532,0.2899,27.7983,2022,3,spring,0,aerial_winter_2021,data/aerial_winter_2021/chip_indices_clean_hab.csv,1.0,6.123233995736766e-17,0,1,0,0
0.0394885540008544,2022-03-17 06:56:19.024000+00:00,0.9235446453094482,16384,1.788139343261719e-07,-0.1111110374331474,S2B_MSIL2A_20220317T065619_R063_T39QXG_20240523T103231,7.450580596923828e-09,S2B_MSIL2A_20220317T065619_R063_T39QXG_20240523T103231_0001.jpg,0.0,0.306613,0.0532,0.2899,27.7983,2022,3,spring,0,aerial_winter_2021,data/aerial_winter_2021/chip_indices_clean_hab.csv,1.0,6.123233995736766e-17,0,1,0,0
0.0340000391006469,2022-03-17 06:56:19.024000+00:00,0.9263277649879456,16384,0.0,-0.1082711294293403,S2B_MSIL2A_20220317T065619_R063_T39QXG_20220317T172218,1.4901161193847656e-08,S2B_MSIL2A_20220317T065619_R063_T39QXG_20220317T172218_0000.jpg,0.0,0.306613,0.0532,0.2899,27.7983,2022,3,spring,0,aerial_winter_2021,data/aerial_winter_2021/chip_indices_clean_hab.csv,1.0,6.123233995736766e-17,0,1,0,0
0.0340000391006469,2022-03-17 06:56:19.024000+00:00,0.9263277649879456,16384,0.0,-0.1082711294293403,S2B_MSIL2A_20220317T065619_R063_T39QXG_20220317T172218,1.4901161193847656e-08,S2B_MSIL2A_20220317T065619_R063_T39QXG_20220317T172218_0001.jpg,0.0,0.306613,0.0532,0.2899,27.7983,2022,3,spring,0,aerial_winter_2021,data/aerial_winter_2021/chip_indices_clean_hab.csv,1.0,6.123233995736766e-17,0,1,0,0
0.0453049540519714,2022-03-12 06:57:01.024000+00:00,0.9109132885932922,16384,1.1920928955078125e-07,-0.1349178701639175,S2A_MSIL2A_20220312T065701_R063_T39QXG_20240523T070747,0.0,S2A_MSIL2A_20220312T065701_R063_T39QXG_20240523T070747_0000.jpg,0.0,0.284878,0.0548667,0.396263,27.23,2022,3,spring,0,aerial_winter_2021,data/aerial_winter_2021/chip_indices_clean_hab.csv,1.0,6.123233995736766e-17,0,1,0,0
0.0453049540519714,2022-03-12 06:57:01.024000+00:00,0.9109132885932922,16384,1.1920928955078125e-07,-0.1349178701639175,S2A_MSIL2A_20220312T065701_R063_T39QXG_20240523T070747,0.0,S2A_MSIL2A_20220312T065701_R063_T39QXG_20240523T070747_0001.jpg,0.0,0.284878,0.0548667,0.396263,27.23,2022,3,spring,0,aerial_winter_2021,data/aerial_winter_2021/chip_indices_clean_hab.csv,1.0,6.123233995736766e-17,0,1,0,0
0.0416262149810791,2022-03-12 06:57:01.024000+00:00,0.913667619228363,16384,5.960464477539065e-08,-0.1334320455789566,S2A_MSIL2A_20220312T065701_R063_T39QXG_20220312T225303,0.0,S2A_MSIL2A_20220312T065701_R063_T39QXG_20220312T225303_0000.jpg,0.0,0.284878,0.0548667,0.396263,27.23,2022,3,spring,0,aerial_winter_2021,data/aerial_winter_2021/chip_indices_clean_hab.csv,1.0,6.123233995736766e-17,0,1,0,0
0.0416262149810791,2022-03-12 06:57:01.024000+00:00,0.913667619228363,16384,5.960464477539065e-08,-0.1334320455789566,S2A_MSIL2A_20220312T065701_R063_T39QXG_20220312T225303,0.0,S2A_MSIL2A_20220312T065701_R063_T39QXG_20220312T225303_0001.jpg,0.0,0.284878,0.0548667,0.396263,27.23,2022,3,spring,0,aerial_winter_2021,data/aerial_winter_2021/chip_indices_clean_hab.csv,1.0,6.123233995736766e-17,0,1,0,0
0.039429485797882,2022-03-07 06:57:29.024000+00:00,0.9013574123382568,16384,2.384185791015625e-07,-0.135860338807106,S2B_MSIL2A_20220307T065729_R063_T39QXG_20240524T222725,0.0,S2B_MSIL2A_20220307T065729_R063_T39QXG_20240524T222725_0000.jpg,0.0,0.284878,0.0548667,0.396263,27.23,2022,3,spring,0,aerial_winter_2021,data/aerial_winter_2021/chip_indices_clean_hab.csv,1.0,6.123233995736766e-17,0,1,0,0
0.039429485797882,2022-03-07 06:57:29.024000+00:00,0.9013574123382568,16384,2.384185791015625e-07,-0.135860338807106,S2B_MSIL2A_20220307T065729_R063_T39QXG_20240524T222725,0.0,S2B_MSIL2A_20220307T065729_R063_T39QXG_20240524T222725_0001.jpg,0.0,0.284878,0.0548667,0.396263,27.23,2022,3,spring,0,aerial_winter_2021,data/aerial_winter_2021/chip_indices_clean_hab.csv,1.0,6.123233995736766e-17,0,1,0,0
0.0351015925407409,2022-03-07 06:57:29.024000+00:00,0.9036683440208436,16384,1.788139343261719e-07,-0.1328878104686737,S2B_MSIL2A_20220307T065729_R063_T39QXG_20220307T200029,1.4901161193847656e-08,S2B_MSIL2A_20220307T065729_R063_T39QXG_20220307T200029_0000.jpg,0.0,0.284878,0.0548667,0.396263,27.23,2022,3,spring,0,aerial_winter_2021,data/aerial_winter_2021/chip_indices_clean_hab.csv,1.0,6.123233995736766e-17,0,1,0,0
0.0351015925407409,2022-03-07 06:57:29.024000+00:00,0.9036683440208436,16384,1.788139343261719e-07,-0.1328878104686737,S2B_MSIL2A_20220307T065729_R063_T39QXG_20220307T200029,1.4901161193847656e-08,S2B_MSIL2A_20220307T065729_R063_T39QXG_20220307T200029_0001.jpg,0.0,0.284878,0.0548667,0.396263,27.23,2022,3,spring,0,aerial_winter_2021,data/aerial_winter_2021/chip_indices_clean_hab.csv,1.0,6.123233995736766e-17,0,1,0,0
0.0424655675888061,2022-03-02 06:58:11.024000+00:00,0.9001810550689697,16384,1.788139343261719e-07,-0.1433540880680084,S2A_MSIL2A_20220302T065811_R063_T39QXG_20240528T164922,1.4901161193847656e-08,S2A_MSIL2A_20220302T065811_R063_T39QXG_20240528T164922_0000.jpg,0.0,0.398474,0.0638,0.26559,26.98,2022,3,spring,0,aerial_winter_2021,data/aerial_winter_2021/chip_indices_clean_hab.csv,1.0,6.123233995736766e-17,0,1,0,0
0.0424655675888061,2022-03-02 06:58:11.024000+00:00,0.9001810550689697,16384,1.788139343261719e-07,-0.1433540880680084,S2A_MSIL2A_20220302T065811_R063_T39QXG_20240528T164922,1.4901161193847656e-08,S2A_MSIL2A_20220302T065811_R063_T39QXG_20240528T164922_0001.jpg,0.0,0.398474,0.0638,0.26559,26.98,2022,3,spring,0,aerial_winter_2021,data/aerial_winter_2021/chip_indices_clean_hab.csv,1.0,6.123233995736766e-17,0,1,0,0
0.0369246006011962,2022-03-02 06:58:11.024000+00:00,0.8993909358978271,16384,1.788139343261719e-07,-0.1418657302856445,S2A_MSIL2A_20220302T065811_R063_T39QXG_20220304T043204,0.0,S2A_MSIL2A_20220302T065811_R063_T39QXG_20220304T043204_0000.jpg,0.0,0.398474,0.0638,0.26559,26.98,2022,3,spring,0,aerial_winter_2021,data/aerial_winter_2021/chip_indices_clean_hab.csv,1.0,6.123233995736766e-17,0,1,0,0
0.0369246006011962,2022-03-02 06:58:11.024000+00:00,0.8993909358978271,16384,1.788139343261719e-07,-0.1418657302856445,S2A_MSIL2A_20220302T065811_R063_T39QXG_20220304T043204,0.0,S2A_MSIL2A_20220302T065811_R063_T39QXG_20220304T043204_0001.jpg,0.0,0.398474,0.0638,0.26559,26.98,2022,3,spring,0,aerial_winter_2021,data/aerial_winter_2021/chip_indices_clean_hab.csv,1.0,6.123233995736766e-17,0,1,0,0
0.0400328040122985,2022-02-25 06:58:39.024000+00:00,0.9021452069282532,16384,1.1920928955078125e-07,-0.1399783045053482,S2B_MSIL2A_20220225T065839_R063_T39QXG_20240530T024034,0.0,S2B_MSIL2A_20220225T065839_R063_T39QXG_20240530T024034_0000.jpg,0.0,,,,26.6017,2022,2,winter,0,aerial_winter_2021,data/aerial_winter_2021/chip_indices_clean_hab.csv,0.8660254037844386,0.5000000000000001,1,0,0,0
0.0400328040122985,2022-02-25 06:58:39.024000+00:00,0.9021452069282532,16384,1.1920928955078125e-07,-0.1399783045053482,S2B_MSIL2A_20220225T065839_R063_T39QXG_20240530T024034,0.0,S2B_MSIL2A_20220225T065839_R063_T39QXG_20240530T024034_0001.jpg,0.0,,,,26.6017,2022,2,winter,0,aerial_winter_2021,data/aerial_winter_2021/chip_indices_clean_hab.csv,0.8660254037844386,0.5000000000000001,1,0,0,0
0.0360262095928192,2022-02-25 06:58:39.024000+00:00,0.9003398418426514,16384,1.788139343261719e-07,-0.1400777101516723,S2B_MSIL2A_20220225T065839_R063_T39QXG_20220301T201516,0.0,S2B_MSIL2A_20220225T065839_R063_T39QXG_20220301T201516_0000.jpg,0.0,,,,26.6017,2022,2,winter,0,aerial_winter_2021,data/aerial_winter_2021/chip_indices_clean_hab.csv,0.8660254037844386,0.5000000000000001,1,0,0,0
0.0360262095928192,2022-02-25 06:58:39.024000+00:00,0.9003398418426514,16384,1.788139343261719e-07,-0.1400777101516723,S2B_MSIL2A_20220225T065839_R063_T39QXG_20220301T201516,0.0,S2B_MSIL2A_20220225T065839_R063_T39QXG_20220301T201516_0001.jpg,0.0,,,,26.6017,2022,2,winter,0,aerial_winter_2021,data/aerial_winter_2021/chip_indices_clean_hab.csv,0.8660254037844386,0.5000000000000001,1,0,0,0
0.037245899438858,2022-02-20 06:59:21.024000+00:00,0.9161407947540284,16384,1.788139343261719e-07,-0.1281039416790008,S2A_MSIL2A_20220220T065921_R063_T39QXG_20220225T215808,2.9802322387695312e-08,S2A_MSIL2A_20220220T065921_R063_T39QXG_20220225T215808_0000.jpg,0.0,,,,26.6017,2022,2,winter,0,aerial_winter_2021,data/aerial_winter_2021/chip_indices_clean_hab.csv,0.8660254037844386,0.5000000000000001,1,0,0,0
0.037245899438858,2022-02-20 06:59:21.024000+00:00,0.9161407947540284,16384,1.788139343261719e-07,-0.1281039416790008,S2A_MSIL2A_20220220T065921_R063_T39QXG_20220225T215808,2.9802322387695312e-08,S2A_MSIL2A_20220220T065921_R063_T39QXG_20220225T215808_0001.jpg,0.0,,,,26.6017,2022,2,winter,0,aerial_winter_2021,data/aerial_winter_2021/chip_indices_clean_hab.csv,0.8660254037844386,0.5000000000000001,1,0,0,0
0.0351344347000122,2022-02-15 06:59:49.024000+00:00,0.9150400757789612,16384,1.1920928955078125e-07,-0.125391736626625,S2B_MSIL2A_20220215T065949_R063_T39QXG_20220223T132730,1.4901161193847656e-08,S2B_MSIL2A_20220215T065949_R063_T39QXG_20220223T132730_0000.jpg,0.0,0.43615,0.0672,0.158894,26.66,2022,2,winter,0,aerial_winter_2021,data/aerial_winter_2021/chip_indices_clean_hab.csv,0.8660254037844386,0.5000000000000001,1,0,0,0
0.0351344347000122,2022-02-15 06:59:49.024000+00:00,0.9150400757789612,16384,1.1920928955078125e-07,-0.125391736626625,S2B_MSIL2A_20220215T065949_R063_T39QXG_20220223T132730,1.4901161193847656e-08,S2B_MSIL2A_20220215T065949_R063_T39QXG_20220223T132730_0001.jpg,0.0,0.43615,0.0672,0.158894,26.66,2022,2,winter,0,aerial_winter_2021,data/aerial_winter_2021/chip_indices_clean_hab.csv,0.8660254037844386,0.5000000000000001,1,0,0,0
0.0341901779174804,2022-02-10 07:00:31.024000+00:00,0.8967454433441162,16384,1.788139343261719e-07,-0.1426260769367218,S2A_MSIL2A_20220210T070031_R063_T39QXG_20220221T065843,1.4901161193847656e-08,S2A_MSIL2A_20220210T070031_R063_T39QXG_20220221T065843_0000.jpg,0.0,0.43615,0.0672,0.158894,26.66,2022,2,winter,0,aerial_winter_2021,data/aerial_winter_2021/chip_indices_clean_hab.csv,0.8660254037844386,0.5000000000000001,1,0,0,0
0.0341901779174804,2022-02-10 07:00:31.024000+00:00,0.8967454433441162,16384,1.788139343261719e-07,-0.1426260769367218,S2A_MSIL2A_20220210T070031_R063_T39QXG_20220221T065843,1.4901161193847656e-08,S2A_MSIL2A_20220210T070031_R063_T39QXG_20220221T065843_0001.jpg,0.0,0.43615,0.0672,0.158894,26.66,2022,2,winter,0,aerial_winter_2021,data/aerial_winter_2021/chip_indices_clean_hab.csv,0.8660254037844386,0.5000000000000001,1,0,0,0
0.0418688654899597,2023-03-22 06:56:29.024000+00:00,0.9048481583595276,16384,5.960464477539065e-08,-0.1383646726608276,S2B_MSIL2A_20230322T065629_R063_T39QXG_20240827T110952,0.0,S2B_MSIL2A_20230322T065629_R063_T39QXG_20240827T110952_0000.jpg,0.0,0.511814,0.0670667,0.38765,29.695,2023,3,spring,0,aerial_winter_2022,data/aerial_winter_2022/chip_indices_clean_hab.csv,1.0,6.123233995736766e-17,0,1,0,0
0.0418688654899597,2023-03-22 06:56:29.024000+00:00,0.9048481583595276,16384,5.960464477539065e-08,-0.1383646726608276,S2B_MSIL2A_20230322T065629_R063_T39QXG_20240827T110952,0.0,S2B_MSIL2A_20230322T065629_R063_T39QXG_20240827T110952_0001.jpg,0.0,0.511814,0.0670667,0.38765,29.695,2023,3,spring,0,aerial_winter_2022,data/aerial_winter_2022/chip_indices_clean_hab.csv,1.0,6.123233995736766e-17,0,1,0,0
0.0383999943733215,2023-03-22 06:56:29.024000+00:00,0.9048233032226562,16384,0.0,-0.1375938653945922,S2B_MSIL2A_20230322T065629_R063_T39QXG_20230322T124101,0.0,S2B_MSIL2A_20230322T065629_R063_T39QXG_20230322T124101_0000.jpg,0.0,0.511814,0.0670667,0.38765,29.695,2023,3,spring,0,aerial_winter_2022,data/aerial_winter_2022/chip_indices_clean_hab.csv,1.0,6.123233995736766e-17,0,1,0,0
0.0383999943733215,2023-03-22 06:56:29.024000+00:00,0.9048233032226562,16384,0.0,-0.1375938653945922,S2B_MSIL2A_20230322T065629_R063_T39QXG_20230322T124101,0.0,S2B_MSIL2A_20230322T065629_R063_T39QXG_20230322T124101_0001.jpg,0.0,0.511814,0.0670667,0.38765,29.695,2023,3,spring,0,aerial_winter_2022,data/aerial_winter_2022/chip_indices_clean_hab.csv,1.0,6.123233995736766e-17,0,1,0,0
0.0586623549461364,2023-03-17 06:56:21.024000+00:00,1.0429141521453855,16384,1.1920928955078125e-07,-0.0127101233229041,S2A_MSIL2A_20230317T065621_R063_T39QXG_20230317T125717,9.313225746154783e-10,S2A_MSIL2A_20230317T065621_R063_T39QXG_20230317T125717_0000.jpg,0.0,0.259221,0.0556,0.35943,29.0567,2023,3,spring,0,aerial_winter_2022,data/aerial_winter_2022/chip_indices_clean_hab.csv,1.0,6.123233995736766e-17,0,1,0,0
0.0586623549461364,2023-03-17 06:56:21.024000+00:00,1.0429141521453855,16384,1.1920928955078125e-07,-0.0127101233229041,S2A_MSIL2A_20230317T065621_R063_T39QXG_20230317T125717,9.313225746154783e-10,S2A_MSIL2A_20230317T065621_R063_T39QXG_20230317T125717_0001.jpg,0.0,0.259221,0.0556,0.35943,29.0567,2023,3,spring,0,aerial_winter_2022,data/aerial_winter_2022/chip_indices_clean_hab.csv,1.0,6.123233995736766e-17,0,1,0,0
0.0418622493743896,2023-03-12 06:57:09.025000+00:00,0.914194107055664,16384,0.0,-0.1309310346841812,S2B_MSIL2A_20230312T065709_R063_T39QXG_20240818T170744,1.4901161193847656e-08,S2B_MSIL2A_20230312T065709_R063_T39QXG_20240818T170744_0000.jpg,0.0,0.706723,0.084,0.45004,27.6167,2023,3,spring,0,aerial_winter_2022,data/aerial_winter_2022/chip_indices_clean_hab.csv,1.0,6.123233995736766e-17,0,1,0,0
0.0418622493743896,2023-03-12 06:57:09.025000+00:00,0.914194107055664,16384,0.0,-0.1309310346841812,S2B_MSIL2A_20230312T065709_R063_T39QXG_20240818T170744,1.4901161193847656e-08,S2B_MSIL2A_20230312T065709_R063_T39QXG_20240818T170744_0001.jpg,0.0,0.706723,0.084,0.45004,27.6167,2023,3,spring,0,aerial_winter_2022,data/aerial_winter_2022/chip_indices_clean_hab.csv,1.0,6.123233995736766e-17,0,1,0,0
0.0369573831558227,2023-03-12 06:57:09.025000+00:00,0.9135873317718506,16384,1.1920928955078125e-07,-0.1299211680889129,S2B_MSIL2A_20230312T065709_R063_T39QXG_20230312T141426,2.9802322387695312e-08,S2B_MSIL2A_20230312T065709_R063_T39QXG_20230312T141426_0000.jpg,0.0,0.706723,0.084,0.45004,27.6167,2023,3,spring,0,aerial_winter_2022,data/aerial_winter_2022/chip_indices_clean_hab.csv,1.0,6.123233995736766e-17,0,1,0,0
0.0369573831558227,2023-03-12 06:57:09.025000+00:00,0.9135873317718506,16384,1.1920928955078125e-07,-0.1299211680889129,S2B_MSIL2A_20230312T065709_R063_T39QXG_20230312T141426,2.9802322387695312e-08,S2B_MSIL2A_20230312T065709_R063_T39QXG_20230312T141426_0001.jpg,0.0,0.706723,0.084,0.45004,27.6167,2023,3,spring,0,aerial_winter_2022,data/aerial_winter_2022/chip_indices_clean_hab.csv,1.0,6.123233995736766e-17,0,1,0,0
0.0404524803161621,2023-03-07 06:57:31.024000+00:00,0.91398423910141,16384,1.788139343261719e-07,-0.131500631570816,S2A_MSIL2A_20230307T065731_R063_T39QXG_20240821T003413,1.4901161193847656e-08,S2A_MSIL2A_20230307T065731_R063_T39QXG_20240821T003413_0000.jpg,0.0,0.706723,0.084,0.45004,27.6167,2023,3,spring,0,aerial_winter_2022,data/aerial_winter_2022/chip_indices_clean_hab.csv,1.0,6.123233995736766e-17,0,1,0,0
0.0404524803161621,2023-03-07 06:57:31.024000+00:00,0.91398423910141,16384,1.788139343261719e-07,-0.131500631570816,S2A_MSIL2A_20230307T065731_R063_T39QXG_20240821T003413,1.4901161193847656e-08,S2A_MSIL2A_20230307T065731_R063_T39QXG_20240821T003413_0001.jpg,0.0,0.706723,0.084,0.45004,27.6167,2023,3,spring,0,aerial_winter_2022,data/aerial_winter_2022/chip_indices_clean_hab.csv,1.0,6.123233995736766e-17,0,1,0,0
0.0372589826583862,2023-03-07 06:57:31.024000+00:00,0.916191339492798,16384,1.788139343261719e-07,-0.1291097402572631,S2A_MSIL2A_20230307T065731_R063_T39QXG_20230307T123902,0.0,S2A_MSIL2A_20230307T065731_R063_T39QXG_20230307T123902_0000.jpg,0.0,0.706723,0.084,0.45004,27.6167,2023,3,spring,0,aerial_winter_2022,data/aerial_winter_2022/chip_indices_clean_hab.csv,1.0,6.123233995736766e-17,0,1,0,0
0.0372589826583862,2023-03-07 06:57:31.024000+00:00,0.916191339492798,16384,1.788139343261719e-07,-0.1291097402572631,S2A_MSIL2A_20230307T065731_R063_T39QXG_20230307T123902,0.0,S2A_MSIL2A_20230307T065731_R063_T39QXG_20230307T123902_0001.jpg,0.0,0.706723,0.084,0.45004,27.6167,2023,3,spring,0,aerial_winter_2022,data/aerial_winter_2022/chip_indices_clean_hab.csv,1.0,6.123233995736766e-17,0,1,0,0
0.0392196401953697,2023-02-25 06:58:51.024000+00:00,0.9149981141090392,16384,1.788139343261719e-07,-0.134062260389328,S2A_MSIL2A_20230225T065851_R063_T39QXG_20230227T033301,1.4901161193847656e-08,S2A_MSIL2A_20230225T065851_R063_T39QXG_20230227T033301_0000.jpg,7.450580596923828e-09,1.30962,0.1434,0.314312,26.5767,2023,2,winter,0,aerial_winter_2022,data/aerial_winter_2022/chip_indices_clean_hab.csv,0.8660254037844386,0.5000000000000001,1,0,0,0
0.0392196401953697,2023-02-25 06:58:51.024000+00:00,0.9149981141090392,16384,1.788139343261719e-07,-0.134062260389328,S2A_MSIL2A_20230225T065851_R063_T39QXG_20230227T033301,1.4901161193847656e-08,S2A_MSIL2A_20230225T065851_R063_T39QXG_20230227T033301_0001.jpg,7.450580596923828e-09,1.30962,0.1434,0.314312,26.5767,2023,2,winter,0,aerial_winter_2022,data/aerial_winter_2022/chip_indices_clean_hab.csv,0.8660254037844386,0.5000000000000001,1,0,0,0
0.0394033193588256,2023-02-10 07:00:29.024000+00:00,0.8924513459205627,16384,1.1920928955078125e-07,-0.1484289020299911,S2B_MSIL2A_20230210T070029_R063_T39QXG_20240813T093046,0.0,S2B_MSIL2A_20230210T070029_R063_T39QXG_20240813T093046_0000.jpg,0.0,0.936917,0.1068,0.330955,26.1383,2023,2,winter,0,aerial_winter_2022,data/aerial_winter_2022/chip_indices_clean_hab.csv,0.8660254037844386,0.5000000000000001,1,0,0,0
0.0394033193588256,2023-02-10 07:00:29.024000+00:00,0.8924513459205627,16384,1.1920928955078125e-07,-0.1484289020299911,S2B_MSIL2A_20230210T070029_R063_T39QXG_20240813T093046,0.0,S2B_MSIL2A_20230210T070029_R063_T39QXG_20240813T093046_0001.jpg,0.0,0.936917,0.1068,0.330955,26.1383,2023,2,winter,0,aerial_winter_2022,data/aerial_winter_2022/chip_indices_clean_hab.csv,0.8660254037844386,0.5000000000000001,1,0,0,0
0.0345901548862457,2023-02-10 07:00:29.024000+00:00,0.8959810137748718,16384,1.1920928955078125e-07,-0.1449690759181976,S2B_MSIL2A_20230210T070029_R063_T39QXG_20230210T205643,1.4901161193847656e-08,S2B_MSIL2A_20230210T070029_R063_T39QXG_20230210T205643_0000.jpg,0.0,0.936917,0.1068,0.330955,26.1383,2023,2,winter,0,aerial_winter_2022,data/aerial_winter_2022/chip_indices_clean_hab.csv,0.8660254037844386,0.5000000000000001,1,0,0,0
0.0345901548862457,2023-02-10 07:00:29.024000+00:00,0.8959810137748718,16384,1.1920928955078125e-07,-0.1449690759181976,S2B_MSIL2A_20230210T070029_R063_T39QXG_20230210T205643,1.4901161193847656e-08,S2B_MSIL2A_20230210T070029_R063_T39QXG_20230210T205643_0001.jpg,0.0,0.936917,0.1068,0.330955,26.1383,2023,2,winter,0,aerial_winter_2022,data/aerial_winter_2022/chip_indices_clean_hab.csv,0.8660254037844386,0.5000000000000001,1,0,0,0
0.0557049512863159,2023-02-05 07:01:01.024000+00:00,0.9217758178710938,16384,0.0,-0.1442891657352447,S2A_MSIL2A_20230205T070101_R063_T39QXG_20240817T062535,0.0,S2A_MSIL2A_20230205T070101_R063_T39QXG_20240817T062535_0000.jpg,0.0,6.56889,0.4962,0.42063,26.36,2023,2,winter,1,aerial_winter_2022,data/aerial_winter_2022/chip_indices_clean_hab.csv,0.8660254037844386,0.5000000000000001,1,0,0,0
0.0557049512863159,2023-02-05 07:01:01.024000+00:00,0.9217758178710938,16384,0.0,-0.1442891657352447,S2A_MSIL2A_20230205T070101_R063_T39QXG_20240817T062535,0.0,S2A_MSIL2A_20230205T070101_R063_T39QXG_20240817T062535_0001.jpg,0.0,6.56889,0.4962,0.42063,26.36,2023,2,winter,1,aerial_winter_2022,data/aerial_winter_2022/chip_indices_clean_hab.csv,0.8660254037844386,0.5000000000000001,1,0,0,0
0.042347528040409,2023-02-05 07:01:01.024000+00:00,0.9244985580444336,16384,0.0,-0.1329139322042465,S2A_MSIL2A_20230205T070101_R063_T39QXG_20230206T042309,0.0,S2A_MSIL2A_20230205T070101_R063_T39QXG_20230206T042309_0000.jpg,7.450580596923828e-09,6.56889,0.4962,0.42063,26.36,2023,2,winter,1,aerial_winter_2022,data/aerial_winter_2022/chip_indices_clean_hab.csv,0.8660254037844386,0.5000000000000001,1,0,0,0
0.042347528040409,2023-02-05 07:01:01.024000+00:00,0.9244985580444336,16384,0.0,-0.1329139322042465,S2A_MSIL2A_20230205T070101_R063_T39QXG_20230206T042309,0.0,S2A_MSIL2A_20230205T070101_R063_T39QXG_20230206T042309_0001.jpg,7.450580596923828e-09,6.56889,0.4962,0.42063,26.36,2023,2,winter,1,aerial_winter_2022,data/aerial_winter_2022/chip_indices_clean_hab.csv,0.8660254037844386,0.5000000000000001,1,0,0,0
0.0289442837238311,2023-01-31 07:01:19.024000+00:00,0.888887345790863,16384,1.788139343261719e-07,-0.1450978964567184,S2B_MSIL2A_20230131T070119_R063_T39QXG_20230131T235314,0.0,S2B_MSIL2A_20230131T070119_R063_T39QXG_20230131T235314_0000.jpg,0.0,0.631228,0.0776,0.49849,26.2017,2023,1,winter,0,aerial_winter_2022,data/aerial_winter_2022/chip_indices_clean_hab.csv,0.49999999999999994,0.8660254037844387,1,0,0,0
0.0289442837238311,2023-01-31 07:01:19.024000+00:00,0.888887345790863,16384,1.788139343261719e-07,-0.1450978964567184,S2B_MSIL2A_20230131T070119_R063_T39QXG_20230131T235314,0.0,S2B_MSIL2A_20230131T070119_R063_T39QXG_20230131T235314_0001.jpg,0.0,0.631228,0.0776,0.49849,26.2017,2023,1,winter,0,aerial_winter_2022,data/aerial_winter_2022/chip_indices_clean_hab.csv,0.49999999999999994,0.8660254037844387,1,0,0,0
0.0563999414443969,2024-03-26 06:56:19.024000+00:00,0.9207963347434998,16384,0.0,-0.1385013908147812,S2B_MSIL2A_20240326T065619_R063_T39QXG_20240326T132139,1.4901161193847656e-08,S2B_MSIL2A_20240326T065619_R063_T39QXG_20240326T132139_0000.jpg,0.0,0.199735,0.0451333,0.225725,29.9267,2024,3,spring,0,aerial_winter_2023,data/aerial_winter_2023/chip_indices_clean_hab.csv,1.0,6.123233995736766e-17,0,1,0,0
0.0563999414443969,2024-03-26 06:56:19.024000+00:00,0.9207963347434998,16384,0.0,-0.1385013908147812,S2B_MSIL2A_20240326T065619_R063_T39QXG_20240326T132139,1.4901161193847656e-08,S2B_MSIL2A_20240326T065619_R063_T39QXG_20240326T132139_0001.jpg,0.0,0.199735,0.0451333,0.225725,29.9267,2024,3,spring,0,aerial_winter_2023,data/aerial_winter_2023/chip_indices_clean_hab.csv,1.0,6.123233995736766e-17,0,1,0,0
0.0626229643821716,2024-03-21 06:56:21.024000+00:00,0.9746310710906982,16384,1.1920928955078125e-07,-0.0868485793471336,S2A_MSIL2A_20240321T065621_R063_T39QXG_20240321T122014,7.450580596923828e-09,S2A_MSIL2A_20240321T065621_R063_T39QXG_20240321T122014_0000.jpg,0.0,0.199735,0.0451333,0.225725,29.9267,2024,3,spring,0,aerial_winter_2023,data/aerial_winter_2023/chip_indices_clean_hab.csv,1.0,6.123233995736766e-17,0,1,0,0
0.0626229643821716,2024-03-21 06:56:21.024000+00:00,0.9746310710906982,16384,1.1920928955078125e-07,-0.0868485793471336,S2A_MSIL2A_20240321T065621_R063_T39QXG_20240321T122014,7.450580596923828e-09,S2A_MSIL2A_20240321T065621_R063_T39QXG_20240321T122014_0001.jpg,0.0,0.199735,0.0451333,0.225725,29.9267,2024,3,spring,0,aerial_winter_2023,data/aerial_winter_2023/chip_indices_clean_hab.csv,1.0,6.123233995736766e-17,0,1,0,0
0.0051672458648681,2024-03-16 06:56:29.024000+00:00,1.0314512252807615,16384,0.0,0.0190562643110752,S2B_MSIL2A_20240316T065629_R063_T39QXG_20240316T121959,3.725290298461914e-09,S2B_MSIL2A_20240316T065629_R063_T39QXG_20240316T121959_0000.jpg,0.0,0.264835,0.0530667,0.235018,29.115,2024,3,spring,0,aerial_winter_2023,data/aerial_winter_2023/chip_indices_clean_hab.csv,1.0,6.123233995736766e-17,0,1,0,0
0.0051672458648681,2024-03-16 06:56:29.024000+00:00,1.0314512252807615,16384,0.0,0.0190562643110752,S2B_MSIL2A_20240316T065629_R063_T39QXG_20240316T121959,3.725290298461914e-09,S2B_MSIL2A_20240316T065629_R063_T39QXG_20240316T121959_0001.jpg,0.0,0.264835,0.0530667,0.235018,29.115,2024,3,spring,0,aerial_winter_2023,data/aerial_winter_2023/chip_indices_clean_hab.csv,1.0,6.123233995736766e-17,0,1,0,0
0.0485901236534118,2024-03-11 06:57:01.024000+00:00,0.907176911830902,16384,1.1920928955078125e-07,-0.1469125598669052,S2A_MSIL2A_20240311T065701_R063_T39QXG_20240311T150535,0.0,S2A_MSIL2A_20240311T065701_R063_T39QXG_20240311T150535_0000.jpg,0.0,0.413927,0.0607,0.361725,30.03,2024,3,spring,0,aerial_winter_2023,data/aerial_winter_2023/chip_indices_clean_hab.csv,1.0,6.123233995736766e-17,0,1,0,0
0.0485901236534118,2024-03-11 06:57:01.024000+00:00,0.907176911830902,16384,1.1920928955078125e-07,-0.1469125598669052,S2A_MSIL2A_20240311T065701_R063_T39QXG_20240311T150535,0.0,S2A_MSIL2A_20240311T065701_R063_T39QXG_20240311T150535_0001.jpg,0.0,0.413927,0.0607,0.361725,30.03,2024,3,spring,0,aerial_winter_2023,data/aerial_winter_2023/chip_indices_clean_hab.csv,1.0,6.123233995736766e-17,0,1,0,0
0.0423868298530578,2024-03-06 06:57:39.024000+00:00,0.9127628803253174,16384,1.788139343261719e-07,-0.1342304944992065,S2B_MSIL2A_20240306T065739_R063_T39QXG_20240306T111016,0.0,S2B_MSIL2A_20240306T065739_R063_T39QXG_20240306T111016_0000.jpg,0.0,0.413927,0.0607,0.361725,30.03,2024,3,spring,0,aerial_winter_2023,data/aerial_winter_2023/chip_indices_clean_hab.csv,1.0,6.123233995736766e-17,0,1,0,0
0.0423868298530578,2024-03-06 06:57:39.024000+00:00,0.9127628803253174,16384,1.788139343261719e-07,-0.1342304944992065,S2B_MSIL2A_20240306T065739_R063_T39QXG_20240306T111016,0.0,S2B_MSIL2A_20240306T065739_R063_T39QXG_20240306T111016_0001.jpg,0.0,0.413927,0.0607,0.361725,30.03,2024,3,spring,0,aerial_winter_2023,data/aerial_winter_2023/chip_indices_clean_hab.csv,1.0,6.123233995736766e-17,0,1,0,0
0.0415016412734985,2024-03-01 06:58:21.024000+00:00,0.8951548933982849,16384,0.0,-0.1473794132471084,S2A_MSIL2A_20240301T065821_R063_T39QXG_20240301T115335,0.0,S2A_MSIL2A_20240301T065821_R063_T39QXG_20240301T115335_0000.jpg,0.0,0.315911,0.0501,0.204262,28.8167,2024,3,spring,0,aerial_winter_2023,data/aerial_winter_2023/chip_indices_clean_hab.csv,1.0,6.123233995736766e-17,0,1,0,0
0.0415016412734985,2024-03-01 06:58:21.024000+00:00,0.8951548933982849,16384,0.0,-0.1473794132471084,S2A_MSIL2A_20240301T065821_R063_T39QXG_20240301T115335,0.0,S2A_MSIL2A_20240301T065821_R063_T39QXG_20240301T115335_0001.jpg,0.0,0.315911,0.0501,0.204262,28.8167,2024,3,spring,0,aerial_winter_2023,data/aerial_winter_2023/chip_indices_clean_hab.csv,1.0,6.123233995736766e-17,0,1,0,0
0.0429967045783996,2024-02-20 06:59:21.024000+00:00,0.9083907604217528,16384,1.788139343261719e-07,-0.1394159644842147,S2A_MSIL2A_20240220T065921_R063_T39QXG_20240220T112915,0.0,S2A_MSIL2A_20240220T065921_R063_T39QXG_20240220T112915_0000.jpg,0.0,0.324797,0.0570667,0.133698,29.1017,2024,2,winter,0,aerial_winter_2023,data/aerial_winter_2023/chip_indices_clean_hab.csv,0.8660254037844386,0.5000000000000001,1,0,0,0
0.0429967045783996,2024-02-20 06:59:21.024000+00:00,0.9083907604217528,16384,1.788139343261719e-07,-0.1394159644842147,S2A_MSIL2A_20240220T065921_R063_T39QXG_20240220T112915,0.0,S2A_MSIL2A_20240220T065921_R063_T39QXG_20240220T112915_0001.jpg,0.0,0.324797,0.0570667,0.133698,29.1017,2024,2,winter,0,aerial_winter_2023,data/aerial_winter_2023/chip_indices_clean_hab.csv,0.8660254037844386,0.5000000000000001,1,0,0,0
0.0384721159934997,2024-02-15 06:59:59.024000+00:00,0.9233360886573792,16384,1.1920928955078125e-07,-0.1213388368487358,S2B_MSIL2A_20240215T065959_R063_T39QXG_20240215T111952,2.2351741790771484e-08,S2B_MSIL2A_20240215T065959_R063_T39QXG_20240215T111952_0000.jpg,0.0,0.548678,0.0726667,0.252118,28.05,2024,2,winter,0,aerial_winter_2023,data/aerial_winter_2023/chip_indices_clean_hab.csv,0.8660254037844386,0.5000000000000001,1,0,0,0
0.0384721159934997,2024-02-15 06:59:59.024000+00:00,0.9233360886573792,16384,1.1920928955078125e-07,-0.1213388368487358,S2B_MSIL2A_20240215T065959_R063_T39QXG_20240215T111952,2.2351741790771484e-08,S2B_MSIL2A_20240215T065959_R063_T39QXG_20240215T111952_0001.jpg,0.0,0.548678,0.0726667,0.252118,28.05,2024,2,winter,0,aerial_winter_2023,data/aerial_winter_2023/chip_indices_clean_hab.csv,0.8660254037844386,0.5000000000000001,1,0,0,0
0.0394426360726356,2024-02-10 07:00:31.024000+00:00,0.9145575165748596,16384,0.0,-0.1319147646427154,S2A_MSIL2A_20240210T070031_R063_T39QXG_20240210T111914,1.4901161193847656e-08,S2A_MSIL2A_20240210T070031_R063_T39QXG_20240210T111914_0000.jpg,7.450580596923828e-09,0.548678,0.0726667,0.252118,28.05,2024,2,winter,0,aerial_winter_2023,data/aerial_winter_2023/chip_indices_clean_hab.csv,0.8660254037844386,0.5000000000000001,1,0,0,0
0.0394426360726356,2024-02-10 07:00:31.024000+00:00,0.9145575165748596,16384,0.0,-0.1319147646427154,S2A_MSIL2A_20240210T070031_R063_T39QXG_20240210T111914,1.4901161193847656e-08,S2A_MSIL2A_20240210T070031_R063_T39QXG_20240210T111914_0001.jpg,7.450580596923828e-09,0.548678,0.0726667,0.252118,28.05,2024,2,winter,0,aerial_winter_2023,data/aerial_winter_2023/chip_indices_clean_hab.csv,0.8660254037844386,0.5000000000000001,1,0,0,0
0.0413639321923255,2024-01-21 07:02:11.024000+00:00,0.9095876216888428,16384,1.788139343261719e-07,-0.1401794850826263,S2A_MSIL2A_20240121T070211_R063_T39QXG_20240121T131026,1.4901161193847656e-08,S2A_MSIL2A_20240121T070211_R063_T39QXG_20240121T131026_0000.jpg,7.450580596923828e-09,0.537742,0.0725333,0.23907,27.5917,2024,1,winter,0,aerial_winter_2023,data/aerial_winter_2023/chip_indices_clean_hab.csv,0.49999999999999994,0.8660254037844387,1,0,0,0
0.0413639321923255,2024-01-21 07:02:11.024000+00:00,0.9095876216888428,16384,1.788139343261719e-07,-0.1401794850826263,S2A_MSIL2A_20240121T070211_R063_T39QXG_20240121T131026,1.4901161193847656e-08,S2A_MSIL2A_20240121T070211_R063_T39QXG_20240121T131026_0001.jpg,7.450580596923828e-09,0.537742,0.0725333,0.23907,27.5917,2024,1,winter,0,aerial_winter_2023,data/aerial_winter_2023/chip_indices_clean_hab.csv,0.49999999999999994,0.8660254037844387,1,0,0,0
0.0424852594733238,2024-01-11 07:02:41.024000+00:00,0.90427565574646,16384,2.384185791015625e-07,-0.1467495858669281,S2A_MSIL2A_20240111T070241_R063_T39QXG_20240111T113149,0.0,S2A_MSIL2A_20240111T070241_R063_T39QXG_20240111T113149_0000.jpg,7.450580596923828e-09,0.685757,0.0848667,0.176085,27.6317,2024,1,winter,0,aerial_winter_2023,data/aerial_winter_2023/chip_indices_clean_hab.csv,0.49999999999999994,0.8660254037844387,1,0,0,0
0.0424852594733238,2024-01-11 07:02:41.024000+00:00,0.90427565574646,16384,2.384185791015625e-07,-0.1467495858669281,S2A_MSIL2A_20240111T070241_R063_T39QXG_20240111T113149,0.0,S2A_MSIL2A_20240111T070241_R063_T39QXG_20240111T113149_0001.jpg,7.450580596923828e-09,0.685757,0.0848667,0.176085,27.6317,2024,1,winter,0,aerial_winter_2023,data/aerial_winter_2023/chip_indices_clean_hab.csv,0.49999999999999994,0.8660254037844387,1,0,0,0
0.0361114740371704,2024-01-06 07:02:59.024000+00:00,0.895275354385376,16384,2.384185791015625e-07,-0.145433023571968,S2B_MSIL2A_20240106T070259_R063_T39QXG_20240106T101530,0.0,S2B_MSIL2A_20240106T070259_R063_T39QXG_20240106T101530_0000.jpg,0.0,0.44439,0.0636,0.214463,28.35,2024,1,winter,0,aerial_winter_2023,data/aerial_winter_2023/chip_indices_clean_hab.csv,0.49999999999999994,0.8660254037844387,1,0,0,0
0.0361114740371704,2024-01-06 07:02:59.024000+00:00,0.895275354385376,16384,2.384185791015625e-07,-0.145433023571968,S2B_MSIL2A_20240106T070259_R063_T39QXG_20240106T101530,0.0,S2B_MSIL2A_20240106T070259_R063_T39QXG_20240106T101530_0001.jpg,0.0,0.44439,0.0636,0.214463,28.35,2024,1,winter,0,aerial_winter_2023,data/aerial_winter_2023/chip_indices_clean_hab.csv,0.49999999999999994,0.8660254037844387,1,0,0,0
0.0322360694408416,2024-01-01 07:03:01.024000+00:00,0.9787962436676024,16384,1.1920928955078125e-07,-0.0757898911833763,S2A_MSIL2A_20240101T070301_R063_T39QXG_20240101T114458,0.0,S2A_MSIL2A_20240101T070301_R063_T39QXG_20240101T114458_0000.jpg,0.0,0.471971,0.0667,0.220328,28.5983,2024,1,winter,0,aerial_winter_2023,data/aerial_winter_2023/chip_indices_clean_hab.csv,0.49999999999999994,0.8660254037844387,1,0,0,0
0.0322360694408416,2024-01-01 07:03:01.024000+00:00,0.9787962436676024,16384,1.1920928955078125e-07,-0.0757898911833763,S2A_MSIL2A_20240101T070301_R063_T39QXG_20240101T114458,0.0,S2A_MSIL2A_20240101T070301_R063_T39QXG_20240101T114458_0001.jpg,0.0,0.471971,0.0667,0.220328,28.5983,2024,1,winter,0,aerial_winter_2023,data/aerial_winter_2023/chip_indices_clean_hab.csv,0.49999999999999994,0.8660254037844387,1,0,0,0
0.0403409972786903,2023-12-27 07:03:09.024000+00:00,0.9126861691474916,16384,1.1920928955078125e-07,-0.1351140588521957,S2B_MSIL2A_20231227T070309_R063_T39QXG_20231227T102112,0.0,S2B_MSIL2A_20231227T070309_R063_T39QXG_20231227T102112_0000.jpg,7.450580596923828e-09,0.471971,0.0667,0.220328,28.5983,2023,12,winter,0,aerial_winter_2023,data/aerial_winter_2023/chip_indices_clean_hab.csv,-2.4492935982947064e-16,1.0,1,0,0,0
0.0403409972786903,2023-12-27 07:03:09.024000+00:00,0.9126861691474916,16384,1.1920928955078125e-07,-0.1351140588521957,S2B_MSIL2A_20231227T070309_R063_T39QXG_20231227T102112,0.0,S2B_MSIL2A_20231227T070309_R063_T39QXG_20231227T102112_0001.jpg,7.450580596923828e-09,0.471971,0.0667,0.220328,28.5983,2023,12,winter,0,aerial_winter_2023,data/aerial_winter_2023/chip_indices_clean_hab.csv,-2.4492935982947064e-16,1.0,1,0,0,0
0.0380131006240844,2025-03-31 06:56:19.024000+00:00,0.9094350337982178,16384,1.788139343261719e-07,-0.1298746913671493,S2B_MSIL2A_20250331T065619_R063_T39QXG_20250331T105206,1.4901161193847656e-08,S2B_MSIL2A_20250331T065619_R063_T39QXG_20250331T105206_0000.jpg,0.0,,,,,2025,3,spring,0,aerial_winter_2024,data/aerial_winter_2024/chip_indices_clean_hab.csv,1.0,6.123233995736766e-17,0,1,0,0
0.0380131006240844,2025-03-31 06:56:19.024000+00:00,0.9094350337982178,16384,1.788139343261719e-07,-0.1298746913671493,S2B_MSIL2A_20250331T065619_R063_T39QXG_20250331T105206,1.4901161193847656e-08,S2B_MSIL2A_20250331T065619_R063_T39QXG_20250331T105206_0001.jpg,0.0,,,,,2025,3,spring,0,aerial_winter_2024,data/aerial_winter_2024/chip_indices_clean_hab.csv,1.0,6.123233995736766e-17,0,1,0,0
0.0360393524169921,2025-03-26 06:56:41.025000+00:00,0.887803316116333,16384,1.788139343261719e-07,-0.1460516303777694,S2C_MSIL2A_20250326T065641_R063_T39QXG_20250326T123329,1.4901161193847656e-08,S2C_MSIL2A_20250326T065641_R063_T39QXG_20250326T123329_0000.jpg,0.0,,,,,2025,3,spring,0,aerial_winter_2024,data/aerial_winter_2024/chip_indices_clean_hab.csv,1.0,6.123233995736766e-17,0,1,0,0
0.0360393524169921,2025-03-26 06:56:41.025000+00:00,0.887803316116333,16384,1.788139343261719e-07,-0.1460516303777694,S2C_MSIL2A_20250326T065641_R063_T39QXG_20250326T123329,1.4901161193847656e-08,S2C_MSIL2A_20250326T065641_R063_T39QXG_20250326T123329_0001.jpg,0.0,,,,,2025,3,spring,0,aerial_winter_2024,data/aerial_winter_2024/chip_indices_clean_hab.csv,1.0,6.123233995736766e-17,0,1,0,0
0.0363410115242004,2025-03-21 06:56:29.024000+00:00,0.9102134108543396,16384,1.788139343261719e-07,-0.1280732452869415,S2B_MSIL2A_20250321T065629_R063_T39QXG_20250321T105859,2.9802322387695312e-08,S2B_MSIL2A_20250321T065629_R063_T39QXG_20250321T105859_0000.jpg,0.0,,,,,2025,3,spring,0,aerial_winter_2024,data/aerial_winter_2024/chip_indices_clean_hab.csv,1.0,6.123233995736766e-17,0,1,0,0
0.0363410115242004,2025-03-21 06:56:29.024000+00:00,0.9102134108543396,16384,1.788139343261719e-07,-0.1280732452869415,S2B_MSIL2A_20250321T065629_R063_T39QXG_20250321T105859,2.9802322387695312e-08,S2B_MSIL2A_20250321T065629_R063_T39QXG_20250321T105859_0001.jpg,0.0,,,,,2025,3,spring,0,aerial_winter_2024,data/aerial_winter_2024/chip_indices_clean_hab.csv,1.0,6.123233995736766e-17,0,1,0,0
0.0420196652412414,2025-03-18 07:03:21.024000+00:00,0.925182282924652,16384,1.1920928955078125e-07,-0.1242958232760429,S2A_MSIL2A_20250318T070321_R063_T39QXG_20250318T122959,2.2351741790771484e-08,S2A_MSIL2A_20250318T070321_R063_T39QXG_20250318T122959_0000.jpg,0.0,,,,,2025,3,spring,0,aerial_winter_2024,data/aerial_winter_2024/chip_indices_clean_hab.csv,1.0,6.123233995736766e-17,0,1,0,0
0.0420196652412414,2025-03-18 07:03:21.024000+00:00,0.925182282924652,16384,1.1920928955078125e-07,-0.1242958232760429,S2A_MSIL2A_20250318T070321_R063_T39QXG_20250318T122959,2.2351741790771484e-08,S2A_MSIL2A_20250318T070321_R063_T39QXG_20250318T122959_0001.jpg,0.0,,,,,2025,3,spring,0,aerial_winter_2024,data/aerial_winter_2024/chip_indices_clean_hab.csv,1.0,6.123233995736766e-17,0,1,0,0
0.0320131182670593,2025-03-16 06:56:51.025000+00:00,0.9248390793800354,16384,1.788139343261719e-07,-0.1064128950238227,S2C_MSIL2A_20250316T065651_R063_T39QXG_20250316T122619,0.0,S2C_MSIL2A_20250316T065651_R063_T39QXG_20250316T122619_0000.jpg,0.0,,,,,2025,3,spring,0,aerial_winter_2024,data/aerial_winter_2024/chip_indices_clean_hab.csv,1.0,6.123233995736766e-17,0,1,0,0
0.0320131182670593,2025-03-16 06:56:51.025000+00:00,0.9248390793800354,16384,1.788139343261719e-07,-0.1064128950238227,S2C_MSIL2A_20250316T065651_R063_T39QXG_20250316T122619,0.0,S2C_MSIL2A_20250316T065651_R063_T39QXG_20250316T122619_0001.jpg,0.0,,,,,2025,3,spring,0,aerial_winter_2024,data/aerial_winter_2024/chip_indices_clean_hab.csv,1.0,6.123233995736766e-17,0,1,0,0
0.0454164147377014,2025-03-11 06:56:19.024000+00:00,0.9235398769378662,16384,1.788139343261719e-07,-0.1316887140274047,S2B_MSIL2A_20250311T065619_R063_T39QXG_20250311T094033,0.0,S2B_MSIL2A_20250311T065619_R063_T39QXG_20250311T094033_0000.jpg,0.0,,,,,2025,3,spring,0,aerial_winter_2024,data/aerial_winter_2024/chip_indices_clean_hab.csv,1.0,6.123233995736766e-17,0,1,0,0
0.0454164147377014,2025-03-11 06:56:19.024000+00:00,0.9235398769378662,16384,1.788139343261719e-07,-0.1316887140274047,S2B_MSIL2A_20250311T065619_R063_T39QXG_20250311T094033,0.0,S2B_MSIL2A_20250311T065619_R063_T39QXG_20250311T094033_0001.jpg,0.0,,,,,2025,3,spring,0,aerial_winter_2024,data/aerial_winter_2024/chip_indices_clean_hab.csv,1.0,6.123233995736766e-17,0,1,0,0
0.0482032895088195,2025-03-01 06:57:29.024000+00:00,0.9291734099388124,16384,1.1920928955078125e-07,-0.1282989978790283,S2B_MSIL2A_20250301T065729_R063_T39QXG_20250301T093630,0.0,S2B_MSIL2A_20250301T065729_R063_T39QXG_20250301T093630_0000.jpg,0.0,,,,,2025,3,spring,0,aerial_winter_2024,data/aerial_winter_2024/chip_indices_clean_hab.csv,1.0,6.123233995736766e-17,0,1,0,0
0.0482032895088195,2025-03-01 06:57:29.024000+00:00,0.9291734099388124,16384,1.1920928955078125e-07,-0.1282989978790283,S2B_MSIL2A_20250301T065729_R063_T39QXG_20250301T093630,0.0,S2B_MSIL2A_20250301T065729_R063_T39QXG_20250301T093630_0001.jpg,0.0,,,,,2025,3,spring,0,aerial_winter_2024,data/aerial_winter_2024/chip_indices_clean_hab.csv,1.0,6.123233995736766e-17,0,1,0,0
0.0432525277137756,2025-02-09 06:59:39.024000+00:00,0.9219619631767272,16384,1.1920928955078125e-07,-0.1253540217876434,S2B_MSIL2A_20250209T065939_R063_T39QXG_20250209T091826,2.9802322387695312e-08,S2B_MSIL2A_20250209T065939_R063_T39QXG_20250209T091826_0000.jpg,0.0,,,,,2025,2,winter,0,aerial_winter_2024,data/aerial_winter_2024/chip_indices_clean_hab.csv,0.8660254037844386,0.5000000000000001,1,0,0,0
0.0432525277137756,2025-02-09 06:59:39.024000+00:00,0.9219619631767272,16384,1.1920928955078125e-07,-0.1253540217876434,S2B_MSIL2A_20250209T065939_R063_T39QXG_20250209T091826,2.9802322387695312e-08,S2B_MSIL2A_20250209T065939_R063_T39QXG_20250209T091826_0001.jpg,0.0,,,,,2025,2,winter,0,aerial_winter_2024,data/aerial_winter_2024/chip_indices_clean_hab.csv,0.8660254037844386,0.5000000000000001,1,0,0,0
0.0378360748291015,2025-02-04 07:01:31.025000+00:00,0.9038447737693788,16384,1.1920928955078125e-07,-0.1357844024896621,S2C_MSIL2A_20250204T070131_R063_T39QXG_20250204T101810,0.0,S2C_MSIL2A_20250204T070131_R063_T39QXG_20250204T101810_0000.jpg,0.0,,,,,2025,2,winter,0,aerial_winter_2024,data/aerial_winter_2024/chip_indices_clean_hab.csv,0.8660254037844386,0.5000000000000001,1,0,0,0
0.0378360748291015,2025-02-04 07:01:31.025000+00:00,0.9038447737693788,16384,1.1920928955078125e-07,-0.1357844024896621,S2C_MSIL2A_20250204T070131_R063_T39QXG_20250204T101810,0.0,S2C_MSIL2A_20250204T070131_R063_T39QXG_20250204T101810_0001.jpg,0.0,,,,,2025,2,winter,0,aerial_winter_2024,data/aerial_winter_2024/chip_indices_clean_hab.csv,0.8660254037844386,0.5000000000000001,1,0,0,0
0.0468852519989013,2025-01-30 07:00:39.024000+00:00,0.9178239703178406,16384,1.1920928955078125e-07,-0.1352708041667938,S2B_MSIL2A_20250130T070039_R063_T39QXG_20250130T093523,2.9802322387695312e-08,S2B_MSIL2A_20250130T070039_R063_T39QXG_20250130T093523_0000.jpg,0.0,,,,,2025,1,winter,0,aerial_winter_2024,data/aerial_winter_2024/chip_indices_clean_hab.csv,0.49999999999999994,0.8660254037844387,1,0,0,0
0.0468852519989013,2025-01-30 07:00:39.024000+00:00,0.9178239703178406,16384,1.1920928955078125e-07,-0.1352708041667938,S2B_MSIL2A_20250130T070039_R063_T39QXG_20250130T093523,2.9802322387695312e-08,S2B_MSIL2A_20250130T070039_R063_T39QXG_20250130T093523_0001.jpg,0.0,,,,,2025,1,winter,0,aerial_winter_2024,data/aerial_winter_2024/chip_indices_clean_hab.csv,0.49999999999999994,0.8660254037844387,1,0,0,0
0.0426294803619384,2025-01-25 07:02:21.025000+00:00,0.9241055846214294,16384,0.0,-0.1232090294361114,S2C_MSIL2A_20250125T070221_R063_T39QXG_20250125T110112,2.9802322387695312e-08,S2C_MSIL2A_20250125T070221_R063_T39QXG_20250125T110112_0000.jpg,0.0,0.627444,0.077,,26.8567,2025,1,winter,0,aerial_winter_2024,data/aerial_winter_2024/chip_indices_clean_hab.csv,0.49999999999999994,0.8660254037844387,1,0,0,0
0.0426294803619384,2025-01-25 07:02:21.025000+00:00,0.9241055846214294,16384,0.0,-0.1232090294361114,S2C_MSIL2A_20250125T070221_R063_T39QXG_20250125T110112,2.9802322387695312e-08,S2C_MSIL2A_20250125T070221_R063_T39QXG_20250125T110112_0001.jpg,0.0,0.627444,0.077,,26.8567,2025,1,winter,0,aerial_winter_2024,data/aerial_winter_2024/chip_indices_clean_hab.csv,0.49999999999999994,0.8660254037844387,1,0,0,0
0.0394098162651062,2025-01-15 07:02:31.024000+00:00,0.904820680618286,16384,1.788139343261719e-07,-0.1366749852895736,S2A_MSIL2A_20250115T070231_R063_T39QXG_20250115T101359,1.4901161193847656e-08,S2A_MSIL2A_20250115T070231_R063_T39QXG_20250115T101359_0000.jpg,0.0,0.627444,0.077,,26.8567,2025,1,winter,0,aerial_winter_2024,data/aerial_winter_2024/chip_indices_clean_hab.csv,0.49999999999999994,0.8660254037844387,1,0,0,0
0.0394098162651062,2025-01-15 07:02:31.024000+00:00,0.904820680618286,16384,1.788139343261719e-07,-0.1366749852895736,S2A_MSIL2A_20250115T070231_R063_T39QXG_20250115T101359,1.4901161193847656e-08,S2A_MSIL2A_20250115T070231_R063_T39QXG_20250115T101359_0001.jpg,0.0,0.627444,0.077,,26.8567,2025,1,winter,0,aerial_winter_2024,data/aerial_winter_2024/chip_indices_clean_hab.csv,0.49999999999999994,0.8660254037844387,1,0,0,0
0.039796769618988,2025-01-10 07:01:49.024000+00:00,0.9322329163551332,16384,1.1920928955078125e-07,-0.1086293756961822,S2B_MSIL2A_20250110T070149_R063_T39QXG_20250110T091744,7.450580596923828e-09,S2B_MSIL2A_20250110T070149_R063_T39QXG_20250110T091744_0000.jpg,0.0,0.627444,0.077,,26.8567,2025,1,winter,0,aerial_winter_2024,data/aerial_winter_2024/chip_indices_clean_hab.csv,0.49999999999999994,0.8660254037844387,1,0,0,0
0.039796769618988,2025-01-10 07:01:49.024000+00:00,0.9322329163551332,16384,1.1920928955078125e-07,-0.1086293756961822,S2B_MSIL2A_20250110T070149_R063_T39QXG_20250110T091744,7.450580596923828e-09,S2B_MSIL2A_20250110T070149_R063_T39QXG_20250110T091744_0001.jpg,0.0,0.627444,0.077,,26.8567,2025,1,winter,0,aerial_winter_2024,data/aerial_winter_2024/chip_indices_clean_hab.csv,0.49999999999999994,0.8660254037844387,1,0,0,0
0.0393311381340026,2025-01-05 07:03:01.024000+00:00,0.898367166519165,16384,2.384185791015625e-07,-0.1422428041696548,S2A_MSIL2A_20250105T070301_R063_T39QXG_20250105T101308,0.0,S2A_MSIL2A_20250105T070301_R063_T39QXG_20250105T101308_0000.jpg,0.0,0.627444,0.077,,26.8567,2025,1,winter,0,aerial_winter_2024,data/aerial_winter_2024/chip_indices_clean_hab.csv,0.49999999999999994,0.8660254037844387,1,0,0,0
0.0393311381340026,2025-01-05 07:03:01.024000+00:00,0.898367166519165,16384,2.384185791015625e-07,-0.1422428041696548,S2A_MSIL2A_20250105T070301_R063_T39QXG_20250105T101308,0.0,S2A_MSIL2A_20250105T070301_R063_T39QXG_20250105T101308_0001.jpg,0.0,0.627444,0.077,,26.8567,2025,1,winter,0,aerial_winter_2024,data/aerial_winter_2024/chip_indices_clean_hab.csv,0.49999999999999994,0.8660254037844387,1,0,0,0
0.0435279011726379,2024-12-26 07:03:11.024000+00:00,0.9213903546333312,16384,1.1920928955078125e-07,-0.1279069036245346,S2A_MSIL2A_20241226T070311_R063_T39QXG_20241226T100152,1.4901161193847656e-08,S2A_MSIL2A_20241226T070311_R063_T39QXG_20241226T100152_0000.jpg,0.0,0.627444,0.077,,26.8567,2024,12,winter,0,aerial_winter_2024,data/aerial_winter_2024/chip_indices_clean_hab.csv,-2.4492935982947064e-16,1.0,1,0,0,0
0.0435279011726379,2024-12-26 07:03:11.024000+00:00,0.9213903546333312,16384,1.1920928955078125e-07,-0.1279069036245346,S2A_MSIL2A_20241226T070311_R063_T39QXG_20241226T100152,1.4901161193847656e-08,S2A_MSIL2A_20241226T070311_R063_T39QXG_20241226T100152_0001.jpg,0.0,0.627444,0.077,,26.8567,2024,12,winter,0,aerial_winter_2024,data/aerial_winter_2024/chip_indices_clean_hab.csv,-2.4492935982947064e-16,1.0,1,0,0,0
