tile,scene_id,datetime,month_key,kd490,chlor_a,nflh,nflh_z,chl_z,hab_label,hab_label_heuristic
S2A_MSIL2A_20170524T064631_R020_T40RDP_20210209T174339_0000.jpg,S2A_MSIL2A_20170524T064631_R020_T40RDP_20210209T174339,2017-05-24 06:46:31.026000+00:00,2017-05,0.0316,0.104382,0.0461199,-0.3311064675284558,1.1409561558002799,0,1
S2A_MSIL2A_20170524T064631_R020_T40RDP_20210209T174339_0001.jpg,S2A_MSIL2A_20170524T064631_R020_T40RDP_20210209T174339,2017-05-24 06:46:31.026000+00:00,2017-05,0.0316,0.104382,0.0461199,-0.3311064675284558,1.1409561558002799,0,1
S2A_MSIL2A_20170703T064621_R020_T40RDP_20210210T040347_0000.jpg,S2A_MSIL2A_20170703T064621_R020_T40RDP_20210210T040347,2017-07-03 06:46:21.026000+00:00,2017-07,0.0786,0.561206,0.172458,0.48609699596634615,0.7724370131116504,0,1
S2A_MSIL2A_20170703T064621_R020_T40RDP_20210210T040347_0001.jpg,S2A_MSIL2A_20170703T064621_R020_T40RDP_20210210T040347,2017-07-03 06:46:21.026000+00:00,2017-07,0.0786,0.561206,0.172458,0.48609699596634615,0.7724370131116504,0,1
S2B_MSIL2A_20171006T064719_R020_T40RDP_20210202T145017_0000.jpg,S2B_MSIL2A_20171006T064719_R020_T40RDP_20210202T145017,2017-10-06 06:47:19.027000+00:00,2017-10,0.071,0.481284,0.161465,2.0161227031385667,2.11594433526985,0,1
S2B_MSIL2A_20171006T064719_R020_T40RDP_20210202T145017_0001.jpg,S2B_MSIL2A_20171006T064719_R020_T40RDP_20210202T145017,2017-10-06 06:47:19.027000+00:00,2017-10,0.071,0.481284,0.161465,2.0161227031385667,2.11594433526985,0,1
S2B_MSIL2A_20171105T065029_R020_T40RDP_20201014T182558_0000.jpg,S2B_MSIL2A_20171105T065029_R020_T40RDP_20201014T182558,2017-11-05 06:50:29.027000+00:00,2017-11,0.0518,0.239346,0.0548749,-0.19251349475938012,2.0288834692319724,0,1
S2B_MSIL2A_20171105T065029_R020_T40RDP_20201014T182558_0001.jpg,S2B_MSIL2A_20171105T065029_R020_T40RDP_20201014T182558,2017-11-05 06:50:29.027000+00:00,2017-11,0.0518,0.239346,0.0548749,-0.19251349475938012,2.0288834692319724,0,1
S2B_MSIL2A_20171115T065119_R020_T40RDP_20201014T200318_0000.jpg,S2B_MSIL2A_20171115T065119_R020_T40RDP_20201014T200318,2017-11-15 06:51:19.027000+00:00,2017-11,0.0414,0.104083,0.337245,9.143611530625652,-1.052969741381677,0,1
S2B_MSIL2A_20171115T065119_R020_T40RDP_20201014T200318_0001.jpg,S2B_MSIL2A_20171115T065119_R020_T40RDP_20201014T200318,2017-11-15 06:51:19.027000+00:00,2017-11,0.0414,0.104083,0.337245,9.143611530625652,-1.052969741381677,0,1
S2B_MSIL2A_20180223T064849_R020_T40RDP_20201014T003814_0000.jpg,S2B_MSIL2A_20180223T064849_R020_T40RDP_20201014T003814,2018-02-23 06:48:49.027000+00:00,2018-02,0.0588,0.259298,0.17209,2.00814288262734,-0.8984793786953414,0,1
S2B_MSIL2A_20180223T064849_R020_T40RDP_20201014T003814_0001.jpg,S2B_MSIL2A_20180223T064849_R020_T40RDP_20201014T003814,2018-02-23 06:48:49.027000+00:00,2018-02,0.0588,0.259298,0.17209,2.00814288262734,-0.8984793786953414,0,1
S2B_MSIL2A_20180305T064739_R020_T40RDP_20201026T051111_0000.jpg,S2B_MSIL2A_20180305T064739_R020_T40RDP_20201026T051111,2018-03-05 06:47:39.027000+00:00,2018-03,0.0402,0.124011,0.132437,1.1212647549192134,-1.427431406335037,0,1
S2B_MSIL2A_20180305T064739_R020_T40RDP_20201026T051111_0001.jpg,S2B_MSIL2A_20180305T064739_R020_T40RDP_20201026T051111,2018-03-05 06:47:39.027000+00:00,2018-03,0.0402,0.124011,0.132437,1.1212647549192134,-1.427431406335037,0,1
S2B_MSIL2A_20180315T064629_R020_T40RDP_20201013T092614_0000.jpg,S2B_MSIL2A_20180315T064629_R020_T40RDP_20201013T092614,2018-03-15 06:46:29.027000+00:00,2018-03,0.0572,0.22878,0.0955901,0.20372675826083175,1.2454530999350113,0,1
S2B_MSIL2A_20180315T064629_R020_T40RDP_20201013T092614_0001.jpg,S2B_MSIL2A_20180315T064629_R020_T40RDP_20201013T092614,2018-03-15 06:46:29.027000+00:00,2018-03,0.0572,0.22878,0.0955901,0.20372675826083175,1.2454530999350113,0,1
S2A_MSIL2A_20180320T064621_R020_T40RDP_20201013T113227_0000.jpg,S2A_MSIL2A_20180320T064621_R020_T40RDP_20201013T113227,2018-03-20 06:46:21.026000+00:00,2018-03,0.0572,0.22878,0.0955901,0.20372675826083175,1.2454530999350113,0,1
S2A_MSIL2A_20180320T064621_R020_T40RDP_20201013T113227_0001.jpg,S2A_MSIL2A_20180320T064621_R020_T40RDP_20201013T113227,2018-03-20 06:46:21.026000+00:00,2018-03,0.0572,0.22878,0.0955901,0.20372675826083175,1.2454530999350113,0,1
S2A_MSIL2A_20180628T064621_R020_T40RDP_20201012T031832_0000.jpg,S2A_MSIL2A_20180628T064621_R020_T40RDP_20201012T031832,2018-06-28 06:46:21.024000+00:00,2018-06,0.1046,1.0845,0.142255,-0.1444361781884248,4.219999865021739,0,1
S2A_MSIL2A_20180628T064621_R020_T40RDP_20201012T031832_0001.jpg,S2A_MSIL2A_20180628T064621_R020_T40RDP_20201012T031832,2018-06-28 06:46:21.024000+00:00,2018-06,0.1046,1.0845,0.142255,-0.1444361781884248,4.219999865021739,0,1
S2A_MSIL2A_20180708T064631_R020_T40RDP_20201011T131710_0000.jpg,S2A_MSIL2A_20180708T064631_R020_T40RDP_20201011T131710,2018-07-08 06:46:31.024000+00:00,2018-07,0.117,1.28222,0.570145,1.221211719827721,3.758534918976011,0,1
S2A_MSIL2A_20180708T064631_R020_T40RDP_20201011T131710_0001.jpg,S2A_MSIL2A_20180708T064631_R020_T40RDP_20201011T131710,2018-07-08 06:46:31.024000+00:00,2018-07,0.117,1.28222,0.570145,1.221211719827721,3.758534918976011,0,1
S2A_MSIL2A_20180728T064631_R020_T40RDP_20201011T205420_0000.jpg,S2A_MSIL2A_20180728T064631_R020_T40RDP_20201011T205420,2018-07-28 06:46:31.024000+00:00,2018-07,0.1194,1.07883,0.228615,-0.4483455072113341,2.917029885929402,0,1
S2A_MSIL2A_20180728T064631_R020_T40RDP_20201011T205420_0001.jpg,S2A_MSIL2A_20180728T064631_R020_T40RDP_20201011T205420,2018-07-28 06:46:31.024000+00:00,2018-07,0.1194,1.07883,0.228615,-0.4483455072113341,2.917029885929402,0,1
S2B_MSIL2A_20180802T064619_R020_T40RDP_20201010T202417_0000.jpg,S2B_MSIL2A_20180802T064619_R020_T40RDP_20201010T202417,2018-08-02 06:46:19.024000+00:00,2018-08,0.1194,1.07883,0.228615,0.8683467571159668,4.9222666137212245,0,1
S2B_MSIL2A_20180802T064619_R020_T40RDP_20201010T202417_0001.jpg,S2B_MSIL2A_20180802T064619_R020_T40RDP_20201010T202417,2018-08-02 06:46:19.024000+00:00,2018-08,0.1194,1.07883,0.228615,0.8683467571159668,4.9222666137212245,0,1
S2A_MSIL2A_20180926T064731_R020_T40RDP_20201009T050107_0000.jpg,S2A_MSIL2A_20180926T064731_R020_T40RDP_20201009T050107,2018-09-26 06:47:31.024000+00:00,2018-09,0.0576,0.229268,0.277873,3.7343036595338277,-0.32020067961638254,0,1
S2A_MSIL2A_20180926T064731_R020_T40RDP_20201009T050107_0001.jpg,S2A_MSIL2A_20180926T064731_R020_T40RDP_20201009T050107,2018-09-26 06:47:31.024000+00:00,2018-09,0.0576,0.229268,0.277873,3.7343036595338277,-0.32020067961638254,0,1
S2A_MSIL2A_20190124T065151_R020_T40RDP_20201008T041007_0000.jpg,S2A_MSIL2A_20190124T065151_R020_T40RDP_20201008T041007,2019-01-24 06:51:51.024000+00:00,2019-01,0.0572,0.225891,0.299505,1.0327569201288656,-1.5249117986145002,0,1
S2A_MSIL2A_20190124T065151_R020_T40RDP_20201008T041007_0001.jpg,S2A_MSIL2A_20190124T065151_R020_T40RDP_20201008T041007,2019-01-24 06:51:51.024000+00:00,2019-01,0.0572,0.225891,0.299505,1.0327569201288656,-1.5249117986145002,0,1
S2B_MSIL2A_20190419T064629_R020_T40RDP_20201007T040446_0000.jpg,S2B_MSIL2A_20190419T064629_R020_T40RDP_20201007T040446,2019-04-19 06:46:29.024000+00:00,2019-04,0.0296,0.0969961,0.0405951,2.7172562583659525,-0.031083181192615255,0,1
S2B_MSIL2A_20190419T064629_R020_T40RDP_20201007T040446_0001.jpg,S2B_MSIL2A_20190419T064629_R020_T40RDP_20201007T040446,2019-04-19 06:46:29.024000+00:00,2019-04,0.0296,0.0969961,0.0405951,2.7172562583659525,-0.031083181192615255,0,1
S2B_MSIL2A_20190429T064629_R020_T40RDP_20201105T223212_0000.jpg,S2B_MSIL2A_20190429T064629_R020_T40RDP_20201105T223212,2019-04-29 06:46:29.024000+00:00,2019-04,0.0274,0.0694145,0.0392351,2.4089176953687566,-0.8523532936384784,0,1
S2B_MSIL2A_20190429T064629_R020_T40RDP_20201105T223212_0001.jpg,S2B_MSIL2A_20190429T064629_R020_T40RDP_20201105T223212,2019-04-29 06:46:29.024000+00:00,2019-04,0.0274,0.0694145,0.0392351,2.4089176953687566,-0.8523532936384784,0,1
S2A_MSIL2A_20190713T064631_R020_T40RDP_20201005T131846_0000.jpg,S2A_MSIL2A_20190713T064631_R020_T40RDP_20201005T131846,2019-07-13 06:46:31.024000+00:00,2019-07,0.0639333,0.282551,0.0,0.0,282551000.0,0,1
S2A_MSIL2A_20190713T064631_R020_T40RDP_20201005T131846_0001.jpg,S2A_MSIL2A_20190713T064631_R020_T40RDP_20201005T131846,2019-07-13 06:46:31.024000+00:00,2019-07,0.0639333,0.282551,0.0,0.0,282551000.0,0,1
S2B_MSIL2A_20190728T064629_R020_T40RDP_20201109T153250_0000.jpg,S2B_MSIL2A_20190728T064629_R020_T40RDP_20201109T153250,2019-07-28 06:46:29.024000+00:00,2019-07,0.0748,0.560503,0.18348,183480000.0,560502999.9999999,0,1
S2B_MSIL2A_20190728T064629_R020_T40RDP_20201109T153250_0001.jpg,S2B_MSIL2A_20190728T064629_R020_T40RDP_20201109T153250,2019-07-28 06:46:29.024000+00:00,2019-07,0.0748,0.560503,0.18348,183480000.0,560502999.9999999,0,1
S2B_MSIL2A_20190817T064629_R020_T40RDP_20201005T013402_0000.jpg,S2B_MSIL2A_20190817T064629_R020_T40RDP_20201005T013402,2019-08-17 06:46:29.024000+00:00,2019-08,0.0922,0.852198,0.0,-1.4030802033692187,2.4255383747990535,0,1
S2B_MSIL2A_20190817T064629_R020_T40RDP_20201005T013402_0001.jpg,S2B_MSIL2A_20190817T064629_R020_T40RDP_20201005T013402,2019-08-17 06:46:29.024000+00:00,2019-08,0.0922,0.852198,0.0,-1.4030802033692187,2.4255383747990535,0,1
S2A_MSIL2A_20190901T064621_R020_T40RDP_20201004T075503_0000.jpg,S2A_MSIL2A_20190901T064621_R020_T40RDP_20201004T075503,2019-09-01 06:46:21.024000+00:00,2019-09,0.0682,0.434516,0.151605,0.39777659274992644,8.58625878359586,0,1
S2A_MSIL2A_20190901T064621_R020_T40RDP_20201004T075503_0001.jpg,S2A_MSIL2A_20190901T064621_R020_T40RDP_20201004T075503,2019-09-01 06:46:21.024000+00:00,2019-09,0.0682,0.434516,0.151605,0.39777659274992644,8.58625878359586,0,1
S2B_MSIL2A_20200423T064619_R020_T40RDP_20200921T193918_0000.jpg,S2B_MSIL2A_20200423T064619_R020_T40RDP_20200921T193918,2020-04-23 06:46:19.024000+00:00,2020-04,0.0294,0.0521228,0.05972,2.03736046220762,-0.8196799435431803,0,1
S2B_MSIL2A_20200423T064619_R020_T40RDP_20200921T193918_0001.jpg,S2B_MSIL2A_20200423T064619_R020_T40RDP_20200921T193918,2020-04-23 06:46:19.024000+00:00,2020-04,0.0294,0.0521228,0.05972,2.03736046220762,-0.8196799435431803,0,1
S2A_MSIL2A_20200428T064631_R020_T40RDP_20200922T100835_0000.jpg,S2A_MSIL2A_20200428T064631_R020_T40RDP_20200922T100835,2020-04-28 06:46:31.024000+00:00,2020-04,0.0294,0.0521228,0.05972,2.03736046220762,-0.8196799435431803,0,1
S2A_MSIL2A_20200428T064631_R020_T40RDP_20200922T100835_0001.jpg,S2A_MSIL2A_20200428T064631_R020_T40RDP_20200922T100835,2020-04-28 06:46:31.024000+00:00,2020-04,0.0294,0.0521228,0.05972,2.03736046220762,-0.8196799435431803,0,1
S2B_MSIL2A_20200523T064629_R020_T40RDP_20200910T171843_0000.jpg,S2B_MSIL2A_20200523T064629_R020_T40RDP_20200910T171843,2020-05-23 06:46:29.024000+00:00,2020-05,0.026,0.076602,0.0499451,0.10960474569702805,2.416545619975448,0,1
S2B_MSIL2A_20200523T064629_R020_T40RDP_20200910T171843_0001.jpg,S2B_MSIL2A_20200523T064629_R020_T40RDP_20200910T171843,2020-05-23 06:46:29.024000+00:00,2020-05,0.026,0.076602,0.0499451,0.10960474569702805,2.416545619975448,0,1
S2B_MSIL2A_20200612T064629_R020_T40RDP_20200827T032518_0000.jpg,S2B_MSIL2A_20200612T064629_R020_T40RDP_20200827T032518,2020-06-12 06:46:29.024000+00:00,2020-06,0.056,0.280392,0.175235,1.6195855448042331,0.5525574687527923,0,1
S2B_MSIL2A_20200612T064629_R020_T40RDP_20200827T032518_0001.jpg,S2B_MSIL2A_20200612T064629_R020_T40RDP_20200827T032518,2020-06-12 06:46:29.024000+00:00,2020-06,0.056,0.280392,0.175235,1.6195855448042331,0.5525574687527923,0,1
S2A_MSIL2A_20200617T064631_R020_T40RDP_20200823T013151_0000.jpg,S2A_MSIL2A_20200617T064631_R020_T40RDP_20200823T013151,2020-06-17 06:46:31.024000+00:00,2020-06,0.0604,0.412274,0.11565,-0.26791149078640236,2.201701672927134,0,1
S2A_MSIL2A_20200617T064631_R020_T40RDP_20200823T013151_0001.jpg,S2A_MSIL2A_20200617T064631_R020_T40RDP_20200823T013151,2020-06-17 06:46:31.024000+00:00,2020-06,0.0604,0.412274,0.11565,-0.26791149078640236,2.201701672927134,0,1
S2A_MSIL2A_20200806T064631_R020_T40RDP_20200815T045031_0000.jpg,S2A_MSIL2A_20200806T064631_R020_T40RDP_20200815T045031,2020-08-06 06:46:31.024000+00:00,2020-08,0.067,0.33422,0.349485,0.6744907418706443,0.05576287301080494,0,1
S2A_MSIL2A_20200806T064631_R020_T40RDP_20200815T045031_0001.jpg,S2A_MSIL2A_20200806T064631_R020_T40RDP_20200815T045031,2020-08-06 06:46:31.024000+00:00,2020-08,0.067,0.33422,0.349485,0.6744907418706443,0.05576287301080494,0,1
S2A_MSIL2A_20200915T064631_R020_T40RDP_20200918T105421_0000.jpg,S2A_MSIL2A_20200915T064631_R020_T40RDP_20200918T105421,2020-09-15 06:46:31.024000+00:00,2020-09,0.0722,0.437852,0.147525,0.2780167617344885,1.1925851441447797,0,1
S2A_MSIL2A_20200915T064631_R020_T40RDP_20200918T105421_0001.jpg,S2A_MSIL2A_20200915T064631_R020_T40RDP_20200918T105421,2020-09-15 06:46:31.024000+00:00,2020-09,0.0722,0.437852,0.147525,0.2780167617344885,1.1925851441447797,0,1
S2B_MSIL2A_20200920T064629_R020_T40RDP_20201027T231612_0000.jpg,S2B_MSIL2A_20200920T064629_R020_T40RDP_20201027T231612,2020-09-20 06:46:29.024000+00:00,2020-09,0.0722,0.437852,0.147525,0.2780167617344885,1.1925851441447797,0,1
S2B_MSIL2A_20200920T064629_R020_T40RDP_20201027T231612_0001.jpg,S2B_MSIL2A_20200920T064629_R020_T40RDP_20201027T231612,2020-09-20 06:46:29.024000+00:00,2020-09,0.0722,0.437852,0.147525,0.2780167617344885,1.1925851441447797,0,1
S2B_MSIL2A_20201229T065259_R020_T40RDP_20201229T153105_0000.jpg,S2B_MSIL2A_20201229T065259_R020_T40RDP_20201229T153105,2020-12-29 06:52:59.024000+00:00,2020-12,0.058,0.276814,0.12432,1.261588838568996,0.7025162983448746,0,1
S2B_MSIL2A_20201229T065259_R020_T40RDP_20201229T153105_0001.jpg,S2B_MSIL2A_20201229T065259_R020_T40RDP_20201229T153105,2020-12-29 06:52:59.024000+00:00,2020-12,0.058,0.276814,0.12432,1.261588838568996,0.7025162983448746,0,1
S2B_MSIL2A_20210227T064829_R020_T40RDP_20210227T151747_0000.jpg,S2B_MSIL2A_20210227T064829_R020_T40RDP_20210227T151747,2021-02-27 06:48:29.024000+00:00,2021-02,0.0624,0.272043,0.206515,6.582382111013372,0.562708500587708,0,1
S2B_MSIL2A_20210227T064829_R020_T40RDP_20210227T151747_0001.jpg,S2B_MSIL2A_20210227T064829_R020_T40RDP_20210227T151747,2021-02-27 06:48:29.024000+00:00,2021-02,0.0624,0.272043,0.206515,6.582382111013372,0.562708500587708,0,1
S2A_MSIL2A_20210513T064621_R020_T40RDP_20210514T123915_0000.jpg,S2A_MSIL2A_20210513T064621_R020_T40RDP_20210514T123915,2021-05-13 06:46:21.024000+00:00,2021-05,0.0282,0.11466,0.18739,4.6115543897864,-0.2804028561923745,0,1
S2A_MSIL2A_20210513T064621_R020_T40RDP_20210514T123915_0001.jpg,S2A_MSIL2A_20210513T064621_R020_T40RDP_20210514T123915,2021-05-13 06:46:21.024000+00:00,2021-05,0.0282,0.11466,0.18739,4.6115543897864,-0.2804028561923745,0,1
S2A_MSIL2A_20210612T064621_R020_T40RDP_20210614T150758_0000.jpg,S2A_MSIL2A_20210612T064621_R020_T40RDP_20210614T150758,2021-06-12 06:46:21.024000+00:00,2021-06,0.0568,0.350678,0.123215,0.3538701420915056,2.806491425788706,0,1
S2A_MSIL2A_20210612T064621_R020_T40RDP_20210614T150758_0001.jpg,S2A_MSIL2A_20210612T064621_R020_T40RDP_20210614T150758,2021-06-12 06:46:21.024000+00:00,2021-06,0.0568,0.350678,0.123215,0.3538701420915056,2.806491425788706,0,1
S2B_MSIL2A_20210617T064629_R020_T40RDP_20210617T170925_0000.jpg,S2B_MSIL2A_20210617T064629_R020_T40RDP_20210617T170925,2021-06-17 06:46:29.024000+00:00,2021-06,0.0568,0.350678,0.123215,0.3538701420915056,2.806491425788706,0,1
S2B_MSIL2A_20210617T064629_R020_T40RDP_20210617T170925_0001.jpg,S2B_MSIL2A_20210617T064629_R020_T40RDP_20210617T170925,2021-06-17 06:46:29.024000+00:00,2021-06,0.0568,0.350678,0.123215,0.3538701420915056,2.806491425788706,0,1
S2B_MSIL2A_20210806T064629_R020_T40RDP_20210806T172711_0000.jpg,S2B_MSIL2A_20210806T064629_R020_T40RDP_20210806T172711,2021-08-06 06:46:29.024000+00:00,2021-08,0.0645143,0.304148,0.146311,-0.6744907483017831,2.993432433747529,0,1
S2B_MSIL2A_20210806T064629_R020_T40RDP_20210806T172711_0001.jpg,S2B_MSIL2A_20210806T064629_R020_T40RDP_20210806T172711,2021-08-06 06:46:29.024000+00:00,2021-08,0.0645143,0.304148,0.146311,-0.6744907483017831,2.993432433747529,0,1
S2B_MSIL2A_20210905T064619_R020_T40RDP_20210905T161454_0000.jpg,S2B_MSIL2A_20210905T064619_R020_T40RDP_20210905T161454,2021-09-05 06:46:19.024000+00:00,2021-09,0.0682,0.437737,0.14319,-0.6744907243787892,2.1762122502429864,0,1
S2B_MSIL2A_20210905T064619_R020_T40RDP_20210905T161454_0001.jpg,S2B_MSIL2A_20210905T064619_R020_T40RDP_20210905T161454,2021-09-05 06:46:19.024000+00:00,2021-09,0.0682,0.437737,0.14319,-0.6744907243787892,2.1762122502429864,0,1
S2B_MSIL2A_20211005T064729_R020_T40RDP_20211005T184517_0000.jpg,S2B_MSIL2A_20211005T064729_R020_T40RDP_20211005T184517,2021-10-05 06:47:29.024000+00:00,2021-10,0.068,0.345171,0.12738,0.8212314476963721,2.914546942640804,0,1
S2B_MSIL2A_20211005T064729_R020_T40RDP_20211005T184517_0001.jpg,S2B_MSIL2A_20211005T064729_R020_T40RDP_20211005T184517,2021-10-05 06:47:29.024000+00:00,2021-10,0.068,0.345171,0.12738,0.8212314476963721,2.914546942640804,0,1
S2B_MSIL2A_20211224T065309_R020_T40RDP_20211224T211558_0000.jpg,S2B_MSIL2A_20211224T065309_R020_T40RDP_20211224T211558,2021-12-24 06:53:09.024000+00:00,2021-12,0.05115,0.2126,0.09032,-0.9020966763619476,3.749342540546576,0,1
S2B_MSIL2A_20211224T065309_R020_T40RDP_20211224T211558_0001.jpg,S2B_MSIL2A_20211224T065309_R020_T40RDP_20211224T211558,2021-12-24 06:53:09.024000+00:00,2021-12,0.05115,0.2126,0.09032,-0.9020966763619476,3.749342540546576,0,1
S2B_MSIL2A_20220123T065149_R020_T40RDP_20220123T212614_0000.jpg,S2B_MSIL2A_20220123T065149_R020_T40RDP_20220123T212614,2022-01-23 06:51:49.024000+00:00,2022-01,0.072,0.533599,0.0,-3.2704582954818897,3.385153581420857,0,1
S2B_MSIL2A_20220123T065149_R020_T40RDP_20220123T212614_0001.jpg,S2B_MSIL2A_20220123T065149_R020_T40RDP_20220123T212614,2022-01-23 06:51:49.024000+00:00,2022-01,0.072,0.533599,0.0,-3.2704582954818897,3.385153581420857,0,1
S2B_MSIL2A_20220212T065009_R020_T40RDP_20220222T053424_0000.jpg,S2B_MSIL2A_20220212T065009_R020_T40RDP_20220222T053424,2022-02-12 06:50:09.024000+00:00,2022-02,0.057,0.292006,0.08777,-2.315610014285676,5.039261461482342,0,1
S2B_MSIL2A_20220212T065009_R020_T40RDP_20220222T053424_0001.jpg,S2B_MSIL2A_20220212T065009_R020_T40RDP_20220222T053424,2022-02-12 06:50:09.024000+00:00,2022-02,0.057,0.292006,0.08777,-2.315610014285676,5.039261461482342,0,1
S2A_MSIL2A_20220217T064941_R020_T40RDP_20220224T125700_0000.jpg,S2A_MSIL2A_20220217T064941_R020_T40RDP_20220224T125700,2022-02-17 06:49:41.024000+00:00,2022-02,0.057,0.292006,0.08777,-2.315610014285676,5.039261461482342,0,1
S2A_MSIL2A_20220217T064941_R020_T40RDP_20220224T125700_0001.jpg,S2A_MSIL2A_20220217T064941_R020_T40RDP_20220224T125700,2022-02-17 06:49:41.024000+00:00,2022-02,0.057,0.292006,0.08777,-2.315610014285676,5.039261461482342,0,1
S2B_MSIL2A_20220423T064619_R020_T40RDP_20240608T175630_0000.jpg,S2B_MSIL2A_20220423T064619_R020_T40RDP_20240608T175630,2022-04-23 06:46:19.024000+00:00,2022-04,0.026,0.0667992,0.0425501,42550100.0,66799200.0,0,1
S2B_MSIL2A_20220423T064619_R020_T40RDP_20240608T175630_0001.jpg,S2B_MSIL2A_20220423T064619_R020_T40RDP_20240608T175630,2022-04-23 06:46:19.024000+00:00,2022-04,0.026,0.0667992,0.0425501,42550100.0,66799200.0,0,1
S2A_MSIL2A_20220428T064631_R020_T40RDP_20220429T020418_0000.jpg,S2A_MSIL2A_20220428T064631_R020_T40RDP_20220429T020418,2022-04-28 06:46:31.024000+00:00,2022-04,0.026,0.0667992,0.0425501,42550100.0,66799200.0,0,1
S2A_MSIL2A_20220428T064631_R020_T40RDP_20220429T020418_0001.jpg,S2A_MSIL2A_20220428T064631_R020_T40RDP_20220429T020418,2022-04-28 06:46:31.024000+00:00,2022-04,0.026,0.0667992,0.0425501,42550100.0,66799200.0,0,1
S2A_MSIL2A_20220528T064631_R020_T40RDP_20240629T015931_0000.jpg,S2A_MSIL2A_20220528T064631_R020_T40RDP_20240629T015931,2022-05-28 06:46:31.024000+00:00,2022-05,0.0306,0.151025,0.132225,0.6516883996879627,2.507836373034144,0,1
S2A_MSIL2A_20220528T064631_R020_T40RDP_20240629T015931_0001.jpg,S2A_MSIL2A_20220528T064631_R020_T40RDP_20240629T015931,2022-05-28 06:46:31.024000+00:00,2022-05,0.0306,0.151025,0.132225,0.6516883996879627,2.507836373034144,0,1
S2B_MSIL2A_20220612T064629_R020_T40RDP_20220613T015748_0000.jpg,S2B_MSIL2A_20220612T064629_R020_T40RDP_20220613T015748,2022-06-12 06:46:29.024000+00:00,2022-06,0.0582,0.285234,0.175589,0.5433356060069748,1.3332049556688168,0,1
S2B_MSIL2A_20220612T064629_R020_T40RDP_20220613T015748_0001.jpg,S2B_MSIL2A_20220612T064629_R020_T40RDP_20220613T015748,2022-06-12 06:46:29.024000+00:00,2022-06,0.0582,0.285234,0.175589,0.5433356060069748,1.3332049556688168,0,1
S2B_MSIL2A_20220920T064629_R020_T40RDP_20240728T021039_0000.jpg,S2B_MSIL2A_20220920T064629_R020_T40RDP_20240728T021039,2022-09-20 06:46:29.024000+00:00,2022-09,0.0754,0.574512,0.251905,4.514834381784561,1.4363823413618093,0,1
S2B_MSIL2A_20220920T064629_R020_T40RDP_20240728T021039_0001.jpg,S2B_MSIL2A_20220920T064629_R020_T40RDP_20240728T021039,2022-09-20 06:46:29.024000+00:00,2022-09,0.0754,0.574512,0.251905,4.514834381784561,1.4363823413618093,0,1
S2B_MSIL2A_20220930T064649_R020_T40RDP_20240726T033305_0000.jpg,S2B_MSIL2A_20220930T064649_R020_T40RDP_20240726T033305,2022-09-30 06:46:49.024000+00:00,2022-09,0.0727,0.483296,0.203668,2.790647333457889,0.4222168681503718,0,1
S2B_MSIL2A_20220930T064649_R020_T40RDP_20240726T033305_0001.jpg,S2B_MSIL2A_20220930T064649_R020_T40RDP_20240726T033305,2022-09-30 06:46:49.024000+00:00,2022-09,0.0727,0.483296,0.203668,2.790647333457889,0.4222168681503718,0,1
S2A_MSIL2A_20221005T064741_R020_T40RDP_20221005T231447_0000.jpg,S2A_MSIL2A_20221005T064741_R020_T40RDP_20221005T231447,2022-10-05 06:47:41.024000+00:00,2022-10,0.0727,0.483296,0.203668,1.9011808177431042,0.877235273242942,0,1
S2A_MSIL2A_20221005T064741_R020_T40RDP_20221005T231447_0001.jpg,S2A_MSIL2A_20221005T064741_R020_T40RDP_20221005T231447,2022-10-05 06:47:41.024000+00:00,2022-10,0.0727,0.483296,0.203668,1.9011808177431042,0.877235273242942,0,1
S2B_MSIL2A_20221219T065309_R020_T40RDP_20221220T000640_0000.jpg,S2B_MSIL2A_20221219T065309_R020_T40RDP_20221220T000640,2022-12-19 06:53:09.024000+00:00,2022-12,0.053,0.24959,0.0996699,1.1602526653768563,3.2007022550833106,0,1
S2B_MSIL2A_20221219T065309_R020_T40RDP_20221220T000640_0001.jpg,S2B_MSIL2A_20221219T065309_R020_T40RDP_20221220T000640,2022-12-19 06:53:09.024000+00:00,2022-12,0.053,0.24959,0.0996699,1.1602526653768563,3.2007022550833106,0,1
S2A_MSIL2A_20230113T065231_R020_T40RDP_20230113T221234_0000.jpg,S2A_MSIL2A_20230113T065231_R020_T40RDP_20230113T221234,2023-01-13 06:52:31.024000+00:00,2023-01,0.06495,0.423258,0.296169,1.0586068999076672,5.217339776014076,0,1
S2A_MSIL2A_20230304T064751_R020_T40RDP_20230304T123749_0000.jpg,S2A_MSIL2A_20230304T064751_R020_T40RDP_20230304T123749,2023-03-04 06:47:51.024000+00:00,2023-03,0.0572,0.290062,0.0843699,-0.12762779266220636,2.8401242298793608,0,1
S2A_MSIL2A_20230304T064751_R020_T40RDP_20230304T123749_0001.jpg,S2A_MSIL2A_20230304T064751_R020_T40RDP_20230304T123749,2023-03-04 06:47:51.024000+00:00,2023-03,0.0572,0.290062,0.0843699,-0.12762779266220636,2.8401242298793608,0,1
S2B_MSIL2A_20230329T064629_R020_T40RDP_20240823T165234_0000.jpg,S2B_MSIL2A_20230329T064629_R020_T40RDP_20240823T165234,2023-03-29 06:46:29.024000+00:00,2023-03,0.0294,0.118592,0.125204,4.2511035536222765,-2.1295787254073835,0,1
S2B_MSIL2A_20230329T064629_R020_T40RDP_20240823T165234_0001.jpg,S2B_MSIL2A_20230329T064629_R020_T40RDP_20240823T165234,2023-03-29 06:46:29.024000+00:00,2023-03,0.0294,0.118592,0.125204,4.2511035536222765,-2.1295787254073835,0,1
S2A_MSIL2A_20230403T064621_R020_T40RDP_20230403T120128_0000.jpg,S2A_MSIL2A_20230403T064621_R020_T40RDP_20230403T120128,2023-04-03 06:46:21.024000+00:00,2023-04,0.031,0.0984504,0.02793,-0.7369435859178207,3.208750009029758,0,1
S2A_MSIL2A_20230403T064621_R020_T40RDP_20230403T120128_0001.jpg,S2A_MSIL2A_20230403T064621_R020_T40RDP_20230403T120128,2023-04-03 06:46:21.024000+00:00,2023-04,0.031,0.0984504,0.02793,-0.7369435859178207,3.208750009029758,0,1
S2B_MSIL2A_20230428T064629_R020_T40RDP_20230428T123157_0000.jpg,S2B_MSIL2A_20230428T064629_R020_T40RDP_20230428T123157,2023-04-28 06:46:29.024000+00:00,2023-04,0.0252,0.0777662,0.17362,3.544823553957247,-0.8493374949765355,0,1
S2B_MSIL2A_20230428T064629_R020_T40RDP_20230428T123157_0001.jpg,S2B_MSIL2A_20230428T064629_R020_T40RDP_20230428T123157,2023-04-28 06:46:29.024000+00:00,2023-04,0.0252,0.0777662,0.17362,3.544823553957247,-0.8493374949765355,0,1
S2B_MSIL2A_20230528T064629_R020_T40RDP_20240908T011647_0000.jpg,S2B_MSIL2A_20230528T064629_R020_T40RDP_20240908T011647,2023-05-28 06:46:29.024000+00:00,2023-05,0.0254,0.116448,0.0748743,1.2681728159974834,1.4099306580337252,0,1
S2B_MSIL2A_20230528T064629_R020_T40RDP_20240908T011647_0001.jpg,S2B_MSIL2A_20230528T064629_R020_T40RDP_20240908T011647,2023-05-28 06:46:29.024000+00:00,2023-05,0.0254,0.116448,0.0748743,1.2681728159974834,1.4099306580337252,0,1
S2A_MSIL2A_20230602T064631_R020_T40RDP_20230602T122439_0000.jpg,S2A_MSIL2A_20230602T064631_R020_T40RDP_20230602T122439,2023-06-02 06:46:31.024000+00:00,2023-06,0.0254,0.0783037,0.100265,2.8523651148096882,-0.7980727948977618,0,1
S2A_MSIL2A_20230602T064631_R020_T40RDP_20230602T122439_0001.jpg,S2A_MSIL2A_20230602T064631_R020_T40RDP_20230602T122439,2023-06-02 06:46:31.024000+00:00,2023-06,0.0254,0.0783037,0.100265,2.8523651148096882,-0.7980727948977618,0,1
S2A_MSIL2A_20230712T064631_R020_T40RDP_20241013T192851_0000.jpg,S2A_MSIL2A_20230712T064631_R020_T40RDP_20241013T192851,2023-07-12 06:46:31.024000+00:00,2023-07,0.0574,0.297233,0.198015,0.6822213022527309,0.6744907328774917,0,1
S2A_MSIL2A_20230712T064631_R020_T40RDP_20241013T192851_0001.jpg,S2A_MSIL2A_20230712T064631_R020_T40RDP_20241013T192851,2023-07-12 06:46:31.024000+00:00,2023-07,0.0574,0.297233,0.198015,0.6822213022527309,0.6744907328774917,0,1
S2B_MSIL2A_20230717T064629_R020_T40RDP_20230717T121930_0000.jpg,S2B_MSIL2A_20230717T064629_R020_T40RDP_20230717T121930,2023-07-17 06:46:29.024000+00:00,2023-07,0.0574,0.297233,0.198015,0.6822213022527309,0.6744907328774917,0,1
S2B_MSIL2A_20230717T064629_R020_T40RDP_20230717T121930_0001.jpg,S2B_MSIL2A_20230717T064629_R020_T40RDP_20230717T121930,2023-07-17 06:46:29.024000+00:00,2023-07,0.0574,0.297233,0.198015,0.6822213022527309,0.6744907328774917,0,1
S2B_MSIL2A_20230727T064629_R020_T40RDP_20241012T150139_0000.jpg,S2B_MSIL2A_20230727T064629_R020_T40RDP_20241012T150139,2023-07-27 06:46:29.024000+00:00,2023-07,0.0804,0.669047,0.18688,0.5134375617520552,15.337284743115848,0,1
S2B_MSIL2A_20230727T064629_R020_T40RDP_20241012T150139_0001.jpg,S2B_MSIL2A_20230727T064629_R020_T40RDP_20241012T150139,2023-07-27 06:46:29.024000+00:00,2023-07,0.0804,0.669047,0.18688,0.5134375617520552,15.337284743115848,0,1
S2A_MSIL2A_20230821T064631_R020_T40RDP_20230821T151547_0000.jpg,S2A_MSIL2A_20230821T064631_R020_T40RDP_20230821T151547,2023-08-21 06:46:31.024000+00:00,2023-08,0.0634857,0.277461,0.401363,6.887255572908236,-0.6744907499021828,0,1
S2A_MSIL2A_20230821T064631_R020_T40RDP_20230821T151547_0001.jpg,S2A_MSIL2A_20230821T064631_R020_T40RDP_20230821T151547,2023-08-21 06:46:31.024000+00:00,2023-08,0.0634857,0.277461,0.401363,6.887255572908236,-0.6744907499021828,0,1
S2B_MSIL2A_20230826T064629_R020_T40RDP_20241020T054319_0000.jpg,S2B_MSIL2A_20230826T064629_R020_T40RDP_20241020T054319,2023-08-26 06:46:29.024000+00:00,2023-08,0.0634857,0.277461,0.401363,6.887255572908236,-0.6744907499021828,0,1
S2B_MSIL2A_20230826T064629_R020_T40RDP_20241020T054319_0001.jpg,S2B_MSIL2A_20230826T064629_R020_T40RDP_20241020T054319,2023-08-26 06:46:29.024000+00:00,2023-08,0.0634857,0.277461,0.401363,6.887255572908236,-0.6744907499021828,0,1
S2A_MSIL2A_20231119T065151_R020_T40RDP_20241109T072348_0000.jpg,S2A_MSIL2A_20231119T065151_R020_T40RDP_20241109T072348,2023-11-19 06:51:51.024000+00:00,2023-11,0.0288,0.0715344,0.21306,4.057733564183853,-1.609616682645769,0,1
S2A_MSIL2A_20231119T065151_R020_T40RDP_20241109T072348_0001.jpg,S2A_MSIL2A_20231119T065151_R020_T40RDP_20241109T072348,2023-11-19 06:51:51.024000+00:00,2023-11,0.0288,0.0715344,0.21306,4.057733564183853,-1.609616682645769,0,1
S2A_MSIL2A_20231129T065221_R020_T40RDP_20231129T111858_0000.jpg,S2A_MSIL2A_20231129T065221_R020_T40RDP_20231129T111858,2023-11-29 06:52:21.024000+00:00,2023-11,0.0436,0.149878,0.078335,-0.0876130428365959,1.8263806999181968,0,1
S2A_MSIL2A_20231129T065221_R020_T40RDP_20231129T111858_0001.jpg,S2A_MSIL2A_20231129T065221_R020_T40RDP_20231129T111858,2023-11-29 06:52:21.024000+00:00,2023-11,0.0436,0.149878,0.078335,-0.0876130428365959,1.8263806999181968,0,1
S2B_MSIL2A_20231204T065239_R020_T40RDP_20231204T111154_0000.jpg,S2B_MSIL2A_20231204T065239_R020_T40RDP_20231204T111154,2023-12-04 06:52:39.024000+00:00,2023-12,0.0496,0.20018,0.06567,0.0,2.00678176138507,0,1
S2B_MSIL2A_20231204T065239_R020_T40RDP_20231204T111154_0001.jpg,S2B_MSIL2A_20231204T065239_R020_T40RDP_20231204T111154,2023-12-04 06:52:39.024000+00:00,2023-12,0.0496,0.20018,0.06567,0.0,2.00678176138507,0,1
S2A_MSIL2A_20231209T065251_R020_T40RDP_20231209T111640_0000.jpg,S2A_MSIL2A_20231209T065251_R020_T40RDP_20231209T111640,2023-12-09 06:52:51.024000+00:00,2023-12,0.0496,0.20018,0.06567,0.0,2.00678176138507,0,1
S2A_MSIL2A_20231209T065251_R020_T40RDP_20231209T111640_0001.jpg,S2A_MSIL2A_20231209T065251_R020_T40RDP_20231209T111640,2023-12-09 06:52:51.024000+00:00,2023-12,0.0496,0.20018,0.06567,0.0,2.00678176138507,0,1
S2B_MSIL2A_20240303T064759_R020_T40RDP_20240303T111527_0000.jpg,S2B_MSIL2A_20240303T064759_R020_T40RDP_20240303T111527,2024-03-03 06:47:59.024000+00:00,2024-03,0.0282,0.0878297,0.0515599,0.7697741082471214,2.9937508429776742,0,1
S2B_MSIL2A_20240303T064759_R020_T40RDP_20240303T111527_0001.jpg,S2B_MSIL2A_20240303T064759_R020_T40RDP_20240303T111527,2024-03-03 06:47:59.024000+00:00,2024-03,0.0282,0.0878297,0.0515599,0.7697741082471214,2.9937508429776742,0,1
S2B_MSIL2A_20240422T064629_R020_T40RDP_20240422T110720_0000.jpg,S2B_MSIL2A_20240422T064629_R020_T40RDP_20240422T110720,2024-04-22 06:46:29.024000+00:00,2024-04,0.0212,0.0765248,0.104997,1.5042749520930132,0.6744907041609799,0,1
S2B_MSIL2A_20240422T064629_R020_T40RDP_20240422T110720_0001.jpg,S2B_MSIL2A_20240422T064629_R020_T40RDP_20240422T110720,2024-04-22 06:46:29.024000+00:00,2024-04,0.0212,0.0765248,0.104997,1.5042749520930132,0.6744907041609799,0,1
S2A_MSIL2A_20240427T064631_R020_T40RDP_20240427T122206_0000.jpg,S2A_MSIL2A_20240427T064631_R020_T40RDP_20240427T122206,2024-04-27 06:46:31.024000+00:00,2024-04,0.0212,0.0765248,0.104997,1.5042749520930132,0.6744907041609799,0,1
S2A_MSIL2A_20240427T064631_R020_T40RDP_20240427T122206_0001.jpg,S2A_MSIL2A_20240427T064631_R020_T40RDP_20240427T122206,2024-04-27 06:46:31.024000+00:00,2024-04,0.0212,0.0765248,0.104997,1.5042749520930132,0.6744907041609799,0,1
S2B_MSIL2A_20240522T064629_R020_T40RDP_20240522T103730_0000.jpg,S2B_MSIL2A_20240522T064629_R020_T40RDP_20240522T103730,2024-05-22 06:46:29.024000+00:00,2024-05,0.0318,0.0986971,0.09763,1.5479444091748613,0.2764548045677082,0,1
S2B_MSIL2A_20240522T064629_R020_T40RDP_20240522T103730_0001.jpg,S2B_MSIL2A_20240522T064629_R020_T40RDP_20240522T103730,2024-05-22 06:46:29.024000+00:00,2024-05,0.0318,0.0986971,0.09763,1.5479444091748613,0.2764548045677082,0,1
S2B_MSIL2A_20240909T064629_R020_T40RDP_20240909T110138_0000.jpg,S2B_MSIL2A_20240909T064629_R020_T40RDP_20240909T110138,2024-09-09 06:46:29.024000+00:00,2024-09,0.0744,0.519168,0.20762,1.2650383239128422,3.9948212943280463,0,1
S2B_MSIL2A_20240909T064629_R020_T40RDP_20240909T110138_0001.jpg,S2B_MSIL2A_20240909T064629_R020_T40RDP_20240909T110138,2024-09-09 06:46:29.024000+00:00,2024-09,0.0744,0.519168,0.20762,1.2650383239128422,3.9948212943280463,0,1
S2B_MSIL2A_20241009T064709_R020_T40RDP_20241009T093003_0000.jpg,S2B_MSIL2A_20241009T064709_R020_T40RDP_20241009T093003,2024-10-09 06:47:09.024000+00:00,2024-10,0.0792,0.651874,0.1743,0.6744907401545408,8.96740575522915,0,1
S2B_MSIL2A_20241009T064709_R020_T40RDP_20241009T093003_0001.jpg,S2B_MSIL2A_20241009T064709_R020_T40RDP_20241009T093003,2024-10-09 06:47:09.024000+00:00,2024-10,0.0792,0.651874,0.1743,0.6744907401545408,8.96740575522915,0,1
S2A_MSIL2A_20241103T065031_R020_T40RDP_20241103T100958_0000.jpg,S2A_MSIL2A_20241103T065031_R020_T40RDP_20241103T100958,2024-11-03 06:50:31.024000+00:00,2024-11,0.0546,0.23364,0.142,1.1578942298719883,1.8779607903754334,0,1
S2A_MSIL2A_20241103T065031_R020_T40RDP_20241103T100958_0001.jpg,S2A_MSIL2A_20241103T065031_R020_T40RDP_20241103T100958,2024-11-03 06:50:31.024000+00:00,2024-11,0.0546,0.23364,0.142,1.1578942298719883,1.8779607903754334,0,1
S2B_MSIL2A_20241208T065159_R020_T40RDP_20241208T090838_0000.jpg,S2B_MSIL2A_20241208T065159_R020_T40RDP_20241208T090838,2024-12-08 06:51:59.024000+00:00,2024-12,0.0524,0.229522,0.313417,3.5431271087106406,0.13262288779621995,0,1
S2B_MSIL2A_20241208T065159_R020_T40RDP_20241208T090838_0001.jpg,S2B_MSIL2A_20241208T065159_R020_T40RDP_20241208T090838,2024-12-08 06:51:59.024000+00:00,2024-12,0.0524,0.229522,0.313417,3.5431271087106406,0.13262288779621995,0,1
S2A_MSIL2A_20241223T065311_R020_T40RDP_20241223T094150_0000.jpg,S2A_MSIL2A_20241223T065311_R020_T40RDP_20241223T094150,2024-12-23 06:53:11.024000+00:00,2024-12,0.0622,0.313157,0.098225,-0.9037108254817501,2.003728694280174,0,1
S2A_MSIL2A_20241223T065311_R020_T40RDP_20241223T094150_0001.jpg,S2A_MSIL2A_20241223T065311_R020_T40RDP_20241223T094150,2024-12-23 06:53:11.024000+00:00,2024-12,0.0622,0.313157,0.098225,-0.9037108254817501,2.003728694280174,0,1
S2A_MSIL2A_20170408T062631_R077_T40QGK_20210209T054517_0000.jpg,S2A_MSIL2A_20170408T062631_R077_T40QGK_20210209T054517,2017-04-08 06:26:31.026000+00:00,2017-04,0.0344,0.0753555,0.160275,2.151836043961006,-1.337136151078899,0,1
S2A_MSIL2A_20170408T062631_R077_T40QGK_20210209T054517_0001.jpg,S2A_MSIL2A_20170408T062631_R077_T40QGK_20210209T054517,2017-04-08 06:26:31.026000+00:00,2017-04,0.0344,0.0753555,0.160275,2.151836043961006,-1.337136151078899,0,1
S2A_MSIL2A_20170518T062631_R077_T40QGK_20210209T161923_0000.jpg,S2A_MSIL2A_20170518T062631_R077_T40QGK_20210209T161923,2017-05-18 06:26:31.026000+00:00,2017-05,0.02855,0.0787678,0.0554701,2.366855791891641,-0.27692605393212805,0,1
S2A_MSIL2A_20170518T062631_R077_T40QGK_20210209T161923_0001.jpg,S2A_MSIL2A_20170518T062631_R077_T40QGK_20210209T161923,2017-05-18 06:26:31.026000+00:00,2017-05,0.02855,0.0787678,0.0554701,2.366855791891641,-0.27692605393212805,0,1
S2A_MSIL2A_20170826T062631_R077_T40QGK_20210201T110022_0000.jpg,S2A_MSIL2A_20170826T062631_R077_T40QGK_20210201T110022,2017-08-26 06:26:31.026000+00:00,2017-08,0.0826,0.600094,0.17328,0.7590537620878924,2.390240269543203,0,1
S2A_MSIL2A_20170826T062631_R077_T40QGK_20210201T110022_0001.jpg,S2A_MSIL2A_20170826T062631_R077_T40QGK_20210201T110022,2017-08-26 06:26:31.026000+00:00,2017-08,0.0826,0.600094,0.17328,0.7590537620878924,2.390240269543203,0,1
S2A_MSIL2A_20171224T063251_R077_T40QGK_20201014T155906_0000.jpg,S2A_MSIL2A_20171224T063251_R077_T40QGK_20201014T155906,2017-12-24 06:32:51.026000+00:00,2017-12,0.0828,0.571279,0.194105,0.38959974763289,3.116097572261811,0,1
S2A_MSIL2A_20171224T063251_R077_T40QGK_20201014T155906_0001.jpg,S2A_MSIL2A_20171224T063251_R077_T40QGK_20201014T155906,2017-12-24 06:32:51.026000+00:00,2017-12,0.0828,0.571279,0.194105,0.38959974763289,3.116097572261811,0,1
S2A_MSIL2A_20180212T063001_R077_T40QGK_20201026T040841_0000.jpg,S2A_MSIL2A_20180212T063001_R077_T40QGK_20201026T040841,2018-02-12 06:30:01.026000+00:00,2018-02,0.0728,0.499771,0.12772,0.6744907392030761,0.6744907550646494,0,1
S2A_MSIL2A_20180212T063001_R077_T40QGK_20201026T040841_0001.jpg,S2A_MSIL2A_20180212T063001_R077_T40QGK_20201026T040841,2018-02-12 06:30:01.026000+00:00,2018-02,0.0728,0.499771,0.12772,0.6744907392030761,0.6744907550646494,0,1
S2B_MSIL2A_20180217T062919_R077_T40QGK_20201013T222432_0000.jpg,S2B_MSIL2A_20180217T062919_R077_T40QGK_20201013T222432,2018-02-17 06:29:19.027000+00:00,2018-02,0.0728,0.499771,0.12772,0.6744907392030761,0.6744907550646494,0,1
S2B_MSIL2A_20180217T062919_R077_T40QGK_20201013T222432_0001.jpg,S2B_MSIL2A_20180217T062919_R077_T40QGK_20201013T222432,2018-02-17 06:29:19.027000+00:00,2018-02,0.0728,0.499771,0.12772,0.6744907392030761,0.6744907550646494,0,1
S2A_MSIL2A_20180423T062631_R077_T40QGK_20201013T013518_0000.jpg,S2A_MSIL2A_20180423T062631_R077_T40QGK_20201013T013518,2018-04-23 06:26:31.026000+00:00,2018-04,0.0296,0.0877797,0.06635,1.2714396294587722,-1.3026016167544414,0,1
S2A_MSIL2A_20180423T062631_R077_T40QGK_20201013T013518_0001.jpg,S2A_MSIL2A_20180423T062631_R077_T40QGK_20201013T013518,2018-04-23 06:26:31.026000+00:00,2018-04,0.0296,0.0877797,0.06635,1.2714396294587722,-1.3026016167544414,0,1
S2B_MSIL2A_20180428T062629_R077_T40QGK_20201013T034933_0000.jpg,S2B_MSIL2A_20180428T062629_R077_T40QGK_20201013T034933,2018-04-28 06:26:29.027000+00:00,2018-04,0.0296,0.0877797,0.06635,1.2714396294587722,-1.3026016167544414,0,1
S2B_MSIL2A_20180428T062629_R077_T40QGK_20201013T034933_0001.jpg,S2B_MSIL2A_20180428T062629_R077_T40QGK_20201013T034933,2018-04-28 06:26:29.027000+00:00,2018-04,0.0296,0.0877797,0.06635,1.2714396294587722,-1.3026016167544414,0,1
S2B_MSIL2A_20180905T062619_R077_T40QGK_20201103T211022_0000.jpg,S2B_MSIL2A_20180905T062619_R077_T40QGK_20201103T211022,2018-09-05 06:26:19.024000+00:00,2018-09,0.0658,0.473225,0.14778,0.1498868313094525,2.6319987609419626,0,1
S2B_MSIL2A_20180905T062619_R077_T40QGK_20201103T211022_0001.jpg,S2B_MSIL2A_20180905T062619_R077_T40QGK_20201103T211022,2018-09-05 06:26:19.024000+00:00,2018-09,0.0658,0.473225,0.14778,0.1498868313094525,2.6319987609419626,0,1
S2A_MSIL2A_20180930T062641_R077_T40QGK_20201009T062826_0000.jpg,S2A_MSIL2A_20180930T062641_R077_T40QGK_20201009T062826,2018-09-30 06:26:41.024000+00:00,2018-09,0.0602,0.253002,0.22411,2.252986433120208,-0.032988172813086185,0,1
S2A_MSIL2A_20180930T062641_R077_T40QGK_20201009T062826_0001.jpg,S2A_MSIL2A_20180930T062641_R077_T40QGK_20201009T062826,2018-09-30 06:26:41.024000+00:00,2018-09,0.0602,0.253002,0.22411,2.252986433120208,-0.032988172813086185,0,1
S2B_MSIL2A_20181005T062719_R077_T40QGK_20201009T082718_0000.jpg,S2B_MSIL2A_20181005T062719_R077_T40QGK_20201009T082718,2018-10-05 06:27:19.024000+00:00,2018-10,0.0602,0.253002,0.22411,2.4046121793826676,0.06927191099274776,0,1
S2B_MSIL2A_20181005T062719_R077_T40QGK_20201009T082718_0001.jpg,S2B_MSIL2A_20181005T062719_R077_T40QGK_20201009T082718,2018-10-05 06:27:19.024000+00:00,2018-10,0.0602,0.253002,0.22411,2.4046121793826676,0.06927191099274776,0,1
S2A_MSIL2A_20181020T062901_R077_T40QGK_20201030T225347_0000.jpg,S2A_MSIL2A_20181020T062901_R077_T40QGK_20201030T225347,2018-10-20 06:29:01.024000+00:00,2018-10,0.0472,0.13135,0.26066,3.1236550584514764,-2.4406511019900425,0,1
S2A_MSIL2A_20181020T062901_R077_T40QGK_20201030T225347_0001.jpg,S2A_MSIL2A_20181020T062901_R077_T40QGK_20201030T225347,2018-10-20 06:29:01.024000+00:00,2018-10,0.0472,0.13135,0.26066,3.1236550584514764,-2.4406511019900425,0,1
S2B_MSIL2A_20181104T063029_R077_T40QGK_20201008T154616_0000.jpg,S2B_MSIL2A_20181104T063029_R077_T40QGK_20201008T154616,2018-11-04 06:30:29.024000+00:00,2018-11,0.0642,0.335548,0.062882,2.3713672646698325,3.8072919754868115,0,1
S2B_MSIL2A_20181104T063029_R077_T40QGK_20201008T154616_0001.jpg,S2B_MSIL2A_20181104T063029_R077_T40QGK_20201008T154616,2018-11-04 06:30:29.024000+00:00,2018-11,0.0642,0.335548,0.062882,2.3713672646698325,3.8072919754868115,0,1
S2B_MSIL2A_20181114T063119_R077_T40QGK_20201008T183309_0000.jpg,S2B_MSIL2A_20181114T063119_R077_T40QGK_20201008T183309,2018-11-14 06:31:19.024000+00:00,2018-11,0.0374,0.143072,0.0667751,2.7778470946313574,-0.521882377622069,0,1
S2B_MSIL2A_20181114T063119_R077_T40QGK_20201008T183309_0001.jpg,S2B_MSIL2A_20181114T063119_R077_T40QGK_20201008T183309,2018-11-14 06:31:19.024000+00:00,2018-11,0.0374,0.143072,0.0667751,2.7778470946313574,-0.521882377622069,0,1
S2A_MSIL2A_20181119T063141_R077_T40QGK_20201008T195111_0000.jpg,S2A_MSIL2A_20181119T063141_R077_T40QGK_20201008T195111,2018-11-19 06:31:41.024000+00:00,2018-11,0.053,0.222485,0.204411,17.14845592271214,1.2642765351952976,0,1
S2A_MSIL2A_20181119T063141_R077_T40QGK_20201008T195111_0001.jpg,S2A_MSIL2A_20181119T063141_R077_T40QGK_20201008T195111,2018-11-19 06:31:41.024000+00:00,2018-11,0.053,0.222485,0.204411,17.14845592271214,1.2642765351952976,0,1
S2A_MSIL2A_20181219T063251_R077_T40QGK_20201008T112107_0000.jpg,S2A_MSIL2A_20181219T063251_R077_T40QGK_20201008T112107,2018-12-19 06:32:51.024000+00:00,2018-12,0.072,0.490641,0.176255,0.786450824683091,0.7174624426784698,0,1
S2A_MSIL2A_20181219T063251_R077_T40QGK_20201008T112107_0001.jpg,S2A_MSIL2A_20181219T063251_R077_T40QGK_20201008T112107,2018-12-19 06:32:51.024000+00:00,2018-12,0.072,0.490641,0.176255,0.786450824683091,0.7174624426784698,0,1
S2A_MSIL2A_20190128T063121_R077_T40QGK_20201008T051650_0000.jpg,S2A_MSIL2A_20190128T063121_R077_T40QGK_20201008T051650,2019-01-28 06:31:21.024000+00:00,2019-01,0.0566,0.276819,0.199885,0.36044264936729115,1.9492184724707318,0,1
S2A_MSIL2A_20190128T063121_R077_T40QGK_20201008T051650_0001.jpg,S2A_MSIL2A_20190128T063121_R077_T40QGK_20201008T051650,2019-01-28 06:31:21.024000+00:00,2019-01,0.0566,0.276819,0.199885,0.36044264936729115,1.9492184724707318,0,1
S2A_MSIL2A_20190207T063031_R077_T40QGK_20210713T232839_0000.jpg,S2A_MSIL2A_20190207T063031_R077_T40QGK_20210713T232839,2019-02-07 06:30:31.024000+00:00,2019-02,0.0664,0.374159,0.13401,0.06874606543589044,1.0290907951251782,0,1
S2A_MSIL2A_20190207T063031_R077_T40QGK_20210713T232839_0001.jpg,S2A_MSIL2A_20190207T063031_R077_T40QGK_20210713T232839,2019-02-07 06:30:31.024000+00:00,2019-02,0.0664,0.374159,0.13401,0.06874606543589044,1.0290907951251782,0,1
S2B_MSIL2A_20190304T062749_R077_T40QGK_20201030T140917_0000.jpg,S2B_MSIL2A_20190304T062749_R077_T40QGK_20201030T140917,2019-03-04 06:27:49.024000+00:00,2019-03,0.0522,0.237856,0.052665,-0.5868000106514322,1.1302339927230012,0,1
S2B_MSIL2A_20190304T062749_R077_T40QGK_20201030T140917_0001.jpg,S2B_MSIL2A_20190304T062749_R077_T40QGK_20201030T140917,2019-03-04 06:27:49.024000+00:00,2019-03,0.0522,0.237856,0.052665,-0.5868000106514322,1.1302339927230012,0,1
S2A_MSIL2A_20190528T062631_R077_T40QGK_20201006T191632_0000.jpg,S2A_MSIL2A_20190528T062631_R077_T40QGK_20201006T191632,2019-05-28 06:26:31.024000+00:00,2019-05,0.0312,0.0705598,0.0748501,2.5432082380244783,0.3529221702244509,0,1
S2A_MSIL2A_20190528T062631_R077_T40QGK_20201006T191632_0001.jpg,S2A_MSIL2A_20190528T062631_R077_T40QGK_20201006T191632,2019-05-28 06:26:31.024000+00:00,2019-05,0.0312,0.0705598,0.0748501,2.5432082380244783,0.3529221702244509,0,1
S2B_MSIL2A_20190712T062639_R077_T40QGK_20201005T130312_0000.jpg,S2B_MSIL2A_20190712T062639_R077_T40QGK_20201005T130312,2019-07-12 06:26:39.024000+00:00,2019-07,0.0546,0.235562,0.324155,324155000.0,235561999.99999997,0,1
S2B_MSIL2A_20190712T062639_R077_T40QGK_20201005T130312_0001.jpg,S2B_MSIL2A_20190712T062639_R077_T40QGK_20201005T130312,2019-07-12 06:26:39.024000+00:00,2019-07,0.0546,0.235562,0.324155,324155000.0,235561999.99999997,0,1
S2B_MSIL2A_20190831T062629_R077_T40QGK_20201005T072335_0000.jpg,S2B_MSIL2A_20190831T062629_R077_T40QGK_20201005T072335,2019-08-31 06:26:29.024000+00:00,2019-08,0.0899333,0.816807,0.275762,2.9214602626590485,2.250951586790167,0,1
S2B_MSIL2A_20190831T062629_R077_T40QGK_20201005T072335_0001.jpg,S2B_MSIL2A_20190831T062629_R077_T40QGK_20201005T072335,2019-08-31 06:26:29.024000+00:00,2019-08,0.0899333,0.816807,0.275762,2.9214602626590485,2.250951586790167,0,1
S2B_MSIL2A_20190910T062629_R077_T40QGK_20201004T113427_0000.jpg,S2B_MSIL2A_20190910T062629_R077_T40QGK_20201004T113427,2019-09-10 06:26:29.024000+00:00,2019-09,0.0732,0.517241,0.17209,0.8608884712655414,12.162317597008842,0,1
S2B_MSIL2A_20190910T062629_R077_T40QGK_20201004T113427_0001.jpg,S2B_MSIL2A_20190910T062629_R077_T40QGK_20201004T113427,2019-09-10 06:26:29.024000+00:00,2019-09,0.0732,0.517241,0.17209,0.8608884712655414,12.162317597008842,0,1
S2B_MSIL2A_20191109T063059_R077_T40QGK_20201003T144754_0000.jpg,S2B_MSIL2A_20191109T063059_R077_T40QGK_20201003T144754,2019-11-09 06:30:59.024000+00:00,2019-11,0.0508,0.229845,0.0394051,0.07655694600070857,1.908801420106917,0,1
S2B_MSIL2A_20191109T063059_R077_T40QGK_20201003T144754_0001.jpg,S2B_MSIL2A_20191109T063059_R077_T40QGK_20201003T144754,2019-11-09 06:30:59.024000+00:00,2019-11,0.0508,0.229845,0.0394051,0.07655694600070857,1.908801420106917,0,1
S2B_MSIL2A_20200118T063209_R077_T40QGK_20201002T202136_0000.jpg,S2B_MSIL2A_20200118T063209_R077_T40QGK_20201002T202136,2020-01-18 06:32:09.024000+00:00,2020-01,0.0428,0.205282,0.172961,1.9318674833027754,1.6117219415450814,0,1
S2B_MSIL2A_20200118T063209_R077_T40QGK_20201002T202136_0001.jpg,S2B_MSIL2A_20200118T063209_R077_T40QGK_20201002T202136,2020-01-18 06:32:09.024000+00:00,2020-01,0.0428,0.205282,0.172961,1.9318674833027754,1.6117219415450814,0,1
S2B_MSIL2A_20200207T063029_R077_T40QGK_20201001T062614_0000.jpg,S2B_MSIL2A_20200207T063029_R077_T40QGK_20201001T062614,2020-02-07 06:30:29.024000+00:00,2020-02,0.0361,0.130769,0.24689,6.987908954902494,0.10403955935005234,0,1
S2B_MSIL2A_20200207T063029_R077_T40QGK_20201001T062614_0001.jpg,S2B_MSIL2A_20200207T063029_R077_T40QGK_20201001T062614,2020-02-07 06:30:29.024000+00:00,2020-02,0.0361,0.130769,0.24689,6.987908954902494,0.10403955935005234,0,1
S2A_MSIL2A_20200522T062631_R077_T40QGK_20200910T130325_0000.jpg,S2A_MSIL2A_20200522T062631_R077_T40QGK_20200910T130325,2020-05-22 06:26:31.024000+00:00,2020-05,0.0262,0.0636424,0.172685,3.153241742615275,0.0,0,1
S2A_MSIL2A_20200522T062631_R077_T40QGK_20200910T130325_0001.jpg,S2A_MSIL2A_20200522T062631_R077_T40QGK_20200910T130325,2020-05-22 06:26:31.024000+00:00,2020-05,0.0262,0.0636424,0.172685,3.153241742615275,0.0,0,1
S2B_MSIL2A_20200527T062629_R077_T40QGK_20200911T043843_0000.jpg,S2B_MSIL2A_20200527T062629_R077_T40QGK_20200911T043843,2020-05-27 06:26:29.024000+00:00,2020-05,0.0402,0.204525,0.138005,2.293266045607824,26.27004151059856,0,1
S2B_MSIL2A_20200527T062629_R077_T40QGK_20200911T043843_0001.jpg,S2B_MSIL2A_20200527T062629_R077_T40QGK_20200911T043843,2020-05-27 06:26:29.024000+00:00,2020-05,0.0402,0.204525,0.138005,2.293266045607824,26.27004151059856,0,1
S2A_MSIL2A_20200621T062631_R077_T40QGK_20200823T124332_0000.jpg,S2A_MSIL2A_20200621T062631_R077_T40QGK_20200823T124332,2020-06-21 06:26:31.024000+00:00,2020-06,0.0606,0.412887,0.138855,0.4671622477531747,2.2093670510466565,0,1
S2A_MSIL2A_20200621T062631_R077_T40QGK_20200823T124332_0001.jpg,S2A_MSIL2A_20200621T062631_R077_T40QGK_20200823T124332,2020-06-21 06:26:31.024000+00:00,2020-06,0.0606,0.412887,0.138855,0.4671622477531747,2.2093670510466565,0,1
S2A_MSIL2A_20200721T062631_R077_T40QGK_20200816T230033_0000.jpg,S2A_MSIL2A_20200721T062631_R077_T40QGK_20200816T230033,2020-07-21 06:26:31.024000+00:00,2020-07,0.0678,0.460889,0.0,-1.5805449306240529,3.3569806744512114,0,1
S2A_MSIL2A_20200721T062631_R077_T40QGK_20200816T230033_0001.jpg,S2A_MSIL2A_20200721T062631_R077_T40QGK_20200816T230033,2020-07-21 06:26:31.024000+00:00,2020-07,0.0678,0.460889,0.0,-1.5805449306240529,3.3569806744512114,0,1
S2A_MSIL2A_20200731T062631_R077_T40QGK_20200818T061733_0000.jpg,S2A_MSIL2A_20200731T062631_R077_T40QGK_20200818T061733,2020-07-31 06:26:31.024000+00:00,2020-07,0.0822,0.582785,0.26865,1.2253508039156047,5.18815117673526,0,1
S2A_MSIL2A_20200731T062631_R077_T40QGK_20200818T061733_0001.jpg,S2A_MSIL2A_20200731T062631_R077_T40QGK_20200818T061733,2020-07-31 06:26:31.024000+00:00,2020-07,0.0822,0.582785,0.26865,1.2253508039156047,5.18815117673526,0,1
S2B_MSIL2A_20201004T062719_R077_T40QGK_20201006T041306_0000.jpg,S2B_MSIL2A_20201004T062719_R077_T40QGK_20201006T041306,2020-10-04 06:27:19.024000+00:00,2020-10,0.0578,0.337765,0.162187,3.3833240239441427,2.225048383053842,0,1
S2B_MSIL2A_20201004T062719_R077_T40QGK_20201006T041306_0001.jpg,S2B_MSIL2A_20201004T062719_R077_T40QGK_20201006T041306,2020-10-04 06:27:19.024000+00:00,2020-10,0.0578,0.337765,0.162187,3.3833240239441427,2.225048383053842,0,1
S2A_MSIL2A_20201128T063221_R077_T40QGK_20201128T225721_0000.jpg,S2A_MSIL2A_20201128T063221_R077_T40QGK_20201128T225721,2020-11-28 06:32:21.024000+00:00,2020-11,0.0454,0.217238,0.0428901,-1.1435946953535592,2.546503303777802,0,1
S2A_MSIL2A_20201128T063221_R077_T40QGK_20201128T225721_0001.jpg,S2A_MSIL2A_20201128T063221_R077_T40QGK_20201128T225721,2020-11-28 06:32:21.024000+00:00,2020-11,0.0454,0.217238,0.0428901,-1.1435946953535592,2.546503303777802,0,1
S2B_MSIL2A_20201213T063249_R077_T40QGK_20201214T024845_0000.jpg,S2B_MSIL2A_20201213T063249_R077_T40QGK_20201214T024845,2020-12-13 06:32:49.024000+00:00,2020-12,0.0596,0.352365,0.11514,0.9666712162154025,2.18008676843907,0,1
S2B_MSIL2A_20201213T063249_R077_T40QGK_20201214T024845_0001.jpg,S2B_MSIL2A_20201213T063249_R077_T40QGK_20201214T024845,2020-12-13 06:32:49.024000+00:00,2020-12,0.0596,0.352365,0.11514,0.9666712162154025,2.18008676843907,0,1
S2A_MSIL2A_20210226T062831_R077_T40QGK_20210226T162504_0000.jpg,S2A_MSIL2A_20210226T062831_R077_T40QGK_20210226T162504,2021-02-26 06:28:31.024000+00:00,2021-02,0.0678,0.4397,0.143785,2.9490253436776435,9.5297286586557,0,1
S2A_MSIL2A_20210226T062831_R077_T40QGK_20210226T162504_0001.jpg,S2A_MSIL2A_20210226T062831_R077_T40QGK_20210226T162504,2021-02-26 06:28:31.024000+00:00,2021-02,0.0678,0.4397,0.143785,2.9490253436776435,9.5297286586557,0,1
S2B_MSIL2A_20210303T062749_R077_T40QGK_20210303T181528_0000.jpg,S2B_MSIL2A_20210303T062749_R077_T40QGK_20210303T181528,2021-03-03 06:27:49.024000+00:00,2021-03,0.0678,0.4397,0.143785,0.12067072185203587,3.029799609093731,0,1
S2B_MSIL2A_20210303T062749_R077_T40QGK_20210303T181528_0001.jpg,S2B_MSIL2A_20210303T062749_R077_T40QGK_20210303T181528,2021-03-03 06:27:49.024000+00:00,2021-03,0.0678,0.4397,0.143785,0.12067072185203587,3.029799609093731,0,1
S2B_MSIL2A_20210402T062629_R077_T40QGK_20210402T224431_0000.jpg,S2B_MSIL2A_20210402T062629_R077_T40QGK_20210402T224431,2021-04-02 06:26:29.024000+00:00,2021-04,0.0272,0.0799287,0.0456951,9.667760619420166,3.316436907780691,0,1
S2B_MSIL2A_20210402T062629_R077_T40QGK_20210402T224431_0001.jpg,S2B_MSIL2A_20210402T062629_R077_T40QGK_20210402T224431,2021-04-02 06:26:29.024000+00:00,2021-04,0.0272,0.0799287,0.0456951,9.667760619420166,3.316436907780691,0,1
S2A_MSIL2A_20211004T062721_R077_T40QGK_20211004T155328_0000.jpg,S2A_MSIL2A_20211004T062721_R077_T40QGK_20211004T155328,2021-10-04 06:27:21.024000+00:00,2021-10,0.0624,0.312835,0.190131,2.303198137064124,2.1630625098955365,0,1
S2A_MSIL2A_20211004T062721_R077_T40QGK_20211004T155328_0001.jpg,S2A_MSIL2A_20211004T062721_R077_T40QGK_20211004T155328,2021-10-04 06:27:21.024000+00:00,2021-10,0.0624,0.312835,0.190131,2.303198137064124,2.1630625098955365,0,1
S2A_MSIL2A_20211103T063031_R077_T40QGK_20211104T130056_0000.jpg,S2A_MSIL2A_20211103T063031_R077_T40QGK_20211104T130056,2021-11-03 06:30:31.024000+00:00,2021-11,0.0454,0.188121,0.03303,-1.5779636813018554,2.224147995283644,0,1
S2A_MSIL2A_20211103T063031_R077_T40QGK_20211104T130056_0001.jpg,S2A_MSIL2A_20211103T063031_R077_T40QGK_20211104T130056,2021-11-03 06:30:31.024000+00:00,2021-11,0.0454,0.188121,0.03303,-1.5779636813018554,2.224147995283644,0,1
S2B_MSIL2A_20211128T063219_R077_T40QGK_20211129T032607_0000.jpg,S2B_MSIL2A_20211128T063219_R077_T40QGK_20211129T032607,2021-11-28 06:32:19.024000+00:00,2021-11,0.0374,0.111092,0.0808849,3.1101191479598014,-1.0352840318974035,0,1
S2B_MSIL2A_20211128T063219_R077_T40QGK_20211129T032607_0001.jpg,S2B_MSIL2A_20211128T063219_R077_T40QGK_20211129T032607,2021-11-28 06:32:19.024000+00:00,2021-11,0.0374,0.111092,0.0808849,3.1101191479598014,-1.0352840318974035,0,1
S2A_MSIL2A_20211213T063251_R077_T40QGK_20211213T211840_0000.jpg,S2A_MSIL2A_20211213T063251_R077_T40QGK_20211213T211840,2021-12-13 06:32:51.024000+00:00,2021-12,0.0478,0.141053,0.37813,4.971940527794888,0.0,0,1
S2A_MSIL2A_20211213T063251_R077_T40QGK_20211213T211840_0001.jpg,S2A_MSIL2A_20211213T063251_R077_T40QGK_20211213T211840,2021-12-13 06:32:51.024000+00:00,2021-12,0.0478,0.141053,0.37813,4.971940527794888,0.0,0,1
S2A_MSIL2A_20211223T063301_R077_T40QGK_20230128T110121_0000.jpg,S2A_MSIL2A_20211223T063301_R077_T40QGK_20230128T110121,2021-12-23 06:33:01.024000+00:00,2021-12,0.05256,0.226059,0.101472,-0.6744907457106253,4.454646763689634,0,1
S2A_MSIL2A_20211223T063301_R077_T40QGK_20230128T110121_0001.jpg,S2A_MSIL2A_20211223T063301_R077_T40QGK_20230128T110121,2021-12-23 06:33:01.024000+00:00,2021-12,0.05256,0.226059,0.101472,-0.6744907457106253,4.454646763689634,0,1
S2B_MSIL2A_20211228T063249_R077_T40QGK_20211228T131817_0000.jpg,S2B_MSIL2A_20211228T063249_R077_T40QGK_20211228T131817,2021-12-28 06:32:49.024000+00:00,2021-12,0.0576,0.222619,0.150415,0.32440784323016175,4.274377313685018,0,1
S2B_MSIL2A_20211228T063249_R077_T40QGK_20211228T131817_0001.jpg,S2B_MSIL2A_20211228T063249_R077_T40QGK_20211228T131817,2021-12-28 06:32:49.024000+00:00,2021-12,0.0576,0.222619,0.150415,0.32440784323016175,4.274377313685018,0,1
S2A_MSIL2A_20220112T063231_R077_T40QGK_20220113T012748_0000.jpg,S2A_MSIL2A_20220112T063231_R077_T40QGK_20220113T012748,2022-01-12 06:32:31.024000+00:00,2022-01,0.0624,0.226386,0.24893,1.6739864198689671,-0.7898628270107486,0,1
S2A_MSIL2A_20220112T063231_R077_T40QGK_20220113T012748_0001.jpg,S2A_MSIL2A_20220112T063231_R077_T40QGK_20220113T012748,2022-01-12 06:32:31.024000+00:00,2022-01,0.0624,0.226386,0.24893,1.6739864198689671,-0.7898628270107486,0,1
S2B_MSIL2A_20220117T063209_R077_T40QGK_20220117T195206_0000.jpg,S2B_MSIL2A_20220117T063209_R077_T40QGK_20220117T195206,2022-01-17 06:32:09.024000+00:00,2022-01,0.0722,0.471973,0.2287,1.2721621456089425,2.5476578986665257,0,1
S2B_MSIL2A_20220117T063209_R077_T40QGK_20220117T195206_0001.jpg,S2B_MSIL2A_20220117T063209_R077_T40QGK_20220117T195206,2022-01-17 06:32:09.024000+00:00,2022-01,0.0722,0.471973,0.2287,1.2721621456089425,2.5476578986665257,0,1
S2B_MSIL2A_20220216T062929_R077_T40QGK_20220224T003621_0000.jpg,S2B_MSIL2A_20220216T062929_R077_T40QGK_20220224T003621,2022-02-16 06:29:29.024000+00:00,2022-02,0.066,0.381874,0.14506,-0.6380942999837316,13.635932823596546,0,1
S2B_MSIL2A_20220216T062929_R077_T40QGK_20220224T003621_0001.jpg,S2B_MSIL2A_20220216T062929_R077_T40QGK_20220224T003621,2022-02-16 06:29:29.024000+00:00,2022-02,0.066,0.381874,0.14506,-0.6380942999837316,13.635932823596546,0,1
S2A_MSIL2A_20220303T062751_R077_T40QGK_20220304T140237_0000.jpg,S2A_MSIL2A_20220303T062751_R077_T40QGK_20220304T140237,2022-03-03 06:27:51.024000+00:00,2022-03,0.0518,0.243014,0.154219,10.462341495252701,3.5993554331102198,0,1
S2A_MSIL2A_20220303T062751_R077_T40QGK_20220304T140237_0001.jpg,S2A_MSIL2A_20220303T062751_R077_T40QGK_20220304T140237,2022-03-03 06:27:51.024000+00:00,2022-03,0.0518,0.243014,0.154219,10.462341495252701,3.5993554331102198,0,1
S2A_MSIL2A_20220313T062641_R077_T40QGK_20240525T152622_0000.jpg,S2A_MSIL2A_20220313T062641_R077_T40QGK_20240525T152622,2022-03-13 06:26:41.024000+00:00,2022-03,0.0446,0.17881,0.0883651,4.490194537627446,1.526651497657404,0,1
S2A_MSIL2A_20220313T062641_R077_T40QGK_20240525T152622_0001.jpg,S2A_MSIL2A_20220313T062641_R077_T40QGK_20240525T152622,2022-03-13 06:26:41.024000+00:00,2022-03,0.0446,0.17881,0.0883651,4.490194537627446,1.526651497657404,0,1
S2B_MSIL2A_20220417T062629_R077_T40QGK_20220417T140325_0000.jpg,S2B_MSIL2A_20220417T062629_R077_T40QGK_20220417T140325,2022-04-17 06:26:29.024000+00:00,2022-04,0.0288,0.0897456,0.0882588,88258800.0,89745599.99999999,0,1
S2B_MSIL2A_20220417T062629_R077_T40QGK_20220417T140325_0001.jpg,S2B_MSIL2A_20220417T062629_R077_T40QGK_20220417T140325,2022-04-17 06:26:29.024000+00:00,2022-04,0.0288,0.0897456,0.0882588,88258800.0,89745599.99999999,0,1
S2B_MSIL2A_20220427T062619_R077_T40QGK_20220428T030245_0000.jpg,S2B_MSIL2A_20220427T062619_R077_T40QGK_20220428T030245,2022-04-27 06:26:19.024000+00:00,2022-04,0.0268,0.0611158,0.0364301,36430100.0,61115799.99999999,0,1
S2B_MSIL2A_20220427T062619_R077_T40QGK_20220428T030245_0001.jpg,S2B_MSIL2A_20220427T062619_R077_T40QGK_20220428T030245,2022-04-27 06:26:19.024000+00:00,2022-04,0.0268,0.0611158,0.0364301,36430100.0,61115799.99999999,0,1
S2B_MSIL2A_20220527T062629_R077_T40QGK_20220528T051022_0000.jpg,S2B_MSIL2A_20220527T062629_R077_T40QGK_20220528T051022,2022-05-27 06:26:29.024000+00:00,2022-05,0.027,0.101955,0.26083,1.963738061060958,0.22898360321034641,0,1
S2B_MSIL2A_20220527T062629_R077_T40QGK_20220528T051022_0001.jpg,S2B_MSIL2A_20220527T062629_R077_T40QGK_20220528T051022,2022-05-27 06:26:29.024000+00:00,2022-05,0.027,0.101955,0.26083,1.963738061060958,0.22898360321034641,0,1
S2A_MSIL2A_20220601T062641_R077_T40QGK_20220602T051804_0000.jpg,S2A_MSIL2A_20220601T062641_R077_T40QGK_20220602T051804,2022-06-01 06:26:41.024000+00:00,2022-06,0.027,0.101955,0.26083,2.6703894496572267,-5.223493224222912,0,1
S2A_MSIL2A_20220601T062641_R077_T40QGK_20220602T051804_0001.jpg,S2A_MSIL2A_20220601T062641_R077_T40QGK_20220602T051804,2022-06-01 06:26:41.024000+00:00,2022-06,0.027,0.101955,0.26083,2.6703894496572267,-5.223493224222912,0,1
S2A_MSIL2A_20220701T062641_R077_T40QGK_20220701T200951_0000.jpg,S2A_MSIL2A_20220701T062641_R077_T40QGK_20220701T200951,2022-07-01 06:26:41.024000+00:00,2022-07,0.0582,0.229113,0.218755,0.7675405839210764,-0.8593805322442731,0,1
S2A_MSIL2A_20220701T062641_R077_T40QGK_20220701T200951_0001.jpg,S2A_MSIL2A_20220701T062641_R077_T40QGK_20220701T200951,2022-07-01 06:26:41.024000+00:00,2022-07,0.0582,0.229113,0.218755,0.7675405839210764,-0.8593805322442731,0,1
S2A_MSIL2A_20220919T062641_R077_T40QGK_20220919T211446_0000.jpg,S2A_MSIL2A_20220919T062641_R077_T40QGK_20220919T211446,2022-09-19 06:26:41.024000+00:00,2022-09,0.0714,0.505986,0.198185,2.594662558576053,0.6744907519774148,0,1
S2A_MSIL2A_20220919T062641_R077_T40QGK_20220919T211446_0001.jpg,S2A_MSIL2A_20220919T062641_R077_T40QGK_20220919T211446,2022-09-19 06:26:41.024000+00:00,2022-09,0.0714,0.505986,0.198185,2.594662558576053,0.6744907519774148,0,1
S2B_MSIL2A_20221113T063119_R077_T40QGK_20221114T010655_0000.jpg,S2B_MSIL2A_20221113T063119_R077_T40QGK_20221114T010655,2022-11-13 06:31:19.024000+00:00,2022-11,0.0404,0.141924,0.139195,1.282826599145491,-0.7743368448021187,0,1
S2B_MSIL2A_20221113T063119_R077_T40QGK_20221114T010655_0001.jpg,S2B_MSIL2A_20221113T063119_R077_T40QGK_20221114T010655,2022-11-13 06:31:19.024000+00:00,2022-11,0.0404,0.141924,0.139195,1.282826599145491,-0.7743368448021187,0,1
S2A_MSIL2A_20221218T063301_R077_T40QGK_20221218T233324_0000.jpg,S2A_MSIL2A_20221218T063301_R077_T40QGK_20221218T233324,2022-12-18 06:33:01.024000+00:00,2022-12,0.043,0.15973,0.143339,2.9556945227047864,-0.17644921138514727,0,1
S2A_MSIL2A_20221218T063301_R077_T40QGK_20221218T233324_0001.jpg,S2A_MSIL2A_20221218T063301_R077_T40QGK_20221218T233324,2022-12-18 06:33:01.024000+00:00,2022-12,0.043,0.15973,0.143339,2.9556945227047864,-0.17644921138514727,0,1
S2A_MSIL2A_20221228T063301_R077_T40QGK_20221229T163021_0000.jpg,S2A_MSIL2A_20221228T063301_R077_T40QGK_20221229T163021,2022-12-28 06:33:01.024000+00:00,2022-12,0.0414,0.190865,0.135115,2.617567246560674,0.9936777740198764,0,1
S2A_MSIL2A_20221228T063301_R077_T40QGK_20221229T163021_0001.jpg,S2A_MSIL2A_20221228T063301_R077_T40QGK_20221229T163021,2022-12-28 06:33:01.024000+00:00,2022-12,0.0414,0.190865,0.135115,2.617567246560674,0.9936777740198764,0,1
S2B_MSIL2A_20230122T063149_R077_T40QGK_20240812T194001_0000.jpg,S2B_MSIL2A_20230122T063149_R077_T40QGK_20240812T194001,2023-01-22 06:31:49.024000+00:00,2023-01,0.0736,0.517141,0.231562,0.6744907554664602,8.85347032550616,0,1
S2B_MSIL2A_20230122T063149_R077_T40QGK_20240812T194001_0001.jpg,S2B_MSIL2A_20230122T063149_R077_T40QGK_20240812T194001,2023-01-22 06:31:49.024000+00:00,2023-01,0.0736,0.517141,0.231562,0.6744907554664602,8.85347032550616,0,1
S2A_MSIL2A_20230206T063041_R077_T40QGK_20230206T214153_0000.jpg,S2A_MSIL2A_20230206T063041_R077_T40QGK_20230206T214153,2023-02-06 06:30:41.024000+00:00,2023-02,0.0652,0.356751,0.170305,0.5781623114102953,0.9835613896169128,0,1
S2A_MSIL2A_20230206T063041_R077_T40QGK_20230206T214153_0001.jpg,S2A_MSIL2A_20230206T063041_R077_T40QGK_20230206T214153,2023-02-06 06:30:41.024000+00:00,2023-02,0.0652,0.356751,0.170305,0.5781623114102953,0.9835613896169128,0,1
S2A_MSIL2A_20230507T062631_R077_T40QGK_20230507T131802_0000.jpg,S2A_MSIL2A_20230507T062631_R077_T40QGK_20230507T131802,2023-05-07 06:26:31.024000+00:00,2023-05,0.02936,0.0997119,0.079185,1.473987763229748,0.26714281558984493,0,1
S2A_MSIL2A_20230507T062631_R077_T40QGK_20230507T131802_0001.jpg,S2A_MSIL2A_20230507T062631_R077_T40QGK_20230507T131802,2023-05-07 06:26:31.024000+00:00,2023-05,0.02936,0.0997119,0.079185,1.473987763229748,0.26714281558984493,0,1
S2B_MSIL2A_20230512T062629_R077_T40QGK_20230512T112650_0000.jpg,S2B_MSIL2A_20230512T062629_R077_T40QGK_20230512T112650,2023-05-12 06:26:29.024000+00:00,2023-05,0.0244,0.0735861,0.079185,1.473987763229748,-1.516800075174452,0,1
S2B_MSIL2A_20230512T062629_R077_T40QGK_20230512T112650_0001.jpg,S2B_MSIL2A_20230512T062629_R077_T40QGK_20230512T112650,2023-05-12 06:26:29.024000+00:00,2023-05,0.0244,0.0735861,0.079185,1.473987763229748,-1.516800075174452,0,1
S2A_MSIL2A_20230626T062631_R077_T40QGK_20240927T163834_0000.jpg,S2A_MSIL2A_20230626T062631_R077_T40QGK_20240927T163834,2023-06-26 06:26:31.024000+00:00,2023-06,0.05525,0.265875,0.0,-0.6744907357511508,1.8327203791352842,0,1
S2A_MSIL2A_20230626T062631_R077_T40QGK_20240927T163834_0001.jpg,S2A_MSIL2A_20230626T062631_R077_T40QGK_20240927T163834,2023-06-26 06:26:31.024000+00:00,2023-06,0.05525,0.265875,0.0,-0.6744907357511508,1.8327203791352842,0,1
S2B_MSIL2A_20230721T062639_R077_T40QGK_20240817T205411_0000.jpg,S2B_MSIL2A_20230721T062639_R077_T40QGK_20240817T205411,2023-07-21 06:26:39.024000+00:00,2023-07,0.1032,1.03724,0.196995,0.6667601962526691,29.857281609860223,0,1
S2B_MSIL2A_20230721T062639_R077_T40QGK_20240817T205411_0001.jpg,S2B_MSIL2A_20230721T062639_R077_T40QGK_20240817T205411,2023-07-21 06:26:39.024000+00:00,2023-07,0.1032,1.03724,0.196995,0.6667601962526691,29.857281609860223,0,1
S2B_MSIL2A_20230820T062629_R077_T40QGK_20230820T133537_0000.jpg,S2B_MSIL2A_20230820T062629_R077_T40QGK_20230820T133537,2023-08-20 06:26:29.024000+00:00,2023-08,0.0701,0.475934,0.172812,-1.0323710506427675,2.142838204667561,0,1
S2B_MSIL2A_20230820T062629_R077_T40QGK_20230820T133537_0001.jpg,S2B_MSIL2A_20230820T062629_R077_T40QGK_20230820T133537,2023-08-20 06:26:29.024000+00:00,2023-08,0.0701,0.475934,0.172812,-1.0323710506427675,2.142838204667561,0,1
S2A_MSIL2A_20230904T062631_R077_T40QGK_20230904T124318_0000.jpg,S2A_MSIL2A_20230904T062631_R077_T40QGK_20230904T124318,2023-09-04 06:26:31.024000+00:00,2023-09,0.0594,0.39892,0.18314,1.4634040170344624,5.011350497926261,0,1
S2A_MSIL2A_20230904T062631_R077_T40QGK_20230904T124318_0001.jpg,S2A_MSIL2A_20230904T062631_R077_T40QGK_20230904T124318,2023-09-04 06:26:31.024000+00:00,2023-09,0.0594,0.39892,0.18314,1.4634040170344624,5.011350497926261,0,1
S2B_MSIL2A_20231009T062749_R077_T40QGK_20231009T102946_0000.jpg,S2B_MSIL2A_20231009T062749_R077_T40QGK_20231009T102946,2023-10-09 06:27:49.024000+00:00,2023-10,0.0466,0.177716,0.10868,2.340611562079526,0.05412554265661193,0,1
S2B_MSIL2A_20231009T062749_R077_T40QGK_20231009T102946_0001.jpg,S2B_MSIL2A_20231009T062749_R077_T40QGK_20231009T102946,2023-10-09 06:27:49.024000+00:00,2023-10,0.0466,0.177716,0.10868,2.340611562079526,0.05412554265661193,0,1
S2A_MSIL2A_20231123T063201_R077_T40QGK_20231123T103447_0000.jpg,S2A_MSIL2A_20231123T063201_R077_T40QGK_20231123T103447,2023-11-23 06:32:01.024000+00:00,2023-11,0.035,0.0523498,0.230723,4.601205504208363,-2.451015793556381,0,1
S2A_MSIL2A_20231123T063201_R077_T40QGK_20231123T103447_0001.jpg,S2A_MSIL2A_20231123T063201_R077_T40QGK_20231123T103447,2023-11-23 06:32:01.024000+00:00,2023-11,0.035,0.0523498,0.230723,4.601205504208363,-2.451015793556381,0,1
S2A_MSIL2A_20231213T063251_R077_T40QGK_20231213T114908_0000.jpg,S2A_MSIL2A_20231213T063251_R077_T40QGK_20231213T114908,2023-12-13 06:32:51.024000+00:00,2023-12,0.036,0.103209,0.164015,7.726591558440428,-0.9683838786478257,0,1
S2A_MSIL2A_20231213T063251_R077_T40QGK_20231213T114908_0001.jpg,S2A_MSIL2A_20231213T063251_R077_T40QGK_20231213T114908,2023-12-13 06:32:51.024000+00:00,2023-12,0.036,0.103209,0.164015,7.726591558440428,-0.9683838786478257,0,1
S2B_MSIL2A_20231228T063259_R077_T40QGK_20231228T092024_0000.jpg,S2B_MSIL2A_20231228T063259_R077_T40QGK_20231228T092024,2023-12-28 06:32:59.024000+00:00,2023-12,0.033,0.0865826,0.1267,4.794894329265539,-1.4784981808355204,0,1
S2B_MSIL2A_20231228T063259_R077_T40QGK_20231228T092024_0001.jpg,S2B_MSIL2A_20231228T063259_R077_T40QGK_20231228T092024,2023-12-28 06:32:59.024000+00:00,2023-12,0.033,0.0865826,0.1267,4.794894329265539,-1.4784981808355204,0,1
S2A_MSIL2A_20240201T063101_R077_T40QGK_20240201T112116_0000.jpg,S2A_MSIL2A_20240201T063101_R077_T40QGK_20240201T112116,2024-02-01 06:31:01.024000+00:00,2024-02,0.0355333,0.139285,0.042465,-0.9442870149247006,3.7296279306952713,0,1
S2A_MSIL2A_20240201T063101_R077_T40QGK_20240201T112116_0001.jpg,S2A_MSIL2A_20240201T063101_R077_T40QGK_20240201T112116,2024-02-01 06:31:01.024000+00:00,2024-02,0.0355333,0.139285,0.042465,-0.9442870149247006,3.7296279306952713,0,1
S2A_MSIL2A_20240221T062901_R077_T40QGK_20240221T102237_0000.jpg,S2A_MSIL2A_20240221T062901_R077_T40QGK_20240221T102237,2024-02-21 06:29:01.024000+00:00,2024-02,0.0364,0.129114,0.165545,5.356761821992197,2.6497165894733747,0,1
S2A_MSIL2A_20240221T062901_R077_T40QGK_20240221T102237_0001.jpg,S2A_MSIL2A_20240221T062901_R077_T40QGK_20240221T102237,2024-02-21 06:29:01.024000+00:00,2024-02,0.0364,0.129114,0.165545,5.356761821992197,2.6497165894733747,0,1
S2A_MSIL2A_20240302T062801_R077_T40QGK_20240302T111946_0000.jpg,S2A_MSIL2A_20240302T062801_R077_T40QGK_20240302T111946,2024-03-02 06:28:01.024000+00:00,2024-03,0.0308,0.0937978,0.025295,-1.3333470696669063,4.611655310480602,0,1
S2A_MSIL2A_20240302T062801_R077_T40QGK_20240302T111946_0001.jpg,S2A_MSIL2A_20240302T062801_R077_T40QGK_20240302T111946,2024-03-02 06:28:01.024000+00:00,2024-03,0.0308,0.0937978,0.025295,-1.3333470696669063,4.611655310480602,0,1
S2A_MSIL2A_20240531T062631_R077_T40QGK_20240531T120203_0000.jpg,S2A_MSIL2A_20240531T062631_R077_T40QGK_20240531T120203,2024-05-31 06:26:31.024000+00:00,2024-05,0.086,0.753383,0.0,-0.6744907441225855,31.52545125439144,0,1
S2A_MSIL2A_20240531T062631_R077_T40QGK_20240531T120203_0001.jpg,S2A_MSIL2A_20240531T062631_R077_T40QGK_20240531T120203,2024-05-31 06:26:31.024000+00:00,2024-05,0.086,0.753383,0.0,-0.6744907441225855,31.52545125439144,0,1
S2B_MSIL2A_20240814T062629_R077_T40QGK_20240814T093442_0000.jpg,S2B_MSIL2A_20240814T062629_R077_T40QGK_20240814T093442,2024-08-14 06:26:29.024000+00:00,2024-08,0.0708,0.529127,0.18824,-0.37652374574041375,1.1245700995591332,0,1
S2B_MSIL2A_20240814T062629_R077_T40QGK_20240814T093442_0001.jpg,S2B_MSIL2A_20240814T062629_R077_T40QGK_20240814T093442,2024-08-14 06:26:29.024000+00:00,2024-08,0.0708,0.529127,0.18824,-0.37652374574041375,1.1245700995591332,0,1
S2B_MSIL2A_20240824T062629_R077_T40QGK_20240824T100609_0000.jpg,S2B_MSIL2A_20240824T062629_R077_T40QGK_20240824T100609,2024-08-24 06:26:29.024000+00:00,2024-08,0.0782,0.51481,0.34753,1.2008496193015479,0.0,0,1
S2B_MSIL2A_20240824T062629_R077_T40QGK_20240824T100609_0001.jpg,S2B_MSIL2A_20240824T062629_R077_T40QGK_20240824T100609,2024-08-24 06:26:29.024000+00:00,2024-08,0.0782,0.51481,0.34753,1.2008496193015479,0.0,0,1
S2A_MSIL2A_20240908T062631_R077_T40QGK_20240908T111753_0000.jpg,S2A_MSIL2A_20240908T062631_R077_T40QGK_20240908T111753,2024-09-08 06:26:31.024000+00:00,2024-09,0.0711333,0.540448,0.206685,1.2488387644680912,4.481517677407283,0,1
S2A_MSIL2A_20240908T062631_R077_T40QGK_20240908T111753_0001.jpg,S2A_MSIL2A_20240908T062631_R077_T40QGK_20240908T111753,2024-09-08 06:26:31.024000+00:00,2024-09,0.0711333,0.540448,0.206685,1.2488387644680912,4.481517677407283,0,1
S2A_MSIL2A_20241127T063221_R077_T40QGK_20241127T094651_0000.jpg,S2A_MSIL2A_20241127T063221_R077_T40QGK_20241127T094651,2024-11-27 06:32:21.024000+00:00,2024-11,0.0492,0.194589,0.15662,1.5082777866030876,0.7904264517314212,0,1
S2A_MSIL2A_20241127T063221_R077_T40QGK_20241127T094651_0001.jpg,S2A_MSIL2A_20241127T063221_R077_T40QGK_20241127T094651,2024-11-27 06:32:21.024000+00:00,2024-11,0.0492,0.194589,0.15662,1.5082777866030876,0.7904264517314212,0,1
S2A_MSIL2A_20170111T064231_R120_T40QFM_20210530T050932_0000.jpg,S2A_MSIL2A_20170111T064231_R120_T40QFM_20210530T050932,2017-01-11 06:42:31.026000+00:00,2017-01,0.0762,0.518257,0.267205,2.5897113499663518,0.8185446022196637,0,1
S2A_MSIL2A_20170111T064231_R120_T40QFM_20210530T050932_0001.jpg,S2A_MSIL2A_20170111T064231_R120_T40QFM_20210530T050932,2017-01-11 06:42:31.026000+00:00,2017-01,0.0762,0.518257,0.267205,2.5897113499663518,0.8185446022196637,0,1
S2A_MSIL2A_20170210T064011_R120_T40QFM_20210208T095409_0000.jpg,S2A_MSIL2A_20170210T064011_R120_T40QFM_20210208T095409,2017-02-10 06:40:11.026000+00:00,2017-02,0.05,0.225767,0.0887051,1.6475076289017292,8.517537727035801,0,1
S2A_MSIL2A_20170210T064011_R120_T40QFM_20210208T095409_0001.jpg,S2A_MSIL2A_20170210T064011_R120_T40QFM_20210208T095409,2017-02-10 06:40:11.026000+00:00,2017-02,0.05,0.225767,0.0887051,1.6475076289017292,8.517537727035801,0,1
S2A_MSIL2A_20170302T064011_R120_T40QFM_20210208T184836_0000.jpg,S2A_MSIL2A_20170302T064011_R120_T40QFM_20210208T184836,2017-03-02 06:40:11.026000+00:00,2017-03,0.0436,0.184706,0.0567451,0.6744905317230878,0.6744907391319059,0,1
S2A_MSIL2A_20170302T064011_R120_T40QFM_20210208T184836_0001.jpg,S2A_MSIL2A_20170302T064011_R120_T40QFM_20210208T184836,2017-03-02 06:40:11.026000+00:00,2017-03,0.0436,0.184706,0.0567451,0.6744905317230878,0.6744907391319059,0,1
S2A_MSIL2A_20170401T063621_R120_T40QFM_20210209T033740_0000.jpg,S2A_MSIL2A_20170401T063621_R120_T40QFM_20210209T033740,2017-04-01 06:36:21.026000+00:00,2017-04,0.0394,0.158089,0.0324349,-0.9206590812501374,5.919427744196989,0,1
S2A_MSIL2A_20170401T063621_R120_T40QFM_20210209T033740_0001.jpg,S2A_MSIL2A_20170401T063621_R120_T40QFM_20210209T033740,2017-04-01 06:36:21.026000+00:00,2017-04,0.0394,0.158089,0.0324349,-0.9206590812501374,5.919427744196989,0,1
S2A_MSIL2A_20170620T063631_R120_T40QFM_20210210T001918_0000.jpg,S2A_MSIL2A_20170620T063631_R120_T40QFM_20210210T001918,2017-06-20 06:36:31.026000+00:00,2017-06,0.069,0.395625,0.17413,0.6744907299063797,3.0033633570621476,0,1
S2A_MSIL2A_20170620T063631_R120_T40QFM_20210210T001918_0001.jpg,S2A_MSIL2A_20170620T063631_R120_T40QFM_20210210T001918,2017-06-20 06:36:31.026000+00:00,2017-06,0.069,0.395625,0.17413,0.6744907299063797,3.0033633570621476,0,1
S2B_MSIL2A_20170705T064019_R120_T40QFM_20210210T050526_0000.jpg,S2B_MSIL2A_20170705T064019_R120_T40QFM_20210210T050526,2017-07-05 06:40:19.027000+00:00,2017-07,0.0684,0.50351,0.197165,0.6744907543335246,0.5765445012614063,0,1
S2B_MSIL2A_20170705T064019_R120_T40QFM_20210210T050526_0001.jpg,S2B_MSIL2A_20170705T064019_R120_T40QFM_20210210T050526,2017-07-05 06:40:19.027000+00:00,2017-07,0.0684,0.50351,0.197165,0.6744907543335246,0.5765445012614063,0,1
S2A_MSIL2A_20170710T063631_R120_T40QFM_20210210T065515_0000.jpg,S2A_MSIL2A_20170710T063631_R120_T40QFM_20210210T065515,2017-07-10 06:36:31.026000+00:00,2017-07,0.0684,0.50351,0.197165,0.6744907543335246,0.5765445012614063,0,1
S2A_MSIL2A_20170710T063631_R120_T40QFM_20210210T065515_0001.jpg,S2A_MSIL2A_20170710T063631_R120_T40QFM_20210210T065515,2017-07-10 06:36:31.026000+00:00,2017-07,0.0684,0.50351,0.197165,0.6744907543335246,0.5765445012614063,0,1
S2B_MSIL2A_20170923T063609_R120_T40QFM_20210202T084124_0000.jpg,S2B_MSIL2A_20170923T063609_R120_T40QFM_20210202T084124,2017-09-23 06:36:09.027000+00:00,2017-09,0.0722,0.480048,0.20643,1.667252012602399,0.9196099376708565,0,1
S2B_MSIL2A_20170923T063609_R120_T40QFM_20210202T084124_0001.jpg,S2B_MSIL2A_20170923T063609_R120_T40QFM_20210202T084124,2017-09-23 06:36:09.027000+00:00,2017-09,0.0722,0.480048,0.20643,1.667252012602399,0.9196099376708565,0,1
S2A_MSIL2A_20170928T063631_R120_T40QFM_20210202T110028_0000.jpg,S2A_MSIL2A_20170928T063631_R120_T40QFM_20210202T110028,2017-09-28 06:36:31.026000+00:00,2017-09,0.0722,0.480048,0.20643,1.667252012602399,0.9196099376708565,0,1
S2A_MSIL2A_20170928T063631_R120_T40QFM_20210202T110028_0001.jpg,S2A_MSIL2A_20170928T063631_R120_T40QFM_20210202T110028,2017-09-28 06:36:31.026000+00:00,2017-09,0.0722,0.480048,0.20643,1.667252012602399,0.9196099376708565,0,1
S2B_MSIL2A_20171222T064249_R120_T40QFM_20201119T192855_0000.jpg,S2B_MSIL2A_20171222T064249_R120_T40QFM_20201119T192855,2017-12-22 06:42:49.027000+00:00,2017-12,0.0804,0.511154,0.22547,0.6749556564787345,2.5323887156807756,0,1
S2B_MSIL2A_20171222T064249_R120_T40QFM_20201119T192855_0001.jpg,S2B_MSIL2A_20171222T064249_R120_T40QFM_20201119T192855,2017-12-22 06:42:49.027000+00:00,2017-12,0.0804,0.511154,0.22547,0.6749556564787345,2.5323887156807756,0,1
S2A_MSIL2A_20180516T063631_R120_T40QFM_20201012T102832_0000.jpg,S2A_MSIL2A_20180516T063631_R120_T40QFM_20201012T102832,2018-05-16 06:36:31.024000+00:00,2018-05,0.0302,0.108749,0.06499,0.5089924816138525,1.0764571113594614,0,1
S2A_MSIL2A_20180516T063631_R120_T40QFM_20201012T102832_0001.jpg,S2A_MSIL2A_20180516T063631_R120_T40QFM_20201012T102832,2018-05-16 06:36:31.024000+00:00,2018-05,0.0302,0.108749,0.06499,0.5089924816138525,1.0764571113594614,0,1
S2B_MSIL2A_20180531T063619_R120_T40QFM_20201012T162134_0000.jpg,S2B_MSIL2A_20180531T063619_R120_T40QFM_20201012T162134,2018-05-31 06:36:19.024000+00:00,2018-05,0.0339,0.0954135,0.12942,1.6822779783377688,0.4415540906236733,0,1
S2B_MSIL2A_20180531T063619_R120_T40QFM_20201012T162134_0001.jpg,S2B_MSIL2A_20180531T063619_R120_T40QFM_20201012T162134,2018-05-31 06:36:19.024000+00:00,2018-05,0.0339,0.0954135,0.12942,1.6822779783377688,0.4415540906236733,0,1
S2A_MSIL2A_20180605T063631_R120_T40QFM_20201026T160308_0000.jpg,S2A_MSIL2A_20180605T063631_R120_T40QFM_20201026T160308,2018-06-05 06:36:31.024000+00:00,2018-06,0.0938,0.862704,0.15135,0.0,2.4069161396280014,0,1
S2A_MSIL2A_20180605T063631_R120_T40QFM_20201026T160308_0001.jpg,S2A_MSIL2A_20180605T063631_R120_T40QFM_20201026T160308,2018-06-05 06:36:31.024000+00:00,2018-06,0.0938,0.862704,0.15135,0.0,2.4069161396280014,0,1
S2B_MSIL2A_20180620T063629_R120_T40QFM_20201012T002457_0000.jpg,S2B_MSIL2A_20180620T063629_R120_T40QFM_20201012T002457,2018-06-20 06:36:29.024000+00:00,2018-06,0.08352,0.616194,0.254795,1.6427927930403043,0.391806448078964,0,1
S2B_MSIL2A_20180620T063629_R120_T40QFM_20201012T002457_0001.jpg,S2B_MSIL2A_20180620T063629_R120_T40QFM_20201012T002457,2018-06-20 06:36:29.024000+00:00,2018-06,0.08352,0.616194,0.254795,1.6427927930403043,0.391806448078964,0,1
S2A_MSIL2A_20180705T063631_R120_T40QFM_20201011T120750_0000.jpg,S2A_MSIL2A_20180705T063631_R120_T40QFM_20201011T120750,2018-07-05 06:36:31.024000+00:00,2018-07,0.0963778,0.923724,0.35841,0.18615272217857062,2.275294895734568,0,1
S2A_MSIL2A_20180705T063631_R120_T40QFM_20201011T120750_0001.jpg,S2A_MSIL2A_20180705T063631_R120_T40QFM_20201011T120750,2018-07-05 06:36:31.024000+00:00,2018-07,0.0963778,0.923724,0.35841,0.18615272217857062,2.275294895734568,0,1
S2A_MSIL2A_20181212T064251_R120_T40QFM_20201008T092507_0000.jpg,S2A_MSIL2A_20181212T064251_R120_T40QFM_20201008T092507,2018-12-12 06:42:51.024000+00:00,2018-12,0.0648,0.336886,0.25828,1.4663392419315087,0.0,0,1
S2A_MSIL2A_20181212T064251_R120_T40QFM_20201008T092507_0001.jpg,S2A_MSIL2A_20181212T064251_R120_T40QFM_20201008T092507,2018-12-12 06:42:51.024000+00:00,2018-12,0.0648,0.336886,0.25828,1.4663392419315087,0.0,0,1
S2B_MSIL2A_20181217T064259_R120_T40QFM_20201008T105525_0000.jpg,S2B_MSIL2A_20181217T064259_R120_T40QFM_20201008T105525,2018-12-17 06:42:59.024000+00:00,2018-12,0.0648,0.336886,0.25828,1.4663392419315087,0.0,0,1
S2B_MSIL2A_20181217T064259_R120_T40QFM_20201008T105525_0001.jpg,S2B_MSIL2A_20181217T064259_R120_T40QFM_20201008T105525,2018-12-17 06:42:59.024000+00:00,2018-12,0.0648,0.336886,0.25828,1.4663392419315087,0.0,0,1
S2B_MSIL2A_20190215T063949_R120_T40QFM_20201030T013007_0000.jpg,S2B_MSIL2A_20190215T063949_R120_T40QFM_20201030T013007,2019-02-15 06:39:49.024000+00:00,2019-02,0.0614,0.34917,0.202647,0.7415713461036815,0.6744907499054057,0,1
S2B_MSIL2A_20190215T063949_R120_T40QFM_20201030T013007_0001.jpg,S2B_MSIL2A_20190215T063949_R120_T40QFM_20201030T013007,2019-02-15 06:39:49.024000+00:00,2019-02,0.0614,0.34917,0.202647,0.7415713461036815,0.6744907499054057,0,1
S2B_MSIL2A_20190317T063629_R120_T40QFM_20201007T074128_0000.jpg,S2B_MSIL2A_20190317T063629_R120_T40QFM_20201007T074128,2019-03-17 06:36:29.024000+00:00,2019-03,0.0396,0.117226,0.151605,7.264179442202206,-1.408735569879201,0,1
S2B_MSIL2A_20190317T063629_R120_T40QFM_20201007T074128_0001.jpg,S2B_MSIL2A_20190317T063629_R120_T40QFM_20201007T074128,2019-03-17 06:36:29.024000+00:00,2019-03,0.0396,0.117226,0.151605,7.264179442202206,-1.408735569879201,0,1
S2A_MSIL2A_20190401T063631_R120_T40QFM_20201006T205110_0000.jpg,S2A_MSIL2A_20190401T063631_R120_T40QFM_20201006T205110,2019-04-01 06:36:31.024000+00:00,2019-04,0.0328,0.113393,0.0604851,7.226707742199946,0.4571511455601318,0,1
S2A_MSIL2A_20190401T063631_R120_T40QFM_20201006T205110_0001.jpg,S2A_MSIL2A_20190401T063631_R120_T40QFM_20201006T205110,2019-04-01 06:36:31.024000+00:00,2019-04,0.0328,0.113393,0.0604851,7.226707742199946,0.4571511455601318,0,1
S2A_MSIL2A_20190531T063631_R120_T40QFM_20201006T202737_0000.jpg,S2A_MSIL2A_20190531T063631_R120_T40QFM_20201006T202737,2019-05-31 06:36:31.024000+00:00,2019-05,0.0296,0.0824616,0.028015,-0.8663069229516271,3.742262189249161,0,1
S2A_MSIL2A_20190531T063631_R120_T40QFM_20201006T202737_0001.jpg,S2A_MSIL2A_20190531T063631_R120_T40QFM_20201006T202737,2019-05-31 06:36:31.024000+00:00,2019-05,0.0296,0.0824616,0.028015,-0.8663069229516271,3.742262189249161,0,1
S2A_MSIL2A_20190610T063631_R120_T40QFM_20201006T002059_0000.jpg,S2A_MSIL2A_20190610T063631_R120_T40QFM_20201006T002059,2019-06-10 06:36:31.024000+00:00,2019-06,0.078,0.634089,0.0861763,-0.7047023134735254,2.1958039793859583,0,1
S2A_MSIL2A_20190610T063631_R120_T40QFM_20201006T002059_0001.jpg,S2A_MSIL2A_20190610T063631_R120_T40QFM_20201006T002059,2019-06-10 06:36:31.024000+00:00,2019-06,0.078,0.634089,0.0861763,-0.7047023134735254,2.1958039793859583,0,1
S2A_MSIL2A_20190620T063631_R120_T40QFM_20201006T042636_0000.jpg,S2A_MSIL2A_20190620T063631_R120_T40QFM_20201006T042636,2019-06-20 06:36:31.024000+00:00,2019-06,0.0622,0.314547,0.735555,7.311783228369217,0.3156708170610244,0,1
S2A_MSIL2A_20190620T063631_R120_T40QFM_20201006T042636_0001.jpg,S2A_MSIL2A_20190620T063631_R120_T40QFM_20201006T042636,2019-06-20 06:36:31.024000+00:00,2019-06,0.0622,0.314547,0.735555,7.311783228369217,0.3156708170610244,0,1
S2B_MSIL2A_20190625T063639_R120_T40QFM_20201006T061706_0000.jpg,S2B_MSIL2A_20190625T063639_R120_T40QFM_20201006T061706,2019-06-25 06:36:39.024000+00:00,2019-06,0.0622,0.314547,0.735555,7.311783228369217,0.3156708170610244,0,1
S2B_MSIL2A_20190625T063639_R120_T40QFM_20201006T061706_0001.jpg,S2B_MSIL2A_20190625T063639_R120_T40QFM_20201006T061706,2019-06-25 06:36:39.024000+00:00,2019-06,0.0622,0.314547,0.735555,7.311783228369217,0.3156708170610244,0,1
S2B_MSIL2A_20190715T063639_R120_T40QFM_20201005T143128_0000.jpg,S2B_MSIL2A_20190715T063639_R120_T40QFM_20201005T143128,2019-07-15 06:36:39.024000+00:00,2019-07,0.0587,0.272216,0.0,0.0,272216000.0,0,1
S2B_MSIL2A_20190715T063639_R120_T40QFM_20201005T143128_0001.jpg,S2B_MSIL2A_20190715T063639_R120_T40QFM_20201005T143128,2019-07-15 06:36:39.024000+00:00,2019-07,0.0587,0.272216,0.0,0.0,272216000.0,0,1
S2B_MSIL2A_20190903T063629_R120_T40QFM_20201004T085303_0000.jpg,S2B_MSIL2A_20190903T063629_R120_T40QFM_20201004T085303,2019-09-03 06:36:29.024000+00:00,2019-09,0.08125,0.681619,0.22547,2.0676696318788452,19.268094516092546,0,1
S2B_MSIL2A_20190903T063629_R120_T40QFM_20201004T085303_0001.jpg,S2B_MSIL2A_20190903T063629_R120_T40QFM_20201004T085303,2019-09-03 06:36:29.024000+00:00,2019-09,0.08125,0.681619,0.22547,2.0676696318788452,19.268094516092546,0,1
S2B_MSIL2A_20191003T063709_R120_T40QFM_20201003T221213_0000.jpg,S2B_MSIL2A_20191003T063709_R120_T40QFM_20201003T221213,2019-10-03 06:37:09.024000+00:00,2019-10,0.05935,0.263442,0.189642,3.4655391318750275,3.1964616750022166,0,1
S2B_MSIL2A_20191003T063709_R120_T40QFM_20201003T221213_0001.jpg,S2B_MSIL2A_20191003T063709_R120_T40QFM_20201003T221213,2019-10-03 06:37:09.024000+00:00,2019-10,0.05935,0.263442,0.189642,3.4655391318750275,3.1964616750022166,0,1
S2B_MSIL2A_20191202T064229_R120_T40QFM_20201030T204137_0000.jpg,S2B_MSIL2A_20191202T064229_R120_T40QFM_20201030T204137,2019-12-02 06:42:29.024000+00:00,2019-12,0.0453,0.197023,0.0,-1.6944526813489922,2.8407424300407924,0,1
S2B_MSIL2A_20191202T064229_R120_T40QFM_20201030T204137_0001.jpg,S2B_MSIL2A_20191202T064229_R120_T40QFM_20201030T204137,2019-12-02 06:42:29.024000+00:00,2019-12,0.0453,0.197023,0.0,-1.6944526813489922,2.8407424300407924,0,1
S2B_MSIL2A_20200121T064159_R120_T40QFM_20201002T040351_0000.jpg,S2B_MSIL2A_20200121T064159_R120_T40QFM_20201002T040351,2020-01-21 06:41:59.024000+00:00,2020-01,0.0405333,0.145246,0.323305,4.1974089760342865,0.3920130178186858,0,1
S2B_MSIL2A_20200121T064159_R120_T40QFM_20201002T040351_0001.jpg,S2B_MSIL2A_20200121T064159_R120_T40QFM_20201002T040351,2020-01-21 06:41:59.024000+00:00,2020-01,0.0405333,0.145246,0.323305,4.1974089760342865,0.3920130178186858,0,1
S2A_MSIL2A_20200205T064041_R120_T40QFM_20200930T214249_0000.jpg,S2A_MSIL2A_20200205T064041_R120_T40QFM_20200930T214249,2020-02-05 06:40:41.024000+00:00,2020-02,0.0394,0.164809,0.0805449,-0.10879804814919364,0.684424121833793,0,1
S2A_MSIL2A_20200205T064041_R120_T40QFM_20200930T214249_0001.jpg,S2A_MSIL2A_20200205T064041_R120_T40QFM_20200930T214249,2020-02-05 06:40:41.024000+00:00,2020-02,0.0394,0.164809,0.0805449,-0.10879804814919364,0.684424121833793,0,1
S2B_MSIL2A_20200311T063649_R120_T40QFM_20201005T164243_0000.jpg,S2B_MSIL2A_20200311T063649_R120_T40QFM_20201005T164243,2020-03-11 06:36:49.024000+00:00,2020-03,0.0278,0.0636495,0.14115,1.7014160547425246,-0.5817712695379161,0,1
S2B_MSIL2A_20200311T063649_R120_T40QFM_20201005T164243_0001.jpg,S2B_MSIL2A_20200311T063649_R120_T40QFM_20201005T164243,2020-03-11 06:36:49.024000+00:00,2020-03,0.0278,0.0636495,0.14115,1.7014160547425246,-0.5817712695379161,0,1
S2A_MSIL2A_20200425T063631_R120_T40QFM_20200922T002530_0000.jpg,S2A_MSIL2A_20200425T063631_R120_T40QFM_20200922T002530,2020-04-25 06:36:31.024000+00:00,2020-04,0.0294,0.0539883,0.10409,5.013572664600242,-0.5031917028974581,0,1
S2A_MSIL2A_20200425T063631_R120_T40QFM_20200922T002530_0001.jpg,S2A_MSIL2A_20200425T063631_R120_T40QFM_20200922T002530,2020-04-25 06:36:31.024000+00:00,2020-04,0.0294,0.0539883,0.10409,5.013572664600242,-0.5031917028974581,0,1
S2A_MSIL2A_20200525T063631_R120_T40QFM_20200910T213823_0000.jpg,S2A_MSIL2A_20200525T063631_R120_T40QFM_20200910T213823,2020-05-25 06:36:31.024000+00:00,2020-05,0.0264,0.0864405,0.021045,-0.6070441482212253,4.251107186854707,0,1
S2A_MSIL2A_20200525T063631_R120_T40QFM_20200910T213823_0001.jpg,S2A_MSIL2A_20200525T063631_R120_T40QFM_20200910T213823,2020-05-25 06:36:31.024000+00:00,2020-05,0.0264,0.0864405,0.021045,-0.6070441482212253,4.251107186854707,0,1
S2B_MSIL2A_20200729T063629_R120_T40QFM_20200818T011759_0000.jpg,S2B_MSIL2A_20200729T063629_R120_T40QFM_20200818T011759,2020-07-29 06:36:29.024000+00:00,2020-07,0.0828,0.624571,0.257867,1.1127285306770374,5.815877194065125,0,1
S2B_MSIL2A_20200729T063629_R120_T40QFM_20200818T011759_0001.jpg,S2B_MSIL2A_20200729T063629_R120_T40QFM_20200818T011759,2020-07-29 06:36:29.024000+00:00,2020-07,0.0828,0.624571,0.257867,1.1127285306770374,5.815877194065125,0,1
S2A_MSIL2A_20201121T064201_R120_T40QFM_20201123T113122_0000.jpg,S2A_MSIL2A_20201121T064201_R120_T40QFM_20201123T113122,2020-11-21 06:42:01.024000+00:00,2020-11,0.043,0.175479,0.0969501,1.8250980345425472,0.7552820619691001,0,1
S2A_MSIL2A_20201121T064201_R120_T40QFM_20201123T113122_0001.jpg,S2A_MSIL2A_20201121T064201_R120_T40QFM_20201123T113122,2020-11-21 06:42:01.024000+00:00,2020-11,0.043,0.175479,0.0969501,1.8250980345425472,0.7552820619691001,0,1
S2A_MSIL2A_20210110T064241_R120_T40QFM_20210111T000640_0000.jpg,S2A_MSIL2A_20210110T064241_R120_T40QFM_20210111T000640,2021-01-10 06:42:41.024000+00:00,2021-01,0.082,0.634793,0.372648,4.193958124048216,4.749883697225986,0,1
S2A_MSIL2A_20210110T064241_R120_T40QFM_20210111T000640_0001.jpg,S2A_MSIL2A_20210110T064241_R120_T40QFM_20210111T000640,2021-01-10 06:42:41.024000+00:00,2021-01,0.082,0.634793,0.372648,4.193958124048216,4.749883697225986,0,1
S2B_MSIL2A_20210306T063729_R120_T40QFM_20210307T013550_0000.jpg,S2B_MSIL2A_20210306T063729_R120_T40QFM_20210307T013550,2021-03-06 06:37:29.024000+00:00,2021-03,0.0554,0.244938,0.406605,3.3793071582406453,0.27575513353652675,0,1
S2B_MSIL2A_20210306T063729_R120_T40QFM_20210307T013550_0001.jpg,S2B_MSIL2A_20210306T063729_R120_T40QFM_20210307T013550,2021-03-06 06:37:29.024000+00:00,2021-03,0.0554,0.244938,0.406605,3.3793071582406453,0.27575513353652675,0,1
S2A_MSIL2A_20210311T063701_R120_T40QFM_20210311T224941_0000.jpg,S2A_MSIL2A_20210311T063701_R120_T40QFM_20210311T224941,2021-03-11 06:37:01.024000+00:00,2021-03,0.0554,0.244938,0.406605,3.3793071582406453,0.27575513353652675,0,1
S2A_MSIL2A_20210311T063701_R120_T40QFM_20210311T224941_0001.jpg,S2A_MSIL2A_20210311T063701_R120_T40QFM_20210311T224941,2021-03-11 06:37:01.024000+00:00,2021-03,0.0554,0.244938,0.406605,3.3793071582406453,0.27575513353652675,0,1
S2B_MSIL2A_20210405T063629_R120_T40QFM_20210405T191514_0000.jpg,S2B_MSIL2A_20210405T063629_R120_T40QFM_20210405T191514,2021-04-05 06:36:29.024000+00:00,2021-04,0.029,0.0805314,0.04391,8.487336444364798,3.52042900088876,0,1
S2B_MSIL2A_20210405T063629_R120_T40QFM_20210405T191514_0001.jpg,S2B_MSIL2A_20210405T063629_R120_T40QFM_20210405T191514,2021-04-05 06:36:29.024000+00:00,2021-04,0.029,0.0805314,0.04391,8.487336444364798,3.52042900088876,0,1
S2B_MSIL2A_20210614T063629_R120_T40QFM_20210615T105306_0000.jpg,S2B_MSIL2A_20210614T063629_R120_T40QFM_20210615T105306,2021-06-14 06:36:29.024000+00:00,2021-06,0.0586,0.33541,0.12568,0.4227441965925363,2.336150041982004,0,1
S2B_MSIL2A_20210614T063629_R120_T40QFM_20210615T105306_0001.jpg,S2B_MSIL2A_20210614T063629_R120_T40QFM_20210615T105306,2021-06-14 06:36:29.024000+00:00,2021-06,0.0586,0.33541,0.12568,0.4227441965925363,2.336150041982004,0,1
S2B_MSIL2A_20210704T063629_R120_T40QFM_20210704T182853_0000.jpg,S2B_MSIL2A_20210704T063629_R120_T40QFM_20210704T182853,2021-07-04 06:36:29.024000+00:00,2021-07,0.0688,0.36989,0.179315,0.6389443286456108,1.1388246635177466,0,1
S2B_MSIL2A_20210704T063629_R120_T40QFM_20210704T182853_0001.jpg,S2B_MSIL2A_20210704T063629_R120_T40QFM_20210704T182853,2021-07-04 06:36:29.024000+00:00,2021-07,0.0688,0.36989,0.179315,0.6389443286456108,1.1388246635177466,0,1
S2A_MSIL2A_20210729T063631_R120_T40QFM_20210803T224545_0000.jpg,S2A_MSIL2A_20210729T063631_R120_T40QFM_20210803T224545,2021-07-29 06:36:31.024000+00:00,2021-07,0.0618,0.232466,0.334549,2.3587552943992094,-0.5176475743262476,0,1
S2A_MSIL2A_20210729T063631_R120_T40QFM_20210803T224545_0001.jpg,S2A_MSIL2A_20210729T063631_R120_T40QFM_20210803T224545,2021-07-29 06:36:31.024000+00:00,2021-07,0.0618,0.232466,0.334549,2.3587552943992094,-0.5176475743262476,0,1
S2B_MSIL2A_20210803T063629_R120_T40QFM_20210803T203554_0000.jpg,S2B_MSIL2A_20210803T063629_R120_T40QFM_20210803T203554,2021-08-03 06:36:29.024000+00:00,2021-08,0.0618,0.232466,0.334549,2.4441943608537535,-0.5483479656300357,0,1
S2B_MSIL2A_20210803T063629_R120_T40QFM_20210803T203554_0001.jpg,S2B_MSIL2A_20210803T063629_R120_T40QFM_20210803T203554,2021-08-03 06:36:29.024000+00:00,2021-08,0.0618,0.232466,0.334549,2.4441943608537535,-0.5483479656300357,0,1
S2B_MSIL2A_20210813T063629_R120_T40QFM_20210813T174733_0000.jpg,S2B_MSIL2A_20210813T063629_R120_T40QFM_20210813T174733,2021-08-13 06:36:29.024000+00:00,2021-08,0.0658,0.288411,0.22292,0.5947500401006465,2.215873239737809,0,1
S2B_MSIL2A_20210813T063629_R120_T40QFM_20210813T174733_0001.jpg,S2B_MSIL2A_20210813T063629_R120_T40QFM_20210813T174733,2021-08-13 06:36:29.024000+00:00,2021-08,0.0658,0.288411,0.22292,0.5947500401006465,2.215873239737809,0,1
S2B_MSIL2A_20210912T063619_R120_T40QFM_20210912T120623_0000.jpg,S2B_MSIL2A_20210912T063619_R120_T40QFM_20210912T120623,2021-09-12 06:36:19.024000+00:00,2021-09,0.0724,0.43397,0.0,-8.125526584878623,2.1157930970268986,0,1
S2B_MSIL2A_20210912T063619_R120_T40QFM_20210912T120623_0001.jpg,S2B_MSIL2A_20210912T063619_R120_T40QFM_20210912T120623,2021-09-12 06:36:19.024000+00:00,2021-09,0.0724,0.43397,0.0,-8.125526584878623,2.1157930970268986,0,1
S2B_MSIL2A_20211211T064249_R120_T40QFM_20211212T020754_0000.jpg,S2B_MSIL2A_20211211T064249_R120_T40QFM_20211212T020754,2021-12-11 06:42:49.024000+00:00,2021-12,0.0434,0.134998,0.37813,4.971940527794888,-0.31730567435405443,0,1
S2B_MSIL2A_20211211T064249_R120_T40QFM_20211212T020754_0001.jpg,S2B_MSIL2A_20211211T064249_R120_T40QFM_20211212T020754,2021-12-11 06:42:49.024000+00:00,2021-12,0.0434,0.134998,0.37813,4.971940527794888,-0.31730567435405443,0,1
S2B_MSIL2A_20220120T064159_R120_T40QFM_20220121T032103_0000.jpg,S2B_MSIL2A_20220120T064159_R120_T40QFM_20220121T032103,2022-01-20 06:41:59.024000+00:00,2022-01,0.0733,0.554965,0.21969,1.0931983932074192,3.6755169468466353,0,1
S2B_MSIL2A_20220120T064159_R120_T40QFM_20220121T032103_0001.jpg,S2B_MSIL2A_20220120T064159_R120_T40QFM_20220121T032103,2022-01-20 06:41:59.024000+00:00,2022-01,0.0733,0.554965,0.21969,1.0931983932074192,3.6755169468466353,0,1
S2A_MSIL2A_20220306T063741_R120_T40QFM_20220306T145421_0000.jpg,S2A_MSIL2A_20220306T063741_R120_T40QFM_20220306T145421,2022-03-06 06:37:41.024000+00:00,2022-03,0.0414,0.164467,0.0805449,3.780997608698089,1.0636150428228184,0,1
S2A_MSIL2A_20220306T063741_R120_T40QFM_20220306T145421_0001.jpg,S2A_MSIL2A_20220306T063741_R120_T40QFM_20220306T145421,2022-03-06 06:37:41.024000+00:00,2022-03,0.0414,0.164467,0.0805449,3.780997608698089,1.0636150428228184,0,1
S2A_MSIL2A_20220425T063631_R120_T40QFM_20240610T082345_0000.jpg,S2A_MSIL2A_20220425T063631_R120_T40QFM_20240610T082345,2022-04-25 06:36:31.024000+00:00,2022-04,0.0278,0.0670354,0.03337,33369999.999999996,67035399.99999999,0,1
S2A_MSIL2A_20220425T063631_R120_T40QFM_20240610T082345_0001.jpg,S2A_MSIL2A_20220425T063631_R120_T40QFM_20240610T082345,2022-04-25 06:36:31.024000+00:00,2022-04,0.0278,0.0670354,0.03337,33369999.999999996,67035399.99999999,0,1
S2A_MSIL2A_20220803T063641_R120_T40QFM_20240702T174219_0000.jpg,S2A_MSIL2A_20220803T063641_R120_T40QFM_20240702T174219,2022-08-03 06:36:41.024000+00:00,2022-08,0.0624,0.2884,0.20235,2.0220786361764502,-0.6367346822928568,0,1
S2A_MSIL2A_20220803T063641_R120_T40QFM_20240702T174219_0001.jpg,S2A_MSIL2A_20220803T063641_R120_T40QFM_20240702T174219,2022-08-03 06:36:41.024000+00:00,2022-08,0.0624,0.2884,0.20235,2.0220786361764502,-0.6367346822928568,0,1
S2B_MSIL2A_20220917T063629_R120_T40QFM_20240728T040036_0000.jpg,S2B_MSIL2A_20220917T063629_R120_T40QFM_20240728T040036,2022-09-17 06:36:29.024000+00:00,2022-09,0.0776,0.621951,0.228275,3.670201839297275,1.9638226575747257,0,1
S2B_MSIL2A_20220917T063629_R120_T40QFM_20240728T040036_0001.jpg,S2B_MSIL2A_20220917T063629_R120_T40QFM_20240728T040036,2022-09-17 06:36:29.024000+00:00,2022-09,0.0776,0.621951,0.228275,3.670201839297275,1.9638226575747257,0,1
S2B_MSIL2A_20221007T063739_R120_T40QFM_20240802T024624_0000.jpg,S2B_MSIL2A_20221007T063739_R120_T40QFM_20240802T024624,2022-10-07 06:37:39.024000+00:00,2022-10,0.07824,0.636501,0.161975,1.0479139540751363,1.6371211182665895,0,1
S2B_MSIL2A_20221007T063739_R120_T40QFM_20240802T024624_0001.jpg,S2B_MSIL2A_20221007T063739_R120_T40QFM_20240802T024624,2022-10-07 06:37:39.024000+00:00,2022-10,0.07824,0.636501,0.161975,1.0479139540751363,1.6371211182665895,0,1
S2A_MSIL2A_20221101T064021_R120_T40QFM_20221101T185019_0000.jpg,S2A_MSIL2A_20221101T064021_R120_T40QFM_20221101T185019,2022-11-01 06:40:21.024000+00:00,2022-11,0.0456,0.181955,0.0880251,-0.2788722956529355,1.3449314855758658,0,1
S2A_MSIL2A_20221101T064021_R120_T40QFM_20221101T185019_0001.jpg,S2A_MSIL2A_20221101T064021_R120_T40QFM_20221101T185019,2022-11-01 06:40:21.024000+00:00,2022-11,0.0456,0.181955,0.0880251,-0.2788722956529355,1.3449314855758658,0,1
S2A_MSIL2A_20221221T064301_R120_T40QFM_20240808T224656_0000.jpg,S2A_MSIL2A_20221221T064301_R120_T40QFM_20240808T224656,2022-12-21 06:43:01.024000+00:00,2022-12,0.0512,0.235529,0.1148,1.7823221572041967,2.6722565977272783,0,1
S2A_MSIL2A_20221221T064301_R120_T40QFM_20240808T224656_0001.jpg,S2A_MSIL2A_20221221T064301_R120_T40QFM_20240808T224656,2022-12-21 06:43:01.024000+00:00,2022-12,0.0512,0.235529,0.1148,1.7823221572041967,2.6722565977272783,0,1
S2A_MSIL2A_20230110T064241_R120_T40QFM_20230110T232049_0000.jpg,S2A_MSIL2A_20230110T064241_R120_T40QFM_20230110T232049,2023-01-10 06:42:41.024000+00:00,2023-01,0.06624,0.462667,0.26525,0.8747802701310535,6.743667959230777,0,1
S2A_MSIL2A_20230110T064241_R120_T40QFM_20230110T232049_0001.jpg,S2A_MSIL2A_20230110T064241_R120_T40QFM_20230110T232049,2023-01-10 06:42:41.024000+00:00,2023-01,0.06624,0.462667,0.26525,0.8747802701310535,6.743667959230777,0,1
S2B_MSIL2A_20230224T063849_R120_T40QFM_20230226T114005_0000.jpg,S2B_MSIL2A_20230224T063849_R120_T40QFM_20230226T114005,2023-02-24 06:38:49.025000+00:00,2023-02,0.0539,0.208453,0.220667,2.0637823694344926,-1.593223321363625,0,1
S2B_MSIL2A_20230224T063849_R120_T40QFM_20230226T114005_0001.jpg,S2B_MSIL2A_20230224T063849_R120_T40QFM_20230226T114005,2023-02-24 06:38:49.025000+00:00,2023-02,0.0539,0.208453,0.220667,2.0637823694344926,-1.593223321363625,0,1
S2B_MSIL2A_20230306T063739_R120_T40QFM_20240823T211525_0000.jpg,S2B_MSIL2A_20230306T063739_R120_T40QFM_20240823T211525,2023-03-06 06:37:39.025000+00:00,2023-03,0.0412,0.168797,0.168775,8.923318772984553,-0.6744907399278769,0,1
S2B_MSIL2A_20230306T063739_R120_T40QFM_20240823T211525_0001.jpg,S2B_MSIL2A_20230306T063739_R120_T40QFM_20240823T211525,2023-03-06 06:37:39.025000+00:00,2023-03,0.0412,0.168797,0.168775,8.923318772984553,-0.6744907399278769,0,1
S2B_MSIL2A_20230405T063629_R120_T40QFM_20230405T213827_0000.jpg,S2B_MSIL2A_20230405T063629_R120_T40QFM_20230405T213827,2023-04-05 06:36:29.024000+00:00,2023-04,0.0322,0.103195,0.0433149,-0.28478791792232383,4.139605539894296,0,1
S2B_MSIL2A_20230405T063629_R120_T40QFM_20230405T213827_0001.jpg,S2B_MSIL2A_20230405T063629_R120_T40QFM_20230405T213827,2023-04-05 06:36:29.024000+00:00,2023-04,0.0322,0.103195,0.0433149,-0.28478791792232383,4.139605539894296,0,1
S2A_MSIL2A_20230420T063621_R120_T40QFM_20230420T131741_0000.jpg,S2A_MSIL2A_20230420T063621_R120_T40QFM_20230420T131741,2023-04-20 06:36:21.024000+00:00,2023-04,0.0296,0.0926957,0.030055,-0.6744907396535986,2.079720307165293,0,1
S2A_MSIL2A_20230420T063621_R120_T40QFM_20230420T131741_0001.jpg,S2A_MSIL2A_20230420T063621_R120_T40QFM_20230420T131741,2023-04-20 06:36:21.024000+00:00,2023-04,0.0296,0.0926957,0.030055,-0.6744907396535986,2.079720307165293,0,1
S2B_MSIL2A_20230813T063629_R120_T40QFM_20241020T075725_0000.jpg,S2B_MSIL2A_20230813T063629_R120_T40QFM_20241020T075725,2023-08-13 06:36:29.024000+00:00,2023-08,0.0634,0.285126,0.342855,4.859867749224585,-0.5656858926330479,0,1
S2B_MSIL2A_20230813T063629_R120_T40QFM_20241020T075725_0001.jpg,S2B_MSIL2A_20230813T063629_R120_T40QFM_20241020T075725,2023-08-13 06:36:29.024000+00:00,2023-08,0.0634,0.285126,0.342855,4.859867749224585,-0.5656858926330479,0,1
S2A_MSIL2A_20230818T063631_R120_T40QFM_20240912T142615_0000.jpg,S2A_MSIL2A_20230818T063631_R120_T40QFM_20240912T142615,2023-08-18 06:36:31.024000+00:00,2023-08,0.0634,0.285126,0.342855,4.859867749224585,-0.5656858926330479,0,1
S2A_MSIL2A_20230818T063631_R120_T40QFM_20240912T142615_0001.jpg,S2A_MSIL2A_20230818T063631_R120_T40QFM_20240912T142615,2023-08-18 06:36:31.024000+00:00,2023-08,0.0634,0.285126,0.342855,4.859867749224585,-0.5656858926330479,0,1
S2A_MSIL2A_20230907T063631_R120_T40QFM_20230907T161209_0000.jpg,S2A_MSIL2A_20230907T063631_R120_T40QFM_20230907T161209,2023-09-07 06:36:31.024000+00:00,2023-09,0.0602,0.251429,0.204135,2.058401205853413,-0.26211622788454125,0,1
S2A_MSIL2A_20230907T063631_R120_T40QFM_20230907T161209_0001.jpg,S2A_MSIL2A_20230907T063631_R120_T40QFM_20230907T161209,2023-09-07 06:36:31.024000+00:00,2023-09,0.0602,0.251429,0.204135,2.058401205853413,-0.26211622788454125,0,1
S2B_MSIL2A_20231002T063709_R120_T40QFM_20231002T151612_0000.jpg,S2B_MSIL2A_20231002T063709_R120_T40QFM_20231002T151612,2023-10-02 06:37:09.024000+00:00,2023-10,0.0624,0.278408,0.0999817,1.8835081211100508,2.157564037901516,0,1
S2B_MSIL2A_20231002T063709_R120_T40QFM_20231002T151612_0001.jpg,S2B_MSIL2A_20231002T063709_R120_T40QFM_20231002T151612,2023-10-02 06:37:09.024000+00:00,2023-10,0.0624,0.278408,0.0999817,1.8835081211100508,2.157564037901516,0,1
S2B_MSIL2A_20231111T064119_R120_T40QFM_20231111T102412_0000.jpg,S2B_MSIL2A_20231111T064119_R120_T40QFM_20231111T102412,2023-11-11 06:41:19.024000+00:00,2023-11,0.034,0.0946323,0.14659,2.012521547344742,-0.5965878718338554,0,1
S2B_MSIL2A_20231111T064119_R120_T40QFM_20231111T102412_0001.jpg,S2B_MSIL2A_20231111T064119_R120_T40QFM_20231111T102412,2023-11-11 06:41:19.024000+00:00,2023-11,0.034,0.0946323,0.14659,2.012521547344742,-0.5965878718338554,0,1
S2B_MSIL2A_20231121T064149_R120_T40QFM_20231121T102301_0000.jpg,S2B_MSIL2A_20231121T064149_R120_T40QFM_20231121T102301,2023-11-21 06:41:49.024000+00:00,2023-11,0.0354,0.092051,0.27851,6.0715612533988335,-0.7097986515735201,0,1
S2B_MSIL2A_20231121T064149_R120_T40QFM_20231121T102301_0001.jpg,S2B_MSIL2A_20231121T064149_R120_T40QFM_20231121T102301,2023-11-21 06:41:49.024000+00:00,2023-11,0.0354,0.092051,0.27851,6.0715612533988335,-0.7097986515735201,0,1
S2B_MSIL2A_20240429T063629_R120_T40QFM_20240429T111845_0000.jpg,S2B_MSIL2A_20240429T063629_R120_T40QFM_20240429T111845,2024-04-29 06:36:29.024000+00:00,2024-04,0.0205333,0.0804885,0.104997,1.5042749520930132,0.9995574329293854,0,1
S2B_MSIL2A_20240429T063629_R120_T40QFM_20240429T111845_0001.jpg,S2B_MSIL2A_20240429T063629_R120_T40QFM_20240429T111845,2024-04-29 06:36:29.024000+00:00,2024-04,0.0205333,0.0804885,0.104997,1.5042749520930132,0.9995574329293854,0,1
S2A_MSIL2A_20240603T063631_R120_T40QFM_20240603T120925_0000.jpg,S2A_MSIL2A_20240603T063631_R120_T40QFM_20240603T120925,2024-06-03 06:36:31.024000+00:00,2024-06,0.0988,0.99788,0.442305,2.70094747868206,2.0307316673458127,0,1
S2A_MSIL2A_20240603T063631_R120_T40QFM_20240603T120925_0001.jpg,S2A_MSIL2A_20240603T063631_R120_T40QFM_20240603T120925,2024-06-03 06:36:31.024000+00:00,2024-06,0.0988,0.99788,0.442305,2.70094747868206,2.0307316673458127,0,1
S2A_MSIL2A_20240822T063621_R120_T40QFM_20240822T115549_0000.jpg,S2A_MSIL2A_20240822T063621_R120_T40QFM_20240822T115549,2024-08-22 06:36:21.024000+00:00,2024-08,0.0782,0.51481,0.34753,1.2008496193015479,0.0,0,1
S2A_MSIL2A_20240822T063621_R120_T40QFM_20240822T115549_0001.jpg,S2A_MSIL2A_20240822T063621_R120_T40QFM_20240822T115549,2024-08-22 06:36:21.024000+00:00,2024-08,0.0782,0.51481,0.34753,1.2008496193015479,0.0,0,1
S2A_MSIL2A_20241021T063921_R120_T40QFM_20241021T103950_0000.jpg,S2A_MSIL2A_20241021T063921_R120_T40QFM_20241021T103950,2024-10-21 06:39:21.024000+00:00,2024-10,0.0732,0.517112,0.278765,3.667086839973783,6.229995067615034,0,1
S2A_MSIL2A_20241021T063921_R120_T40QFM_20241021T103950_0001.jpg,S2A_MSIL2A_20241021T063921_R120_T40QFM_20241021T103950,2024-10-21 06:39:21.024000+00:00,2024-10,0.0732,0.517112,0.278765,3.667086839973783,6.229995067615034,0,1
S2A_MSIL2A_20171224T063251_R077_T40QGL_20201014T155901_0000.jpg,S2A_MSIL2A_20171224T063251_R077_T40QGL_20201014T155901,2017-12-24 06:32:51.026000+00:00,2017-12,0.0838,0.600322,0.195635,0.40351954806439466,3.3980544341609056,0,1
S2A_MSIL2A_20171224T063251_R077_T40QGL_20201014T155901_0001.jpg,S2A_MSIL2A_20171224T063251_R077_T40QGL_20201014T155901,2017-12-24 06:32:51.026000+00:00,2017-12,0.0838,0.600322,0.195635,0.40351954806439466,3.3980544341609056,0,1
S2B_MSIL2A_20180408T062629_R077_T40QGL_20201012T195312_0000.jpg,S2B_MSIL2A_20180408T062629_R077_T40QGL_20201012T195312,2018-04-08 06:26:29.027000+00:00,2018-04,0.0356,0.118033,0.035835,-0.16846106762803947,0.6744907153977506,0,1
S2B_MSIL2A_20180408T062629_R077_T40QGL_20201012T195312_0001.jpg,S2B_MSIL2A_20180408T062629_R077_T40QGL_20201012T195312,2018-04-08 06:26:29.027000+00:00,2018-04,0.0356,0.118033,0.035835,-0.16846106762803947,0.6744907153977506,0,1
S2A_MSIL2A_20180413T062631_R077_T40QGL_20201012T214132_0000.jpg,S2A_MSIL2A_20180413T062631_R077_T40QGL_20201012T214132,2018-04-13 06:26:31.026000+00:00,2018-04,0.0356,0.118033,0.035835,-0.16846106762803947,0.6744907153977506,0,1
S2A_MSIL2A_20180413T062631_R077_T40QGL_20201012T214132_0001.jpg,S2A_MSIL2A_20180413T062631_R077_T40QGL_20201012T214132,2018-04-13 06:26:31.026000+00:00,2018-04,0.0356,0.118033,0.035835,-0.16846106762803947,0.6744907153977506,0,1
S2B_MSIL2A_20180528T062629_R077_T40QGL_20201026T110311_0000.jpg,S2B_MSIL2A_20180528T062629_R077_T40QGL_20201026T110311,2018-05-28 06:26:29.024000+00:00,2018-05,0.0293,0.0882289,0.12942,1.6822779783377688,0.09949535695951797,0,1
S2B_MSIL2A_20180528T062629_R077_T40QGL_20201026T110311_0001.jpg,S2B_MSIL2A_20180528T062629_R077_T40QGL_20201026T110311,2018-05-28 06:26:29.024000+00:00,2018-05,0.0293,0.0882289,0.12942,1.6822779783377688,0.09949535695951797,0,1
S2B_MSIL2A_20180707T062629_R077_T40QGL_20201011T130506_0000.jpg,S2B_MSIL2A_20180707T062629_R077_T40QGL_20201011T130506,2018-07-07 06:26:29.024000+00:00,2018-07,0.0942,0.88651,0.37065,0.2459875257359682,2.1213258299014575,0,1
S2B_MSIL2A_20180707T062629_R077_T40QGL_20201011T130506_0001.jpg,S2B_MSIL2A_20180707T062629_R077_T40QGL_20201011T130506,2018-07-07 06:26:29.024000+00:00,2018-07,0.0942,0.88651,0.37065,0.2459875257359682,2.1213258299014575,0,1
S2A_MSIL2A_20181010T062751_R077_T40QGL_20201009T100248_0000.jpg,S2A_MSIL2A_20181010T062751_R077_T40QGL_20201009T100248,2018-10-10 06:27:51.024000+00:00,2018-10,0.06,0.302559,0.0982251,-0.0719033042640915,1.0917315068431093,0,1
S2A_MSIL2A_20181010T062751_R077_T40QGL_20201009T100248_0001.jpg,S2A_MSIL2A_20181010T062751_R077_T40QGL_20201009T100248,2018-10-10 06:27:51.024000+00:00,2018-10,0.06,0.302559,0.0982251,-0.0719033042640915,1.0917315068431093,0,1
S2B_MSIL2A_20181104T063029_R077_T40QGL_20201008T154613_0000.jpg,S2B_MSIL2A_20181104T063029_R077_T40QGL_20201008T154613,2018-11-04 06:30:29.024000+00:00,2018-11,0.0642,0.335548,0.041785,0.16862267226319977,3.8072919754868115,0,1
S2B_MSIL2A_20181104T063029_R077_T40QGL_20201008T154613_0001.jpg,S2B_MSIL2A_20181104T063029_R077_T40QGL_20201008T154613,2018-11-04 06:30:29.024000+00:00,2018-11,0.0642,0.335548,0.041785,0.16862267226319977,3.8072919754868115,0,1
S2B_MSIL2A_20190212T063009_R077_T40QGL_20201007T161347_0000.jpg,S2B_MSIL2A_20190212T063009_R077_T40QGL_20201007T161347,2019-02-12 06:30:09.024000+00:00,2019-02,0.06,0.301638,0.202647,0.7415713461036815,0.0,0,1
S2B_MSIL2A_20190212T063009_R077_T40QGL_20201007T161347_0001.jpg,S2B_MSIL2A_20190212T063009_R077_T40QGL_20201007T161347,2019-02-12 06:30:09.024000+00:00,2019-02,0.06,0.301638,0.202647,0.7415713461036815,0.0,0,1
S2B_MSIL2A_20190314T062629_R077_T40QGL_20201007T063944_0000.jpg,S2B_MSIL2A_20190314T062629_R077_T40QGL_20201007T063944,2019-03-14 06:26:29.024000+00:00,2019-03,0.041,0.143847,0.1012,3.2644966109803786,-0.8484279455234585,0,1
S2B_MSIL2A_20190314T062629_R077_T40QGL_20201007T063944_0001.jpg,S2B_MSIL2A_20190314T062629_R077_T40QGL_20201007T063944,2019-03-14 06:26:29.024000+00:00,2019-03,0.041,0.143847,0.1012,3.2644966109803786,-0.8484279455234585,0,1
S2A_MSIL2A_20190408T062631_R077_T40QGL_20201006T233306_0000.jpg,S2A_MSIL2A_20190408T062631_R077_T40QGL_20201006T233306,2019-04-08 06:26:31.024000+00:00,2019-04,0.0334,0.124711,0.0275049,-0.25054775438838367,0.7941560739421796,0,1
S2A_MSIL2A_20190408T062631_R077_T40QGL_20201006T233306_0001.jpg,S2A_MSIL2A_20190408T062631_R077_T40QGL_20201006T233306,2019-04-08 06:26:31.024000+00:00,2019-04,0.0334,0.124711,0.0275049,-0.25054775438838367,0.7941560739421796,0,1
S2B_MSIL2A_20190702T062639_R077_T40QGL_20201005T081837_0000.jpg,S2B_MSIL2A_20190702T062639_R077_T40QGL_20201005T081837,2019-07-02 06:26:39.024000+00:00,2019-07,0.0512,0.182466,0.0,0.0,182465999.99999997,0,1
S2B_MSIL2A_20190702T062639_R077_T40QGL_20201005T081837_0001.jpg,S2B_MSIL2A_20190702T062639_R077_T40QGL_20201005T081837,2019-07-02 06:26:39.024000+00:00,2019-07,0.0512,0.182466,0.0,0.0,182465999.99999997,0,1
S2A_MSIL2A_20190816T062631_R077_T40QGL_20201005T005747_0000.jpg,S2A_MSIL2A_20190816T062631_R077_T40QGL_20201005T005747,2019-08-16 06:26:31.024000+00:00,2019-08,0.117733,1.29027,0.0,-1.4030802033692187,4.586584499424773,0,1
S2A_MSIL2A_20190816T062631_R077_T40QGL_20201005T005747_0001.jpg,S2A_MSIL2A_20190816T062631_R077_T40QGL_20201005T005747,2019-08-16 06:26:31.024000+00:00,2019-08,0.117733,1.29027,0.0,-1.4030802033692187,4.586584499424773,0,1
S2B_MSIL2A_20190910T062629_R077_T40QGL_20201004T113425_0000.jpg,S2B_MSIL2A_20190910T062629_R077_T40QGL_20201004T113425,2019-09-10 06:26:29.024000+00:00,2019-09,0.0704,0.464567,0.163845,0.6744907442281362,9.885311589904395,0,1
S2B_MSIL2A_20190910T062629_R077_T40QGL_20201004T113425_0001.jpg,S2B_MSIL2A_20190910T062629_R077_T40QGL_20201004T113425,2019-09-10 06:26:29.024000+00:00,2019-09,0.0704,0.464567,0.163845,0.6744907442281362,9.885311589904395,0,1
S2B_MSIL2A_20191119T063139_R077_T40QGL_20201003T180524_0000.jpg,S2B_MSIL2A_20191119T063139_R077_T40QGL_20201003T180524,2019-11-19 06:31:39.024000+00:00,2019-11,0.0334,0.119597,0.0722151,0.8751813254625069,-0.804122892951577,0,1
S2B_MSIL2A_20191119T063139_R077_T40QGL_20201003T180524_0001.jpg,S2B_MSIL2A_20191119T063139_R077_T40QGL_20201003T180524,2019-11-19 06:31:39.024000+00:00,2019-11,0.0334,0.119597,0.0722151,0.8751813254625069,-0.804122892951577,0,1
S2A_MSIL2A_20191214T063251_R077_T40QGL_20201003T044507_0000.jpg,S2A_MSIL2A_20191214T063251_R077_T40QGL_20201003T044507,2019-12-14 06:32:51.024000+00:00,2019-12,0.0336,0.120383,0.19368,2.21206646873514,-0.7546649343283423,0,1
S2A_MSIL2A_20191214T063251_R077_T40QGL_20201003T044507_0001.jpg,S2A_MSIL2A_20191214T063251_R077_T40QGL_20201003T044507,2019-12-14 06:32:51.024000+00:00,2019-12,0.0336,0.120383,0.19368,2.21206646873514,-0.7546649343283423,0,1
S2B_MSIL2A_20200118T063209_R077_T40QGL_20201002T202134_0000.jpg,S2B_MSIL2A_20200118T063209_R077_T40QGL_20201002T202134,2020-01-18 06:32:09.024000+00:00,2020-01,0.0434,0.173085,0.37932,5.04150190102867,0.957598278789089,0,1
S2B_MSIL2A_20200118T063209_R077_T40QGL_20201002T202134_0001.jpg,S2B_MSIL2A_20200118T063209_R077_T40QGL_20201002T202134,2020-01-18 06:32:09.024000+00:00,2020-01,0.0434,0.173085,0.37932,5.04150190102867,0.957598278789089,0,1
S2A_MSIL2A_20200313T062631_R077_T40QGL_20201009T030506_0000.jpg,S2A_MSIL2A_20200313T062631_R077_T40QGL_20201009T030506,2020-03-13 06:26:31.024000+00:00,2020-03,0.0286,0.0795837,0.0156901,-0.8611258941240607,0.858059083671945,0,1
S2A_MSIL2A_20200313T062631_R077_T40QGL_20201009T030506_0001.jpg,S2A_MSIL2A_20200313T062631_R077_T40QGL_20201009T030506,2020-03-13 06:26:31.024000+00:00,2020-03,0.0286,0.0795837,0.0156901,-0.8611258941240607,0.858059083671945,0,1
S2A_MSIL2A_20200402T062621_R077_T40QGL_20200924T160404_0000.jpg,S2A_MSIL2A_20200402T062621_R077_T40QGL_20200924T160404,2020-04-02 06:26:21.024000+00:00,2020-04,0.03244,0.0660712,0.0236121,-0.3846537947852264,1.5467122171766148,0,1
S2A_MSIL2A_20200402T062621_R077_T40QGL_20200924T160404_0001.jpg,S2A_MSIL2A_20200402T062621_R077_T40QGL_20200924T160404,2020-04-02 06:26:21.024000+00:00,2020-04,0.03244,0.0660712,0.0236121,-0.3846537947852264,1.5467122171766148,0,1
S2B_MSIL2A_20200527T062629_R077_T40QGL_20200911T043845_0000.jpg,S2B_MSIL2A_20200527T062629_R077_T40QGL_20200911T043845,2020-05-27 06:26:29.024000+00:00,2020-05,0.0324,0.113606,0.075105,0.7335062029962716,9.316593007361746,0,1
S2B_MSIL2A_20200527T062629_R077_T40QGL_20200911T043845_0001.jpg,S2B_MSIL2A_20200527T062629_R077_T40QGL_20200911T043845,2020-05-27 06:26:29.024000+00:00,2020-05,0.0324,0.113606,0.075105,0.7335062029962716,9.316593007361746,0,1
S2A_MSIL2A_20200721T062631_R077_T40QGL_20200816T230029_0000.jpg,S2A_MSIL2A_20200721T062631_R077_T40QGL_20200816T230029,2020-07-21 06:26:31.024000+00:00,2020-07,0.0678,0.460889,0.0,-1.5805449306240529,3.3569806744512114,0,1
S2A_MSIL2A_20200721T062631_R077_T40QGL_20200816T230029_0001.jpg,S2A_MSIL2A_20200721T062631_R077_T40QGL_20200816T230029,2020-07-21 06:26:31.024000+00:00,2020-07,0.0678,0.460889,0.0,-1.5805449306240529,3.3569806744512114,0,1
S2A_MSIL2A_20200929T062651_R077_T40QGL_20201001T173743_0000.jpg,S2A_MSIL2A_20200929T062651_R077_T40QGL_20201001T173743,2020-09-29 06:26:51.024000+00:00,2020-09,0.0634,0.373162,0.2015,2.017333448447795,0.5843013223625776,0,1
S2A_MSIL2A_20200929T062651_R077_T40QGL_20201001T173743_0001.jpg,S2A_MSIL2A_20200929T062651_R077_T40QGL_20201001T173743,2020-09-29 06:26:51.024000+00:00,2020-09,0.0634,0.373162,0.2015,2.017333448447795,0.5843013223625776,0,1
S2B_MSIL2A_20201004T062719_R077_T40QGL_20201006T041206_0000.jpg,S2B_MSIL2A_20201004T062719_R077_T40QGL_20201006T041206,2020-10-04 06:27:19.024000+00:00,2020-10,0.0634,0.373162,0.2015,4.827548719382492,2.7623368215000785,0,1
S2B_MSIL2A_20201004T062719_R077_T40QGL_20201006T041206_0001.jpg,S2B_MSIL2A_20201004T062719_R077_T40QGL_20201006T041206,2020-10-04 06:27:19.024000+00:00,2020-10,0.0634,0.373162,0.2015,4.827548719382492,2.7623368215000785,0,1
S2B_MSIL2A_20210112T063229_R077_T40QGL_20210112T195729_0000.jpg,S2B_MSIL2A_20210112T063229_R077_T40QGL_20210112T195729,2021-01-12 06:32:29.024000+00:00,2021-01,0.0818,0.630497,0.3409,3.6067174210240975,4.693744740239716,0,1
S2B_MSIL2A_20210112T063229_R077_T40QGL_20210112T195729_0001.jpg,S2B_MSIL2A_20210112T063229_R077_T40QGL_20210112T195729,2021-01-12 06:32:29.024000+00:00,2021-01,0.0818,0.630497,0.3409,3.6067174210240975,4.693744740239716,0,1
S2A_MSIL2A_20210226T062831_R077_T40QGL_20210226T174100_0000.jpg,S2A_MSIL2A_20210226T062831_R077_T40QGL_20210226T174100,2021-02-26 06:28:31.024000+00:00,2021-02,0.0708,0.441475,0.0538267,-2.261409824232728,9.624663321572076,0,1
S2A_MSIL2A_20210226T062831_R077_T40QGL_20210226T174100_0001.jpg,S2A_MSIL2A_20210226T062831_R077_T40QGL_20210226T174100,2021-02-26 06:28:31.024000+00:00,2021-02,0.0708,0.441475,0.0538267,-2.261409824232728,9.624663321572076,0,1
S2B_MSIL2A_20210303T062749_R077_T40QGL_20210303T194138_0000.jpg,S2B_MSIL2A_20210303T062749_R077_T40QGL_20210303T194138,2021-03-03 06:27:49.024000+00:00,2021-03,0.0708,0.441475,0.0538267,-0.994698710213931,3.054899109736126,0,1
S2B_MSIL2A_20210303T062749_R077_T40QGL_20210303T194138_0001.jpg,S2B_MSIL2A_20210303T062749_R077_T40QGL_20210303T194138,2021-03-03 06:27:49.024000+00:00,2021-03,0.0708,0.441475,0.0538267,-0.994698710213931,3.054899109736126,0,1
S2B_MSIL2A_20210402T062629_R077_T40QGL_20210402T233313_0000.jpg,S2B_MSIL2A_20210402T062629_R077_T40QGL_20210402T233313,2021-04-02 06:26:29.024000+00:00,2021-04,0.0294,0.0820398,0.0443351,8.768440201474228,4.030967698821747,0,1
S2B_MSIL2A_20210402T062629_R077_T40QGL_20210402T233313_0001.jpg,S2B_MSIL2A_20210402T062629_R077_T40QGL_20210402T233313,2021-04-02 06:26:29.024000+00:00,2021-04,0.0294,0.0820398,0.0443351,8.768440201474228,4.030967698821747,0,1
S2A_MSIL2A_20210527T062631_R077_T40QGL_20210527T194319_0000.jpg,S2A_MSIL2A_20210527T062631_R077_T40QGL_20210527T194319,2021-05-27 06:26:31.024000+00:00,2021-05,0.041,0.189317,0.0671151,0.996405339265818,0.9121479034495364,0,1
S2A_MSIL2A_20210527T062631_R077_T40QGL_20210527T194319_0001.jpg,S2A_MSIL2A_20210527T062631_R077_T40QGL_20210527T194319,2021-05-27 06:26:31.024000+00:00,2021-05,0.041,0.189317,0.0671151,0.996405339265818,0.9121479034495364,0,1
S2A_MSIL2A_20210626T062631_R077_T40QGL_20210626T143353_0000.jpg,S2A_MSIL2A_20210626T062631_R077_T40QGL_20210626T143353,2021-06-26 06:26:31.024000+00:00,2021-06,0.0482,0.214092,0.19266,2.2942185051033164,-1.401135522640832,0,1
S2A_MSIL2A_20210626T062631_R077_T40QGL_20210626T143353_0001.jpg,S2A_MSIL2A_20210626T062631_R077_T40QGL_20210626T143353,2021-06-26 06:26:31.024000+00:00,2021-06,0.0482,0.214092,0.19266,2.2942185051033164,-1.401135522640832,0,1
S2A_MSIL2A_20210904T062631_R077_T40QGL_20210904T162838_0000.jpg,S2A_MSIL2A_20210904T062631_R077_T40QGL_20210904T162838,2021-09-04 06:26:31.024000+00:00,2021-09,0.0702,0.442616,0.19895,2.227037033016772,2.254466842369691,0,1
S2A_MSIL2A_20210904T062631_R077_T40QGL_20210904T162838_0001.jpg,S2A_MSIL2A_20210904T062631_R077_T40QGL_20210904T162838,2021-09-04 06:26:31.024000+00:00,2021-09,0.0702,0.442616,0.19895,2.227037033016772,2.254466842369691,0,1
S2A_MSIL2A_20210924T062631_R077_T40QGL_20210925T024150_0000.jpg,S2A_MSIL2A_20210924T062631_R077_T40QGL_20210925T024150,2021-09-24 06:26:31.024000+00:00,2021-09,0.0616,0.289277,0.220143,3.3298361320570202,-0.2049471568343989,0,1
S2A_MSIL2A_20210924T062631_R077_T40QGL_20210925T024150_0001.jpg,S2A_MSIL2A_20210924T062631_R077_T40QGL_20210925T024150,2021-09-24 06:26:31.024000+00:00,2021-09,0.0616,0.289277,0.220143,3.3298361320570202,-0.2049471568343989,0,1
S2B_MSIL2A_20211128T063219_R077_T40QGL_20211129T031625_0000.jpg,S2B_MSIL2A_20211128T063219_R077_T40QGL_20211129T031625,2021-11-28 06:32:19.024000+00:00,2021-11,0.0358,0.0959738,0.085135,3.526478200693064,-1.6750008304191095,0,1
S2B_MSIL2A_20211128T063219_R077_T40QGL_20211129T031625_0001.jpg,S2B_MSIL2A_20211128T063219_R077_T40QGL_20211129T031625,2021-11-28 06:32:19.024000+00:00,2021-11,0.0358,0.0959738,0.085135,3.526478200693064,-1.6750008304191095,0,1
S2A_MSIL2A_20211213T063251_R077_T40QGL_20211213T193032_0000.jpg,S2A_MSIL2A_20211213T063251_R077_T40QGL_20211213T193032,2021-12-13 06:32:51.024000+00:00,2021-12,0.0478,0.141053,0.37813,4.971940527794888,0.0,0,1
S2A_MSIL2A_20211213T063251_R077_T40QGL_20211213T193032_0001.jpg,S2A_MSIL2A_20211213T063251_R077_T40QGL_20211213T193032,2021-12-13 06:32:51.024000+00:00,2021-12,0.0478,0.141053,0.37813,4.971940527794888,0.0,0,1
S2A_MSIL2A_20211223T063301_R077_T40QGL_20211224T035618_0000.jpg,S2A_MSIL2A_20211223T063301_R077_T40QGL_20211224T035618,2021-12-23 06:33:01.024000+00:00,2021-12,0.05225,0.225208,0.105365,-0.5950368461387462,4.410051036377444,0,1
S2A_MSIL2A_20211223T063301_R077_T40QGL_20211224T035618_0001.jpg,S2A_MSIL2A_20211223T063301_R077_T40QGL_20211224T035618,2021-12-23 06:33:01.024000+00:00,2021-12,0.05225,0.225208,0.105365,-0.5950368461387462,4.410051036377444,0,1
S2B_MSIL2A_20220117T063209_R077_T40QGL_20220117T220547_0000.jpg,S2B_MSIL2A_20220117T063209_R077_T40QGL_20220117T220547,2022-01-17 06:32:09.024000+00:00,2022-01,0.07196,0.467734,0.224467,1.1880829487259628,2.4900500026616643,0,1
S2B_MSIL2A_20220117T063209_R077_T40QGL_20220117T220547_0001.jpg,S2B_MSIL2A_20220117T063209_R077_T40QGL_20220117T220547,2022-01-17 06:32:09.024000+00:00,2022-01,0.07196,0.467734,0.224467,1.1880829487259628,2.4900500026616643,0,1
S2B_MSIL2A_20220206T063029_R077_T40QGL_20220219T104932_0000.jpg,S2B_MSIL2A_20220206T063029_R077_T40QGL_20220219T104932,2022-02-06 06:30:29.024000+00:00,2022-02,0.05536,0.236098,0.236265,2.032490806019216,-0.3088346629788764,0,1
S2B_MSIL2A_20220206T063029_R077_T40QGL_20220219T104932_0001.jpg,S2B_MSIL2A_20220206T063029_R077_T40QGL_20220219T104932,2022-02-06 06:30:29.024000+00:00,2022-02,0.05536,0.236098,0.236265,2.032490806019216,-0.3088346629788764,0,1
S2B_MSIL2A_20220216T062929_R077_T40QGL_20220224T005721_0000.jpg,S2B_MSIL2A_20220216T062929_R077_T40QGL_20220224T005721,2022-02-16 06:29:29.024000+00:00,2022-02,0.0666,0.402622,0.0921049,-2.188679260752293,15.620663065964745,0,1
S2B_MSIL2A_20220216T062929_R077_T40QGL_20220224T005721_0001.jpg,S2B_MSIL2A_20220216T062929_R077_T40QGL_20220224T005721,2022-02-16 06:29:29.024000+00:00,2022-02,0.0666,0.402622,0.0921049,-2.188679260752293,15.620663065964745,0,1
S2B_MSIL2A_20220427T062619_R077_T40QGL_20240608T214451_0000.jpg,S2B_MSIL2A_20220427T062619_R077_T40QGL_20240608T214451,2022-04-27 06:26:19.024000+00:00,2022-04,0.029,0.0658808,0.0327749,32774900.0,65880800.0,0,1
S2B_MSIL2A_20220427T062619_R077_T40QGL_20240608T214451_0001.jpg,S2B_MSIL2A_20220427T062619_R077_T40QGL_20240608T214451,2022-04-27 06:26:19.024000+00:00,2022-04,0.029,0.0658808,0.0327749,32774900.0,65880800.0,0,1
S2A_MSIL2A_20220721T062641_R077_T40QGL_20220723T060616_0000.jpg,S2A_MSIL2A_20220721T062641_R077_T40QGL_20220723T060616,2022-07-21 06:26:41.024000+00:00,2022-07,0.076,0.499469,0.144805,-0.07135427538964767,0.8808994030055667,0,1
S2A_MSIL2A_20220721T062641_R077_T40QGL_20220723T060616_0001.jpg,S2A_MSIL2A_20220721T062641_R077_T40QGL_20220723T060616,2022-07-21 06:26:41.024000+00:00,2022-07,0.076,0.499469,0.144805,-0.07135427538964767,0.8808994030055667,0,1
S2A_MSIL2A_20220820T062641_R077_T40QGL_20220820T144542_0000.jpg,S2A_MSIL2A_20220820T062641_R077_T40QGL_20220820T144542,2022-08-20 06:26:41.024000+00:00,2022-08,0.0808,0.670011,0.160785,0.6591614024200289,2.3453893700197748,0,1
S2A_MSIL2A_20220820T062641_R077_T40QGL_20220820T144542_0001.jpg,S2A_MSIL2A_20220820T062641_R077_T40QGL_20220820T144542,2022-08-20 06:26:41.024000+00:00,2022-08,0.0808,0.670011,0.160785,0.6591614024200289,2.3453893700197748,0,1
S2A_MSIL2A_20230904T062631_R077_T40QGL_20230904T124230_0000.jpg,S2A_MSIL2A_20230904T062631_R077_T40QGL_20230904T124230,2023-09-04 06:26:31.024000+00:00,2023-09,0.0594,0.39892,0.18314,1.4634040170344624,5.011350497926261,0,1
S2A_MSIL2A_20230904T062631_R077_T40QGL_20230904T124230_0001.jpg,S2A_MSIL2A_20230904T062631_R077_T40QGL_20230904T124230,2023-09-04 06:26:31.024000+00:00,2023-09,0.0594,0.39892,0.18314,1.4634040170344624,5.011350497926261,0,1
S2B_MSIL2A_20231228T063259_R077_T40QGL_20231228T093910_0000.jpg,S2B_MSIL2A_20231228T063259_R077_T40QGL_20231228T093910,2023-12-28 06:32:59.024000+00:00,2023-12,0.03296,0.134772,0.1267,4.794894329265539,0.0,0,1
S2B_MSIL2A_20231228T063259_R077_T40QGL_20231228T093910_0001.jpg,S2B_MSIL2A_20231228T063259_R077_T40QGL_20231228T093910,2023-12-28 06:32:59.024000+00:00,2023-12,0.03296,0.134772,0.1267,4.794894329265539,0.0,0,1
S2A_MSIL2A_20240112T063231_R077_T40QGL_20240112T101206_0000.jpg,S2A_MSIL2A_20240112T063231_R077_T40QGL_20240112T101206,2024-01-12 06:32:31.024000+00:00,2024-01,0.0624,0.304968,0.0,-0.6744907527734647,1.307080731883641,0,1
S2A_MSIL2A_20240112T063231_R077_T40QGL_20240112T101206_0001.jpg,S2A_MSIL2A_20240112T063231_R077_T40QGL_20240112T101206,2024-01-12 06:32:31.024000+00:00,2024-01,0.0624,0.304968,0.0,-0.6744907527734647,1.307080731883641,0,1
S2B_MSIL2A_20240127T063129_R077_T40QGL_20240127T101326_0000.jpg,S2B_MSIL2A_20240127T063129_R077_T40QGL_20240127T101326,2024-01-27 06:31:29.024000+00:00,2024-01,0.02724,0.109527,0.247513,1.7853086074868378,-1.215367542542252,0,1
S2B_MSIL2A_20240127T063129_R077_T40QGL_20240127T101326_0001.jpg,S2B_MSIL2A_20240127T063129_R077_T40QGL_20240127T101326,2024-01-27 06:31:29.024000+00:00,2024-01,0.02724,0.109527,0.247513,1.7853086074868378,-1.215367542542252,0,1
S2B_MSIL2A_20240526T062629_R077_T40QGL_20240526T102423_0000.jpg,S2B_MSIL2A_20240526T062629_R077_T40QGL_20240526T102423,2024-05-26 06:26:29.024000+00:00,2024-05,0.0878,0.784111,0.0,-0.6744907441225855,32.99213804711171,0,1
S2B_MSIL2A_20240526T062629_R077_T40QGL_20240526T102423_0001.jpg,S2B_MSIL2A_20240526T062629_R077_T40QGL_20240526T102423,2024-05-26 06:26:29.024000+00:00,2024-05,0.0878,0.784111,0.0,-0.6744907441225855,32.99213804711171,0,1
S2B_MSIL2A_20240605T062629_R077_T40QGL_20240605T101404_0000.jpg,S2B_MSIL2A_20240605T062629_R077_T40QGL_20240605T101404,2024-06-05 06:26:29.024000+00:00,2024-06,0.1014,0.993846,0.388585,2.07221863649898,2.0166998497702266,0,1
S2B_MSIL2A_20240605T062629_R077_T40QGL_20240605T101404_0001.jpg,S2B_MSIL2A_20240605T062629_R077_T40QGL_20240605T101404,2024-06-05 06:26:29.024000+00:00,2024-06,0.1014,0.993846,0.388585,2.07221863649898,2.0166998497702266,0,1
S2B_MSIL2A_20240824T062629_R077_T40QGL_20240824T100609_0000.jpg,S2B_MSIL2A_20240824T062629_R077_T40QGL_20240824T100609,2024-08-24 06:26:29.024000+00:00,2024-08,0.0782,0.51481,0.34753,1.2008496193015479,0.0,0,1
S2B_MSIL2A_20240824T062629_R077_T40QGL_20240824T100609_0001.jpg,S2B_MSIL2A_20240824T062629_R077_T40QGL_20240824T100609,2024-08-24 06:26:29.024000+00:00,2024-08,0.0782,0.51481,0.34753,1.2008496193015479,0.0,0,1
S2A_MSIL2A_20240908T062631_R077_T40QGL_20240908T111753_0000.jpg,S2A_MSIL2A_20240908T062631_R077_T40QGL_20240908T111753,2024-09-08 06:26:31.024000+00:00,2024-09,0.0588,0.264638,0.228751,1.631148367364219,-1.8265523139970397,0,1
S2A_MSIL2A_20240908T062631_R077_T40QGL_20240908T111753_0001.jpg,S2A_MSIL2A_20240908T062631_R077_T40QGL_20240908T111753,2024-09-08 06:26:31.024000+00:00,2024-09,0.0588,0.264638,0.228751,1.631148367364219,-1.8265523139970397,0,1
S2A_MSIL2A_20241207T063241_R077_T40QGL_20241207T092856_0000.jpg,S2A_MSIL2A_20241207T063241_R077_T40QGL_20241207T092856,2024-12-07 06:32:41.024000+00:00,2024-12,0.0692,0.404004,0.202435,1.2497380997672787,4.036183398670054,0,1
S2A_MSIL2A_20241207T063241_R077_T40QGL_20241207T092856_0001.jpg,S2A_MSIL2A_20241207T063241_R077_T40QGL_20241207T092856,2024-12-07 06:32:41.024000+00:00,2024-12,0.0692,0.404004,0.202435,1.2497380997672787,4.036183398670054,0,1
