{"type": "FeatureCollection", "features": [{"type": "Feature", "properties": {"id": "S2A_MSIL2A_20170227T062811_R077_T40QGL_20210208T174006_0000.jpg", "scene_id": "S2A_MSIL2A_20170227T062811_R077_T40QGL_20210208T174006", "time": "2017-02-27 06:28:11.026000+00:00", "hab_prob": 0.3652690258574907}, "geometry": {"type": "Point", "coordinates": [59.4882009, 22.9936031]}}, {"type": "Feature", "properties": {"id": "S2A_MSIL2A_20170227T062811_R077_T40QGL_20210208T174006_0001.jpg", "scene_id": "S2A_MSIL2A_20170227T062811_R077_T40QGL_20210208T174006", "time": "2017-02-27 06:28:11.026000+00:00", "hab_prob": 0.3429723502631887}, "geometry": {"type": "Point", "coordinates": [59.4882009, 22.9936031]}}, {"type": "Feature", "properties": {"id": "S2A_MSIL2A_20170408T062631_R077_T40QGL_20210209T054516_0000.jpg", "scene_id": "S2A_MSIL2A_20170408T062631_R077_T40QGL_20210209T054516", "time": "2017-04-08 06:26:31.026000+00:00", "hab_prob": 0.3810743914811886}, "geometry": {"type": "Point", "coordinates": [59.4882009, 22.9936031]}}, {"type": "Feature", "properties": {"id": "S2A_MSIL2A_20170408T062631_R077_T40QGL_20210209T054516_0001.jpg", "scene_id": "S2A_MSIL2A_20170408T062631_R077_T40QGL_20210209T054516", "time": "2017-04-08 06:26:31.026000+00:00", "hab_prob": 0.3920045295436062}, "geometry": {"type": "Point", "coordinates": [59.4882009, 22.9936031]}}, {"type": "Feature", "properties": {"id": "S2A_MSIL2A_20170607T062631_R077_T40QGL_20210209T210403_0000.jpg", "scene_id": "S2A_MSIL2A_20170607T062631_R077_T40QGL_20210209T210403", "time": "2017-06-07 06:26:31.026000+00:00", "hab_prob": 0.4137492934163687}, "geometry": {"type": "Point", "coordinates": [59.4882009, 22.9936031]}}, {"type": "Feature", "properties": {"id": "S2A_MSIL2A_20170607T062631_R077_T40QGL_20210209T210403_0001.jpg", "scene_id": "S2A_MSIL2A_20170607T062631_R077_T40QGL_20210209T210403", "time": "2017-06-07 06:26:31.026000+00:00", "hab_prob": 0.4340442646704472}, "geometry": {"type": "Point", "coordinates": [59.4882009, 22.9936031]}}, {"type": "Feature", "properties": {"id": "S2B_MSIL2A_20170712T062629_R077_T40QGL_20210210T075546_0000.jpg", "scene_id": "S2B_MSIL2A_20170712T062629_R077_T40QGL_20210210T075546", "time": "2017-07-12 06:26:29.027000+00:00", "hab_prob": 0.4211539207807129}, "geometry": {"type": "Point", "coordinates": [59.4882009, 22.9936031]}}, {"type": "Feature", "properties": {"id": "S2B_MSIL2A_20170712T062629_R077_T40QGL_20210210T075546_0001.jpg", "scene_id": "S2B_MSIL2A_20170712T062629_R077_T40QGL_20210210T075546", "time": "2017-07-12 06:26:29.027000+00:00", "hab_prob": 0.4211539207807129}, "geometry": {"type": "Point", "coordinates": [59.4882009, 22.9936031]}}, {"type": "Feature", "properties": {"id": "S2A_MSIL2A_20170806T062631_R077_T40QGL_20210210T201854_0000.jpg", "scene_id": "S2A_MSIL2A_20170806T062631_R077_T40QGL_20210210T201854", "time": "2017-08-06 06:26:31.026000+00:00", "hab_prob": 0.4182505092943596}, "geometry": {"type": "Point", "coordinates": [59.4882009, 22.9936031]}}, {"type": "Feature", "properties": {"id": "S2A_MSIL2A_20170806T062631_R077_T40QGL_20210210T201854_0001.jpg", "scene_id": "S2A_MSIL2A_20170806T062631_R077_T40QGL_20210210T201854", "time": "2017-08-06 06:26:31.026000+00:00", "hab_prob": 0.4019190806917709}, "geometry": {"type": "Point", "coordinates": [59.4882009, 22.9936031]}}, {"type": "Feature", "properties": {"id": "S2A_MSIL2A_20170826T062631_R077_T40QGL_20210201T110022_0000.jpg", "scene_id": "S2A_MSIL2A_20170826T062631_R077_T40QGL_20210201T110022", "time": "2017-08-26 06:26:31.026000+00:00", "hab_prob": 0.3503001833504713}, "geometry": {"type": "Point", "coordinates": [59.4882009, 22.9936031]}}, {"type": "Feature", "properties": {"id": "S2A_MSIL2A_20170826T062631_R077_T40QGL_20210201T110022_0001.jpg", "scene_id": "S2A_MSIL2A_20170826T062631_R077_T40QGL_20210201T110022", "time": "2017-08-26 06:26:31.026000+00:00", "hab_prob": 0.3493436301544658}, "geometry": {"type": "Point", "coordinates": [59.4882009, 22.9936031]}}, {"type": "Feature", "properties": {"id": "S2A_MSIL2A_20171005T062721_R077_T40QGL_20210202T140740_0000.jpg", "scene_id": "S2A_MSIL2A_20171005T062721_R077_T40QGL_20210202T140740", "time": "2017-10-05 06:27:21.026000+00:00", "hab_prob": 0.3700884499435271}, "geometry": {"type": "Point", "coordinates": [59.4882009, 22.9936031]}}, {"type": "Feature", "properties": {"id": "S2A_MSIL2A_20171005T062721_R077_T40QGL_20210202T140740_0001.jpg", "scene_id": "S2A_MSIL2A_20171005T062721_R077_T40QGL_20210202T140740", "time": "2017-10-05 06:27:21.026000+00:00", "hab_prob": 0.3948445341995593}, "geometry": {"type": "Point", "coordinates": [59.4882009, 22.9936031]}}, {"type": "Feature", "properties": {"id": "S2B_MSIL2A_20171020T062849_R077_T40QGL_20201015T010903_0000.jpg", "scene_id": "S2B_MSIL2A_20171020T062849_R077_T40QGL_20201015T010903", "time": "2017-10-20 06:28:49.027000+00:00", "hab_prob": 0.3807923072848166}, "geometry": {"type": "Point", "coordinates": [59.4882009, 22.9936031]}}, {"type": "Feature", "properties": {"id": "S2B_MSIL2A_20171020T062849_R077_T40QGL_20201015T010903_0001.jpg", "scene_id": "S2B_MSIL2A_20171020T062849_R077_T40QGL_20201015T010903", "time": "2017-10-20 06:28:49.027000+00:00", "hab_prob": 0.3807923072848166}, "geometry": {"type": "Point", "coordinates": [59.4882009, 22.9936031]}}, {"type": "Feature", "properties": {"id": "S2B_MSIL2A_20171109T063039_R077_T40QGL_20201014T190829_0000.jpg", "scene_id": "S2B_MSIL2A_20171109T063039_R077_T40QGL_20201014T190829", "time": "2017-11-09 06:30:39.027000+00:00", "hab_prob": 0.3990743544386179}, "geometry": {"type": "Point", "coordinates": [59.4882009, 22.9936031]}}, {"type": "Feature", "properties": {"id": "S2B_MSIL2A_20171109T063039_R077_T40QGL_20201014T190829_0001.jpg", "scene_id": "S2B_MSIL2A_20171109T063039_R077_T40QGL_20201014T190829", "time": "2017-11-09 06:30:39.027000+00:00", "hab_prob": 0.3816979576147959}, "geometry": {"type": "Point", "coordinates": [59.4882009, 22.9936031]}}, {"type": "Feature", "properties": {"id": "S2B_MSIL2A_20171119T063129_R077_T40QGL_20201014T205948_0000.jpg", "scene_id": "S2B_MSIL2A_20171119T063129_R077_T40QGL_20201014T205948", "time": "2017-11-19 06:31:29.027000+00:00", "hab_prob": 0.3792850193701731}, "geometry": {"type": "Point", "coordinates": [59.4882009, 22.9936031]}}, {"type": "Feature", "properties": {"id": "S2B_MSIL2A_20171119T063129_R077_T40QGL_20201014T205948_0001.jpg", "scene_id": "S2B_MSIL2A_20171119T063129_R077_T40QGL_20201014T205948", "time": "2017-11-19 06:31:29.027000+00:00", "hab_prob": 0.3901961903681389}, "geometry": {"type": "Point", "coordinates": [59.4882009, 22.9936031]}}, {"type": "Feature", "properties": {"id": "S2B_MSIL2A_20171129T063209_R077_T40QGL_20201014T225537_0000.jpg", "scene_id": "S2B_MSIL2A_20171129T063209_R077_T40QGL_20201014T225537", "time": "2017-11-29 06:32:09.027000+00:00", "hab_prob": 0.3943341197283735}, "geometry": {"type": "Point", "coordinates": [59.4882009, 22.9936031]}}, {"type": "Feature", "properties": {"id": "S2B_MSIL2A_20171129T063209_R077_T40QGL_20201014T225537_0001.jpg", "scene_id": "S2B_MSIL2A_20171129T063209_R077_T40QGL_20201014T225537", "time": "2017-11-29 06:32:09.027000+00:00", "hab_prob": 0.4068459465552435}, "geometry": {"type": "Point", "coordinates": [59.4882009, 22.9936031]}}, {"type": "Feature", "properties": {"id": "S2A_MSIL2A_20171224T063251_R077_T40QGL_20201014T155901_0000.jpg", "scene_id": "S2A_MSIL2A_20171224T063251_R077_T40QGL_20201014T155901", "time": "2017-12-24 06:32:51.026000+00:00", "hab_prob": 0.4676727187099321}, "geometry": {"type": "Point", "coordinates": [59.4882009, 22.9936031]}}, {"type": "Feature", "properties": {"id": "S2A_MSIL2A_20171224T063251_R077_T40QGL_20201014T155901_0001.jpg", "scene_id": "S2A_MSIL2A_20171224T063251_R077_T40QGL_20201014T155901", "time": "2017-12-24 06:32:51.026000+00:00", "hab_prob": 0.4532513051066903}, "geometry": {"type": "Point", "coordinates": [59.4882009, 22.9936031]}}, {"type": "Feature", "properties": {"id": "S2B_MSIL2A_20180108T063229_R077_T40QGL_20201014T041332_0000.jpg", "scene_id": "S2B_MSIL2A_20180108T063229_R077_T40QGL_20201014T041332", "time": "2018-01-08 06:32:29.027000+00:00", "hab_prob": 0.398494410499931}, "geometry": {"type": "Point", "coordinates": [59.4882009, 22.9936031]}}, {"type": "Feature", "properties": {"id": "S2B_MSIL2A_20180108T063229_R077_T40QGL_20201014T041332_0001.jpg", "scene_id": "S2B_MSIL2A_20180108T063229_R077_T40QGL_20201014T041332", "time": "2018-01-08 06:32:29.027000+00:00", "hab_prob": 0.398494410499931}, "geometry": {"type": "Point", "coordinates": [59.4882009, 22.9936031]}}, {"type": "Feature", "properties": {"id": "S2B_MSIL2A_20180128T063119_R077_T40QGL_20201014T093448_0000.jpg", "scene_id": "S2B_MSIL2A_20180128T063119_R077_T40QGL_20201014T093448", "time": "2018-01-28 06:31:19.027000+00:00", "hab_prob": 0.3931976015658254}, "geometry": {"type": "Point", "coordinates": [59.4882009, 22.9936031]}}, {"type": "Feature", "properties": {"id": "S2B_MSIL2A_20180128T063119_R077_T40QGL_20201014T093448_0001.jpg", "scene_id": "S2B_MSIL2A_20180128T063119_R077_T40QGL_20201014T093448", "time": "2018-01-28 06:31:19.027000+00:00", "hab_prob": 0.3780968932655674}, "geometry": {"type": "Point", "coordinates": [59.4882009, 22.9936031]}}, {"type": "Feature", "properties": {"id": "S2B_MSIL2A_20180207T063029_R077_T40QGL_20201013T195609_0000.jpg", "scene_id": "S2B_MSIL2A_20180207T063029_R077_T40QGL_20201013T195609", "time": "2018-02-07 06:30:29.027000+00:00", "hab_prob": 0.4978309455134366}, "geometry": {"type": "Point", "coordinates": [59.4882009, 22.9936031]}}, {"type": "Feature", "properties": {"id": "S2B_MSIL2A_20180207T063029_R077_T40QGL_20201013T195609_0001.jpg", "scene_id": "S2B_MSIL2A_20180207T063029_R077_T40QGL_20201013T195609", "time": "2018-02-07 06:30:29.027000+00:00", "hab_prob": 0.4889886833270309}, "geometry": {"type": "Point", "coordinates": [59.4882009, 22.9936031]}}, {"type": "Feature", "properties": {"id": "S2B_MSIL2A_20180217T062919_R077_T40QGL_20201013T222428_0000.jpg", "scene_id": "S2B_MSIL2A_20180217T062919_R077_T40QGL_20201013T222428", "time": "2018-02-17 06:29:19.027000+00:00", "hab_prob": 0.3980483002775221}, "geometry": {"type": "Point", "coordinates": [59.4882009, 22.9936031]}}, {"type": "Feature", "properties": {"id": "S2B_MSIL2A_20180217T062919_R077_T40QGL_20201013T222428_0001.jpg", "scene_id": "S2B_MSIL2A_20180217T062919_R077_T40QGL_20201013T222428", "time": "2018-02-17 06:29:19.027000+00:00", "hab_prob": 0.3592624156655842}, "geometry": {"type": "Point", "coordinates": [59.4882009, 22.9936031]}}, {"type": "Feature", "properties": {"id": "S2B_MSIL2A_20180319T062619_R077_T40QGL_20201013T111702_0000.jpg", "scene_id": "S2B_MSIL2A_20180319T062619_R077_T40QGL_20201013T111702", "time": "2018-03-19 06:26:19.027000+00:00", "hab_prob": 0.3788857010458254}, "geometry": {"type": "Point", "coordinates": [59.4882009, 22.9936031]}}, {"type": "Feature", "properties": {"id": "S2B_MSIL2A_20180319T062619_R077_T40QGL_20201013T111702_0001.jpg", "scene_id": "S2B_MSIL2A_20180319T062619_R077_T40QGL_20201013T111702", "time": "2018-03-19 06:26:19.027000+00:00", "hab_prob": 0.3702132540647868}, "geometry": {"type": "Point", "coordinates": [59.4882009, 22.9936031]}}, {"type": "Feature", "properties": {"id": "S2B_MSIL2A_20180408T062629_R077_T40QGL_20201012T195312_0000.jpg", "scene_id": "S2B_MSIL2A_20180408T062629_R077_T40QGL_20201012T195312", "time": "2018-04-08 06:26:29.027000+00:00", "hab_prob": 0.3726798301324203}, "geometry": {"type": "Point", "coordinates": [59.4882009, 22.9936031]}}, {"type": "Feature", "properties": {"id": "S2B_MSIL2A_20180408T062629_R077_T40QGL_20201012T195312_0001.jpg", "scene_id": "S2B_MSIL2A_20180408T062629_R077_T40QGL_20201012T195312", "time": "2018-04-08 06:26:29.027000+00:00", "hab_prob": 0.3586507688695254}, "geometry": {"type": "Point", "coordinates": [59.4882009, 22.9936031]}}, {"type": "Feature", "properties": {"id": "S2A_MSIL2A_20180413T062631_R077_T40QGL_20201012T214132_0000.jpg", "scene_id": "S2A_MSIL2A_20180413T062631_R077_T40QGL_20201012T214132", "time": "2018-04-13 06:26:31.026000+00:00", "hab_prob": 0.4080514779887755}, "geometry": {"type": "Point", "coordinates": [59.4882009, 22.9936031]}}, {"type": "Feature", "properties": {"id": "S2A_MSIL2A_20180413T062631_R077_T40QGL_20201012T214132_0001.jpg", "scene_id": "S2A_MSIL2A_20180413T062631_R077_T40QGL_20201012T214132", "time": "2018-04-13 06:26:31.026000+00:00", "hab_prob": 0.3991404492276104}, "geometry": {"type": "Point", "coordinates": [59.4882009, 22.9936031]}}, {"type": "Feature", "properties": {"id": "S2A_MSIL2A_20180503T062631_R077_T40QGL_20201012T051456_0000.jpg", "scene_id": "S2A_MSIL2A_20180503T062631_R077_T40QGL_20201012T051456", "time": "2018-05-03 06:26:31.024000+00:00", "hab_prob": 0.3851825838412772}, "geometry": {"type": "Point", "coordinates": [59.4882009, 22.9936031]}}, {"type": "Feature", "properties": {"id": "S2A_MSIL2A_20180503T062631_R077_T40QGL_20201012T051456_0001.jpg", "scene_id": "S2A_MSIL2A_20180503T062631_R077_T40QGL_20201012T051456", "time": "2018-05-03 06:26:31.024000+00:00", "hab_prob": 0.3965822728570137}, "geometry": {"type": "Point", "coordinates": [59.4882009, 22.9936031]}}, {"type": "Feature", "properties": {"id": "S2A_MSIL2A_20180513T062631_R077_T40QGL_20201012T091424_0000.jpg", "scene_id": "S2A_MSIL2A_20180513T062631_R077_T40QGL_20201012T091424", "time": "2018-05-13 06:26:31.024000+00:00", "hab_prob": 0.4155074632237591}, "geometry": {"type": "Point", "coordinates": [59.4882009, 22.9936031]}}, {"type": "Feature", "properties": {"id": "S2A_MSIL2A_20180513T062631_R077_T40QGL_20201012T091424_0001.jpg", "scene_id": "S2A_MSIL2A_20180513T062631_R077_T40QGL_20201012T091424", "time": "2018-05-13 06:26:31.024000+00:00", "hab_prob": 0.4245257264069467}, "geometry": {"type": "Point", "coordinates": [59.4882009, 22.9936031]}}, {"type": "Feature", "properties": {"id": "S2A_MSIL2A_20180523T062631_R077_T40QGL_20201012T131340_0000.jpg", "scene_id": "S2A_MSIL2A_20180523T062631_R077_T40QGL_20201012T131340", "time": "2018-05-23 06:26:31.024000+00:00", "hab_prob": 0.5080768428862025}, "geometry": {"type": "Point", "coordinates": [59.4882009, 22.9936031]}}, {"type": "Feature", "properties": {"id": "S2A_MSIL2A_20180523T062631_R077_T40QGL_20201012T131340_0001.jpg", "scene_id": "S2A_MSIL2A_20180523T062631_R077_T40QGL_20201012T131340", "time": "2018-05-23 06:26:31.024000+00:00", "hab_prob": 0.5080768428862025}, "geometry": {"type": "Point", "coordinates": [59.4882009, 22.9936031]}}, {"type": "Feature", "properties": {"id": "S2B_MSIL2A_20180528T062629_R077_T40QGL_20201026T110311_0000.jpg", "scene_id": "S2B_MSIL2A_20180528T062629_R077_T40QGL_20201026T110311", "time": "2018-05-28 06:26:29.024000+00:00", "hab_prob": 0.4413053062420143}, "geometry": {"type": "Point", "coordinates": [59.4882009, 22.9936031]}}, {"type": "Feature", "properties": {"id": "S2B_MSIL2A_20180528T062629_R077_T40QGL_20201026T110311_0001.jpg", "scene_id": "S2B_MSIL2A_20180528T062629_R077_T40QGL_20201026T110311", "time": "2018-05-28 06:26:29.024000+00:00", "hab_prob": 0.4321982973349291}, "geometry": {"type": "Point", "coordinates": [59.4882009, 22.9936031]}}, {"type": "Feature", "properties": {"id": "S2A_MSIL2A_20180602T062631_R077_T40QGL_20201026T120848_0000.jpg", "scene_id": "S2A_MSIL2A_20180602T062631_R077_T40QGL_20201026T120848", "time": "2018-06-02 06:26:31.024000+00:00", "hab_prob": 0.4750767929382913}, "geometry": {"type": "Point", "coordinates": [59.4882009, 22.9936031]}}, {"type": "Feature", "properties": {"id": "S2A_MSIL2A_20180602T062631_R077_T40QGL_20201026T120848_0001.jpg", "scene_id": "S2A_MSIL2A_20180602T062631_R077_T40QGL_20201026T120848", "time": "2018-06-02 06:26:31.024000+00:00", "hab_prob": 0.4592112403014166}, "geometry": {"type": "Point", "coordinates": [59.4882009, 22.9936031]}}, {"type": "Feature", "properties": {"id": "S2B_MSIL2A_20180617T062629_R077_T40QGL_20201011T231555_0000.jpg", "scene_id": "S2B_MSIL2A_20180617T062629_R077_T40QGL_20201011T231555", "time": "2018-06-17 06:26:29.024000+00:00", "hab_prob": 0.4403451121481462}, "geometry": {"type": "Point", "coordinates": [59.4882009, 22.9936031]}}, {"type": "Feature", "properties": {"id": "S2B_MSIL2A_20180617T062629_R077_T40QGL_20201011T231555_0001.jpg", "scene_id": "S2B_MSIL2A_20180617T062629_R077_T40QGL_20201011T231555", "time": "2018-06-17 06:26:29.024000+00:00", "hab_prob": 0.4082944871499841}, "geometry": {"type": "Point", "coordinates": [59.4882009, 22.9936031]}}, {"type": "Feature", "properties": {"id": "S2B_MSIL2A_20180707T062629_R077_T40QGL_20201011T130506_0000.jpg", "scene_id": "S2B_MSIL2A_20180707T062629_R077_T40QGL_20201011T130506", "time": "2018-07-07 06:26:29.024000+00:00", "hab_prob": 0.63707520312978}, "geometry": {"type": "Point", "coordinates": [59.4882009, 22.9936031]}}, {"type": "Feature", "properties": {"id": "S2B_MSIL2A_20180707T062629_R077_T40QGL_20201011T130506_0001.jpg", "scene_id": "S2B_MSIL2A_20180707T062629_R077_T40QGL_20201011T130506", "time": "2018-07-07 06:26:29.024000+00:00", "hab_prob": 0.63707520312978}, "geometry": {"type": "Point", "coordinates": [59.4882009, 22.9936031]}}, {"type": "Feature", "properties": {"id": "S2B_MSIL2A_20180806T062629_R077_T40QGL_20201010T220237_0000.jpg", "scene_id": "S2B_MSIL2A_20180806T062629_R077_T40QGL_20201010T220237", "time": "2018-08-06 06:26:29.024000+00:00", "hab_prob": 0.499853500657174}, "geometry": {"type": "Point", "coordinates": [59.4882009, 22.9936031]}}, {"type": "Feature", "properties": {"id": "S2B_MSIL2A_20180806T062629_R077_T40QGL_20201010T220237_0001.jpg", "scene_id": "S2B_MSIL2A_20180806T062629_R077_T40QGL_20201010T220237", "time": "2018-08-06 06:26:29.024000+00:00", "hab_prob": 0.5399086233038431}, "geometry": {"type": "Point", "coordinates": [59.4882009, 22.9936031]}}, {"type": "Feature", "properties": {"id": "S2A_MSIL2A_20180811T062631_R077_T40QGL_20201011T000840_0000.jpg", "scene_id": "S2A_MSIL2A_20180811T062631_R077_T40QGL_20201011T000840", "time": "2018-08-11 06:26:31.025000+00:00", "hab_prob": 0.5602672677861866}, "geometry": {"type": "Point", "coordinates": [59.4882009, 22.9936031]}}, {"type": "Feature", "properties": {"id": "S2A_MSIL2A_20180811T062631_R077_T40QGL_20201011T000840_0001.jpg", "scene_id": "S2A_MSIL2A_20180811T062631_R077_T40QGL_20201011T000840", "time": "2018-08-11 06:26:31.025000+00:00", "hab_prob": 0.5602672677861866}, "geometry": {"type": "Point", "coordinates": [59.4882009, 22.9936031]}}, {"type": "Feature", "properties": {"id": "S2A_MSIL2A_20180821T062631_R077_T40QGL_20201011T044753_0000.jpg", "scene_id": "S2A_MSIL2A_20180821T062631_R077_T40QGL_20201011T044753", "time": "2018-08-21 06:26:31.024000+00:00", "hab_prob": 0.3919565334424148}, "geometry": {"type": "Point", "coordinates": [59.4882009, 22.9936031]}}, {"type": "Feature", "properties": {"id": "S2A_MSIL2A_20180821T062631_R077_T40QGL_20201011T044753_0001.jpg", "scene_id": "S2A_MSIL2A_20180821T062631_R077_T40QGL_20201011T044753", "time": "2018-08-21 06:26:31.024000+00:00", "hab_prob": 0.3759882427011548}, "geometry": {"type": "Point", "coordinates": [59.4882009, 22.9936031]}}, {"type": "Feature", "properties": {"id": "S2A_MSIL2A_20180831T062631_R077_T40QGL_20201103T173702_0000.jpg", "scene_id": "S2A_MSIL2A_20180831T062631_R077_T40QGL_20201103T173702", "time": "2018-08-31 06:26:31.024000+00:00", "hab_prob": 0.4038975802292218}, "geometry": {"type": "Point", "coordinates": [59.4882009, 22.9936031]}}, {"type": "Feature", "properties": {"id": "S2A_MSIL2A_20180831T062631_R077_T40QGL_20201103T173702_0001.jpg", "scene_id": "S2A_MSIL2A_20180831T062631_R077_T40QGL_20201103T173702", "time": "2018-08-31 06:26:31.024000+00:00", "hab_prob": 0.3941302298046417}, "geometry": {"type": "Point", "coordinates": [59.4882009, 22.9936031]}}, {"type": "Feature", "properties": {"id": "S2B_MSIL2A_20180905T062619_R077_T40QGL_20201011T085713_0000.jpg", "scene_id": "S2B_MSIL2A_20180905T062619_R077_T40QGL_20201011T085713", "time": "2018-09-05 06:26:19.024000+00:00", "hab_prob": 0.4056428530406328}, "geometry": {"type": "Point", "coordinates": [59.4882009, 22.9936031]}}, {"type": "Feature", "properties": {"id": "S2B_MSIL2A_20180905T062619_R077_T40QGL_20201011T085713_0001.jpg", "scene_id": "S2B_MSIL2A_20180905T062619_R077_T40QGL_20201011T085713", "time": "2018-09-05 06:26:19.024000+00:00", "hab_prob": 0.4056428530406328}, "geometry": {"type": "Point", "coordinates": [59.4882009, 22.9936031]}}, {"type": "Feature", "properties": {"id": "S2B_MSIL2A_20180915T062619_R077_T40QGL_20201009T012730_0000.jpg", "scene_id": "S2B_MSIL2A_20180915T062619_R077_T40QGL_20201009T012730", "time": "2018-09-15 06:26:19.024000+00:00", "hab_prob": 0.3705922682230058}, "geometry": {"type": "Point", "coordinates": [59.4882009, 22.9936031]}}, {"type": "Feature", "properties": {"id": "S2B_MSIL2A_20180915T062619_R077_T40QGL_20201009T012730_0001.jpg", "scene_id": "S2B_MSIL2A_20180915T062619_R077_T40QGL_20201009T012730", "time": "2018-09-15 06:26:19.024000+00:00", "hab_prob": 0.3749403838956205}, "geometry": {"type": "Point", "coordinates": [59.4882009, 22.9936031]}}, {"type": "Feature", "properties": {"id": "S2A_MSIL2A_20180930T062641_R077_T40QGL_20201009T062820_0000.jpg", "scene_id": "S2A_MSIL2A_20180930T062641_R077_T40QGL_20201009T062820", "time": "2018-09-30 06:26:41.024000+00:00", "hab_prob": 0.3983117741135862}, "geometry": {"type": "Point", "coordinates": [59.4882009, 22.9936031]}}, {"type": "Feature", "properties": {"id": "S2A_MSIL2A_20180930T062641_R077_T40QGL_20201009T062820_0001.jpg", "scene_id": "S2A_MSIL2A_20180930T062641_R077_T40QGL_20201009T062820", "time": "2018-09-30 06:26:41.024000+00:00", "hab_prob": 0.4139133239972854}, "geometry": {"type": "Point", "coordinates": [59.4882009, 22.9936031]}}, {"type": "Feature", "properties": {"id": "S2B_MSIL2A_20181005T062719_R077_T40QGL_20201009T082717_0000.jpg", "scene_id": "S2B_MSIL2A_20181005T062719_R077_T40QGL_20201009T082717", "time": "2018-10-05 06:27:19.024000+00:00", "hab_prob": 0.3634667132391619}, "geometry": {"type": "Point", "coordinates": [59.4882009, 22.9936031]}}, {"type": "Feature", "properties": {"id": "S2B_MSIL2A_20181005T062719_R077_T40QGL_20201009T082717_0001.jpg", "scene_id": "S2B_MSIL2A_20181005T062719_R077_T40QGL_20201009T082717", "time": "2018-10-05 06:27:19.024000+00:00", "hab_prob": 0.3677800772957854}, "geometry": {"type": "Point", "coordinates": [59.4882009, 22.9936031]}}, {"type": "Feature", "properties": {"id": "S2A_MSIL2A_20181010T062751_R077_T40QGL_20201009T100248_0000.jpg", "scene_id": "S2A_MSIL2A_20181010T062751_R077_T40QGL_20201009T100248", "time": "2018-10-10 06:27:51.024000+00:00", "hab_prob": 0.3806307054652531}, "geometry": {"type": "Point", "coordinates": [59.4882009, 22.9936031]}}, {"type": "Feature", "properties": {"id": "S2A_MSIL2A_20181010T062751_R077_T40QGL_20201009T100248_0001.jpg", "scene_id": "S2A_MSIL2A_20181010T062751_R077_T40QGL_20201009T100248", "time": "2018-10-10 06:27:51.024000+00:00", "hab_prob": 0.3862954075080145}, "geometry": {"type": "Point", "coordinates": [59.4882009, 22.9936031]}}, {"type": "Feature", "properties": {"id": "S2B_MSIL2A_20181104T063029_R077_T40QGL_20201008T154613_0000.jpg", "scene_id": "S2B_MSIL2A_20181104T063029_R077_T40QGL_20201008T154613", "time": "2018-11-04 06:30:29.024000+00:00", "hab_prob": 0.3501028299294718}, "geometry": {"type": "Point", "coordinates": [59.4882009, 22.9936031]}}, {"type": "Feature", "properties": {"id": "S2B_MSIL2A_20181104T063029_R077_T40QGL_20201008T154613_0001.jpg", "scene_id": "S2B_MSIL2A_20181104T063029_R077_T40QGL_20201008T154613", "time": "2018-11-04 06:30:29.024000+00:00", "hab_prob": 0.3158537874845641}, "geometry": {"type": "Point", "coordinates": [59.4882009, 22.9936031]}}, {"type": "Feature", "properties": {"id": "S2B_MSIL2A_20181114T063119_R077_T40QGL_20201008T183306_0000.jpg", "scene_id": "S2B_MSIL2A_20181114T063119_R077_T40QGL_20201008T183306", "time": "2018-11-14 06:31:19.024000+00:00", "hab_prob": 0.3598438676307227}, "geometry": {"type": "Point", "coordinates": [59.4882009, 22.9936031]}}, {"type": "Feature", "properties": {"id": "S2B_MSIL2A_20181114T063119_R077_T40QGL_20201008T183306_0001.jpg", "scene_id": "S2B_MSIL2A_20181114T063119_R077_T40QGL_20201008T183306", "time": "2018-11-14 06:31:19.024000+00:00", "hab_prob": 0.3768317244959377}, "geometry": {"type": "Point", "coordinates": [59.4882009, 22.9936031]}}, {"type": "Feature", "properties": {"id": "S2A_MSIL2A_20181209T063241_R077_T40QGL_20201008T083422_0000.jpg", "scene_id": "S2A_MSIL2A_20181209T063241_R077_T40QGL_20201008T083422", "time": "2018-12-09 06:32:41.024000+00:00", "hab_prob": 0.4796059842538184}, "geometry": {"type": "Point", "coordinates": [59.4882009, 22.9936031]}}, {"type": "Feature", "properties": {"id": "S2A_MSIL2A_20181209T063241_R077_T40QGL_20201008T083422_0001.jpg", "scene_id": "S2A_MSIL2A_20181209T063241_R077_T40QGL_20201008T083422", "time": "2018-12-09 06:32:41.024000+00:00", "hab_prob": 0.4796059842538184}, "geometry": {"type": "Point", "coordinates": [59.4882009, 22.9936031]}}, {"type": "Feature", "properties": {"id": "S2B_MSIL2A_20190103T063249_R077_T40QGL_20201007T222958_0000.jpg", "scene_id": "S2B_MSIL2A_20190103T063249_R077_T40QGL_20201007T222958", "time": "2019-01-03 06:32:49.024000+00:00", "hab_prob": 0.4681526692823258}, "geometry": {"type": "Point", "coordinates": [59.4882009, 22.9936031]}}, {"type": "Feature", "properties": {"id": "S2B_MSIL2A_20190103T063249_R077_T40QGL_20201007T222958_0001.jpg", "scene_id": "S2B_MSIL2A_20190103T063249_R077_T40QGL_20201007T222958", "time": "2019-01-03 06:32:49.024000+00:00", "hab_prob": 0.4323823682251851}, "geometry": {"type": "Point", "coordinates": [59.4882009, 22.9936031]}}, {"type": "Feature", "properties": {"id": "S2A_MSIL2A_20190128T063121_R077_T40QGL_20201008T051649_0000.jpg", "scene_id": "S2A_MSIL2A_20190128T063121_R077_T40QGL_20201008T051649", "time": "2019-01-28 06:31:21.024000+00:00", "hab_prob": 0.3714071371317174}, "geometry": {"type": "Point", "coordinates": [59.4882009, 22.9936031]}}, {"type": "Feature", "properties": {"id": "S2A_MSIL2A_20190128T063121_R077_T40QGL_20201008T051649_0001.jpg", "scene_id": "S2A_MSIL2A_20190128T063121_R077_T40QGL_20201008T051649", "time": "2019-01-28 06:31:21.024000+00:00", "hab_prob": 0.3513810878896571}, "geometry": {"type": "Point", "coordinates": [59.4882009, 22.9936031]}}, {"type": "Feature", "properties": {"id": "S2B_MSIL2A_20190212T063009_R077_T40QGL_20201007T161347_0000.jpg", "scene_id": "S2B_MSIL2A_20190212T063009_R077_T40QGL_20201007T161347", "time": "2019-02-12 06:30:09.024000+00:00", "hab_prob": 0.3351490443484393}, "geometry": {"type": "Point", "coordinates": [59.4882009, 22.9936031]}}, {"type": "Feature", "properties": {"id": "S2B_MSIL2A_20190212T063009_R077_T40QGL_20201007T161347_0001.jpg", "scene_id": "S2B_MSIL2A_20190212T063009_R077_T40QGL_20201007T161347", "time": "2019-02-12 06:30:09.024000+00:00", "hab_prob": 0.3342995574203126}, "geometry": {"type": "Point", "coordinates": [59.4882009, 22.9936031]}}, {"type": "Feature", "properties": {"id": "S2A_MSIL2A_20190227T062821_R077_T40QGL_20201007T210606_0000.jpg", "scene_id": "S2A_MSIL2A_20190227T062821_R077_T40QGL_20201007T210606", "time": "2019-02-27 06:28:21.024000+00:00", "hab_prob": 0.3536601728282664}, "geometry": {"type": "Point", "coordinates": [59.4882009, 22.9936031]}}, {"type": "Feature", "properties": {"id": "S2A_MSIL2A_20190227T062821_R077_T40QGL_20201007T210606_0001.jpg", "scene_id": "S2A_MSIL2A_20190227T062821_R077_T40QGL_20201007T210606", "time": "2019-02-27 06:28:21.024000+00:00", "hab_prob": 0.3383838076596961}, "geometry": {"type": "Point", "coordinates": [59.4882009, 22.9936031]}}, {"type": "Feature", "properties": {"id": "S2B_MSIL2A_20190304T062749_R077_T40QGL_20201030T140917_0000.jpg", "scene_id": "S2B_MSIL2A_20190304T062749_R077_T40QGL_20201030T140917", "time": "2019-03-04 06:27:49.024000+00:00", "hab_prob": 0.3788857010458254}, "geometry": {"type": "Point", "coordinates": [59.4882009, 22.9936031]}}, {"type": "Feature", "properties": {"id": "S2B_MSIL2A_20190304T062749_R077_T40QGL_20201030T140917_0001.jpg", "scene_id": "S2B_MSIL2A_20190304T062749_R077_T40QGL_20201030T140917", "time": "2019-03-04 06:27:49.024000+00:00", "hab_prob": 0.3546141684850499}, "geometry": {"type": "Point", "coordinates": [59.4882009, 22.9936031]}}, {"type": "Feature", "properties": {"id": "S2B_MSIL2A_20190314T062629_R077_T40QGL_20201007T063944_0000.jpg", "scene_id": "S2B_MSIL2A_20190314T062629_R077_T40QGL_20201007T063944", "time": "2019-03-14 06:26:29.024000+00:00", "hab_prob": 0.3897925983961266}, "geometry": {"type": "Point", "coordinates": [59.4882009, 22.9936031]}}, {"type": "Feature", "properties": {"id": "S2B_MSIL2A_20190314T062629_R077_T40QGL_20201007T063944_0001.jpg", "scene_id": "S2B_MSIL2A_20190314T062629_R077_T40QGL_20201007T063944", "time": "2019-03-14 06:26:29.024000+00:00", "hab_prob": 0.3702132540647868}, "geometry": {"type": "Point", "coordinates": [59.4882009, 22.9936031]}}, {"type": "Feature", "properties": {"id": "S2A_MSIL2A_20190408T062631_R077_T40QGL_20201006T233306_0000.jpg", "scene_id": "S2A_MSIL2A_20190408T062631_R077_T40QGL_20201006T233306", "time": "2019-04-08 06:26:31.024000+00:00", "hab_prob": 0.3726798301324203}, "geometry": {"type": "Point", "coordinates": [59.4882009, 22.9936031]}}, {"type": "Feature", "properties": {"id": "S2A_MSIL2A_20190408T062631_R077_T40QGL_20201006T233306_0001.jpg", "scene_id": "S2A_MSIL2A_20190408T062631_R077_T40QGL_20201006T233306", "time": "2019-04-08 06:26:31.024000+00:00", "hab_prob": 0.3813750680774824}, "geometry": {"type": "Point", "coordinates": [59.4882009, 22.9936031]}}, {"type": "Feature", "properties": {"id": "S2A_MSIL2A_20190418T062631_R077_T40QGL_20201007T032916_0000.jpg", "scene_id": "S2A_MSIL2A_20190418T062631_R077_T40QGL_20201007T032916", "time": "2019-04-18 06:26:31.024000+00:00", "hab_prob": 0.3888154057723902}, "geometry": {"type": "Point", "coordinates": [59.4882009, 22.9936031]}}, {"type": "Feature", "properties": {"id": "S2A_MSIL2A_20190418T062631_R077_T40QGL_20201007T032916_0001.jpg", "scene_id": "S2A_MSIL2A_20190418T062631_R077_T40QGL_20201007T032916", "time": "2019-04-18 06:26:31.024000+00:00", "hab_prob": 0.3692554434024789}, "geometry": {"type": "Point", "coordinates": [59.4882009, 22.9936031]}}, {"type": "Feature", "properties": {"id": "S2A_MSIL2A_20190428T062631_R077_T40QGL_20201105T205728_0000.jpg", "scene_id": "S2A_MSIL2A_20190428T062631_R077_T40QGL_20201105T205728", "time": "2019-04-28 06:26:31.024000+00:00", "hab_prob": 0.4139042024155341}, "geometry": {"type": "Point", "coordinates": [59.4882009, 22.9936031]}}, {"type": "Feature", "properties": {"id": "S2A_MSIL2A_20190428T062631_R077_T40QGL_20201105T205728_0001.jpg", "scene_id": "S2A_MSIL2A_20190428T062631_R077_T40QGL_20201105T205728", "time": "2019-04-28 06:26:31.024000+00:00", "hab_prob": 0.4139042024155341}, "geometry": {"type": "Point", "coordinates": [59.4882009, 22.9936031]}}, {"type": "Feature", "properties": {"id": "S2B_MSIL2A_20190503T062639_R077_T40QGL_20201006T093617_0000.jpg", "scene_id": "S2B_MSIL2A_20190503T062639_R077_T40QGL_20201006T093617", "time": "2019-05-03 06:26:39.024000+00:00", "hab_prob": 0.3939863242865134}, "geometry": {"type": "Point", "coordinates": [59.4882009, 22.9936031]}}, {"type": "Feature", "properties": {"id": "S2B_MSIL2A_20190503T062639_R077_T40QGL_20201006T093617_0001.jpg", "scene_id": "S2B_MSIL2A_20190503T062639_R077_T40QGL_20201006T093617", "time": "2019-05-03 06:26:39.024000+00:00", "hab_prob": 0.3851825838412772}, "geometry": {"type": "Point", "coordinates": [59.4882009, 22.9936031]}}, {"type": "Feature", "properties": {"id": "S2A_MSIL2A_20190528T062631_R077_T40QGL_20201006T191629_0000.jpg", "scene_id": "S2A_MSIL2A_20190528T062631_R077_T40QGL_20201006T191629", "time": "2019-05-28 06:26:31.024000+00:00", "hab_prob": 0.4063176013439475}, "geometry": {"type": "Point", "coordinates": [59.4882009, 22.9936031]}}, {"type": "Feature", "properties": {"id": "S2A_MSIL2A_20190528T062631_R077_T40QGL_20201006T191629_0001.jpg", "scene_id": "S2A_MSIL2A_20190528T062631_R077_T40QGL_20201006T191629", "time": "2019-05-28 06:26:31.024000+00:00", "hab_prob": 0.3864338621196865}, "geometry": {"type": "Point", "coordinates": [59.4882009, 22.9936031]}}, {"type": "Feature", "properties": {"id": "S2A_MSIL2A_20190607T062631_R077_T40QGL_20201005T230634_0000.jpg", "scene_id": "S2A_MSIL2A_20190607T062631_R077_T40QGL_20201005T230634", "time": "2019-06-07 06:26:31.024000+00:00", "hab_prob": 0.4101942931231584}, "geometry": {"type": "Point", "coordinates": [59.4882009, 22.9936031]}}, {"type": "Feature", "properties": {"id": "S2A_MSIL2A_20190607T062631_R077_T40QGL_20201005T230634_0001.jpg", "scene_id": "S2A_MSIL2A_20190607T062631_R077_T40QGL_20201005T230634", "time": "2019-06-07 06:26:31.024000+00:00", "hab_prob": 0.4041255083634334}, "geometry": {"type": "Point", "coordinates": [59.4882009, 22.9936031]}}, {"type": "Feature", "properties": {"id": "S2B_MSIL2A_20190612T062639_R077_T40QGL_20201006T012129_0000.jpg", "scene_id": "S2B_MSIL2A_20190612T062639_R077_T40QGL_20201006T012129", "time": "2019-06-12 06:26:39.024000+00:00", "hab_prob": 0.435962537170691}, "geometry": {"type": "Point", "coordinates": [59.4882009, 22.9936031]}}, {"type": "Feature", "properties": {"id": "S2B_MSIL2A_20190612T062639_R077_T40QGL_20201006T012129_0001.jpg", "scene_id": "S2B_MSIL2A_20190612T062639_R077_T40QGL_20201006T012129", "time": "2019-06-12 06:26:39.024000+00:00", "hab_prob": 0.4054444099183219}, "geometry": {"type": "Point", "coordinates": [59.4882009, 22.9936031]}}, {"type": "Feature", "properties": {"id": "S2A_MSIL2A_20190627T062631_R077_T40QGL_20201006T065428_0000.jpg", "scene_id": "S2A_MSIL2A_20190627T062631_R077_T40QGL_20201006T065428", "time": "2019-06-27 06:26:31.024000+00:00", "hab_prob": 0.5196528865587731}, "geometry": {"type": "Point", "coordinates": [59.4882009, 22.9936031]}}, {"type": "Feature", "properties": {"id": "S2A_MSIL2A_20190627T062631_R077_T40QGL_20201006T065428_0001.jpg", "scene_id": "S2A_MSIL2A_20190627T062631_R077_T40QGL_20201006T065428", "time": "2019-06-27 06:26:31.024000+00:00", "hab_prob": 0.510817299397586}, "geometry": {"type": "Point", "coordinates": [59.4882009, 22.9936031]}}, {"type": "Feature", "properties": {"id": "S2B_MSIL2A_20190702T062639_R077_T40QGL_20201005T081837_0000.jpg", "scene_id": "S2B_MSIL2A_20190702T062639_R077_T40QGL_20201005T081837", "time": "2019-07-02 06:26:39.024000+00:00", "hab_prob": 0.5046958740764024}, "geometry": {"type": "Point", "coordinates": [59.4882009, 22.9936031]}}, {"type": "Feature", "properties": {"id": "S2B_MSIL2A_20190702T062639_R077_T40QGL_20201005T081837_0001.jpg", "scene_id": "S2B_MSIL2A_20190702T062639_R077_T40QGL_20201005T081837", "time": "2019-07-02 06:26:39.024000+00:00", "hab_prob": 0.4663615941086831}, "geometry": {"type": "Point", "coordinates": [59.4882009, 22.9936031]}}, {"type": "Feature", "properties": {"id": "S2A_MSIL2A_20190816T062631_R077_T40QGL_20201005T005747_0000.jpg", "scene_id": "S2A_MSIL2A_20190816T062631_R077_T40QGL_20201005T005747", "time": "2019-08-16 06:26:31.024000+00:00", "hab_prob": 0.5629089656529638}, "geometry": {"type": "Point", "coordinates": [59.4882009, 22.9936031]}}, {"type": "Feature", "properties": {"id": "S2A_MSIL2A_20190816T062631_R077_T40QGL_20201005T005747_0001.jpg", "scene_id": "S2A_MSIL2A_20190816T062631_R077_T40QGL_20201005T005747", "time": "2019-08-16 06:26:31.024000+00:00", "hab_prob": 0.5218808569799583}, "geometry": {"type": "Point", "coordinates": [59.4882009, 22.9936031]}}, {"type": "Feature", "properties": {"id": "S2B_MSIL2A_20190821T062639_R077_T40QGL_20201005T030927_0000.jpg", "scene_id": "S2B_MSIL2A_20190821T062639_R077_T40QGL_20201005T030927", "time": "2019-08-21 06:26:39.024000+00:00", "hab_prob": 0.3849065403803902}, "geometry": {"type": "Point", "coordinates": [59.4882009, 22.9936031]}}, {"type": "Feature", "properties": {"id": "S2B_MSIL2A_20190821T062639_R077_T40QGL_20201005T030927_0001.jpg", "scene_id": "S2B_MSIL2A_20190821T062639_R077_T40QGL_20201005T030927", "time": "2019-08-21 06:26:39.024000+00:00", "hab_prob": 0.3302334436796978}, "geometry": {"type": "Point", "coordinates": [59.4882009, 22.9936031]}}, {"type": "Feature", "properties": {"id": "S2A_MSIL2A_20190826T062631_R077_T40QGL_20201005T045841_0000.jpg", "scene_id": "S2A_MSIL2A_20190826T062631_R077_T40QGL_20201005T045841", "time": "2019-08-26 06:26:31.024000+00:00", "hab_prob": 0.3958613250667199}, "geometry": {"type": "Point", "coordinates": [59.4882009, 22.9936031]}}, {"type": "Feature", "properties": {"id": "S2A_MSIL2A_20190826T062631_R077_T40QGL_20201005T045841_0001.jpg", "scene_id": "S2A_MSIL2A_20190826T062631_R077_T40QGL_20201005T045841", "time": "2019-08-26 06:26:31.024000+00:00", "hab_prob": 0.3806355802453885}, "geometry": {"type": "Point", "coordinates": [59.4882009, 22.9936031]}}, {"type": "Feature", "properties": {"id": "S2B_MSIL2A_20190910T062629_R077_T40QGL_20201004T113425_0000.jpg", "scene_id": "S2B_MSIL2A_20190910T062629_R077_T40QGL_20201004T113425", "time": "2019-09-10 06:26:29.024000+00:00", "hab_prob": 0.407811361258885}, "geometry": {"type": "Point", "coordinates": [59.4882009, 22.9936031]}}, {"type": "Feature", "properties": {"id": "S2B_MSIL2A_20190910T062629_R077_T40QGL_20201004T113425_0001.jpg", "scene_id": "S2B_MSIL2A_20190910T062629_R077_T40QGL_20201004T113425", "time": "2019-09-10 06:26:29.024000+00:00", "hab_prob": 0.3781002018334971}, "geometry": {"type": "Point", "coordinates": [59.4882009, 22.9936031]}}, {"type": "Feature", "properties": {"id": "S2B_MSIL2A_20190930T062639_R077_T40QGL_20201004T185142_0000.jpg", "scene_id": "S2B_MSIL2A_20190930T062639_R077_T40QGL_20201004T185142", "time": "2019-09-30 06:26:39.024000+00:00", "hab_prob": 0.3997227609772089}, "geometry": {"type": "Point", "coordinates": [59.4882009, 22.9936031]}}, {"type": "Feature", "properties": {"id": "S2B_MSIL2A_20190930T062639_R077_T40QGL_20201004T185142_0001.jpg", "scene_id": "S2B_MSIL2A_20190930T062639_R077_T40QGL_20201004T185142", "time": "2019-09-30 06:26:39.024000+00:00", "hab_prob": 0.3853009579638679}, "geometry": {"type": "Point", "coordinates": [59.4882009, 22.9936031]}}, {"type": "Feature", "properties": {"id": "S2A_MSIL2A_20191015T062831_R077_T40QGL_20201004T022854_0000.jpg", "scene_id": "S2A_MSIL2A_20191015T062831_R077_T40QGL_20201004T022854", "time": "2019-10-15 06:28:31.024000+00:00", "hab_prob": 0.4039166231423521}, "geometry": {"type": "Point", "coordinates": [59.4882009, 22.9936031]}}, {"type": "Feature", "properties": {"id": "S2A_MSIL2A_20191015T062831_R077_T40QGL_20201004T022854_0001.jpg", "scene_id": "S2A_MSIL2A_20191015T062831_R077_T40QGL_20201004T022854", "time": "2019-10-15 06:28:31.024000+00:00", "hab_prob": 0.4039166231423521}, "geometry": {"type": "Point", "coordinates": [59.4882009, 22.9936031]}}, {"type": "Feature", "properties": {"id": "S2B_MSIL2A_20191020T062859_R077_T40QGL_20201004T042518_0000.jpg", "scene_id": "S2B_MSIL2A_20191020T062859_R077_T40QGL_20201004T042518", "time": "2019-10-20 06:28:59.024000+00:00", "hab_prob": 0.3525221845982385}, "geometry": {"type": "Point", "coordinates": [59.4882009, 22.9936031]}}, {"type": "Feature", "properties": {"id": "S2B_MSIL2A_20191020T062859_R077_T40QGL_20201004T042518_0001.jpg", "scene_id": "S2B_MSIL2A_20191020T062859_R077_T40QGL_20201004T042518", "time": "2019-10-20 06:28:59.024000+00:00", "hab_prob": 0.3379005301118175}, "geometry": {"type": "Point", "coordinates": [59.4882009, 22.9936031]}}, {"type": "Feature", "properties": {"id": "S2A_MSIL2A_20191025T062931_R077_T40QGL_20201004T055923_0000.jpg", "scene_id": "S2A_MSIL2A_20191025T062931_R077_T40QGL_20201004T055923", "time": "2019-10-25 06:29:31.024000+00:00", "hab_prob": 0.3656602878197318}, "geometry": {"type": "Point", "coordinates": [59.4882009, 22.9936031]}}, {"type": "Feature", "properties": {"id": "S2A_MSIL2A_20191025T062931_R077_T40QGL_20201004T055923_0001.jpg", "scene_id": "S2A_MSIL2A_20191025T062931_R077_T40QGL_20201004T055923", "time": "2019-10-25 06:29:31.024000+00:00", "hab_prob": 0.3807923072848166}, "geometry": {"type": "Point", "coordinates": [59.4882009, 22.9936031]}}, {"type": "Feature", "properties": {"id": "S2B_MSIL2A_20191119T063139_R077_T40QGL_20201003T180524_0000.jpg", "scene_id": "S2B_MSIL2A_20191119T063139_R077_T40QGL_20201003T180524", "time": "2019-11-19 06:31:39.024000+00:00", "hab_prob": 0.4180360805434568}, "geometry": {"type": "Point", "coordinates": [59.4882009, 22.9936031]}}, {"type": "Feature", "properties": {"id": "S2B_MSIL2A_20191119T063139_R077_T40QGL_20201003T180524_0001.jpg", "scene_id": "S2B_MSIL2A_20191119T063139_R077_T40QGL_20201003T180524", "time": "2019-11-19 06:31:39.024000+00:00", "hab_prob": 0.4180360805434568}, "geometry": {"type": "Point", "coordinates": [59.4882009, 22.9936031]}}, {"type": "Feature", "properties": {"id": "S2A_MSIL2A_20191214T063251_R077_T40QGL_20201003T044507_0000.jpg", "scene_id": "S2A_MSIL2A_20191214T063251_R077_T40QGL_20201003T044507", "time": "2019-12-14 06:32:51.024000+00:00", "hab_prob": 0.4017198267937923}, "geometry": {"type": "Point", "coordinates": [59.4882009, 22.9936031]}}, {"type": "Feature", "properties": {"id": "S2A_MSIL2A_20191214T063251_R077_T40QGL_20201003T044507_0001.jpg", "scene_id": "S2A_MSIL2A_20191214T063251_R077_T40QGL_20201003T044507", "time": "2019-12-14 06:32:51.024000+00:00", "hab_prob": 0.3856060269631179}, "geometry": {"type": "Point", "coordinates": [59.4882009, 22.9936031]}}, {"type": "Feature", "properties": {"id": "S2B_MSIL2A_20200118T063209_R077_T40QGL_20201002T202134_0000.jpg", "scene_id": "S2B_MSIL2A_20200118T063209_R077_T40QGL_20201002T202134", "time": "2020-01-18 06:32:09.024000+00:00", "hab_prob": 0.4332321081263113}, "geometry": {"type": "Point", "coordinates": [59.4882009, 22.9936031]}}, {"type": "Feature", "properties": {"id": "S2B_MSIL2A_20200118T063209_R077_T40QGL_20201002T202134_0001.jpg", "scene_id": "S2B_MSIL2A_20200118T063209_R077_T40QGL_20201002T202134", "time": "2020-01-18 06:32:09.024000+00:00", "hab_prob": 0.4332321081263113}, "geometry": {"type": "Point", "coordinates": [59.4882009, 22.9936031]}}, {"type": "Feature", "properties": {"id": "S2A_MSIL2A_20200303T062741_R077_T40QGL_20200926T050041_0000.jpg", "scene_id": "S2A_MSIL2A_20200303T062741_R077_T40QGL_20200926T050041", "time": "2020-03-03 06:27:41.024000+00:00", "hab_prob": 0.3875604298936217}, "geometry": {"type": "Point", "coordinates": [59.4882009, 22.9936031]}}, {"type": "Feature", "properties": {"id": "S2A_MSIL2A_20200303T062741_R077_T40QGL_20200926T050041_0001.jpg", "scene_id": "S2A_MSIL2A_20200303T062741_R077_T40QGL_20200926T050041", "time": "2020-03-03 06:27:41.024000+00:00", "hab_prob": 0.3680255851095646}, "geometry": {"type": "Point", "coordinates": [59.4882009, 22.9936031]}}, {"type": "Feature", "properties": {"id": "S2A_MSIL2A_20200313T062631_R077_T40QGL_20201009T030506_0000.jpg", "scene_id": "S2A_MSIL2A_20200313T062631_R077_T40QGL_20201009T030506", "time": "2020-03-13 06:26:31.024000+00:00", "hab_prob": 0.3855488609107951}, "geometry": {"type": "Point", "coordinates": [59.4882009, 22.9936031]}}, {"type": "Feature", "properties": {"id": "S2A_MSIL2A_20200313T062631_R077_T40QGL_20201009T030506_0001.jpg", "scene_id": "S2A_MSIL2A_20200313T062631_R077_T40QGL_20201009T030506", "time": "2020-03-13 06:26:31.024000+00:00", "hab_prob": 0.381686943077985}, "geometry": {"type": "Point", "coordinates": [59.4882009, 22.9936031]}}, {"type": "Feature", "properties": {"id": "S2B_MSIL2A_20200328T062629_R077_T40QGL_20201027T122255_0000.jpg", "scene_id": "S2B_MSIL2A_20200328T062629_R077_T40QGL_20201027T122255", "time": "2020-03-28 06:26:29.024000+00:00", "hab_prob": 0.3766774359476393}, "geometry": {"type": "Point", "coordinates": [59.4882009, 22.9936031]}}, {"type": "Feature", "properties": {"id": "S2B_MSIL2A_20200328T062629_R077_T40QGL_20201027T122255_0001.jpg", "scene_id": "S2B_MSIL2A_20200328T062629_R077_T40QGL_20201027T122255", "time": "2020-03-28 06:26:29.024000+00:00", "hab_prob": 0.3680255851095646}, "geometry": {"type": "Point", "coordinates": [59.4882009, 22.9936031]}}, {"type": "Feature", "properties": {"id": "S2A_MSIL2A_20200402T062621_R077_T40QGL_20200924T160404_0000.jpg", "scene_id": "S2A_MSIL2A_20200402T062621_R077_T40QGL_20200924T160404", "time": "2020-04-02 06:26:21.024000+00:00", "hab_prob": 0.41566256376565}, "geometry": {"type": "Point", "coordinates": [59.4882009, 22.9936031]}}, {"type": "Feature", "properties": {"id": "S2A_MSIL2A_20200402T062621_R077_T40QGL_20200924T160404_0001.jpg", "scene_id": "S2A_MSIL2A_20200402T062621_R077_T40QGL_20200924T160404", "time": "2020-04-02 06:26:21.024000+00:00", "hab_prob": 0.3956262633367998}, "geometry": {"type": "Point", "coordinates": [59.4882009, 22.9936031]}}, {"type": "Feature", "properties": {"id": "S2B_MSIL2A_20200507T062629_R077_T40QGL_20200920T220120_0000.jpg", "scene_id": "S2B_MSIL2A_20200507T062629_R077_T40QGL_20200920T220120", "time": "2020-05-07 06:26:29.024000+00:00", "hab_prob": 0.4157098261273691}, "geometry": {"type": "Point", "coordinates": [59.4882009, 22.9936031]}}, {"type": "Feature", "properties": {"id": "S2B_MSIL2A_20200507T062629_R077_T40QGL_20200920T220120_0001.jpg", "scene_id": "S2B_MSIL2A_20200507T062629_R077_T40QGL_20200920T220120", "time": "2020-05-07 06:26:29.024000+00:00", "hab_prob": 0.3956727901372433}, "geometry": {"type": "Point", "coordinates": [59.4882009, 22.9936031]}}, {"type": "Feature", "properties": {"id": "S2A_MSIL2A_20200512T062631_R077_T40QGL_20200917T210541_0000.jpg", "scene_id": "S2A_MSIL2A_20200512T062631_R077_T40QGL_20200917T210541", "time": "2020-05-12 06:26:31.024000+00:00", "hab_prob": 0.4322197278404315}, "geometry": {"type": "Point", "coordinates": [59.4882009, 22.9936031]}}, {"type": "Feature", "properties": {"id": "S2A_MSIL2A_20200512T062631_R077_T40QGL_20200917T210541_0001.jpg", "scene_id": "S2A_MSIL2A_20200512T062631_R077_T40QGL_20200917T210541", "time": "2020-05-12 06:26:31.024000+00:00", "hab_prob": 0.4119479715069527}, "geometry": {"type": "Point", "coordinates": [59.4882009, 22.9936031]}}, {"type": "Feature", "properties": {"id": "S2A_MSIL2A_20200522T062631_R077_T40QGL_20200910T130323_0000.jpg", "scene_id": "S2A_MSIL2A_20200522T062631_R077_T40QGL_20200910T130323", "time": "2020-05-22 06:26:31.024000+00:00", "hab_prob": 0.4544947889503768}, "geometry": {"type": "Point", "coordinates": [59.4882009, 22.9936031]}}, {"type": "Feature", "properties": {"id": "S2A_MSIL2A_20200522T062631_R077_T40QGL_20200910T130323_0001.jpg", "scene_id": "S2A_MSIL2A_20200522T062631_R077_T40QGL_20200910T130323", "time": "2020-05-22 06:26:31.024000+00:00", "hab_prob": 0.4440378389753556}, "geometry": {"type": "Point", "coordinates": [59.4882009, 22.9936031]}}, {"type": "Feature", "properties": {"id": "S2B_MSIL2A_20200527T062629_R077_T40QGL_20200911T043845_0000.jpg", "scene_id": "S2B_MSIL2A_20200527T062629_R077_T40QGL_20200911T043845", "time": "2020-05-27 06:26:29.024000+00:00", "hab_prob": 0.4340442646704472}, "geometry": {"type": "Point", "coordinates": [59.4882009, 22.9936031]}}, {"type": "Feature", "properties": {"id": "S2B_MSIL2A_20200527T062629_R077_T40QGL_20200911T043845_0001.jpg", "scene_id": "S2B_MSIL2A_20200527T062629_R077_T40QGL_20200911T043845", "time": "2020-05-27 06:26:29.024000+00:00", "hab_prob": 0.4137492934163687}, "geometry": {"type": "Point", "coordinates": [59.4882009, 22.9936031]}}, {"type": "Feature", "properties": {"id": "S2B_MSIL2A_20200606T062629_R077_T40QGL_20200909T170242_0000.jpg", "scene_id": "S2B_MSIL2A_20200606T062629_R077_T40QGL_20200909T170242", "time": "2020-06-06 06:26:29.024000+00:00", "hab_prob": 0.4085857290902878}, "geometry": {"type": "Point", "coordinates": [59.4882009, 22.9936031]}}, {"type": "Feature", "properties": {"id": "S2B_MSIL2A_20200606T062629_R077_T40QGL_20200909T170242_0001.jpg", "scene_id": "S2B_MSIL2A_20200606T062629_R077_T40QGL_20200909T170242", "time": "2020-06-06 06:26:29.024000+00:00", "hab_prob": 0.3886636598219651}, "geometry": {"type": "Point", "coordinates": [59.4882009, 22.9936031]}}, {"type": "Feature", "properties": {"id": "S2A_MSIL2A_20200611T062631_R077_T40QGL_20200909T170247_0000.jpg", "scene_id": "S2A_MSIL2A_20200611T062631_R077_T40QGL_20200909T170247", "time": "2020-06-11 06:26:31.024000+00:00", "hab_prob": 0.4318848694961666}, "geometry": {"type": "Point", "coordinates": [59.4882009, 22.9936031]}}, {"type": "Feature", "properties": {"id": "S2A_MSIL2A_20200611T062631_R077_T40QGL_20200909T170247_0001.jpg", "scene_id": "S2A_MSIL2A_20200611T062631_R077_T40QGL_20200909T170247", "time": "2020-06-11 06:26:31.024000+00:00", "hab_prob": 0.4064548451212989}, "geometry": {"type": "Point", "coordinates": [59.4882009, 22.9936031]}}, {"type": "Feature", "properties": {"id": "S2A_MSIL2A_20200701T062631_R077_T40QGL_20200824T190158_0000.jpg", "scene_id": "S2A_MSIL2A_20200701T062631_R077_T40QGL_20200824T190158", "time": "2020-07-01 06:26:31.024000+00:00", "hab_prob": 0.4051008330660564}, "geometry": {"type": "Point", "coordinates": [59.4882009, 22.9936031]}}, {"type": "Feature", "properties": {"id": "S2A_MSIL2A_20200701T062631_R077_T40QGL_20200824T190158_0001.jpg", "scene_id": "S2A_MSIL2A_20200701T062631_R077_T40QGL_20200824T190158", "time": "2020-07-01 06:26:31.024000+00:00", "hab_prob": 0.4108881170982452}, "geometry": {"type": "Point", "coordinates": [59.4882009, 22.9936031]}}, {"type": "Feature", "properties": {"id": "S2A_MSIL2A_20200721T062631_R077_T40QGL_20200816T230029_0000.jpg", "scene_id": "S2A_MSIL2A_20200721T062631_R077_T40QGL_20200816T230029", "time": "2020-07-21 06:26:31.024000+00:00", "hab_prob": 0.4643909261346972}, "geometry": {"type": "Point", "coordinates": [59.4882009, 22.9936031]}}, {"type": "Feature", "properties": {"id": "S2A_MSIL2A_20200721T062631_R077_T40QGL_20200816T230029_0001.jpg", "scene_id": "S2A_MSIL2A_20200721T062631_R077_T40QGL_20200816T230029", "time": "2020-07-21 06:26:31.024000+00:00", "hab_prob": 0.4493826162468347}, "geometry": {"type": "Point", "coordinates": [59.4882009, 22.9936031]}}, {"type": "Feature", "properties": {"id": "S2B_MSIL2A_20200805T062629_R077_T40QGL_20200815T032732_0000.jpg", "scene_id": "S2B_MSIL2A_20200805T062629_R077_T40QGL_20200815T032732", "time": "2020-08-05 06:26:29.024000+00:00", "hab_prob": 0.4325468816825477}, "geometry": {"type": "Point", "coordinates": [59.4882009, 22.9936031]}}, {"type": "Feature", "properties": {"id": "S2B_MSIL2A_20200805T062629_R077_T40QGL_20200815T032732_0001.jpg", "scene_id": "S2B_MSIL2A_20200805T062629_R077_T40QGL_20200815T032732", "time": "2020-08-05 06:26:29.024000+00:00", "hab_prob": 0.431854193712087}, "geometry": {"type": "Point", "coordinates": [59.4882009, 22.9936031]}}, {"type": "Feature", "properties": {"id": "S2A_MSIL2A_20200830T062631_R077_T40QGL_20200907T182438_0000.jpg", "scene_id": "S2A_MSIL2A_20200830T062631_R077_T40QGL_20200907T182438", "time": "2020-08-30 06:26:31.024000+00:00", "hab_prob": 0.4892494080071313}, "geometry": {"type": "Point", "coordinates": [59.4882009, 22.9936031]}}, {"type": "Feature", "properties": {"id": "S2A_MSIL2A_20200830T062631_R077_T40QGL_20200907T182438_0001.jpg", "scene_id": "S2A_MSIL2A_20200830T062631_R077_T40QGL_20200907T182438", "time": "2020-08-30 06:26:31.024000+00:00", "hab_prob": 0.4892494080071313}, "geometry": {"type": "Point", "coordinates": [59.4882009, 22.9936031]}}, {"type": "Feature", "properties": {"id": "S2B_MSIL2A_20200904T062629_R077_T40QGL_20200919T090132_0000.jpg", "scene_id": "S2B_MSIL2A_20200904T062629_R077_T40QGL_20200919T090132", "time": "2020-09-04 06:26:29.024000+00:00", "hab_prob": 0.5117051653832766}, "geometry": {"type": "Point", "coordinates": [59.4882009, 22.9936031]}}, {"type": "Feature", "properties": {"id": "S2B_MSIL2A_20200904T062629_R077_T40QGL_20200919T090132_0001.jpg", "scene_id": "S2B_MSIL2A_20200904T062629_R077_T40QGL_20200919T090132", "time": "2020-09-04 06:26:29.024000+00:00", "hab_prob": 0.5015241724026445}, "geometry": {"type": "Point", "coordinates": [59.4882009, 22.9936031]}}, {"type": "Feature", "properties": {"id": "S2A_MSIL2A_20200909T062631_R077_T40QGL_20200919T090136_0000.jpg", "scene_id": "S2A_MSIL2A_20200909T062631_R077_T40QGL_20200919T090136", "time": "2020-09-09 06:26:31.024000+00:00", "hab_prob": 0.3799259713928098}, "geometry": {"type": "Point", "coordinates": [59.4882009, 22.9936031]}}, {"type": "Feature", "properties": {"id": "S2A_MSIL2A_20200909T062631_R077_T40QGL_20200919T090136_0001.jpg", "scene_id": "S2A_MSIL2A_20200909T062631_R077_T40QGL_20200919T090136", "time": "2020-09-09 06:26:31.024000+00:00", "hab_prob": 0.3799259713928098}, "geometry": {"type": "Point", "coordinates": [59.4882009, 22.9936031]}}, {"type": "Feature", "properties": {"id": "S2A_MSIL2A_20200919T062631_R077_T40QGL_20200922T213558_0000.jpg", "scene_id": "S2A_MSIL2A_20200919T062631_R077_T40QGL_20200922T213558", "time": "2020-09-19 06:26:31.024000+00:00", "hab_prob": 0.4056428530406328}, "geometry": {"type": "Point", "coordinates": [59.4882009, 22.9936031]}}, {"type": "Feature", "properties": {"id": "S2A_MSIL2A_20200919T062631_R077_T40QGL_20200922T213558_0001.jpg", "scene_id": "S2A_MSIL2A_20200919T062631_R077_T40QGL_20200922T213558", "time": "2020-09-19 06:26:31.024000+00:00", "hab_prob": 0.3958613250667199}, "geometry": {"type": "Point", "coordinates": [59.4882009, 22.9936031]}}, {"type": "Feature", "properties": {"id": "S2A_MSIL2A_20200929T062651_R077_T40QGL_20201001T173743_0000.jpg", "scene_id": "S2A_MSIL2A_20200929T062651_R077_T40QGL_20201001T173743", "time": "2020-09-29 06:26:51.024000+00:00", "hab_prob": 0.3748013671776459}, "geometry": {"type": "Point", "coordinates": [59.4882009, 22.9936031]}}, {"type": "Feature", "properties": {"id": "S2A_MSIL2A_20200929T062651_R077_T40QGL_20201001T173743_0001.jpg", "scene_id": "S2A_MSIL2A_20200929T062651_R077_T40QGL_20201001T173743", "time": "2020-09-29 06:26:51.024000+00:00", "hab_prob": 0.3899406662625612}, "geometry": {"type": "Point", "coordinates": [59.4882009, 22.9936031]}}, {"type": "Feature", "properties": {"id": "S2B_MSIL2A_20201004T062719_R077_T40QGL_20201006T041206_0000.jpg", "scene_id": "S2B_MSIL2A_20201004T062719_R077_T40QGL_20201006T041206", "time": "2020-10-04 06:27:19.024000+00:00", "hab_prob": 0.381818481754508}, "geometry": {"type": "Point", "coordinates": [59.4882009, 22.9936031]}}, {"type": "Feature", "properties": {"id": "S2B_MSIL2A_20201004T062719_R077_T40QGL_20201006T041206_0001.jpg", "scene_id": "S2B_MSIL2A_20201004T062719_R077_T40QGL_20201006T041206", "time": "2020-10-04 06:27:19.024000+00:00", "hab_prob": 0.3722516360445043}, "geometry": {"type": "Point", "coordinates": [59.4882009, 22.9936031]}}, {"type": "Feature", "properties": {"id": "S2A_MSIL2A_20201009T062801_R077_T40QGL_20201011T131957_0000.jpg", "scene_id": "S2A_MSIL2A_20201009T062801_R077_T40QGL_20201011T131957", "time": "2020-10-09 06:28:01.024000+00:00", "hab_prob": 0.4029727142134981}, "geometry": {"type": "Point", "coordinates": [59.4882009, 22.9936031]}}, {"type": "Feature", "properties": {"id": "S2A_MSIL2A_20201009T062801_R077_T40QGL_20201011T131957_0001.jpg", "scene_id": "S2A_MSIL2A_20201009T062801_R077_T40QGL_20201011T131957", "time": "2020-10-09 06:28:01.024000+00:00", "hab_prob": 0.4074548026041214}, "geometry": {"type": "Point", "coordinates": [59.4882009, 22.9936031]}}, {"type": "Feature", "properties": {"id": "S2B_MSIL2A_20201113T063119_R077_T40QGL_20201115T062038_0000.jpg", "scene_id": "S2B_MSIL2A_20201113T063119_R077_T40QGL_20201115T062038", "time": "2020-11-13 06:31:19.024000+00:00", "hab_prob": 0.3911382361642962}, "geometry": {"type": "Point", "coordinates": [59.4882009, 22.9936031]}}, {"type": "Feature", "properties": {"id": "S2B_MSIL2A_20201113T063119_R077_T40QGL_20201115T062038_0001.jpg", "scene_id": "S2B_MSIL2A_20201113T063119_R077_T40QGL_20201115T062038", "time": "2020-11-13 06:31:19.024000+00:00", "hab_prob": 0.3598438676307227}, "geometry": {"type": "Point", "coordinates": [59.4882009, 22.9936031]}}, {"type": "Feature", "properties": {"id": "S2B_MSIL2A_20201123T063159_R077_T40QGL_20201124T121724_0000.jpg", "scene_id": "S2B_MSIL2A_20201123T063159_R077_T40QGL_20201124T121724", "time": "2020-11-23 06:31:59.024000+00:00", "hab_prob": 0.3792850193701731}, "geometry": {"type": "Point", "coordinates": [59.4882009, 22.9936031]}}, {"type": "Feature", "properties": {"id": "S2B_MSIL2A_20201123T063159_R077_T40QGL_20201124T121724_0001.jpg", "scene_id": "S2B_MSIL2A_20201123T063159_R077_T40QGL_20201124T121724", "time": "2020-11-23 06:31:59.024000+00:00", "hab_prob": 0.389674303148228}, "geometry": {"type": "Point", "coordinates": [59.4882009, 22.9936031]}}, {"type": "Feature", "properties": {"id": "S2B_MSIL2A_20201203T063229_R077_T40QGL_20201204T002719_0000.jpg", "scene_id": "S2B_MSIL2A_20201203T063229_R077_T40QGL_20201204T002719", "time": "2020-12-03 06:32:29.024000+00:00", "hab_prob": 0.3871059423439204}, "geometry": {"type": "Point", "coordinates": [59.4882009, 22.9936031]}}, {"type": "Feature", "properties": {"id": "S2B_MSIL2A_20201203T063229_R077_T40QGL_20201204T002719_0001.jpg", "scene_id": "S2B_MSIL2A_20201203T063229_R077_T40QGL_20201204T002719", "time": "2020-12-03 06:32:29.024000+00:00", "hab_prob": 0.3559455865228033}, "geometry": {"type": "Point", "coordinates": [59.4882009, 22.9936031]}}, {"type": "Feature", "properties": {"id": "S2B_MSIL2A_20201213T063249_R077_T40QGL_20201214T025146_0000.jpg", "scene_id": "S2B_MSIL2A_20201213T063249_R077_T40QGL_20201214T025146", "time": "2020-12-13 06:32:49.024000+00:00", "hab_prob": 0.385862524312448}, "geometry": {"type": "Point", "coordinates": [59.4882009, 22.9936031]}}, {"type": "Feature", "properties": {"id": "S2B_MSIL2A_20201213T063249_R077_T40QGL_20201214T025146_0001.jpg", "scene_id": "S2B_MSIL2A_20201213T063249_R077_T40QGL_20201214T025146", "time": "2020-12-13 06:32:49.024000+00:00", "hab_prob": 0.385862524312448}, "geometry": {"type": "Point", "coordinates": [59.4882009, 22.9936031]}}, {"type": "Feature", "properties": {"id": "S2A_MSIL2A_20201228T063301_R077_T40QGL_20210113T144450_0000.jpg", "scene_id": "S2A_MSIL2A_20201228T063301_R077_T40QGL_20210113T144450", "time": "2020-12-28 06:33:01.024000+00:00", "hab_prob": 0.3805715762735608}, "geometry": {"type": "Point", "coordinates": [59.4882009, 22.9936031]}}, {"type": "Feature", "properties": {"id": "S2A_MSIL2A_20201228T063301_R077_T40QGL_20210113T144450_0001.jpg", "scene_id": "S2A_MSIL2A_20201228T063301_R077_T40QGL_20210113T144450", "time": "2020-12-28 06:33:01.024000+00:00", "hab_prob": 0.3496371486295964}, "geometry": {"type": "Point", "coordinates": [59.4882009, 22.9936031]}}, {"type": "Feature", "properties": {"id": "S2B_MSIL2A_20210102T063249_R077_T40QGL_20210102T170534_0000.jpg", "scene_id": "S2B_MSIL2A_20210102T063249_R077_T40QGL_20210102T170534", "time": "2021-01-02 06:32:49.024000+00:00", "hab_prob": 0.3927446401493035}, "geometry": {"type": "Point", "coordinates": [59.4882009, 22.9936031]}}, {"type": "Feature", "properties": {"id": "S2B_MSIL2A_20210102T063249_R077_T40QGL_20210102T170534_0001.jpg", "scene_id": "S2B_MSIL2A_20210102T063249_R077_T40QGL_20210102T170534", "time": "2021-01-02 06:32:49.024000+00:00", "hab_prob": 0.3697477948845852}, "geometry": {"type": "Point", "coordinates": [59.4882009, 22.9936031]}}, {"type": "Feature", "properties": {"id": "S2B_MSIL2A_20210112T063229_R077_T40QGL_20210112T195729_0000.jpg", "scene_id": "S2B_MSIL2A_20210112T063229_R077_T40QGL_20210112T195729", "time": "2021-01-12 06:32:29.024000+00:00", "hab_prob": 0.6087303358105027}, "geometry": {"type": "Point", "coordinates": [59.4882009, 22.9936031]}}, {"type": "Feature", "properties": {"id": "S2B_MSIL2A_20210112T063229_R077_T40QGL_20210112T195729_0001.jpg", "scene_id": "S2B_MSIL2A_20210112T063229_R077_T40QGL_20210112T195729", "time": "2021-01-12 06:32:29.024000+00:00", "hab_prob": 0.6087303358105027}, "geometry": {"type": "Point", "coordinates": [59.4882009, 22.9936031]}}, {"type": "Feature", "properties": {"id": "S2B_MSIL2A_20210201T063059_R077_T40QGL_20210202T030519_0000.jpg", "scene_id": "S2B_MSIL2A_20210201T063059_R077_T40QGL_20210202T030519", "time": "2021-02-01 06:30:59.024000+00:00", "hab_prob": 0.4617465628948005}, "geometry": {"type": "Point", "coordinates": [59.4882009, 22.9936031]}}, {"type": "Feature", "properties": {"id": "S2B_MSIL2A_20210201T063059_R077_T40QGL_20210202T030519_0001.jpg", "scene_id": "S2B_MSIL2A_20210201T063059_R077_T40QGL_20210202T030519", "time": "2021-02-01 06:30:59.024000+00:00", "hab_prob": 0.4380260515278296}, "geometry": {"type": "Point", "coordinates": [59.4882009, 22.9936031]}}, {"type": "Feature", "properties": {"id": "S2A_MSIL2A_20210216T062931_R077_T40QGL_20210419T220332_0000.jpg", "scene_id": "S2A_MSIL2A_20210216T062931_R077_T40QGL_20210419T220332", "time": "2021-02-16 06:29:31.024000+00:00", "hab_prob": 0.35581005248903}, "geometry": {"type": "Point", "coordinates": [59.4882009, 22.9936031]}}, {"type": "Feature", "properties": {"id": "S2A_MSIL2A_20210216T062931_R077_T40QGL_20210419T220332_0001.jpg", "scene_id": "S2A_MSIL2A_20210216T062931_R077_T40QGL_20210419T220332", "time": "2021-02-16 06:29:31.024000+00:00", "hab_prob": 0.3473703933453735}, "geometry": {"type": "Point", "coordinates": [59.4882009, 22.9936031]}}, {"type": "Feature", "properties": {"id": "S2B_MSIL2A_20210221T062859_R077_T40QGL_20210221T175910_0000.jpg", "scene_id": "S2B_MSIL2A_20210221T062859_R077_T40QGL_20210221T175910", "time": "2021-02-21 06:28:59.024000+00:00", "hab_prob": 0.3665025213611188}, "geometry": {"type": "Point", "coordinates": [59.4882009, 22.9936031]}}, {"type": "Feature", "properties": {"id": "S2B_MSIL2A_20210221T062859_R077_T40QGL_20210221T175910_0001.jpg", "scene_id": "S2B_MSIL2A_20210221T062859_R077_T40QGL_20210221T175910", "time": "2021-02-21 06:28:59.024000+00:00", "hab_prob": 0.3579501682334217}, "geometry": {"type": "Point", "coordinates": [59.4882009, 22.9936031]}}, {"type": "Feature", "properties": {"id": "S2A_MSIL2A_20210226T062831_R077_T40QGL_20210226T174100_0000.jpg", "scene_id": "S2A_MSIL2A_20210226T062831_R077_T40QGL_20210226T174100", "time": "2021-02-26 06:28:31.024000+00:00", "hab_prob": 0.4151666671948105}, "geometry": {"type": "Point", "coordinates": [59.4882009, 22.9936031]}}, {"type": "Feature", "properties": {"id": "S2A_MSIL2A_20210226T062831_R077_T40QGL_20210226T174100_0001.jpg", "scene_id": "S2A_MSIL2A_20210226T062831_R077_T40QGL_20210226T174100", "time": "2021-02-26 06:28:31.024000+00:00", "hab_prob": 0.3997781050283369}, "geometry": {"type": "Point", "coordinates": [59.4882009, 22.9936031]}}, {"type": "Feature", "properties": {"id": "S2B_MSIL2A_20210303T062749_R077_T40QGL_20210303T194138_0000.jpg", "scene_id": "S2B_MSIL2A_20210303T062749_R077_T40QGL_20210303T194138", "time": "2021-03-03 06:27:49.024000+00:00", "hab_prob": 0.4054880293969889}, "geometry": {"type": "Point", "coordinates": [59.4882009, 22.9936031]}}, {"type": "Feature", "properties": {"id": "S2B_MSIL2A_20210303T062749_R077_T40QGL_20210303T194138_0001.jpg", "scene_id": "S2B_MSIL2A_20210303T062749_R077_T40QGL_20210303T194138", "time": "2021-03-03 06:27:49.024000+00:00", "hab_prob": 0.3902188475804646}, "geometry": {"type": "Point", "coordinates": [59.4882009, 22.9936031]}}, {"type": "Feature", "properties": {"id": "S2A_MSIL2A_20210318T062631_R077_T40QGL_20210318T222033_0000.jpg", "scene_id": "S2A_MSIL2A_20210318T062631_R077_T40QGL_20210318T222033", "time": "2021-03-18 06:26:31.024000+00:00", "hab_prob": 0.3893130071640474}, "geometry": {"type": "Point", "coordinates": [59.4882009, 22.9936031]}}, {"type": "Feature", "properties": {"id": "S2A_MSIL2A_20210318T062631_R077_T40QGL_20210318T222033_0001.jpg", "scene_id": "S2A_MSIL2A_20210318T062631_R077_T40QGL_20210318T222033", "time": "2021-03-18 06:26:31.024000+00:00", "hab_prob": 0.3663958606020356}, "geometry": {"type": "Point", "coordinates": [59.4882009, 22.9936031]}}, {"type": "Feature", "properties": {"id": "S2B_MSIL2A_20210402T062629_R077_T40QGL_20210402T233313_0000.jpg", "scene_id": "S2B_MSIL2A_20210402T062629_R077_T40QGL_20210402T233313", "time": "2021-04-02 06:26:29.024000+00:00", "hab_prob": 0.3779189171588898}, "geometry": {"type": "Point", "coordinates": [59.4882009, 22.9936031]}}, {"type": "Feature", "properties": {"id": "S2B_MSIL2A_20210402T062629_R077_T40QGL_20210402T233313_0001.jpg", "scene_id": "S2B_MSIL2A_20210402T062629_R077_T40QGL_20210402T233313", "time": "2021-04-02 06:26:29.024000+00:00", "hab_prob": 0.3634191406991606}, "geometry": {"type": "Point", "coordinates": [59.4882009, 22.9936031]}}, {"type": "Feature", "properties": {"id": "S2B_MSIL2A_20210412T062629_R077_T40QGL_20210412T184723_0000.jpg", "scene_id": "S2B_MSIL2A_20210412T062629_R077_T40QGL_20210412T184723", "time": "2021-04-12 06:26:29.024000+00:00", "hab_prob": 0.3813666890375579}, "geometry": {"type": "Point", "coordinates": [59.4882009, 22.9936031]}}, {"type": "Feature", "properties": {"id": "S2B_MSIL2A_20210412T062629_R077_T40QGL_20210412T184723_0001.jpg", "scene_id": "S2B_MSIL2A_20210412T062629_R077_T40QGL_20210412T184723", "time": "2021-04-12 06:26:29.024000+00:00", "hab_prob": 0.3839321662566809}, "geometry": {"type": "Point", "coordinates": [59.4882009, 22.9936031]}}, {"type": "Feature", "properties": {"id": "S2B_MSIL2A_20210422T062619_R077_T40QGL_20210422T195008_0000.jpg", "scene_id": "S2B_MSIL2A_20210422T062619_R077_T40QGL_20210422T195008", "time": "2021-04-22 06:26:19.024000+00:00", "hab_prob": 0.3779189171588898}, "geometry": {"type": "Point", "coordinates": [59.4882009, 22.9936031]}}, {"type": "Feature", "properties": {"id": "S2B_MSIL2A_20210422T062619_R077_T40QGL_20210422T195008_0001.jpg", "scene_id": "S2B_MSIL2A_20210422T062619_R077_T40QGL_20210422T195008", "time": "2021-04-22 06:26:19.024000+00:00", "hab_prob": 0.3779189171588898}, "geometry": {"type": "Point", "coordinates": [59.4882009, 22.9936031]}}, {"type": "Feature", "properties": {"id": "S2A_MSIL2A_20210517T062631_R077_T40QGL_20210518T194257_0000.jpg", "scene_id": "S2A_MSIL2A_20210517T062631_R077_T40QGL_20210518T194257", "time": "2021-05-17 06:26:31.024000+00:00", "hab_prob": 0.4245257264069467}, "geometry": {"type": "Point", "coordinates": [59.4882009, 22.9936031]}}, {"type": "Feature", "properties": {"id": "S2A_MSIL2A_20210517T062631_R077_T40QGL_20210518T194257_0001.jpg", "scene_id": "S2A_MSIL2A_20210517T062631_R077_T40QGL_20210518T194257", "time": "2021-05-17 06:26:31.024000+00:00", "hab_prob": 0.4008965006053859}, "geometry": {"type": "Point", "coordinates": [59.4882009, 22.9936031]}}, {"type": "Feature", "properties": {"id": "S2A_MSIL2A_20210527T062631_R077_T40QGL_20210527T194319_0000.jpg", "scene_id": "S2A_MSIL2A_20210527T062631_R077_T40QGL_20210527T194319", "time": "2021-05-27 06:26:31.024000+00:00", "hab_prob": 0.419278646859913}, "geometry": {"type": "Point", "coordinates": [59.4882009, 22.9936031]}}, {"type": "Feature", "properties": {"id": "S2A_MSIL2A_20210527T062631_R077_T40QGL_20210527T194319_0001.jpg", "scene_id": "S2A_MSIL2A_20210527T062631_R077_T40QGL_20210527T194319", "time": "2021-05-27 06:26:31.024000+00:00", "hab_prob": 0.3676376107885848}, "geometry": {"type": "Point", "coordinates": [59.4882009, 22.9936031]}}, {"type": "Feature", "properties": {"id": "S2B_MSIL2A_20210601T062629_R077_T40QGL_20210601T190640_0000.jpg", "scene_id": "S2B_MSIL2A_20210601T062629_R077_T40QGL_20210601T190640", "time": "2021-06-01 06:26:29.024000+00:00", "hab_prob": 0.4245257264069467}, "geometry": {"type": "Point", "coordinates": [59.4882009, 22.9936031]}}, {"type": "Feature", "properties": {"id": "S2B_MSIL2A_20210601T062629_R077_T40QGL_20210601T190640_0001.jpg", "scene_id": "S2B_MSIL2A_20210601T062629_R077_T40QGL_20210601T190640", "time": "2021-06-01 06:26:29.024000+00:00", "hab_prob": 0.3785873698844207}, "geometry": {"type": "Point", "coordinates": [59.4882009, 22.9936031]}}, {"type": "Feature", "properties": {"id": "S2B_MSIL2A_20210621T062629_R077_T40QGL_20210624T121902_0000.jpg", "scene_id": "S2B_MSIL2A_20210621T062629_R077_T40QGL_20210624T121902", "time": "2021-06-21 06:26:29.024000+00:00", "hab_prob": 0.502867969207572}, "geometry": {"type": "Point", "coordinates": [59.4882009, 22.9936031]}}, {"type": "Feature", "properties": {"id": "S2B_MSIL2A_20210621T062629_R077_T40QGL_20210624T121902_0001.jpg", "scene_id": "S2B_MSIL2A_20210621T062629_R077_T40QGL_20210624T121902", "time": "2021-06-21 06:26:29.024000+00:00", "hab_prob": 0.457979401331002}, "geometry": {"type": "Point", "coordinates": [59.4882009, 22.9936031]}}, {"type": "Feature", "properties": {"id": "S2A_MSIL2A_20210626T062631_R077_T40QGL_20210626T143353_0000.jpg", "scene_id": "S2A_MSIL2A_20210626T062631_R077_T40QGL_20210626T143353", "time": "2021-06-26 06:26:31.024000+00:00", "hab_prob": 0.4200601078173888}, "geometry": {"type": "Point", "coordinates": [59.4882009, 22.9936031]}}, {"type": "Feature", "properties": {"id": "S2A_MSIL2A_20210626T062631_R077_T40QGL_20210626T143353_0001.jpg", "scene_id": "S2A_MSIL2A_20210626T062631_R077_T40QGL_20210626T143353", "time": "2021-06-26 06:26:31.024000+00:00", "hab_prob": 0.3879260676101027}, "geometry": {"type": "Point", "coordinates": [59.4882009, 22.9936031]}}, {"type": "Feature", "properties": {"id": "S2A_MSIL2A_20210706T062631_R077_T40QGL_20210706T183652_0000.jpg", "scene_id": "S2A_MSIL2A_20210706T062631_R077_T40QGL_20210706T183652", "time": "2021-07-06 06:26:31.024000+00:00", "hab_prob": 0.3625416203399493}, "geometry": {"type": "Point", "coordinates": [59.4882009, 22.9936031]}}, {"type": "Feature", "properties": {"id": "S2A_MSIL2A_20210706T062631_R077_T40QGL_20210706T183652_0001.jpg", "scene_id": "S2A_MSIL2A_20210706T062631_R077_T40QGL_20210706T183652", "time": "2021-07-06 06:26:31.024000+00:00", "hab_prob": 0.3431581241286549}, "geometry": {"type": "Point", "coordinates": [59.4882009, 22.9936031]}}, {"type": "Feature", "properties": {"id": "S2A_MSIL2A_20210815T062631_R077_T40QGL_20210815T125240_0000.jpg", "scene_id": "S2A_MSIL2A_20210815T062631_R077_T40QGL_20210815T125240", "time": "2021-08-15 06:26:31.024000+00:00", "hab_prob": 0.4169026238533402}, "geometry": {"type": "Point", "coordinates": [59.4882009, 22.9936031]}}, {"type": "Feature", "properties": {"id": "S2A_MSIL2A_20210815T062631_R077_T40QGL_20210815T125240_0001.jpg", "scene_id": "S2A_MSIL2A_20210815T062631_R077_T40QGL_20210815T125240", "time": "2021-08-15 06:26:31.024000+00:00", "hab_prob": 0.4276124657334583}, "geometry": {"type": "Point", "coordinates": [59.4882009, 22.9936031]}}, {"type": "Feature", "properties": {"id": "S2B_MSIL2A_20210820T062629_R077_T40QGL_20210820T125555_0000.jpg", "scene_id": "S2B_MSIL2A_20210820T062629_R077_T40QGL_20210820T125555", "time": "2021-08-20 06:26:29.024000+00:00", "hab_prob": 0.4268367372389745}, "geometry": {"type": "Point", "coordinates": [59.4882009, 22.9936031]}}, {"type": "Feature", "properties": {"id": "S2B_MSIL2A_20210820T062629_R077_T40QGL_20210820T125555_0001.jpg", "scene_id": "S2B_MSIL2A_20210820T062629_R077_T40QGL_20210820T125555", "time": "2021-08-20 06:26:29.024000+00:00", "hab_prob": 0.4276124657334583}, "geometry": {"type": "Point", "coordinates": [59.4882009, 22.9936031]}}, {"type": "Feature", "properties": {"id": "S2A_MSIL2A_20210825T062631_R077_T40QGL_20210825T175916_0000.jpg", "scene_id": "S2A_MSIL2A_20210825T062631_R077_T40QGL_20210825T175916", "time": "2021-08-25 06:26:31.024000+00:00", "hab_prob": 0.5077760097482408}, "geometry": {"type": "Point", "coordinates": [59.4882009, 22.9936031]}}, {"type": "Feature", "properties": {"id": "S2A_MSIL2A_20210825T062631_R077_T40QGL_20210825T175916_0001.jpg", "scene_id": "S2A_MSIL2A_20210825T062631_R077_T40QGL_20210825T175916", "time": "2021-08-25 06:26:31.024000+00:00", "hab_prob": 0.4975935280601342}, "geometry": {"type": "Point", "coordinates": [59.4882009, 22.9936031]}}, {"type": "Feature", "properties": {"id": "S2A_MSIL2A_20210904T062631_R077_T40QGL_20210904T162838_0000.jpg", "scene_id": "S2A_MSIL2A_20210904T062631_R077_T40QGL_20210904T162838", "time": "2021-09-04 06:26:31.024000+00:00", "hab_prob": 0.4477500561183968}, "geometry": {"type": "Point", "coordinates": [59.4882009, 22.9936031]}}, {"type": "Feature", "properties": {"id": "S2A_MSIL2A_20210904T062631_R077_T40QGL_20210904T162838_0001.jpg", "scene_id": "S2A_MSIL2A_20210904T062631_R077_T40QGL_20210904T162838", "time": "2021-09-04 06:26:31.024000+00:00", "hab_prob": 0.4319555073816624}, "geometry": {"type": "Point", "coordinates": [59.4882009, 22.9936031]}}, {"type": "Feature", "properties": {"id": "S2A_MSIL2A_20210924T062631_R077_T40QGL_20210925T024150_0000.jpg", "scene_id": "S2A_MSIL2A_20210924T062631_R077_T40QGL_20210925T024150", "time": "2021-09-24 06:26:31.024000+00:00", "hab_prob": 0.391086575030353}, "geometry": {"type": "Point", "coordinates": [59.4882009, 22.9936031]}}, {"type": "Feature", "properties": {"id": "S2A_MSIL2A_20210924T062631_R077_T40QGL_20210925T024150_0001.jpg", "scene_id": "S2A_MSIL2A_20210924T062631_R077_T40QGL_20210925T024150", "time": "2021-09-24 06:26:31.024000+00:00", "hab_prob": 0.3767807836202811}, "geometry": {"type": "Point", "coordinates": [59.4882009, 22.9936031]}}, {"type": "Feature", "properties": {"id": "S2B_MSIL2A_20211009T062749_R077_T40QGL_20211009T174740_0000.jpg", "scene_id": "S2B_MSIL2A_20211009T062749_R077_T40QGL_20211009T174740", "time": "2021-10-09 06:27:49.024000+00:00", "hab_prob": 0.3852152689438274}, "geometry": {"type": "Point", "coordinates": [59.4882009, 22.9936031]}}, {"type": "Feature", "properties": {"id": "S2B_MSIL2A_20211009T062749_R077_T40QGL_20211009T174740_0001.jpg", "scene_id": "S2B_MSIL2A_20211009T062749_R077_T40QGL_20211009T174740", "time": "2021-10-09 06:27:49.024000+00:00", "hab_prob": 0.354119170915068}, "geometry": {"type": "Point", "coordinates": [59.4882009, 22.9936031]}}, {"type": "Feature", "properties": {"id": "S2B_MSIL2A_20211019T062859_R077_T40QGL_20211020T001424_0000.jpg", "scene_id": "S2B_MSIL2A_20211019T062859_R077_T40QGL_20211020T001424", "time": "2021-10-19 06:28:59.024000+00:00", "hab_prob": 0.366636343268369}, "geometry": {"type": "Point", "coordinates": [59.4882009, 22.9936031]}}, {"type": "Feature", "properties": {"id": "S2B_MSIL2A_20211019T062859_R077_T40QGL_20211020T001424_0001.jpg", "scene_id": "S2B_MSIL2A_20211019T062859_R077_T40QGL_20211020T001424", "time": "2021-10-19 06:28:59.024000+00:00", "hab_prob": 0.3498500712242922}, "geometry": {"type": "Point", "coordinates": [59.4882009, 22.9936031]}}, {"type": "Feature", "properties": {"id": "S2B_MSIL2A_20211029T062959_R077_T40QGL_20211029T195714_0000.jpg", "scene_id": "S2B_MSIL2A_20211029T062959_R077_T40QGL_20211029T195714", "time": "2021-10-29 06:29:59.024000+00:00", "hab_prob": 0.3790512742841975}, "geometry": {"type": "Point", "coordinates": [59.4882009, 22.9936031]}}, {"type": "Feature", "properties": {"id": "S2B_MSIL2A_20211029T062959_R077_T40QGL_20211029T195714_0001.jpg", "scene_id": "S2B_MSIL2A_20211029T062959_R077_T40QGL_20211029T195714", "time": "2021-10-29 06:29:59.024000+00:00", "hab_prob": 0.3790512742841975}, "geometry": {"type": "Point", "coordinates": [59.4882009, 22.9936031]}}, {"type": "Feature", "properties": {"id": "S2B_MSIL2A_20211108T063049_R077_T40QGL_20211109T065345_0000.jpg", "scene_id": "S2B_MSIL2A_20211108T063049_R077_T40QGL_20211109T065345", "time": "2021-11-08 06:30:49.024000+00:00", "hab_prob": 0.3911382361642962}, "geometry": {"type": "Point", "coordinates": [59.4882009, 22.9936031]}}, {"type": "Feature", "properties": {"id": "S2B_MSIL2A_20211108T063049_R077_T40QGL_20211109T065345_0001.jpg", "scene_id": "S2B_MSIL2A_20211108T063049_R077_T40QGL_20211109T065345", "time": "2021-11-08 06:30:49.024000+00:00", "hab_prob": 0.3751827125536965}, "geometry": {"type": "Point", "coordinates": [59.4882009, 22.9936031]}}, {"type": "Feature", "properties": {"id": "S2A_MSIL2A_20211113T063121_R077_T40QGL_20211113T133201_0000.jpg", "scene_id": "S2A_MSIL2A_20211113T063121_R077_T40QGL_20211113T133201", "time": "2021-11-13 06:31:21.024000+00:00", "hab_prob": 0.3911382361642962}, "geometry": {"type": "Point", "coordinates": [59.4882009, 22.9936031]}}, {"type": "Feature", "properties": {"id": "S2A_MSIL2A_20211113T063121_R077_T40QGL_20211113T133201_0001.jpg", "scene_id": "S2A_MSIL2A_20211113T063121_R077_T40QGL_20211113T133201", "time": "2021-11-13 06:31:21.024000+00:00", "hab_prob": 0.3768317244959377}, "geometry": {"type": "Point", "coordinates": [59.4882009, 22.9936031]}}, {"type": "Feature", "properties": {"id": "S2B_MSIL2A_20211118T063139_R077_T40QGL_20211118T164048_0000.jpg", "scene_id": "S2B_MSIL2A_20211118T063139_R077_T40QGL_20211118T164048", "time": "2021-11-18 06:31:39.024000+00:00", "hab_prob": 0.3751827125536965}, "geometry": {"type": "Point", "coordinates": [59.4882009, 22.9936031]}}, {"type": "Feature", "properties": {"id": "S2B_MSIL2A_20211118T063139_R077_T40QGL_20211118T164048_0001.jpg", "scene_id": "S2B_MSIL2A_20211118T063139_R077_T40QGL_20211118T164048", "time": "2021-11-18 06:31:39.024000+00:00", "hab_prob": 0.3550680792840138}, "geometry": {"type": "Point", "coordinates": [59.4882009, 22.9936031]}}, {"type": "Feature", "properties": {"id": "S2B_MSIL2A_20211128T063219_R077_T40QGL_20211129T031625_0000.jpg", "scene_id": "S2B_MSIL2A_20211128T063219_R077_T40QGL_20211129T031625", "time": "2021-11-28 06:32:19.024000+00:00", "hab_prob": 0.3990743544386179}, "geometry": {"type": "Point", "coordinates": [59.4882009, 22.9936031]}}, {"type": "Feature", "properties": {"id": "S2B_MSIL2A_20211128T063219_R077_T40QGL_20211129T031625_0001.jpg", "scene_id": "S2B_MSIL2A_20211128T063219_R077_T40QGL_20211129T031625", "time": "2021-11-28 06:32:19.024000+00:00", "hab_prob": 0.3973900778815049}, "geometry": {"type": "Point", "coordinates": [59.4882009, 22.9936031]}}, {"type": "Feature", "properties": {"id": "S2A_MSIL2A_20211203T063231_R077_T40QGL_20230126T013843_0000.jpg", "scene_id": "S2A_MSIL2A_20211203T063231_R077_T40QGL_20230126T013843", "time": "2021-12-03 06:32:31.024000+00:00", "hab_prob": 0.4136144373121754}, "geometry": {"type": "Point", "coordinates": [59.4882009, 22.9936031]}}, {"type": "Feature", "properties": {"id": "S2A_MSIL2A_20211203T063231_R077_T40QGL_20230126T013843_0001.jpg", "scene_id": "S2A_MSIL2A_20211203T063231_R077_T40QGL_20230126T013843", "time": "2021-12-03 06:32:31.024000+00:00", "hab_prob": 0.3973403918354927}, "geometry": {"type": "Point", "coordinates": [59.4882009, 22.9936031]}}, {"type": "Feature", "properties": {"id": "S2A_MSIL2A_20211213T063251_R077_T40QGL_20211213T193032_0000.jpg", "scene_id": "S2A_MSIL2A_20211213T063251_R077_T40QGL_20211213T193032", "time": "2021-12-13 06:32:51.024000+00:00", "hab_prob": 0.4477981078828805}, "geometry": {"type": "Point", "coordinates": [59.4882009, 22.9936031]}}, {"type": "Feature", "properties": {"id": "S2A_MSIL2A_20211213T063251_R077_T40QGL_20211213T193032_0001.jpg", "scene_id": "S2A_MSIL2A_20211213T063251_R077_T40QGL_20211213T193032", "time": "2021-12-13 06:32:51.024000+00:00", "hab_prob": 0.4298176285478821}, "geometry": {"type": "Point", "coordinates": [59.4882009, 22.9936031]}}, {"type": "Feature", "properties": {"id": "S2A_MSIL2A_20211223T063301_R077_T40QGL_20211224T035618_0000.jpg", "scene_id": "S2A_MSIL2A_20211223T063301_R077_T40QGL_20211224T035618", "time": "2021-12-23 06:33:01.024000+00:00", "hab_prob": 0.3772435425743927}, "geometry": {"type": "Point", "coordinates": [59.4882009, 22.9936031]}}, {"type": "Feature", "properties": {"id": "S2A_MSIL2A_20211223T063301_R077_T40QGL_20211224T035618_0001.jpg", "scene_id": "S2A_MSIL2A_20211223T063301_R077_T40QGL_20211224T035618", "time": "2021-12-23 06:33:01.024000+00:00", "hab_prob": 0.3602478529363897}, "geometry": {"type": "Point", "coordinates": [59.4882009, 22.9936031]}}, {"type": "Feature", "properties": {"id": "S2A_MSIL2A_20220112T063231_R077_T40QGL_20220113T005232_0000.jpg", "scene_id": "S2A_MSIL2A_20220112T063231_R077_T40QGL_20220113T005232", "time": "2022-01-12 06:32:31.024000+00:00", "hab_prob": 0.3401616266535693}, "geometry": {"type": "Point", "coordinates": [59.4882009, 22.9936031]}}, {"type": "Feature", "properties": {"id": "S2A_MSIL2A_20220112T063231_R077_T40QGL_20220113T005232_0001.jpg", "scene_id": "S2A_MSIL2A_20220112T063231_R077_T40QGL_20220113T005232", "time": "2022-01-12 06:32:31.024000+00:00", "hab_prob": 0.3401616266535693}, "geometry": {"type": "Point", "coordinates": [59.4882009, 22.9936031]}}, {"type": "Feature", "properties": {"id": "S2B_MSIL2A_20220117T063209_R077_T40QGL_20220117T220547_0000.jpg", "scene_id": "S2B_MSIL2A_20220117T063209_R077_T40QGL_20220117T220547", "time": "2022-01-17 06:32:09.024000+00:00", "hab_prob": 0.3813191504395093}, "geometry": {"type": "Point", "coordinates": [59.4882009, 22.9936031]}}, {"type": "Feature", "properties": {"id": "S2B_MSIL2A_20220117T063209_R077_T40QGL_20220117T220547_0001.jpg", "scene_id": "S2B_MSIL2A_20220117T063209_R077_T40QGL_20220117T220547", "time": "2022-01-17 06:32:09.024000+00:00", "hab_prob": 0.3813191504395093}, "geometry": {"type": "Point", "coordinates": [59.4882009, 22.9936031]}}, {"type": "Feature", "properties": {"id": "S2B_MSIL2A_20220127T063129_R077_T40QGL_20220212T101939_0000.jpg", "scene_id": "S2B_MSIL2A_20220127T063129_R077_T40QGL_20220212T101939", "time": "2022-01-27 06:31:29.024000+00:00", "hab_prob": 0.3426389208317556}, "geometry": {"type": "Point", "coordinates": [59.4882009, 22.9936031]}}, {"type": "Feature", "properties": {"id": "S2B_MSIL2A_20220127T063129_R077_T40QGL_20220212T101939_0001.jpg", "scene_id": "S2B_MSIL2A_20220127T063129_R077_T40QGL_20220212T101939", "time": "2022-01-27 06:31:29.024000+00:00", "hab_prob": 0.3532392079845963}, "geometry": {"type": "Point", "coordinates": [59.4882009, 22.9936031]}}, {"type": "Feature", "properties": {"id": "S2B_MSIL2A_20220206T063029_R077_T40QGL_20220219T104932_0000.jpg", "scene_id": "S2B_MSIL2A_20220206T063029_R077_T40QGL_20220219T104932", "time": "2022-02-06 06:30:29.024000+00:00", "hab_prob": 0.3351510961323328}, "geometry": {"type": "Point", "coordinates": [59.4882009, 22.9936031]}}, {"type": "Feature", "properties": {"id": "S2B_MSIL2A_20220206T063029_R077_T40QGL_20220219T104932_0001.jpg", "scene_id": "S2B_MSIL2A_20220206T063029_R077_T40QGL_20220219T104932", "time": "2022-02-06 06:30:29.024000+00:00", "hab_prob": 0.3393763312436105}, "geometry": {"type": "Point", "coordinates": [59.4882009, 22.9936031]}}, {"type": "Feature", "properties": {"id": "S2B_MSIL2A_20220216T062929_R077_T40QGL_20220224T005721_0000.jpg", "scene_id": "S2B_MSIL2A_20220216T062929_R077_T40QGL_20220224T005721", "time": "2022-02-16 06:29:29.024000+00:00", "hab_prob": 0.3333828642388388}, "geometry": {"type": "Point", "coordinates": [59.4882009, 22.9936031]}}, {"type": "Feature", "properties": {"id": "S2B_MSIL2A_20220216T062929_R077_T40QGL_20220224T005721_0001.jpg", "scene_id": "S2B_MSIL2A_20220216T062929_R077_T40QGL_20220224T005721", "time": "2022-02-16 06:29:29.024000+00:00", "hab_prob": 0.324206185717925}, "geometry": {"type": "Point", "coordinates": [59.4882009, 22.9936031]}}, {"type": "Feature", "properties": {"id": "S2B_MSIL2A_20220226T062819_R077_T40QGL_20240530T061418_0000.jpg", "scene_id": "S2B_MSIL2A_20220226T062819_R077_T40QGL_20240530T061418", "time": "2022-02-26 06:28:19.024000+00:00", "hab_prob": 0.3375999264307878}, "geometry": {"type": "Point", "coordinates": [59.4882009, 22.9936031]}}, {"type": "Feature", "properties": {"id": "S2B_MSIL2A_20220226T062819_R077_T40QGL_20240530T061418_0001.jpg", "scene_id": "S2B_MSIL2A_20220226T062819_R077_T40QGL_20240530T061418", "time": "2022-02-26 06:28:19.024000+00:00", "hab_prob": 0.322670958285439}, "geometry": {"type": "Point", "coordinates": [59.4882009, 22.9936031]}}, {"type": "Feature", "properties": {"id": "S2B_MSIL2A_20220328T062629_R077_T40QGL_20220328T200104_0000.jpg", "scene_id": "S2B_MSIL2A_20220328T062629_R077_T40QGL_20220328T200104", "time": "2022-03-28 06:26:29.024000+00:00", "hab_prob": 0.4052034430654329}, "geometry": {"type": "Point", "coordinates": [59.4882009, 22.9936031]}}, {"type": "Feature", "properties": {"id": "S2B_MSIL2A_20220328T062629_R077_T40QGL_20220328T200104_0001.jpg", "scene_id": "S2B_MSIL2A_20220328T062629_R077_T40QGL_20220328T200104", "time": "2022-03-28 06:26:29.024000+00:00", "hab_prob": 0.3802781966763165}, "geometry": {"type": "Point", "coordinates": [59.4882009, 22.9936031]}}, {"type": "Feature", "properties": {"id": "S2B_MSIL2A_20220407T062629_R077_T40QGL_20240524T024647_0000.jpg", "scene_id": "S2B_MSIL2A_20220407T062629_R077_T40QGL_20240524T024647", "time": "2022-04-07 06:26:29.024000+00:00", "hab_prob": 0.5045606907059403}, "geometry": {"type": "Point", "coordinates": [59.4882009, 22.9936031]}}, {"type": "Feature", "properties": {"id": "S2B_MSIL2A_20220407T062629_R077_T40QGL_20240524T024647_0001.jpg", "scene_id": "S2B_MSIL2A_20220407T062629_R077_T40QGL_20240524T024647", "time": "2022-04-07 06:26:29.024000+00:00", "hab_prob": 0.5045606907059403}, "geometry": {"type": "Point", "coordinates": [59.4882009, 22.9936031]}}, {"type": "Feature", "properties": {"id": "S2B_MSIL2A_20220427T062619_R077_T40QGL_20240608T214451_0000.jpg", "scene_id": "S2B_MSIL2A_20220427T062619_R077_T40QGL_20240608T214451", "time": "2022-04-27 06:26:19.024000+00:00", "hab_prob": 0.3723818822962516}, "geometry": {"type": "Point", "coordinates": [59.4882009, 22.9936031]}}, {"type": "Feature", "properties": {"id": "S2B_MSIL2A_20220427T062619_R077_T40QGL_20240608T214451_0001.jpg", "scene_id": "S2B_MSIL2A_20220427T062619_R077_T40QGL_20240608T214451", "time": "2022-04-27 06:26:19.024000+00:00", "hab_prob": 0.3723818822962516}, "geometry": {"type": "Point", "coordinates": [59.4882009, 22.9936031]}}, {"type": "Feature", "properties": {"id": "S2A_MSIL2A_20220502T062631_R077_T40QGL_20240524T172347_0000.jpg", "scene_id": "S2A_MSIL2A_20220502T062631_R077_T40QGL_20240524T172347", "time": "2022-05-02 06:26:31.024000+00:00", "hab_prob": 0.4319156663820852}, "geometry": {"type": "Point", "coordinates": [59.4882009, 22.9936031]}}, {"type": "Feature", "properties": {"id": "S2A_MSIL2A_20220502T062631_R077_T40QGL_20240524T172347_0001.jpg", "scene_id": "S2A_MSIL2A_20220502T062631_R077_T40QGL_20240524T172347", "time": "2022-05-02 06:26:31.024000+00:00", "hab_prob": 0.4206426116150198}, "geometry": {"type": "Point", "coordinates": [59.4882009, 22.9936031]}}, {"type": "Feature", "properties": {"id": "S2A_MSIL2A_20220512T062631_R077_T40QGL_20220514T054750_0000.jpg", "scene_id": "S2A_MSIL2A_20220512T062631_R077_T40QGL_20220514T054750", "time": "2022-05-12 06:26:31.024000+00:00", "hab_prob": 0.3949516718078203}, "geometry": {"type": "Point", "coordinates": [59.4882009, 22.9936031]}}, {"type": "Feature", "properties": {"id": "S2A_MSIL2A_20220512T062631_R077_T40QGL_20220514T054750_0001.jpg", "scene_id": "S2A_MSIL2A_20220512T062631_R077_T40QGL_20220514T054750", "time": "2022-05-12 06:26:31.024000+00:00", "hab_prob": 0.3861401049926322}, "geometry": {"type": "Point", "coordinates": [59.4882009, 22.9936031]}}, {"type": "Feature", "properties": {"id": "S2A_MSIL2A_20220522T062631_R077_T40QGL_20220523T071159_0000.jpg", "scene_id": "S2A_MSIL2A_20220522T062631_R077_T40QGL_20220523T071159", "time": "2022-05-22 06:26:31.024000+00:00", "hab_prob": 0.5016324878019451}, "geometry": {"type": "Point", "coordinates": [59.4882009, 22.9936031]}}, {"type": "Feature", "properties": {"id": "S2A_MSIL2A_20220522T062631_R077_T40QGL_20220523T071159_0001.jpg", "scene_id": "S2A_MSIL2A_20220522T062631_R077_T40QGL_20220523T071159", "time": "2022-05-22 06:26:31.024000+00:00", "hab_prob": 0.4776813944087109}, "geometry": {"type": "Point", "coordinates": [59.4882009, 22.9936031]}}, {"type": "Feature", "properties": {"id": "S2B_MSIL2A_20220527T062629_R077_T40QGL_20240613T145757_0000.jpg", "scene_id": "S2B_MSIL2A_20220527T062629_R077_T40QGL_20240613T145757", "time": "2022-05-27 06:26:29.024000+00:00", "hab_prob": 0.4189922787101618}, "geometry": {"type": "Point", "coordinates": [59.4882009, 22.9936031]}}, {"type": "Feature", "properties": {"id": "S2B_MSIL2A_20220527T062629_R077_T40QGL_20240613T145757_0001.jpg", "scene_id": "S2B_MSIL2A_20220527T062629_R077_T40QGL_20240613T145757", "time": "2022-05-27 06:26:29.024000+00:00", "hab_prob": 0.4216383550911845}, "geometry": {"type": "Point", "coordinates": [59.4882009, 22.9936031]}}, {"type": "Feature", "properties": {"id": "S2B_MSIL2A_20220606T062629_R077_T40QGL_20240718T023037_0000.jpg", "scene_id": "S2B_MSIL2A_20220606T062629_R077_T40QGL_20240718T023037", "time": "2022-06-06 06:26:29.024000+00:00", "hab_prob": 0.3806168906115837}, "geometry": {"type": "Point", "coordinates": [59.4882009, 22.9936031]}}, {"type": "Feature", "properties": {"id": "S2B_MSIL2A_20220606T062629_R077_T40QGL_20240718T023037_0001.jpg", "scene_id": "S2B_MSIL2A_20220606T062629_R077_T40QGL_20240718T023037", "time": "2022-06-06 06:26:29.024000+00:00", "hab_prob": 0.3719285460972093}, "geometry": {"type": "Point", "coordinates": [59.4882009, 22.9936031]}}, {"type": "Feature", "properties": {"id": "S2A_MSIL2A_20220611T062641_R077_T40QGL_20220612T043050_0000.jpg", "scene_id": "S2A_MSIL2A_20220611T062641_R077_T40QGL_20220612T043050", "time": "2022-06-11 06:26:41.024000+00:00", "hab_prob": 0.4042494036918134}, "geometry": {"type": "Point", "coordinates": [59.4882009, 22.9936031]}}, {"type": "Feature", "properties": {"id": "S2A_MSIL2A_20220611T062641_R077_T40QGL_20220612T043050_0001.jpg", "scene_id": "S2A_MSIL2A_20220611T062641_R077_T40QGL_20220612T043050", "time": "2022-06-11 06:26:41.024000+00:00", "hab_prob": 0.3856714308779888}, "geometry": {"type": "Point", "coordinates": [59.4882009, 22.9936031]}}, {"type": "Feature", "properties": {"id": "S2A_MSIL2A_20220621T062641_R077_T40QGL_20220622T012510_0000.jpg", "scene_id": "S2A_MSIL2A_20220621T062641_R077_T40QGL_20220622T012510", "time": "2022-06-21 06:26:41.024000+00:00", "hab_prob": 0.3990816529297844}, "geometry": {"type": "Point", "coordinates": [59.4882009, 22.9936031]}}, {"type": "Feature", "properties": {"id": "S2A_MSIL2A_20220621T062641_R077_T40QGL_20220622T012510_0001.jpg", "scene_id": "S2A_MSIL2A_20220621T062641_R077_T40QGL_20220622T012510", "time": "2022-06-21 06:26:41.024000+00:00", "hab_prob": 0.3990816529297844}, "geometry": {"type": "Point", "coordinates": [59.4882009, 22.9936031]}}, {"type": "Feature", "properties": {"id": "S2A_MSIL2A_20220711T062641_R077_T40QGL_20220713T004053_0000.jpg", "scene_id": "S2A_MSIL2A_20220711T062641_R077_T40QGL_20220713T004053", "time": "2022-07-11 06:26:41.024000+00:00", "hab_prob": 0.4892494080071313}, "geometry": {"type": "Point", "coordinates": [59.4882009, 22.9936031]}}, {"type": "Feature", "properties": {"id": "S2A_MSIL2A_20220711T062641_R077_T40QGL_20220713T004053_0001.jpg", "scene_id": "S2A_MSIL2A_20220711T062641_R077_T40QGL_20220713T004053", "time": "2022-07-11 06:26:41.024000+00:00", "hab_prob": 0.4892494080071313}, "geometry": {"type": "Point", "coordinates": [59.4882009, 22.9936031]}}, {"type": "Feature", "properties": {"id": "S2A_MSIL2A_20220721T062641_R077_T40QGL_20220723T060616_0000.jpg", "scene_id": "S2A_MSIL2A_20220721T062641_R077_T40QGL_20220723T060616", "time": "2022-07-21 06:26:41.024000+00:00", "hab_prob": 0.4053971707612311}, "geometry": {"type": "Point", "coordinates": [59.4882009, 22.9936031]}}, {"type": "Feature", "properties": {"id": "S2A_MSIL2A_20220721T062641_R077_T40QGL_20220723T060616_0001.jpg", "scene_id": "S2A_MSIL2A_20220721T062641_R077_T40QGL_20220723T060616", "time": "2022-07-21 06:26:41.024000+00:00", "hab_prob": 0.3920721539449797}, "geometry": {"type": "Point", "coordinates": [59.4882009, 22.9936031]}}, {"type": "Feature", "properties": {"id": "S2A_MSIL2A_20220731T062641_R077_T40QGL_20220801T054652_0000.jpg", "scene_id": "S2A_MSIL2A_20220731T062641_R077_T40QGL_20220801T054652", "time": "2022-07-31 06:26:41.024000+00:00", "hab_prob": 0.3581285679609671}, "geometry": {"type": "Point", "coordinates": [59.4882009, 22.9936031]}}, {"type": "Feature", "properties": {"id": "S2A_MSIL2A_20220731T062641_R077_T40QGL_20220801T054652_0001.jpg", "scene_id": "S2A_MSIL2A_20220731T062641_R077_T40QGL_20220801T054652", "time": "2022-07-31 06:26:41.024000+00:00", "hab_prob": 0.3488203613957721}, "geometry": {"type": "Point", "coordinates": [59.4882009, 22.9936031]}}, {"type": "Feature", "properties": {"id": "S2B_MSIL2A_20220805T062629_R077_T40QGL_20220805T230319_0000.jpg", "scene_id": "S2B_MSIL2A_20220805T062629_R077_T40QGL_20220805T230319", "time": "2022-08-05 06:26:29.024000+00:00", "hab_prob": 0.3449903149448865}, "geometry": {"type": "Point", "coordinates": [59.4882009, 22.9936031]}}, {"type": "Feature", "properties": {"id": "S2B_MSIL2A_20220805T062629_R077_T40QGL_20220805T230319_0001.jpg", "scene_id": "S2B_MSIL2A_20220805T062629_R077_T40QGL_20220805T230319", "time": "2022-08-05 06:26:29.024000+00:00", "hab_prob": 0.3604024648679485}, "geometry": {"type": "Point", "coordinates": [59.4882009, 22.9936031]}}, {"type": "Feature", "properties": {"id": "S2A_MSIL2A_20220820T062641_R077_T40QGL_20220820T144542_0000.jpg", "scene_id": "S2A_MSIL2A_20220820T062641_R077_T40QGL_20220820T144542", "time": "2022-08-20 06:26:41.024000+00:00", "hab_prob": 0.4823419846741093}, "geometry": {"type": "Point", "coordinates": [59.4882009, 22.9936031]}}, {"type": "Feature", "properties": {"id": "S2A_MSIL2A_20220820T062641_R077_T40QGL_20220820T144542_0001.jpg", "scene_id": "S2A_MSIL2A_20220820T062641_R077_T40QGL_20220820T144542", "time": "2022-08-20 06:26:41.024000+00:00", "hab_prob": 0.4421138610962307}, "geometry": {"type": "Point", "coordinates": [59.4882009, 22.9936031]}}, {"type": "Feature", "properties": {"id": "S2B_MSIL2A_20220904T062629_R077_T40QGL_20240718T201711_0000.jpg", "scene_id": "S2B_MSIL2A_20220904T062629_R077_T40QGL_20240718T201711", "time": "2022-09-04 06:26:29.024000+00:00", "hab_prob": 0.3623499105297764}, "geometry": {"type": "Point", "coordinates": [59.4882009, 22.9936031]}}, {"type": "Feature", "properties": {"id": "S2B_MSIL2A_20220904T062629_R077_T40QGL_20240718T201711_0001.jpg", "scene_id": "S2B_MSIL2A_20220904T062629_R077_T40QGL_20240718T201711", "time": "2022-09-04 06:26:29.024000+00:00", "hab_prob": 0.3764387389210416}, "geometry": {"type": "Point", "coordinates": [59.4882009, 22.9936031]}}, {"type": "Feature", "properties": {"id": "S2A_MSIL2A_20220909T062641_R077_T40QGL_20220909T171558_0000.jpg", "scene_id": "S2A_MSIL2A_20220909T062641_R077_T40QGL_20220909T171558", "time": "2022-09-09 06:26:41.024000+00:00", "hab_prob": 0.3604024648679485}, "geometry": {"type": "Point", "coordinates": [59.4882009, 22.9936031]}}, {"type": "Feature", "properties": {"id": "S2A_MSIL2A_20220909T062641_R077_T40QGL_20220909T171558_0001.jpg", "scene_id": "S2A_MSIL2A_20220909T062641_R077_T40QGL_20220909T171558", "time": "2022-09-09 06:26:41.024000+00:00", "hab_prob": 0.3604024648679485}, "geometry": {"type": "Point", "coordinates": [59.4882009, 22.9936031]}}, {"type": "Feature", "properties": {"id": "S2A_MSIL2A_20220929T062651_R077_T40QGL_20220929T190714_0000.jpg", "scene_id": "S2A_MSIL2A_20220929T062651_R077_T40QGL_20220929T190714", "time": "2022-09-29 06:26:51.024000+00:00", "hab_prob": 0.3799704122604079}, "geometry": {"type": "Point", "coordinates": [59.4882009, 22.9936031]}}, {"type": "Feature", "properties": {"id": "S2A_MSIL2A_20220929T062651_R077_T40QGL_20220929T190714_0001.jpg", "scene_id": "S2A_MSIL2A_20220929T062651_R077_T40QGL_20220929T190714", "time": "2022-09-29 06:26:51.024000+00:00", "hab_prob": 0.3799704122604079}, "geometry": {"type": "Point", "coordinates": [59.4882009, 22.9936031]}}, {"type": "Feature", "properties": {"id": "S2B_MSIL2A_20221004T062709_R077_T40QGL_20221004T215420_0000.jpg", "scene_id": "S2B_MSIL2A_20221004T062709_R077_T40QGL_20221004T215420", "time": "2022-10-04 06:27:09.024000+00:00", "hab_prob": 0.3733942781115739}, "geometry": {"type": "Point", "coordinates": [59.4882009, 22.9936031]}}, {"type": "Feature", "properties": {"id": "S2B_MSIL2A_20221004T062709_R077_T40QGL_20221004T215420_0001.jpg", "scene_id": "S2B_MSIL2A_20221004T062709_R077_T40QGL_20221004T215420", "time": "2022-10-04 06:27:09.024000+00:00", "hab_prob": 0.3876514679935017}, "geometry": {"type": "Point", "coordinates": [59.4882009, 22.9936031]}}, {"type": "Feature", "properties": {"id": "S2A_MSIL2A_20221009T062751_R077_T40QGL_20240717T113900_0000.jpg", "scene_id": "S2A_MSIL2A_20221009T062751_R077_T40QGL_20240717T113900", "time": "2022-10-09 06:27:51.024000+00:00", "hab_prob": 0.3520214849996797}, "geometry": {"type": "Point", "coordinates": [59.4882009, 22.9936031]}}, {"type": "Feature", "properties": {"id": "S2A_MSIL2A_20221009T062751_R077_T40QGL_20240717T113900_0001.jpg", "scene_id": "S2A_MSIL2A_20221009T062751_R077_T40QGL_20240717T113900", "time": "2022-10-09 06:27:51.024000+00:00", "hab_prob": 0.3659391915372713}, "geometry": {"type": "Point", "coordinates": [59.4882009, 22.9936031]}}, {"type": "Feature", "properties": {"id": "S2B_MSIL2A_20221024T062929_R077_T40QGL_20240724T101405_0000.jpg", "scene_id": "S2B_MSIL2A_20221024T062929_R077_T40QGL_20240724T101405", "time": "2022-10-24 06:29:29.024000+00:00", "hab_prob": 0.369753606295799}, "geometry": {"type": "Point", "coordinates": [59.4882009, 22.9936031]}}, {"type": "Feature", "properties": {"id": "S2B_MSIL2A_20221024T062929_R077_T40QGL_20240724T101405_0001.jpg", "scene_id": "S2B_MSIL2A_20221024T062929_R077_T40QGL_20240724T101405", "time": "2022-10-24 06:29:29.024000+00:00", "hab_prob": 0.369753606295799}, "geometry": {"type": "Point", "coordinates": [59.4882009, 22.9936031]}}, {"type": "Feature", "properties": {"id": "S2A_MSIL2A_20221029T063001_R077_T40QGL_20240716T225017_0000.jpg", "scene_id": "S2A_MSIL2A_20221029T063001_R077_T40QGL_20240716T225017", "time": "2022-10-29 06:30:01.024000+00:00", "hab_prob": 0.3868802686565228}, "geometry": {"type": "Point", "coordinates": [59.4882009, 22.9936031]}}, {"type": "Feature", "properties": {"id": "S2A_MSIL2A_20221029T063001_R077_T40QGL_20240716T225017_0001.jpg", "scene_id": "S2A_MSIL2A_20221029T063001_R077_T40QGL_20240716T225017", "time": "2022-10-29 06:30:01.024000+00:00", "hab_prob": 0.4013225913693725}, "geometry": {"type": "Point", "coordinates": [59.4882009, 22.9936031]}}, {"type": "Feature", "properties": {"id": "S2A_MSIL2A_20221118T063141_R077_T40QGL_20240804T234922_0000.jpg", "scene_id": "S2A_MSIL2A_20221118T063141_R077_T40QGL_20240804T234922", "time": "2022-11-18 06:31:41.024000+00:00", "hab_prob": 0.3996701648177132}, "geometry": {"type": "Point", "coordinates": [59.4882009, 22.9936031]}}, {"type": "Feature", "properties": {"id": "S2A_MSIL2A_20221118T063141_R077_T40QGL_20240804T234922_0001.jpg", "scene_id": "S2A_MSIL2A_20221118T063141_R077_T40QGL_20240804T234922", "time": "2022-11-18 06:31:41.024000+00:00", "hab_prob": 0.4013576687708854}, "geometry": {"type": "Point", "coordinates": [59.4882009, 22.9936031]}}, {"type": "Feature", "properties": {"id": "S2A_MSIL2A_20221218T063301_R077_T40QGL_20221218T225913_0000.jpg", "scene_id": "S2A_MSIL2A_20221218T063301_R077_T40QGL_20221218T225913", "time": "2022-12-18 06:33:01.024000+00:00", "hab_prob": 0.3972887657520745}, "geometry": {"type": "Point", "coordinates": [59.4882009, 22.9936031]}}, {"type": "Feature", "properties": {"id": "S2A_MSIL2A_20221218T063301_R077_T40QGL_20221218T225913_0001.jpg", "scene_id": "S2A_MSIL2A_20221218T063301_R077_T40QGL_20221218T225913", "time": "2022-12-18 06:33:01.024000+00:00", "hab_prob": 0.379940959890432}, "geometry": {"type": "Point", "coordinates": [59.4882009, 22.9936031]}}, {"type": "Feature", "properties": {"id": "S2A_MSIL2A_20230107T063241_R077_T40QGL_20230107T194831_0000.jpg", "scene_id": "S2A_MSIL2A_20230107T063241_R077_T40QGL_20230107T194831", "time": "2023-01-07 06:32:41.024000+00:00", "hab_prob": 0.4431228082062605}, "geometry": {"type": "Point", "coordinates": [59.4882009, 22.9936031]}}, {"type": "Feature", "properties": {"id": "S2A_MSIL2A_20230107T063241_R077_T40QGL_20230107T194831_0001.jpg", "scene_id": "S2A_MSIL2A_20230107T063241_R077_T40QGL_20230107T194831", "time": "2023-01-07 06:32:41.024000+00:00", "hab_prob": 0.4431228082062605}, "geometry": {"type": "Point", "coordinates": [59.4882009, 22.9936031]}}, {"type": "Feature", "properties": {"id": "S2A_MSIL2A_20230318T062631_R077_T40QGL_20240823T221610_0000.jpg", "scene_id": "S2A_MSIL2A_20230318T062631_R077_T40QGL_20240823T221610", "time": "2023-03-18 06:26:31.024000+00:00", "hab_prob": 0.3945811891782923}, "geometry": {"type": "Point", "coordinates": [59.4882009, 22.9936031]}}, {"type": "Feature", "properties": {"id": "S2A_MSIL2A_20230318T062631_R077_T40QGL_20240823T221610_0001.jpg", "scene_id": "S2A_MSIL2A_20230318T062631_R077_T40QGL_20240823T221610", "time": "2023-03-18 06:26:31.024000+00:00", "hab_prob": 0.4034587774713211}, "geometry": {"type": "Point", "coordinates": [59.4882009, 22.9936031]}}, {"type": "Feature", "properties": {"id": "S2B_MSIL2A_20230422T062629_R077_T40QGL_20240809T053615_0000.jpg", "scene_id": "S2B_MSIL2A_20230422T062629_R077_T40QGL_20240809T053615", "time": "2023-04-22 06:26:29.024000+00:00", "hab_prob": 0.3826910890095684}, "geometry": {"type": "Point", "coordinates": [59.4882009, 22.9936031]}}, {"type": "Feature", "properties": {"id": "S2B_MSIL2A_20230422T062629_R077_T40QGL_20240809T053615_0001.jpg", "scene_id": "S2B_MSIL2A_20230422T062629_R077_T40QGL_20240809T053615", "time": "2023-04-22 06:26:29.024000+00:00", "hab_prob": 0.3826910890095684}, "geometry": {"type": "Point", "coordinates": [59.4882009, 22.9936031]}}, {"type": "Feature", "properties": {"id": "S2A_MSIL2A_20230427T062631_R077_T40QGL_20230427T122322_0000.jpg", "scene_id": "S2A_MSIL2A_20230427T062631_R077_T40QGL_20230427T122322", "time": "2023-04-27 06:26:31.024000+00:00", "hab_prob": 0.4171672886892298}, "geometry": {"type": "Point", "coordinates": [59.4882009, 22.9936031]}}, {"type": "Feature", "properties": {"id": "S2A_MSIL2A_20230427T062631_R077_T40QGL_20230427T122322_0001.jpg", "scene_id": "S2A_MSIL2A_20230427T062631_R077_T40QGL_20230427T122322", "time": "2023-04-27 06:26:31.024000+00:00", "hab_prob": 0.4171672886892298}, "geometry": {"type": "Point", "coordinates": [59.4882009, 22.9936031]}}, {"type": "Feature", "properties": {"id": "S2B_MSIL2A_20230502T062629_R077_T40QGL_20240812T054336_0000.jpg", "scene_id": "S2B_MSIL2A_20230502T062629_R077_T40QGL_20240812T054336", "time": "2023-05-02 06:26:29.024000+00:00", "hab_prob": 0.4093377807002683}, "geometry": {"type": "Point", "coordinates": [59.4882009, 22.9936031]}}, {"type": "Feature", "properties": {"id": "S2B_MSIL2A_20230502T062629_R077_T40QGL_20240812T054336_0001.jpg", "scene_id": "S2B_MSIL2A_20230502T062629_R077_T40QGL_20240812T054336", "time": "2023-05-02 06:26:29.024000+00:00", "hab_prob": 0.4183179730424709}, "geometry": {"type": "Point", "coordinates": [59.4882009, 22.9936031]}}, {"type": "Feature", "properties": {"id": "S2B_MSIL2A_20230512T062629_R077_T40QGL_20230512T112648_0000.jpg", "scene_id": "S2B_MSIL2A_20230512T062629_R077_T40QGL_20230512T112648", "time": "2023-05-12 06:26:29.024000+00:00", "hab_prob": 0.3844244701106025}, "geometry": {"type": "Point", "coordinates": [59.4882009, 22.9936031]}}, {"type": "Feature", "properties": {"id": "S2B_MSIL2A_20230512T062629_R077_T40QGL_20230512T112648_0001.jpg", "scene_id": "S2B_MSIL2A_20230512T062629_R077_T40QGL_20230512T112648", "time": "2023-05-12 06:26:29.024000+00:00", "hab_prob": 0.3932219653086941}, "geometry": {"type": "Point", "coordinates": [59.4882009, 22.9936031]}}, {"type": "Feature", "properties": {"id": "S2A_MSIL2A_20230517T062631_R077_T40QGL_20230517T122121_0000.jpg", "scene_id": "S2A_MSIL2A_20230517T062631_R077_T40QGL_20230517T122121", "time": "2023-05-17 06:26:31.024000+00:00", "hab_prob": 0.4295749214191607}, "geometry": {"type": "Point", "coordinates": [59.4882009, 22.9936031]}}, {"type": "Feature", "properties": {"id": "S2A_MSIL2A_20230517T062631_R077_T40QGL_20230517T122121_0001.jpg", "scene_id": "S2A_MSIL2A_20230517T062631_R077_T40QGL_20230517T122121", "time": "2023-05-17 06:26:31.024000+00:00", "hab_prob": 0.4295749214191607}, "geometry": {"type": "Point", "coordinates": [59.4882009, 22.9936031]}}, {"type": "Feature", "properties": {"id": "S2B_MSIL2A_20230601T062629_R077_T40QGL_20241002T090907_0000.jpg", "scene_id": "S2B_MSIL2A_20230601T062629_R077_T40QGL_20241002T090907", "time": "2023-06-01 06:26:29.024000+00:00", "hab_prob": 0.3829782521960734}, "geometry": {"type": "Point", "coordinates": [59.4882009, 22.9936031]}}, {"type": "Feature", "properties": {"id": "S2B_MSIL2A_20230601T062629_R077_T40QGL_20241002T090907_0001.jpg", "scene_id": "S2B_MSIL2A_20230601T062629_R077_T40QGL_20241002T090907", "time": "2023-06-01 06:26:29.024000+00:00", "hab_prob": 0.3879030173924095}, "geometry": {"type": "Point", "coordinates": [59.4882009, 22.9936031]}}, {"type": "Feature", "properties": {"id": "S2A_MSIL2A_20230616T062631_R077_T40QGL_20240812T142657_0000.jpg", "scene_id": "S2A_MSIL2A_20230616T062631_R077_T40QGL_20240812T142657", "time": "2023-06-16 06:26:31.024000+00:00", "hab_prob": 0.5151417722224536}, "geometry": {"type": "Point", "coordinates": [59.4882009, 22.9936031]}}, {"type": "Feature", "properties": {"id": "S2A_MSIL2A_20230616T062631_R077_T40QGL_20240812T142657_0001.jpg", "scene_id": "S2A_MSIL2A_20230616T062631_R077_T40QGL_20240812T142657", "time": "2023-06-16 06:26:31.024000+00:00", "hab_prob": 0.5354549376129764}, "geometry": {"type": "Point", "coordinates": [59.4882009, 22.9936031]}}, {"type": "Feature", "properties": {"id": "S2B_MSIL2A_20230701T062629_R077_T40QGL_20240817T022544_0000.jpg", "scene_id": "S2B_MSIL2A_20230701T062629_R077_T40QGL_20240817T022544", "time": "2023-07-01 06:26:29.024000+00:00", "hab_prob": 0.4435393015112903}, "geometry": {"type": "Point", "coordinates": [59.4882009, 22.9936031]}}, {"type": "Feature", "properties": {"id": "S2B_MSIL2A_20230701T062629_R077_T40QGL_20240817T022544_0001.jpg", "scene_id": "S2B_MSIL2A_20230701T062629_R077_T40QGL_20240817T022544", "time": "2023-07-01 06:26:29.024000+00:00", "hab_prob": 0.4435393015112903}, "geometry": {"type": "Point", "coordinates": [59.4882009, 22.9936031]}}, {"type": "Feature", "properties": {"id": "S2A_MSIL2A_20230805T062631_R077_T40QGL_20241026T103934_0000.jpg", "scene_id": "S2A_MSIL2A_20230805T062631_R077_T40QGL_20241026T103934", "time": "2023-08-05 06:26:31.024000+00:00", "hab_prob": 0.3488203613957721}, "geometry": {"type": "Point", "coordinates": [59.4882009, 22.9936031]}}, {"type": "Feature", "properties": {"id": "S2A_MSIL2A_20230805T062631_R077_T40QGL_20241026T103934_0001.jpg", "scene_id": "S2A_MSIL2A_20230805T062631_R077_T40QGL_20241026T103934", "time": "2023-08-05 06:26:31.024000+00:00", "hab_prob": 0.3636550081591641}, "geometry": {"type": "Point", "coordinates": [59.4882009, 22.9936031]}}, {"type": "Feature", "properties": {"id": "S2B_MSIL2A_20230810T062629_R077_T40QGL_20240912T065804_0000.jpg", "scene_id": "S2B_MSIL2A_20230810T062629_R077_T40QGL_20240912T065804", "time": "2023-08-10 06:26:29.024000+00:00", "hab_prob": 0.374798021124481}, "geometry": {"type": "Point", "coordinates": [59.4882009, 22.9936031]}}, {"type": "Feature", "properties": {"id": "S2B_MSIL2A_20230810T062629_R077_T40QGL_20240912T065804_0001.jpg", "scene_id": "S2B_MSIL2A_20230810T062629_R077_T40QGL_20240912T065804", "time": "2023-08-10 06:26:29.024000+00:00", "hab_prob": 0.374798021124481}, "geometry": {"type": "Point", "coordinates": [59.4882009, 22.9936031]}}, {"type": "Feature", "properties": {"id": "S2B_MSIL2A_20230820T062629_R077_T40QGL_20241022T060250_0000.jpg", "scene_id": "S2B_MSIL2A_20230820T062629_R077_T40QGL_20241022T060250", "time": "2023-08-20 06:26:29.024000+00:00", "hab_prob": 0.3723724560690997}, "geometry": {"type": "Point", "coordinates": [59.4882009, 22.9936031]}}, {"type": "Feature", "properties": {"id": "S2B_MSIL2A_20230820T062629_R077_T40QGL_20241022T060250_0001.jpg", "scene_id": "S2B_MSIL2A_20230820T062629_R077_T40QGL_20241022T060250", "time": "2023-08-20 06:26:29.024000+00:00", "hab_prob": 0.387474449765485}, "geometry": {"type": "Point", "coordinates": [59.4882009, 22.9936031]}}, {"type": "Feature", "properties": {"id": "S2B_MSIL2A_20230830T062629_R077_T40QGL_20230830T122156_0000.jpg", "scene_id": "S2B_MSIL2A_20230830T062629_R077_T40QGL_20230830T122156", "time": "2023-08-30 06:26:29.024000+00:00", "hab_prob": 0.4198527340689051}, "geometry": {"type": "Point", "coordinates": [59.4882009, 22.9936031]}}, {"type": "Feature", "properties": {"id": "S2B_MSIL2A_20230830T062629_R077_T40QGL_20230830T122156_0001.jpg", "scene_id": "S2B_MSIL2A_20230830T062629_R077_T40QGL_20230830T122156", "time": "2023-08-30 06:26:29.024000+00:00", "hab_prob": 0.4035021365208763}, "geometry": {"type": "Point", "coordinates": [59.4882009, 22.9936031]}}, {"type": "Feature", "properties": {"id": "S2A_MSIL2A_20230904T062631_R077_T40QGL_20230904T124230_0000.jpg", "scene_id": "S2A_MSIL2A_20230904T062631_R077_T40QGL_20230904T124230", "time": "2023-09-04 06:26:31.024000+00:00", "hab_prob": 0.4051948995623732}, "geometry": {"type": "Point", "coordinates": [59.4882009, 22.9936031]}}, {"type": "Feature", "properties": {"id": "S2A_MSIL2A_20230904T062631_R077_T40QGL_20230904T124230_0001.jpg", "scene_id": "S2A_MSIL2A_20230904T062631_R077_T40QGL_20230904T124230", "time": "2023-09-04 06:26:31.024000+00:00", "hab_prob": 0.4035021365208763}, "geometry": {"type": "Point", "coordinates": [59.4882009, 22.9936031]}}, {"type": "Feature", "properties": {"id": "S2B_MSIL2A_20230909T062629_R077_T40QGL_20241104T211949_0000.jpg", "scene_id": "S2B_MSIL2A_20230909T062629_R077_T40QGL_20241104T211949", "time": "2023-09-09 06:26:29.024000+00:00", "hab_prob": 0.3654192452479194}, "geometry": {"type": "Point", "coordinates": [59.4882009, 22.9936031]}}, {"type": "Feature", "properties": {"id": "S2B_MSIL2A_20230909T062629_R077_T40QGL_20241104T211949_0001.jpg", "scene_id": "S2B_MSIL2A_20230909T062629_R077_T40QGL_20241104T211949", "time": "2023-09-09 06:26:29.024000+00:00", "hab_prob": 0.3812128846767899}, "geometry": {"type": "Point", "coordinates": [59.4882009, 22.9936031]}}, {"type": "Feature", "properties": {"id": "S2A_MSIL2A_20230924T062631_R077_T40QGL_20230924T121039_0000.jpg", "scene_id": "S2A_MSIL2A_20230924T062631_R077_T40QGL_20230924T121039", "time": "2023-09-24 06:26:31.024000+00:00", "hab_prob": 0.3833447410014225}, "geometry": {"type": "Point", "coordinates": [59.4882009, 22.9936031]}}, {"type": "Feature", "properties": {"id": "S2A_MSIL2A_20230924T062631_R077_T40QGL_20230924T121039_0001.jpg", "scene_id": "S2A_MSIL2A_20230924T062631_R077_T40QGL_20230924T121039", "time": "2023-09-24 06:26:31.024000+00:00", "hab_prob": 0.3850075216429163}, "geometry": {"type": "Point", "coordinates": [59.4882009, 22.9936031]}}, {"type": "Feature", "properties": {"id": "S2B_MSIL2A_20230929T062639_R077_T40QGL_20230929T121633_0000.jpg", "scene_id": "S2B_MSIL2A_20230929T062639_R077_T40QGL_20230929T121633", "time": "2023-09-29 06:26:39.024000+00:00", "hab_prob": 0.3601897829943324}, "geometry": {"type": "Point", "coordinates": [59.4882009, 22.9936031]}}, {"type": "Feature", "properties": {"id": "S2B_MSIL2A_20230929T062639_R077_T40QGL_20230929T121633_0001.jpg", "scene_id": "S2B_MSIL2A_20230929T062639_R077_T40QGL_20230929T121633", "time": "2023-09-29 06:26:39.024000+00:00", "hab_prob": 0.366187274067236}, "geometry": {"type": "Point", "coordinates": [59.4882009, 22.9936031]}}, {"type": "Feature", "properties": {"id": "S2B_MSIL2A_20231009T062749_R077_T40QGL_20231009T110724_0000.jpg", "scene_id": "S2B_MSIL2A_20231009T062749_R077_T40QGL_20231009T110724", "time": "2023-10-09 06:27:49.024000+00:00", "hab_prob": 0.3736729368064234}, "geometry": {"type": "Point", "coordinates": [59.4882009, 22.9936031]}}, {"type": "Feature", "properties": {"id": "S2B_MSIL2A_20231009T062749_R077_T40QGL_20231009T110724_0001.jpg", "scene_id": "S2B_MSIL2A_20231009T062749_R077_T40QGL_20231009T110724", "time": "2023-10-09 06:27:49.024000+00:00", "hab_prob": 0.3892428334835365}, "geometry": {"type": "Point", "coordinates": [59.4882009, 22.9936031]}}, {"type": "Feature", "properties": {"id": "S2A_MSIL2A_20231103T063021_R077_T40QGL_20240830T224845_0000.jpg", "scene_id": "S2A_MSIL2A_20231103T063021_R077_T40QGL_20240830T224845", "time": "2023-11-03 06:30:21.024000+00:00", "hab_prob": 0.4080826985621569}, "geometry": {"type": "Point", "coordinates": [59.4882009, 22.9936031]}}, {"type": "Feature", "properties": {"id": "S2A_MSIL2A_20231103T063021_R077_T40QGL_20240830T224845_0001.jpg", "scene_id": "S2A_MSIL2A_20231103T063021_R077_T40QGL_20240830T224845", "time": "2023-11-03 06:30:21.024000+00:00", "hab_prob": 0.4080826985621569}, "geometry": {"type": "Point", "coordinates": [59.4882009, 22.9936031]}}, {"type": "Feature", "properties": {"id": "S2B_MSIL2A_20231128T063219_R077_T40QGL_20231128T101100_0000.jpg", "scene_id": "S2B_MSIL2A_20231128T063219_R077_T40QGL_20231128T101100", "time": "2023-11-28 06:32:19.024000+00:00", "hab_prob": 0.4240628311723824}, "geometry": {"type": "Point", "coordinates": [59.4882009, 22.9936031]}}, {"type": "Feature", "properties": {"id": "S2B_MSIL2A_20231128T063219_R077_T40QGL_20231128T101100_0001.jpg", "scene_id": "S2B_MSIL2A_20231128T063219_R077_T40QGL_20231128T101100", "time": "2023-11-28 06:32:19.024000+00:00", "hab_prob": 0.4159737690199683}, "geometry": {"type": "Point", "coordinates": [59.4882009, 22.9936031]}}, {"type": "Feature", "properties": {"id": "S2A_MSIL2A_20231203T063231_R077_T40QGL_20231203T112021_0000.jpg", "scene_id": "S2A_MSIL2A_20231203T063231_R077_T40QGL_20231203T112021", "time": "2023-12-03 06:32:31.024000+00:00", "hab_prob": 0.386346421876369}, "geometry": {"type": "Point", "coordinates": [59.4882009, 22.9936031]}}, {"type": "Feature", "properties": {"id": "S2A_MSIL2A_20231203T063231_R077_T40QGL_20231203T112021_0001.jpg", "scene_id": "S2A_MSIL2A_20231203T063231_R077_T40QGL_20231203T112021", "time": "2023-12-03 06:32:31.024000+00:00", "hab_prob": 0.3814291040860093}, "geometry": {"type": "Point", "coordinates": [59.4882009, 22.9936031]}}, {"type": "Feature", "properties": {"id": "S2A_MSIL2A_20231223T063301_R077_T40QGL_20231223T102255_0000.jpg", "scene_id": "S2A_MSIL2A_20231223T063301_R077_T40QGL_20231223T102255", "time": "2023-12-23 06:33:01.024000+00:00", "hab_prob": 0.415795480286297}, "geometry": {"type": "Point", "coordinates": [59.4882009, 22.9936031]}}, {"type": "Feature", "properties": {"id": "S2A_MSIL2A_20231223T063301_R077_T40QGL_20231223T102255_0001.jpg", "scene_id": "S2A_MSIL2A_20231223T063301_R077_T40QGL_20231223T102255", "time": "2023-12-23 06:33:01.024000+00:00", "hab_prob": 0.4042134688276571}, "geometry": {"type": "Point", "coordinates": [59.4882009, 22.9936031]}}, {"type": "Feature", "properties": {"id": "S2B_MSIL2A_20231228T063259_R077_T40QGL_20231228T093910_0000.jpg", "scene_id": "S2B_MSIL2A_20231228T063259_R077_T40QGL_20231228T093910", "time": "2023-12-28 06:32:59.024000+00:00", "hab_prob": 0.3962821647292986}, "geometry": {"type": "Point", "coordinates": [59.4882009, 22.9936031]}}, {"type": "Feature", "properties": {"id": "S2B_MSIL2A_20231228T063259_R077_T40QGL_20231228T093910_0001.jpg", "scene_id": "S2B_MSIL2A_20231228T063259_R077_T40QGL_20231228T093910", "time": "2023-12-28 06:32:59.024000+00:00", "hab_prob": 0.4118586333464059}, "geometry": {"type": "Point", "coordinates": [59.4882009, 22.9936031]}}, {"type": "Feature", "properties": {"id": "S2A_MSIL2A_20240112T063231_R077_T40QGL_20240112T101206_0000.jpg", "scene_id": "S2A_MSIL2A_20240112T063231_R077_T40QGL_20240112T101206", "time": "2024-01-12 06:32:31.024000+00:00", "hab_prob": 0.4939114257091078}, "geometry": {"type": "Point", "coordinates": [59.4882009, 22.9936031]}}, {"type": "Feature", "properties": {"id": "S2A_MSIL2A_20240112T063231_R077_T40QGL_20240112T101206_0001.jpg", "scene_id": "S2A_MSIL2A_20240112T063231_R077_T40QGL_20240112T101206", "time": "2024-01-12 06:32:31.024000+00:00", "hab_prob": 0.4657626064304667}, "geometry": {"type": "Point", "coordinates": [59.4882009, 22.9936031]}}, {"type": "Feature", "properties": {"id": "S2B_MSIL2A_20240127T063129_R077_T40QGL_20240127T101326_0000.jpg", "scene_id": "S2B_MSIL2A_20240127T063129_R077_T40QGL_20240127T101326", "time": "2024-01-27 06:31:29.024000+00:00", "hab_prob": 0.3937496383482113}, "geometry": {"type": "Point", "coordinates": [59.4882009, 22.9936031]}}, {"type": "Feature", "properties": {"id": "S2B_MSIL2A_20240127T063129_R077_T40QGL_20240127T101326_0001.jpg", "scene_id": "S2B_MSIL2A_20240127T063129_R077_T40QGL_20240127T101326", "time": "2024-01-27 06:31:29.024000+00:00", "hab_prob": 0.3937496383482113}, "geometry": {"type": "Point", "coordinates": [59.4882009, 22.9936031]}}, {"type": "Feature", "properties": {"id": "S2A_MSIL2A_20240211T063011_R077_T40QGL_20240211T102241_0000.jpg", "scene_id": "S2A_MSIL2A_20240211T063011_R077_T40QGL_20240211T102241", "time": "2024-02-11 06:30:11.024000+00:00", "hab_prob": 0.3687115299978536}, "geometry": {"type": "Point", "coordinates": [59.4882009, 22.9936031]}}, {"type": "Feature", "properties": {"id": "S2A_MSIL2A_20240211T063011_R077_T40QGL_20240211T102241_0001.jpg", "scene_id": "S2A_MSIL2A_20240211T063011_R077_T40QGL_20240211T102241", "time": "2024-02-11 06:30:11.024000+00:00", "hab_prob": 0.3605484257243045}, "geometry": {"type": "Point", "coordinates": [59.4882009, 22.9936031]}}, {"type": "Feature", "properties": {"id": "S2B_MSIL2A_20240226T062829_R077_T40QGL_20240226T101515_0000.jpg", "scene_id": "S2B_MSIL2A_20240226T062829_R077_T40QGL_20240226T101515", "time": "2024-02-26 06:28:29.024000+00:00", "hab_prob": 0.3481951631684406}, "geometry": {"type": "Point", "coordinates": [59.4882009, 22.9936031]}}, {"type": "Feature", "properties": {"id": "S2B_MSIL2A_20240226T062829_R077_T40QGL_20240226T101515_0001.jpg", "scene_id": "S2B_MSIL2A_20240226T062829_R077_T40QGL_20240226T101515", "time": "2024-02-26 06:28:29.024000+00:00", "hab_prob": 0.3392408637107351}, "geometry": {"type": "Point", "coordinates": [59.4882009, 22.9936031]}}, {"type": "Feature", "properties": {"id": "S2A_MSIL2A_20240312T062651_R077_T40QGL_20240313T154339_0000.jpg", "scene_id": "S2A_MSIL2A_20240312T062651_R077_T40QGL_20240313T154339", "time": "2024-03-12 06:26:51.024000+00:00", "hab_prob": 0.3999318776033795}, "geometry": {"type": "Point", "coordinates": [59.4882009, 22.9936031]}}, {"type": "Feature", "properties": {"id": "S2A_MSIL2A_20240312T062651_R077_T40QGL_20240313T154339_0001.jpg", "scene_id": "S2A_MSIL2A_20240312T062651_R077_T40QGL_20240313T154339", "time": "2024-03-12 06:26:51.024000+00:00", "hab_prob": 0.3910810179107548}, "geometry": {"type": "Point", "coordinates": [59.4882009, 22.9936031]}}, {"type": "Feature", "properties": {"id": "S2B_MSIL2A_20240317T062629_R077_T40QGL_20240317T102443_0000.jpg", "scene_id": "S2B_MSIL2A_20240317T062629_R077_T40QGL_20240317T102443", "time": "2024-03-17 06:26:29.024000+00:00", "hab_prob": 0.3928074034398098}, "geometry": {"type": "Point", "coordinates": [59.4882009, 22.9936031]}}, {"type": "Feature", "properties": {"id": "S2B_MSIL2A_20240317T062629_R077_T40QGL_20240317T102443_0001.jpg", "scene_id": "S2B_MSIL2A_20240317T062629_R077_T40QGL_20240317T102443", "time": "2024-03-17 06:26:29.024000+00:00", "hab_prob": 0.3928074034398098}, "geometry": {"type": "Point", "coordinates": [59.4882009, 22.9936031]}}, {"type": "Feature", "properties": {"id": "S2B_MSIL2A_20240406T062629_R077_T40QGL_20240406T100803_0000.jpg", "scene_id": "S2B_MSIL2A_20240406T062629_R077_T40QGL_20240406T100803", "time": "2024-04-06 06:26:29.024000+00:00", "hab_prob": 0.3801834312608702}, "geometry": {"type": "Point", "coordinates": [59.4882009, 22.9936031]}}, {"type": "Feature", "properties": {"id": "S2B_MSIL2A_20240406T062629_R077_T40QGL_20240406T100803_0001.jpg", "scene_id": "S2B_MSIL2A_20240406T062629_R077_T40QGL_20240406T100803", "time": "2024-04-06 06:26:29.024000+00:00", "hab_prob": 0.3776276490753656}, "geometry": {"type": "Point", "coordinates": [59.4882009, 22.9936031]}}, {"type": "Feature", "properties": {"id": "S2B_MSIL2A_20240426T062629_R077_T40QGL_20240426T111128_0000.jpg", "scene_id": "S2B_MSIL2A_20240426T062629_R077_T40QGL_20240426T111128", "time": "2024-04-26 06:26:29.024000+00:00", "hab_prob": 0.3988433117714413}, "geometry": {"type": "Point", "coordinates": [59.4882009, 22.9936031]}}, {"type": "Feature", "properties": {"id": "S2B_MSIL2A_20240426T062629_R077_T40QGL_20240426T111128_0001.jpg", "scene_id": "S2B_MSIL2A_20240426T062629_R077_T40QGL_20240426T111128", "time": "2024-04-26 06:26:29.024000+00:00", "hab_prob": 0.4077522085418251}, "geometry": {"type": "Point", "coordinates": [59.4882009, 22.9936031]}}, {"type": "Feature", "properties": {"id": "S2B_MSIL2A_20240516T062629_R077_T40QGL_20240516T102256_0000.jpg", "scene_id": "S2B_MSIL2A_20240516T062629_R077_T40QGL_20240516T102256", "time": "2024-05-16 06:26:29.024000+00:00", "hab_prob": 0.4093377807002683}, "geometry": {"type": "Point", "coordinates": [59.4882009, 22.9936031]}}, {"type": "Feature", "properties": {"id": "S2B_MSIL2A_20240516T062629_R077_T40QGL_20240516T102256_0001.jpg", "scene_id": "S2B_MSIL2A_20240516T062629_R077_T40QGL_20240516T102256", "time": "2024-05-16 06:26:29.024000+00:00", "hab_prob": 0.4183179730424709}, "geometry": {"type": "Point", "coordinates": [59.4882009, 22.9936031]}}, {"type": "Feature", "properties": {"id": "S2B_MSIL2A_20240526T062629_R077_T40QGL_20240526T102423_0000.jpg", "scene_id": "S2B_MSIL2A_20240526T062629_R077_T40QGL_20240526T102423", "time": "2024-05-26 06:26:29.024000+00:00", "hab_prob": 0.5130334349525116}, "geometry": {"type": "Point", "coordinates": [59.4882009, 22.9936031]}}, {"type": "Feature", "properties": {"id": "S2B_MSIL2A_20240526T062629_R077_T40QGL_20240526T102423_0001.jpg", "scene_id": "S2B_MSIL2A_20240526T062629_R077_T40QGL_20240526T102423", "time": "2024-05-26 06:26:29.024000+00:00", "hab_prob": 0.5130334349525116}, "geometry": {"type": "Point", "coordinates": [59.4882009, 22.9936031]}}, {"type": "Feature", "properties": {"id": "S2B_MSIL2A_20240605T062629_R077_T40QGL_20240605T101404_0000.jpg", "scene_id": "S2B_MSIL2A_20240605T062629_R077_T40QGL_20240605T101404", "time": "2024-06-05 06:26:29.024000+00:00", "hab_prob": 0.5419909313404849}, "geometry": {"type": "Point", "coordinates": [59.4882009, 22.9936031]}}, {"type": "Feature", "properties": {"id": "S2B_MSIL2A_20240605T062629_R077_T40QGL_20240605T101404_0001.jpg", "scene_id": "S2B_MSIL2A_20240605T062629_R077_T40QGL_20240605T101404", "time": "2024-06-05 06:26:29.024000+00:00", "hab_prob": 0.5490622783074953}, "geometry": {"type": "Point", "coordinates": [59.4882009, 22.9936031]}}, {"type": "Feature", "properties": {"id": "S2A_MSIL2A_20240610T062631_R077_T40QGL_20240610T104746_0000.jpg", "scene_id": "S2A_MSIL2A_20240610T062631_R077_T40QGL_20240610T104746", "time": "2024-06-10 06:26:31.024000+00:00", "hab_prob": 0.3874217118123312}, "geometry": {"type": "Point", "coordinates": [59.4882009, 22.9936031]}}, {"type": "Feature", "properties": {"id": "S2A_MSIL2A_20240610T062631_R077_T40QGL_20240610T104746_0001.jpg", "scene_id": "S2A_MSIL2A_20240610T062631_R077_T40QGL_20240610T104746", "time": "2024-06-10 06:26:31.024000+00:00", "hab_prob": 0.3874217118123312}, "geometry": {"type": "Point", "coordinates": [59.4882009, 22.9936031]}}, {"type": "Feature", "properties": {"id": "S2A_MSIL2A_20240620T062631_R077_T40QGL_20240620T123054_0000.jpg", "scene_id": "S2A_MSIL2A_20240620T062631_R077_T40QGL_20240620T123054", "time": "2024-06-20 06:26:31.024000+00:00", "hab_prob": 0.3926076375404444}, "geometry": {"type": "Point", "coordinates": [59.4882009, 22.9936031]}}, {"type": "Feature", "properties": {"id": "S2A_MSIL2A_20240620T062631_R077_T40QGL_20240620T123054_0001.jpg", "scene_id": "S2A_MSIL2A_20240620T062631_R077_T40QGL_20240620T123054", "time": "2024-06-20 06:26:31.024000+00:00", "hab_prob": 0.4129385603381133}, "geometry": {"type": "Point", "coordinates": [59.4882009, 22.9936031]}}, {"type": "Feature", "properties": {"id": "S2B_MSIL2A_20240625T062629_R077_T40QGL_20240625T102033_0000.jpg", "scene_id": "S2B_MSIL2A_20240625T062629_R077_T40QGL_20240625T102033", "time": "2024-06-25 06:26:29.024000+00:00", "hab_prob": 0.3584886282365475}, "geometry": {"type": "Point", "coordinates": [59.4882009, 22.9936031]}}, {"type": "Feature", "properties": {"id": "S2B_MSIL2A_20240625T062629_R077_T40QGL_20240625T102033_0001.jpg", "scene_id": "S2B_MSIL2A_20240625T062629_R077_T40QGL_20240625T102033", "time": "2024-06-25 06:26:29.024000+00:00", "hab_prob": 0.3989268320727319}, "geometry": {"type": "Point", "coordinates": [59.4882009, 22.9936031]}}, {"type": "Feature", "properties": {"id": "S2B_MSIL2A_20240715T062629_R077_T40QGL_20240715T114701_0000.jpg", "scene_id": "S2B_MSIL2A_20240715T062629_R077_T40QGL_20240715T114701", "time": "2024-07-15 06:26:29.024000+00:00", "hab_prob": 0.625534273787622}, "geometry": {"type": "Point", "coordinates": [59.4882009, 22.9936031]}}, {"type": "Feature", "properties": {"id": "S2B_MSIL2A_20240715T062629_R077_T40QGL_20240715T114701_0001.jpg", "scene_id": "S2B_MSIL2A_20240715T062629_R077_T40QGL_20240715T114701", "time": "2024-07-15 06:26:29.024000+00:00", "hab_prob": 0.625534273787622}, "geometry": {"type": "Point", "coordinates": [59.4882009, 22.9936031]}}, {"type": "Feature", "properties": {"id": "S2B_MSIL2A_20240814T062629_R077_T40QGL_20240814T093442_0000.jpg", "scene_id": "S2B_MSIL2A_20240814T062629_R077_T40QGL_20240814T093442", "time": "2024-08-14 06:26:29.024000+00:00", "hab_prob": 0.3962461016572729}, "geometry": {"type": "Point", "coordinates": [59.4882009, 22.9936031]}}, {"type": "Feature", "properties": {"id": "S2B_MSIL2A_20240814T062629_R077_T40QGL_20240814T093442_0001.jpg", "scene_id": "S2B_MSIL2A_20240814T062629_R077_T40QGL_20240814T093442", "time": "2024-08-14 06:26:29.024000+00:00", "hab_prob": 0.3962461016572729}, "geometry": {"type": "Point", "coordinates": [59.4882009, 22.9936031]}}, {"type": "Feature", "properties": {"id": "S2B_MSIL2A_20240824T062629_R077_T40QGL_20240824T100609_0000.jpg", "scene_id": "S2B_MSIL2A_20240824T062629_R077_T40QGL_20240824T100609", "time": "2024-08-24 06:26:29.024000+00:00", "hab_prob": 0.6170751070617408}, "geometry": {"type": "Point", "coordinates": [59.4882009, 22.9936031]}}, {"type": "Feature", "properties": {"id": "S2B_MSIL2A_20240824T062629_R077_T40QGL_20240824T100609_0001.jpg", "scene_id": "S2B_MSIL2A_20240824T062629_R077_T40QGL_20240824T100609", "time": "2024-08-24 06:26:29.024000+00:00", "hab_prob": 0.6170751070617408}, "geometry": {"type": "Point", "coordinates": [59.4882009, 22.9936031]}}, {"type": "Feature", "properties": {"id": "S2A_MSIL2A_20240908T062631_R077_T40QGL_20240908T111753_0000.jpg", "scene_id": "S2A_MSIL2A_20240908T062631_R077_T40QGL_20240908T111753", "time": "2024-09-08 06:26:31.024000+00:00", "hab_prob": 0.3831147836182883}, "geometry": {"type": "Point", "coordinates": [59.4882009, 22.9936031]}}, {"type": "Feature", "properties": {"id": "S2A_MSIL2A_20240908T062631_R077_T40QGL_20240908T111753_0001.jpg", "scene_id": "S2A_MSIL2A_20240908T062631_R077_T40QGL_20240908T111753", "time": "2024-09-08 06:26:31.024000+00:00", "hab_prob": 0.3917835169412734}, "geometry": {"type": "Point", "coordinates": [59.4882009, 22.9936031]}}, {"type": "Feature", "properties": {"id": "S2A_MSIL2A_20240928T062641_R077_T40QGL_20240928T091150_0000.jpg", "scene_id": "S2A_MSIL2A_20240928T062641_R077_T40QGL_20240928T091150", "time": "2024-09-28 06:26:41.024000+00:00", "hab_prob": 0.411270943279456}, "geometry": {"type": "Point", "coordinates": [59.4882009, 22.9936031]}}, {"type": "Feature", "properties": {"id": "S2A_MSIL2A_20240928T062641_R077_T40QGL_20240928T091150_0001.jpg", "scene_id": "S2A_MSIL2A_20240928T062641_R077_T40QGL_20240928T091150", "time": "2024-09-28 06:26:41.024000+00:00", "hab_prob": 0.4287197367547585}, "geometry": {"type": "Point", "coordinates": [59.4882009, 22.9936031]}}, {"type": "Feature", "properties": {"id": "S2B_MSIL2A_20241003T062629_R077_T40QGL_20241003T090945_0000.jpg", "scene_id": "S2B_MSIL2A_20241003T062629_R077_T40QGL_20241003T090945", "time": "2024-10-03 06:26:29.024000+00:00", "hab_prob": 0.3477318028198702}, "geometry": {"type": "Point", "coordinates": [59.4882009, 22.9936031]}}, {"type": "Feature", "properties": {"id": "S2B_MSIL2A_20241003T062629_R077_T40QGL_20241003T090945_0001.jpg", "scene_id": "S2B_MSIL2A_20241003T062629_R077_T40QGL_20241003T090945", "time": "2024-10-03 06:26:29.024000+00:00", "hab_prob": 0.3477318028198702}, "geometry": {"type": "Point", "coordinates": [59.4882009, 22.9936031]}}, {"type": "Feature", "properties": {"id": "S2B_MSIL2A_20241023T062829_R077_T40QGL_20241023T083127_0000.jpg", "scene_id": "S2B_MSIL2A_20241023T062829_R077_T40QGL_20241023T083127", "time": "2024-10-23 06:28:29.024000+00:00", "hab_prob": 0.4054083277569374}, "geometry": {"type": "Point", "coordinates": [59.4882009, 22.9936031]}}, {"type": "Feature", "properties": {"id": "S2B_MSIL2A_20241023T062829_R077_T40QGL_20241023T083127_0001.jpg", "scene_id": "S2B_MSIL2A_20241023T062829_R077_T40QGL_20241023T083127", "time": "2024-10-23 06:28:29.024000+00:00", "hab_prob": 0.3909149794671488}, "geometry": {"type": "Point", "coordinates": [59.4882009, 22.9936031]}}, {"type": "Feature", "properties": {"id": "S2A_MSIL2A_20241207T063241_R077_T40QGL_20241207T092856_0000.jpg", "scene_id": "S2A_MSIL2A_20241207T063241_R077_T40QGL_20241207T092856", "time": "2024-12-07 06:32:41.024000+00:00", "hab_prob": 0.369419466405129}, "geometry": {"type": "Point", "coordinates": [59.4882009, 22.9936031]}}, {"type": "Feature", "properties": {"id": "S2A_MSIL2A_20241207T063241_R077_T40QGL_20241207T092856_0001.jpg", "scene_id": "S2A_MSIL2A_20241207T063241_R077_T40QGL_20241207T092856", "time": "2024-12-07 06:32:41.024000+00:00", "hab_prob": 0.3988860122836001}, "geometry": {"type": "Point", "coordinates": [59.4882009, 22.9936031]}}, {"type": "Feature", "properties": {"id": "S2B_MSIL2A_20241212T063159_R077_T40QGL_20241212T090100_0000.jpg", "scene_id": "S2B_MSIL2A_20241212T063159_R077_T40QGL_20241212T090100", "time": "2024-12-12 06:31:59.024000+00:00", "hab_prob": 0.3848298653519345}, "geometry": {"type": "Point", "coordinates": [59.4882009, 22.9936031]}}, {"type": "Feature", "properties": {"id": "S2B_MSIL2A_20241212T063159_R077_T40QGL_20241212T090100_0001.jpg", "scene_id": "S2B_MSIL2A_20241212T063159_R077_T40QGL_20241212T090100", "time": "2024-12-12 06:31:59.024000+00:00", "hab_prob": 0.3676941924013203}, "geometry": {"type": "Point", "coordinates": [59.4882009, 22.9936031]}}, {"type": "Feature", "properties": {"id": "S2A_MSIL2A_20241227T063301_R077_T40QGL_20241227T094051_0000.jpg", "scene_id": "S2A_MSIL2A_20241227T063301_R077_T40QGL_20241227T094051", "time": "2024-12-27 06:33:01.024000+00:00", "hab_prob": 0.3992454879609188}, "geometry": {"type": "Point", "coordinates": [59.4882009, 22.9936031]}}, {"type": "Feature", "properties": {"id": "S2A_MSIL2A_20241227T063301_R077_T40QGL_20241227T094051_0001.jpg", "scene_id": "S2A_MSIL2A_20241227T063301_R077_T40QGL_20241227T094051", "time": "2024-12-27 06:33:01.024000+00:00", "hab_prob": 0.3992454879609188}, "geometry": {"type": "Point", "coordinates": [59.4882009, 22.9936031]}}]}