{"type": "FeatureCollection", "features": [{"type": "Feature", "geometry": {"type": "Polygon", "coordinates": [[[59.4452852881502, 22.617761332701377], [59.46480503557441, 22.617761332701377], [59.46480503557441, 22.635779350719396], [59.4452852881502, 22.635779350719396], [59.4452852881502, 22.617761332701377]]]}, "properties": {"count": 38406, "p": 0.25604, "p_norm": 1.0, "grid_km": 2.0}}, {"type": "Feature", "geometry": {"type": "Polygon", "coordinates": [[[59.4452852881502, 22.635779350719396], [59.46480503557441, 22.635779350719396], [59.46480503557441, 22.653797368737415], [59.4452852881502, 22.653797368737415], [59.4452852881502, 22.635779350719396]]]}, "properties": {"count": 7946, "p": 0.05297333333333333, "p_norm": 0.206894756027704, "grid_km": 2.0}}, {"type": "Feature", "geometry": {"type": "Polygon", "coordinates": [[[59.425765540726, 22.59974331468336], [59.4452852881502, 22.59974331468336], [59.4452852881502, 22.617761332701377], [59.425765540726, 22.617761332701377], [59.425765540726, 22.59974331468336]]]}, "properties": {"count": 9890, "p": 0.06593333333333333, "p_norm": 0.2575118471072228, "grid_km": 2.0}}, {"type": "Feature", "geometry": {"type": "Polygon", "coordinates": [[[59.425765540726, 22.58172529666534], [59.4452852881502, 22.58172529666534], [59.4452852881502, 22.59974331468336], [59.425765540726, 22.59974331468336], [59.425765540726, 22.58172529666534]]]}, "properties": {"count": 2684, "p": 0.017893333333333334, "p_norm": 0.06988491381554965, "grid_km": 2.0}}, {"type": "Feature", "geometry": {"type": "Polygon", "coordinates": [[[59.4648050355744, 22.59974331468336], [59.484324782998605, 22.59974331468336], [59.484324782998605, 22.617761332701377], [59.4648050355744, 22.617761332701377], [59.4648050355744, 22.59974331468336]]]}, "properties": {"count": 8036, "p": 0.053573333333333334, "p_norm": 0.20923813987397802, "grid_km": 2.0}}, {"type": "Feature", "geometry": {"type": "Polygon", "coordinates": [[[59.40624579330179, 22.56370727864732], [59.425765540726, 22.56370727864732], [59.425765540726, 22.58172529666534], [59.40624579330179, 22.58172529666534], [59.40624579330179, 22.56370727864732]]]}, "properties": {"count": 205, "p": 0.0013666666666666666, "p_norm": 0.005337707649846378, "grid_km": 2.0}}, {"type": "Feature", "geometry": {"type": "Polygon", "coordinates": [[[59.40624579330179, 22.635779350719396], [59.425765540726, 22.635779350719396], [59.425765540726, 22.653797368737415], [59.40624579330179, 22.653797368737415], [59.40624579330179, 22.635779350719396]]]}, "properties": {"count": 1512, "p": 0.01008, "p_norm": 0.03936884861740353, "grid_km": 2.0}}, {"type": "Feature", "geometry": {"type": "Polygon", "coordinates": [[[59.425765540726, 22.617761332701377], [59.4452852881502, 22.617761332701377], [59.4452852881502, 22.635779350719396], [59.425765540726, 22.635779350719396], [59.425765540726, 22.617761332701377]]]}, "properties": {"count": 14173, "p": 0.09448666666666666, "p_norm": 0.36903088059157424, "grid_km": 2.0}}, {"type": "Feature", "geometry": {"type": "Polygon", "coordinates": [[[59.425765540726, 22.635779350719396], [59.4452852881502, 22.635779350719396], [59.4452852881502, 22.653797368737415], [59.425765540726, 22.653797368737415], [59.425765540726, 22.635779350719396]]]}, "properties": {"count": 5444, "p": 0.03629333333333333, "p_norm": 0.14174868510128627, "grid_km": 2.0}}, {"type": "Feature", "geometry": {"type": "Polygon", "coordinates": [[[59.4452852881502, 22.56370727864732], [59.46480503557441, 22.56370727864732], [59.46480503557441, 22.58172529666534], [59.4452852881502, 22.58172529666534], [59.4452852881502, 22.56370727864732]]]}, "properties": {"count": 787, "p": 0.005246666666666667, "p_norm": 0.020491589855751707, "grid_km": 2.0}}, {"type": "Feature", "geometry": {"type": "Polygon", "coordinates": [[[59.4648050355744, 22.617761332701377], [59.484324782998605, 22.617761332701377], [59.484324782998605, 22.635779350719396], [59.4648050355744, 22.635779350719396], [59.4648050355744, 22.617761332701377]]]}, "properties": {"count": 8372, "p": 0.05581333333333333, "p_norm": 0.2179867729000677, "grid_km": 2.0}}, {"type": "Feature", "geometry": {"type": "Polygon", "coordinates": [[[59.50384453042281, 22.59974331468336], [59.523364277847016, 22.59974331468336], [59.523364277847016, 22.617761332701377], [59.50384453042281, 22.617761332701377], [59.50384453042281, 22.59974331468336]]]}, "properties": {"count": 838, "p": 0.005586666666666667, "p_norm": 0.021819507368640318, "grid_km": 2.0}}, {"type": "Feature", "geometry": {"type": "Polygon", "coordinates": [[[59.484324782998605, 22.59974331468336], [59.50384453042281, 22.59974331468336], [59.50384453042281, 22.617761332701377], [59.484324782998605, 22.617761332701377], [59.484324782998605, 22.59974331468336]]]}, "properties": {"count": 2820, "p": 0.0188, "p_norm": 0.07342602718325261, "grid_km": 2.0}}, {"type": "Feature", "geometry": {"type": "Polygon", "coordinates": [[[59.40624579330179, 22.617761332701377], [59.425765540726, 22.617761332701377], [59.425765540726, 22.635779350719396], [59.40624579330179, 22.635779350719396], [59.40624579330179, 22.617761332701377]]]}, "properties": {"count": 3129, "p": 0.02086, "p_norm": 0.08147164505546009, "grid_km": 2.0}}, {"type": "Feature", "geometry": {"type": "Polygon", "coordinates": [[[59.4452852881502, 22.65379736873741], [59.46480503557441, 22.65379736873741], [59.46480503557441, 22.67181538675543], [59.4452852881502, 22.67181538675543], [59.4452852881502, 22.65379736873741]]]}, "properties": {"count": 1392, "p": 0.00928, "p_norm": 0.036244336822371506, "grid_km": 2.0}}, {"type": "Feature", "geometry": {"type": "Polygon", "coordinates": [[[59.4648050355744, 22.635779350719396], [59.484324782998605, 22.635779350719396], [59.484324782998605, 22.653797368737415], [59.4648050355744, 22.653797368737415], [59.4648050355744, 22.635779350719396]]]}, "properties": {"count": 2906, "p": 0.019373333333333333, "p_norm": 0.07566526063635891, "grid_km": 2.0}}, {"type": "Feature", "geometry": {"type": "Polygon", "coordinates": [[[59.4452852881502, 22.59974331468336], [59.46480503557441, 22.59974331468336], [59.46480503557441, 22.617761332701377], [59.4452852881502, 22.617761332701377], [59.4452852881502, 22.59974331468336]]]}, "properties": {"count": 18129, "p": 0.12086, "p_norm": 0.47203561943446337, "grid_km": 2.0}}, {"type": "Feature", "geometry": {"type": "Polygon", "coordinates": [[[59.484324782998605, 22.58172529666534], [59.50384453042281, 22.58172529666534], [59.50384453042281, 22.59974331468336], [59.484324782998605, 22.59974331468336], [59.484324782998605, 22.58172529666534]]]}, "properties": {"count": 1785, "p": 0.0119, "p_norm": 0.04647711295110139, "grid_km": 2.0}}, {"type": "Feature", "geometry": {"type": "Polygon", "coordinates": [[[59.4648050355744, 22.58172529666534], [59.484324782998605, 22.58172529666534], [59.484324782998605, 22.59974331468336], [59.4648050355744, 22.59974331468336], [59.4648050355744, 22.58172529666534]]]}, "properties": {"count": 3138, "p": 0.02092, "p_norm": 0.08170598344008749, "grid_km": 2.0}}, {"type": "Feature", "geometry": {"type": "Polygon", "coordinates": [[[59.40624579330179, 22.58172529666534], [59.425765540726, 22.58172529666534], [59.425765540726, 22.59974331468336], [59.40624579330179, 22.59974331468336], [59.40624579330179, 22.58172529666534]]]}, "properties": {"count": 905, "p": 0.006033333333333333, "p_norm": 0.023564026454199864, "grid_km": 2.0}}, {"type": "Feature", "geometry": {"type": "Polygon", "coordinates": [[[59.523364277847016, 22.59974331468336], [59.54288402527122, 22.59974331468336], [59.54288402527122, 22.617761332701377], [59.523364277847016, 22.617761332701377], [59.523364277847016, 22.59974331468336]]]}, "properties": {"count": 268, "p": 0.0017866666666666667, "p_norm": 0.006978076342238192, "grid_km": 2.0}}, {"type": "Feature", "geometry": {"type": "Polygon", "coordinates": [[[59.425765540726, 22.65379736873741], [59.4452852881502, 22.65379736873741], [59.4452852881502, 22.67181538675543], [59.425765540726, 22.67181538675543], [59.425765540726, 22.65379736873741]]]}, "properties": {"count": 1083, "p": 0.00722, "p_norm": 0.028198718950164035, "grid_km": 2.0}}, {"type": "Feature", "geometry": {"type": "Polygon", "coordinates": [[[59.38672604587759, 22.65379736873741], [59.40624579330179, 22.65379736873741], [59.40624579330179, 22.67181538675543], [59.38672604587759, 22.67181538675543], [59.38672604587759, 22.65379736873741]]]}, "properties": {"count": 125, "p": 0.0008333333333333334, "p_norm": 0.003254699786491694, "grid_km": 2.0}}, {"type": "Feature", "geometry": {"type": "Polygon", "coordinates": [[[59.4452852881502, 22.545689260629306], [59.46480503557441, 22.545689260629306], [59.46480503557441, 22.563707278647325], [59.4452852881502, 22.563707278647325], [59.4452852881502, 22.545689260629306]]]}, "properties": {"count": 100, "p": 0.0006666666666666666, "p_norm": 0.0026037598291933552, "grid_km": 2.0}}, {"type": "Feature", "geometry": {"type": "Polygon", "coordinates": [[[59.4648050355744, 22.56370727864732], [59.484324782998605, 22.56370727864732], [59.484324782998605, 22.58172529666534], [59.4648050355744, 22.58172529666534], [59.4648050355744, 22.56370727864732]]]}, "properties": {"count": 625, "p": 0.004166666666666667, "p_norm": 0.01627349893245847, "grid_km": 2.0}}, {"type": "Feature", "geometry": {"type": "Polygon", "coordinates": [[[59.40624579330179, 22.65379736873741], [59.425765540726, 22.65379736873741], [59.425765540726, 22.67181538675543], [59.40624579330179, 22.67181538675543], [59.40624579330179, 22.65379736873741]]]}, "properties": {"count": 459, "p": 0.00306, "p_norm": 0.011951257615997501, "grid_km": 2.0}}, {"type": "Feature", "geometry": {"type": "Polygon", "coordinates": [[[59.36720629845338, 22.617761332701377], [59.38672604587759, 22.617761332701377], [59.38672604587759, 22.635779350719396], [59.36720629845338, 22.635779350719396], [59.36720629845338, 22.617761332701377]]]}, "properties": {"count": 92, "p": 0.0006133333333333334, "p_norm": 0.002395459042857887, "grid_km": 2.0}}, {"type": "Feature", "geometry": {"type": "Polygon", "coordinates": [[[59.4452852881502, 22.58172529666534], [59.46480503557441, 22.58172529666534], [59.46480503557441, 22.59974331468336], [59.4452852881502, 22.59974331468336], [59.4452852881502, 22.58172529666534]]]}, "properties": {"count": 3975, "p": 0.0265, "p_norm": 0.10349945321043587, "grid_km": 2.0}}, {"type": "Feature", "geometry": {"type": "Polygon", "coordinates": [[[59.38672604587759, 22.617761332701377], [59.40624579330179, 22.617761332701377], [59.40624579330179, 22.635779350719396], [59.38672604587759, 22.635779350719396], [59.38672604587759, 22.617761332701377]]]}, "properties": {"count": 525, "p": 0.0035, "p_norm": 0.013669739103265115, "grid_km": 2.0}}, {"type": "Feature", "geometry": {"type": "Polygon", "coordinates": [[[59.40624579330179, 22.59974331468336], [59.425765540726, 22.59974331468336], [59.425765540726, 22.617761332701377], [59.40624579330179, 22.617761332701377], [59.40624579330179, 22.59974331468336]]]}, "properties": {"count": 2408, "p": 0.016053333333333333, "p_norm": 0.06269853668697599, "grid_km": 2.0}}, {"type": "Feature", "geometry": {"type": "Polygon", "coordinates": [[[59.484324782998605, 22.617761332701377], [59.50384453042281, 22.617761332701377], [59.50384453042281, 22.635779350719396], [59.484324782998605, 22.635779350719396], [59.484324782998605, 22.617761332701377]]]}, "properties": {"count": 840, "p": 0.0056, "p_norm": 0.021871582565224184, "grid_km": 2.0}}, {"type": "Feature", "geometry": {"type": "Polygon", "coordinates": [[[59.523364277847016, 22.617761332701377], [59.54288402527122, 22.617761332701377], [59.54288402527122, 22.635779350719396], [59.523364277847016, 22.635779350719396], [59.523364277847016, 22.617761332701377]]]}, "properties": {"count": 54, "p": 0.00036, "p_norm": 0.0014060303077644118, "grid_km": 2.0}}, {"type": "Feature", "geometry": {"type": "Polygon", "coordinates": [[[59.4648050355744, 22.65379736873741], [59.484324782998605, 22.65379736873741], [59.484324782998605, 22.67181538675543], [59.4648050355744, 22.67181538675543], [59.4648050355744, 22.65379736873741]]]}, "properties": {"count": 542, "p": 0.0036133333333333334, "p_norm": 0.014112378274227986, "grid_km": 2.0}}, {"type": "Feature", "geometry": {"type": "Polygon", "coordinates": [[[59.50384453042281, 22.617761332701377], [59.523364277847016, 22.617761332701377], [59.523364277847016, 22.635779350719396], [59.50384453042281, 22.635779350719396], [59.50384453042281, 22.617761332701377]]]}, "properties": {"count": 203, "p": 0.0013533333333333333, "p_norm": 0.005285632453262511, "grid_km": 2.0}}, {"type": "Feature", "geometry": {"type": "Polygon", "coordinates": [[[59.50384453042281, 22.58172529666534], [59.523364277847016, 22.58172529666534], [59.523364277847016, 22.59974331468336], [59.50384453042281, 22.59974331468336], [59.50384453042281, 22.58172529666534]]]}, "properties": {"count": 756, "p": 0.00504, "p_norm": 0.019684424308701765, "grid_km": 2.0}}, {"type": "Feature", "geometry": {"type": "Polygon", "coordinates": [[[59.484324782998605, 22.56370727864732], [59.50384453042281, 22.56370727864732], [59.50384453042281, 22.58172529666534], [59.484324782998605, 22.58172529666534], [59.484324782998605, 22.56370727864732]]]}, "properties": {"count": 450, "p": 0.003, "p_norm": 0.011716919231370098, "grid_km": 2.0}}, {"type": "Feature", "geometry": {"type": "Polygon", "coordinates": [[[59.484324782998605, 22.50965322459327], [59.50384453042281, 22.50965322459327], [59.50384453042281, 22.527671242611287], [59.484324782998605, 22.527671242611287], [59.484324782998605, 22.50965322459327]]]}, "properties": {"count": 4, "p": 2.6666666666666667e-05, "p_norm": 0.0001041503931677342, "grid_km": 2.0}}, {"type": "Feature", "geometry": {"type": "Polygon", "coordinates": [[[59.4452852881502, 22.67181538675543], [59.46480503557441, 22.67181538675543], [59.46480503557441, 22.68983340477345], [59.4452852881502, 22.68983340477345], [59.4452852881502, 22.67181538675543]]]}, "properties": {"count": 222, "p": 0.00148, "p_norm": 0.005780346820809248, "grid_km": 2.0}}, {"type": "Feature", "geometry": {"type": "Polygon", "coordinates": [[[59.425765540726, 22.56370727864732], [59.4452852881502, 22.56370727864732], [59.4452852881502, 22.58172529666534], [59.425765540726, 22.58172529666534], [59.425765540726, 22.56370727864732]]]}, "properties": {"count": 505, "p": 0.0033666666666666667, "p_norm": 0.013148987137426444, "grid_km": 2.0}}, {"type": "Feature", "geometry": {"type": "Polygon", "coordinates": [[[59.38672604587759, 22.59974331468336], [59.40624579330179, 22.59974331468336], [59.40624579330179, 22.617761332701377], [59.38672604587759, 22.617761332701377], [59.38672604587759, 22.59974331468336]]]}, "properties": {"count": 475, "p": 0.0031666666666666666, "p_norm": 0.012367859188668437, "grid_km": 2.0}}, {"type": "Feature", "geometry": {"type": "Polygon", "coordinates": [[[59.4648050355744, 22.67181538675543], [59.484324782998605, 22.67181538675543], [59.484324782998605, 22.68983340477345], [59.4648050355744, 22.68983340477345], [59.4648050355744, 22.67181538675543]]]}, "properties": {"count": 104, "p": 0.0006933333333333333, "p_norm": 0.0027079102223610896, "grid_km": 2.0}}, {"type": "Feature", "geometry": {"type": "Polygon", "coordinates": [[[59.425765540726, 22.67181538675543], [59.4452852881502, 22.67181538675543], [59.4452852881502, 22.68983340477345], [59.425765540726, 22.68983340477345], [59.425765540726, 22.67181538675543]]]}, "properties": {"count": 192, "p": 0.00128, "p_norm": 0.004999218872051242, "grid_km": 2.0}}, {"type": "Feature", "geometry": {"type": "Polygon", "coordinates": [[[59.484324782998605, 22.635779350719396], [59.50384453042281, 22.635779350719396], [59.50384453042281, 22.653797368737415], [59.484324782998605, 22.653797368737415], [59.484324782998605, 22.635779350719396]]]}, "properties": {"count": 138, "p": 0.00092, "p_norm": 0.00359318856428683, "grid_km": 2.0}}, {"type": "Feature", "geometry": {"type": "Polygon", "coordinates": [[[59.523364277847016, 22.58172529666534], [59.54288402527122, 22.58172529666534], [59.54288402527122, 22.59974331468336], [59.523364277847016, 22.59974331468336], [59.523364277847016, 22.58172529666534]]]}, "properties": {"count": 263, "p": 0.0017533333333333333, "p_norm": 0.006847888350778524, "grid_km": 2.0}}, {"type": "Feature", "geometry": {"type": "Polygon", "coordinates": [[[59.4648050355744, 22.545689260629306], [59.484324782998605, 22.545689260629306], [59.484324782998605, 22.563707278647325], [59.4648050355744, 22.563707278647325], [59.4648050355744, 22.545689260629306]]]}, "properties": {"count": 88, "p": 0.0005866666666666667, "p_norm": 0.0022913086496901525, "grid_km": 2.0}}, {"type": "Feature", "geometry": {"type": "Polygon", "coordinates": [[[59.523364277847016, 22.56370727864732], [59.54288402527122, 22.56370727864732], [59.54288402527122, 22.58172529666534], [59.523364277847016, 22.58172529666534], [59.523364277847016, 22.56370727864732]]]}, "properties": {"count": 142, "p": 0.0009466666666666666, "p_norm": 0.0036973389574545645, "grid_km": 2.0}}, {"type": "Feature", "geometry": {"type": "Polygon", "coordinates": [[[59.54288402527122, 22.58172529666534], [59.562403772695426, 22.58172529666534], [59.562403772695426, 22.59974331468336], [59.54288402527122, 22.59974331468336], [59.54288402527122, 22.58172529666534]]]}, "properties": {"count": 153, "p": 0.00102, "p_norm": 0.003983752538665833, "grid_km": 2.0}}, {"type": "Feature", "geometry": {"type": "Polygon", "coordinates": [[[59.50384453042281, 22.50965322459327], [59.523364277847016, 22.50965322459327], [59.523364277847016, 22.527671242611287], [59.50384453042281, 22.527671242611287], [59.50384453042281, 22.50965322459327]]]}, "properties": {"count": 10, "p": 6.666666666666667e-05, "p_norm": 0.0002603759829193355, "grid_km": 2.0}}, {"type": "Feature", "geometry": {"type": "Polygon", "coordinates": [[[59.54288402527122, 22.49163520657525], [59.562403772695426, 22.49163520657525], [59.562403772695426, 22.50965322459327], [59.54288402527122, 22.50965322459327], [59.54288402527122, 22.49163520657525]]]}, "properties": {"count": 2, "p": 1.3333333333333333e-05, "p_norm": 5.20751965838671e-05, "grid_km": 2.0}}, {"type": "Feature", "geometry": {"type": "Polygon", "coordinates": [[[59.71856175208905, 22.47361718855723], [59.73808149951326, 22.47361718855723], [59.73808149951326, 22.49163520657525], [59.71856175208905, 22.49163520657525], [59.71856175208905, 22.47361718855723]]]}, "properties": {"count": 4, "p": 2.6666666666666667e-05, "p_norm": 0.0001041503931677342, "grid_km": 2.0}}, {"type": "Feature", "geometry": {"type": "Polygon", "coordinates": [[[59.38672604587759, 22.58172529666534], [59.40624579330179, 22.58172529666534], [59.40624579330179, 22.59974331468336], [59.38672604587759, 22.59974331468336], [59.38672604587759, 22.58172529666534]]]}, "properties": {"count": 214, "p": 0.0014266666666666666, "p_norm": 0.00557204603447378, "grid_km": 2.0}}, {"type": "Feature", "geometry": {"type": "Polygon", "coordinates": [[[59.54288402527122, 22.617761332701377], [59.562403772695426, 22.617761332701377], [59.562403772695426, 22.635779350719396], [59.54288402527122, 22.635779350719396], [59.54288402527122, 22.617761332701377]]]}, "properties": {"count": 32, "p": 0.00021333333333333333, "p_norm": 0.0008332031453418737, "grid_km": 2.0}}, {"type": "Feature", "geometry": {"type": "Polygon", "coordinates": [[[59.40624579330179, 22.67181538675543], [59.425765540726, 22.67181538675543], [59.425765540726, 22.68983340477345], [59.40624579330179, 22.68983340477345], [59.40624579330179, 22.67181538675543]]]}, "properties": {"count": 79, "p": 0.0005266666666666667, "p_norm": 0.002056970265062751, "grid_km": 2.0}}, {"type": "Feature", "geometry": {"type": "Polygon", "coordinates": [[[59.54288402527122, 22.59974331468336], [59.562403772695426, 22.59974331468336], [59.562403772695426, 22.617761332701377], [59.54288402527122, 22.617761332701377], [59.54288402527122, 22.59974331468336]]]}, "properties": {"count": 109, "p": 0.0007266666666666667, "p_norm": 0.0028380982138207574, "grid_km": 2.0}}, {"type": "Feature", "geometry": {"type": "Polygon", "coordinates": [[[59.54288402527122, 22.56370727864732], [59.562403772695426, 22.56370727864732], [59.562403772695426, 22.58172529666534], [59.54288402527122, 22.58172529666534], [59.54288402527122, 22.56370727864732]]]}, "properties": {"count": 114, "p": 0.00076, "p_norm": 0.002968286205280425, "grid_km": 2.0}}, {"type": "Feature", "geometry": {"type": "Polygon", "coordinates": [[[59.50384453042281, 22.545689260629306], [59.523364277847016, 22.545689260629306], [59.523364277847016, 22.563707278647325], [59.50384453042281, 22.563707278647325], [59.50384453042281, 22.545689260629306]]]}, "properties": {"count": 69, "p": 0.00046, "p_norm": 0.001796594282143415, "grid_km": 2.0}}, {"type": "Feature", "geometry": {"type": "Polygon", "coordinates": [[[59.50384453042281, 22.527671242611287], [59.523364277847016, 22.527671242611287], [59.523364277847016, 22.545689260629306], [59.50384453042281, 22.545689260629306], [59.50384453042281, 22.527671242611287]]]}, "properties": {"count": 33, "p": 0.00022, "p_norm": 0.0008592407436338072, "grid_km": 2.0}}, {"type": "Feature", "geometry": {"type": "Polygon", "coordinates": [[[59.71856175208905, 22.545689260629306], [59.73808149951326, 22.545689260629306], [59.73808149951326, 22.563707278647325], [59.71856175208905, 22.563707278647325], [59.71856175208905, 22.545689260629306]]]}, "properties": {"count": 2, "p": 1.3333333333333333e-05, "p_norm": 5.20751965838671e-05, "grid_km": 2.0}}, {"type": "Feature", "geometry": {"type": "Polygon", "coordinates": [[[59.38672604587759, 22.635779350719396], [59.40624579330179, 22.635779350719396], [59.40624579330179, 22.653797368737415], [59.38672604587759, 22.653797368737415], [59.38672604587759, 22.635779350719396]]]}, "properties": {"count": 303, "p": 0.00202, "p_norm": 0.007889392282455866, "grid_km": 2.0}}, {"type": "Feature", "geometry": {"type": "Polygon", "coordinates": [[[59.38672604587759, 22.56370727864732], [59.40624579330179, 22.56370727864732], [59.40624579330179, 22.58172529666534], [59.38672604587759, 22.58172529666534], [59.38672604587759, 22.56370727864732]]]}, "properties": {"count": 64, "p": 0.00042666666666666667, "p_norm": 0.0016664062906837473, "grid_km": 2.0}}, {"type": "Feature", "geometry": {"type": "Polygon", "coordinates": [[[59.425765540726, 22.68983340477345], [59.4452852881502, 22.68983340477345], [59.4452852881502, 22.707851422791467], [59.425765540726, 22.707851422791467], [59.425765540726, 22.68983340477345]]]}, "properties": {"count": 36, "p": 0.00024, "p_norm": 0.0009373535385096079, "grid_km": 2.0}}, {"type": "Feature", "geometry": {"type": "Polygon", "coordinates": [[[59.50384453042281, 22.56370727864732], [59.523364277847016, 22.56370727864732], [59.523364277847016, 22.58172529666534], [59.50384453042281, 22.58172529666534], [59.50384453042281, 22.56370727864732]]]}, "properties": {"count": 255, "p": 0.0017, "p_norm": 0.006639587564443055, "grid_km": 2.0}}, {"type": "Feature", "geometry": {"type": "Polygon", "coordinates": [[[59.36720629845338, 22.59974331468336], [59.38672604587759, 22.59974331468336], [59.38672604587759, 22.617761332701377], [59.36720629845338, 22.617761332701377], [59.36720629845338, 22.59974331468336]]]}, "properties": {"count": 68, "p": 0.0004533333333333333, "p_norm": 0.0017705566838514815, "grid_km": 2.0}}, {"type": "Feature", "geometry": {"type": "Polygon", "coordinates": [[[59.425765540726, 22.545689260629306], [59.4452852881502, 22.545689260629306], [59.4452852881502, 22.563707278647325], [59.425765540726, 22.563707278647325], [59.425765540726, 22.545689260629306]]]}, "properties": {"count": 77, "p": 0.0005133333333333333, "p_norm": 0.0020048950684788836, "grid_km": 2.0}}, {"type": "Feature", "geometry": {"type": "Polygon", "coordinates": [[[59.4648050355744, 22.527671242611287], [59.484324782998605, 22.527671242611287], [59.484324782998605, 22.545689260629306], [59.4648050355744, 22.545689260629306], [59.4648050355744, 22.527671242611287]]]}, "properties": {"count": 17, "p": 0.00011333333333333333, "p_norm": 0.00044263917096287037, "grid_km": 2.0}}, {"type": "Feature", "geometry": {"type": "Polygon", "coordinates": [[[59.562403772695426, 22.59974331468336], [59.58192352011963, 22.59974331468336], [59.58192352011963, 22.617761332701377], [59.562403772695426, 22.617761332701377], [59.562403772695426, 22.59974331468336]]]}, "properties": {"count": 40, "p": 0.0002666666666666667, "p_norm": 0.001041503931677342, "grid_km": 2.0}}, {"type": "Feature", "geometry": {"type": "Polygon", "coordinates": [[[59.562403772695426, 22.527671242611287], [59.58192352011963, 22.527671242611287], [59.58192352011963, 22.545689260629306], [59.562403772695426, 22.545689260629306], [59.562403772695426, 22.527671242611287]]]}, "properties": {"count": 24, "p": 0.00016, "p_norm": 0.0006249023590064052, "grid_km": 2.0}}, {"type": "Feature", "geometry": {"type": "Polygon", "coordinates": [[[59.36720629845338, 22.635779350719396], [59.38672604587759, 22.635779350719396], [59.38672604587759, 22.653797368737415], [59.36720629845338, 22.653797368737415], [59.36720629845338, 22.635779350719396]]]}, "properties": {"count": 46, "p": 0.0003066666666666667, "p_norm": 0.0011977295214289435, "grid_km": 2.0}}, {"type": "Feature", "geometry": {"type": "Polygon", "coordinates": [[[60.12847644799733, 22.437581152521197], [60.147996195421534, 22.437581152521197], [60.147996195421534, 22.455599170539216], [60.12847644799733, 22.455599170539216], [60.12847644799733, 22.437581152521197]]]}, "properties": {"count": 1, "p": 6.666666666666667e-06, "p_norm": 2.603759829193355e-05, "grid_km": 2.0}}, {"type": "Feature", "geometry": {"type": "Polygon", "coordinates": [[[59.9918382160279, 22.56370727864732], [60.011357963452106, 22.56370727864732], [60.011357963452106, 22.58172529666534], [59.9918382160279, 22.58172529666534], [59.9918382160279, 22.56370727864732]]]}, "properties": {"count": 1, "p": 6.666666666666667e-06, "p_norm": 2.603759829193355e-05, "grid_km": 2.0}}, {"type": "Feature", "geometry": {"type": "Polygon", "coordinates": [[[59.64048276239224, 22.455599170539216], [59.660002509816444, 22.455599170539216], [59.660002509816444, 22.473617188557235], [59.64048276239224, 22.473617188557235], [59.64048276239224, 22.455599170539216]]]}, "properties": {"count": 6, "p": 4e-05, "p_norm": 0.0001562255897516013, "grid_km": 2.0}}, {"type": "Feature", "geometry": {"type": "Polygon", "coordinates": [[[59.620963014968034, 22.58172529666534], [59.64048276239224, 22.58172529666534], [59.64048276239224, 22.59974331468336], [59.620963014968034, 22.59974331468336], [59.620963014968034, 22.58172529666534]]]}, "properties": {"count": 5, "p": 3.3333333333333335e-05, "p_norm": 0.00013018799145966776, "grid_km": 2.0}}, {"type": "Feature", "geometry": {"type": "Polygon", "coordinates": [[[59.484324782998605, 22.65379736873741], [59.50384453042281, 22.65379736873741], [59.50384453042281, 22.67181538675543], [59.484324782998605, 22.67181538675543], [59.484324782998605, 22.65379736873741]]]}, "properties": {"count": 25, "p": 0.00016666666666666666, "p_norm": 0.0006509399572983388, "grid_km": 2.0}}, {"type": "Feature", "geometry": {"type": "Polygon", "coordinates": [[[59.562403772695426, 22.58172529666534], [59.58192352011963, 22.58172529666534], [59.58192352011963, 22.59974331468336], [59.562403772695426, 22.59974331468336], [59.562403772695426, 22.58172529666534]]]}, "properties": {"count": 35, "p": 0.00023333333333333333, "p_norm": 0.0009113159402176743, "grid_km": 2.0}}, {"type": "Feature", "geometry": {"type": "Polygon", "coordinates": [[[59.38672604587759, 22.67181538675543], [59.40624579330179, 22.67181538675543], [59.40624579330179, 22.68983340477345], [59.38672604587759, 22.68983340477345], [59.38672604587759, 22.67181538675543]]]}, "properties": {"count": 23, "p": 0.00015333333333333334, "p_norm": 0.0005988647607144717, "grid_km": 2.0}}, {"type": "Feature", "geometry": {"type": "Polygon", "coordinates": [[[59.562403772695426, 22.545689260629306], [59.58192352011963, 22.545689260629306], [59.58192352011963, 22.563707278647325], [59.562403772695426, 22.563707278647325], [59.562403772695426, 22.545689260629306]]]}, "properties": {"count": 19, "p": 0.00012666666666666666, "p_norm": 0.0004947143675467375, "grid_km": 2.0}}, {"type": "Feature", "geometry": {"type": "Polygon", "coordinates": [[[59.347686551029184, 22.59974331468336], [59.36720629845339, 22.59974331468336], [59.36720629845339, 22.617761332701377], [59.347686551029184, 22.617761332701377], [59.347686551029184, 22.59974331468336]]]}, "properties": {"count": 9, "p": 6e-05, "p_norm": 0.00023433838462740198, "grid_km": 2.0}}, {"type": "Feature", "geometry": {"type": "Polygon", "coordinates": [[[59.562403772695426, 22.56370727864732], [59.58192352011963, 22.56370727864732], [59.58192352011963, 22.58172529666534], [59.562403772695426, 22.58172529666534], [59.562403772695426, 22.56370727864732]]]}, "properties": {"count": 32, "p": 0.00021333333333333333, "p_norm": 0.0008332031453418737, "grid_km": 2.0}}, {"type": "Feature", "geometry": {"type": "Polygon", "coordinates": [[[59.347686551029184, 22.58172529666534], [59.36720629845339, 22.58172529666534], [59.36720629845339, 22.59974331468336], [59.347686551029184, 22.59974331468336], [59.347686551029184, 22.58172529666534]]]}, "properties": {"count": 2, "p": 1.3333333333333333e-05, "p_norm": 5.20751965838671e-05, "grid_km": 2.0}}, {"type": "Feature", "geometry": {"type": "Polygon", "coordinates": [[[59.54288402527122, 22.635779350719396], [59.562403772695426, 22.635779350719396], [59.562403772695426, 22.653797368737415], [59.54288402527122, 22.653797368737415], [59.54288402527122, 22.635779350719396]]]}, "properties": {"count": 8, "p": 5.333333333333333e-05, "p_norm": 0.0002083007863354684, "grid_km": 2.0}}, {"type": "Feature", "geometry": {"type": "Polygon", "coordinates": [[[59.40624579330179, 22.527671242611287], [59.425765540726, 22.527671242611287], [59.425765540726, 22.545689260629306], [59.40624579330179, 22.545689260629306], [59.40624579330179, 22.527671242611287]]]}, "properties": {"count": 6, "p": 4e-05, "p_norm": 0.0001562255897516013, "grid_km": 2.0}}, {"type": "Feature", "geometry": {"type": "Polygon", "coordinates": [[[59.36720629845338, 22.67181538675543], [59.38672604587759, 22.67181538675543], [59.38672604587759, 22.68983340477345], [59.36720629845338, 22.68983340477345], [59.36720629845338, 22.67181538675543]]]}, "properties": {"count": 1, "p": 6.666666666666667e-06, "p_norm": 2.603759829193355e-05, "grid_km": 2.0}}, {"type": "Feature", "geometry": {"type": "Polygon", "coordinates": [[[59.523364277847016, 22.545689260629306], [59.54288402527122, 22.545689260629306], [59.54288402527122, 22.563707278647325], [59.523364277847016, 22.563707278647325], [59.523364277847016, 22.545689260629306]]]}, "properties": {"count": 68, "p": 0.0004533333333333333, "p_norm": 0.0017705566838514815, "grid_km": 2.0}}, {"type": "Feature", "geometry": {"type": "Polygon", "coordinates": [[[59.54288402527122, 22.545689260629306], [59.562403772695426, 22.545689260629306], [59.562403772695426, 22.563707278647325], [59.54288402527122, 22.563707278647325], [59.54288402527122, 22.545689260629306]]]}, "properties": {"count": 64, "p": 0.00042666666666666667, "p_norm": 0.0016664062906837473, "grid_km": 2.0}}, {"type": "Feature", "geometry": {"type": "Polygon", "coordinates": [[[59.4452852881502, 22.527671242611287], [59.46480503557441, 22.527671242611287], [59.46480503557441, 22.545689260629306], [59.4452852881502, 22.545689260629306], [59.4452852881502, 22.527671242611287]]]}, "properties": {"count": 20, "p": 0.00013333333333333334, "p_norm": 0.000520751965838671, "grid_km": 2.0}}, {"type": "Feature", "geometry": {"type": "Polygon", "coordinates": [[[59.36720629845338, 22.56370727864732], [59.38672604587759, 22.56370727864732], [59.38672604587759, 22.58172529666534], [59.36720629845338, 22.58172529666534], [59.36720629845338, 22.56370727864732]]]}, "properties": {"count": 28, "p": 0.00018666666666666666, "p_norm": 0.0007290527521741395, "grid_km": 2.0}}, {"type": "Feature", "geometry": {"type": "Polygon", "coordinates": [[[60.38223316451197, 22.68983340477345], [60.40175291193618, 22.68983340477345], [60.40175291193618, 22.707851422791467], [60.38223316451197, 22.707851422791467], [60.38223316451197, 22.68983340477345]]]}, "properties": {"count": 1, "p": 6.666666666666667e-06, "p_norm": 2.603759829193355e-05, "grid_km": 2.0}}, {"type": "Feature", "geometry": {"type": "Polygon", "coordinates": [[[59.484324782998605, 22.67181538675543], [59.50384453042281, 22.67181538675543], [59.50384453042281, 22.68983340477345], [59.484324782998605, 22.68983340477345], [59.484324782998605, 22.67181538675543]]]}, "properties": {"count": 10, "p": 6.666666666666667e-05, "p_norm": 0.0002603759829193355, "grid_km": 2.0}}, {"type": "Feature", "geometry": {"type": "Polygon", "coordinates": [[[59.4452852881502, 22.68983340477345], [59.46480503557441, 22.68983340477345], [59.46480503557441, 22.707851422791467], [59.4452852881502, 22.707851422791467], [59.4452852881502, 22.68983340477345]]]}, "properties": {"count": 33, "p": 0.00022, "p_norm": 0.0008592407436338072, "grid_km": 2.0}}, {"type": "Feature", "geometry": {"type": "Polygon", "coordinates": [[[59.50384453042281, 22.635779350719396], [59.523364277847016, 22.635779350719396], [59.523364277847016, 22.653797368737415], [59.50384453042281, 22.653797368737415], [59.50384453042281, 22.635779350719396]]]}, "properties": {"count": 17, "p": 0.00011333333333333333, "p_norm": 0.00044263917096287037, "grid_km": 2.0}}, {"type": "Feature", "geometry": {"type": "Polygon", "coordinates": [[[59.50384453042281, 22.797941512881557], [59.523364277847016, 22.797941512881557], [59.523364277847016, 22.815959530899576], [59.50384453042281, 22.815959530899576], [59.50384453042281, 22.797941512881557]]]}, "properties": {"count": 1, "p": 6.666666666666667e-06, "p_norm": 2.603759829193355e-05, "grid_km": 2.0}}, {"type": "Feature", "geometry": {"type": "Polygon", "coordinates": [[[59.484324782998605, 22.545689260629306], [59.50384453042281, 22.545689260629306], [59.50384453042281, 22.563707278647325], [59.484324782998605, 22.563707278647325], [59.484324782998605, 22.545689260629306]]]}, "properties": {"count": 98, "p": 0.0006533333333333333, "p_norm": 0.002551684632609488, "grid_km": 2.0}}, {"type": "Feature", "geometry": {"type": "Polygon", "coordinates": [[[60.108956700573124, 22.437581152521197], [60.12847644799733, 22.437581152521197], [60.12847644799733, 22.455599170539216], [60.108956700573124, 22.455599170539216], [60.108956700573124, 22.437581152521197]]]}, "properties": {"count": 1, "p": 6.666666666666667e-06, "p_norm": 2.603759829193355e-05, "grid_km": 2.0}}, {"type": "Feature", "geometry": {"type": "Polygon", "coordinates": [[[59.36720629845338, 22.58172529666534], [59.38672604587759, 22.58172529666534], [59.38672604587759, 22.59974331468336], [59.36720629845338, 22.59974331468336], [59.36720629845338, 22.58172529666534]]]}, "properties": {"count": 33, "p": 0.00022, "p_norm": 0.0008592407436338072, "grid_km": 2.0}}, {"type": "Feature", "geometry": {"type": "Polygon", "coordinates": [[[59.347686551029184, 22.617761332701377], [59.36720629845339, 22.617761332701377], [59.36720629845339, 22.635779350719396], [59.347686551029184, 22.635779350719396], [59.347686551029184, 22.617761332701377]]]}, "properties": {"count": 9, "p": 6e-05, "p_norm": 0.00023433838462740198, "grid_km": 2.0}}, {"type": "Feature", "geometry": {"type": "Polygon", "coordinates": [[[59.4648050355744, 22.68983340477345], [59.484324782998605, 22.68983340477345], [59.484324782998605, 22.707851422791467], [59.4648050355744, 22.707851422791467], [59.4648050355744, 22.68983340477345]]]}, "properties": {"count": 15, "p": 0.0001, "p_norm": 0.0003905639743790033, "grid_km": 2.0}}, {"type": "Feature", "geometry": {"type": "Polygon", "coordinates": [[[59.581923520119624, 22.58172529666534], [59.60144326754383, 22.58172529666534], [59.60144326754383, 22.59974331468336], [59.581923520119624, 22.59974331468336], [59.581923520119624, 22.58172529666534]]]}, "properties": {"count": 3, "p": 2e-05, "p_norm": 7.811279487580065e-05, "grid_km": 2.0}}, {"type": "Feature", "geometry": {"type": "Polygon", "coordinates": [[[59.562403772695426, 22.617761332701377], [59.58192352011963, 22.617761332701377], [59.58192352011963, 22.635779350719396], [59.562403772695426, 22.635779350719396], [59.562403772695426, 22.617761332701377]]]}, "properties": {"count": 16, "p": 0.00010666666666666667, "p_norm": 0.0004166015726709368, "grid_km": 2.0}}, {"type": "Feature", "geometry": {"type": "Polygon", "coordinates": [[[59.73808149951326, 22.49163520657525], [59.75760124693746, 22.49163520657525], [59.75760124693746, 22.50965322459327], [59.73808149951326, 22.50965322459327], [59.73808149951326, 22.49163520657525]]]}, "properties": {"count": 4, "p": 2.6666666666666667e-05, "p_norm": 0.0001041503931677342, "grid_km": 2.0}}, {"type": "Feature", "geometry": {"type": "Polygon", "coordinates": [[[59.54288402527122, 22.527671242611287], [59.562403772695426, 22.527671242611287], [59.562403772695426, 22.545689260629306], [59.54288402527122, 22.545689260629306], [59.54288402527122, 22.527671242611287]]]}, "properties": {"count": 26, "p": 0.00017333333333333334, "p_norm": 0.0006769775555902724, "grid_km": 2.0}}, {"type": "Feature", "geometry": {"type": "Polygon", "coordinates": [[[59.40624579330179, 22.545689260629306], [59.425765540726, 22.545689260629306], [59.425765540726, 22.563707278647325], [59.40624579330179, 22.563707278647325], [59.40624579330179, 22.545689260629306]]]}, "properties": {"count": 37, "p": 0.0002466666666666667, "p_norm": 0.0009633911368015414, "grid_km": 2.0}}, {"type": "Feature", "geometry": {"type": "Polygon", "coordinates": [[[59.54288402527122, 22.65379736873741], [59.562403772695426, 22.65379736873741], [59.562403772695426, 22.67181538675543], [59.54288402527122, 22.67181538675543], [59.54288402527122, 22.65379736873741]]]}, "properties": {"count": 8, "p": 5.333333333333333e-05, "p_norm": 0.0002083007863354684, "grid_km": 2.0}}, {"type": "Feature", "geometry": {"type": "Polygon", "coordinates": [[[59.64048276239224, 22.58172529666534], [59.660002509816444, 22.58172529666534], [59.660002509816444, 22.59974331468336], [59.64048276239224, 22.59974331468336], [59.64048276239224, 22.58172529666534]]]}, "properties": {"count": 4, "p": 2.6666666666666667e-05, "p_norm": 0.0001041503931677342, "grid_km": 2.0}}, {"type": "Feature", "geometry": {"type": "Polygon", "coordinates": [[[59.60144326754383, 22.67181538675543], [59.620963014968034, 22.67181538675543], [59.620963014968034, 22.68983340477345], [59.60144326754383, 22.68983340477345], [59.60144326754383, 22.67181538675543]]]}, "properties": {"count": 1, "p": 6.666666666666667e-06, "p_norm": 2.603759829193355e-05, "grid_km": 2.0}}, {"type": "Feature", "geometry": {"type": "Polygon", "coordinates": [[[59.523364277847016, 22.67181538675543], [59.54288402527122, 22.67181538675543], [59.54288402527122, 22.68983340477345], [59.523364277847016, 22.68983340477345], [59.523364277847016, 22.67181538675543]]]}, "properties": {"count": 4, "p": 2.6666666666666667e-05, "p_norm": 0.0001041503931677342, "grid_km": 2.0}}, {"type": "Feature", "geometry": {"type": "Polygon", "coordinates": [[[59.620963014968034, 22.527671242611287], [59.64048276239224, 22.527671242611287], [59.64048276239224, 22.545689260629306], [59.620963014968034, 22.545689260629306], [59.620963014968034, 22.527671242611287]]]}, "properties": {"count": 2, "p": 1.3333333333333333e-05, "p_norm": 5.20751965838671e-05, "grid_km": 2.0}}, {"type": "Feature", "geometry": {"type": "Polygon", "coordinates": [[[59.50384453042281, 22.67181538675543], [59.523364277847016, 22.67181538675543], [59.523364277847016, 22.68983340477345], [59.50384453042281, 22.68983340477345], [59.50384453042281, 22.67181538675543]]]}, "properties": {"count": 3, "p": 2e-05, "p_norm": 7.811279487580065e-05, "grid_km": 2.0}}, {"type": "Feature", "geometry": {"type": "Polygon", "coordinates": [[[59.75760124693746, 22.545689260629306], [59.77712099436167, 22.545689260629306], [59.77712099436167, 22.563707278647325], [59.75760124693746, 22.563707278647325], [59.75760124693746, 22.545689260629306]]]}, "properties": {"count": 2, "p": 1.3333333333333333e-05, "p_norm": 5.20751965838671e-05, "grid_km": 2.0}}, {"type": "Feature", "geometry": {"type": "Polygon", "coordinates": [[[59.523364277847016, 22.527671242611287], [59.54288402527122, 22.527671242611287], [59.54288402527122, 22.545689260629306], [59.523364277847016, 22.545689260629306], [59.523364277847016, 22.527671242611287]]]}, "properties": {"count": 36, "p": 0.00024, "p_norm": 0.0009373535385096079, "grid_km": 2.0}}, {"type": "Feature", "geometry": {"type": "Polygon", "coordinates": [[[59.73808149951326, 22.617761332701377], [59.75760124693746, 22.617761332701377], [59.75760124693746, 22.635779350719396], [59.73808149951326, 22.635779350719396], [59.73808149951326, 22.617761332701377]]]}, "properties": {"count": 1, "p": 6.666666666666667e-06, "p_norm": 2.603759829193355e-05, "grid_km": 2.0}}, {"type": "Feature", "geometry": {"type": "Polygon", "coordinates": [[[59.60144326754383, 22.58172529666534], [59.620963014968034, 22.58172529666534], [59.620963014968034, 22.59974331468336], [59.60144326754383, 22.59974331468336], [59.60144326754383, 22.58172529666534]]]}, "properties": {"count": 2, "p": 1.3333333333333333e-05, "p_norm": 5.20751965838671e-05, "grid_km": 2.0}}, {"type": "Feature", "geometry": {"type": "Polygon", "coordinates": [[[59.581923520119624, 22.65379736873741], [59.60144326754383, 22.65379736873741], [59.60144326754383, 22.67181538675543], [59.581923520119624, 22.67181538675543], [59.581923520119624, 22.65379736873741]]]}, "properties": {"count": 1, "p": 6.666666666666667e-06, "p_norm": 2.603759829193355e-05, "grid_km": 2.0}}, {"type": "Feature", "geometry": {"type": "Polygon", "coordinates": [[[59.425765540726, 22.707851422791467], [59.4452852881502, 22.707851422791467], [59.4452852881502, 22.725869440809486], [59.425765540726, 22.725869440809486], [59.425765540726, 22.707851422791467]]]}, "properties": {"count": 8, "p": 5.333333333333333e-05, "p_norm": 0.0002083007863354684, "grid_km": 2.0}}, {"type": "Feature", "geometry": {"type": "Polygon", "coordinates": [[[59.523364277847016, 22.50965322459327], [59.54288402527122, 22.50965322459327], [59.54288402527122, 22.527671242611287], [59.523364277847016, 22.527671242611287], [59.523364277847016, 22.50965322459327]]]}, "properties": {"count": 10, "p": 6.666666666666667e-05, "p_norm": 0.0002603759829193355, "grid_km": 2.0}}, {"type": "Feature", "geometry": {"type": "Polygon", "coordinates": [[[59.796640741785865, 22.58172529666534], [59.81616048921007, 22.58172529666534], [59.81616048921007, 22.59974331468336], [59.796640741785865, 22.59974331468336], [59.796640741785865, 22.58172529666534]]]}, "properties": {"count": 1, "p": 6.666666666666667e-06, "p_norm": 2.603759829193355e-05, "grid_km": 2.0}}, {"type": "Feature", "geometry": {"type": "Polygon", "coordinates": [[[59.523364277847016, 22.725869440809486], [59.54288402527122, 22.725869440809486], [59.54288402527122, 22.743887458827505], [59.523364277847016, 22.743887458827505], [59.523364277847016, 22.725869440809486]]]}, "properties": {"count": 1, "p": 6.666666666666667e-06, "p_norm": 2.603759829193355e-05, "grid_km": 2.0}}, {"type": "Feature", "geometry": {"type": "Polygon", "coordinates": [[[59.523364277847016, 22.65379736873741], [59.54288402527122, 22.65379736873741], [59.54288402527122, 22.67181538675543], [59.523364277847016, 22.67181538675543], [59.523364277847016, 22.65379736873741]]]}, "properties": {"count": 6, "p": 4e-05, "p_norm": 0.0001562255897516013, "grid_km": 2.0}}, {"type": "Feature", "geometry": {"type": "Polygon", "coordinates": [[[59.54288402527122, 22.50965322459327], [59.562403772695426, 22.50965322459327], [59.562403772695426, 22.527671242611287], [59.54288402527122, 22.527671242611287], [59.54288402527122, 22.50965322459327]]]}, "properties": {"count": 12, "p": 8e-05, "p_norm": 0.0003124511795032026, "grid_km": 2.0}}, {"type": "Feature", "geometry": {"type": "Polygon", "coordinates": [[[59.562403772695426, 22.50965322459327], [59.58192352011963, 22.50965322459327], [59.58192352011963, 22.527671242611287], [59.562403772695426, 22.527671242611287], [59.562403772695426, 22.50965322459327]]]}, "properties": {"count": 20, "p": 0.00013333333333333334, "p_norm": 0.000520751965838671, "grid_km": 2.0}}, {"type": "Feature", "geometry": {"type": "Polygon", "coordinates": [[[59.40624579330179, 22.68983340477345], [59.425765540726, 22.68983340477345], [59.425765540726, 22.707851422791467], [59.40624579330179, 22.707851422791467], [59.40624579330179, 22.68983340477345]]]}, "properties": {"count": 16, "p": 0.00010666666666666667, "p_norm": 0.0004166015726709368, "grid_km": 2.0}}, {"type": "Feature", "geometry": {"type": "Polygon", "coordinates": [[[59.60144326754383, 22.59974331468336], [59.620963014968034, 22.59974331468336], [59.620963014968034, 22.617761332701377], [59.60144326754383, 22.617761332701377], [59.60144326754383, 22.59974331468336]]]}, "properties": {"count": 3, "p": 2e-05, "p_norm": 7.811279487580065e-05, "grid_km": 2.0}}, {"type": "Feature", "geometry": {"type": "Polygon", "coordinates": [[[60.22607518511835, 22.257400972341017], [60.24559493254255, 22.257400972341017], [60.24559493254255, 22.275418990359036], [60.22607518511835, 22.275418990359036], [60.22607518511835, 22.257400972341017]]]}, "properties": {"count": 1, "p": 6.666666666666667e-06, "p_norm": 2.603759829193355e-05, "grid_km": 2.0}}, {"type": "Feature", "geometry": {"type": "Polygon", "coordinates": [[[59.4648050355744, 22.707851422791467], [59.484324782998605, 22.707851422791467], [59.484324782998605, 22.725869440809486], [59.4648050355744, 22.725869440809486], [59.4648050355744, 22.707851422791467]]]}, "properties": {"count": 5, "p": 3.3333333333333335e-05, "p_norm": 0.00013018799145966776, "grid_km": 2.0}}, {"type": "Feature", "geometry": {"type": "Polygon", "coordinates": [[[59.67952225724064, 22.41956313450318], [59.69904200466485, 22.41956313450318], [59.69904200466485, 22.437581152521197], [59.67952225724064, 22.437581152521197], [59.67952225724064, 22.41956313450318]]]}, "properties": {"count": 2, "p": 1.3333333333333333e-05, "p_norm": 5.20751965838671e-05, "grid_km": 2.0}}, {"type": "Feature", "geometry": {"type": "Polygon", "coordinates": [[[59.67952225724064, 22.545689260629306], [59.69904200466485, 22.545689260629306], [59.69904200466485, 22.563707278647325], [59.67952225724064, 22.563707278647325], [59.67952225724064, 22.545689260629306]]]}, "properties": {"count": 2, "p": 1.3333333333333333e-05, "p_norm": 5.20751965838671e-05, "grid_km": 2.0}}, {"type": "Feature", "geometry": {"type": "Polygon", "coordinates": [[[59.581923520119624, 22.68983340477345], [59.60144326754383, 22.68983340477345], [59.60144326754383, 22.707851422791467], [59.581923520119624, 22.707851422791467], [59.581923520119624, 22.68983340477345]]]}, "properties": {"count": 1, "p": 6.666666666666667e-06, "p_norm": 2.603759829193355e-05, "grid_km": 2.0}}, {"type": "Feature", "geometry": {"type": "Polygon", "coordinates": [[[59.69904200466485, 22.59974331468336], [59.71856175208905, 22.59974331468336], [59.71856175208905, 22.617761332701377], [59.69904200466485, 22.617761332701377], [59.69904200466485, 22.59974331468336]]]}, "properties": {"count": 2, "p": 1.3333333333333333e-05, "p_norm": 5.20751965838671e-05, "grid_km": 2.0}}, {"type": "Feature", "geometry": {"type": "Polygon", "coordinates": [[[59.562403772695426, 22.49163520657525], [59.58192352011963, 22.49163520657525], [59.58192352011963, 22.50965322459327], [59.562403772695426, 22.50965322459327], [59.562403772695426, 22.49163520657525]]]}, "properties": {"count": 4, "p": 2.6666666666666667e-05, "p_norm": 0.0001041503931677342, "grid_km": 2.0}}, {"type": "Feature", "geometry": {"type": "Polygon", "coordinates": [[[59.75760124693746, 22.59974331468336], [59.77712099436167, 22.59974331468336], [59.77712099436167, 22.617761332701377], [59.75760124693746, 22.617761332701377], [59.75760124693746, 22.59974331468336]]]}, "properties": {"count": 1, "p": 6.666666666666667e-06, "p_norm": 2.603759829193355e-05, "grid_km": 2.0}}, {"type": "Feature", "geometry": {"type": "Polygon", "coordinates": [[[59.38672604587759, 22.87001358495363], [59.40624579330179, 22.87001358495363], [59.40624579330179, 22.888031602971648], [59.38672604587759, 22.888031602971648], [59.38672604587759, 22.87001358495363]]]}, "properties": {"count": 1, "p": 6.666666666666667e-06, "p_norm": 2.603759829193355e-05, "grid_km": 2.0}}, {"type": "Feature", "geometry": {"type": "Polygon", "coordinates": [[[59.67952225724064, 22.707851422791467], [59.69904200466485, 22.707851422791467], [59.69904200466485, 22.725869440809486], [59.67952225724064, 22.725869440809486], [59.67952225724064, 22.707851422791467]]]}, "properties": {"count": 1, "p": 6.666666666666667e-06, "p_norm": 2.603759829193355e-05, "grid_km": 2.0}}, {"type": "Feature", "geometry": {"type": "Polygon", "coordinates": [[[59.60144326754383, 22.617761332701377], [59.620963014968034, 22.617761332701377], [59.620963014968034, 22.635779350719396], [59.60144326754383, 22.635779350719396], [59.60144326754383, 22.617761332701377]]]}, "properties": {"count": 1, "p": 6.666666666666667e-06, "p_norm": 2.603759829193355e-05, "grid_km": 2.0}}, {"type": "Feature", "geometry": {"type": "Polygon", "coordinates": [[[59.581923520119624, 22.49163520657525], [59.60144326754383, 22.49163520657525], [59.60144326754383, 22.50965322459327], [59.581923520119624, 22.50965322459327], [59.581923520119624, 22.49163520657525]]]}, "properties": {"count": 4, "p": 2.6666666666666667e-05, "p_norm": 0.0001041503931677342, "grid_km": 2.0}}, {"type": "Feature", "geometry": {"type": "Polygon", "coordinates": [[[59.71856175208905, 22.56370727864732], [59.73808149951326, 22.56370727864732], [59.73808149951326, 22.58172529666534], [59.71856175208905, 22.58172529666534], [59.71856175208905, 22.56370727864732]]]}, "properties": {"count": 2, "p": 1.3333333333333333e-05, "p_norm": 5.20751965838671e-05, "grid_km": 2.0}}, {"type": "Feature", "geometry": {"type": "Polygon", "coordinates": [[[59.660002509816444, 22.49163520657525], [59.67952225724065, 22.49163520657525], [59.67952225724065, 22.50965322459327], [59.660002509816444, 22.50965322459327], [59.660002509816444, 22.49163520657525]]]}, "properties": {"count": 2, "p": 1.3333333333333333e-05, "p_norm": 5.20751965838671e-05, "grid_km": 2.0}}, {"type": "Feature", "geometry": {"type": "Polygon", "coordinates": [[[59.523364277847016, 22.635779350719396], [59.54288402527122, 22.635779350719396], [59.54288402527122, 22.653797368737415], [59.523364277847016, 22.653797368737415], [59.523364277847016, 22.635779350719396]]]}, "properties": {"count": 8, "p": 5.333333333333333e-05, "p_norm": 0.0002083007863354684, "grid_km": 2.0}}, {"type": "Feature", "geometry": {"type": "Polygon", "coordinates": [[[59.581923520119624, 22.67181538675543], [59.60144326754383, 22.67181538675543], [59.60144326754383, 22.68983340477345], [59.581923520119624, 22.68983340477345], [59.581923520119624, 22.67181538675543]]]}, "properties": {"count": 5, "p": 3.3333333333333335e-05, "p_norm": 0.00013018799145966776, "grid_km": 2.0}}, {"type": "Feature", "geometry": {"type": "Polygon", "coordinates": [[[59.835680236634275, 22.49163520657525], [59.85519998405848, 22.49163520657525], [59.85519998405848, 22.50965322459327], [59.835680236634275, 22.50965322459327], [59.835680236634275, 22.49163520657525]]]}, "properties": {"count": 3, "p": 2e-05, "p_norm": 7.811279487580065e-05, "grid_km": 2.0}}, {"type": "Feature", "geometry": {"type": "Polygon", "coordinates": [[[59.73808149951326, 22.545689260629306], [59.75760124693746, 22.545689260629306], [59.75760124693746, 22.563707278647325], [59.73808149951326, 22.563707278647325], [59.73808149951326, 22.545689260629306]]]}, "properties": {"count": 3, "p": 2e-05, "p_norm": 7.811279487580065e-05, "grid_km": 2.0}}, {"type": "Feature", "geometry": {"type": "Polygon", "coordinates": [[[59.64048276239224, 22.50965322459327], [59.660002509816444, 22.50965322459327], [59.660002509816444, 22.527671242611287], [59.64048276239224, 22.527671242611287], [59.64048276239224, 22.50965322459327]]]}, "properties": {"count": 9, "p": 6e-05, "p_norm": 0.00023433838462740198, "grid_km": 2.0}}, {"type": "Feature", "geometry": {"type": "Polygon", "coordinates": [[[59.50384453042281, 22.47361718855723], [59.523364277847016, 22.47361718855723], [59.523364277847016, 22.49163520657525], [59.50384453042281, 22.49163520657525], [59.50384453042281, 22.47361718855723]]]}, "properties": {"count": 1, "p": 6.666666666666667e-06, "p_norm": 2.603759829193355e-05, "grid_km": 2.0}}, {"type": "Feature", "geometry": {"type": "Polygon", "coordinates": [[[60.147996195421534, 22.56370727864732], [60.16751594284574, 22.56370727864732], [60.16751594284574, 22.58172529666534], [60.147996195421534, 22.58172529666534], [60.147996195421534, 22.56370727864732]]]}, "properties": {"count": 1, "p": 6.666666666666667e-06, "p_norm": 2.603759829193355e-05, "grid_km": 2.0}}, {"type": "Feature", "geometry": {"type": "Polygon", "coordinates": [[[59.38672604587759, 22.545689260629306], [59.40624579330179, 22.545689260629306], [59.40624579330179, 22.563707278647325], [59.38672604587759, 22.563707278647325], [59.38672604587759, 22.545689260629306]]]}, "properties": {"count": 12, "p": 8e-05, "p_norm": 0.0003124511795032026, "grid_km": 2.0}}, {"type": "Feature", "geometry": {"type": "Polygon", "coordinates": [[[59.581923520119624, 22.56370727864732], [59.60144326754383, 22.56370727864732], [59.60144326754383, 22.58172529666534], [59.581923520119624, 22.58172529666534], [59.581923520119624, 22.56370727864732]]]}, "properties": {"count": 4, "p": 2.6666666666666667e-05, "p_norm": 0.0001041503931677342, "grid_km": 2.0}}, {"type": "Feature", "geometry": {"type": "Polygon", "coordinates": [[[59.484324782998605, 22.527671242611287], [59.50384453042281, 22.527671242611287], [59.50384453042281, 22.545689260629306], [59.484324782998605, 22.545689260629306], [59.484324782998605, 22.527671242611287]]]}, "properties": {"count": 18, "p": 0.00012, "p_norm": 0.00046867676925480396, "grid_km": 2.0}}, {"type": "Feature", "geometry": {"type": "Polygon", "coordinates": [[[59.69904200466485, 22.47361718855723], [59.71856175208905, 22.47361718855723], [59.71856175208905, 22.49163520657525], [59.69904200466485, 22.49163520657525], [59.69904200466485, 22.47361718855723]]]}, "properties": {"count": 3, "p": 2e-05, "p_norm": 7.811279487580065e-05, "grid_km": 2.0}}, {"type": "Feature", "geometry": {"type": "Polygon", "coordinates": [[[59.484324782998605, 22.49163520657525], [59.50384453042281, 22.49163520657525], [59.50384453042281, 22.50965322459327], [59.484324782998605, 22.50965322459327], [59.484324782998605, 22.49163520657525]]]}, "properties": {"count": 2, "p": 1.3333333333333333e-05, "p_norm": 5.20751965838671e-05, "grid_km": 2.0}}, {"type": "Feature", "geometry": {"type": "Polygon", "coordinates": [[[59.73808149951326, 22.7438874588275], [59.75760124693746, 22.7438874588275], [59.75760124693746, 22.76190547684552], [59.73808149951326, 22.76190547684552], [59.73808149951326, 22.7438874588275]]]}, "properties": {"count": 1, "p": 6.666666666666667e-06, "p_norm": 2.603759829193355e-05, "grid_km": 2.0}}, {"type": "Feature", "geometry": {"type": "Polygon", "coordinates": [[[59.36720629845338, 22.545689260629306], [59.38672604587759, 22.545689260629306], [59.38672604587759, 22.563707278647325], [59.36720629845338, 22.563707278647325], [59.36720629845338, 22.545689260629306]]]}, "properties": {"count": 1, "p": 6.666666666666667e-06, "p_norm": 2.603759829193355e-05, "grid_km": 2.0}}, {"type": "Feature", "geometry": {"type": "Polygon", "coordinates": [[[59.50384453042281, 22.68983340477345], [59.523364277847016, 22.68983340477345], [59.523364277847016, 22.707851422791467], [59.50384453042281, 22.707851422791467], [59.50384453042281, 22.68983340477345]]]}, "properties": {"count": 3, "p": 2e-05, "p_norm": 7.811279487580065e-05, "grid_km": 2.0}}, {"type": "Feature", "geometry": {"type": "Polygon", "coordinates": [[[59.347686551029184, 22.56370727864732], [59.36720629845339, 22.56370727864732], [59.36720629845339, 22.58172529666534], [59.347686551029184, 22.58172529666534], [59.347686551029184, 22.56370727864732]]]}, "properties": {"count": 4, "p": 2.6666666666666667e-05, "p_norm": 0.0001041503931677342, "grid_km": 2.0}}, {"type": "Feature", "geometry": {"type": "Polygon", "coordinates": [[[60.284634427390955, 22.59974331468336], [60.30415417481516, 22.59974331468336], [60.30415417481516, 22.617761332701377], [60.284634427390955, 22.617761332701377], [60.284634427390955, 22.59974331468336]]]}, "properties": {"count": 1, "p": 6.666666666666667e-06, "p_norm": 2.603759829193355e-05, "grid_km": 2.0}}, {"type": "Feature", "geometry": {"type": "Polygon", "coordinates": [[[59.4648050355744, 22.85199556693561], [59.484324782998605, 22.85199556693561], [59.484324782998605, 22.87001358495363], [59.4648050355744, 22.87001358495363], [59.4648050355744, 22.85199556693561]]]}, "properties": {"count": 1, "p": 6.666666666666667e-06, "p_norm": 2.603759829193355e-05, "grid_km": 2.0}}, {"type": "Feature", "geometry": {"type": "Polygon", "coordinates": [[[59.581923520119624, 22.59974331468336], [59.60144326754383, 22.59974331468336], [59.60144326754383, 22.617761332701377], [59.581923520119624, 22.617761332701377], [59.581923520119624, 22.59974331468336]]]}, "properties": {"count": 6, "p": 4e-05, "p_norm": 0.0001562255897516013, "grid_km": 2.0}}, {"type": "Feature", "geometry": {"type": "Polygon", "coordinates": [[[60.06991720572472, 22.38352709846714], [60.089436953148926, 22.38352709846714], [60.089436953148926, 22.40154511648516], [60.06991720572472, 22.40154511648516], [60.06991720572472, 22.38352709846714]]]}, "properties": {"count": 1, "p": 6.666666666666667e-06, "p_norm": 2.603759829193355e-05, "grid_km": 2.0}}, {"type": "Feature", "geometry": {"type": "Polygon", "coordinates": [[[59.620963014968034, 22.56370727864732], [59.64048276239224, 22.56370727864732], [59.64048276239224, 22.58172529666534], [59.620963014968034, 22.58172529666534], [59.620963014968034, 22.56370727864732]]]}, "properties": {"count": 4, "p": 2.6666666666666667e-05, "p_norm": 0.0001041503931677342, "grid_km": 2.0}}, {"type": "Feature", "geometry": {"type": "Polygon", "coordinates": [[[59.71856175208905, 22.455599170539216], [59.73808149951326, 22.455599170539216], [59.73808149951326, 22.473617188557235], [59.71856175208905, 22.473617188557235], [59.71856175208905, 22.455599170539216]]]}, "properties": {"count": 2, "p": 1.3333333333333333e-05, "p_norm": 5.20751965838671e-05, "grid_km": 2.0}}, {"type": "Feature", "geometry": {"type": "Polygon", "coordinates": [[[59.581923520119624, 22.545689260629306], [59.60144326754383, 22.545689260629306], [59.60144326754383, 22.563707278647325], [59.581923520119624, 22.563707278647325], [59.581923520119624, 22.545689260629306]]]}, "properties": {"count": 4, "p": 2.6666666666666667e-05, "p_norm": 0.0001041503931677342, "grid_km": 2.0}}, {"type": "Feature", "geometry": {"type": "Polygon", "coordinates": [[[59.660002509816444, 22.58172529666534], [59.67952225724065, 22.58172529666534], [59.67952225724065, 22.59974331468336], [59.660002509816444, 22.59974331468336], [59.660002509816444, 22.58172529666534]]]}, "properties": {"count": 2, "p": 1.3333333333333333e-05, "p_norm": 5.20751965838671e-05, "grid_km": 2.0}}, {"type": "Feature", "geometry": {"type": "Polygon", "coordinates": [[[59.81616048921007, 22.455599170539216], [59.835680236634275, 22.455599170539216], [59.835680236634275, 22.473617188557235], [59.81616048921007, 22.473617188557235], [59.81616048921007, 22.455599170539216]]]}, "properties": {"count": 1, "p": 6.666666666666667e-06, "p_norm": 2.603759829193355e-05, "grid_km": 2.0}}, {"type": "Feature", "geometry": {"type": "Polygon", "coordinates": [[[59.50384453042281, 22.65379736873741], [59.523364277847016, 22.65379736873741], [59.523364277847016, 22.67181538675543], [59.50384453042281, 22.67181538675543], [59.50384453042281, 22.65379736873741]]]}, "properties": {"count": 5, "p": 3.3333333333333335e-05, "p_norm": 0.00013018799145966776, "grid_km": 2.0}}, {"type": "Feature", "geometry": {"type": "Polygon", "coordinates": [[[59.85519998405848, 22.47361718855723], [59.874719731482685, 22.47361718855723], [59.874719731482685, 22.49163520657525], [59.85519998405848, 22.49163520657525], [59.85519998405848, 22.47361718855723]]]}, "properties": {"count": 2, "p": 1.3333333333333333e-05, "p_norm": 5.20751965838671e-05, "grid_km": 2.0}}, {"type": "Feature", "geometry": {"type": "Polygon", "coordinates": [[[59.36720629845338, 22.65379736873741], [59.38672604587759, 22.65379736873741], [59.38672604587759, 22.67181538675543], [59.36720629845338, 22.67181538675543], [59.36720629845338, 22.65379736873741]]]}, "properties": {"count": 10, "p": 6.666666666666667e-05, "p_norm": 0.0002603759829193355, "grid_km": 2.0}}, {"type": "Feature", "geometry": {"type": "Polygon", "coordinates": [[[59.77712099436166, 22.56370727864732], [59.796640741785865, 22.56370727864732], [59.796640741785865, 22.58172529666534], [59.77712099436166, 22.58172529666534], [59.77712099436166, 22.56370727864732]]]}, "properties": {"count": 2, "p": 1.3333333333333333e-05, "p_norm": 5.20751965838671e-05, "grid_km": 2.0}}, {"type": "Feature", "geometry": {"type": "Polygon", "coordinates": [[[59.87471973148268, 22.49163520657525], [59.89423947890688, 22.49163520657525], [59.89423947890688, 22.50965322459327], [59.87471973148268, 22.50965322459327], [59.87471973148268, 22.49163520657525]]]}, "properties": {"count": 1, "p": 6.666666666666667e-06, "p_norm": 2.603759829193355e-05, "grid_km": 2.0}}, {"type": "Feature", "geometry": {"type": "Polygon", "coordinates": [[[59.4452852881502, 22.707851422791467], [59.46480503557441, 22.707851422791467], [59.46480503557441, 22.725869440809486], [59.4452852881502, 22.725869440809486], [59.4452852881502, 22.707851422791467]]]}, "properties": {"count": 5, "p": 3.3333333333333335e-05, "p_norm": 0.00013018799145966776, "grid_km": 2.0}}, {"type": "Feature", "geometry": {"type": "Polygon", "coordinates": [[[59.581923520119624, 22.617761332701377], [59.60144326754383, 22.617761332701377], [59.60144326754383, 22.635779350719396], [59.581923520119624, 22.635779350719396], [59.581923520119624, 22.617761332701377]]]}, "properties": {"count": 4, "p": 2.6666666666666667e-05, "p_norm": 0.0001041503931677342, "grid_km": 2.0}}, {"type": "Feature", "geometry": {"type": "Polygon", "coordinates": [[[59.40624579330179, 22.50965322459327], [59.425765540726, 22.50965322459327], [59.425765540726, 22.527671242611287], [59.40624579330179, 22.527671242611287], [59.40624579330179, 22.50965322459327]]]}, "properties": {"count": 1, "p": 6.666666666666667e-06, "p_norm": 2.603759829193355e-05, "grid_km": 2.0}}, {"type": "Feature", "geometry": {"type": "Polygon", "coordinates": [[[59.796640741785865, 22.47361718855723], [59.81616048921007, 22.47361718855723], [59.81616048921007, 22.49163520657525], [59.796640741785865, 22.49163520657525], [59.796640741785865, 22.47361718855723]]]}, "properties": {"count": 1, "p": 6.666666666666667e-06, "p_norm": 2.603759829193355e-05, "grid_km": 2.0}}, {"type": "Feature", "geometry": {"type": "Polygon", "coordinates": [[[59.38672604587759, 22.527671242611287], [59.40624579330179, 22.527671242611287], [59.40624579330179, 22.545689260629306], [59.38672604587759, 22.545689260629306], [59.38672604587759, 22.527671242611287]]]}, "properties": {"count": 2, "p": 1.3333333333333333e-05, "p_norm": 5.20751965838671e-05, "grid_km": 2.0}}, {"type": "Feature", "geometry": {"type": "Polygon", "coordinates": [[[59.347686551029184, 22.545689260629306], [59.36720629845339, 22.545689260629306], [59.36720629845339, 22.563707278647325], [59.347686551029184, 22.563707278647325], [59.347686551029184, 22.545689260629306]]]}, "properties": {"count": 1, "p": 6.666666666666667e-06, "p_norm": 2.603759829193355e-05, "grid_km": 2.0}}, {"type": "Feature", "geometry": {"type": "Polygon", "coordinates": [[[59.73808149951326, 22.56370727864732], [59.75760124693746, 22.56370727864732], [59.75760124693746, 22.58172529666534], [59.73808149951326, 22.58172529666534], [59.73808149951326, 22.56370727864732]]]}, "properties": {"count": 1, "p": 6.666666666666667e-06, "p_norm": 2.603759829193355e-05, "grid_km": 2.0}}, {"type": "Feature", "geometry": {"type": "Polygon", "coordinates": [[[59.60144326754383, 22.9420856570257], [59.620963014968034, 22.9420856570257], [59.620963014968034, 22.96010367504372], [59.60144326754383, 22.96010367504372], [59.60144326754383, 22.9420856570257]]]}, "properties": {"count": 1, "p": 6.666666666666667e-06, "p_norm": 2.603759829193355e-05, "grid_km": 2.0}}, {"type": "Feature", "geometry": {"type": "Polygon", "coordinates": [[[59.620963014968034, 22.545689260629306], [59.64048276239224, 22.545689260629306], [59.64048276239224, 22.563707278647325], [59.620963014968034, 22.563707278647325], [59.620963014968034, 22.545689260629306]]]}, "properties": {"count": 1, "p": 6.666666666666667e-06, "p_norm": 2.603759829193355e-05, "grid_km": 2.0}}, {"type": "Feature", "geometry": {"type": "Polygon", "coordinates": [[[59.81616048921007, 22.437581152521197], [59.835680236634275, 22.437581152521197], [59.835680236634275, 22.455599170539216], [59.81616048921007, 22.455599170539216], [59.81616048921007, 22.437581152521197]]]}, "properties": {"count": 2, "p": 1.3333333333333333e-05, "p_norm": 5.20751965838671e-05, "grid_km": 2.0}}, {"type": "Feature", "geometry": {"type": "Polygon", "coordinates": [[[59.89423947890688, 22.50965322459327], [59.91375922633109, 22.50965322459327], [59.91375922633109, 22.527671242611287], [59.89423947890688, 22.527671242611287], [59.89423947890688, 22.50965322459327]]]}, "properties": {"count": 1, "p": 6.666666666666667e-06, "p_norm": 2.603759829193355e-05, "grid_km": 2.0}}, {"type": "Feature", "geometry": {"type": "Polygon", "coordinates": [[[59.67952225724064, 22.56370727864732], [59.69904200466485, 22.56370727864732], [59.69904200466485, 22.58172529666534], [59.67952225724064, 22.58172529666534], [59.67952225724064, 22.56370727864732]]]}, "properties": {"count": 6, "p": 4e-05, "p_norm": 0.0001562255897516013, "grid_km": 2.0}}, {"type": "Feature", "geometry": {"type": "Polygon", "coordinates": [[[59.91375922633109, 22.50965322459327], [59.93327897375529, 22.50965322459327], [59.93327897375529, 22.527671242611287], [59.91375922633109, 22.527671242611287], [59.91375922633109, 22.50965322459327]]]}, "properties": {"count": 1, "p": 6.666666666666667e-06, "p_norm": 2.603759829193355e-05, "grid_km": 2.0}}, {"type": "Feature", "geometry": {"type": "Polygon", "coordinates": [[[59.425765540726, 22.527671242611287], [59.4452852881502, 22.527671242611287], [59.4452852881502, 22.545689260629306], [59.425765540726, 22.545689260629306], [59.425765540726, 22.527671242611287]]]}, "properties": {"count": 7, "p": 4.6666666666666665e-05, "p_norm": 0.00018226318804353487, "grid_km": 2.0}}, {"type": "Feature", "geometry": {"type": "Polygon", "coordinates": [[[59.835680236634275, 22.47361718855723], [59.85519998405848, 22.47361718855723], [59.85519998405848, 22.49163520657525], [59.835680236634275, 22.49163520657525], [59.835680236634275, 22.47361718855723]]]}, "properties": {"count": 1, "p": 6.666666666666667e-06, "p_norm": 2.603759829193355e-05, "grid_km": 2.0}}, {"type": "Feature", "geometry": {"type": "Polygon", "coordinates": [[[59.4452852881502, 22.50965322459327], [59.46480503557441, 22.50965322459327], [59.46480503557441, 22.527671242611287], [59.4452852881502, 22.527671242611287], [59.4452852881502, 22.50965322459327]]]}, "properties": {"count": 1, "p": 6.666666666666667e-06, "p_norm": 2.603759829193355e-05, "grid_km": 2.0}}, {"type": "Feature", "geometry": {"type": "Polygon", "coordinates": [[[59.562403772695426, 22.65379736873741], [59.58192352011963, 22.65379736873741], [59.58192352011963, 22.67181538675543], [59.562403772695426, 22.67181538675543], [59.562403772695426, 22.65379736873741]]]}, "properties": {"count": 3, "p": 2e-05, "p_norm": 7.811279487580065e-05, "grid_km": 2.0}}, {"type": "Feature", "geometry": {"type": "Polygon", "coordinates": [[[59.562403772695426, 22.635779350719396], [59.58192352011963, 22.635779350719396], [59.58192352011963, 22.653797368737415], [59.562403772695426, 22.653797368737415], [59.562403772695426, 22.635779350719396]]]}, "properties": {"count": 4, "p": 2.6666666666666667e-05, "p_norm": 0.0001041503931677342, "grid_km": 2.0}}, {"type": "Feature", "geometry": {"type": "Polygon", "coordinates": [[[59.581923520119624, 22.50965322459327], [59.60144326754383, 22.50965322459327], [59.60144326754383, 22.527671242611287], [59.581923520119624, 22.527671242611287], [59.581923520119624, 22.50965322459327]]]}, "properties": {"count": 4, "p": 2.6666666666666667e-05, "p_norm": 0.0001041503931677342, "grid_km": 2.0}}, {"type": "Feature", "geometry": {"type": "Polygon", "coordinates": [[[59.40624579330179, 22.707851422791467], [59.425765540726, 22.707851422791467], [59.425765540726, 22.725869440809486], [59.40624579330179, 22.725869440809486], [59.40624579330179, 22.707851422791467]]]}, "properties": {"count": 2, "p": 1.3333333333333333e-05, "p_norm": 5.20751965838671e-05, "grid_km": 2.0}}, {"type": "Feature", "geometry": {"type": "Polygon", "coordinates": [[[59.660002509816444, 22.56370727864732], [59.67952225724065, 22.56370727864732], [59.67952225724065, 22.58172529666534], [59.660002509816444, 22.58172529666534], [59.660002509816444, 22.56370727864732]]]}, "properties": {"count": 2, "p": 1.3333333333333333e-05, "p_norm": 5.20751965838671e-05, "grid_km": 2.0}}, {"type": "Feature", "geometry": {"type": "Polygon", "coordinates": [[[60.03087771087631, 22.455599170539216], [60.050397458300516, 22.455599170539216], [60.050397458300516, 22.473617188557235], [60.03087771087631, 22.473617188557235], [60.03087771087631, 22.455599170539216]]]}, "properties": {"count": 1, "p": 6.666666666666667e-06, "p_norm": 2.603759829193355e-05, "grid_km": 2.0}}, {"type": "Feature", "geometry": {"type": "Polygon", "coordinates": [[[59.660002509816444, 22.635779350719396], [59.67952225724065, 22.635779350719396], [59.67952225724065, 22.653797368737415], [59.660002509816444, 22.653797368737415], [59.660002509816444, 22.635779350719396]]]}, "properties": {"count": 1, "p": 6.666666666666667e-06, "p_norm": 2.603759829193355e-05, "grid_km": 2.0}}, {"type": "Feature", "geometry": {"type": "Polygon", "coordinates": [[[59.87471973148268, 22.545689260629306], [59.89423947890688, 22.545689260629306], [59.89423947890688, 22.563707278647325], [59.87471973148268, 22.563707278647325], [59.87471973148268, 22.545689260629306]]]}, "properties": {"count": 1, "p": 6.666666666666667e-06, "p_norm": 2.603759829193355e-05, "grid_km": 2.0}}, {"type": "Feature", "geometry": {"type": "Polygon", "coordinates": [[[59.69904200466485, 22.50965322459327], [59.71856175208905, 22.50965322459327], [59.71856175208905, 22.527671242611287], [59.69904200466485, 22.527671242611287], [59.69904200466485, 22.50965322459327]]]}, "properties": {"count": 4, "p": 2.6666666666666667e-05, "p_norm": 0.0001041503931677342, "grid_km": 2.0}}, {"type": "Feature", "geometry": {"type": "Polygon", "coordinates": [[[60.03087771087631, 22.47361718855723], [60.050397458300516, 22.47361718855723], [60.050397458300516, 22.49163520657525], [60.03087771087631, 22.49163520657525], [60.03087771087631, 22.47361718855723]]]}, "properties": {"count": 1, "p": 6.666666666666667e-06, "p_norm": 2.603759829193355e-05, "grid_km": 2.0}}, {"type": "Feature", "geometry": {"type": "Polygon", "coordinates": [[[59.81616048921007, 22.49163520657525], [59.835680236634275, 22.49163520657525], [59.835680236634275, 22.50965322459327], [59.81616048921007, 22.50965322459327], [59.81616048921007, 22.49163520657525]]]}, "properties": {"count": 2, "p": 1.3333333333333333e-05, "p_norm": 5.20751965838671e-05, "grid_km": 2.0}}, {"type": "Feature", "geometry": {"type": "Polygon", "coordinates": [[[59.581923520119624, 22.815959530899576], [59.60144326754383, 22.815959530899576], [59.60144326754383, 22.833977548917595], [59.581923520119624, 22.833977548917595], [59.581923520119624, 22.815959530899576]]]}, "properties": {"count": 3, "p": 2e-05, "p_norm": 7.811279487580065e-05, "grid_km": 2.0}}, {"type": "Feature", "geometry": {"type": "Polygon", "coordinates": [[[59.54288402527122, 22.725869440809486], [59.562403772695426, 22.725869440809486], [59.562403772695426, 22.743887458827505], [59.54288402527122, 22.743887458827505], [59.54288402527122, 22.725869440809486]]]}, "properties": {"count": 1, "p": 6.666666666666667e-06, "p_norm": 2.603759829193355e-05, "grid_km": 2.0}}, {"type": "Feature", "geometry": {"type": "Polygon", "coordinates": [[[59.347686551029184, 22.635779350719396], [59.36720629845339, 22.635779350719396], [59.36720629845339, 22.653797368737415], [59.347686551029184, 22.653797368737415], [59.347686551029184, 22.635779350719396]]]}, "properties": {"count": 4, "p": 2.6666666666666667e-05, "p_norm": 0.0001041503931677342, "grid_km": 2.0}}, {"type": "Feature", "geometry": {"type": "Polygon", "coordinates": [[[59.73808149951326, 22.47361718855723], [59.75760124693746, 22.47361718855723], [59.75760124693746, 22.49163520657525], [59.73808149951326, 22.49163520657525], [59.73808149951326, 22.47361718855723]]]}, "properties": {"count": 3, "p": 2e-05, "p_norm": 7.811279487580065e-05, "grid_km": 2.0}}, {"type": "Feature", "geometry": {"type": "Polygon", "coordinates": [[[59.32816680360498, 22.65379736873741], [59.347686551029184, 22.65379736873741], [59.347686551029184, 22.67181538675543], [59.32816680360498, 22.67181538675543], [59.32816680360498, 22.65379736873741]]]}, "properties": {"count": 1, "p": 6.666666666666667e-06, "p_norm": 2.603759829193355e-05, "grid_km": 2.0}}, {"type": "Feature", "geometry": {"type": "Polygon", "coordinates": [[[60.675029375875035, 22.05920277414282], [60.69454912329924, 22.05920277414282], [60.69454912329924, 22.077220792160837], [60.675029375875035, 22.077220792160837], [60.675029375875035, 22.05920277414282]]]}, "properties": {"count": 1, "p": 6.666666666666667e-06, "p_norm": 2.603759829193355e-05, "grid_km": 2.0}}, {"type": "Feature", "geometry": {"type": "Polygon", "coordinates": [[[59.660002509816444, 22.545689260629306], [59.67952225724065, 22.545689260629306], [59.67952225724065, 22.563707278647325], [59.660002509816444, 22.563707278647325], [59.660002509816444, 22.545689260629306]]]}, "properties": {"count": 3, "p": 2e-05, "p_norm": 7.811279487580065e-05, "grid_km": 2.0}}, {"type": "Feature", "geometry": {"type": "Polygon", "coordinates": [[[59.308647056180774, 22.635779350719396], [59.32816680360498, 22.635779350719396], [59.32816680360498, 22.653797368737415], [59.308647056180774, 22.653797368737415], [59.308647056180774, 22.635779350719396]]]}, "properties": {"count": 1, "p": 6.666666666666667e-06, "p_norm": 2.603759829193355e-05, "grid_km": 2.0}}, {"type": "Feature", "geometry": {"type": "Polygon", "coordinates": [[[59.36720629845338, 22.68983340477345], [59.38672604587759, 22.68983340477345], [59.38672604587759, 22.707851422791467], [59.36720629845338, 22.707851422791467], [59.36720629845338, 22.68983340477345]]]}, "properties": {"count": 1, "p": 6.666666666666667e-06, "p_norm": 2.603759829193355e-05, "grid_km": 2.0}}, {"type": "Feature", "geometry": {"type": "Polygon", "coordinates": [[[59.523364277847016, 22.49163520657525], [59.54288402527122, 22.49163520657525], [59.54288402527122, 22.50965322459327], [59.523364277847016, 22.50965322459327], [59.523364277847016, 22.49163520657525]]]}, "properties": {"count": 3, "p": 2e-05, "p_norm": 7.811279487580065e-05, "grid_km": 2.0}}, {"type": "Feature", "geometry": {"type": "Polygon", "coordinates": [[[59.69904200466485, 22.725869440809486], [59.71856175208905, 22.725869440809486], [59.71856175208905, 22.743887458827505], [59.69904200466485, 22.743887458827505], [59.69904200466485, 22.725869440809486]]]}, "properties": {"count": 2, "p": 1.3333333333333333e-05, "p_norm": 5.20751965838671e-05, "grid_km": 2.0}}, {"type": "Feature", "geometry": {"type": "Polygon", "coordinates": [[[59.562403772695426, 22.96010367504372], [59.58192352011963, 22.96010367504372], [59.58192352011963, 22.978121693061738], [59.562403772695426, 22.978121693061738], [59.562403772695426, 22.96010367504372]]]}, "properties": {"count": 1, "p": 6.666666666666667e-06, "p_norm": 2.603759829193355e-05, "grid_km": 2.0}}, {"type": "Feature", "geometry": {"type": "Polygon", "coordinates": [[[59.71856175208905, 22.50965322459327], [59.73808149951326, 22.50965322459327], [59.73808149951326, 22.527671242611287], [59.71856175208905, 22.527671242611287], [59.71856175208905, 22.50965322459327]]]}, "properties": {"count": 1, "p": 6.666666666666667e-06, "p_norm": 2.603759829193355e-05, "grid_km": 2.0}}, {"type": "Feature", "geometry": {"type": "Polygon", "coordinates": [[[59.69904200466485, 22.527671242611287], [59.71856175208905, 22.527671242611287], [59.71856175208905, 22.545689260629306], [59.69904200466485, 22.545689260629306], [59.69904200466485, 22.527671242611287]]]}, "properties": {"count": 1, "p": 6.666666666666667e-06, "p_norm": 2.603759829193355e-05, "grid_km": 2.0}}, {"type": "Feature", "geometry": {"type": "Polygon", "coordinates": [[[60.40175291193618, 22.185328900268946], [60.42127265936038, 22.185328900268946], [60.42127265936038, 22.203346918286964], [60.40175291193618, 22.203346918286964], [60.40175291193618, 22.185328900268946]]]}, "properties": {"count": 1, "p": 6.666666666666667e-06, "p_norm": 2.603759829193355e-05, "grid_km": 2.0}}, {"type": "Feature", "geometry": {"type": "Polygon", "coordinates": [[[59.64048276239224, 22.49163520657525], [59.660002509816444, 22.49163520657525], [59.660002509816444, 22.50965322459327], [59.64048276239224, 22.50965322459327], [59.64048276239224, 22.49163520657525]]]}, "properties": {"count": 1, "p": 6.666666666666667e-06, "p_norm": 2.603759829193355e-05, "grid_km": 2.0}}, {"type": "Feature", "geometry": {"type": "Polygon", "coordinates": [[[59.64048276239224, 22.56370727864732], [59.660002509816444, 22.56370727864732], [59.660002509816444, 22.58172529666534], [59.64048276239224, 22.58172529666534], [59.64048276239224, 22.56370727864732]]]}, "properties": {"count": 3, "p": 2e-05, "p_norm": 7.811279487580065e-05, "grid_km": 2.0}}, {"type": "Feature", "geometry": {"type": "Polygon", "coordinates": [[[59.425765540726, 22.92406763900768], [59.4452852881502, 22.92406763900768], [59.4452852881502, 22.9420856570257], [59.425765540726, 22.9420856570257], [59.425765540726, 22.92406763900768]]]}, "properties": {"count": 1, "p": 6.666666666666667e-06, "p_norm": 2.603759829193355e-05, "grid_km": 2.0}}, {"type": "Feature", "geometry": {"type": "Polygon", "coordinates": [[[59.60144326754383, 22.56370727864732], [59.620963014968034, 22.56370727864732], [59.620963014968034, 22.58172529666534], [59.60144326754383, 22.58172529666534], [59.60144326754383, 22.56370727864732]]]}, "properties": {"count": 1, "p": 6.666666666666667e-06, "p_norm": 2.603759829193355e-05, "grid_km": 2.0}}, {"type": "Feature", "geometry": {"type": "Polygon", "coordinates": [[[59.581923520119624, 22.47361718855723], [59.60144326754383, 22.47361718855723], [59.60144326754383, 22.49163520657525], [59.581923520119624, 22.49163520657525], [59.581923520119624, 22.47361718855723]]]}, "properties": {"count": 1, "p": 6.666666666666667e-06, "p_norm": 2.603759829193355e-05, "grid_km": 2.0}}, {"type": "Feature", "geometry": {"type": "Polygon", "coordinates": [[[59.4648050355744, 22.50965322459327], [59.484324782998605, 22.50965322459327], [59.484324782998605, 22.527671242611287], [59.4648050355744, 22.527671242611287], [59.4648050355744, 22.50965322459327]]]}, "properties": {"count": 2, "p": 1.3333333333333333e-05, "p_norm": 5.20751965838671e-05, "grid_km": 2.0}}, {"type": "Feature", "geometry": {"type": "Polygon", "coordinates": [[[59.660002509816444, 22.437581152521197], [59.67952225724065, 22.437581152521197], [59.67952225724065, 22.455599170539216], [59.660002509816444, 22.455599170539216], [59.660002509816444, 22.437581152521197]]]}, "properties": {"count": 1, "p": 6.666666666666667e-06, "p_norm": 2.603759829193355e-05, "grid_km": 2.0}}, {"type": "Feature", "geometry": {"type": "Polygon", "coordinates": [[[59.71856175208905, 22.49163520657525], [59.73808149951326, 22.49163520657525], [59.73808149951326, 22.50965322459327], [59.71856175208905, 22.50965322459327], [59.71856175208905, 22.49163520657525]]]}, "properties": {"count": 2, "p": 1.3333333333333333e-05, "p_norm": 5.20751965838671e-05, "grid_km": 2.0}}, {"type": "Feature", "geometry": {"type": "Polygon", "coordinates": [[[59.54288402527122, 22.707851422791467], [59.562403772695426, 22.707851422791467], [59.562403772695426, 22.725869440809486], [59.54288402527122, 22.725869440809486], [59.54288402527122, 22.707851422791467]]]}, "properties": {"count": 1, "p": 6.666666666666667e-06, "p_norm": 2.603759829193355e-05, "grid_km": 2.0}}, {"type": "Feature", "geometry": {"type": "Polygon", "coordinates": [[[59.308647056180774, 22.65379736873741], [59.32816680360498, 22.65379736873741], [59.32816680360498, 22.67181538675543], [59.308647056180774, 22.67181538675543], [59.308647056180774, 22.65379736873741]]]}, "properties": {"count": 2, "p": 1.3333333333333333e-05, "p_norm": 5.20751965838671e-05, "grid_km": 2.0}}, {"type": "Feature", "geometry": {"type": "Polygon", "coordinates": [[[59.50384453042281, 22.77992349486354], [59.523364277847016, 22.77992349486354], [59.523364277847016, 22.797941512881557], [59.50384453042281, 22.797941512881557], [59.50384453042281, 22.77992349486354]]]}, "properties": {"count": 1, "p": 6.666666666666667e-06, "p_norm": 2.603759829193355e-05, "grid_km": 2.0}}, {"type": "Feature", "geometry": {"type": "Polygon", "coordinates": [[[59.4452852881502, 22.797941512881557], [59.46480503557441, 22.797941512881557], [59.46480503557441, 22.815959530899576], [59.4452852881502, 22.815959530899576], [59.4452852881502, 22.797941512881557]]]}, "properties": {"count": 1, "p": 6.666666666666667e-06, "p_norm": 2.603759829193355e-05, "grid_km": 2.0}}, {"type": "Feature", "geometry": {"type": "Polygon", "coordinates": [[[59.38672604587759, 22.68983340477345], [59.40624579330179, 22.68983340477345], [59.40624579330179, 22.707851422791467], [59.38672604587759, 22.707851422791467], [59.38672604587759, 22.68983340477345]]]}, "properties": {"count": 1, "p": 6.666666666666667e-06, "p_norm": 2.603759829193355e-05, "grid_km": 2.0}}, {"type": "Feature", "geometry": {"type": "Polygon", "coordinates": [[[59.91375922633109, 22.49163520657525], [59.93327897375529, 22.49163520657525], [59.93327897375529, 22.50965322459327], [59.91375922633109, 22.50965322459327], [59.91375922633109, 22.49163520657525]]]}, "properties": {"count": 1, "p": 6.666666666666667e-06, "p_norm": 2.603759829193355e-05, "grid_km": 2.0}}, {"type": "Feature", "geometry": {"type": "Polygon", "coordinates": [[[59.660002509816444, 22.50965322459327], [59.67952225724065, 22.50965322459327], [59.67952225724065, 22.527671242611287], [59.660002509816444, 22.527671242611287], [59.660002509816444, 22.50965322459327]]]}, "properties": {"count": 1, "p": 6.666666666666667e-06, "p_norm": 2.603759829193355e-05, "grid_km": 2.0}}, {"type": "Feature", "geometry": {"type": "Polygon", "coordinates": [[[59.50384453042281, 23.12226583720588], [59.523364277847016, 23.12226583720588], [59.523364277847016, 23.1402838552239], [59.50384453042281, 23.1402838552239], [59.50384453042281, 23.12226583720588]]]}, "properties": {"count": 1, "p": 6.666666666666667e-06, "p_norm": 2.603759829193355e-05, "grid_km": 2.0}}, {"type": "Feature", "geometry": {"type": "Polygon", "coordinates": [[[59.64048276239224, 22.527671242611287], [59.660002509816444, 22.527671242611287], [59.660002509816444, 22.545689260629306], [59.64048276239224, 22.545689260629306], [59.64048276239224, 22.527671242611287]]]}, "properties": {"count": 1, "p": 6.666666666666667e-06, "p_norm": 2.603759829193355e-05, "grid_km": 2.0}}, {"type": "Feature", "geometry": {"type": "Polygon", "coordinates": [[[59.562403772695426, 22.707851422791467], [59.58192352011963, 22.707851422791467], [59.58192352011963, 22.725869440809486], [59.562403772695426, 22.725869440809486], [59.562403772695426, 22.707851422791467]]]}, "properties": {"count": 1, "p": 6.666666666666667e-06, "p_norm": 2.603759829193355e-05, "grid_km": 2.0}}, {"type": "Feature", "geometry": {"type": "Polygon", "coordinates": [[[59.81616048921007, 22.545689260629306], [59.835680236634275, 22.545689260629306], [59.835680236634275, 22.563707278647325], [59.81616048921007, 22.563707278647325], [59.81616048921007, 22.545689260629306]]]}, "properties": {"count": 1, "p": 6.666666666666667e-06, "p_norm": 2.603759829193355e-05, "grid_km": 2.0}}, {"type": "Feature", "geometry": {"type": "Polygon", "coordinates": [[[59.69904200466485, 22.56370727864732], [59.71856175208905, 22.56370727864732], [59.71856175208905, 22.58172529666534], [59.69904200466485, 22.58172529666534], [59.69904200466485, 22.56370727864732]]]}, "properties": {"count": 1, "p": 6.666666666666667e-06, "p_norm": 2.603759829193355e-05, "grid_km": 2.0}}, {"type": "Feature", "geometry": {"type": "Polygon", "coordinates": [[[59.64048276239224, 22.617761332701377], [59.660002509816444, 22.617761332701377], [59.660002509816444, 22.635779350719396], [59.64048276239224, 22.635779350719396], [59.64048276239224, 22.617761332701377]]]}, "properties": {"count": 1, "p": 6.666666666666667e-06, "p_norm": 2.603759829193355e-05, "grid_km": 2.0}}, {"type": "Feature", "geometry": {"type": "Polygon", "coordinates": [[[59.40624579330179, 22.996139711079756], [59.425765540726, 22.996139711079756], [59.425765540726, 23.014157729097775], [59.40624579330179, 23.014157729097775], [59.40624579330179, 22.996139711079756]]]}, "properties": {"count": 1, "p": 6.666666666666667e-06, "p_norm": 2.603759829193355e-05, "grid_km": 2.0}}, {"type": "Feature", "geometry": {"type": "Polygon", "coordinates": [[[59.69904200466485, 22.455599170539216], [59.71856175208905, 22.455599170539216], [59.71856175208905, 22.473617188557235], [59.69904200466485, 22.473617188557235], [59.69904200466485, 22.455599170539216]]]}, "properties": {"count": 1, "p": 6.666666666666667e-06, "p_norm": 2.603759829193355e-05, "grid_km": 2.0}}, {"type": "Feature", "geometry": {"type": "Polygon", "coordinates": [[[60.08943695314892, 22.41956313450318], [60.108956700573124, 22.41956313450318], [60.108956700573124, 22.437581152521197], [60.08943695314892, 22.437581152521197], [60.08943695314892, 22.41956313450318]]]}, "properties": {"count": 1, "p": 6.666666666666667e-06, "p_norm": 2.603759829193355e-05, "grid_km": 2.0}}, {"type": "Feature", "geometry": {"type": "Polygon", "coordinates": [[[59.60144326754383, 22.545689260629306], [59.620963014968034, 22.545689260629306], [59.620963014968034, 22.563707278647325], [59.60144326754383, 22.563707278647325], [59.60144326754383, 22.545689260629306]]]}, "properties": {"count": 1, "p": 6.666666666666667e-06, "p_norm": 2.603759829193355e-05, "grid_km": 2.0}}, {"type": "Feature", "geometry": {"type": "Polygon", "coordinates": [[[59.60144326754383, 22.707851422791467], [59.620963014968034, 22.707851422791467], [59.620963014968034, 22.725869440809486], [59.60144326754383, 22.725869440809486], [59.60144326754383, 22.707851422791467]]]}, "properties": {"count": 1, "p": 6.666666666666667e-06, "p_norm": 2.603759829193355e-05, "grid_km": 2.0}}, {"type": "Feature", "geometry": {"type": "Polygon", "coordinates": [[[59.67952225724064, 22.437581152521197], [59.69904200466485, 22.437581152521197], [59.69904200466485, 22.455599170539216], [59.67952225724064, 22.455599170539216], [59.67952225724064, 22.437581152521197]]]}, "properties": {"count": 1, "p": 6.666666666666667e-06, "p_norm": 2.603759829193355e-05, "grid_km": 2.0}}, {"type": "Feature", "geometry": {"type": "Polygon", "coordinates": [[[59.660002509816444, 22.978121693061738], [59.67952225724065, 22.978121693061738], [59.67952225724065, 22.996139711079756], [59.660002509816444, 22.996139711079756], [59.660002509816444, 22.978121693061738]]]}, "properties": {"count": 1, "p": 6.666666666666667e-06, "p_norm": 2.603759829193355e-05, "grid_km": 2.0}}, {"type": "Feature", "geometry": {"type": "Polygon", "coordinates": [[[60.16751594284574, 22.40154511648516], [60.187035690269944, 22.40154511648516], [60.187035690269944, 22.41956313450318], [60.16751594284574, 22.41956313450318], [60.16751594284574, 22.40154511648516]]]}, "properties": {"count": 1, "p": 6.666666666666667e-06, "p_norm": 2.603759829193355e-05, "grid_km": 2.0}}, {"type": "Feature", "geometry": {"type": "Polygon", "coordinates": [[[59.81616048921007, 22.635779350719396], [59.835680236634275, 22.635779350719396], [59.835680236634275, 22.653797368737415], [59.81616048921007, 22.653797368737415], [59.81616048921007, 22.635779350719396]]]}, "properties": {"count": 1, "p": 6.666666666666667e-06, "p_norm": 2.603759829193355e-05, "grid_km": 2.0}}, {"type": "Feature", "geometry": {"type": "Polygon", "coordinates": [[[59.67952225724064, 22.67181538675543], [59.69904200466485, 22.67181538675543], [59.69904200466485, 22.68983340477345], [59.67952225724064, 22.68983340477345], [59.67952225724064, 22.67181538675543]]]}, "properties": {"count": 1, "p": 6.666666666666667e-06, "p_norm": 2.603759829193355e-05, "grid_km": 2.0}}, {"type": "Feature", "geometry": {"type": "Polygon", "coordinates": [[[59.69904200466485, 22.437581152521197], [59.71856175208905, 22.437581152521197], [59.71856175208905, 22.455599170539216], [59.69904200466485, 22.455599170539216], [59.69904200466485, 22.437581152521197]]]}, "properties": {"count": 2, "p": 1.3333333333333333e-05, "p_norm": 5.20751965838671e-05, "grid_km": 2.0}}, {"type": "Feature", "geometry": {"type": "Polygon", "coordinates": [[[59.93327897375529, 22.50965322459327], [59.9527987211795, 22.50965322459327], [59.9527987211795, 22.527671242611287], [59.93327897375529, 22.527671242611287], [59.93327897375529, 22.50965322459327]]]}, "properties": {"count": 1, "p": 6.666666666666667e-06, "p_norm": 2.603759829193355e-05, "grid_km": 2.0}}, {"type": "Feature", "geometry": {"type": "Polygon", "coordinates": [[[59.67952225724064, 22.527671242611287], [59.69904200466485, 22.527671242611287], [59.69904200466485, 22.545689260629306], [59.67952225724064, 22.545689260629306], [59.67952225724064, 22.527671242611287]]]}, "properties": {"count": 1, "p": 6.666666666666667e-06, "p_norm": 2.603759829193355e-05, "grid_km": 2.0}}, {"type": "Feature", "geometry": {"type": "Polygon", "coordinates": [[[59.54288402527122, 23.32046403540408], [59.562403772695426, 23.32046403540408], [59.562403772695426, 23.338482053422098], [59.54288402527122, 23.338482053422098], [59.54288402527122, 23.32046403540408]]]}, "properties": {"count": 1, "p": 6.666666666666667e-06, "p_norm": 2.603759829193355e-05, "grid_km": 2.0}}, {"type": "Feature", "geometry": {"type": "Polygon", "coordinates": [[[59.581923520119624, 22.707851422791467], [59.60144326754383, 22.707851422791467], [59.60144326754383, 22.725869440809486], [59.581923520119624, 22.725869440809486], [59.581923520119624, 22.707851422791467]]]}, "properties": {"count": 1, "p": 6.666666666666667e-06, "p_norm": 2.603759829193355e-05, "grid_km": 2.0}}, {"type": "Feature", "geometry": {"type": "Polygon", "coordinates": [[[59.85519998405848, 22.49163520657525], [59.874719731482685, 22.49163520657525], [59.874719731482685, 22.50965322459327], [59.85519998405848, 22.50965322459327], [59.85519998405848, 22.49163520657525]]]}, "properties": {"count": 1, "p": 6.666666666666667e-06, "p_norm": 2.603759829193355e-05, "grid_km": 2.0}}, {"type": "Feature", "geometry": {"type": "Polygon", "coordinates": [[[59.77712099436166, 22.58172529666534], [59.796640741785865, 22.58172529666534], [59.796640741785865, 22.59974331468336], [59.77712099436166, 22.59974331468336], [59.77712099436166, 22.58172529666534]]]}, "properties": {"count": 1, "p": 6.666666666666667e-06, "p_norm": 2.603759829193355e-05, "grid_km": 2.0}}, {"type": "Feature", "geometry": {"type": "Polygon", "coordinates": [[[59.796640741785865, 22.50965322459327], [59.81616048921007, 22.50965322459327], [59.81616048921007, 22.527671242611287], [59.796640741785865, 22.527671242611287], [59.796640741785865, 22.50965322459327]]]}, "properties": {"count": 1, "p": 6.666666666666667e-06, "p_norm": 2.603759829193355e-05, "grid_km": 2.0}}, {"type": "Feature", "geometry": {"type": "Polygon", "coordinates": [[[60.06991720572472, 22.58172529666534], [60.089436953148926, 22.58172529666534], [60.089436953148926, 22.59974331468336], [60.06991720572472, 22.59974331468336], [60.06991720572472, 22.58172529666534]]]}, "properties": {"count": 1, "p": 6.666666666666667e-06, "p_norm": 2.603759829193355e-05, "grid_km": 2.0}}, {"type": "Feature", "geometry": {"type": "Polygon", "coordinates": [[[59.71856175208905, 22.40154511648516], [59.73808149951326, 22.40154511648516], [59.73808149951326, 22.41956313450318], [59.71856175208905, 22.41956313450318], [59.71856175208905, 22.40154511648516]]]}, "properties": {"count": 1, "p": 6.666666666666667e-06, "p_norm": 2.603759829193355e-05, "grid_km": 2.0}}, {"type": "Feature", "geometry": {"type": "Polygon", "coordinates": [[[59.75760124693746, 22.47361718855723], [59.77712099436167, 22.47361718855723], [59.77712099436167, 22.49163520657525], [59.75760124693746, 22.49163520657525], [59.75760124693746, 22.47361718855723]]]}, "properties": {"count": 1, "p": 6.666666666666667e-06, "p_norm": 2.603759829193355e-05, "grid_km": 2.0}}, {"type": "Feature", "geometry": {"type": "Polygon", "coordinates": [[[59.425765540726, 22.50965322459327], [59.4452852881502, 22.50965322459327], [59.4452852881502, 22.527671242611287], [59.425765540726, 22.527671242611287], [59.425765540726, 22.50965322459327]]]}, "properties": {"count": 1, "p": 6.666666666666667e-06, "p_norm": 2.603759829193355e-05, "grid_km": 2.0}}, {"type": "Feature", "geometry": {"type": "Polygon", "coordinates": [[[59.4452852881502, 22.49163520657525], [59.46480503557441, 22.49163520657525], [59.46480503557441, 22.50965322459327], [59.4452852881502, 22.50965322459327], [59.4452852881502, 22.49163520657525]]]}, "properties": {"count": 1, "p": 6.666666666666667e-06, "p_norm": 2.603759829193355e-05, "grid_km": 2.0}}, {"type": "Feature", "geometry": {"type": "Polygon", "coordinates": [[[59.9527987211795, 22.545689260629306], [59.9723184686037, 22.545689260629306], [59.9723184686037, 22.563707278647325], [59.9527987211795, 22.563707278647325], [59.9527987211795, 22.545689260629306]]]}, "properties": {"count": 1, "p": 6.666666666666667e-06, "p_norm": 2.603759829193355e-05, "grid_km": 2.0}}, {"type": "Feature", "geometry": {"type": "Polygon", "coordinates": [[[59.69904200466485, 22.49163520657525], [59.71856175208905, 22.49163520657525], [59.71856175208905, 22.50965322459327], [59.69904200466485, 22.50965322459327], [59.69904200466485, 22.49163520657525]]]}, "properties": {"count": 2, "p": 1.3333333333333333e-05, "p_norm": 5.20751965838671e-05, "grid_km": 2.0}}, {"type": "Feature", "geometry": {"type": "Polygon", "coordinates": [[[60.24559493254255, 22.59974331468336], [60.26511467996676, 22.59974331468336], [60.26511467996676, 22.617761332701377], [60.24559493254255, 22.617761332701377], [60.24559493254255, 22.59974331468336]]]}, "properties": {"count": 1, "p": 6.666666666666667e-06, "p_norm": 2.603759829193355e-05, "grid_km": 2.0}}, {"type": "Feature", "geometry": {"type": "Polygon", "coordinates": [[[59.9918382160279, 22.527671242611287], [60.011357963452106, 22.527671242611287], [60.011357963452106, 22.545689260629306], [59.9918382160279, 22.545689260629306], [59.9918382160279, 22.527671242611287]]]}, "properties": {"count": 1, "p": 6.666666666666667e-06, "p_norm": 2.603759829193355e-05, "grid_km": 2.0}}, {"type": "Feature", "geometry": {"type": "Polygon", "coordinates": [[[60.050397458300516, 22.707851422791467], [60.06991720572472, 22.707851422791467], [60.06991720572472, 22.725869440809486], [60.050397458300516, 22.725869440809486], [60.050397458300516, 22.707851422791467]]]}, "properties": {"count": 1, "p": 6.666666666666667e-06, "p_norm": 2.603759829193355e-05, "grid_km": 2.0}}, {"type": "Feature", "geometry": {"type": "Polygon", "coordinates": [[[59.660002509816444, 22.527671242611287], [59.67952225724065, 22.527671242611287], [59.67952225724065, 22.545689260629306], [59.660002509816444, 22.545689260629306], [59.660002509816444, 22.527671242611287]]]}, "properties": {"count": 1, "p": 6.666666666666667e-06, "p_norm": 2.603759829193355e-05, "grid_km": 2.0}}, {"type": "Feature", "geometry": {"type": "Polygon", "coordinates": [[[59.73808149951326, 22.725869440809486], [59.75760124693746, 22.725869440809486], [59.75760124693746, 22.743887458827505], [59.73808149951326, 22.743887458827505], [59.73808149951326, 22.725869440809486]]]}, "properties": {"count": 1, "p": 6.666666666666667e-06, "p_norm": 2.603759829193355e-05, "grid_km": 2.0}}, {"type": "Feature", "geometry": {"type": "Polygon", "coordinates": [[[59.660002509816444, 22.59974331468336], [59.67952225724065, 22.59974331468336], [59.67952225724065, 22.617761332701377], [59.660002509816444, 22.617761332701377], [59.660002509816444, 22.59974331468336]]]}, "properties": {"count": 1, "p": 6.666666666666667e-06, "p_norm": 2.603759829193355e-05, "grid_km": 2.0}}, {"type": "Feature", "geometry": {"type": "Polygon", "coordinates": [[[59.347686551029184, 22.9420856570257], [59.36720629845339, 22.9420856570257], [59.36720629845339, 22.96010367504372], [59.347686551029184, 22.96010367504372], [59.347686551029184, 22.9420856570257]]]}, "properties": {"count": 1, "p": 6.666666666666667e-06, "p_norm": 2.603759829193355e-05, "grid_km": 2.0}}, {"type": "Feature", "geometry": {"type": "Polygon", "coordinates": [[[59.69904200466485, 22.65379736873741], [59.71856175208905, 22.65379736873741], [59.71856175208905, 22.67181538675543], [59.69904200466485, 22.67181538675543], [59.69904200466485, 22.65379736873741]]]}, "properties": {"count": 1, "p": 6.666666666666667e-06, "p_norm": 2.603759829193355e-05, "grid_km": 2.0}}, {"type": "Feature", "geometry": {"type": "Polygon", "coordinates": [[[59.425765540726, 22.725869440809486], [59.4452852881502, 22.725869440809486], [59.4452852881502, 22.743887458827505], [59.425765540726, 22.743887458827505], [59.425765540726, 22.725869440809486]]]}, "properties": {"count": 1, "p": 6.666666666666667e-06, "p_norm": 2.603759829193355e-05, "grid_km": 2.0}}, {"type": "Feature", "geometry": {"type": "Polygon", "coordinates": [[[59.67952225724064, 22.65379736873741], [59.69904200466485, 22.65379736873741], [59.69904200466485, 22.67181538675543], [59.67952225724064, 22.67181538675543], [59.67952225724064, 22.65379736873741]]]}, "properties": {"count": 1, "p": 6.666666666666667e-06, "p_norm": 2.603759829193355e-05, "grid_km": 2.0}}, {"type": "Feature", "geometry": {"type": "Polygon", "coordinates": [[[59.484324782998605, 22.707851422791467], [59.50384453042281, 22.707851422791467], [59.50384453042281, 22.725869440809486], [59.484324782998605, 22.725869440809486], [59.484324782998605, 22.707851422791467]]]}, "properties": {"count": 1, "p": 6.666666666666667e-06, "p_norm": 2.603759829193355e-05, "grid_km": 2.0}}, {"type": "Feature", "geometry": {"type": "Polygon", "coordinates": [[[59.60144326754383, 22.527671242611287], [59.620963014968034, 22.527671242611287], [59.620963014968034, 22.545689260629306], [59.60144326754383, 22.545689260629306], [59.60144326754383, 22.527671242611287]]]}, "properties": {"count": 1, "p": 6.666666666666667e-06, "p_norm": 2.603759829193355e-05, "grid_km": 2.0}}, {"type": "Feature", "geometry": {"type": "Polygon", "coordinates": [[[59.67952225724064, 22.49163520657525], [59.69904200466485, 22.49163520657525], [59.69904200466485, 22.50965322459327], [59.67952225724064, 22.50965322459327], [59.67952225724064, 22.49163520657525]]]}, "properties": {"count": 1, "p": 6.666666666666667e-06, "p_norm": 2.603759829193355e-05, "grid_km": 2.0}}, {"type": "Feature", "geometry": {"type": "Polygon", "coordinates": [[[59.972318468603696, 22.50965322459327], [59.9918382160279, 22.50965322459327], [59.9918382160279, 22.527671242611287], [59.972318468603696, 22.527671242611287], [59.972318468603696, 22.50965322459327]]]}, "properties": {"count": 1, "p": 6.666666666666667e-06, "p_norm": 2.603759829193355e-05, "grid_km": 2.0}}, {"type": "Feature", "geometry": {"type": "Polygon", "coordinates": [[[59.32816680360498, 22.59974331468336], [59.347686551029184, 22.59974331468336], [59.347686551029184, 22.617761332701377], [59.32816680360498, 22.617761332701377], [59.32816680360498, 22.59974331468336]]]}, "properties": {"count": 1, "p": 6.666666666666667e-06, "p_norm": 2.603759829193355e-05, "grid_km": 2.0}}, {"type": "Feature", "geometry": {"type": "Polygon", "coordinates": [[[59.972318468603696, 22.455599170539216], [59.9918382160279, 22.455599170539216], [59.9918382160279, 22.473617188557235], [59.972318468603696, 22.473617188557235], [59.972318468603696, 22.455599170539216]]]}, "properties": {"count": 1, "p": 6.666666666666667e-06, "p_norm": 2.603759829193355e-05, "grid_km": 2.0}}, {"type": "Feature", "geometry": {"type": "Polygon", "coordinates": [[[59.796640741785865, 22.49163520657525], [59.81616048921007, 22.49163520657525], [59.81616048921007, 22.50965322459327], [59.796640741785865, 22.50965322459327], [59.796640741785865, 22.49163520657525]]]}, "properties": {"count": 1, "p": 6.666666666666667e-06, "p_norm": 2.603759829193355e-05, "grid_km": 2.0}}, {"type": "Feature", "geometry": {"type": "Polygon", "coordinates": [[[59.620963014968034, 22.83397754891759], [59.64048276239224, 22.83397754891759], [59.64048276239224, 22.85199556693561], [59.620963014968034, 22.85199556693561], [59.620963014968034, 22.83397754891759]]]}, "properties": {"count": 1, "p": 6.666666666666667e-06, "p_norm": 2.603759829193355e-05, "grid_km": 2.0}}, {"type": "Feature", "geometry": {"type": "Polygon", "coordinates": [[[59.835680236634275, 22.545689260629306], [59.85519998405848, 22.545689260629306], [59.85519998405848, 22.563707278647325], [59.835680236634275, 22.563707278647325], [59.835680236634275, 22.545689260629306]]]}, "properties": {"count": 1, "p": 6.666666666666667e-06, "p_norm": 2.603759829193355e-05, "grid_km": 2.0}}, {"type": "Feature", "geometry": {"type": "Polygon", "coordinates": [[[59.91375922633109, 22.47361718855723], [59.93327897375529, 22.47361718855723], [59.93327897375529, 22.49163520657525], [59.91375922633109, 22.49163520657525], [59.91375922633109, 22.47361718855723]]]}, "properties": {"count": 1, "p": 6.666666666666667e-06, "p_norm": 2.603759829193355e-05, "grid_km": 2.0}}, {"type": "Feature", "geometry": {"type": "Polygon", "coordinates": [[[59.73808149951326, 22.50965322459327], [59.75760124693746, 22.50965322459327], [59.75760124693746, 22.527671242611287], [59.73808149951326, 22.527671242611287], [59.73808149951326, 22.50965322459327]]]}, "properties": {"count": 1, "p": 6.666666666666667e-06, "p_norm": 2.603759829193355e-05, "grid_km": 2.0}}, {"type": "Feature", "geometry": {"type": "Polygon", "coordinates": [[[59.73808149951326, 22.41956313450318], [59.75760124693746, 22.41956313450318], [59.75760124693746, 22.437581152521197], [59.73808149951326, 22.437581152521197], [59.73808149951326, 22.41956313450318]]]}, "properties": {"count": 1, "p": 6.666666666666667e-06, "p_norm": 2.603759829193355e-05, "grid_km": 2.0}}, {"type": "Feature", "geometry": {"type": "Polygon", "coordinates": [[[59.54288402527122, 22.67181538675543], [59.562403772695426, 22.67181538675543], [59.562403772695426, 22.68983340477345], [59.54288402527122, 22.68983340477345], [59.54288402527122, 22.67181538675543]]]}, "properties": {"count": 1, "p": 6.666666666666667e-06, "p_norm": 2.603759829193355e-05, "grid_km": 2.0}}, {"type": "Feature", "geometry": {"type": "Polygon", "coordinates": [[[59.73808149951326, 22.68983340477345], [59.75760124693746, 22.68983340477345], [59.75760124693746, 22.707851422791467], [59.73808149951326, 22.707851422791467], [59.73808149951326, 22.68983340477345]]]}, "properties": {"count": 1, "p": 6.666666666666667e-06, "p_norm": 2.603759829193355e-05, "grid_km": 2.0}}, {"type": "Feature", "geometry": {"type": "Polygon", "coordinates": [[[59.71856175208905, 22.59974331468336], [59.73808149951326, 22.59974331468336], [59.73808149951326, 22.617761332701377], [59.71856175208905, 22.617761332701377], [59.71856175208905, 22.59974331468336]]]}, "properties": {"count": 1, "p": 6.666666666666667e-06, "p_norm": 2.603759829193355e-05, "grid_km": 2.0}}, {"type": "Feature", "geometry": {"type": "Polygon", "coordinates": [[[59.425765540726, 22.96010367504372], [59.4452852881502, 22.96010367504372], [59.4452852881502, 22.978121693061738], [59.425765540726, 22.978121693061738], [59.425765540726, 22.96010367504372]]]}, "properties": {"count": 1, "p": 6.666666666666667e-06, "p_norm": 2.603759829193355e-05, "grid_km": 2.0}}]}