tile,scene_id,hab_label_final2,month_key,region_key,p_fused,yhat,thr_star
S2A_MSIL2A_20170825T065621_R063_T39QXG_20210201T094547_0000.jpg,S2A_MSIL2A_20170825T065621_R063_T39QXG_20210201T094547,1,2017-08,T39QXG,0.942534470663413,1,0.7593347463562558
S2B_MSIL2A_20170820T065619_R063_T39QXG_20201015T042237_0000.jpg,S2B_MSIL2A_20170820T065619_R063_T39QXG_20201015T042237,0,2017-08,T39QXG,0.3382507062906842,0,0.7593347463562558
S2A_MSIL2A_20170805T065621_R063_T39QXG_20210210T194556_0000.jpg,S2A_MSIL2A_20170805T065621_R063_T39QXG_20210210T194556,0,2017-08,T39QXG,0.04611420679485564,0,0.7593347463562558
S2B_MSIL2A_20170731T065619_R063_T39QXG_20210210T172720_0000.jpg,S2B_MSIL2A_20170731T065619_R063_T39QXG_20210210T172720,1,2017-07,T39QXG,0.8590623996914957,1,0.7593347463562558
S2A_MSIL2A_20170626T065621_R063_T39QXG_20210210T014612_0000.jpg,S2A_MSIL2A_20170626T065621_R063_T39QXG_20210210T014612,0,2017-06,T39QXG,0.6338649269106676,0,0.7593347463562558
S2A_MSIL2A_20180929T065651_R063_T39QXG_20201009T060705_0000.jpg,S2A_MSIL2A_20180929T065651_R063_T39QXG_20201009T060705,0,2018-09,T39QXG,0.756872766078246,0,0.7593347463562558
S2B_MSIL2A_20180924T065619_R063_T39QXG_20201009T042750_0000.jpg,S2B_MSIL2A_20180924T065619_R063_T39QXG_20201009T042750,0,2018-09,T39QXG,0.7588963617228444,0,0.7593347463562558
S2A_MSIL2A_20180919T065621_R063_T39QXG_20201009T024121_0000.jpg,S2A_MSIL2A_20180919T065621_R063_T39QXG_20201009T024121,0,2018-09,T39QXG,0.0663557090105778,0,0.7593347463562558
S2B_MSIL2A_20180914T065619_R063_T39QXG_20201009T011434_0000.jpg,S2B_MSIL2A_20180914T065619_R063_T39QXG_20201009T011434,0,2018-09,T39QXG,0.07177303047300838,0,0.7593347463562558
S2A_MSIL2A_20180909T065621_R063_T39QXG_20201008T231028_0000.jpg,S2A_MSIL2A_20180909T065621_R063_T39QXG_20201008T231028,1,2018-09,T39QXG,0.9624878692392527,1,0.7593347463562558
S2B_MSIL2A_20180904T065619_R063_T39QXG_20201011T083613_0000.jpg,S2B_MSIL2A_20180904T065619_R063_T39QXG_20201011T083613,0,2018-09,T39QXG,0.6909434737562756,0,0.7593347463562558
S2A_MSIL2A_20180830T065621_R063_T39QXG_20201103T141110_0000.jpg,S2A_MSIL2A_20180830T065621_R063_T39QXG_20201103T141110,1,2018-08,T39QXG,0.9595034973367413,1,0.7593347463562558
S2A_MSIL2A_20180820T065621_R063_T39QXG_20201011T042051_0000.jpg,S2A_MSIL2A_20180820T065621_R063_T39QXG_20201011T042051,0,2018-08,T39QXG,0.16792462227254543,0,0.7593347463562558
S2B_MSIL2A_20180815T065729_R063_T39QXG_20201011T021229_0000.jpg,S2B_MSIL2A_20180815T065729_R063_T39QXG_20201011T021229,0,2018-08,T39QXG,0.17041168892173417,0,0.7593347463562558
S2B_MSIL2A_20180716T065619_R063_T39QXG_20201011T163441_0000.jpg,S2B_MSIL2A_20180716T065619_R063_T39QXG_20201011T163441,0,2018-07,T39QXG,0.12000217944629478,0,0.7593347463562558
S2A_MSIL2A_20180701T065621_R063_T39QXG_20201011T104015_0000.jpg,S2A_MSIL2A_20180701T065621_R063_T39QXG_20201011T104015,1,2018-07,T39QXG,0.9683687861128516,1,0.7593347463562558
S2A_MSIL2A_20190825T065621_R063_T39QXG_20201005T043538_0000.jpg,S2A_MSIL2A_20190825T065621_R063_T39QXG_20201005T043538,1,2019-08,T39QXG,0.8557781178915077,1,0.7593347463562558
S2B_MSIL2A_20190701T065629_R063_T39QXG_20201005T075203_0000.jpg,S2B_MSIL2A_20190701T065629_R063_T39QXG_20201005T075203,1,2019-07,T39QXG,0.673297628427772,0,0.7593347463562558
S2A_MSIL2A_20200928T065651_R063_T39QXG_20201001T020408_0000.jpg,S2A_MSIL2A_20200928T065651_R063_T39QXG_20201001T020408,1,2020-09,T39QXG,0.9045882703402827,1,0.7593347463562558
S2B_MSIL2A_20200923T065629_R063_T39QXG_20201028T044418_0000.jpg,S2B_MSIL2A_20200923T065629_R063_T39QXG_20201028T044418,1,2020-09,T39QXG,0.9058091057921112,1,0.7593347463562558
S2A_MSIL2A_20200918T065631_R063_T39QXG_20200921T101042_0000.jpg,S2A_MSIL2A_20200918T065631_R063_T39QXG_20200921T101042,1,2020-09,T39QXG,0.8258887001955518,1,0.7593347463562558
S2B_MSIL2A_20200913T065629_R063_T39QXG_20201027T093056_0000.jpg,S2B_MSIL2A_20200913T065629_R063_T39QXG_20201027T093056,1,2020-09,T39QXG,0.8298150821948502,1,0.7593347463562558
S2A_MSIL2A_20200908T065631_R063_T39QXG_20201027T154720_0000.jpg,S2A_MSIL2A_20200908T065631_R063_T39QXG_20201027T154720,0,2020-09,T39QXG,0.05253090507171437,0,0.7593347463562558
S2A_MSIL2A_20200730T065631_R063_T39QXG_20200818T030617_0000.jpg,S2A_MSIL2A_20200730T065631_R063_T39QXG_20200818T030617,1,2020-07,T39QXG,0.9775078438176967,1,0.7593347463562558
S2B_MSIL2A_20200725T065629_R063_T39QXG_20200817T124238_0000.jpg,S2B_MSIL2A_20200725T065629_R063_T39QXG_20200817T124238,0,2020-07,T39QXG,0.07780629795308582,0,0.7593347463562558
S2B_MSIL2A_20200715T065629_R063_T39QXG_20200919T085206_0000.jpg,S2B_MSIL2A_20200715T065629_R063_T39QXG_20200919T085206,0,2020-07,T39QXG,0.0434144830935479,0,0.7593347463562558
S2A_MSIL2A_20200710T065631_R063_T39QXG_20200912T162127_0000.jpg,S2A_MSIL2A_20200710T065631_R063_T39QXG_20200912T162127,0,2020-07,T39QXG,0.06660945867373244,0,0.7593347463562558
S2A_MSIL2A_20200630T065631_R063_T39QXG_20200824T160716_0000.jpg,S2A_MSIL2A_20200630T065631_R063_T39QXG_20200824T160716,1,2020-06,T39QXG,0.6687022875673653,0,0.7593347463562558
S2A_MSIL2A_20210923T065631_R063_T39QXG_20210924T013326_0000.jpg,S2A_MSIL2A_20210923T065631_R063_T39QXG_20210924T013326,1,2021-09,T39QXG,0.8585670351148028,1,0.7593347463562558
S2B_MSIL2A_20210918T065619_R063_T39QXG_20210918T182437_0000.jpg,S2B_MSIL2A_20210918T065619_R063_T39QXG_20210918T182437,1,2021-09,T39QXG,0.9209733976923777,1,0.7593347463562558
S2A_MSIL2A_20210913T065621_R063_T39QXG_20210913T211924_0000.jpg,S2A_MSIL2A_20210913T065621_R063_T39QXG_20210913T211924,0,2021-09,T39QXG,0.1797763849977507,0,0.7593347463562558
S2B_MSIL2A_20210908T065619_R063_T39QXG_20210908T213712_0000.jpg,S2B_MSIL2A_20210908T065619_R063_T39QXG_20210908T213712,0,2021-09,T39QXG,0.218827720183724,0,0.7593347463562558
S2A_MSIL2A_20210903T065621_R063_T39QXG_20210903T164501_0000.jpg,S2A_MSIL2A_20210903T065621_R063_T39QXG_20210903T164501,0,2021-09,T39QXG,0.026747573640183164,0,0.7593347463562558
S2B_MSIL2A_20210829T065619_R063_T39QXG_20210829T203957_0000.jpg,S2B_MSIL2A_20210829T065619_R063_T39QXG_20210829T203957,0,2021-08,T39QXG,0.12709338278844284,0,0.7593347463562558
S2A_MSIL2A_20210824T065621_R063_T39QXG_20210824T155101_0000.jpg,S2A_MSIL2A_20210824T065621_R063_T39QXG_20210824T155101,0,2021-08,T39QXG,0.04240906554297055,0,0.7593347463562558
S2B_MSIL2A_20210819T065619_R063_T39QXG_20210819T181500_0000.jpg,S2B_MSIL2A_20210819T065619_R063_T39QXG_20210819T181500,0,2021-08,T39QXG,0.07357259924923296,0,0.7593347463562558
S2A_MSIL2A_20210814T065631_R063_T39QXG_20210814T183828_0000.jpg,S2A_MSIL2A_20210814T065631_R063_T39QXG_20210814T183828,0,2021-08,T39QXG,0.069210823035249,0,0.7593347463562558
S2A_MSIL2A_20210804T065631_R063_T39QXG_20210804T174443_0000.jpg,S2A_MSIL2A_20210804T065631_R063_T39QXG_20210804T174443,1,2021-08,T39QXG,0.9036035950556788,1,0.7593347463562558
S2A_MSIL2A_20210725T065631_R063_T39QXG_20210726T051413_0000.jpg,S2A_MSIL2A_20210725T065631_R063_T39QXG_20210726T051413,0,2021-07,T39QXG,0.5995133782893478,0,0.7593347463562558
S2B_MSIL2A_20210720T065629_R063_T39QXG_20210720T171952_0000.jpg,S2B_MSIL2A_20210720T065629_R063_T39QXG_20210720T171952,0,2021-07,T39QXG,0.5855413185802727,0,0.7593347463562558
S2B_MSIL2A_20210630T065629_R063_T39QXG_20210701T040612_0000.jpg,S2B_MSIL2A_20210630T065629_R063_T39QXG_20210701T040612,1,2021-06,T39QXG,0.8123891640532621,1,0.7593347463562558
S2A_MSIL2A_20220928T065651_R063_T39QXG_20240730T192859_0000.jpg,S2A_MSIL2A_20220928T065651_R063_T39QXG_20240730T192859,1,2022-09,T39QXG,0.9786028210686385,1,0.7593347463562558
S2B_MSIL2A_20220923T065629_R063_T39QXG_20240725T151945_0000.jpg,S2B_MSIL2A_20220923T065629_R063_T39QXG_20240725T151945,1,2022-09,T39QXG,0.9830644052316132,1,0.7593347463562558
S2B_MSIL2A_20220923T065629_R063_T39QXG_20220924T000152_0000.jpg,S2B_MSIL2A_20220923T065629_R063_T39QXG_20220924T000152,1,2022-09,T39QXG,0.9811043538732023,1,0.7593347463562558
S2A_MSIL2A_20220918T065631_R063_T39QXG_20240729T142658_0000.jpg,S2A_MSIL2A_20220918T065631_R063_T39QXG_20240729T142658,0,2022-09,T39QXG,0.5771630379711602,0,0.7593347463562558
S2A_MSIL2A_20220918T065631_R063_T39QXG_20220919T032927_0000.jpg,S2A_MSIL2A_20220918T065631_R063_T39QXG_20220919T032927,0,2022-09,T39QXG,0.6229167985949229,0,0.7593347463562558
S2B_MSIL2A_20220913T065629_R063_T39QXG_20220913T171218_0000.jpg,S2B_MSIL2A_20220913T065629_R063_T39QXG_20220913T171218,0,2022-09,T39QXG,0.04431453414178545,0,0.7593347463562558
S2A_MSIL2A_20220908T065631_R063_T39QXG_20220911T052036_0000.jpg,S2A_MSIL2A_20220908T065631_R063_T39QXG_20220911T052036,0,2022-09,T39QXG,0.035125150216467754,0,0.7593347463562558
S2B_MSIL2A_20220903T065629_R063_T39QXG_20220903T175254_0000.jpg,S2B_MSIL2A_20220903T065629_R063_T39QXG_20220903T175254,0,2022-09,T39QXG,0.038822164662029,0,0.7593347463562558
S2A_MSIL2A_20220829T065641_R063_T39QXG_20240718T033121_0000.jpg,S2A_MSIL2A_20220829T065641_R063_T39QXG_20240718T033121,0,2022-08,T39QXG,0.41498157876628206,0,0.7593347463562558
S2A_MSIL2A_20220819T065641_R063_T39QXG_20240720T015827_0000.jpg,S2A_MSIL2A_20220819T065641_R063_T39QXG_20240720T015827,1,2022-08,T39QXG,0.923280865547679,1,0.7593347463562558
S2A_MSIL2A_20220819T065641_R063_T39QXG_20220819T215726_0000.jpg,S2A_MSIL2A_20220819T065641_R063_T39QXG_20220819T215726,1,2022-08,T39QXG,0.927352286178049,1,0.7593347463562558
S2B_MSIL2A_20220814T065629_R063_T39QXG_20240704T011425_0000.jpg,S2B_MSIL2A_20220814T065629_R063_T39QXG_20240704T011425,1,2022-08,T39QXG,0.90695152752701,1,0.7593347463562558
S2B_MSIL2A_20220814T065629_R063_T39QXG_20220814T151723_0000.jpg,S2B_MSIL2A_20220814T065629_R063_T39QXG_20220814T151723,1,2022-08,T39QXG,0.9231091298955864,1,0.7593347463562558
S2B_MSIL2A_20230928T065649_R063_T39QXG_20241102T043937_0000.jpg,S2B_MSIL2A_20230928T065649_R063_T39QXG_20241102T043937,1,2023-09,T39QXG,0.9509207513119945,1,0.7593347463562558
S2B_MSIL2A_20230928T065649_R063_T39QXG_20230928T122354_0000.jpg,S2B_MSIL2A_20230928T065649_R063_T39QXG_20230928T122354,1,2023-09,T39QXG,0.9458787609744541,1,0.7593347463562558
S2A_MSIL2A_20230923T065621_R063_T39QXG_20241028T071613_0000.jpg,S2A_MSIL2A_20230923T065621_R063_T39QXG_20241028T071613,1,2023-09,T39QXG,0.9542335115745165,1,0.7593347463562558
S2A_MSIL2A_20230923T065621_R063_T39QXG_20230923T121348_0000.jpg,S2A_MSIL2A_20230923T065621_R063_T39QXG_20230923T121348,1,2023-09,T39QXG,0.9628083980406542,1,0.7593347463562558
S2B_MSIL2A_20230918T065629_R063_T39QXG_20241025T081232_0000.jpg,S2B_MSIL2A_20230918T065629_R063_T39QXG_20241025T081232,0,2023-09,T39QXG,0.10470456879271922,0,0.7593347463562558
S2B_MSIL2A_20230918T065629_R063_T39QXG_20230918T153259_0000.jpg,S2B_MSIL2A_20230918T065629_R063_T39QXG_20230918T153259,0,2023-09,T39QXG,0.1203393335123586,0,0.7593347463562558
S2A_MSIL2A_20230913T065631_R063_T39QXG_20230913T132300_0000.jpg,S2A_MSIL2A_20230913T065631_R063_T39QXG_20230913T132300,1,2023-09,T39QXG,0.929481006511808,1,0.7593347463562558
S2B_MSIL2A_20230908T065629_R063_T39QXG_20241023T151834_0000.jpg,S2B_MSIL2A_20230908T065629_R063_T39QXG_20241023T151834,1,2023-09,T39QXG,0.9144446073567621,1,0.7593347463562558
S2B_MSIL2A_20230908T065629_R063_T39QXG_20230908T143733_0000.jpg,S2B_MSIL2A_20230908T065629_R063_T39QXG_20230908T143733,1,2023-09,T39QXG,0.9139406749460833,1,0.7593347463562558
S2A_MSIL2A_20230903T065631_R063_T39QXG_20241030T165920_0000.jpg,S2A_MSIL2A_20230903T065631_R063_T39QXG_20241030T165920,0,2023-09,T39QXG,0.08245300238188709,0,0.7593347463562558
S2A_MSIL2A_20230903T065631_R063_T39QXG_20230903T134044_0000.jpg,S2A_MSIL2A_20230903T065631_R063_T39QXG_20230903T134044,0,2023-09,T39QXG,0.08154786645960913,0,0.7593347463562558
S2B_MSIL2A_20230829T065629_R063_T39QXG_20230829T131134_0000.jpg,S2B_MSIL2A_20230829T065629_R063_T39QXG_20230829T131134,0,2023-08,T39QXG,0.060191264137748876,0,0.7593347463562558
S2A_MSIL2A_20230824T065631_R063_T39QXG_20241025T152112_0000.jpg,S2A_MSIL2A_20230824T065631_R063_T39QXG_20241025T152112,1,2023-08,T39QXG,0.957532730279192,1,0.7593347463562558
S2A_MSIL2A_20230824T065631_R063_T39QXG_20230824T150407_0000.jpg,S2A_MSIL2A_20230824T065631_R063_T39QXG_20230824T150407,1,2023-08,T39QXG,0.9554896004101624,1,0.7593347463562558
S2A_MSIL2A_20240927T065641_R063_T39QXG_20240927T112652_0000.jpg,S2A_MSIL2A_20240927T065641_R063_T39QXG_20240927T112652,1,2024-09,T39QXG,0.9742980694687031,1,0.7593347463562558
S2B_MSIL2A_20240922T065619_R063_T39QXG_20240922T102739_0000.jpg,S2B_MSIL2A_20240922T065619_R063_T39QXG_20240922T102739,1,2024-09,T39QXG,0.9757579260203068,1,0.7593347463562558
S2B_MSIL2A_20240912T065619_R063_T39QXG_20240912T130211_0000.jpg,S2B_MSIL2A_20240912T065619_R063_T39QXG_20240912T130211,0,2024-09,T39QXG,0.021026470107078404,0,0.7593347463562558
S2A_MSIL2A_20240907T065621_R063_T39QXG_20240907T115459_0000.jpg,S2A_MSIL2A_20240907T065621_R063_T39QXG_20240907T115459,0,2024-09,T39QXG,0.01817463201814304,0,0.7593347463562558
S2B_MSIL2A_20240902T065629_R063_T39QXG_20240902T111143_0000.jpg,S2B_MSIL2A_20240902T065629_R063_T39QXG_20240902T111143,0,2024-09,T39QXG,0.5765428883410364,0,0.7593347463562558
S2A_MSIL2A_20240719T065621_R063_T39QXG_20240719T132007_0000.jpg,S2A_MSIL2A_20240719T065621_R063_T39QXG_20240719T132007,1,2024-07,T39QXG,0.7313146200448871,0,0.7593347463562558
S2B_MSIL2A_20240714T065619_R063_T39QXG_20240714T115201_0000.jpg,S2B_MSIL2A_20240714T065619_R063_T39QXG_20240714T115201,1,2024-07,T39QXG,0.8870599261606577,1,0.7593347463562558
S2B_MSIL2A_20240624T065629_R063_T39QXG_20240624T103302_0000.jpg,S2B_MSIL2A_20240624T065629_R063_T39QXG_20240624T103302,1,2024-06,T39QXG,0.874013378366304,1,0.7593347463562558
S2A_MSIL2A_20240619T065631_R063_T39QXG_20240619T131334_0000.jpg,S2A_MSIL2A_20240619T065631_R063_T39QXG_20240619T131334,1,2024-06,T39QXG,0.870337073328065,1,0.7593347463562558
S2B_MSIL2A_20180328T065919_R063_T39QXG_20201013T154107_0000.jpg,S2B_MSIL2A_20180328T065919_R063_T39QXG_20201013T154107,0,2018-03,T39QXG,0.19007822573918,0,0.7593347463562558
S2A_MSIL2A_20180323T065621_R063_T39QXG_20201013T125706_0000.jpg,S2A_MSIL2A_20180323T065621_R063_T39QXG_20201013T125706,0,2018-03,T39QXG,0.14330179636374063,0,0.7593347463562558
S2B_MSIL2A_20180318T065619_R063_T39QXG_20201013T105007_0000.jpg,S2B_MSIL2A_20180318T065619_R063_T39QXG_20201013T105007,0,2018-03,T39QXG,0.0855285379075804,0,0.7593347463562558
S2A_MSIL2A_20180313T065651_R063_T39QXG_20201013T082101_0000.jpg,S2A_MSIL2A_20180313T065651_R063_T39QXG_20201013T082101,0,2018-03,T39QXG,0.6056336019462676,0,0.7593347463562558
S2B_MSIL2A_20180308T065719_R063_T39QXG_20201013T080744_0000.jpg,S2B_MSIL2A_20180308T065719_R063_T39QXG_20201013T080744,0,2018-03,T39QXG,0.4800293885277745,0,0.7593347463562558
S2A_MSIL2A_20180221T065911_R063_T39QXG_20201013T234500_0000.jpg,S2A_MSIL2A_20180221T065911_R063_T39QXG_20201013T234500,1,2018-02,T39QXG,0.9347797204952261,1,0.7593347463562558
S2B_MSIL2A_20180216T065929_R063_T39QXG_20201013T220228_0000.jpg,S2B_MSIL2A_20180216T065929_R063_T39QXG_20201013T220228,0,2018-02,T39QXG,0.13944809401697797,0,0.7593347463562558
S2A_MSIL2A_20180211T070021_R063_T39QXG_20201026T022414_0000.jpg,S2A_MSIL2A_20180211T070021_R063_T39QXG_20201026T022414,0,2018-02,T39QXG,0.12476382104313193,0,0.7593347463562558
S2B_MSIL2A_20180127T070139_R063_T39QXG_20201014T091640_0000.jpg,S2B_MSIL2A_20180127T070139_R063_T39QXG_20201014T091640,1,2018-01,T39QXG,0.9600262996636246,1,0.7593347463562558
S2A_MSIL2A_20180112T070231_R063_T39QXG_20201014T050638_0000.jpg,S2A_MSIL2A_20180112T070231_R063_T39QXG_20201014T050638,0,2018-01,T39QXG,0.16394143775064954,0,0.7593347463562558
S2B_MSIL2A_20180107T070249_R063_T39QXG_20201014T040002_0000.jpg,S2B_MSIL2A_20180107T070249_R063_T39QXG_20201014T040002,0,2018-01,T39QXG,0.12625978700883192,0,0.7593347463562558
S2B_MSIL2A_20171228T070259_R063_T39QXG_20201014T170056_0000.jpg,S2B_MSIL2A_20171228T070259_R063_T39QXG_20201014T170056,1,2017-12,T39QXG,0.9119387663738624,1,0.7593347463562558
S2A_MSIL2A_20190318T065621_R063_T39QXG_20201007T074707_0000.jpg,S2A_MSIL2A_20190318T065621_R063_T39QXG_20201007T074707,1,2019-03,T39QXG,0.8253501224252322,1,0.7593347463562558
S2B_MSIL2A_20190313T065649_R063_T39QXG_20221118T122016_0000.jpg,S2B_MSIL2A_20190313T065649_R063_T39QXG_20221118T122016,0,2019-03,T39QXG,0.5333031791454796,0,0.7593347463562558
S2A_MSIL2A_20190308T065721_R063_T39QXG_20201007T042258_0000.jpg,S2A_MSIL2A_20190308T065721_R063_T39QXG_20201007T042258,0,2019-03,T39QXG,0.5605588318671594,0,0.7593347463562558
S2B_MSIL2A_20190303T065809_R063_T39QXG_20201030T112946_0000.jpg,S2B_MSIL2A_20190303T065809_R063_T39QXG_20201030T112946,1,2019-03,T39QXG,0.8080083510079271,1,0.7593347463562558
S2A_MSIL2A_20190226T065841_R063_T39QXG_20201007T204648_0000.jpg,S2A_MSIL2A_20190226T065841_R063_T39QXG_20201007T204648,1,2019-02,T39QXG,0.8884965020692717,1,0.7593347463562558
S2B_MSIL2A_20190221T065919_R063_T39QXG_20201007T191341_0000.jpg,S2B_MSIL2A_20190221T065919_R063_T39QXG_20201007T191341,0,2019-02,T39QXG,0.02615752079333988,0,0.7593347463562558
S2B_MSIL2A_20190211T070019_R063_T39QXG_20201007T155653_0000.jpg,S2B_MSIL2A_20190211T070019_R063_T39QXG_20201007T155653,0,2019-02,T39QXG,0.7383350924738222,0,0.7593347463562558
S2A_MSIL2A_20190206T070051_R063_T39QXG_20201007T142408_0000.jpg,S2A_MSIL2A_20190206T070051_R063_T39QXG_20201007T142408,1,2019-02,T39QXG,0.8564472576411755,1,0.7593347463562558
S2B_MSIL2A_20190201T070119_R063_T39QXG_20201029T235440_0000.jpg,S2B_MSIL2A_20190201T070119_R063_T39QXG_20201029T235440,0,2019-02,T39QXG,0.038068259334623926,0,0.7593347463562558
S2A_MSIL2A_20190127T070141_R063_T39QXG_20201008T050026_0000.jpg,S2A_MSIL2A_20190127T070141_R063_T39QXG_20201008T050026,0,2019-01,T39QXG,0.03309560466472812,0,0.7593347463562558
S2B_MSIL2A_20190122T070209_R063_T39QXG_20201008T034450_0000.jpg,S2B_MSIL2A_20190122T070209_R063_T39QXG_20201008T034450,1,2019-01,T39QXG,0.9545508942228152,1,0.7593347463562558
S2A_MSIL2A_20190117T070221_R063_T39QXG_20201008T021414_0000.jpg,S2A_MSIL2A_20190117T070221_R063_T39QXG_20201008T021414,1,2019-01,T39QXG,0.9507227676781257,1,0.7593347463562558
S2A_MSIL2A_20190107T070251_R063_T39QXG_20201007T232849_0000.jpg,S2A_MSIL2A_20190107T070251_R063_T39QXG_20201007T232849,0,2019-01,T39QXG,0.3685016861122404,0,0.7593347463562558
S2B_MSIL2A_20200327T065619_R063_T39QXG_20201027T114721_0000.jpg,S2B_MSIL2A_20200327T065619_R063_T39QXG_20201027T114721,0,2020-03,T39QXG,0.45720444473778915,0,0.7593347463562558
S2A_MSIL2A_20200322T065621_R063_T39QXG_20201014T192405_0000.jpg,S2A_MSIL2A_20200322T065621_R063_T39QXG_20201014T192405,0,2020-03,T39QXG,0.4293645085114465,0,0.7593347463562558
S2B_MSIL2A_20200317T065619_R063_T39QXG_20201010T111701_0000.jpg,S2B_MSIL2A_20200317T065619_R063_T39QXG_20201010T111701,1,2020-03,T39QXG,0.8489906047892058,1,0.7593347463562558
S2A_MSIL2A_20200312T065651_R063_T39QXG_20201006T204613_0000.jpg,S2A_MSIL2A_20200312T065651_R063_T39QXG_20201006T204613,0,2020-03,T39QXG,0.04608791146322346,0,0.7593347463562558
S2B_MSIL2A_20200307T065729_R063_T39QXG_20201003T195728_0000.jpg,S2B_MSIL2A_20200307T065729_R063_T39QXG_20201003T195728,0,2020-03,T39QXG,0.07207004690349668,0,0.7593347463562558
S2A_MSIL2A_20200302T065801_R063_T39QXG_20200926T020245_0000.jpg,S2A_MSIL2A_20200302T065801_R063_T39QXG_20200926T020245,1,2020-03,T39QXG,0.7794580998986609,1,0.7593347463562558
S2A_MSIL2A_20200221T065911_R063_T39QXG_20200927T132322_0000.jpg,S2A_MSIL2A_20200221T065911_R063_T39QXG_20200927T132322,0,2020-02,T39QXG,0.4774370196580505,0,0.7593347463562558
S2B_MSIL2A_20200216T065939_R063_T39QXG_20200929T114644_0000.jpg,S2B_MSIL2A_20200216T065939_R063_T39QXG_20200929T114644,0,2020-02,T39QXG,0.5791334592245335,0,0.7593347463562558
S2A_MSIL2A_20200201T070111_R063_T39QXG_20200930T073942_0000.jpg,S2A_MSIL2A_20200201T070111_R063_T39QXG_20200930T073942,0,2020-02,T39QXG,0.21752127786899483,0,0.7593347463562558
S2B_MSIL2A_20200127T070139_R063_T39QXG_20201002T124936_0000.jpg,S2B_MSIL2A_20200127T070139_R063_T39QXG_20201002T124936,0,2020-01,T39QXG,0.0581426993328845,0,0.7593347463562558
S2A_MSIL2A_20200122T070201_R063_T39QXG_20201002T050518_0000.jpg,S2A_MSIL2A_20200122T070201_R063_T39QXG_20201002T050518,1,2020-01,T39QXG,0.9032441921070828,1,0.7593347463562558
S2B_MSIL2A_20200117T070219_R063_T39QXG_20201002T195630_0000.jpg,S2B_MSIL2A_20200117T070219_R063_T39QXG_20201002T195630,1,2020-01,T39QXG,0.8818470855582873,1,0.7593347463562558
S2A_MSIL2A_20200112T070241_R063_T39QXG_20201002T173508_0000.jpg,S2A_MSIL2A_20200112T070241_R063_T39QXG_20201002T173508,0,2020-01,T39QXG,0.08741097949366108,0,0.7593347463562558
S2A_MSIL2A_20210327T065621_R063_T39QXG_20210327T193611_0000.jpg,S2A_MSIL2A_20210327T065621_R063_T39QXG_20210327T193611,0,2021-03,T39QXG,0.22549211945099418,0,0.7593347463562558
S2B_MSIL2A_20210322T065619_R063_T39QXG_20210323T015515_0000.jpg,S2B_MSIL2A_20210322T065619_R063_T39QXG_20210323T015515,0,2021-03,T39QXG,0.1997489192186828,0,0.7593347463562558
S2A_MSIL2A_20210317T065621_R063_T39QXG_20210317T221928_0000.jpg,S2A_MSIL2A_20210317T065621_R063_T39QXG_20210317T221928,0,2021-03,T39QXG,0.6295443636729968,0,0.7593347463562558
S2A_MSIL2A_20210225T065851_R063_T39QXG_20210225T181931_0000.jpg,S2A_MSIL2A_20210225T065851_R063_T39QXG_20210225T181931,1,2021-02,T39QXG,0.930932344224806,1,0.7593347463562558
S2A_MSIL2A_20210205T070051_R063_T39QXG_20210210T170018_0000.jpg,S2A_MSIL2A_20210205T070051_R063_T39QXG_20210210T170018,0,2021-02,T39QXG,0.17435892254614024,0,0.7593347463562558
S2B_MSIL2A_20210131T070119_R063_T39QXG_20210201T152028_0000.jpg,S2B_MSIL2A_20210131T070119_R063_T39QXG_20210201T152028,1,2021-01,T39QXG,0.9840316538081145,1,0.7593347463562558
S2A_MSIL2A_20210126T070151_R063_T39QXG_20210201T045017_0000.jpg,S2A_MSIL2A_20210126T070151_R063_T39QXG_20210201T045017,1,2021-01,T39QXG,0.9850730345012984,1,0.7593347463562558
S2A_MSIL2A_20210116T070231_R063_T39QXG_20210116T213026_0000.jpg,S2A_MSIL2A_20210116T070231_R063_T39QXG_20210116T213026,0,2021-01,T39QXG,0.07356072080882359,0,0.7593347463562558
S2B_MSIL2A_20210111T070249_R063_T39QXG_20210111T183409_0000.jpg,S2B_MSIL2A_20210111T070249_R063_T39QXG_20210111T183409,0,2021-01,T39QXG,0.05488138273276398,0,0.7593347463562558
S2A_MSIL2A_20220322T065631_R063_T39QXG_20240522T141858_0000.jpg,S2A_MSIL2A_20220322T065631_R063_T39QXG_20240522T141858,0,2022-03,T39QXG,0.1776508129674741,0,0.7593347463562558
S2A_MSIL2A_20220322T065631_R063_T39QXG_20220322T215023_0000.jpg,S2A_MSIL2A_20220322T065631_R063_T39QXG_20220322T215023,0,2022-03,T39QXG,0.17029319888840133,0,0.7593347463562558
S2B_MSIL2A_20220317T065619_R063_T39QXG_20220317T172218_0000.jpg,S2B_MSIL2A_20220317T065619_R063_T39QXG_20220317T172218,0,2022-03,T39QXG,0.09256932242805738,0,0.7593347463562558
S2A_MSIL2A_20220312T065701_R063_T39QXG_20240523T070747_0000.jpg,S2A_MSIL2A_20220312T065701_R063_T39QXG_20240523T070747,1,2022-03,T39QXG,0.9198868933868605,1,0.7593347463562558
S2A_MSIL2A_20220312T065701_R063_T39QXG_20220312T225303_0000.jpg,S2A_MSIL2A_20220312T065701_R063_T39QXG_20220312T225303,1,2022-03,T39QXG,0.9199883280968694,1,0.7593347463562558
S2B_MSIL2A_20220307T065729_R063_T39QXG_20240524T222725_0000.jpg,S2B_MSIL2A_20220307T065729_R063_T39QXG_20240524T222725,1,2022-03,T39QXG,0.9234429780032635,1,0.7593347463562558
S2B_MSIL2A_20220307T065729_R063_T39QXG_20220307T200029_0000.jpg,S2B_MSIL2A_20220307T065729_R063_T39QXG_20220307T200029,1,2022-03,T39QXG,0.9217521933556833,1,0.7593347463562558
S2A_MSIL2A_20220302T065811_R063_T39QXG_20240528T164922_0000.jpg,S2A_MSIL2A_20220302T065811_R063_T39QXG_20240528T164922,1,2022-03,T39QXG,0.7345521207473154,0,0.7593347463562558
S2B_MSIL2A_20220215T065949_R063_T39QXG_20220223T132730_0000.jpg,S2B_MSIL2A_20220215T065949_R063_T39QXG_20220223T132730,1,2022-02,T39QXG,0.741714683380906,0,0.7593347463562558
S2A_MSIL2A_20220210T070031_R063_T39QXG_20220221T065843_0000.jpg,S2A_MSIL2A_20220210T070031_R063_T39QXG_20220221T065843,1,2022-02,T39QXG,0.7302296718268524,0,0.7593347463562558
S2B_MSIL2A_20230322T065629_R063_T39QXG_20240827T110952_0000.jpg,S2B_MSIL2A_20230322T065629_R063_T39QXG_20240827T110952,0,2023-03,T39QXG,0.1222866136370764,0,0.7593347463562558
S2A_MSIL2A_20230317T065621_R063_T39QXG_20230317T125717_0000.jpg,S2A_MSIL2A_20230317T065621_R063_T39QXG_20230317T125717,0,2023-03,T39QXG,0.13871246745650825,0,0.7593347463562558
S2B_MSIL2A_20230312T065709_R063_T39QXG_20240818T170744_0000.jpg,S2B_MSIL2A_20230312T065709_R063_T39QXG_20240818T170744,1,2023-03,T39QXG,0.9342823667648837,1,0.7593347463562558
S2B_MSIL2A_20230312T065709_R063_T39QXG_20230312T141426_0000.jpg,S2B_MSIL2A_20230312T065709_R063_T39QXG_20230312T141426,1,2023-03,T39QXG,0.9278138844005995,1,0.7593347463562558
S2A_MSIL2A_20230307T065731_R063_T39QXG_20230307T123902_0000.jpg,S2A_MSIL2A_20230307T065731_R063_T39QXG_20230307T123902,1,2023-03,T39QXG,0.9321331861730701,1,0.7593347463562558
S2A_MSIL2A_20230225T065851_R063_T39QXG_20230227T033301_0000.jpg,S2A_MSIL2A_20230225T065851_R063_T39QXG_20230227T033301,0,2023-02,T39QXG,0.11339916779281327,0,0.7593347463562558
S2B_MSIL2A_20230210T070029_R063_T39QXG_20240813T093046_0000.jpg,S2B_MSIL2A_20230210T070029_R063_T39QXG_20240813T093046,0,2023-02,T39QXG,0.12423033348237031,0,0.7593347463562558
S2B_MSIL2A_20230210T070029_R063_T39QXG_20230210T205643_0000.jpg,S2B_MSIL2A_20230210T070029_R063_T39QXG_20230210T205643,0,2023-02,T39QXG,0.14130558484556352,0,0.7593347463562558
S2A_MSIL2A_20230205T070101_R063_T39QXG_20240817T062535_0000.jpg,S2A_MSIL2A_20230205T070101_R063_T39QXG_20240817T062535,1,2023-02,T39QXG,0.9546218292479065,1,0.7593347463562558
S2A_MSIL2A_20230205T070101_R063_T39QXG_20230206T042309_0000.jpg,S2A_MSIL2A_20230205T070101_R063_T39QXG_20230206T042309,1,2023-02,T39QXG,0.9553674232542376,1,0.7593347463562558
S2B_MSIL2A_20240316T065629_R063_T39QXG_20240316T121959_0000.jpg,S2B_MSIL2A_20240316T065629_R063_T39QXG_20240316T121959,0,2024-03,T39QXG,0.07405118062335839,0,0.7593347463562558
S2A_MSIL2A_20240311T065701_R063_T39QXG_20240311T150535_0000.jpg,S2A_MSIL2A_20240311T065701_R063_T39QXG_20240311T150535,1,2024-03,T39QXG,0.8967065540674901,1,0.7593347463562558
S2B_MSIL2A_20240306T065739_R063_T39QXG_20240306T111016_0000.jpg,S2B_MSIL2A_20240306T065739_R063_T39QXG_20240306T111016,1,2024-03,T39QXG,0.9083533943810929,1,0.7593347463562558
S2A_MSIL2A_20240301T065821_R063_T39QXG_20240301T115335_0000.jpg,S2A_MSIL2A_20240301T065821_R063_T39QXG_20240301T115335,0,2024-03,T39QXG,0.06841008406860342,0,0.7593347463562558
S2A_MSIL2A_20240220T065921_R063_T39QXG_20240220T112915_0000.jpg,S2A_MSIL2A_20240220T065921_R063_T39QXG_20240220T112915,0,2024-02,T39QXG,0.03727189755170857,0,0.7593347463562558
S2B_MSIL2A_20240215T065959_R063_T39QXG_20240215T111952_0000.jpg,S2B_MSIL2A_20240215T065959_R063_T39QXG_20240215T111952,1,2024-02,T39QXG,0.9239743052851355,1,0.7593347463562558
S2A_MSIL2A_20240121T070211_R063_T39QXG_20240121T131026_0000.jpg,S2A_MSIL2A_20240121T070211_R063_T39QXG_20240121T131026,1,2024-01,T39QXG,0.8641357113769959,1,0.7593347463562558
S2A_MSIL2A_20240111T070241_R063_T39QXG_20240111T113149_0000.jpg,S2A_MSIL2A_20240111T070241_R063_T39QXG_20240111T113149,1,2024-01,T39QXG,0.8796321131152514,1,0.7593347463562558
S2B_MSIL2A_20240106T070259_R063_T39QXG_20240106T101530_0000.jpg,S2B_MSIL2A_20240106T070259_R063_T39QXG_20240106T101530,0,2024-01,T39QXG,0.16299733545321396,0,0.7593347463562558
S2C_MSIL2A_20250125T070221_R063_T39QXG_20250125T110112_0000.jpg,S2C_MSIL2A_20250125T070221_R063_T39QXG_20250125T110112,1,2025-01,T39QXG,0.6524284646565955,0,0.7593347463562558
S2B_MSIL2A_20250110T070149_R063_T39QXG_20250110T091744_0000.jpg,S2B_MSIL2A_20250110T070149_R063_T39QXG_20250110T091744,1,2025-01,T39QXG,0.7566345863390619,0,0.7593347463562558
S2A_MSIL2A_20250105T070301_R063_T39QXG_20250105T101308_0000.jpg,S2A_MSIL2A_20250105T070301_R063_T39QXG_20250105T101308,1,2025-01,T39QXG,0.6553101343280341,0,0.7593347463562558
S2A_MSIL2A_20241226T070311_R063_T39QXG_20241226T100152_0000.jpg,S2A_MSIL2A_20241226T070311_R063_T39QXG_20241226T100152,1,2024-12,T39QXG,0.7452768692663253,0,0.7593347463562558
S2A_MSIL2A_20170414T064621_R020_T40RDP_20210209T072822_0000.jpg,S2A_MSIL2A_20170414T064621_R020_T40RDP_20210209T072822,0,2017-04,T40RDP,0.2884488258755633,0,0.7593347463562558
S2A_MSIL2A_20170414T064621_R020_T40RDP_20210209T072822_0001.jpg,S2A_MSIL2A_20170414T064621_R020_T40RDP_20210209T072822,0,2017-04,T40RDP,0.2884488258755633,0,0.7593347463562558
S2A_MSIL2A_20170524T064631_R020_T40RDP_20210209T174339_0000.jpg,S2A_MSIL2A_20170524T064631_R020_T40RDP_20210209T174339,1,2017-05,T40RDP,0.6021962518077555,0,0.7593347463562558
S2A_MSIL2A_20170524T064631_R020_T40RDP_20210209T174339_0001.jpg,S2A_MSIL2A_20170524T064631_R020_T40RDP_20210209T174339,1,2017-05,T40RDP,0.6021962518077555,0,0.7593347463562558
S2A_MSIL2A_20170613T064621_R020_T40RDP_20210209T223408_0000.jpg,S2A_MSIL2A_20170613T064621_R020_T40RDP_20210209T223408,0,2017-06,T40RDP,0.08761509210084452,0,0.7593347463562558
S2A_MSIL2A_20170613T064621_R020_T40RDP_20210209T223408_0001.jpg,S2A_MSIL2A_20170613T064621_R020_T40RDP_20210209T223408,0,2017-06,T40RDP,0.08761509210084452,0,0.7593347463562558
S2A_MSIL2A_20170703T064621_R020_T40RDP_20210210T040347_0000.jpg,S2A_MSIL2A_20170703T064621_R020_T40RDP_20210210T040347,1,2017-07,T40RDP,0.8966084738480966,1,0.7593347463562558
S2A_MSIL2A_20170703T064621_R020_T40RDP_20210210T040347_0001.jpg,S2A_MSIL2A_20170703T064621_R020_T40RDP_20210210T040347,1,2017-07,T40RDP,0.8966084738480966,1,0.7593347463562558
S2A_MSIL2A_20170723T064631_R020_T40RDP_20210210T130856_0000.jpg,S2A_MSIL2A_20170723T064631_R020_T40RDP_20210210T130856,0,2017-07,T40RDP,0.004540948477021859,0,0.7593347463562558
S2A_MSIL2A_20170723T064631_R020_T40RDP_20210210T130856_0001.jpg,S2A_MSIL2A_20170723T064631_R020_T40RDP_20210210T130856,0,2017-07,T40RDP,0.004540948477021859,0,0.7593347463562558
S2B_MSIL2A_20170807T064619_R020_T40RDP_20210210T210701_0000.jpg,S2B_MSIL2A_20170807T064619_R020_T40RDP_20210210T210701,0,2017-08,T40RDP,0.018352241658517898,0,0.7593347463562558
S2B_MSIL2A_20170807T064619_R020_T40RDP_20210210T210701_0001.jpg,S2B_MSIL2A_20170807T064619_R020_T40RDP_20210210T210701,0,2017-08,T40RDP,0.018352241658517898,0,0.7593347463562558
S2A_MSIL2A_20170812T064631_R020_T40RDP_20210131T155623_0000.jpg,S2A_MSIL2A_20170812T064631_R020_T40RDP_20210131T155623,0,2017-08,T40RDP,0.005183827014231728,0,0.7593347463562558
S2A_MSIL2A_20170812T064631_R020_T40RDP_20210131T155623_0001.jpg,S2A_MSIL2A_20170812T064631_R020_T40RDP_20210131T155623,0,2017-08,T40RDP,0.005183827014231728,0,0.7593347463562558
S2B_MSIL2A_20170827T064619_R020_T40RDP_20210201T123544_0000.jpg,S2B_MSIL2A_20170827T064619_R020_T40RDP_20210201T123544,0,2017-08,T40RDP,0.4556643153297903,0,0.7593347463562558
S2B_MSIL2A_20170827T064619_R020_T40RDP_20210201T123544_0001.jpg,S2B_MSIL2A_20170827T064619_R020_T40RDP_20210201T123544,0,2017-08,T40RDP,0.4556643153297903,0,0.7593347463562558
S2B_MSIL2A_20170916T064619_R020_T40RDP_20210202T040902_0000.jpg,S2B_MSIL2A_20170916T064619_R020_T40RDP_20210202T040902,0,2017-09,T40RDP,0.19888325348126262,0,0.7593347463562558
S2B_MSIL2A_20170916T064619_R020_T40RDP_20210202T040902_0001.jpg,S2B_MSIL2A_20170916T064619_R020_T40RDP_20210202T040902,0,2017-09,T40RDP,0.19888325348126262,0,0.7593347463562558
S2A_MSIL2A_20170921T064621_R020_T40RDP_20210202T071538_0000.jpg,S2A_MSIL2A_20170921T064621_R020_T40RDP_20210202T071538,0,2017-09,T40RDP,0.05981979915047829,0,0.7593347463562558
S2A_MSIL2A_20170921T064621_R020_T40RDP_20210202T071538_0001.jpg,S2A_MSIL2A_20170921T064621_R020_T40RDP_20210202T071538,0,2017-09,T40RDP,0.05981979915047829,0,0.7593347463562558
S2B_MSIL2A_20171006T064719_R020_T40RDP_20210202T145017_0000.jpg,S2B_MSIL2A_20171006T064719_R020_T40RDP_20210202T145017,1,2017-10,T40RDP,0.8902873110826582,1,0.7593347463562558
S2B_MSIL2A_20171006T064719_R020_T40RDP_20210202T145017_0001.jpg,S2B_MSIL2A_20171006T064719_R020_T40RDP_20210202T145017,1,2017-10,T40RDP,0.8902873110826582,1,0.7593347463562558
S2A_MSIL2A_20171011T064811_R020_T40RDP_20201019T203503_0000.jpg,S2A_MSIL2A_20171011T064811_R020_T40RDP_20201019T203503,0,2017-10,T40RDP,0.02310672406527822,0,0.7593347463562558
S2A_MSIL2A_20171011T064811_R020_T40RDP_20201019T203503_0001.jpg,S2A_MSIL2A_20171011T064811_R020_T40RDP_20201019T203503,0,2017-10,T40RDP,0.02310672406527822,0,0.7593347463562558
S2B_MSIL2A_20171026T064939_R020_T40RDP_20201015T022501_0000.jpg,S2B_MSIL2A_20171026T064939_R020_T40RDP_20201015T022501,0,2017-10,T40RDP,0.011438820463524325,0,0.7593347463562558
S2B_MSIL2A_20171026T064939_R020_T40RDP_20201015T022501_0001.jpg,S2B_MSIL2A_20171026T064939_R020_T40RDP_20201015T022501,0,2017-10,T40RDP,0.011438820463524325,0,0.7593347463562558
S2B_MSIL2A_20171105T065029_R020_T40RDP_20201014T182558_0000.jpg,S2B_MSIL2A_20171105T065029_R020_T40RDP_20201014T182558,1,2017-11,T40RDP,0.7633798333420027,1,0.7593347463562558
S2B_MSIL2A_20171105T065029_R020_T40RDP_20201014T182558_0001.jpg,S2B_MSIL2A_20171105T065029_R020_T40RDP_20201014T182558,1,2017-11,T40RDP,0.7633798333420027,1,0.7593347463562558
S2B_MSIL2A_20171115T065119_R020_T40RDP_20201014T200318_0000.jpg,S2B_MSIL2A_20171115T065119_R020_T40RDP_20201014T200318,1,2017-11,T40RDP,0.9158330164422563,1,0.7593347463562558
S2B_MSIL2A_20171115T065119_R020_T40RDP_20201014T200318_0001.jpg,S2B_MSIL2A_20171115T065119_R020_T40RDP_20201014T200318,1,2017-11,T40RDP,0.9158330164422563,1,0.7593347463562558
S2B_MSIL2A_20171205T065239_R020_T40RDP_20201014T120805_0000.jpg,S2B_MSIL2A_20171205T065239_R020_T40RDP_20201014T120805,0,2017-12,T40RDP,0.022704418809155486,0,0.7593347463562558
S2B_MSIL2A_20171205T065239_R020_T40RDP_20201014T120805_0001.jpg,S2B_MSIL2A_20171205T065239_R020_T40RDP_20201014T120805,0,2017-12,T40RDP,0.022704418809155486,0,0.7593347463562558
S2A_MSIL2A_20171210T065251_R020_T40RDP_20201014T130828_0000.jpg,S2A_MSIL2A_20171210T065251_R020_T40RDP_20201014T130828,0,2017-12,T40RDP,0.015659693027461983,0,0.7593347463562558
S2A_MSIL2A_20171210T065251_R020_T40RDP_20201014T130828_0001.jpg,S2A_MSIL2A_20171210T065251_R020_T40RDP_20201014T130828,0,2017-12,T40RDP,0.015659693027461983,0,0.7593347463562558
S2A_MSIL2A_20171230T065301_R020_T40RDP_20201014T171731_0000.jpg,S2A_MSIL2A_20171230T065301_R020_T40RDP_20201014T171731,0,2017-12,T40RDP,0.5359031883599445,0,0.7593347463562558
S2A_MSIL2A_20171230T065301_R020_T40RDP_20201014T171731_0001.jpg,S2A_MSIL2A_20171230T065301_R020_T40RDP_20201014T171731,0,2017-12,T40RDP,0.5359031883599445,0,0.7593347463562558
S2B_MSIL2A_20180114T065229_R020_T40RDP_20201014T054511_0000.jpg,S2B_MSIL2A_20180114T065229_R020_T40RDP_20201014T054511,0,2018-01,T40RDP,0.03219949046999778,0,0.7593347463562558
S2B_MSIL2A_20180114T065229_R020_T40RDP_20201014T054511_0001.jpg,S2B_MSIL2A_20180114T065229_R020_T40RDP_20201014T054511,0,2018-01,T40RDP,0.03219949046999778,0,0.7593347463562558
S2B_MSIL2A_20180124T065149_R020_T40RDP_20201014T082610_0000.jpg,S2B_MSIL2A_20180124T065149_R020_T40RDP_20201014T082610,1,2018-01,T40RDP,0.9696190505703934,1,0.7593347463562558
S2B_MSIL2A_20180124T065149_R020_T40RDP_20201014T082610_0001.jpg,S2B_MSIL2A_20180124T065149_R020_T40RDP_20201014T082610,1,2018-01,T40RDP,0.9696190505703934,1,0.7593347463562558
S2B_MSIL2A_20180203T065059_R020_T40RDP_20201025T221931_0000.jpg,S2B_MSIL2A_20180203T065059_R020_T40RDP_20201025T221931,0,2018-02,T40RDP,0.2765124351337633,0,0.7593347463562558
S2B_MSIL2A_20180203T065059_R020_T40RDP_20201025T221931_0001.jpg,S2B_MSIL2A_20180203T065059_R020_T40RDP_20201025T221931,0,2018-02,T40RDP,0.2765124351337633,0,0.7593347463562558
S2B_MSIL2A_20180223T064849_R020_T40RDP_20201014T003814_0000.jpg,S2B_MSIL2A_20180223T064849_R020_T40RDP_20201014T003814,1,2018-02,T40RDP,0.6823605828708088,0,0.7593347463562558
S2B_MSIL2A_20180223T064849_R020_T40RDP_20201014T003814_0001.jpg,S2B_MSIL2A_20180223T064849_R020_T40RDP_20201014T003814,1,2018-02,T40RDP,0.6823605828708088,0,0.7593347463562558
S2B_MSIL2A_20180305T064739_R020_T40RDP_20201026T051111_0000.jpg,S2B_MSIL2A_20180305T064739_R020_T40RDP_20201026T051111,1,2018-03,T40RDP,0.6871621597652925,0,0.7593347463562558
S2B_MSIL2A_20180305T064739_R020_T40RDP_20201026T051111_0001.jpg,S2B_MSIL2A_20180305T064739_R020_T40RDP_20201026T051111,1,2018-03,T40RDP,0.6871621597652925,0,0.7593347463562558
S2B_MSIL2A_20180315T064629_R020_T40RDP_20201013T092614_0000.jpg,S2B_MSIL2A_20180315T064629_R020_T40RDP_20201013T092614,1,2018-03,T40RDP,0.7279768542582209,0,0.7593347463562558
S2B_MSIL2A_20180315T064629_R020_T40RDP_20201013T092614_0001.jpg,S2B_MSIL2A_20180315T064629_R020_T40RDP_20201013T092614,1,2018-03,T40RDP,0.7279768542582209,0,0.7593347463562558
S2A_MSIL2A_20180320T064621_R020_T40RDP_20201013T113227_0000.jpg,S2A_MSIL2A_20180320T064621_R020_T40RDP_20201013T113227,1,2018-03,T40RDP,0.6957125351269825,0,0.7593347463562558
S2A_MSIL2A_20180320T064621_R020_T40RDP_20201013T113227_0001.jpg,S2A_MSIL2A_20180320T064621_R020_T40RDP_20201013T113227,1,2018-03,T40RDP,0.6957125351269825,0,0.7593347463562558
S2B_MSIL2A_20180424T064619_R020_T40RDP_20201013T021211_0000.jpg,S2B_MSIL2A_20180424T064619_R020_T40RDP_20201013T021211,0,2018-04,T40RDP,0.5154243531407517,0,0.7593347463562558
S2B_MSIL2A_20180424T064619_R020_T40RDP_20201013T021211_0001.jpg,S2B_MSIL2A_20180424T064619_R020_T40RDP_20201013T021211,0,2018-04,T40RDP,0.5154243531407517,0,0.7593347463562558
S2B_MSIL2A_20180504T064619_R020_T40RDP_20201012T054955_0000.jpg,S2B_MSIL2A_20180504T064619_R020_T40RDP_20201012T054955,0,2018-05,T40RDP,0.17136289806205626,0,0.7593347463562558
S2B_MSIL2A_20180504T064619_R020_T40RDP_20201012T054955_0001.jpg,S2B_MSIL2A_20180504T064619_R020_T40RDP_20201012T054955,0,2018-05,T40RDP,0.17136289806205626,0,0.7593347463562558
S2A_MSIL2A_20180509T064631_R020_T40RDP_20201012T073707_0000.jpg,S2A_MSIL2A_20180509T064631_R020_T40RDP_20201012T073707,0,2018-05,T40RDP,0.38210627222543225,0,0.7593347463562558
S2A_MSIL2A_20180509T064631_R020_T40RDP_20201012T073707_0001.jpg,S2A_MSIL2A_20180509T064631_R020_T40RDP_20201012T073707,0,2018-05,T40RDP,0.38210627222543225,0,0.7593347463562558
S2A_MSIL2A_20180519T064631_R020_T40RDP_20201012T113634_0000.jpg,S2A_MSIL2A_20180519T064631_R020_T40RDP_20201012T113634,0,2018-05,T40RDP,0.018621653287243967,0,0.7593347463562558
S2A_MSIL2A_20180519T064631_R020_T40RDP_20201012T113634_0001.jpg,S2A_MSIL2A_20180519T064631_R020_T40RDP_20201012T113634,0,2018-05,T40RDP,0.018621653287243967,0,0.7593347463562558
S2A_MSIL2A_20180529T064631_R020_T40RDP_20201012T152100_0000.jpg,S2A_MSIL2A_20180529T064631_R020_T40RDP_20201012T152100,0,2018-05,T40RDP,0.38767415702068697,0,0.7593347463562558
S2A_MSIL2A_20180529T064631_R020_T40RDP_20201012T152100_0001.jpg,S2A_MSIL2A_20180529T064631_R020_T40RDP_20201012T152100,0,2018-05,T40RDP,0.38767415702068697,0,0.7593347463562558
S2A_MSIL2A_20180608T064621_R020_T40RDP_20201026T185741_0000.jpg,S2A_MSIL2A_20180608T064621_R020_T40RDP_20201026T185741,0,2018-06,T40RDP,0.011514794957955928,0,0.7593347463562558
S2A_MSIL2A_20180608T064621_R020_T40RDP_20201026T185741_0001.jpg,S2A_MSIL2A_20180608T064621_R020_T40RDP_20201026T185741,0,2018-06,T40RDP,0.011514794957955928,0,0.7593347463562558
S2A_MSIL2A_20180618T064621_R020_T40RDP_20201011T232818_0000.jpg,S2A_MSIL2A_20180618T064621_R020_T40RDP_20201011T232818,0,2018-06,T40RDP,0.6416934490635305,0,0.7593347463562558
S2A_MSIL2A_20180618T064621_R020_T40RDP_20201011T232818_0001.jpg,S2A_MSIL2A_20180618T064621_R020_T40RDP_20201011T232818,0,2018-06,T40RDP,0.6416934490635305,0,0.7593347463562558
S2A_MSIL2A_20180708T064631_R020_T40RDP_20201011T131710_0000.jpg,S2A_MSIL2A_20180708T064631_R020_T40RDP_20201011T131710,1,2018-07,T40RDP,0.9795153439127646,1,0.7593347463562558
S2A_MSIL2A_20180708T064631_R020_T40RDP_20201011T131710_0001.jpg,S2A_MSIL2A_20180708T064631_R020_T40RDP_20201011T131710,1,2018-07,T40RDP,0.9795153439127646,1,0.7593347463562558
S2B_MSIL2A_20180713T064619_R020_T40RDP_20201011T152448_0000.jpg,S2B_MSIL2A_20180713T064619_R020_T40RDP_20201011T152448,0,2018-07,T40RDP,0.06446753951177436,0,0.7593347463562558
S2B_MSIL2A_20180713T064619_R020_T40RDP_20201011T152448_0001.jpg,S2B_MSIL2A_20180713T064619_R020_T40RDP_20201011T152448,0,2018-07,T40RDP,0.06446753951177436,0,0.7593347463562558
S2B_MSIL2A_20180802T064619_R020_T40RDP_20201010T202417_0000.jpg,S2B_MSIL2A_20180802T064619_R020_T40RDP_20201010T202417,1,2018-08,T40RDP,0.9066846447077549,1,0.7593347463562558
S2B_MSIL2A_20180802T064619_R020_T40RDP_20201010T202417_0001.jpg,S2B_MSIL2A_20180802T064619_R020_T40RDP_20201010T202417,1,2018-08,T40RDP,0.9066846447077549,1,0.7593347463562558
S2A_MSIL2A_20180817T064621_R020_T40RDP_20201011T025249_0000.jpg,S2A_MSIL2A_20180817T064621_R020_T40RDP_20201011T025249,0,2018-08,T40RDP,0.045654375181068185,0,0.7593347463562558
S2A_MSIL2A_20180817T064621_R020_T40RDP_20201011T025249_0001.jpg,S2A_MSIL2A_20180817T064621_R020_T40RDP_20201011T025249,0,2018-08,T40RDP,0.045654375181068185,0,0.7593347463562558
S2A_MSIL2A_20180827T064621_R020_T40RDP_20201027T045001_0000.jpg,S2A_MSIL2A_20180827T064621_R020_T40RDP_20201027T045001,0,2018-08,T40RDP,0.18005109284638968,0,0.7593347463562558
S2A_MSIL2A_20180827T064621_R020_T40RDP_20201027T045001_0001.jpg,S2A_MSIL2A_20180827T064621_R020_T40RDP_20201027T045001,0,2018-08,T40RDP,0.18005109284638968,0,0.7593347463562558
S2A_MSIL2A_20180906T064621_R020_T40RDP_20201011T091051_0000.jpg,S2A_MSIL2A_20180906T064621_R020_T40RDP_20201011T091051,0,2018-09,T40RDP,0.6754236977225705,0,0.7593347463562558
S2A_MSIL2A_20180906T064621_R020_T40RDP_20201011T091051_0001.jpg,S2A_MSIL2A_20180906T064621_R020_T40RDP_20201011T091051,0,2018-09,T40RDP,0.6754236977225705,0,0.7593347463562558
S2B_MSIL2A_20180921T064619_R020_T40RDP_20201009T032948_0000.jpg,S2B_MSIL2A_20180921T064619_R020_T40RDP_20201009T032948,0,2018-09,T40RDP,0.020847063770701873,0,0.7593347463562558
S2B_MSIL2A_20180921T064619_R020_T40RDP_20201009T032948_0001.jpg,S2B_MSIL2A_20180921T064619_R020_T40RDP_20201009T032948,0,2018-09,T40RDP,0.020847063770701873,0,0.7593347463562558
S2A_MSIL2A_20180926T064731_R020_T40RDP_20201009T050107_0000.jpg,S2A_MSIL2A_20180926T064731_R020_T40RDP_20201009T050107,1,2018-09,T40RDP,0.8796317631652586,1,0.7593347463562558
S2A_MSIL2A_20180926T064731_R020_T40RDP_20201009T050107_0001.jpg,S2A_MSIL2A_20180926T064731_R020_T40RDP_20201009T050107,1,2018-09,T40RDP,0.8796317631652586,1,0.7593347463562558
S2B_MSIL2A_20181021T064909_R020_T40RDP_20201009T135435_0000.jpg,S2B_MSIL2A_20181021T064909_R020_T40RDP_20201009T135435,0,2018-10,T40RDP,0.3122219945015046,0,0.7593347463562558
S2B_MSIL2A_20181021T064909_R020_T40RDP_20201009T135435_0001.jpg,S2B_MSIL2A_20181021T064909_R020_T40RDP_20201009T135435,0,2018-10,T40RDP,0.3122219945015046,0,0.7593347463562558
S2B_MSIL2A_20181110T065109_R020_T40RDP_20201008T173400_0000.jpg,S2B_MSIL2A_20181110T065109_R020_T40RDP_20201008T173400,0,2018-11,T40RDP,0.0336675529663662,0,0.7593347463562558
S2B_MSIL2A_20181110T065109_R020_T40RDP_20201008T173400_0001.jpg,S2B_MSIL2A_20181110T065109_R020_T40RDP_20201008T173400,0,2018-11,T40RDP,0.0336675529663662,0,0.7593347463562558
S2B_MSIL2A_20181120T065159_R020_T40RDP_20201008T201622_0000.jpg,S2B_MSIL2A_20181120T065159_R020_T40RDP_20201008T201622,0,2018-11,T40RDP,0.3790919967863856,0,0.7593347463562558
S2B_MSIL2A_20181120T065159_R020_T40RDP_20201008T201622_0001.jpg,S2B_MSIL2A_20181120T065159_R020_T40RDP_20201008T201622,0,2018-11,T40RDP,0.3790919967863856,0,0.7593347463562558
S2B_MSIL2A_20181210T065249_R020_T40RDP_20201008T085955_0000.jpg,S2B_MSIL2A_20181210T065249_R020_T40RDP_20201008T085955,0,2018-12,T40RDP,0.01432718891469849,0,0.7593347463562558
S2B_MSIL2A_20181210T065249_R020_T40RDP_20201008T085955_0001.jpg,S2B_MSIL2A_20181210T065249_R020_T40RDP_20201008T085955,0,2018-12,T40RDP,0.01432718891469849,0,0.7593347463562558
S2B_MSIL2A_20181220T065259_R020_T40RDP_20201008T114314_0000.jpg,S2B_MSIL2A_20181220T065259_R020_T40RDP_20201008T114314,0,2018-12,T40RDP,0.5428666260607741,0,0.7593347463562558
S2B_MSIL2A_20181220T065259_R020_T40RDP_20201008T114314_0001.jpg,S2B_MSIL2A_20181220T065259_R020_T40RDP_20201008T114314,0,2018-12,T40RDP,0.5428666260607741,0,0.7593347463562558
S2A_MSIL2A_20181225T065301_R020_T40RDP_20210517T111901_0000.jpg,S2A_MSIL2A_20181225T065301_R020_T40RDP_20210517T111901,0,2018-12,T40RDP,0.5421059223441423,0,0.7593347463562558
S2A_MSIL2A_20181225T065301_R020_T40RDP_20210517T111901_0001.jpg,S2A_MSIL2A_20181225T065301_R020_T40RDP_20210517T111901,0,2018-12,T40RDP,0.5421059223441423,0,0.7593347463562558
S2B_MSIL2A_20190109T065249_R020_T40RDP_20201008T000956_0000.jpg,S2B_MSIL2A_20190109T065249_R020_T40RDP_20201008T000956,0,2019-01,T40RDP,0.036534993950431305,0,0.7593347463562558
S2B_MSIL2A_20190109T065249_R020_T40RDP_20201008T000956_0001.jpg,S2B_MSIL2A_20190109T065249_R020_T40RDP_20201008T000956,0,2019-01,T40RDP,0.036534993950431305,0,0.7593347463562558
S2A_MSIL2A_20190124T065151_R020_T40RDP_20201008T041007_0000.jpg,S2A_MSIL2A_20190124T065151_R020_T40RDP_20201008T041007,1,2019-01,T40RDP,0.8610619996589349,1,0.7593347463562558
S2A_MSIL2A_20190124T065151_R020_T40RDP_20201008T041007_0001.jpg,S2A_MSIL2A_20190124T065151_R020_T40RDP_20201008T041007,1,2019-01,T40RDP,0.8610619996589349,1,0.7593347463562558
S2B_MSIL2A_20190208T065029_R020_T40RDP_20201030T003742_0000.jpg,S2B_MSIL2A_20190208T065029_R020_T40RDP_20201030T003742,0,2019-02,T40RDP,0.36295190088660956,0,0.7593347463562558
S2B_MSIL2A_20190208T065029_R020_T40RDP_20201030T003742_0001.jpg,S2B_MSIL2A_20190208T065029_R020_T40RDP_20201030T003742,0,2019-02,T40RDP,0.36295190088660956,0,0.7593347463562558
S2A_MSIL2A_20190213T065001_R020_T40RDP_20201007T162107_0000.jpg,S2A_MSIL2A_20190213T065001_R020_T40RDP_20201007T162107,0,2019-02,T40RDP,0.04728179991918498,0,0.7593347463562558
S2A_MSIL2A_20190213T065001_R020_T40RDP_20201007T162107_0001.jpg,S2A_MSIL2A_20190213T065001_R020_T40RDP_20201007T162107,0,2019-02,T40RDP,0.04728179991918498,0,0.7593347463562558
S2A_MSIL2A_20190223T064851_R020_T40RDP_20201007T194425_0000.jpg,S2A_MSIL2A_20190223T064851_R020_T40RDP_20201007T194425,0,2019-02,T40RDP,0.22971279164430083,0,0.7593347463562558
S2A_MSIL2A_20190223T064851_R020_T40RDP_20201007T194425_0001.jpg,S2A_MSIL2A_20190223T064851_R020_T40RDP_20201007T194425,0,2019-02,T40RDP,0.22971279164430083,0,0.7593347463562558
S2A_MSIL2A_20190305T064741_R020_T40RDP_20201030T153909_0000.jpg,S2A_MSIL2A_20190305T064741_R020_T40RDP_20201030T153909,0,2019-03,T40RDP,0.4692913023497813,0,0.7593347463562558
S2A_MSIL2A_20190305T064741_R020_T40RDP_20201030T153909_0001.jpg,S2A_MSIL2A_20190305T064741_R020_T40RDP_20201030T153909,0,2019-03,T40RDP,0.4692913023497813,0,0.7593347463562558
S2B_MSIL2A_20190310T064709_R020_T40RDP_20201007T051616_0000.jpg,S2B_MSIL2A_20190310T064709_R020_T40RDP_20201007T051616,0,2019-03,T40RDP,0.30206748251675236,0,0.7593347463562558
S2B_MSIL2A_20190310T064709_R020_T40RDP_20201007T051616_0001.jpg,S2B_MSIL2A_20190310T064709_R020_T40RDP_20201007T051616,0,2019-03,T40RDP,0.30206748251675236,0,0.7593347463562558
S2B_MSIL2A_20190320T064629_R020_T40RDP_20201007T084211_0000.jpg,S2B_MSIL2A_20190320T064629_R020_T40RDP_20201007T084211,0,2019-03,T40RDP,0.03747052150358872,0,0.7593347463562558
S2B_MSIL2A_20190320T064629_R020_T40RDP_20201007T084211_0001.jpg,S2B_MSIL2A_20190320T064629_R020_T40RDP_20201007T084211,0,2019-03,T40RDP,0.03747052150358872,0,0.7593347463562558
S2B_MSIL2A_20190429T064629_R020_T40RDP_20201105T223212_0000.jpg,S2B_MSIL2A_20190429T064629_R020_T40RDP_20201105T223212,1,2019-04,T40RDP,0.5372634117614586,0,0.7593347463562558
S2B_MSIL2A_20190429T064629_R020_T40RDP_20201105T223212_0001.jpg,S2B_MSIL2A_20190429T064629_R020_T40RDP_20201105T223212,1,2019-04,T40RDP,0.5372634117614586,0,0.7593347463562558
S2A_MSIL2A_20190504T064631_R020_T40RDP_20201006T094827_0000.jpg,S2A_MSIL2A_20190504T064631_R020_T40RDP_20201006T094827,0,2019-05,T40RDP,0.04208978179529977,0,0.7593347463562558
S2A_MSIL2A_20190504T064631_R020_T40RDP_20201006T094827_0001.jpg,S2A_MSIL2A_20190504T064631_R020_T40RDP_20201006T094827,0,2019-05,T40RDP,0.04208978179529977,0,0.7593347463562558
S2A_MSIL2A_20190524T064631_R020_T40RDP_20201006T174148_0000.jpg,S2A_MSIL2A_20190524T064631_R020_T40RDP_20201006T174148,0,2019-05,T40RDP,0.2608381804919383,0,0.7593347463562558
S2A_MSIL2A_20190524T064631_R020_T40RDP_20201006T174148_0001.jpg,S2A_MSIL2A_20190524T064631_R020_T40RDP_20201006T174148,0,2019-05,T40RDP,0.2608381804919383,0,0.7593347463562558
S2B_MSIL2A_20190529T064629_R020_T40RDP_20201006T195139_0000.jpg,S2B_MSIL2A_20190529T064629_R020_T40RDP_20201006T195139,0,2019-05,T40RDP,0.38091001159865456,0,0.7593347463562558
S2B_MSIL2A_20190529T064629_R020_T40RDP_20201006T195139_0001.jpg,S2B_MSIL2A_20190529T064629_R020_T40RDP_20201006T195139,0,2019-05,T40RDP,0.38091001159865456,0,0.7593347463562558
S2B_MSIL2A_20190608T064629_R020_T40RDP_20201005T234358_0000.jpg,S2B_MSIL2A_20190608T064629_R020_T40RDP_20201005T234358,0,2019-06,T40RDP,0.07647944037676668,0,0.7593347463562558
S2B_MSIL2A_20190608T064629_R020_T40RDP_20201005T234358_0001.jpg,S2B_MSIL2A_20190608T064629_R020_T40RDP_20201005T234358,0,2019-06,T40RDP,0.07647944037676668,0,0.7593347463562558
S2A_MSIL2A_20190623T064631_R020_T40RDP_20201006T051614_0000.jpg,S2A_MSIL2A_20190623T064631_R020_T40RDP_20201006T051614,1,2019-06,T40RDP,0.9732553374423776,1,0.7593347463562558
S2A_MSIL2A_20190623T064631_R020_T40RDP_20201006T051614_0001.jpg,S2A_MSIL2A_20190623T064631_R020_T40RDP_20201006T051614,1,2019-06,T40RDP,0.9732553374423776,1,0.7593347463562558
S2B_MSIL2A_20190628T064629_R020_T40RDP_20201006T073142_0000.jpg,S2B_MSIL2A_20190628T064629_R020_T40RDP_20201006T073142,0,2019-06,T40RDP,0.021406494826575844,0,0.7593347463562558
S2B_MSIL2A_20190628T064629_R020_T40RDP_20201006T073142_0001.jpg,S2B_MSIL2A_20190628T064629_R020_T40RDP_20201006T073142,0,2019-06,T40RDP,0.021406494826575844,0,0.7593347463562558
S2B_MSIL2A_20190708T064639_R020_T40RDP_20201005T111015_0000.jpg,S2B_MSIL2A_20190708T064639_R020_T40RDP_20201005T111015,0,2019-07,T40RDP,0.022850960006284216,0,0.7593347463562558
S2B_MSIL2A_20190708T064639_R020_T40RDP_20201005T111015_0001.jpg,S2B_MSIL2A_20190708T064639_R020_T40RDP_20201005T111015,0,2019-07,T40RDP,0.022850960006284216,0,0.7593347463562558
S2A_MSIL2A_20190713T064631_R020_T40RDP_20201005T131846_0000.jpg,S2A_MSIL2A_20190713T064631_R020_T40RDP_20201005T131846,1,2019-07,T40RDP,0.7684834536307131,1,0.7593347463562558
S2A_MSIL2A_20190713T064631_R020_T40RDP_20201005T131846_0001.jpg,S2A_MSIL2A_20190713T064631_R020_T40RDP_20201005T131846,1,2019-07,T40RDP,0.7684834536307131,1,0.7593347463562558
S2A_MSIL2A_20190723T064631_R020_T40RDP_20201005T182344_0000.jpg,S2A_MSIL2A_20190723T064631_R020_T40RDP_20201005T182344,0,2019-07,T40RDP,0.02077538816374227,0,0.7593347463562558
S2A_MSIL2A_20190723T064631_R020_T40RDP_20201005T182344_0001.jpg,S2A_MSIL2A_20190723T064631_R020_T40RDP_20201005T182344,0,2019-07,T40RDP,0.02077538816374227,0,0.7593347463562558
S2B_MSIL2A_20190728T064629_R020_T40RDP_20201109T153250_0000.jpg,S2B_MSIL2A_20190728T064629_R020_T40RDP_20201109T153250,1,2019-07,T40RDP,0.9597085926284552,1,0.7593347463562558
S2B_MSIL2A_20190728T064629_R020_T40RDP_20201109T153250_0001.jpg,S2B_MSIL2A_20190728T064629_R020_T40RDP_20201109T153250,1,2019-07,T40RDP,0.9597085926284552,1,0.7593347463562558
S2B_MSIL2A_20190807T064629_R020_T40RDP_20201004T213620_0000.jpg,S2B_MSIL2A_20190807T064629_R020_T40RDP_20201004T213620,0,2019-08,T40RDP,0.5033413520954043,0,0.7593347463562558
S2B_MSIL2A_20190807T064629_R020_T40RDP_20201004T213620_0001.jpg,S2B_MSIL2A_20190807T064629_R020_T40RDP_20201004T213620,0,2019-08,T40RDP,0.5033413520954043,0,0.7593347463562558
S2B_MSIL2A_20190817T064629_R020_T40RDP_20201005T013402_0000.jpg,S2B_MSIL2A_20190817T064629_R020_T40RDP_20201005T013402,1,2019-08,T40RDP,0.9160975938196441,1,0.7593347463562558
S2B_MSIL2A_20190817T064629_R020_T40RDP_20201005T013402_0001.jpg,S2B_MSIL2A_20190817T064629_R020_T40RDP_20201005T013402,1,2019-08,T40RDP,0.9160975938196441,1,0.7593347463562558
S2B_MSIL2A_20190827T064629_R020_T40RDP_20201005T053726_0000.jpg,S2B_MSIL2A_20190827T064629_R020_T40RDP_20201005T053726,0,2019-08,T40RDP,0.07316295521588019,0,0.7593347463562558
S2B_MSIL2A_20190827T064629_R020_T40RDP_20201005T053726_0001.jpg,S2B_MSIL2A_20190827T064629_R020_T40RDP_20201005T053726,0,2019-08,T40RDP,0.07316295521588019,0,0.7593347463562558
S2A_MSIL2A_20190901T064621_R020_T40RDP_20201004T075503_0000.jpg,S2A_MSIL2A_20190901T064621_R020_T40RDP_20201004T075503,1,2019-09,T40RDP,0.8055694038767238,1,0.7593347463562558
S2A_MSIL2A_20190901T064621_R020_T40RDP_20201004T075503_0001.jpg,S2A_MSIL2A_20190901T064621_R020_T40RDP_20201004T075503,1,2019-09,T40RDP,0.8055694038767238,1,0.7593347463562558
S2A_MSIL2A_20190911T064621_R020_T40RDP_20201004T114707_0000.jpg,S2A_MSIL2A_20190911T064621_R020_T40RDP_20201004T114707,0,2019-09,T40RDP,0.04625592240095807,0,0.7593347463562558
S2A_MSIL2A_20190911T064621_R020_T40RDP_20201004T114707_0001.jpg,S2A_MSIL2A_20190911T064621_R020_T40RDP_20201004T114707,0,2019-09,T40RDP,0.04625592240095807,0,0.7593347463562558
S2A_MSIL2A_20190921T064621_R020_T40RDP_20201004T153556_0000.jpg,S2A_MSIL2A_20190921T064621_R020_T40RDP_20201004T153556,0,2019-09,T40RDP,0.05048843119298291,0,0.7593347463562558
S2A_MSIL2A_20190921T064621_R020_T40RDP_20201004T153556_0001.jpg,S2A_MSIL2A_20190921T064621_R020_T40RDP_20201004T153556,0,2019-09,T40RDP,0.05048843119298291,0,0.7593347463562558
S2B_MSIL2A_20190926T064629_R020_T40RDP_20201004T172427_0000.jpg,S2B_MSIL2A_20190926T064629_R020_T40RDP_20201004T172427,0,2019-09,T40RDP,0.42726232534413666,0,0.7593347463562558
S2B_MSIL2A_20190926T064629_R020_T40RDP_20201004T172427_0001.jpg,S2B_MSIL2A_20190926T064629_R020_T40RDP_20201004T172427,0,2019-09,T40RDP,0.42726232534413666,0,0.7593347463562558
S2A_MSIL2A_20191001T064701_R020_T40RDP_20201003T211700_0000.jpg,S2A_MSIL2A_20191001T064701_R020_T40RDP_20201003T211700,0,2019-10,T40RDP,0.4596497524106218,0,0.7593347463562558
S2A_MSIL2A_20191001T064701_R020_T40RDP_20201003T211700_0001.jpg,S2A_MSIL2A_20191001T064701_R020_T40RDP_20201003T211700,0,2019-10,T40RDP,0.4596497524106218,0,0.7593347463562558
S2B_MSIL2A_20191016T064839_R020_T40RDP_20201004T030114_0000.jpg,S2B_MSIL2A_20191016T064839_R020_T40RDP_20201004T030114,0,2019-10,T40RDP,0.018329591084992568,0,0.7593347463562558
S2B_MSIL2A_20191016T064839_R020_T40RDP_20201004T030114_0001.jpg,S2B_MSIL2A_20191016T064839_R020_T40RDP_20201004T030114,0,2019-10,T40RDP,0.018329591084992568,0,0.7593347463562558
S2B_MSIL2A_20191105T065049_R020_T40RDP_20201003T132453_0000.jpg,S2B_MSIL2A_20191105T065049_R020_T40RDP_20201003T132453,0,2019-11,T40RDP,0.13231765525390035,0,0.7593347463562558
S2B_MSIL2A_20191105T065049_R020_T40RDP_20201003T132453_0001.jpg,S2B_MSIL2A_20191105T065049_R020_T40RDP_20201003T132453,0,2019-11,T40RDP,0.13231765525390035,0,0.7593347463562558
S2B_MSIL2A_20191115T065129_R020_T40RDP_20201003T164839_0000.jpg,S2B_MSIL2A_20191115T065129_R020_T40RDP_20201003T164839,0,2019-11,T40RDP,0.16518422235574762,0,0.7593347463562558
S2B_MSIL2A_20191115T065129_R020_T40RDP_20201003T164839_0001.jpg,S2B_MSIL2A_20191115T065129_R020_T40RDP_20201003T164839,0,2019-11,T40RDP,0.16518422235574762,0,0.7593347463562558
S2A_MSIL2A_20191130T065231_R020_T40RDP_20201003T205829_0000.jpg,S2A_MSIL2A_20191130T065231_R020_T40RDP_20201003T205829,0,2019-11,T40RDP,0.36229275855436527,0,0.7593347463562558
S2A_MSIL2A_20191130T065231_R020_T40RDP_20201003T205829_0001.jpg,S2A_MSIL2A_20191130T065231_R020_T40RDP_20201003T205829,0,2019-11,T40RDP,0.36229275855436527,0,0.7593347463562558
S2A_MSIL2A_20191220T065301_R020_T40RDP_20201003T071645_0000.jpg,S2A_MSIL2A_20191220T065301_R020_T40RDP_20201003T071645,0,2019-12,T40RDP,0.200173910253509,0,0.7593347463562558
S2A_MSIL2A_20191220T065301_R020_T40RDP_20201003T071645_0001.jpg,S2A_MSIL2A_20191220T065301_R020_T40RDP_20201003T071645,0,2019-12,T40RDP,0.200173910253509,0,0.7593347463562558
S2B_MSIL2A_20191225T065309_R020_T40RDP_20201003T093053_0000.jpg,S2B_MSIL2A_20191225T065309_R020_T40RDP_20201003T093053,0,2019-12,T40RDP,0.2851702123638708,0,0.7593347463562558
S2B_MSIL2A_20191225T065309_R020_T40RDP_20201003T093053_0001.jpg,S2B_MSIL2A_20191225T065309_R020_T40RDP_20201003T093053,0,2019-12,T40RDP,0.2851702123638708,0,0.7593347463562558
S2B_MSIL2A_20200104T065249_R020_T40RDP_20201002T225337_0000.jpg,S2B_MSIL2A_20200104T065249_R020_T40RDP_20201002T225337,0,2020-01,T40RDP,0.014704800812783267,0,0.7593347463562558
S2B_MSIL2A_20200104T065249_R020_T40RDP_20201002T225337_0001.jpg,S2B_MSIL2A_20200104T065249_R020_T40RDP_20201002T225337,0,2020-01,T40RDP,0.014704800812783267,0,0.7593347463562558
S2A_MSIL2A_20200119T065211_R020_T40RDP_20201002T203648_0000.jpg,S2A_MSIL2A_20200119T065211_R020_T40RDP_20201002T203648,0,2020-01,T40RDP,0.6533126648812002,0,0.7593347463562558
S2A_MSIL2A_20200119T065211_R020_T40RDP_20201002T203648_0001.jpg,S2A_MSIL2A_20200119T065211_R020_T40RDP_20201002T203648,0,2020-01,T40RDP,0.6533126648812002,0,0.7593347463562558
S2A_MSIL2A_20200208T065021_R020_T40RDP_20201001T082205_0000.jpg,S2A_MSIL2A_20200208T065021_R020_T40RDP_20201001T082205,0,2020-02,T40RDP,0.6697039664793644,0,0.7593347463562558
S2A_MSIL2A_20200208T065021_R020_T40RDP_20201001T082205_0001.jpg,S2A_MSIL2A_20200208T065021_R020_T40RDP_20201001T082205,0,2020-02,T40RDP,0.6697039664793644,0,0.7593347463562558
S2B_MSIL2A_20200223T064859_R020_T40RDP_20200928T000732_0000.jpg,S2B_MSIL2A_20200223T064859_R020_T40RDP_20200928T000732,0,2020-02,T40RDP,0.16711024791286908,0,0.7593347463562558
S2B_MSIL2A_20200223T064859_R020_T40RDP_20200928T000732_0001.jpg,S2B_MSIL2A_20200223T064859_R020_T40RDP_20200928T000732,0,2020-02,T40RDP,0.16711024791286908,0,0.7593347463562558
S2A_MSIL2A_20200228T064821_R020_T40RDP_20200928T220644_0000.jpg,S2A_MSIL2A_20200228T064821_R020_T40RDP_20200928T220644,0,2020-02,T40RDP,0.012837389003061968,0,0.7593347463562558
S2A_MSIL2A_20200228T064821_R020_T40RDP_20200928T220644_0001.jpg,S2A_MSIL2A_20200228T064821_R020_T40RDP_20200928T220644,0,2020-02,T40RDP,0.012837389003061968,0,0.7593347463562558
S2B_MSIL2A_20200304T064749_R020_T40RDP_20200928T130112_0000.jpg,S2B_MSIL2A_20200304T064749_R020_T40RDP_20200928T130112,0,2020-03,T40RDP,0.23614510191961324,0,0.7593347463562558
S2B_MSIL2A_20200304T064749_R020_T40RDP_20200928T130112_0001.jpg,S2B_MSIL2A_20200304T064749_R020_T40RDP_20200928T130112,0,2020-03,T40RDP,0.23614510191961324,0,0.7593347463562558
S2B_MSIL2A_20200403T064619_R020_T40RDP_20200924T210324_0000.jpg,S2B_MSIL2A_20200403T064619_R020_T40RDP_20200924T210324,0,2020-04,T40RDP,0.244185207578164,0,0.7593347463562558
S2B_MSIL2A_20200403T064619_R020_T40RDP_20200924T210324_0001.jpg,S2B_MSIL2A_20200403T064619_R020_T40RDP_20200924T210324,0,2020-04,T40RDP,0.244185207578164,0,0.7593347463562558
S2B_MSIL2A_20200423T064619_R020_T40RDP_20200921T193918_0000.jpg,S2B_MSIL2A_20200423T064619_R020_T40RDP_20200921T193918,1,2020-04,T40RDP,0.6000194757405628,0,0.7593347463562558
S2B_MSIL2A_20200423T064619_R020_T40RDP_20200921T193918_0001.jpg,S2B_MSIL2A_20200423T064619_R020_T40RDP_20200921T193918,1,2020-04,T40RDP,0.6000194757405628,0,0.7593347463562558
S2A_MSIL2A_20200428T064631_R020_T40RDP_20200922T100835_0000.jpg,S2A_MSIL2A_20200428T064631_R020_T40RDP_20200922T100835,1,2020-04,T40RDP,0.6819204306874077,0,0.7593347463562558
S2A_MSIL2A_20200428T064631_R020_T40RDP_20200922T100835_0001.jpg,S2A_MSIL2A_20200428T064631_R020_T40RDP_20200922T100835,1,2020-04,T40RDP,0.6819204306874077,0,0.7593347463562558
S2A_MSIL2A_20200508T064631_R020_T40RDP_20200920T234648_0000.jpg,S2A_MSIL2A_20200508T064631_R020_T40RDP_20200920T234648,0,2020-05,T40RDP,0.04148616431791708,0,0.7593347463562558
S2A_MSIL2A_20200508T064631_R020_T40RDP_20200920T234648_0001.jpg,S2A_MSIL2A_20200508T064631_R020_T40RDP_20200920T234648,0,2020-05,T40RDP,0.04148616431791708,0,0.7593347463562558
S2B_MSIL2A_20200513T064629_R020_T40RDP_20200918T015052_0000.jpg,S2B_MSIL2A_20200513T064629_R020_T40RDP_20200918T015052,0,2020-05,T40RDP,0.0681136751255583,0,0.7593347463562558
S2B_MSIL2A_20200513T064629_R020_T40RDP_20200918T015052_0001.jpg,S2B_MSIL2A_20200513T064629_R020_T40RDP_20200918T015052,0,2020-05,T40RDP,0.0681136751255583,0,0.7593347463562558
S2B_MSIL2A_20200523T064629_R020_T40RDP_20200910T171843_0000.jpg,S2B_MSIL2A_20200523T064629_R020_T40RDP_20200910T171843,1,2020-05,T40RDP,0.7875978552857698,1,0.7593347463562558
S2B_MSIL2A_20200523T064629_R020_T40RDP_20200910T171843_0001.jpg,S2B_MSIL2A_20200523T064629_R020_T40RDP_20200910T171843,1,2020-05,T40RDP,0.7875978552857698,1,0.7593347463562558
S2A_MSIL2A_20200528T064631_R020_T40RDP_20200911T060604_0000.jpg,S2A_MSIL2A_20200528T064631_R020_T40RDP_20200911T060604,0,2020-05,T40RDP,0.42202821864071294,0,0.7593347463562558
S2A_MSIL2A_20200528T064631_R020_T40RDP_20200911T060604_0001.jpg,S2A_MSIL2A_20200528T064631_R020_T40RDP_20200911T060604,0,2020-05,T40RDP,0.42202821864071294,0,0.7593347463562558
S2B_MSIL2A_20200602T064629_R020_T40RDP_20200908T232059_0000.jpg,S2B_MSIL2A_20200602T064629_R020_T40RDP_20200908T232059,0,2020-06,T40RDP,0.01923878307905786,0,0.7593347463562558
S2B_MSIL2A_20200602T064629_R020_T40RDP_20200908T232059_0001.jpg,S2B_MSIL2A_20200602T064629_R020_T40RDP_20200908T232059,0,2020-06,T40RDP,0.01923878307905786,0,0.7593347463562558
S2B_MSIL2A_20200612T064629_R020_T40RDP_20200827T032518_0000.jpg,S2B_MSIL2A_20200612T064629_R020_T40RDP_20200827T032518,1,2020-06,T40RDP,0.7935144959474218,1,0.7593347463562558
S2B_MSIL2A_20200612T064629_R020_T40RDP_20200827T032518_0001.jpg,S2B_MSIL2A_20200612T064629_R020_T40RDP_20200827T032518,1,2020-06,T40RDP,0.7935144959474218,1,0.7593347463562558
S2A_MSIL2A_20200617T064631_R020_T40RDP_20200823T013151_0000.jpg,S2A_MSIL2A_20200617T064631_R020_T40RDP_20200823T013151,1,2020-06,T40RDP,0.7719884488622071,1,0.7593347463562558
S2A_MSIL2A_20200617T064631_R020_T40RDP_20200823T013151_0001.jpg,S2A_MSIL2A_20200617T064631_R020_T40RDP_20200823T013151,1,2020-06,T40RDP,0.7719884488622071,1,0.7593347463562558
S2A_MSIL2A_20200627T064631_R020_T40RDP_20200908T232057_0000.jpg,S2A_MSIL2A_20200627T064631_R020_T40RDP_20200908T232057,0,2020-06,T40RDP,0.049302464347603034,0,0.7593347463562558
S2A_MSIL2A_20200627T064631_R020_T40RDP_20200908T232057_0001.jpg,S2A_MSIL2A_20200627T064631_R020_T40RDP_20200908T232057,0,2020-06,T40RDP,0.049302464347603034,0,0.7593347463562558
S2B_MSIL2A_20200712T064629_R020_T40RDP_20200912T225615_0000.jpg,S2B_MSIL2A_20200712T064629_R020_T40RDP_20200912T225615,0,2020-07,T40RDP,0.026441140681445537,0,0.7593347463562558
S2B_MSIL2A_20200712T064629_R020_T40RDP_20200912T225615_0001.jpg,S2B_MSIL2A_20200712T064629_R020_T40RDP_20200912T225615,0,2020-07,T40RDP,0.026441140681445537,0,0.7593347463562558
S2A_MSIL2A_20200717T064631_R020_T40RDP_20200816T105654_0000.jpg,S2A_MSIL2A_20200717T064631_R020_T40RDP_20200816T105654,0,2020-07,T40RDP,0.02584910514947313,0,0.7593347463562558
S2A_MSIL2A_20200717T064631_R020_T40RDP_20200816T105654_0001.jpg,S2A_MSIL2A_20200717T064631_R020_T40RDP_20200816T105654,0,2020-07,T40RDP,0.02584910514947313,0,0.7593347463562558
S2A_MSIL2A_20200727T064631_R020_T40RDP_20200817T172227_0000.jpg,S2A_MSIL2A_20200727T064631_R020_T40RDP_20200817T172227,0,2020-07,T40RDP,0.6775373749756323,0,0.7593347463562558
S2A_MSIL2A_20200727T064631_R020_T40RDP_20200817T172227_0001.jpg,S2A_MSIL2A_20200727T064631_R020_T40RDP_20200817T172227,0,2020-07,T40RDP,0.6775373749756323,0,0.7593347463562558
S2A_MSIL2A_20200806T064631_R020_T40RDP_20200815T045031_0000.jpg,S2A_MSIL2A_20200806T064631_R020_T40RDP_20200815T045031,1,2020-08,T40RDP,0.9171590449352545,1,0.7593347463562558
S2A_MSIL2A_20200806T064631_R020_T40RDP_20200815T045031_0001.jpg,S2A_MSIL2A_20200806T064631_R020_T40RDP_20200815T045031,1,2020-08,T40RDP,0.9171590449352545,1,0.7593347463562558
S2B_MSIL2A_20200831T064629_R020_T40RDP_20200907T203947_0000.jpg,S2B_MSIL2A_20200831T064629_R020_T40RDP_20200907T203947,0,2020-08,T40RDP,0.04421303659595593,0,0.7593347463562558
S2B_MSIL2A_20200831T064629_R020_T40RDP_20200907T203947_0001.jpg,S2B_MSIL2A_20200831T064629_R020_T40RDP_20200907T203947,0,2020-08,T40RDP,0.04421303659595593,0,0.7593347463562558
S2A_MSIL2A_20200905T064631_R020_T40RDP_20200908T041703_0000.jpg,S2A_MSIL2A_20200905T064631_R020_T40RDP_20200908T041703,0,2020-09,T40RDP,0.015875952944182824,0,0.7593347463562558
S2A_MSIL2A_20200905T064631_R020_T40RDP_20200908T041703_0001.jpg,S2A_MSIL2A_20200905T064631_R020_T40RDP_20200908T041703,0,2020-09,T40RDP,0.015875952944182824,0,0.7593347463562558
S2A_MSIL2A_20200915T064631_R020_T40RDP_20200918T105421_0000.jpg,S2A_MSIL2A_20200915T064631_R020_T40RDP_20200918T105421,1,2020-09,T40RDP,0.8201099715434432,1,0.7593347463562558
S2A_MSIL2A_20200915T064631_R020_T40RDP_20200918T105421_0001.jpg,S2A_MSIL2A_20200915T064631_R020_T40RDP_20200918T105421,1,2020-09,T40RDP,0.8201099715434432,1,0.7593347463562558
S2A_MSIL2A_20200925T064631_R020_T40RDP_20200926T233117_0000.jpg,S2A_MSIL2A_20200925T064631_R020_T40RDP_20200926T233117,0,2020-09,T40RDP,0.3948590166900031,0,0.7593347463562558
S2A_MSIL2A_20200925T064631_R020_T40RDP_20200926T233117_0001.jpg,S2A_MSIL2A_20200925T064631_R020_T40RDP_20200926T233117,0,2020-09,T40RDP,0.3948590166900031,0,0.7593347463562558
S2A_MSIL2A_20201005T064741_R020_T40RDP_20201007T144803_0000.jpg,S2A_MSIL2A_20201005T064741_R020_T40RDP_20201007T144803,0,2020-10,T40RDP,0.4894111717891997,0,0.7593347463562558
S2A_MSIL2A_20201005T064741_R020_T40RDP_20201007T144803_0001.jpg,S2A_MSIL2A_20201005T064741_R020_T40RDP_20201007T144803,0,2020-10,T40RDP,0.4894111717891997,0,0.7593347463562558
S2B_MSIL2A_20201010T064809_R020_T40RDP_20201012T042755_0000.jpg,S2B_MSIL2A_20201010T064809_R020_T40RDP_20201012T042755,0,2020-10,T40RDP,0.04792523562163323,0,0.7593347463562558
S2B_MSIL2A_20201010T064809_R020_T40RDP_20201012T042755_0001.jpg,S2B_MSIL2A_20201010T064809_R020_T40RDP_20201012T042755,0,2020-10,T40RDP,0.04792523562163323,0,0.7593347463562558
S2B_MSIL2A_20201020T064919_R020_T40RDP_20201021T213850_0000.jpg,S2B_MSIL2A_20201020T064919_R020_T40RDP_20201021T213850,0,2020-10,T40RDP,0.01736873641991318,0,0.7593347463562558
S2B_MSIL2A_20201020T064919_R020_T40RDP_20201021T213850_0001.jpg,S2B_MSIL2A_20201020T064919_R020_T40RDP_20201021T213850,0,2020-10,T40RDP,0.01736873641991318,0,0.7593347463562558
S2B_MSIL2A_20201030T065019_R020_T40RDP_20201102T001742_0000.jpg,S2B_MSIL2A_20201030T065019_R020_T40RDP_20201102T001742,0,2020-10,T40RDP,0.16928002911945328,0,0.7593347463562558
S2B_MSIL2A_20201030T065019_R020_T40RDP_20201102T001742_0001.jpg,S2B_MSIL2A_20201030T065019_R020_T40RDP_20201102T001742,0,2020-10,T40RDP,0.16928002911945328,0,0.7593347463562558
S2A_MSIL2A_20201104T065051_R020_T40RDP_20201106T155819_0000.jpg,S2A_MSIL2A_20201104T065051_R020_T40RDP_20201106T155819,0,2020-11,T40RDP,0.03336402735703109,0,0.7593347463562558
S2A_MSIL2A_20201104T065051_R020_T40RDP_20201106T155819_0001.jpg,S2A_MSIL2A_20201104T065051_R020_T40RDP_20201106T155819,0,2020-11,T40RDP,0.03336402735703109,0,0.7593347463562558
S2A_MSIL2A_20201124T065211_R020_T40RDP_20201125T090010_0000.jpg,S2A_MSIL2A_20201124T065211_R020_T40RDP_20201125T090010,0,2020-11,T40RDP,0.33686493579531807,0,0.7593347463562558
S2A_MSIL2A_20201124T065211_R020_T40RDP_20201125T090010_0001.jpg,S2A_MSIL2A_20201124T065211_R020_T40RDP_20201125T090010,0,2020-11,T40RDP,0.33686493579531807,0,0.7593347463562558
S2B_MSIL2A_20201129T065229_R020_T40RDP_20201130T074538_0000.jpg,S2B_MSIL2A_20201129T065229_R020_T40RDP_20201130T074538,0,2020-11,T40RDP,0.3699792534358455,0,0.7593347463562558
S2B_MSIL2A_20201129T065229_R020_T40RDP_20201130T074538_0001.jpg,S2B_MSIL2A_20201129T065229_R020_T40RDP_20201130T074538,0,2020-11,T40RDP,0.3699792534358455,0,0.7593347463562558
S2A_MSIL2A_20201204T065241_R020_T40RDP_20201204T182220_0000.jpg,S2A_MSIL2A_20201204T065241_R020_T40RDP_20201204T182220,0,2020-12,T40RDP,0.03102954093904577,0,0.7593347463562558
S2A_MSIL2A_20201204T065241_R020_T40RDP_20201204T182220_0001.jpg,S2A_MSIL2A_20201204T065241_R020_T40RDP_20201204T182220,0,2020-12,T40RDP,0.03102954093904577,0,0.7593347463562558
S2A_MSIL2A_20201214T065301_R020_T40RDP_20201215T204015_0000.jpg,S2A_MSIL2A_20201214T065301_R020_T40RDP_20201215T204015,0,2020-12,T40RDP,0.03458510715170454,0,0.7593347463562558
S2A_MSIL2A_20201214T065301_R020_T40RDP_20201215T204015_0001.jpg,S2A_MSIL2A_20201214T065301_R020_T40RDP_20201215T204015,0,2020-12,T40RDP,0.03458510715170454,0,0.7593347463562558
S2A_MSIL2A_20201224T065311_R020_T40RDP_20201225T025427_0000.jpg,S2A_MSIL2A_20201224T065311_R020_T40RDP_20201225T025427,0,2020-12,T40RDP,0.2675865210452126,0,0.7593347463562558
S2A_MSIL2A_20201224T065311_R020_T40RDP_20201225T025427_0001.jpg,S2A_MSIL2A_20201224T065311_R020_T40RDP_20201225T025427,0,2020-12,T40RDP,0.2675865210452126,0,0.7593347463562558
S2B_MSIL2A_20201229T065259_R020_T40RDP_20201229T153105_0000.jpg,S2B_MSIL2A_20201229T065259_R020_T40RDP_20201229T153105,1,2020-12,T40RDP,0.8912210765098029,1,0.7593347463562558
S2B_MSIL2A_20201229T065259_R020_T40RDP_20201229T153105_0001.jpg,S2B_MSIL2A_20201229T065259_R020_T40RDP_20201229T153105,1,2020-12,T40RDP,0.8912210765098029,1,0.7593347463562558
S2B_MSIL2A_20210108T065249_R020_T40RDP_20210108T192844_0000.jpg,S2B_MSIL2A_20210108T065249_R020_T40RDP_20210108T192844,0,2021-01,T40RDP,0.5437653020318054,0,0.7593347463562558
S2B_MSIL2A_20210108T065249_R020_T40RDP_20210108T192844_0001.jpg,S2B_MSIL2A_20210108T065249_R020_T40RDP_20210108T192844,0,2021-01,T40RDP,0.5437653020318054,0,0.7593347463562558
S2A_MSIL2A_20210113T065231_R020_T40RDP_20210122T041210_0000.jpg,S2A_MSIL2A_20210113T065231_R020_T40RDP_20210122T041210,0,2021-01,T40RDP,0.22146535747433052,0,0.7593347463562558
S2A_MSIL2A_20210113T065231_R020_T40RDP_20210122T041210_0001.jpg,S2A_MSIL2A_20210113T065231_R020_T40RDP_20210122T041210,0,2021-01,T40RDP,0.22146535747433052,0,0.7593347463562558
S2B_MSIL2A_20210118T065219_R020_T40RDP_20210118T214817_0000.jpg,S2B_MSIL2A_20210118T065219_R020_T40RDP_20210118T214817,0,2021-01,T40RDP,0.07874388518343178,0,0.7593347463562558
S2B_MSIL2A_20210118T065219_R020_T40RDP_20210118T214817_0001.jpg,S2B_MSIL2A_20210118T065219_R020_T40RDP_20210118T214817,0,2021-01,T40RDP,0.07874388518343178,0,0.7593347463562558
S2B_MSIL2A_20210128T065129_R020_T40RDP_20210130T002734_0000.jpg,S2B_MSIL2A_20210128T065129_R020_T40RDP_20210130T002734,0,2021-01,T40RDP,0.0114767759018065,0,0.7593347463562558
S2B_MSIL2A_20210128T065129_R020_T40RDP_20210130T002734_0001.jpg,S2B_MSIL2A_20210128T065129_R020_T40RDP_20210130T002734,0,2021-01,T40RDP,0.0114767759018065,0,0.7593347463562558
S2A_MSIL2A_20210202T065111_R020_T40RDP_20210202T230544_0000.jpg,S2A_MSIL2A_20210202T065111_R020_T40RDP_20210202T230544,0,2021-02,T40RDP,0.02963876780211366,0,0.7593347463562558
S2A_MSIL2A_20210202T065111_R020_T40RDP_20210202T230544_0001.jpg,S2A_MSIL2A_20210202T065111_R020_T40RDP_20210202T230544,0,2021-02,T40RDP,0.02963876780211366,0,0.7593347463562558
S2A_MSIL2A_20210212T065011_R020_T40RDP_20210213T015143_0000.jpg,S2A_MSIL2A_20210212T065011_R020_T40RDP_20210213T015143,0,2021-02,T40RDP,0.10835623754841808,0,0.7593347463562558
S2A_MSIL2A_20210212T065011_R020_T40RDP_20210213T015143_0001.jpg,S2A_MSIL2A_20210212T065011_R020_T40RDP_20210213T015143,0,2021-02,T40RDP,0.10835623754841808,0,0.7593347463562558
S2B_MSIL2A_20210217T064929_R020_T40RDP_20210219T052421_0000.jpg,S2B_MSIL2A_20210217T064929_R020_T40RDP_20210219T052421,0,2021-02,T40RDP,0.1115646643645757,0,0.7593347463562558
S2B_MSIL2A_20210217T064929_R020_T40RDP_20210219T052421_0001.jpg,S2B_MSIL2A_20210217T064929_R020_T40RDP_20210219T052421,0,2021-02,T40RDP,0.1115646643645757,0,0.7593347463562558
S2B_MSIL2A_20210227T064829_R020_T40RDP_20210227T151747_0000.jpg,S2B_MSIL2A_20210227T064829_R020_T40RDP_20210227T151747,1,2021-02,T40RDP,0.741352180818718,0,0.7593347463562558
S2B_MSIL2A_20210227T064829_R020_T40RDP_20210227T151747_0001.jpg,S2B_MSIL2A_20210227T064829_R020_T40RDP_20210227T151747,1,2021-02,T40RDP,0.741352180818718,0,0.7593347463562558
S2A_MSIL2A_20210304T064751_R020_T40RDP_20210304T204918_0000.jpg,S2A_MSIL2A_20210304T064751_R020_T40RDP_20210304T204918,0,2021-03,T40RDP,0.5651700233778131,0,0.7593347463562558
S2A_MSIL2A_20210304T064751_R020_T40RDP_20210304T204918_0001.jpg,S2A_MSIL2A_20210304T064751_R020_T40RDP_20210304T204918,0,2021-03,T40RDP,0.5651700233778131,0,0.7593347463562558
S2B_MSIL2A_20210309T064719_R020_T40RDP_20210309T160558_0000.jpg,S2B_MSIL2A_20210309T064719_R020_T40RDP_20210309T160558,0,2021-03,T40RDP,0.6630159681552023,0,0.7593347463562558
S2B_MSIL2A_20210309T064719_R020_T40RDP_20210309T160558_0001.jpg,S2B_MSIL2A_20210309T064719_R020_T40RDP_20210309T160558,0,2021-03,T40RDP,0.6630159681552023,0,0.7593347463562558
S2A_MSIL2A_20210324T064621_R020_T40RDP_20210324T162047_0000.jpg,S2A_MSIL2A_20210324T064621_R020_T40RDP_20210324T162047,0,2021-03,T40RDP,0.19826793884738012,0,0.7593347463562558
S2A_MSIL2A_20210324T064621_R020_T40RDP_20210324T162047_0001.jpg,S2A_MSIL2A_20210324T064621_R020_T40RDP_20210324T162047,0,2021-03,T40RDP,0.19826793884738012,0,0.7593347463562558
S2B_MSIL2A_20210329T064619_R020_T40RDP_20210330T054006_0000.jpg,S2B_MSIL2A_20210329T064619_R020_T40RDP_20210330T054006,0,2021-03,T40RDP,0.19407068940576416,0,0.7593347463562558
S2B_MSIL2A_20210329T064619_R020_T40RDP_20210330T054006_0001.jpg,S2B_MSIL2A_20210329T064619_R020_T40RDP_20210330T054006,0,2021-03,T40RDP,0.19407068940576416,0,0.7593347463562558
S2B_MSIL2A_20210408T064619_R020_T40RDP_20210408T201535_0000.jpg,S2B_MSIL2A_20210408T064619_R020_T40RDP_20210408T201535,0,2021-04,T40RDP,0.452453735298221,0,0.7593347463562558
S2B_MSIL2A_20210408T064619_R020_T40RDP_20210408T201535_0001.jpg,S2B_MSIL2A_20210408T064619_R020_T40RDP_20210408T201535,0,2021-04,T40RDP,0.452453735298221,0,0.7593347463562558
S2A_MSIL2A_20210413T064621_R020_T40RDP_20210414T053249_0000.jpg,S2A_MSIL2A_20210413T064621_R020_T40RDP_20210414T053249,0,2021-04,T40RDP,0.44070860453647337,0,0.7593347463562558
S2A_MSIL2A_20210413T064621_R020_T40RDP_20210414T053249_0001.jpg,S2A_MSIL2A_20210413T064621_R020_T40RDP_20210414T053249,0,2021-04,T40RDP,0.44070860453647337,0,0.7593347463562558
S2A_MSIL2A_20210513T064621_R020_T40RDP_20210514T123915_0000.jpg,S2A_MSIL2A_20210513T064621_R020_T40RDP_20210514T123915,1,2021-05,T40RDP,0.8514139778296773,1,0.7593347463562558
S2A_MSIL2A_20210513T064621_R020_T40RDP_20210514T123915_0001.jpg,S2A_MSIL2A_20210513T064621_R020_T40RDP_20210514T123915,1,2021-05,T40RDP,0.8514139778296773,1,0.7593347463562558
S2B_MSIL2A_20210528T064629_R020_T40RDP_20210529T000758_0000.jpg,S2B_MSIL2A_20210528T064629_R020_T40RDP_20210529T000758,0,2021-05,T40RDP,0.43469012117191624,0,0.7593347463562558
S2B_MSIL2A_20210528T064629_R020_T40RDP_20210529T000758_0001.jpg,S2B_MSIL2A_20210528T064629_R020_T40RDP_20210529T000758,0,2021-05,T40RDP,0.43469012117191624,0,0.7593347463562558
S2A_MSIL2A_20210602T064631_R020_T40RDP_20210602T212018_0000.jpg,S2A_MSIL2A_20210602T064631_R020_T40RDP_20210602T212018,0,2021-06,T40RDP,0.09389379392166748,0,0.7593347463562558
S2A_MSIL2A_20210602T064631_R020_T40RDP_20210602T212018_0001.jpg,S2A_MSIL2A_20210602T064631_R020_T40RDP_20210602T212018,0,2021-06,T40RDP,0.09389379392166748,0,0.7593347463562558
S2A_MSIL2A_20210612T064621_R020_T40RDP_20210614T150758_0000.jpg,S2A_MSIL2A_20210612T064621_R020_T40RDP_20210614T150758,1,2021-06,T40RDP,0.4658936836494825,0,0.7593347463562558
S2A_MSIL2A_20210612T064621_R020_T40RDP_20210614T150758_0001.jpg,S2A_MSIL2A_20210612T064621_R020_T40RDP_20210614T150758,1,2021-06,T40RDP,0.4658936836494825,0,0.7593347463562558
S2B_MSIL2A_20210617T064629_R020_T40RDP_20210617T170925_0000.jpg,S2B_MSIL2A_20210617T064629_R020_T40RDP_20210617T170925,1,2021-06,T40RDP,0.529857655341764,0,0.7593347463562558
S2B_MSIL2A_20210617T064629_R020_T40RDP_20210617T170925_0001.jpg,S2B_MSIL2A_20210617T064629_R020_T40RDP_20210617T170925,1,2021-06,T40RDP,0.529857655341764,0,0.7593347463562558
S2B_MSIL2A_20210627T064629_R020_T40RDP_20210627T212742_0000.jpg,S2B_MSIL2A_20210627T064629_R020_T40RDP_20210627T212742,0,2021-06,T40RDP,0.05440830945251951,0,0.7593347463562558
S2B_MSIL2A_20210627T064629_R020_T40RDP_20210627T212742_0001.jpg,S2B_MSIL2A_20210627T064629_R020_T40RDP_20210627T212742,0,2021-06,T40RDP,0.05440830945251951,0,0.7593347463562558
S2A_MSIL2A_20210702T064631_R020_T40RDP_20210702T202316_0000.jpg,S2A_MSIL2A_20210702T064631_R020_T40RDP_20210702T202316,0,2021-07,T40RDP,0.38520126329184023,0,0.7593347463562558
S2A_MSIL2A_20210702T064631_R020_T40RDP_20210702T202316_0001.jpg,S2A_MSIL2A_20210702T064631_R020_T40RDP_20210702T202316,0,2021-07,T40RDP,0.38520126329184023,0,0.7593347463562558
S2A_MSIL2A_20210722T064631_R020_T40RDP_20210722T180746_0000.jpg,S2A_MSIL2A_20210722T064631_R020_T40RDP_20210722T180746,0,2021-07,T40RDP,0.1769206232364974,0,0.7593347463562558
S2A_MSIL2A_20210722T064631_R020_T40RDP_20210722T180746_0001.jpg,S2A_MSIL2A_20210722T064631_R020_T40RDP_20210722T180746,0,2021-07,T40RDP,0.1769206232364974,0,0.7593347463562558
S2B_MSIL2A_20210826T064619_R020_T40RDP_20210826T175151_0000.jpg,S2B_MSIL2A_20210826T064619_R020_T40RDP_20210826T175151,0,2021-08,T40RDP,0.3035251333437105,0,0.7593347463562558
S2B_MSIL2A_20210826T064619_R020_T40RDP_20210826T175151_0001.jpg,S2B_MSIL2A_20210826T064619_R020_T40RDP_20210826T175151,0,2021-08,T40RDP,0.3035251333437105,0,0.7593347463562558
S2B_MSIL2A_20210915T064619_R020_T40RDP_20210915T193943_0000.jpg,S2B_MSIL2A_20210915T064619_R020_T40RDP_20210915T193943,0,2021-09,T40RDP,0.2908812677654894,0,0.7593347463562558
S2B_MSIL2A_20210915T064619_R020_T40RDP_20210915T193943_0001.jpg,S2B_MSIL2A_20210915T064619_R020_T40RDP_20210915T193943,0,2021-09,T40RDP,0.2908812677654894,0,0.7593347463562558
S2A_MSIL2A_20210920T064631_R020_T40RDP_20210920T182154_0000.jpg,S2A_MSIL2A_20210920T064631_R020_T40RDP_20210920T182154,0,2021-09,T40RDP,0.2996439651406297,0,0.7593347463562558
S2A_MSIL2A_20210920T064631_R020_T40RDP_20210920T182154_0001.jpg,S2A_MSIL2A_20210920T064631_R020_T40RDP_20210920T182154,0,2021-09,T40RDP,0.2996439651406297,0,0.7593347463562558
S2B_MSIL2A_20211005T064729_R020_T40RDP_20211005T184517_0000.jpg,S2B_MSIL2A_20211005T064729_R020_T40RDP_20211005T184517,1,2021-10,T40RDP,0.39590619097650565,0,0.7593347463562558
S2B_MSIL2A_20211005T064729_R020_T40RDP_20211005T184517_0001.jpg,S2B_MSIL2A_20211005T064729_R020_T40RDP_20211005T184517,1,2021-10,T40RDP,0.39590619097650565,0,0.7593347463562558
S2B_MSIL2A_20211104T065039_R020_T40RDP_20211110T203100_0000.jpg,S2B_MSIL2A_20211104T065039_R020_T40RDP_20211110T203100,0,2021-11,T40RDP,0.40942525405659114,0,0.7593347463562558
S2B_MSIL2A_20211104T065039_R020_T40RDP_20211110T203100_0001.jpg,S2B_MSIL2A_20211104T065039_R020_T40RDP_20211110T203100,0,2021-11,T40RDP,0.40942525405659114,0,0.7593347463562558
S2B_MSIL2A_20211114T065129_R020_T40RDP_20211114T163648_0000.jpg,S2B_MSIL2A_20211114T065129_R020_T40RDP_20211114T163648,0,2021-11,T40RDP,0.202374192397207,0,0.7593347463562558
S2B_MSIL2A_20211114T065129_R020_T40RDP_20211114T163648_0001.jpg,S2B_MSIL2A_20211114T065129_R020_T40RDP_20211114T163648,0,2021-11,T40RDP,0.202374192397207,0,0.7593347463562558
S2B_MSIL2A_20211124T065159_R020_T40RDP_20211124T175021_0000.jpg,S2B_MSIL2A_20211124T065159_R020_T40RDP_20211124T175021,0,2021-11,T40RDP,0.020648555712771913,0,0.7593347463562558
S2B_MSIL2A_20211124T065159_R020_T40RDP_20211124T175021_0001.jpg,S2B_MSIL2A_20211124T065159_R020_T40RDP_20211124T175021,0,2021-11,T40RDP,0.020648555712771913,0,0.7593347463562558
S2A_MSIL2A_20211129T065231_R020_T40RDP_20211130T021011_0000.jpg,S2A_MSIL2A_20211129T065231_R020_T40RDP_20211130T021011,0,2021-11,T40RDP,0.31215438562315345,0,0.7593347463562558
S2A_MSIL2A_20211129T065231_R020_T40RDP_20211130T021011_0001.jpg,S2A_MSIL2A_20211129T065231_R020_T40RDP_20211130T021011,0,2021-11,T40RDP,0.31215438562315345,0,0.7593347463562558
S2B_MSIL2A_20211204T065239_R020_T40RDP_20211204T202252_0000.jpg,S2B_MSIL2A_20211204T065239_R020_T40RDP_20211204T202252,0,2021-12,T40RDP,0.3110146034780638,0,0.7593347463562558
S2B_MSIL2A_20211204T065239_R020_T40RDP_20211204T202252_0001.jpg,S2B_MSIL2A_20211204T065239_R020_T40RDP_20211204T202252,0,2021-12,T40RDP,0.3110146034780638,0,0.7593347463562558
S2B_MSIL2A_20211224T065309_R020_T40RDP_20211224T211558_0000.jpg,S2B_MSIL2A_20211224T065309_R020_T40RDP_20211224T211558,1,2021-12,T40RDP,0.5342493944572673,0,0.7593347463562558
S2B_MSIL2A_20211224T065309_R020_T40RDP_20211224T211558_0001.jpg,S2B_MSIL2A_20211224T065309_R020_T40RDP_20211224T211558,1,2021-12,T40RDP,0.5342493944572673,0,0.7593347463562558
S2A_MSIL2A_20220108T065251_R020_T40RDP_20220111T051244_0000.jpg,S2A_MSIL2A_20220108T065251_R020_T40RDP_20220111T051244,0,2022-01,T40RDP,0.042113305787221327,0,0.7593347463562558
S2A_MSIL2A_20220108T065251_R020_T40RDP_20220111T051244_0001.jpg,S2A_MSIL2A_20220108T065251_R020_T40RDP_20220111T051244,0,2022-01,T40RDP,0.042113305787221327,0,0.7593347463562558
S2B_MSIL2A_20220113T065229_R020_T40RDP_20220113T164556_0000.jpg,S2B_MSIL2A_20220113T065229_R020_T40RDP_20220113T164556,0,2022-01,T40RDP,0.4087241532439962,0,0.7593347463562558
S2B_MSIL2A_20220113T065229_R020_T40RDP_20220113T164556_0001.jpg,S2B_MSIL2A_20220113T065229_R020_T40RDP_20220113T164556,0,2022-01,T40RDP,0.4087241532439962,0,0.7593347463562558
S2B_MSIL2A_20220123T065149_R020_T40RDP_20220123T212614_0000.jpg,S2B_MSIL2A_20220123T065149_R020_T40RDP_20220123T212614,1,2022-01,T40RDP,0.8676975949276698,1,0.7593347463562558
S2B_MSIL2A_20220123T065149_R020_T40RDP_20220123T212614_0001.jpg,S2B_MSIL2A_20220123T065149_R020_T40RDP_20220123T212614,1,2022-01,T40RDP,0.8676975949276698,1,0.7593347463562558
S2B_MSIL2A_20220202T065109_R020_T40RDP_20220217T143849_0000.jpg,S2B_MSIL2A_20220202T065109_R020_T40RDP_20220217T143849,0,2022-02,T40RDP,0.6629206241684794,0,0.7593347463562558
S2B_MSIL2A_20220202T065109_R020_T40RDP_20220217T143849_0001.jpg,S2B_MSIL2A_20220202T065109_R020_T40RDP_20220217T143849,0,2022-02,T40RDP,0.6629206241684794,0,0.7593347463562558
S2B_MSIL2A_20220212T065009_R020_T40RDP_20220222T053424_0000.jpg,S2B_MSIL2A_20220212T065009_R020_T40RDP_20220222T053424,1,2022-02,T40RDP,0.7583481739094062,0,0.7593347463562558
S2B_MSIL2A_20220212T065009_R020_T40RDP_20220222T053424_0001.jpg,S2B_MSIL2A_20220212T065009_R020_T40RDP_20220222T053424,1,2022-02,T40RDP,0.7583481739094062,0,0.7593347463562558
S2A_MSIL2A_20220227T064831_R020_T40RDP_20220302T170652_0000.jpg,S2A_MSIL2A_20220227T064831_R020_T40RDP_20220302T170652,0,2022-02,T40RDP,0.039523433437901025,0,0.7593347463562558
S2A_MSIL2A_20220227T064831_R020_T40RDP_20220302T170652_0001.jpg,S2A_MSIL2A_20220227T064831_R020_T40RDP_20220302T170652,0,2022-02,T40RDP,0.039523433437901025,0,0.7593347463562558
S2B_MSIL2A_20220314T064639_R020_T40RDP_20240526T072428_0000.jpg,S2B_MSIL2A_20220314T064639_R020_T40RDP_20240526T072428,0,2022-03,T40RDP,0.700419384576695,0,0.7593347463562558
S2B_MSIL2A_20220314T064639_R020_T40RDP_20240526T072428_0001.jpg,S2B_MSIL2A_20220314T064639_R020_T40RDP_20240526T072428,0,2022-03,T40RDP,0.700419384576695,0,0.7593347463562558
S2B_MSIL2A_20220324T064619_R020_T40RDP_20220324T202535_0000.jpg,S2B_MSIL2A_20220324T064619_R020_T40RDP_20220324T202535,0,2022-03,T40RDP,0.036489713104166786,0,0.7593347463562558
S2B_MSIL2A_20220324T064619_R020_T40RDP_20220324T202535_0001.jpg,S2B_MSIL2A_20220324T064619_R020_T40RDP_20220324T202535,0,2022-03,T40RDP,0.036489713104166786,0,0.7593347463562558
S2A_MSIL2A_20220329T064631_R020_T40RDP_20240530T191803_0000.jpg,S2A_MSIL2A_20220329T064631_R020_T40RDP_20240530T191803,0,2022-03,T40RDP,0.04831891346207868,0,0.7593347463562558
S2A_MSIL2A_20220329T064631_R020_T40RDP_20240530T191803_0001.jpg,S2A_MSIL2A_20220329T064631_R020_T40RDP_20240530T191803,0,2022-03,T40RDP,0.04831891346207868,0,0.7593347463562558
S2A_MSIL2A_20220408T064631_R020_T40RDP_20220408T184847_0000.jpg,S2A_MSIL2A_20220408T064631_R020_T40RDP_20220408T184847,0,2022-04,T40RDP,0.06865063115201041,0,0.7593347463562558
S2A_MSIL2A_20220408T064631_R020_T40RDP_20220408T184847_0001.jpg,S2A_MSIL2A_20220408T064631_R020_T40RDP_20220408T184847,0,2022-04,T40RDP,0.06865063115201041,0,0.7593347463562558
S2B_MSIL2A_20220413T064619_R020_T40RDP_20220414T012444_0000.jpg,S2B_MSIL2A_20220413T064619_R020_T40RDP_20220414T012444,0,2022-04,T40RDP,0.04123230019106224,0,0.7593347463562558
S2B_MSIL2A_20220413T064619_R020_T40RDP_20220414T012444_0001.jpg,S2B_MSIL2A_20220413T064619_R020_T40RDP_20220414T012444,0,2022-04,T40RDP,0.04123230019106224,0,0.7593347463562558
S2B_MSIL2A_20220423T064619_R020_T40RDP_20240608T175630_0000.jpg,S2B_MSIL2A_20220423T064619_R020_T40RDP_20240608T175630,1,2022-04,T40RDP,0.8631074949770897,1,0.7593347463562558
S2B_MSIL2A_20220423T064619_R020_T40RDP_20240608T175630_0001.jpg,S2B_MSIL2A_20220423T064619_R020_T40RDP_20240608T175630,1,2022-04,T40RDP,0.8631074949770897,1,0.7593347463562558
S2A_MSIL2A_20220428T064631_R020_T40RDP_20220429T020418_0000.jpg,S2A_MSIL2A_20220428T064631_R020_T40RDP_20220429T020418,1,2022-04,T40RDP,0.8645821535126728,1,0.7593347463562558
S2A_MSIL2A_20220428T064631_R020_T40RDP_20220429T020418_0001.jpg,S2A_MSIL2A_20220428T064631_R020_T40RDP_20220429T020418,1,2022-04,T40RDP,0.8645821535126728,1,0.7593347463562558
S2B_MSIL2A_20220503T064619_R020_T40RDP_20220503T220214_0000.jpg,S2B_MSIL2A_20220503T064619_R020_T40RDP_20220503T220214,0,2022-05,T40RDP,0.3396946451644008,0,0.7593347463562558
S2B_MSIL2A_20220503T064619_R020_T40RDP_20220503T220214_0001.jpg,S2B_MSIL2A_20220503T064619_R020_T40RDP_20220503T220214,0,2022-05,T40RDP,0.3396946451644008,0,0.7593347463562558
S2B_MSIL2A_20220513T064619_R020_T40RDP_20240613T170011_0000.jpg,S2B_MSIL2A_20220513T064619_R020_T40RDP_20240613T170011,0,2022-05,T40RDP,0.02337740138653583,0,0.7593347463562558
S2B_MSIL2A_20220513T064619_R020_T40RDP_20240613T170011_0001.jpg,S2B_MSIL2A_20220513T064619_R020_T40RDP_20240613T170011,0,2022-05,T40RDP,0.02337740138653583,0,0.7593347463562558
S2A_MSIL2A_20220518T064631_R020_T40RDP_20220520T052740_0000.jpg,S2A_MSIL2A_20220518T064631_R020_T40RDP_20220520T052740,0,2022-05,T40RDP,0.2681231256241641,0,0.7593347463562558
S2A_MSIL2A_20220518T064631_R020_T40RDP_20220520T052740_0001.jpg,S2A_MSIL2A_20220518T064631_R020_T40RDP_20220520T052740,0,2022-05,T40RDP,0.2681231256241641,0,0.7593347463562558
S2A_MSIL2A_20220528T064631_R020_T40RDP_20240629T015931_0000.jpg,S2A_MSIL2A_20220528T064631_R020_T40RDP_20240629T015931,1,2022-05,T40RDP,0.8746988166491267,1,0.7593347463562558
S2A_MSIL2A_20220528T064631_R020_T40RDP_20240629T015931_0001.jpg,S2A_MSIL2A_20220528T064631_R020_T40RDP_20240629T015931,1,2022-05,T40RDP,0.8746988166491267,1,0.7593347463562558
S2B_MSIL2A_20220602T064629_R020_T40RDP_20240619T144519_0000.jpg,S2B_MSIL2A_20220602T064629_R020_T40RDP_20240619T144519,0,2022-06,T40RDP,0.2869761380545379,0,0.7593347463562558
S2B_MSIL2A_20220602T064629_R020_T40RDP_20240619T144519_0001.jpg,S2B_MSIL2A_20220602T064629_R020_T40RDP_20240619T144519,0,2022-06,T40RDP,0.2869761380545379,0,0.7593347463562558
S2B_MSIL2A_20220622T064629_R020_T40RDP_20220622T162812_0000.jpg,S2B_MSIL2A_20220622T064629_R020_T40RDP_20220622T162812,0,2022-06,T40RDP,0.11501937138535215,0,0.7593347463562558
S2B_MSIL2A_20220622T064629_R020_T40RDP_20220622T162812_0001.jpg,S2B_MSIL2A_20220622T064629_R020_T40RDP_20220622T162812,0,2022-06,T40RDP,0.11501937138535215,0,0.7593347463562558
S2B_MSIL2A_20220702T064629_R020_T40RDP_20220702T192355_0000.jpg,S2B_MSIL2A_20220702T064629_R020_T40RDP_20220702T192355,0,2022-07,T40RDP,0.2883735739832999,0,0.7593347463562558
S2B_MSIL2A_20220702T064629_R020_T40RDP_20220702T192355_0001.jpg,S2B_MSIL2A_20220702T064629_R020_T40RDP_20220702T192355,0,2022-07,T40RDP,0.2883735739832999,0,0.7593347463562558
S2B_MSIL2A_20220712T064629_R020_T40RDP_20220713T172255_0000.jpg,S2B_MSIL2A_20220712T064629_R020_T40RDP_20220713T172255,0,2022-07,T40RDP,0.4649367123466902,0,0.7593347463562558
S2B_MSIL2A_20220712T064629_R020_T40RDP_20220713T172255_0001.jpg,S2B_MSIL2A_20220712T064629_R020_T40RDP_20220713T172255,0,2022-07,T40RDP,0.4649367123466902,0,0.7593347463562558
S2B_MSIL2A_20220811T064629_R020_T40RDP_20220812T033521_0000.jpg,S2B_MSIL2A_20220811T064629_R020_T40RDP_20220812T033521,0,2022-08,T40RDP,0.017630090251645383,0,0.7593347463562558
S2B_MSIL2A_20220811T064629_R020_T40RDP_20220812T033521_0001.jpg,S2B_MSIL2A_20220811T064629_R020_T40RDP_20220812T033521,0,2022-08,T40RDP,0.017630090251645383,0,0.7593347463562558
S2B_MSIL2A_20220821T064629_R020_T40RDP_20240704T040858_0000.jpg,S2B_MSIL2A_20220821T064629_R020_T40RDP_20240704T040858,0,2022-08,T40RDP,0.6695119134546147,0,0.7593347463562558
S2B_MSIL2A_20220821T064629_R020_T40RDP_20240704T040858_0001.jpg,S2B_MSIL2A_20220821T064629_R020_T40RDP_20240704T040858,0,2022-08,T40RDP,0.6695119134546147,0,0.7593347463562558
S2B_MSIL2A_20220831T064629_R020_T40RDP_20220901T073019_0000.jpg,S2B_MSIL2A_20220831T064629_R020_T40RDP_20220901T073019,0,2022-08,T40RDP,0.42773582146895434,0,0.7593347463562558
S2B_MSIL2A_20220831T064629_R020_T40RDP_20220901T073019_0001.jpg,S2B_MSIL2A_20220831T064629_R020_T40RDP_20220901T073019,0,2022-08,T40RDP,0.42773582146895434,0,0.7593347463562558
S2B_MSIL2A_20220910T064629_R020_T40RDP_20220911T222605_0000.jpg,S2B_MSIL2A_20220910T064629_R020_T40RDP_20220911T222605,0,2022-09,T40RDP,0.033307886427212295,0,0.7593347463562558
S2B_MSIL2A_20220910T064629_R020_T40RDP_20220911T222605_0001.jpg,S2B_MSIL2A_20220910T064629_R020_T40RDP_20220911T222605,0,2022-09,T40RDP,0.033307886427212295,0,0.7593347463562558
S2B_MSIL2A_20220920T064629_R020_T40RDP_20240728T021039_0000.jpg,S2B_MSIL2A_20220920T064629_R020_T40RDP_20240728T021039,1,2022-09,T40RDP,0.9145565043636363,1,0.7593347463562558
S2B_MSIL2A_20220920T064629_R020_T40RDP_20240728T021039_0001.jpg,S2B_MSIL2A_20220920T064629_R020_T40RDP_20240728T021039,1,2022-09,T40RDP,0.9145565043636363,1,0.7593347463562558
S2A_MSIL2A_20221005T064741_R020_T40RDP_20221005T231447_0000.jpg,S2A_MSIL2A_20221005T064741_R020_T40RDP_20221005T231447,1,2022-10,T40RDP,0.9151259951551823,1,0.7593347463562558
S2A_MSIL2A_20221005T064741_R020_T40RDP_20221005T231447_0001.jpg,S2A_MSIL2A_20221005T064741_R020_T40RDP_20221005T231447,1,2022-10,T40RDP,0.9151259951551823,1,0.7593347463562558
S2B_MSIL2A_20221010T064759_R020_T40RDP_20221010T171637_0000.jpg,S2B_MSIL2A_20221010T064759_R020_T40RDP_20221010T171637,0,2022-10,T40RDP,0.28887255175035476,0,0.7593347463562558
S2B_MSIL2A_20221010T064759_R020_T40RDP_20221010T171637_0001.jpg,S2B_MSIL2A_20221010T064759_R020_T40RDP_20221010T171637,0,2022-10,T40RDP,0.28887255175035476,0,0.7593347463562558
S2B_MSIL2A_20221020T064909_R020_T40RDP_20221020T150922_0000.jpg,S2B_MSIL2A_20221020T064909_R020_T40RDP_20221020T150922,0,2022-10,T40RDP,0.031994818679044704,0,0.7593347463562558
S2B_MSIL2A_20221020T064909_R020_T40RDP_20221020T150922_0001.jpg,S2B_MSIL2A_20221020T064909_R020_T40RDP_20221020T150922,0,2022-10,T40RDP,0.031994818679044704,0,0.7593347463562558
S2A_MSIL2A_20221114T065131_R020_T40RDP_20221114T201831_0000.jpg,S2A_MSIL2A_20221114T065131_R020_T40RDP_20221114T201831,0,2022-11,T40RDP,0.4962649770481197,0,0.7593347463562558
S2A_MSIL2A_20221114T065131_R020_T40RDP_20221114T201831_0001.jpg,S2A_MSIL2A_20221114T065131_R020_T40RDP_20221114T201831,0,2022-11,T40RDP,0.4962649770481197,0,0.7593347463562558
S2A_MSIL2A_20221124T065201_R020_T40RDP_20221125T124758_0000.jpg,S2A_MSIL2A_20221124T065201_R020_T40RDP_20221125T124758,0,2022-11,T40RDP,0.06902679172635692,0,0.7593347463562558
S2A_MSIL2A_20221124T065201_R020_T40RDP_20221125T124758_0001.jpg,S2A_MSIL2A_20221124T065201_R020_T40RDP_20221125T124758,0,2022-11,T40RDP,0.06902679172635692,0,0.7593347463562558
S2B_MSIL2A_20221129T065229_R020_T40RDP_20221130T205134_0000.jpg,S2B_MSIL2A_20221129T065229_R020_T40RDP_20221130T205134,0,2022-11,T40RDP,0.12661303208235236,0,0.7593347463562558
S2B_MSIL2A_20221129T065229_R020_T40RDP_20221130T205134_0001.jpg,S2B_MSIL2A_20221129T065229_R020_T40RDP_20221130T205134,0,2022-11,T40RDP,0.12661303208235236,0,0.7593347463562558
S2A_MSIL2A_20221214T065301_R020_T40RDP_20221214T163439_0000.jpg,S2A_MSIL2A_20221214T065301_R020_T40RDP_20221214T163439,0,2022-12,T40RDP,0.017452698420923347,0,0.7593347463562558
S2A_MSIL2A_20221214T065301_R020_T40RDP_20221214T163439_0001.jpg,S2A_MSIL2A_20221214T065301_R020_T40RDP_20221214T163439,0,2022-12,T40RDP,0.017452698420923347,0,0.7593347463562558
S2B_MSIL2A_20221219T065309_R020_T40RDP_20221220T000640_0000.jpg,S2B_MSIL2A_20221219T065309_R020_T40RDP_20221220T000640,1,2022-12,T40RDP,0.7207285675037024,0,0.7593347463562558
S2B_MSIL2A_20221219T065309_R020_T40RDP_20221220T000640_0001.jpg,S2B_MSIL2A_20221219T065309_R020_T40RDP_20221220T000640,1,2022-12,T40RDP,0.7207285675037024,0,0.7593347463562558
S2A_MSIL2A_20230113T065231_R020_T40RDP_20230113T221234_0000.jpg,S2A_MSIL2A_20230113T065231_R020_T40RDP_20230113T221234,1,2023-01,T40RDP,0.9494472069081932,1,0.7593347463562558
S2B_MSIL2A_20230128T065129_R020_T40RDP_20230129T191033_0000.jpg,S2B_MSIL2A_20230128T065129_R020_T40RDP_20230129T191033,0,2023-01,T40RDP,0.0280177043259667,0,0.7593347463562558
S2B_MSIL2A_20230128T065129_R020_T40RDP_20230129T191033_0001.jpg,S2B_MSIL2A_20230128T065129_R020_T40RDP_20230129T191033,0,2023-01,T40RDP,0.0280177043259667,0,0.7593347463562558
S2B_MSIL2A_20230207T065039_R020_T40RDP_20230208T043016_0000.jpg,S2B_MSIL2A_20230207T065039_R020_T40RDP_20230208T043016,0,2023-02,T40RDP,0.336928448346568,0,0.7593347463562558
S2B_MSIL2A_20230207T065039_R020_T40RDP_20230208T043016_0001.jpg,S2B_MSIL2A_20230207T065039_R020_T40RDP_20230208T043016,0,2023-02,T40RDP,0.336928448346568,0,0.7593347463562558
S2A_MSIL2A_20230212T065011_R020_T40RDP_20240814T114255_0000.jpg,S2A_MSIL2A_20230212T065011_R020_T40RDP_20240814T114255,0,2023-02,T40RDP,0.16006383031140947,0,0.7593347463562558
S2A_MSIL2A_20230212T065011_R020_T40RDP_20240814T114255_0001.jpg,S2A_MSIL2A_20230212T065011_R020_T40RDP_20240814T114255,0,2023-02,T40RDP,0.16006383031140947,0,0.7593347463562558
S2B_MSIL2A_20230217T064939_R020_T40RDP_20230218T005027_0000.jpg,S2B_MSIL2A_20230217T064939_R020_T40RDP_20230218T005027,0,2023-02,T40RDP,0.1183631976521087,0,0.7593347463562558
S2B_MSIL2A_20230217T064939_R020_T40RDP_20230218T005027_0001.jpg,S2B_MSIL2A_20230217T064939_R020_T40RDP_20230218T005027,0,2023-02,T40RDP,0.1183631976521087,0,0.7593347463562558
S2B_MSIL2A_20230227T064829_R020_T40RDP_20230301T091442_0000.jpg,S2B_MSIL2A_20230227T064829_R020_T40RDP_20230301T091442,0,2023-02,T40RDP,0.08534113832784156,0,0.7593347463562558
S2B_MSIL2A_20230227T064829_R020_T40RDP_20230301T091442_0001.jpg,S2B_MSIL2A_20230227T064829_R020_T40RDP_20230301T091442,0,2023-02,T40RDP,0.08534113832784156,0,0.7593347463562558
S2A_MSIL2A_20230304T064751_R020_T40RDP_20230304T123749_0000.jpg,S2A_MSIL2A_20230304T064751_R020_T40RDP_20230304T123749,1,2023-03,T40RDP,0.8179709347463276,1,0.7593347463562558
S2A_MSIL2A_20230304T064751_R020_T40RDP_20230304T123749_0001.jpg,S2A_MSIL2A_20230304T064751_R020_T40RDP_20230304T123749,1,2023-03,T40RDP,0.8179709347463276,1,0.7593347463562558
S2B_MSIL2A_20230309T064719_R020_T40RDP_20230309T122025_0000.jpg,S2B_MSIL2A_20230309T064719_R020_T40RDP_20230309T122025,0,2023-03,T40RDP,0.03087578811298755,0,0.7593347463562558
S2B_MSIL2A_20230309T064719_R020_T40RDP_20230309T122025_0001.jpg,S2B_MSIL2A_20230309T064719_R020_T40RDP_20230309T122025,0,2023-03,T40RDP,0.03087578811298755,0,0.7593347463562558
S2B_MSIL2A_20230329T064629_R020_T40RDP_20240823T165234_0000.jpg,S2B_MSIL2A_20230329T064629_R020_T40RDP_20240823T165234,1,2023-03,T40RDP,0.7671233711318304,1,0.7593347463562558
S2B_MSIL2A_20230329T064629_R020_T40RDP_20240823T165234_0001.jpg,S2B_MSIL2A_20230329T064629_R020_T40RDP_20240823T165234,1,2023-03,T40RDP,0.7671233711318304,1,0.7593347463562558
S2A_MSIL2A_20230403T064621_R020_T40RDP_20230403T120128_0000.jpg,S2A_MSIL2A_20230403T064621_R020_T40RDP_20230403T120128,1,2023-04,T40RDP,0.6282280894611002,0,0.7593347463562558
S2A_MSIL2A_20230403T064621_R020_T40RDP_20230403T120128_0001.jpg,S2A_MSIL2A_20230403T064621_R020_T40RDP_20230403T120128,1,2023-04,T40RDP,0.6282280894611002,0,0.7593347463562558
S2B_MSIL2A_20230428T064629_R020_T40RDP_20230428T123157_0000.jpg,S2B_MSIL2A_20230428T064629_R020_T40RDP_20230428T123157,1,2023-04,T40RDP,0.8755337423133023,1,0.7593347463562558
S2B_MSIL2A_20230428T064629_R020_T40RDP_20230428T123157_0001.jpg,S2B_MSIL2A_20230428T064629_R020_T40RDP_20230428T123157,1,2023-04,T40RDP,0.8755337423133023,1,0.7593347463562558
S2A_MSIL2A_20230513T064621_R020_T40RDP_20230513T153330_0000.jpg,S2A_MSIL2A_20230513T064621_R020_T40RDP_20230513T153330,0,2023-05,T40RDP,0.08515398591588284,0,0.7593347463562558
S2A_MSIL2A_20230513T064621_R020_T40RDP_20230513T153330_0001.jpg,S2A_MSIL2A_20230513T064621_R020_T40RDP_20230513T153330,0,2023-05,T40RDP,0.08515398591588284,0,0.7593347463562558
S2B_MSIL2A_20230518T064629_R020_T40RDP_20240905T010301_0000.jpg,S2B_MSIL2A_20230518T064629_R020_T40RDP_20240905T010301,0,2023-05,T40RDP,0.23277359346870344,0,0.7593347463562558
S2B_MSIL2A_20230518T064629_R020_T40RDP_20240905T010301_0001.jpg,S2B_MSIL2A_20230518T064629_R020_T40RDP_20240905T010301,0,2023-05,T40RDP,0.23277359346870344,0,0.7593347463562558
S2B_MSIL2A_20230528T064629_R020_T40RDP_20240908T011647_0000.jpg,S2B_MSIL2A_20230528T064629_R020_T40RDP_20240908T011647,1,2023-05,T40RDP,0.813555450396087,1,0.7593347463562558
S2B_MSIL2A_20230528T064629_R020_T40RDP_20240908T011647_0001.jpg,S2B_MSIL2A_20230528T064629_R020_T40RDP_20240908T011647,1,2023-05,T40RDP,0.813555450396087,1,0.7593347463562558
S2A_MSIL2A_20230622T064631_R020_T40RDP_20230622T152445_0000.jpg,S2A_MSIL2A_20230622T064631_R020_T40RDP_20230622T152445,0,2023-06,T40RDP,0.30580044144136553,0,0.7593347463562558
S2A_MSIL2A_20230622T064631_R020_T40RDP_20230622T152445_0001.jpg,S2A_MSIL2A_20230622T064631_R020_T40RDP_20230622T152445,0,2023-06,T40RDP,0.30580044144136553,0,0.7593347463562558
S2A_MSIL2A_20230702T064631_R020_T40RDP_20241013T160844_0000.jpg,S2A_MSIL2A_20230702T064631_R020_T40RDP_20241013T160844,0,2023-07,T40RDP,0.018779119759408918,0,0.7593347463562558
S2A_MSIL2A_20230702T064631_R020_T40RDP_20241013T160844_0001.jpg,S2A_MSIL2A_20230702T064631_R020_T40RDP_20241013T160844,0,2023-07,T40RDP,0.018779119759408918,0,0.7593347463562558
S2A_MSIL2A_20230712T064631_R020_T40RDP_20241013T192851_0000.jpg,S2A_MSIL2A_20230712T064631_R020_T40RDP_20241013T192851,1,2023-07,T40RDP,0.452692875268841,0,0.7593347463562558
S2A_MSIL2A_20230712T064631_R020_T40RDP_20241013T192851_0001.jpg,S2A_MSIL2A_20230712T064631_R020_T40RDP_20241013T192851,1,2023-07,T40RDP,0.452692875268841,0,0.7593347463562558
S2B_MSIL2A_20230717T064629_R020_T40RDP_20230717T121930_0000.jpg,S2B_MSIL2A_20230717T064629_R020_T40RDP_20230717T121930,1,2023-07,T40RDP,0.48109544587181374,0,0.7593347463562558
S2B_MSIL2A_20230717T064629_R020_T40RDP_20230717T121930_0001.jpg,S2B_MSIL2A_20230717T064629_R020_T40RDP_20230717T121930,1,2023-07,T40RDP,0.48109544587181374,0,0.7593347463562558
S2B_MSIL2A_20230727T064629_R020_T40RDP_20241012T150139_0000.jpg,S2B_MSIL2A_20230727T064629_R020_T40RDP_20241012T150139,1,2023-07,T40RDP,0.9251996606762158,1,0.7593347463562558
S2B_MSIL2A_20230727T064629_R020_T40RDP_20241012T150139_0001.jpg,S2B_MSIL2A_20230727T064629_R020_T40RDP_20241012T150139,1,2023-07,T40RDP,0.9251996606762158,1,0.7593347463562558
S2A_MSIL2A_20230801T064631_R020_T40RDP_20241015T022010_0000.jpg,S2A_MSIL2A_20230801T064631_R020_T40RDP_20241015T022010,0,2023-08,T40RDP,0.037979544453759194,0,0.7593347463562558
S2A_MSIL2A_20230801T064631_R020_T40RDP_20241015T022010_0001.jpg,S2A_MSIL2A_20230801T064631_R020_T40RDP_20241015T022010,0,2023-08,T40RDP,0.037979544453759194,0,0.7593347463562558
S2A_MSIL2A_20230811T064631_R020_T40RDP_20241112T143010_0000.jpg,S2A_MSIL2A_20230811T064631_R020_T40RDP_20241112T143010,0,2023-08,T40RDP,0.6504160729621037,0,0.7593347463562558
S2A_MSIL2A_20230811T064631_R020_T40RDP_20241112T143010_0001.jpg,S2A_MSIL2A_20230811T064631_R020_T40RDP_20241112T143010,0,2023-08,T40RDP,0.6504160729621037,0,0.7593347463562558
S2A_MSIL2A_20230821T064631_R020_T40RDP_20230821T151547_0000.jpg,S2A_MSIL2A_20230821T064631_R020_T40RDP_20230821T151547,1,2023-08,T40RDP,0.8654630203227142,1,0.7593347463562558
S2A_MSIL2A_20230821T064631_R020_T40RDP_20230821T151547_0001.jpg,S2A_MSIL2A_20230821T064631_R020_T40RDP_20230821T151547,1,2023-08,T40RDP,0.8654630203227142,1,0.7593347463562558
S2B_MSIL2A_20230826T064629_R020_T40RDP_20241020T054319_0000.jpg,S2B_MSIL2A_20230826T064629_R020_T40RDP_20241020T054319,1,2023-08,T40RDP,0.9124427483371425,1,0.7593347463562558
S2B_MSIL2A_20230826T064629_R020_T40RDP_20241020T054319_0001.jpg,S2B_MSIL2A_20230826T064629_R020_T40RDP_20241020T054319,1,2023-08,T40RDP,0.9124427483371425,1,0.7593347463562558
S2B_MSIL2A_20230905T064629_R020_T40RDP_20241025T080236_0000.jpg,S2B_MSIL2A_20230905T064629_R020_T40RDP_20241025T080236,0,2023-09,T40RDP,0.4555331658069945,0,0.7593347463562558
S2B_MSIL2A_20230905T064629_R020_T40RDP_20241025T080236_0001.jpg,S2B_MSIL2A_20230905T064629_R020_T40RDP_20241025T080236,0,2023-09,T40RDP,0.4555331658069945,0,0.7593347463562558
S2A_MSIL2A_20230910T064631_R020_T40RDP_20230910T143150_0000.jpg,S2A_MSIL2A_20230910T064631_R020_T40RDP_20230910T143150,0,2023-09,T40RDP,0.16835564579518275,0,0.7593347463562558
S2A_MSIL2A_20230910T064631_R020_T40RDP_20230910T143150_0001.jpg,S2A_MSIL2A_20230910T064631_R020_T40RDP_20230910T143150,0,2023-09,T40RDP,0.16835564579518275,0,0.7593347463562558
S2A_MSIL2A_20230920T064631_R020_T40RDP_20241027T175501_0000.jpg,S2A_MSIL2A_20230920T064631_R020_T40RDP_20241027T175501,0,2023-09,T40RDP,0.1143997394703542,0,0.7593347463562558
S2A_MSIL2A_20230920T064631_R020_T40RDP_20241027T175501_0001.jpg,S2A_MSIL2A_20230920T064631_R020_T40RDP_20241027T175501,0,2023-09,T40RDP,0.1143997394703542,0,0.7593347463562558
S2A_MSIL2A_20230930T064651_R020_T40RDP_20230930T131923_0000.jpg,S2A_MSIL2A_20230930T064651_R020_T40RDP_20230930T131923,0,2023-09,T40RDP,0.025464884305244035,0,0.7593347463562558
S2A_MSIL2A_20230930T064651_R020_T40RDP_20230930T131923_0001.jpg,S2A_MSIL2A_20230930T064651_R020_T40RDP_20230930T131923,0,2023-09,T40RDP,0.025464884305244035,0,0.7593347463562558
S2B_MSIL2A_20231005T064729_R020_T40RDP_20241107T195305_0000.jpg,S2B_MSIL2A_20231005T064729_R020_T40RDP_20241107T195305,0,2023-10,T40RDP,0.3755026187340021,0,0.7593347463562558
S2B_MSIL2A_20231005T064729_R020_T40RDP_20241107T195305_0001.jpg,S2B_MSIL2A_20231005T064729_R020_T40RDP_20241107T195305,0,2023-10,T40RDP,0.3755026187340021,0,0.7593347463562558
S2A_MSIL2A_20231010T064801_R020_T40RDP_20241109T034959_0000.jpg,S2A_MSIL2A_20231010T064801_R020_T40RDP_20241109T034959,0,2023-10,T40RDP,0.06898417275603075,0,0.7593347463562558
S2A_MSIL2A_20231010T064801_R020_T40RDP_20241109T034959_0001.jpg,S2A_MSIL2A_20231010T064801_R020_T40RDP_20241109T034959,0,2023-10,T40RDP,0.06898417275603075,0,0.7593347463562558
S2B_MSIL2A_20231025T064939_R020_T40RDP_20241108T084721_0000.jpg,S2B_MSIL2A_20231025T064939_R020_T40RDP_20241108T084721,0,2023-10,T40RDP,0.03863770332916863,0,0.7593347463562558
S2B_MSIL2A_20231025T064939_R020_T40RDP_20241108T084721_0001.jpg,S2B_MSIL2A_20231025T064939_R020_T40RDP_20241108T084721,0,2023-10,T40RDP,0.03863770332916863,0,0.7593347463562558
S2B_MSIL2A_20231104T065039_R020_T40RDP_20231104T101124_0000.jpg,S2B_MSIL2A_20231104T065039_R020_T40RDP_20231104T101124,0,2023-11,T40RDP,0.08562057866074067,0,0.7593347463562558
S2B_MSIL2A_20231104T065039_R020_T40RDP_20231104T101124_0001.jpg,S2B_MSIL2A_20231104T065039_R020_T40RDP_20231104T101124,0,2023-11,T40RDP,0.08562057866074067,0,0.7593347463562558
S2A_MSIL2A_20231109T065111_R020_T40RDP_20241101T131538_0000.jpg,S2A_MSIL2A_20231109T065111_R020_T40RDP_20241101T131538,0,2023-11,T40RDP,0.06526089840904009,0,0.7593347463562558
S2A_MSIL2A_20231109T065111_R020_T40RDP_20241101T131538_0001.jpg,S2A_MSIL2A_20231109T065111_R020_T40RDP_20241101T131538,0,2023-11,T40RDP,0.06526089840904009,0,0.7593347463562558
S2A_MSIL2A_20231119T065151_R020_T40RDP_20241109T072348_0000.jpg,S2A_MSIL2A_20231119T065151_R020_T40RDP_20241109T072348,1,2023-11,T40RDP,0.912102794653741,1,0.7593347463562558
S2A_MSIL2A_20231119T065151_R020_T40RDP_20241109T072348_0001.jpg,S2A_MSIL2A_20231119T065151_R020_T40RDP_20241109T072348,1,2023-11,T40RDP,0.912102794653741,1,0.7593347463562558
S2A_MSIL2A_20231129T065221_R020_T40RDP_20231129T111858_0000.jpg,S2A_MSIL2A_20231129T065221_R020_T40RDP_20231129T111858,1,2023-11,T40RDP,0.5535443287890441,0,0.7593347463562558
S2A_MSIL2A_20231129T065221_R020_T40RDP_20231129T111858_0001.jpg,S2A_MSIL2A_20231129T065221_R020_T40RDP_20231129T111858,1,2023-11,T40RDP,0.5535443287890441,0,0.7593347463562558
S2B_MSIL2A_20231204T065239_R020_T40RDP_20231204T111154_0000.jpg,S2B_MSIL2A_20231204T065239_R020_T40RDP_20231204T111154,1,2023-12,T40RDP,0.5317280953552976,0,0.7593347463562558
S2B_MSIL2A_20231204T065239_R020_T40RDP_20231204T111154_0001.jpg,S2B_MSIL2A_20231204T065239_R020_T40RDP_20231204T111154,1,2023-12,T40RDP,0.5317280953552976,0,0.7593347463562558
S2A_MSIL2A_20231209T065251_R020_T40RDP_20231209T111640_0000.jpg,S2A_MSIL2A_20231209T065251_R020_T40RDP_20231209T111640,1,2023-12,T40RDP,0.5053088643220222,0,0.7593347463562558
S2A_MSIL2A_20231209T065251_R020_T40RDP_20231209T111640_0001.jpg,S2A_MSIL2A_20231209T065251_R020_T40RDP_20231209T111640,1,2023-12,T40RDP,0.5053088643220222,0,0.7593347463562558
S2A_MSIL2A_20240108T065251_R020_T40RDP_20240108T111554_0000.jpg,S2A_MSIL2A_20240108T065251_R020_T40RDP_20240108T111554,0,2024-01,T40RDP,0.5869531423534109,0,0.7593347463562558
S2A_MSIL2A_20240108T065251_R020_T40RDP_20240108T111554_0001.jpg,S2A_MSIL2A_20240108T065251_R020_T40RDP_20240108T111554,0,2024-01,T40RDP,0.5869531423534109,0,0.7593347463562558
S2B_MSIL2A_20240113T065239_R020_T40RDP_20240113T103503_0000.jpg,S2B_MSIL2A_20240113T065239_R020_T40RDP_20240113T103503,0,2024-01,T40RDP,0.3698803352620818,0,0.7593347463562558
S2B_MSIL2A_20240113T065239_R020_T40RDP_20240113T103503_0001.jpg,S2B_MSIL2A_20240113T065239_R020_T40RDP_20240113T103503,0,2024-01,T40RDP,0.3698803352620818,0,0.7593347463562558
S2B_MSIL2A_20240123T065159_R020_T40RDP_20240123T100825_0000.jpg,S2B_MSIL2A_20240123T065159_R020_T40RDP_20240123T100825,0,2024-01,T40RDP,0.0388606593854337,0,0.7593347463562558
S2B_MSIL2A_20240123T065159_R020_T40RDP_20240123T100825_0001.jpg,S2B_MSIL2A_20240123T065159_R020_T40RDP_20240123T100825,0,2024-01,T40RDP,0.0388606593854337,0,0.7593347463562558
S2A_MSIL2A_20240207T065041_R020_T40RDP_20240207T112724_0000.jpg,S2A_MSIL2A_20240207T065041_R020_T40RDP_20240207T112724,0,2024-02,T40RDP,0.03762963089871594,0,0.7593347463562558
S2A_MSIL2A_20240207T065041_R020_T40RDP_20240207T112724_0001.jpg,S2A_MSIL2A_20240207T065041_R020_T40RDP_20240207T112724,0,2024-02,T40RDP,0.03762963089871594,0,0.7593347463562558
S2B_MSIL2A_20240222T064909_R020_T40RDP_20240222T114827_0000.jpg,S2B_MSIL2A_20240222T064909_R020_T40RDP_20240222T114827,0,2024-02,T40RDP,0.6018218537083005,0,0.7593347463562558
S2B_MSIL2A_20240222T064909_R020_T40RDP_20240222T114827_0001.jpg,S2B_MSIL2A_20240222T064909_R020_T40RDP_20240222T114827,0,2024-02,T40RDP,0.6018218537083005,0,0.7593347463562558
S2B_MSIL2A_20240303T064759_R020_T40RDP_20240303T111527_0000.jpg,S2B_MSIL2A_20240303T064759_R020_T40RDP_20240303T111527,1,2024-03,T40RDP,0.7930719955498496,1,0.7593347463562558
S2B_MSIL2A_20240303T064759_R020_T40RDP_20240303T111527_0001.jpg,S2B_MSIL2A_20240303T064759_R020_T40RDP_20240303T111527,1,2024-03,T40RDP,0.7930719955498496,1,0.7593347463562558
S2B_MSIL2A_20240313T064639_R020_T40RDP_20240313T121009_0000.jpg,S2B_MSIL2A_20240313T064639_R020_T40RDP_20240313T121009,0,2024-03,T40RDP,0.12323726452321926,0,0.7593347463562558
S2B_MSIL2A_20240313T064639_R020_T40RDP_20240313T121009_0001.jpg,S2B_MSIL2A_20240313T064639_R020_T40RDP_20240313T121009,0,2024-03,T40RDP,0.12323726452321926,0,0.7593347463562558
S2A_MSIL2A_20240318T064621_R020_T40RDP_20240318T121046_0000.jpg,S2A_MSIL2A_20240318T064621_R020_T40RDP_20240318T121046,0,2024-03,T40RDP,0.08892065891328718,0,0.7593347463562558
S2A_MSIL2A_20240318T064621_R020_T40RDP_20240318T121046_0001.jpg,S2A_MSIL2A_20240318T064621_R020_T40RDP_20240318T121046,0,2024-03,T40RDP,0.08892065891328718,0,0.7593347463562558
S2A_MSIL2A_20240407T064621_R020_T40RDP_20240407T123440_0000.jpg,S2A_MSIL2A_20240407T064621_R020_T40RDP_20240407T123440,0,2024-04,T40RDP,0.16119588499518253,0,0.7593347463562558
S2A_MSIL2A_20240407T064621_R020_T40RDP_20240407T123440_0001.jpg,S2A_MSIL2A_20240407T064621_R020_T40RDP_20240407T123440,0,2024-04,T40RDP,0.16119588499518253,0,0.7593347463562558
S2A_MSIL2A_20240427T064631_R020_T40RDP_20240427T122206_0000.jpg,S2A_MSIL2A_20240427T064631_R020_T40RDP_20240427T122206,1,2024-04,T40RDP,0.8166052065852794,1,0.7593347463562558
S2A_MSIL2A_20240427T064631_R020_T40RDP_20240427T122206_0001.jpg,S2A_MSIL2A_20240427T064631_R020_T40RDP_20240427T122206,1,2024-04,T40RDP,0.8166052065852794,1,0.7593347463562558
S2A_MSIL2A_20240606T064631_R020_T40RDP_20240606T122041_0000.jpg,S2A_MSIL2A_20240606T064631_R020_T40RDP_20240606T122041,1,2024-06,T40RDP,0.9316060953108115,1,0.7593347463562558
S2A_MSIL2A_20240606T064631_R020_T40RDP_20240606T122041_0001.jpg,S2A_MSIL2A_20240606T064631_R020_T40RDP_20240606T122041,1,2024-06,T40RDP,0.9316060953108115,1,0.7593347463562558
S2A_MSIL2A_20240616T064631_R020_T40RDP_20240616T131856_0000.jpg,S2A_MSIL2A_20240616T064631_R020_T40RDP_20240616T131856,0,2024-06,T40RDP,0.028794442301459937,0,0.7593347463562558
S2A_MSIL2A_20240616T064631_R020_T40RDP_20240616T131856_0001.jpg,S2A_MSIL2A_20240616T064631_R020_T40RDP_20240616T131856,0,2024-06,T40RDP,0.028794442301459937,0,0.7593347463562558
S2A_MSIL2A_20240706T064631_R020_T40RDP_20240706T121235_0000.jpg,S2A_MSIL2A_20240706T064631_R020_T40RDP_20240706T121235,1,2024-07,T40RDP,0.9688951818244637,1,0.7593347463562558
S2A_MSIL2A_20240706T064631_R020_T40RDP_20240706T121235_0001.jpg,S2A_MSIL2A_20240706T064631_R020_T40RDP_20240706T121235,1,2024-07,T40RDP,0.9688951818244637,1,0.7593347463562558
S2B_MSIL2A_20240721T064629_R020_T40RDP_20240721T112112_0000.jpg,S2B_MSIL2A_20240721T064629_R020_T40RDP_20240721T112112,0,2024-07,T40RDP,0.01569197540663156,0,0.7593347463562558
S2B_MSIL2A_20240721T064629_R020_T40RDP_20240721T112112_0001.jpg,S2B_MSIL2A_20240721T064629_R020_T40RDP_20240721T112112,0,2024-07,T40RDP,0.01569197540663156,0,0.7593347463562558
S2A_MSIL2A_20240825T064621_R020_T40RDP_20240825T133350_0000.jpg,S2A_MSIL2A_20240825T064621_R020_T40RDP_20240825T133350,0,2024-08,T40RDP,0.6280107632646108,0,0.7593347463562558
S2A_MSIL2A_20240825T064621_R020_T40RDP_20240825T133350_0001.jpg,S2A_MSIL2A_20240825T064621_R020_T40RDP_20240825T133350,0,2024-08,T40RDP,0.6280107632646108,0,0.7593347463562558
S2B_MSIL2A_20240909T064629_R020_T40RDP_20240909T110138_0000.jpg,S2B_MSIL2A_20240909T064629_R020_T40RDP_20240909T110138,1,2024-09,T40RDP,0.8049883768571963,1,0.7593347463562558
S2B_MSIL2A_20240909T064629_R020_T40RDP_20240909T110138_0001.jpg,S2B_MSIL2A_20240909T064629_R020_T40RDP_20240909T110138,1,2024-09,T40RDP,0.8049883768571963,1,0.7593347463562558
S2A_MSIL2A_20240924T064631_R020_T40RDP_20240924T103950_0000.jpg,S2A_MSIL2A_20240924T064631_R020_T40RDP_20240924T103950,0,2024-09,T40RDP,0.03653847017176747,0,0.7593347463562558
S2A_MSIL2A_20240924T064631_R020_T40RDP_20240924T103950_0001.jpg,S2A_MSIL2A_20240924T064631_R020_T40RDP_20240924T103950,0,2024-09,T40RDP,0.03653847017176747,0,0.7593347463562558
S2B_MSIL2A_20240929T064629_R020_T40RDP_20240929T100121_0000.jpg,S2B_MSIL2A_20240929T064629_R020_T40RDP_20240929T100121,0,2024-09,T40RDP,0.018252373459659205,0,0.7593347463562558
S2B_MSIL2A_20240929T064629_R020_T40RDP_20240929T100121_0001.jpg,S2B_MSIL2A_20240929T064629_R020_T40RDP_20240929T100121,0,2024-09,T40RDP,0.018252373459659205,0,0.7593347463562558
S2A_MSIL2A_20241004T064731_R020_T40RDP_20241004T103151_0000.jpg,S2A_MSIL2A_20241004T064731_R020_T40RDP_20241004T103151,0,2024-10,T40RDP,0.015267327158106941,0,0.7593347463562558
S2A_MSIL2A_20241004T064731_R020_T40RDP_20241004T103151_0001.jpg,S2A_MSIL2A_20241004T064731_R020_T40RDP_20241004T103151,0,2024-10,T40RDP,0.015267327158106941,0,0.7593347463562558
S2B_MSIL2A_20241009T064709_R020_T40RDP_20241009T093003_0000.jpg,S2B_MSIL2A_20241009T064709_R020_T40RDP_20241009T093003,1,2024-10,T40RDP,0.9350686425494917,1,0.7593347463562558
S2B_MSIL2A_20241009T064709_R020_T40RDP_20241009T093003_0001.jpg,S2B_MSIL2A_20241009T064709_R020_T40RDP_20241009T093003,1,2024-10,T40RDP,0.9350686425494917,1,0.7593347463562558
S2A_MSIL2A_20241024T064941_R020_T40RDP_20241024T095047_0000.jpg,S2A_MSIL2A_20241024T064941_R020_T40RDP_20241024T095047,0,2024-10,T40RDP,0.06280267412491779,0,0.7593347463562558
S2A_MSIL2A_20241024T064941_R020_T40RDP_20241024T095047_0001.jpg,S2A_MSIL2A_20241024T064941_R020_T40RDP_20241024T095047,0,2024-10,T40RDP,0.06280267412491779,0,0.7593347463562558
S2B_MSIL2A_20241029T064919_R020_T40RDP_20241029T090554_0000.jpg,S2B_MSIL2A_20241029T064919_R020_T40RDP_20241029T090554,0,2024-10,T40RDP,0.07047470470811266,0,0.7593347463562558
S2B_MSIL2A_20241029T064919_R020_T40RDP_20241029T090554_0001.jpg,S2B_MSIL2A_20241029T064919_R020_T40RDP_20241029T090554,0,2024-10,T40RDP,0.07047470470811266,0,0.7593347463562558
S2A_MSIL2A_20241103T065031_R020_T40RDP_20241103T100958_0000.jpg,S2A_MSIL2A_20241103T065031_R020_T40RDP_20241103T100958,1,2024-11,T40RDP,0.8181546769820626,1,0.7593347463562558
S2A_MSIL2A_20241103T065031_R020_T40RDP_20241103T100958_0001.jpg,S2A_MSIL2A_20241103T065031_R020_T40RDP_20241103T100958,1,2024-11,T40RDP,0.8181546769820626,1,0.7593347463562558
S2A_MSIL2A_20241113T065131_R020_T40RDP_20241113T112554_0000.jpg,S2A_MSIL2A_20241113T065131_R020_T40RDP_20241113T112554,0,2024-11,T40RDP,0.02759667446557224,0,0.7593347463562558
S2A_MSIL2A_20241113T065131_R020_T40RDP_20241113T112554_0001.jpg,S2A_MSIL2A_20241113T065131_R020_T40RDP_20241113T112554,0,2024-11,T40RDP,0.02759667446557224,0,0.7593347463562558
S2B_MSIL2A_20241118T065059_R020_T40RDP_20241118T082640_0000.jpg,S2B_MSIL2A_20241118T065059_R020_T40RDP_20241118T082640,0,2024-11,T40RDP,0.05831784590500452,0,0.7593347463562558
S2B_MSIL2A_20241118T065059_R020_T40RDP_20241118T082640_0001.jpg,S2B_MSIL2A_20241118T065059_R020_T40RDP_20241118T082640,0,2024-11,T40RDP,0.05831784590500452,0,0.7593347463562558
S2B_MSIL2A_20241208T065159_R020_T40RDP_20241208T090838_0000.jpg,S2B_MSIL2A_20241208T065159_R020_T40RDP_20241208T090838,1,2024-12,T40RDP,0.9252234688985073,1,0.7593347463562558
S2B_MSIL2A_20241208T065159_R020_T40RDP_20241208T090838_0001.jpg,S2B_MSIL2A_20241208T065159_R020_T40RDP_20241208T090838,1,2024-12,T40RDP,0.9252234688985073,1,0.7593347463562558
S2A_MSIL2A_20241223T065311_R020_T40RDP_20241223T094150_0000.jpg,S2A_MSIL2A_20241223T065311_R020_T40RDP_20241223T094150,1,2024-12,T40RDP,0.7512142454234679,0,0.7593347463562558
S2A_MSIL2A_20241223T065311_R020_T40RDP_20241223T094150_0001.jpg,S2A_MSIL2A_20241223T065311_R020_T40RDP_20241223T094150,1,2024-12,T40RDP,0.7512142454234679,0,0.7593347463562558
S2B_MSIL2A_20241228T065209_R020_T40RDP_20241228T085137_0000.jpg,S2B_MSIL2A_20241228T065209_R020_T40RDP_20241228T085137,0,2024-12,T40RDP,0.11918041025121169,0,0.7593347463562558
S2B_MSIL2A_20241228T065209_R020_T40RDP_20241228T085137_0001.jpg,S2B_MSIL2A_20241228T065209_R020_T40RDP_20241228T085137,0,2024-12,T40RDP,0.11918041025121169,0,0.7593347463562558
S2A_MSIL2A_20170108T063231_R077_T40QGK_20210530T025623_0000.jpg,S2A_MSIL2A_20170108T063231_R077_T40QGK_20210530T025623,0,2017-01,T40QGK,0.5187483228401225,0,0.7593347463562558
S2A_MSIL2A_20170108T063231_R077_T40QGK_20210530T025623_0001.jpg,S2A_MSIL2A_20170108T063231_R077_T40QGK_20210530T025623,0,2017-01,T40QGK,0.5187483228401225,0,0.7593347463562558
S2A_MSIL2A_20170128T063121_R077_T40QGK_20210207T223643_0000.jpg,S2A_MSIL2A_20170128T063121_R077_T40QGK_20210207T223643,0,2017-01,T40QGK,0.014457136518179354,0,0.7593347463562558
S2A_MSIL2A_20170128T063121_R077_T40QGK_20210207T223643_0001.jpg,S2A_MSIL2A_20170128T063121_R077_T40QGK_20210207T223643,0,2017-01,T40QGK,0.014457136518179354,0,0.7593347463562558
S2A_MSIL2A_20170227T062811_R077_T40QGK_20210208T174007_0000.jpg,S2A_MSIL2A_20170227T062811_R077_T40QGK_20210208T174007,0,2017-02,T40QGK,0.22888843437315265,0,0.7593347463562558
S2A_MSIL2A_20170227T062811_R077_T40QGK_20210208T174007_0001.jpg,S2A_MSIL2A_20170227T062811_R077_T40QGK_20210208T174007,0,2017-02,T40QGK,0.22888843437315265,0,0.7593347463562558
S2A_MSIL2A_20170518T062631_R077_T40QGK_20210209T161923_0000.jpg,S2A_MSIL2A_20170518T062631_R077_T40QGK_20210209T161923,1,2017-05,T40QGK,0.2607011654158689,0,0.7593347463562558
S2A_MSIL2A_20170518T062631_R077_T40QGK_20210209T161923_0001.jpg,S2A_MSIL2A_20170518T062631_R077_T40QGK_20210209T161923,1,2017-05,T40QGK,0.2607011654158689,0,0.7593347463562558
S2A_MSIL2A_20170607T062631_R077_T40QGK_20210209T210413_0000.jpg,S2A_MSIL2A_20170607T062631_R077_T40QGK_20210209T210413,0,2017-06,T40QGK,0.28250540269201696,0,0.7593347463562558
S2A_MSIL2A_20170607T062631_R077_T40QGK_20210209T210413_0001.jpg,S2A_MSIL2A_20170607T062631_R077_T40QGK_20210209T210413,0,2017-06,T40QGK,0.28250540269201696,0,0.7593347463562558
S2B_MSIL2A_20170712T062629_R077_T40QGK_20210210T075544_0000.jpg,S2B_MSIL2A_20170712T062629_R077_T40QGK_20210210T075544,0,2017-07,T40QGK,0.33427759653333666,0,0.7593347463562558
S2B_MSIL2A_20170712T062629_R077_T40QGK_20210210T075544_0001.jpg,S2B_MSIL2A_20170712T062629_R077_T40QGK_20210210T075544,0,2017-07,T40QGK,0.33427759653333666,0,0.7593347463562558
S2B_MSIL2A_20170910T062619_R077_T40QGK_20210201T232752_0000.jpg,S2B_MSIL2A_20170910T062619_R077_T40QGK_20210201T232752,0,2017-09,T40QGK,0.19227576816751407,0,0.7593347463562558
S2B_MSIL2A_20170910T062619_R077_T40QGK_20210201T232752_0001.jpg,S2B_MSIL2A_20170910T062619_R077_T40QGK_20210201T232752,0,2017-09,T40QGK,0.19227576816751407,0,0.7593347463562558
S2B_MSIL2A_20170930T062629_R077_T40QGK_20210202T120552_0000.jpg,S2B_MSIL2A_20170930T062629_R077_T40QGK_20210202T120552,0,2017-09,T40QGK,0.10847124758380683,0,0.7593347463562558
S2B_MSIL2A_20170930T062629_R077_T40QGK_20210202T120552_0001.jpg,S2B_MSIL2A_20170930T062629_R077_T40QGK_20210202T120552,0,2017-09,T40QGK,0.10847124758380683,0,0.7593347463562558
S2A_MSIL2A_20171005T062721_R077_T40QGK_20210202T140745_0000.jpg,S2A_MSIL2A_20171005T062721_R077_T40QGK_20210202T140745,0,2017-10,T40QGK,0.07923615609799385,0,0.7593347463562558
S2A_MSIL2A_20171005T062721_R077_T40QGK_20210202T140745_0001.jpg,S2A_MSIL2A_20171005T062721_R077_T40QGK_20210202T140745,0,2017-10,T40QGK,0.07923615609799385,0,0.7593347463562558
S2B_MSIL2A_20171109T063039_R077_T40QGK_20201014T190830_0000.jpg,S2B_MSIL2A_20171109T063039_R077_T40QGK_20201014T190830,0,2017-11,T40QGK,0.3772048605106595,0,0.7593347463562558
S2B_MSIL2A_20171109T063039_R077_T40QGK_20201014T190830_0001.jpg,S2B_MSIL2A_20171109T063039_R077_T40QGK_20201014T190830,0,2017-11,T40QGK,0.3772048605106595,0,0.7593347463562558
S2B_MSIL2A_20171119T063129_R077_T40QGK_20201014T205952_0000.jpg,S2B_MSIL2A_20171119T063129_R077_T40QGK_20201014T205952,0,2017-11,T40QGK,0.06754820482382953,0,0.7593347463562558
S2B_MSIL2A_20171119T063129_R077_T40QGK_20201014T205952_0001.jpg,S2B_MSIL2A_20171119T063129_R077_T40QGK_20201014T205952,0,2017-11,T40QGK,0.06754820482382953,0,0.7593347463562558
S2B_MSIL2A_20171129T063209_R077_T40QGK_20201014T225521_0000.jpg,S2B_MSIL2A_20171129T063209_R077_T40QGK_20201014T225521,0,2017-11,T40QGK,0.45383010625908593,0,0.7593347463562558
S2B_MSIL2A_20171129T063209_R077_T40QGK_20201014T225521_0001.jpg,S2B_MSIL2A_20171129T063209_R077_T40QGK_20201014T225521,0,2017-11,T40QGK,0.45383010625908593,0,0.7593347463562558
S2A_MSIL2A_20171204T063231_R077_T40QGK_20201014T115634_0000.jpg,S2A_MSIL2A_20171204T063231_R077_T40QGK_20201014T115634,0,2017-12,T40QGK,0.015393066401554724,0,0.7593347463562558
S2A_MSIL2A_20171204T063231_R077_T40QGK_20201014T115634_0001.jpg,S2A_MSIL2A_20171204T063231_R077_T40QGK_20201014T115634,0,2017-12,T40QGK,0.015393066401554724,0,0.7593347463562558
S2A_MSIL2A_20171224T063251_R077_T40QGK_20201014T155906_0000.jpg,S2A_MSIL2A_20171224T063251_R077_T40QGK_20201014T155906,1,2017-12,T40QGK,0.922581147935166,1,0.7593347463562558
S2A_MSIL2A_20171224T063251_R077_T40QGK_20201014T155906_0001.jpg,S2A_MSIL2A_20171224T063251_R077_T40QGK_20201014T155906,1,2017-12,T40QGK,0.922581147935166,1,0.7593347463562558
S2B_MSIL2A_20171229T063249_R077_T40QGK_20201014T171616_0000.jpg,S2B_MSIL2A_20171229T063249_R077_T40QGK_20201014T171616,0,2017-12,T40QGK,0.2562976150290884,0,0.7593347463562558
S2B_MSIL2A_20171229T063249_R077_T40QGK_20201014T171616_0001.jpg,S2B_MSIL2A_20171229T063249_R077_T40QGK_20201014T171616,0,2017-12,T40QGK,0.2562976150290884,0,0.7593347463562558
S2B_MSIL2A_20180108T063229_R077_T40QGK_20201014T041341_0000.jpg,S2B_MSIL2A_20180108T063229_R077_T40QGK_20201014T041341,0,2018-01,T40QGK,0.038838659599348346,0,0.7593347463562558
S2B_MSIL2A_20180108T063229_R077_T40QGK_20201014T041341_0001.jpg,S2B_MSIL2A_20180108T063229_R077_T40QGK_20201014T041341,0,2018-01,T40QGK,0.038838659599348346,0,0.7593347463562558
S2A_MSIL2A_20180113T063221_R077_T40QGK_20201014T052118_0000.jpg,S2A_MSIL2A_20180113T063221_R077_T40QGK_20201014T052118,0,2018-01,T40QGK,0.2577712209341738,0,0.7593347463562558
S2A_MSIL2A_20180113T063221_R077_T40QGK_20201014T052118_0001.jpg,S2A_MSIL2A_20180113T063221_R077_T40QGK_20201014T052118,0,2018-01,T40QGK,0.2577712209341738,0,0.7593347463562558
S2B_MSIL2A_20180118T063159_R077_T40QGK_20201014T064335_0000.jpg,S2B_MSIL2A_20180118T063159_R077_T40QGK_20201014T064335,0,2018-01,T40QGK,0.20011553091784395,0,0.7593347463562558
S2B_MSIL2A_20180118T063159_R077_T40QGK_20201014T064335_0001.jpg,S2B_MSIL2A_20180118T063159_R077_T40QGK_20201014T064335,0,2018-01,T40QGK,0.20011553091784395,0,0.7593347463562558
S2B_MSIL2A_20180128T063119_R077_T40QGK_20201014T093452_0000.jpg,S2B_MSIL2A_20180128T063119_R077_T40QGK_20201014T093452,0,2018-01,T40QGK,0.34546182284295607,0,0.7593347463562558
S2B_MSIL2A_20180128T063119_R077_T40QGK_20201014T093452_0001.jpg,S2B_MSIL2A_20180128T063119_R077_T40QGK_20201014T093452,0,2018-01,T40QGK,0.34546182284295607,0,0.7593347463562558
S2B_MSIL2A_20180207T063029_R077_T40QGK_20201013T195615_0000.jpg,S2B_MSIL2A_20180207T063029_R077_T40QGK_20201013T195615,0,2018-02,T40QGK,0.01675329732717592,0,0.7593347463562558
S2B_MSIL2A_20180207T063029_R077_T40QGK_20201013T195615_0001.jpg,S2B_MSIL2A_20180207T063029_R077_T40QGK_20201013T195615,0,2018-02,T40QGK,0.01675329732717592,0,0.7593347463562558
S2A_MSIL2A_20180212T063001_R077_T40QGK_20201026T040841_0000.jpg,S2A_MSIL2A_20180212T063001_R077_T40QGK_20201026T040841,1,2018-02,T40QGK,0.7941156048694914,1,0.7593347463562558
S2A_MSIL2A_20180212T063001_R077_T40QGK_20201026T040841_0001.jpg,S2A_MSIL2A_20180212T063001_R077_T40QGK_20201026T040841,1,2018-02,T40QGK,0.7941156048694914,1,0.7593347463562558
S2B_MSIL2A_20180217T062919_R077_T40QGK_20201013T222432_0000.jpg,S2B_MSIL2A_20180217T062919_R077_T40QGK_20201013T222432,1,2018-02,T40QGK,0.7532955818518894,0,0.7593347463562558
S2B_MSIL2A_20180217T062919_R077_T40QGK_20201013T222432_0001.jpg,S2B_MSIL2A_20180217T062919_R077_T40QGK_20201013T222432,1,2018-02,T40QGK,0.7532955818518894,0,0.7593347463562558
S2A_MSIL2A_20180304T062741_R077_T40QGK_20201013T061838_0000.jpg,S2A_MSIL2A_20180304T062741_R077_T40QGK_20201013T061838,0,2018-03,T40QGK,0.3547756642280113,0,0.7593347463562558
S2A_MSIL2A_20180304T062741_R077_T40QGK_20201013T061838_0001.jpg,S2A_MSIL2A_20180304T062741_R077_T40QGK_20201013T061838,0,2018-03,T40QGK,0.3547756642280113,0,0.7593347463562558
S2A_MSIL2A_20180314T062631_R077_T40QGK_20201013T084520_0000.jpg,S2A_MSIL2A_20180314T062631_R077_T40QGK_20201013T084520,0,2018-03,T40QGK,0.47424565851757716,0,0.7593347463562558
S2A_MSIL2A_20180314T062631_R077_T40QGK_20201013T084520_0001.jpg,S2A_MSIL2A_20180314T062631_R077_T40QGK_20201013T084520,0,2018-03,T40QGK,0.47424565851757716,0,0.7593347463562558
S2B_MSIL2A_20180329T062629_R077_T40QGK_20201013T161103_0000.jpg,S2B_MSIL2A_20180329T062629_R077_T40QGK_20201013T161103,0,2018-03,T40QGK,0.04446149852019652,0,0.7593347463562558
S2B_MSIL2A_20180329T062629_R077_T40QGK_20201013T161103_0001.jpg,S2B_MSIL2A_20180329T062629_R077_T40QGK_20201013T161103,0,2018-03,T40QGK,0.04446149852019652,0,0.7593347463562558
S2A_MSIL2A_20180413T062631_R077_T40QGK_20201012T214136_0000.jpg,S2A_MSIL2A_20180413T062631_R077_T40QGK_20201012T214136,0,2018-04,T40QGK,0.17130671376965784,0,0.7593347463562558
S2A_MSIL2A_20180413T062631_R077_T40QGK_20201012T214136_0001.jpg,S2A_MSIL2A_20180413T062631_R077_T40QGK_20201012T214136,0,2018-04,T40QGK,0.17130671376965784,0,0.7593347463562558
S2A_MSIL2A_20180423T062631_R077_T40QGK_20201013T013518_0000.jpg,S2A_MSIL2A_20180423T062631_R077_T40QGK_20201013T013518,1,2018-04,T40QGK,0.6290785816561978,0,0.7593347463562558
S2A_MSIL2A_20180423T062631_R077_T40QGK_20201013T013518_0001.jpg,S2A_MSIL2A_20180423T062631_R077_T40QGK_20201013T013518,1,2018-04,T40QGK,0.6290785816561978,0,0.7593347463562558
S2A_MSIL2A_20180503T062631_R077_T40QGK_20201012T051456_0000.jpg,S2A_MSIL2A_20180503T062631_R077_T40QGK_20201012T051456,0,2018-05,T40QGK,0.4166951320469972,0,0.7593347463562558
S2A_MSIL2A_20180503T062631_R077_T40QGK_20201012T051456_0001.jpg,S2A_MSIL2A_20180503T062631_R077_T40QGK_20201012T051456,0,2018-05,T40QGK,0.4166951320469972,0,0.7593347463562558
S2A_MSIL2A_20180523T062631_R077_T40QGK_20201012T131343_0000.jpg,S2A_MSIL2A_20180523T062631_R077_T40QGK_20201012T131343,0,2018-05,T40QGK,0.01613719437904244,0,0.7593347463562558
S2A_MSIL2A_20180523T062631_R077_T40QGK_20201012T131343_0001.jpg,S2A_MSIL2A_20180523T062631_R077_T40QGK_20201012T131343,0,2018-05,T40QGK,0.01613719437904244,0,0.7593347463562558
S2A_MSIL2A_20180612T062631_R077_T40QGK_20201026T223958_0000.jpg,S2A_MSIL2A_20180612T062631_R077_T40QGK_20201026T223958,0,2018-06,T40QGK,0.7517947659608061,0,0.7593347463562558
S2A_MSIL2A_20180612T062631_R077_T40QGK_20201026T223958_0001.jpg,S2A_MSIL2A_20180612T062631_R077_T40QGK_20201026T223958,0,2018-06,T40QGK,0.7517947659608061,0,0.7593347463562558
S2B_MSIL2A_20180627T062629_R077_T40QGK_20201012T030550_0000.jpg,S2B_MSIL2A_20180627T062629_R077_T40QGK_20201012T030550,0,2018-06,T40QGK,0.015207193160413938,0,0.7593347463562558
S2B_MSIL2A_20180627T062629_R077_T40QGK_20201012T030550_0001.jpg,S2B_MSIL2A_20180627T062629_R077_T40QGK_20201012T030550,0,2018-06,T40QGK,0.015207193160413938,0,0.7593347463562558
S2A_MSIL2A_20180712T062631_R077_T40QGK_20201011T145021_0000.jpg,S2A_MSIL2A_20180712T062631_R077_T40QGK_20201011T145021,0,2018-07,T40QGK,0.25497199518780345,0,0.7593347463562558
S2A_MSIL2A_20180712T062631_R077_T40QGK_20201011T145021_0001.jpg,S2A_MSIL2A_20180712T062631_R077_T40QGK_20201011T145021,0,2018-07,T40QGK,0.25497199518780345,0,0.7593347463562558
S2B_MSIL2A_20180717T062629_R077_T40QGK_20201011T165446_0000.jpg,S2B_MSIL2A_20180717T062629_R077_T40QGK_20201011T165446,0,2018-07,T40QGK,0.2599285806267779,0,0.7593347463562558
S2B_MSIL2A_20180717T062629_R077_T40QGK_20201011T165446_0001.jpg,S2B_MSIL2A_20180717T062629_R077_T40QGK_20201011T165446,0,2018-07,T40QGK,0.2599285806267779,0,0.7593347463562558
S2B_MSIL2A_20180727T062629_R077_T40QGK_20201011T204153_0000.jpg,S2B_MSIL2A_20180727T062629_R077_T40QGK_20201011T204153,0,2018-07,T40QGK,0.16654045116160443,0,0.7593347463562558
S2B_MSIL2A_20180727T062629_R077_T40QGK_20201011T204153_0001.jpg,S2B_MSIL2A_20180727T062629_R077_T40QGK_20201011T204153,0,2018-07,T40QGK,0.16654045116160443,0,0.7593347463562558
S2B_MSIL2A_20180806T062629_R077_T40QGK_20201010T220242_0000.jpg,S2B_MSIL2A_20180806T062629_R077_T40QGK_20201010T220242,0,2018-08,T40QGK,0.15671730995853714,0,0.7593347463562558
S2B_MSIL2A_20180806T062629_R077_T40QGK_20201010T220242_0001.jpg,S2B_MSIL2A_20180806T062629_R077_T40QGK_20201010T220242,0,2018-08,T40QGK,0.15671730995853714,0,0.7593347463562558
S2A_MSIL2A_20180811T062631_R077_T40QGK_20201011T000847_0000.jpg,S2A_MSIL2A_20180811T062631_R077_T40QGK_20201011T000847,0,2018-08,T40QGK,0.15671730995853714,0,0.7593347463562558
S2A_MSIL2A_20180811T062631_R077_T40QGK_20201011T000847_0001.jpg,S2A_MSIL2A_20180811T062631_R077_T40QGK_20201011T000847,0,2018-08,T40QGK,0.15671730995853714,0,0.7593347463562558
S2A_MSIL2A_20180831T062631_R077_T40QGK_20201103T173702_0000.jpg,S2A_MSIL2A_20180831T062631_R077_T40QGK_20201103T173702,0,2018-08,T40QGK,0.10162716950614223,0,0.7593347463562558
S2A_MSIL2A_20180831T062631_R077_T40QGK_20201103T173702_0001.jpg,S2A_MSIL2A_20180831T062631_R077_T40QGK_20201103T173702,0,2018-08,T40QGK,0.10162716950614223,0,0.7593347463562558
S2B_MSIL2A_20180905T062619_R077_T40QGK_20201103T211022_0000.jpg,S2B_MSIL2A_20180905T062619_R077_T40QGK_20201103T211022,1,2018-09,T40QGK,0.8301608768732596,1,0.7593347463562558
S2B_MSIL2A_20180905T062619_R077_T40QGK_20201103T211022_0001.jpg,S2B_MSIL2A_20180905T062619_R077_T40QGK_20201103T211022,1,2018-09,T40QGK,0.8301608768732596,1,0.7593347463562558
S2B_MSIL2A_20180915T062619_R077_T40QGK_20201009T012727_0000.jpg,S2B_MSIL2A_20180915T062619_R077_T40QGK_20201009T012727,0,2018-09,T40QGK,0.01600953240925345,0,0.7593347463562558
S2B_MSIL2A_20180915T062619_R077_T40QGK_20201009T012727_0001.jpg,S2B_MSIL2A_20180915T062619_R077_T40QGK_20201009T012727,0,2018-09,T40QGK,0.01600953240925345,0,0.7593347463562558
S2A_MSIL2A_20180930T062641_R077_T40QGK_20201009T062826_0000.jpg,S2A_MSIL2A_20180930T062641_R077_T40QGK_20201009T062826,1,2018-09,T40QGK,0.7593347463562558,1,0.7593347463562558
S2A_MSIL2A_20180930T062641_R077_T40QGK_20201009T062826_0001.jpg,S2A_MSIL2A_20180930T062641_R077_T40QGK_20201009T062826,1,2018-09,T40QGK,0.7593347463562558,1,0.7593347463562558
S2B_MSIL2A_20181005T062719_R077_T40QGK_20201009T082718_0000.jpg,S2B_MSIL2A_20181005T062719_R077_T40QGK_20201009T082718,1,2018-10,T40QGK,0.8303154217880755,1,0.7593347463562558
S2B_MSIL2A_20181005T062719_R077_T40QGK_20201009T082718_0001.jpg,S2B_MSIL2A_20181005T062719_R077_T40QGK_20201009T082718,1,2018-10,T40QGK,0.8303154217880755,1,0.7593347463562558
S2A_MSIL2A_20181020T062901_R077_T40QGK_20201030T225347_0000.jpg,S2A_MSIL2A_20181020T062901_R077_T40QGK_20201030T225347,1,2018-10,T40QGK,0.8239615316345122,1,0.7593347463562558
S2A_MSIL2A_20181020T062901_R077_T40QGK_20201030T225347_0001.jpg,S2A_MSIL2A_20181020T062901_R077_T40QGK_20201030T225347,1,2018-10,T40QGK,0.8239615316345122,1,0.7593347463562558
S2B_MSIL2A_20181025T062929_R077_T40QGK_20201009T151438_0000.jpg,S2B_MSIL2A_20181025T062929_R077_T40QGK_20201009T151438,0,2018-10,T40QGK,0.023868309479306696,0,0.7593347463562558
S2B_MSIL2A_20181025T062929_R077_T40QGK_20201009T151438_0001.jpg,S2B_MSIL2A_20181025T062929_R077_T40QGK_20201009T151438,0,2018-10,T40QGK,0.023868309479306696,0,0.7593347463562558
S2B_MSIL2A_20181104T063029_R077_T40QGK_20201008T154616_0000.jpg,S2B_MSIL2A_20181104T063029_R077_T40QGK_20201008T154616,1,2018-11,T40QGK,0.743604415473009,0,0.7593347463562558
S2B_MSIL2A_20181104T063029_R077_T40QGK_20201008T154616_0001.jpg,S2B_MSIL2A_20181104T063029_R077_T40QGK_20201008T154616,1,2018-11,T40QGK,0.743604415473009,0,0.7593347463562558
S2B_MSIL2A_20181114T063119_R077_T40QGK_20201008T183309_0000.jpg,S2B_MSIL2A_20181114T063119_R077_T40QGK_20201008T183309,1,2018-11,T40QGK,0.014549938771419187,0,0.7593347463562558
S2B_MSIL2A_20181114T063119_R077_T40QGK_20201008T183309_0001.jpg,S2B_MSIL2A_20181114T063119_R077_T40QGK_20201008T183309,1,2018-11,T40QGK,0.014549938771419187,0,0.7593347463562558
S2A_MSIL2A_20181119T063141_R077_T40QGK_20201008T195111_0000.jpg,S2A_MSIL2A_20181119T063141_R077_T40QGK_20201008T195111,1,2018-11,T40QGK,0.8507332563457551,1,0.7593347463562558
S2A_MSIL2A_20181119T063141_R077_T40QGK_20201008T195111_0001.jpg,S2A_MSIL2A_20181119T063141_R077_T40QGK_20201008T195111,1,2018-11,T40QGK,0.8507332563457551,1,0.7593347463562558
S2A_MSIL2A_20181129T063211_R077_T40QGK_20201008T223706_0000.jpg,S2A_MSIL2A_20181129T063211_R077_T40QGK_20201008T223706,0,2018-11,T40QGK,0.028790518092799835,0,0.7593347463562558
S2A_MSIL2A_20181129T063211_R077_T40QGK_20201008T223706_0001.jpg,S2A_MSIL2A_20181129T063211_R077_T40QGK_20201008T223706,0,2018-11,T40QGK,0.028790518092799835,0,0.7593347463562558
S2B_MSIL2A_20181204T063229_R077_T40QGK_20201008T072338_0000.jpg,S2B_MSIL2A_20181204T063229_R077_T40QGK_20201008T072338,0,2018-12,T40QGK,0.015031063368083563,0,0.7593347463562558
S2B_MSIL2A_20181204T063229_R077_T40QGK_20201008T072338_0001.jpg,S2B_MSIL2A_20181204T063229_R077_T40QGK_20201008T072338,0,2018-12,T40QGK,0.015031063368083563,0,0.7593347463562558
S2A_MSIL2A_20181209T063241_R077_T40QGK_20201030T235446_0000.jpg,S2A_MSIL2A_20181209T063241_R077_T40QGK_20201030T235446,0,2018-12,T40QGK,0.01361751918617304,0,0.7593347463562558
S2A_MSIL2A_20181209T063241_R077_T40QGK_20201030T235446_0001.jpg,S2A_MSIL2A_20181209T063241_R077_T40QGK_20201030T235446,0,2018-12,T40QGK,0.01361751918617304,0,0.7593347463562558
S2A_MSIL2A_20181219T063251_R077_T40QGK_20201008T112107_0000.jpg,S2A_MSIL2A_20181219T063251_R077_T40QGK_20201008T112107,1,2018-12,T40QGK,0.950297814025001,1,0.7593347463562558
S2A_MSIL2A_20181219T063251_R077_T40QGK_20201008T112107_0001.jpg,S2A_MSIL2A_20181219T063251_R077_T40QGK_20201008T112107,1,2018-12,T40QGK,0.950297814025001,1,0.7593347463562558
S2B_MSIL2A_20190103T063249_R077_T40QGK_20201007T223007_0000.jpg,S2B_MSIL2A_20190103T063249_R077_T40QGK_20201007T223007,0,2019-01,T40QGK,0.046618177331882275,0,0.7593347463562558
S2B_MSIL2A_20190103T063249_R077_T40QGK_20201007T223007_0001.jpg,S2B_MSIL2A_20190103T063249_R077_T40QGK_20201007T223007,0,2019-01,T40QGK,0.046618177331882275,0,0.7593347463562558
S2B_MSIL2A_20190113T063229_R077_T40QGK_20201008T011501_0000.jpg,S2B_MSIL2A_20190113T063229_R077_T40QGK_20201008T011501,0,2019-01,T40QGK,0.2311166460360309,0,0.7593347463562558
S2B_MSIL2A_20190113T063229_R077_T40QGK_20201008T011501_0001.jpg,S2B_MSIL2A_20190113T063229_R077_T40QGK_20201008T011501,0,2019-01,T40QGK,0.2311166460360309,0,0.7593347463562558
S2B_MSIL2A_20190123T063149_R077_T40QGK_20201008T040056_0000.jpg,S2B_MSIL2A_20190123T063149_R077_T40QGK_20201008T040056,0,2019-01,T40QGK,0.028824789400009244,0,0.7593347463562558
S2B_MSIL2A_20190123T063149_R077_T40QGK_20201008T040056_0001.jpg,S2B_MSIL2A_20190123T063149_R077_T40QGK_20201008T040056,0,2019-01,T40QGK,0.028824789400009244,0,0.7593347463562558
S2A_MSIL2A_20190128T063121_R077_T40QGK_20201008T051650_0000.jpg,S2A_MSIL2A_20190128T063121_R077_T40QGK_20201008T051650,1,2019-01,T40QGK,0.8801509392141976,1,0.7593347463562558
S2A_MSIL2A_20190128T063121_R077_T40QGK_20201008T051650_0001.jpg,S2A_MSIL2A_20190128T063121_R077_T40QGK_20201008T051650,1,2019-01,T40QGK,0.8801509392141976,1,0.7593347463562558
S2A_MSIL2A_20190227T062821_R077_T40QGK_20201007T210606_0000.jpg,S2A_MSIL2A_20190227T062821_R077_T40QGK_20201007T210606,0,2019-02,T40QGK,0.2143010101111755,0,0.7593347463562558
S2A_MSIL2A_20190227T062821_R077_T40QGK_20201007T210606_0001.jpg,S2A_MSIL2A_20190227T062821_R077_T40QGK_20201007T210606,0,2019-02,T40QGK,0.2143010101111755,0,0.7593347463562558
S2B_MSIL2A_20190304T062749_R077_T40QGK_20201030T140917_0000.jpg,S2B_MSIL2A_20190304T062749_R077_T40QGK_20201030T140917,1,2019-03,T40QGK,0.6335256125478149,0,0.7593347463562558
S2B_MSIL2A_20190304T062749_R077_T40QGK_20201030T140917_0001.jpg,S2B_MSIL2A_20190304T062749_R077_T40QGK_20201030T140917,1,2019-03,T40QGK,0.6335256125478149,0,0.7593347463562558
S2A_MSIL2A_20190319T062631_R077_T40QGK_20201007T080841_0000.jpg,S2A_MSIL2A_20190319T062631_R077_T40QGK_20201007T080841,0,2019-03,T40QGK,0.03186727190138241,0,0.7593347463562558
S2A_MSIL2A_20190319T062631_R077_T40QGK_20201007T080841_0001.jpg,S2A_MSIL2A_20190319T062631_R077_T40QGK_20201007T080841,0,2019-03,T40QGK,0.03186727190138241,0,0.7593347463562558
S2A_MSIL2A_20190408T062631_R077_T40QGK_20201006T233313_0000.jpg,S2A_MSIL2A_20190408T062631_R077_T40QGK_20201006T233313,0,2019-04,T40QGK,0.4987647229929831,0,0.7593347463562558
S2A_MSIL2A_20190408T062631_R077_T40QGK_20201006T233313_0001.jpg,S2A_MSIL2A_20190408T062631_R077_T40QGK_20201006T233313,0,2019-04,T40QGK,0.4987647229929831,0,0.7593347463562558
S2B_MSIL2A_20190423T062639_R077_T40QGK_20201105T161913_0000.jpg,S2B_MSIL2A_20190423T062639_R077_T40QGK_20201105T161913,0,2019-04,T40QGK,0.08149445413536092,0,0.7593347463562558
S2B_MSIL2A_20190423T062639_R077_T40QGK_20201105T161913_0001.jpg,S2B_MSIL2A_20190423T062639_R077_T40QGK_20201105T161913,0,2019-04,T40QGK,0.08149445413536092,0,0.7593347463562558
S2A_MSIL2A_20190428T062631_R077_T40QGK_20201105T205730_0000.jpg,S2A_MSIL2A_20190428T062631_R077_T40QGK_20201105T205730,0,2019-04,T40QGK,0.1373371633817991,0,0.7593347463562558
S2A_MSIL2A_20190428T062631_R077_T40QGK_20201105T205730_0001.jpg,S2A_MSIL2A_20190428T062631_R077_T40QGK_20201105T205730,0,2019-04,T40QGK,0.1373371633817991,0,0.7593347463562558
S2A_MSIL2A_20190508T062631_R077_T40QGK_20201006T112655_0000.jpg,S2A_MSIL2A_20190508T062631_R077_T40QGK_20201006T112655,0,2019-05,T40QGK,0.07661191339627259,0,0.7593347463562558
S2A_MSIL2A_20190508T062631_R077_T40QGK_20201006T112655_0001.jpg,S2A_MSIL2A_20190508T062631_R077_T40QGK_20201006T112655,0,2019-05,T40QGK,0.07661191339627259,0,0.7593347463562558
S2A_MSIL2A_20190518T062631_R077_T40QGK_20201006T153526_0000.jpg,S2A_MSIL2A_20190518T062631_R077_T40QGK_20201006T153526,0,2019-05,T40QGK,0.04503447963735705,0,0.7593347463562558
S2A_MSIL2A_20190518T062631_R077_T40QGK_20201006T153526_0001.jpg,S2A_MSIL2A_20190518T062631_R077_T40QGK_20201006T153526,0,2019-05,T40QGK,0.04503447963735705,0,0.7593347463562558
S2A_MSIL2A_20190528T062631_R077_T40QGK_20201006T191632_0000.jpg,S2A_MSIL2A_20190528T062631_R077_T40QGK_20201006T191632,1,2019-05,T40QGK,0.40925007271465785,0,0.7593347463562558
S2A_MSIL2A_20190528T062631_R077_T40QGK_20201006T191632_0001.jpg,S2A_MSIL2A_20190528T062631_R077_T40QGK_20201006T191632,1,2019-05,T40QGK,0.40925007271465785,0,0.7593347463562558
S2A_MSIL2A_20190607T062631_R077_T40QGK_20201005T230635_0000.jpg,S2A_MSIL2A_20190607T062631_R077_T40QGK_20201005T230635,0,2019-06,T40QGK,0.01857584703081559,0,0.7593347463562558
S2A_MSIL2A_20190607T062631_R077_T40QGK_20201005T230635_0001.jpg,S2A_MSIL2A_20190607T062631_R077_T40QGK_20201005T230635,0,2019-06,T40QGK,0.01857584703081559,0,0.7593347463562558
S2B_MSIL2A_20190612T062639_R077_T40QGK_20201006T012129_0000.jpg,S2B_MSIL2A_20190612T062639_R077_T40QGK_20201006T012129,0,2019-06,T40QGK,0.4030332888291661,0,0.7593347463562558
S2B_MSIL2A_20190612T062639_R077_T40QGK_20201006T012129_0001.jpg,S2B_MSIL2A_20190612T062639_R077_T40QGK_20201006T012129,0,2019-06,T40QGK,0.4030332888291661,0,0.7593347463562558
S2A_MSIL2A_20190707T062631_R077_T40QGK_20201005T102725_0000.jpg,S2A_MSIL2A_20190707T062631_R077_T40QGK_20201005T102725,0,2019-07,T40QGK,0.16563496274525555,0,0.7593347463562558
S2A_MSIL2A_20190707T062631_R077_T40QGK_20201005T102725_0001.jpg,S2A_MSIL2A_20190707T062631_R077_T40QGK_20201005T102725,0,2019-07,T40QGK,0.16563496274525555,0,0.7593347463562558
S2B_MSIL2A_20190722T062639_R077_T40QGK_20201005T180659_0000.jpg,S2B_MSIL2A_20190722T062639_R077_T40QGK_20201005T180659,0,2019-07,T40QGK,0.2214149945313673,0,0.7593347463562558
S2B_MSIL2A_20190722T062639_R077_T40QGK_20201005T180659_0001.jpg,S2B_MSIL2A_20190722T062639_R077_T40QGK_20201005T180659,0,2019-07,T40QGK,0.2214149945313673,0,0.7593347463562558
S2A_MSIL2A_20190727T062631_R077_T40QGK_20201106T025330_0000.jpg,S2A_MSIL2A_20190727T062631_R077_T40QGK_20201106T025330,0,2019-07,T40QGK,0.17503479640898315,0,0.7593347463562558
S2A_MSIL2A_20190727T062631_R077_T40QGK_20201106T025330_0001.jpg,S2A_MSIL2A_20190727T062631_R077_T40QGK_20201106T025330,0,2019-07,T40QGK,0.17503479640898315,0,0.7593347463562558
S2B_MSIL2A_20190801T062639_R077_T40QGK_20201004T191404_0000.jpg,S2B_MSIL2A_20190801T062639_R077_T40QGK_20201004T191404,0,2019-08,T40QGK,0.12108312171996065,0,0.7593347463562558
S2B_MSIL2A_20190801T062639_R077_T40QGK_20201004T191404_0001.jpg,S2B_MSIL2A_20190801T062639_R077_T40QGK_20201004T191404,0,2019-08,T40QGK,0.12108312171996065,0,0.7593347463562558
S2A_MSIL2A_20190816T062631_R077_T40QGK_20201005T005746_0000.jpg,S2A_MSIL2A_20190816T062631_R077_T40QGK_20201005T005746,0,2019-08,T40QGK,0.8032992298623087,1,0.7593347463562558
S2A_MSIL2A_20190816T062631_R077_T40QGK_20201005T005746_0001.jpg,S2A_MSIL2A_20190816T062631_R077_T40QGK_20201005T005746,0,2019-08,T40QGK,0.8032992298623087,1,0.7593347463562558
S2B_MSIL2A_20190910T062629_R077_T40QGK_20201004T113427_0000.jpg,S2B_MSIL2A_20190910T062629_R077_T40QGK_20201004T113427,1,2019-09,T40QGK,0.8038859876727729,1,0.7593347463562558
S2B_MSIL2A_20190910T062629_R077_T40QGK_20201004T113427_0001.jpg,S2B_MSIL2A_20190910T062629_R077_T40QGK_20201004T113427,1,2019-09,T40QGK,0.8038859876727729,1,0.7593347463562558
S2B_MSIL2A_20190920T062629_R077_T40QGK_20201004T152316_0000.jpg,S2B_MSIL2A_20190920T062629_R077_T40QGK_20201004T152316,0,2019-09,T40QGK,0.020927543487659857,0,0.7593347463562558
S2B_MSIL2A_20190920T062629_R077_T40QGK_20201004T152316_0001.jpg,S2B_MSIL2A_20190920T062629_R077_T40QGK_20201004T152316,0,2019-09,T40QGK,0.020927543487659857,0,0.7593347463562558
S2A_MSIL2A_20191015T062831_R077_T40QGK_20201004T022857_0000.jpg,S2A_MSIL2A_20191015T062831_R077_T40QGK_20201004T022857,0,2019-10,T40QGK,0.1120406370066906,0,0.7593347463562558
S2A_MSIL2A_20191015T062831_R077_T40QGK_20201004T022857_0001.jpg,S2A_MSIL2A_20191015T062831_R077_T40QGK_20201004T022857,0,2019-10,T40QGK,0.1120406370066906,0,0.7593347463562558
S2B_MSIL2A_20191020T062859_R077_T40QGK_20201004T042519_0000.jpg,S2B_MSIL2A_20191020T062859_R077_T40QGK_20201004T042519,0,2019-10,T40QGK,0.3145926805314855,0,0.7593347463562558
S2B_MSIL2A_20191020T062859_R077_T40QGK_20201004T042519_0001.jpg,S2B_MSIL2A_20191020T062859_R077_T40QGK_20201004T042519,0,2019-10,T40QGK,0.3145926805314855,0,0.7593347463562558
S2A_MSIL2A_20191025T062931_R077_T40QGK_20201004T055923_0000.jpg,S2A_MSIL2A_20191025T062931_R077_T40QGK_20201004T055923,0,2019-10,T40QGK,0.03477816088527402,0,0.7593347463562558
S2A_MSIL2A_20191025T062931_R077_T40QGK_20201004T055923_0001.jpg,S2A_MSIL2A_20191025T062931_R077_T40QGK_20201004T055923,0,2019-10,T40QGK,0.03477816088527402,0,0.7593347463562558
S2A_MSIL2A_20191104T063031_R077_T40QGK_20201003T125640_0000.jpg,S2A_MSIL2A_20191104T063031_R077_T40QGK_20201003T125640,0,2019-11,T40QGK,0.1072773399543802,0,0.7593347463562558
S2A_MSIL2A_20191104T063031_R077_T40QGK_20201003T125640_0001.jpg,S2A_MSIL2A_20191104T063031_R077_T40QGK_20201003T125640,0,2019-11,T40QGK,0.1072773399543802,0,0.7593347463562558
S2B_MSIL2A_20191109T063059_R077_T40QGK_20201003T144754_0000.jpg,S2B_MSIL2A_20191109T063059_R077_T40QGK_20201003T144754,1,2019-11,T40QGK,0.8298570393023462,1,0.7593347463562558
S2B_MSIL2A_20191109T063059_R077_T40QGK_20201003T144754_0001.jpg,S2B_MSIL2A_20191109T063059_R077_T40QGK_20201003T144754,1,2019-11,T40QGK,0.8298570393023462,1,0.7593347463562558
S2B_MSIL2A_20191119T063139_R077_T40QGK_20201003T180524_0000.jpg,S2B_MSIL2A_20191119T063139_R077_T40QGK_20201003T180524,0,2019-11,T40QGK,0.06663727566152726,0,0.7593347463562558
S2B_MSIL2A_20191119T063139_R077_T40QGK_20201003T180524_0001.jpg,S2B_MSIL2A_20191119T063139_R077_T40QGK_20201003T180524,0,2019-11,T40QGK,0.06663727566152726,0,0.7593347463562558
S2B_MSIL2A_20191129T063219_R077_T40QGK_20201003T204846_0000.jpg,S2B_MSIL2A_20191129T063219_R077_T40QGK_20201003T204846,0,2019-11,T40QGK,0.06041586337630791,0,0.7593347463562558
S2B_MSIL2A_20191129T063219_R077_T40QGK_20201003T204846_0001.jpg,S2B_MSIL2A_20191129T063219_R077_T40QGK_20201003T204846,0,2019-11,T40QGK,0.06041586337630791,0,0.7593347463562558
S2B_MSIL2A_20191209T063239_R077_T40QGK_20201003T024733_0000.jpg,S2B_MSIL2A_20191209T063239_R077_T40QGK_20201003T024733,0,2019-12,T40QGK,0.021581453672936325,0,0.7593347463562558
S2B_MSIL2A_20191209T063239_R077_T40QGK_20201003T024733_0001.jpg,S2B_MSIL2A_20191209T063239_R077_T40QGK_20201003T024733,0,2019-12,T40QGK,0.021581453672936325,0,0.7593347463562558
S2A_MSIL2A_20191224T063251_R077_T40QGK_20201003T085730_0000.jpg,S2A_MSIL2A_20191224T063251_R077_T40QGK_20201003T085730,0,2019-12,T40QGK,0.5781985661916998,0,0.7593347463562558
S2A_MSIL2A_20191224T063251_R077_T40QGK_20201003T085730_0001.jpg,S2A_MSIL2A_20191224T063251_R077_T40QGK_20201003T085730,0,2019-12,T40QGK,0.5781985661916998,0,0.7593347463562558
S2A_MSIL2A_20200103T063241_R077_T40QGK_20201002T221617_0000.jpg,S2A_MSIL2A_20200103T063241_R077_T40QGK_20201002T221617,0,2020-01,T40QGK,0.13782485904371983,0,0.7593347463562558
S2A_MSIL2A_20200103T063241_R077_T40QGK_20201002T221617_0001.jpg,S2A_MSIL2A_20200103T063241_R077_T40QGK_20201002T221617,0,2020-01,T40QGK,0.13782485904371983,0,0.7593347463562558
S2A_MSIL2A_20200113T063221_R077_T40QGK_20201002T180853_0000.jpg,S2A_MSIL2A_20200113T063221_R077_T40QGK_20201002T180853,0,2020-01,T40QGK,0.20666149887815174,0,0.7593347463562558
S2A_MSIL2A_20200113T063221_R077_T40QGK_20201002T180853_0001.jpg,S2A_MSIL2A_20200113T063221_R077_T40QGK_20201002T180853,0,2020-01,T40QGK,0.20666149887815174,0,0.7593347463562558
S2B_MSIL2A_20200118T063209_R077_T40QGK_20201002T202136_0000.jpg,S2B_MSIL2A_20200118T063209_R077_T40QGK_20201002T202136,1,2020-01,T40QGK,0.9154951170497042,1,0.7593347463562558
S2B_MSIL2A_20200118T063209_R077_T40QGK_20201002T202136_0001.jpg,S2B_MSIL2A_20200118T063209_R077_T40QGK_20201002T202136,1,2020-01,T40QGK,0.9154951170497042,1,0.7593347463562558
S2B_MSIL2A_20200128T063119_R077_T40QGK_20201002T134634_0000.jpg,S2B_MSIL2A_20200128T063119_R077_T40QGK_20201002T134634,0,2020-01,T40QGK,0.010556956940891087,0,0.7593347463562558
S2B_MSIL2A_20200128T063119_R077_T40QGK_20201002T134634_0001.jpg,S2B_MSIL2A_20200128T063119_R077_T40QGK_20201002T134634,0,2020-01,T40QGK,0.010556956940891087,0,0.7593347463562558
S2B_MSIL2A_20200207T063029_R077_T40QGK_20201001T062614_0000.jpg,S2B_MSIL2A_20200207T063029_R077_T40QGK_20201001T062614,1,2020-02,T40QGK,0.897292057066581,1,0.7593347463562558
S2B_MSIL2A_20200207T063029_R077_T40QGK_20201001T062614_0001.jpg,S2B_MSIL2A_20200207T063029_R077_T40QGK_20201001T062614,1,2020-02,T40QGK,0.897292057066581,1,0.7593347463562558
S2B_MSIL2A_20200217T062929_R077_T40QGK_20200929T160912_0000.jpg,S2B_MSIL2A_20200217T062929_R077_T40QGK_20200929T160912,0,2020-02,T40QGK,0.1830858907228674,0,0.7593347463562558
S2B_MSIL2A_20200217T062929_R077_T40QGK_20200929T160912_0001.jpg,S2B_MSIL2A_20200217T062929_R077_T40QGK_20200929T160912,0,2020-02,T40QGK,0.1830858907228674,0,0.7593347463562558
S2B_MSIL2A_20200227T062819_R077_T40QGK_20200928T190758_0000.jpg,S2B_MSIL2A_20200227T062819_R077_T40QGK_20200928T190758,0,2020-02,T40QGK,0.05726906542991906,0,0.7593347463562558
S2B_MSIL2A_20200227T062819_R077_T40QGK_20200928T190758_0001.jpg,S2B_MSIL2A_20200227T062819_R077_T40QGK_20200928T190758,0,2020-02,T40QGK,0.05726906542991906,0,0.7593347463562558
S2B_MSIL2A_20200328T062629_R077_T40QGK_20201027T122258_0000.jpg,S2B_MSIL2A_20200328T062629_R077_T40QGK_20201027T122258,0,2020-03,T40QGK,0.29053049288758115,0,0.7593347463562558
S2B_MSIL2A_20200328T062629_R077_T40QGK_20201027T122258_0001.jpg,S2B_MSIL2A_20200328T062629_R077_T40QGK_20201027T122258,0,2020-03,T40QGK,0.29053049288758115,0,0.7593347463562558
S2A_MSIL2A_20200402T062621_R077_T40QGK_20200924T160400_0000.jpg,S2A_MSIL2A_20200402T062621_R077_T40QGK_20200924T160400,0,2020-04,T40QGK,0.287472448188485,0,0.7593347463562558
S2A_MSIL2A_20200402T062621_R077_T40QGK_20200924T160400_0001.jpg,S2A_MSIL2A_20200402T062621_R077_T40QGK_20200924T160400,0,2020-04,T40QGK,0.287472448188485,0,0.7593347463562558
S2B_MSIL2A_20200427T062629_R077_T40QGK_20200922T082449_0000.jpg,S2B_MSIL2A_20200427T062629_R077_T40QGK_20200922T082449,0,2020-04,T40QGK,0.08583014602015587,0,0.7593347463562558
S2B_MSIL2A_20200427T062629_R077_T40QGK_20200922T082449_0001.jpg,S2B_MSIL2A_20200427T062629_R077_T40QGK_20200922T082449,0,2020-04,T40QGK,0.08583014602015587,0,0.7593347463562558
S2B_MSIL2A_20200507T062629_R077_T40QGK_20200920T220121_0000.jpg,S2B_MSIL2A_20200507T062629_R077_T40QGK_20200920T220121,0,2020-05,T40QGK,0.020232277260508292,0,0.7593347463562558
S2B_MSIL2A_20200507T062629_R077_T40QGK_20200920T220121_0001.jpg,S2B_MSIL2A_20200507T062629_R077_T40QGK_20200920T220121,0,2020-05,T40QGK,0.020232277260508292,0,0.7593347463562558
S2A_MSIL2A_20200522T062631_R077_T40QGK_20200910T130325_0000.jpg,S2A_MSIL2A_20200522T062631_R077_T40QGK_20200910T130325,1,2020-05,T40QGK,0.8772359856902319,1,0.7593347463562558
S2A_MSIL2A_20200522T062631_R077_T40QGK_20200910T130325_0001.jpg,S2A_MSIL2A_20200522T062631_R077_T40QGK_20200910T130325,1,2020-05,T40QGK,0.8772359856902319,1,0.7593347463562558
S2B_MSIL2A_20200527T062629_R077_T40QGK_20200911T043843_0000.jpg,S2B_MSIL2A_20200527T062629_R077_T40QGK_20200911T043843,1,2020-05,T40QGK,0.5588806590455381,0,0.7593347463562558
S2B_MSIL2A_20200527T062629_R077_T40QGK_20200911T043843_0001.jpg,S2B_MSIL2A_20200527T062629_R077_T40QGK_20200911T043843,1,2020-05,T40QGK,0.5588806590455381,0,0.7593347463562558
S2A_MSIL2A_20200611T062631_R077_T40QGK_20200909T170241_0000.jpg,S2A_MSIL2A_20200611T062631_R077_T40QGK_20200909T170241,0,2020-06,T40QGK,0.3485644566940763,0,0.7593347463562558
S2A_MSIL2A_20200611T062631_R077_T40QGK_20200909T170241_0001.jpg,S2A_MSIL2A_20200611T062631_R077_T40QGK_20200909T170241,0,2020-06,T40QGK,0.3485644566940763,0,0.7593347463562558
S2B_MSIL2A_20200626T062629_R077_T40QGK_20200824T052037_0000.jpg,S2B_MSIL2A_20200626T062629_R077_T40QGK_20200824T052037,0,2020-06,T40QGK,0.06808074331963596,0,0.7593347463562558
S2B_MSIL2A_20200626T062629_R077_T40QGK_20200824T052037_0001.jpg,S2B_MSIL2A_20200626T062629_R077_T40QGK_20200824T052037,0,2020-06,T40QGK,0.06808074331963596,0,0.7593347463562558
S2A_MSIL2A_20200701T062631_R077_T40QGK_20200824T190158_0000.jpg,S2A_MSIL2A_20200701T062631_R077_T40QGK_20200824T190158,0,2020-07,T40QGK,0.03414518960935144,0,0.7593347463562558
S2A_MSIL2A_20200701T062631_R077_T40QGK_20200824T190158_0001.jpg,S2A_MSIL2A_20200701T062631_R077_T40QGK_20200824T190158,0,2020-07,T40QGK,0.03414518960935144,0,0.7593347463562558
S2A_MSIL2A_20200721T062631_R077_T40QGK_20200816T230033_0000.jpg,S2A_MSIL2A_20200721T062631_R077_T40QGK_20200816T230033,1,2020-07,T40QGK,0.407046909185467,0,0.7593347463562558
S2A_MSIL2A_20200721T062631_R077_T40QGK_20200816T230033_0001.jpg,S2A_MSIL2A_20200721T062631_R077_T40QGK_20200816T230033,1,2020-07,T40QGK,0.407046909185467,0,0.7593347463562558
S2A_MSIL2A_20200731T062631_R077_T40QGK_20200818T061733_0000.jpg,S2A_MSIL2A_20200731T062631_R077_T40QGK_20200818T061733,1,2020-07,T40QGK,0.9325211830382635,1,0.7593347463562558
S2A_MSIL2A_20200731T062631_R077_T40QGK_20200818T061733_0001.jpg,S2A_MSIL2A_20200731T062631_R077_T40QGK_20200818T061733,1,2020-07,T40QGK,0.9325211830382635,1,0.7593347463562558
S2B_MSIL2A_20200805T062629_R077_T40QGK_20200815T032734_0000.jpg,S2B_MSIL2A_20200805T062629_R077_T40QGK_20200815T032734,0,2020-08,T40QGK,0.6499796983266956,0,0.7593347463562558
S2A_MSIL2A_20200810T062631_R077_T40QGK_20200814T163206_0000.jpg,S2A_MSIL2A_20200810T062631_R077_T40QGK_20200814T163206,0,2020-08,T40QGK,0.7294936562349627,0,0.7593347463562558
S2A_MSIL2A_20200810T062631_R077_T40QGK_20200814T163206_0001.jpg,S2A_MSIL2A_20200810T062631_R077_T40QGK_20200814T163206,0,2020-08,T40QGK,0.7294936562349627,0,0.7593347463562558
S2A_MSIL2A_20200820T062631_R077_T40QGK_20200908T232001_0000.jpg,S2A_MSIL2A_20200820T062631_R077_T40QGK_20200908T232001,0,2020-08,T40QGK,0.020975886572382602,0,0.7593347463562558
S2A_MSIL2A_20200820T062631_R077_T40QGK_20200908T232001_0001.jpg,S2A_MSIL2A_20200820T062631_R077_T40QGK_20200908T232001,0,2020-08,T40QGK,0.020975886572382602,0,0.7593347463562558
S2B_MSIL2A_20200904T062629_R077_T40QGK_20200908T015514_0000.jpg,S2B_MSIL2A_20200904T062629_R077_T40QGK_20200908T015514,0,2020-09,T40QGK,0.00860057357152293,0,0.7593347463562558
S2B_MSIL2A_20200904T062629_R077_T40QGK_20200908T015514_0001.jpg,S2B_MSIL2A_20200904T062629_R077_T40QGK_20200908T015514,0,2020-09,T40QGK,0.00860057357152293,0,0.7593347463562558
S2A_MSIL2A_20200909T062631_R077_T40QGK_20200919T090132_0000.jpg,S2A_MSIL2A_20200909T062631_R077_T40QGK_20200919T090132,0,2020-09,T40QGK,0.2267822892178957,0,0.7593347463562558
S2A_MSIL2A_20200909T062631_R077_T40QGK_20200919T090132_0001.jpg,S2A_MSIL2A_20200909T062631_R077_T40QGK_20200919T090132,0,2020-09,T40QGK,0.2267822892178957,0,0.7593347463562558
S2A_MSIL2A_20200919T062631_R077_T40QGK_20200922T213459_0000.jpg,S2A_MSIL2A_20200919T062631_R077_T40QGK_20200922T213459,0,2020-09,T40QGK,0.424138963401546,0,0.7593347463562558
S2A_MSIL2A_20200919T062631_R077_T40QGK_20200922T213459_0001.jpg,S2A_MSIL2A_20200919T062631_R077_T40QGK_20200922T213459,0,2020-09,T40QGK,0.424138963401546,0,0.7593347463562558
S2A_MSIL2A_20200929T062651_R077_T40QGK_20201001T173451_0000.jpg,S2A_MSIL2A_20200929T062651_R077_T40QGK_20201001T173451,0,2020-09,T40QGK,0.42853949408696734,0,0.7593347463562558
S2A_MSIL2A_20200929T062651_R077_T40QGK_20201001T173451_0001.jpg,S2A_MSIL2A_20200929T062651_R077_T40QGK_20201001T173451,0,2020-09,T40QGK,0.42853949408696734,0,0.7593347463562558
S2B_MSIL2A_20201004T062719_R077_T40QGK_20201006T041306_0000.jpg,S2B_MSIL2A_20201004T062719_R077_T40QGK_20201006T041306,1,2020-10,T40QGK,0.7630819480401161,1,0.7593347463562558
S2B_MSIL2A_20201004T062719_R077_T40QGK_20201006T041306_0001.jpg,S2B_MSIL2A_20201004T062719_R077_T40QGK_20201006T041306,1,2020-10,T40QGK,0.7630819480401161,1,0.7593347463562558
S2B_MSIL2A_20201024T062939_R077_T40QGK_20201029T170956_0000.jpg,S2B_MSIL2A_20201024T062939_R077_T40QGK_20201029T170956,0,2020-10,T40QGK,0.015178232998507308,0,0.7593347463562558
S2B_MSIL2A_20201024T062939_R077_T40QGK_20201029T170956_0001.jpg,S2B_MSIL2A_20201024T062939_R077_T40QGK_20201029T170956,0,2020-10,T40QGK,0.015178232998507308,0,0.7593347463562558
S2A_MSIL2A_20201029T063011_R077_T40QGK_20201101T123504_0000.jpg,S2A_MSIL2A_20201029T063011_R077_T40QGK_20201101T123504,0,2020-10,T40QGK,0.015762482784311894,0,0.7593347463562558
S2A_MSIL2A_20201029T063011_R077_T40QGK_20201101T123504_0001.jpg,S2A_MSIL2A_20201029T063011_R077_T40QGK_20201101T123504,0,2020-10,T40QGK,0.015762482784311894,0,0.7593347463562558
S2B_MSIL2A_20201123T063159_R077_T40QGK_20201124T114709_0000.jpg,S2B_MSIL2A_20201123T063159_R077_T40QGK_20201124T114709,0,2020-11,T40QGK,0.3635041523727794,0,0.7593347463562558
S2B_MSIL2A_20201123T063159_R077_T40QGK_20201124T114709_0001.jpg,S2B_MSIL2A_20201123T063159_R077_T40QGK_20201124T114709,0,2020-11,T40QGK,0.3635041523727794,0,0.7593347463562558
S2A_MSIL2A_20201128T063221_R077_T40QGK_20201128T225721_0000.jpg,S2A_MSIL2A_20201128T063221_R077_T40QGK_20201128T225721,1,2020-11,T40QGK,0.5393951639008876,0,0.7593347463562558
S2A_MSIL2A_20201128T063221_R077_T40QGK_20201128T225721_0001.jpg,S2A_MSIL2A_20201128T063221_R077_T40QGK_20201128T225721,1,2020-11,T40QGK,0.5393951639008876,0,0.7593347463562558
S2B_MSIL2A_20201203T063229_R077_T40QGK_20201204T003203_0000.jpg,S2B_MSIL2A_20201203T063229_R077_T40QGK_20201204T003203,0,2020-12,T40QGK,0.02245357761251793,0,0.7593347463562558
S2B_MSIL2A_20201203T063229_R077_T40QGK_20201204T003203_0001.jpg,S2B_MSIL2A_20201203T063229_R077_T40QGK_20201204T003203,0,2020-12,T40QGK,0.02245357761251793,0,0.7593347463562558
S2B_MSIL2A_20201213T063249_R077_T40QGK_20201214T024845_0000.jpg,S2B_MSIL2A_20201213T063249_R077_T40QGK_20201214T024845,1,2020-12,T40QGK,0.633755714900573,0,0.7593347463562558
S2B_MSIL2A_20201213T063249_R077_T40QGK_20201214T024845_0001.jpg,S2B_MSIL2A_20201213T063249_R077_T40QGK_20201214T024845,1,2020-12,T40QGK,0.633755714900573,0,0.7593347463562558
S2A_MSIL2A_20201218T063301_R077_T40QGK_20201218T211405_0000.jpg,S2A_MSIL2A_20201218T063301_R077_T40QGK_20201218T211405,0,2020-12,T40QGK,0.2263912052402843,0,0.7593347463562558
S2A_MSIL2A_20201218T063301_R077_T40QGK_20201218T211405_0001.jpg,S2A_MSIL2A_20201218T063301_R077_T40QGK_20201218T211405,0,2020-12,T40QGK,0.2263912052402843,0,0.7593347463562558
S2B_MSIL2A_20210102T063249_R077_T40QGK_20210102T170355_0000.jpg,S2B_MSIL2A_20210102T063249_R077_T40QGK_20210102T170355,0,2021-01,T40QGK,0.04715144222308453,0,0.7593347463562558
S2B_MSIL2A_20210102T063249_R077_T40QGK_20210102T170355_0001.jpg,S2B_MSIL2A_20210102T063249_R077_T40QGK_20210102T170355,0,2021-01,T40QGK,0.04715144222308453,0,0.7593347463562558
S2A_MSIL2A_20210117T063211_R077_T40QGK_20210117T133733_0000.jpg,S2A_MSIL2A_20210117T063211_R077_T40QGK_20210117T133733,0,2021-01,T40QGK,0.16943572158155212,0,0.7593347463562558
S2A_MSIL2A_20210117T063211_R077_T40QGK_20210117T133733_0001.jpg,S2A_MSIL2A_20210117T063211_R077_T40QGK_20210117T133733,0,2021-01,T40QGK,0.16943572158155212,0,0.7593347463562558
S2A_MSIL2A_20210127T063131_R077_T40QGK_20210201T084320_0000.jpg,S2A_MSIL2A_20210127T063131_R077_T40QGK_20210201T084320,0,2021-01,T40QGK,0.3355813274325105,0,0.7593347463562558
S2A_MSIL2A_20210127T063131_R077_T40QGK_20210201T084320_0001.jpg,S2A_MSIL2A_20210127T063131_R077_T40QGK_20210201T084320,0,2021-01,T40QGK,0.3355813274325105,0,0.7593347463562558
S2B_MSIL2A_20210201T063059_R077_T40QGK_20210202T030501_0000.jpg,S2B_MSIL2A_20210201T063059_R077_T40QGK_20210202T030501,0,2021-02,T40QGK,0.04383358563026793,0,0.7593347463562558
S2B_MSIL2A_20210201T063059_R077_T40QGK_20210202T030501_0001.jpg,S2B_MSIL2A_20210201T063059_R077_T40QGK_20210202T030501,0,2021-02,T40QGK,0.04383358563026793,0,0.7593347463562558
S2A_MSIL2A_20210216T062931_R077_T40QGK_20210419T220612_0000.jpg,S2A_MSIL2A_20210216T062931_R077_T40QGK_20210419T220612,0,2021-02,T40QGK,0.06699747727936814,0,0.7593347463562558
S2A_MSIL2A_20210216T062931_R077_T40QGK_20210419T220612_0001.jpg,S2A_MSIL2A_20210216T062931_R077_T40QGK_20210419T220612,0,2021-02,T40QGK,0.06699747727936814,0,0.7593347463562558
S2B_MSIL2A_20210221T062859_R077_T40QGK_20210221T170349_0000.jpg,S2B_MSIL2A_20210221T062859_R077_T40QGK_20210221T170349,0,2021-02,T40QGK,0.0613943124248156,0,0.7593347463562558
S2B_MSIL2A_20210221T062859_R077_T40QGK_20210221T170349_0001.jpg,S2B_MSIL2A_20210221T062859_R077_T40QGK_20210221T170349,0,2021-02,T40QGK,0.0613943124248156,0,0.7593347463562558
S2A_MSIL2A_20210226T062831_R077_T40QGK_20210226T162504_0000.jpg,S2A_MSIL2A_20210226T062831_R077_T40QGK_20210226T162504,1,2021-02,T40QGK,0.9166108288348748,1,0.7593347463562558
S2A_MSIL2A_20210226T062831_R077_T40QGK_20210226T162504_0001.jpg,S2A_MSIL2A_20210226T062831_R077_T40QGK_20210226T162504,1,2021-02,T40QGK,0.9166108288348748,1,0.7593347463562558
S2B_MSIL2A_20210303T062749_R077_T40QGK_20210303T181528_0000.jpg,S2B_MSIL2A_20210303T062749_R077_T40QGK_20210303T181528,1,2021-03,T40QGK,0.9106155628000824,1,0.7593347463562558
S2B_MSIL2A_20210303T062749_R077_T40QGK_20210303T181528_0001.jpg,S2B_MSIL2A_20210303T062749_R077_T40QGK_20210303T181528,1,2021-03,T40QGK,0.9106155628000824,1,0.7593347463562558
S2B_MSIL2A_20210313T062639_R077_T40QGK_20210314T064921_0000.jpg,S2B_MSIL2A_20210313T062639_R077_T40QGK_20210314T064921,0,2021-03,T40QGK,0.47547288673313526,0,0.7593347463562558
S2B_MSIL2A_20210313T062639_R077_T40QGK_20210314T064921_0001.jpg,S2B_MSIL2A_20210313T062639_R077_T40QGK_20210314T064921,0,2021-03,T40QGK,0.47547288673313526,0,0.7593347463562558
S2A_MSIL2A_20210318T062631_R077_T40QGK_20210318T231249_0000.jpg,S2A_MSIL2A_20210318T062631_R077_T40QGK_20210318T231249,0,2021-03,T40QGK,0.053235909586839235,0,0.7593347463562558
S2A_MSIL2A_20210318T062631_R077_T40QGK_20210318T231249_0001.jpg,S2A_MSIL2A_20210318T062631_R077_T40QGK_20210318T231249,0,2021-03,T40QGK,0.053235909586839235,0,0.7593347463562558
S2A_MSIL2A_20210328T062631_R077_T40QGK_20210328T155521_0000.jpg,S2A_MSIL2A_20210328T062631_R077_T40QGK_20210328T155521,0,2021-03,T40QGK,0.011154970608248408,0,0.7593347463562558
S2A_MSIL2A_20210328T062631_R077_T40QGK_20210328T155521_0001.jpg,S2A_MSIL2A_20210328T062631_R077_T40QGK_20210328T155521,0,2021-03,T40QGK,0.011154970608248408,0,0.7593347463562558
S2B_MSIL2A_20210412T062629_R077_T40QGK_20210412T193636_0000.jpg,S2B_MSIL2A_20210412T062629_R077_T40QGK_20210412T193636,0,2021-04,T40QGK,0.08239423882310984,0,0.7593347463562558
S2B_MSIL2A_20210412T062629_R077_T40QGK_20210412T193636_0001.jpg,S2B_MSIL2A_20210412T062629_R077_T40QGK_20210412T193636,0,2021-04,T40QGK,0.08239423882310984,0,0.7593347463562558
S2B_MSIL2A_20210422T062619_R077_T40QGK_20210422T190539_0000.jpg,S2B_MSIL2A_20210422T062619_R077_T40QGK_20210422T190539,0,2021-04,T40QGK,0.3572188001377712,0,0.7593347463562558
S2B_MSIL2A_20210422T062619_R077_T40QGK_20210422T190539_0001.jpg,S2B_MSIL2A_20210422T062619_R077_T40QGK_20210422T190539,0,2021-04,T40QGK,0.3572188001377712,0,0.7593347463562558
S2A_MSIL2A_20210517T062631_R077_T40QGK_20210518T213035_0000.jpg,S2A_MSIL2A_20210517T062631_R077_T40QGK_20210518T213035,0,2021-05,T40QGK,0.023299614086384365,0,0.7593347463562558
S2A_MSIL2A_20210517T062631_R077_T40QGK_20210518T213035_0001.jpg,S2A_MSIL2A_20210517T062631_R077_T40QGK_20210518T213035,0,2021-05,T40QGK,0.023299614086384365,0,0.7593347463562558
S2A_MSIL2A_20210527T062631_R077_T40QGK_20210527T191240_0000.jpg,S2A_MSIL2A_20210527T062631_R077_T40QGK_20210527T191240,0,2021-05,T40QGK,0.5783546435661696,0,0.7593347463562558
S2A_MSIL2A_20210527T062631_R077_T40QGK_20210527T191240_0001.jpg,S2A_MSIL2A_20210527T062631_R077_T40QGK_20210527T191240,0,2021-05,T40QGK,0.5783546435661696,0,0.7593347463562558
S2B_MSIL2A_20210601T062629_R077_T40QGK_20210601T190244_0000.jpg,S2B_MSIL2A_20210601T062629_R077_T40QGK_20210601T190244,0,2021-06,T40QGK,0.01589170895549484,0,0.7593347463562558
S2B_MSIL2A_20210601T062629_R077_T40QGK_20210601T190244_0001.jpg,S2B_MSIL2A_20210601T062629_R077_T40QGK_20210601T190244,0,2021-06,T40QGK,0.01589170895549484,0,0.7593347463562558
S2A_MSIL2A_20210616T062631_R077_T40QGK_20210616T222753_0000.jpg,S2A_MSIL2A_20210616T062631_R077_T40QGK_20210616T222753,0,2021-06,T40QGK,0.5067709139157859,0,0.7593347463562558
S2A_MSIL2A_20210616T062631_R077_T40QGK_20210616T222753_0001.jpg,S2A_MSIL2A_20210616T062631_R077_T40QGK_20210616T222753,0,2021-06,T40QGK,0.5067709139157859,0,0.7593347463562558
S2B_MSIL2A_20210711T062629_R077_T40QGK_20210711T172322_0000.jpg,S2B_MSIL2A_20210711T062629_R077_T40QGK_20210711T172322,0,2021-07,T40QGK,0.5859332800487111,0,0.7593347463562558
S2B_MSIL2A_20210711T062629_R077_T40QGK_20210711T172322_0001.jpg,S2B_MSIL2A_20210711T062629_R077_T40QGK_20210711T172322,0,2021-07,T40QGK,0.5859332800487111,0,0.7593347463562558
S2B_MSIL2A_20210721T062629_R077_T40QGK_20210723T003013_0000.jpg,S2B_MSIL2A_20210721T062629_R077_T40QGK_20210723T003013,0,2021-07,T40QGK,0.028829230984394525,0,0.7593347463562558
S2B_MSIL2A_20210721T062629_R077_T40QGK_20210723T003013_0001.jpg,S2B_MSIL2A_20210721T062629_R077_T40QGK_20210723T003013,0,2021-07,T40QGK,0.028829230984394525,0,0.7593347463562558
S2B_MSIL2A_20210731T062629_R077_T40QGK_20210731T195630_0000.jpg,S2B_MSIL2A_20210731T062629_R077_T40QGK_20210731T195630,0,2021-07,T40QGK,0.28161482931743675,0,0.7593347463562558
S2B_MSIL2A_20210731T062629_R077_T40QGK_20210731T195630_0001.jpg,S2B_MSIL2A_20210731T062629_R077_T40QGK_20210731T195630,0,2021-07,T40QGK,0.28161482931743675,0,0.7593347463562558
S2A_MSIL2A_20210815T062631_R077_T40QGK_20210815T134405_0000.jpg,S2A_MSIL2A_20210815T062631_R077_T40QGK_20210815T134405,0,2021-08,T40QGK,0.20377927593341022,0,0.7593347463562558
S2A_MSIL2A_20210815T062631_R077_T40QGK_20210815T134405_0001.jpg,S2A_MSIL2A_20210815T062631_R077_T40QGK_20210815T134405,0,2021-08,T40QGK,0.20377927593341022,0,0.7593347463562558
S2B_MSIL2A_20210820T062629_R077_T40QGK_20210820T145759_0000.jpg,S2B_MSIL2A_20210820T062629_R077_T40QGK_20210820T145759,0,2021-08,T40QGK,0.14805645297731926,0,0.7593347463562558
S2B_MSIL2A_20210820T062629_R077_T40QGK_20210820T145759_0001.jpg,S2B_MSIL2A_20210820T062629_R077_T40QGK_20210820T145759,0,2021-08,T40QGK,0.14805645297731926,0,0.7593347463562558
S2A_MSIL2A_20210825T062631_R077_T40QGK_20210825T165600_0000.jpg,S2A_MSIL2A_20210825T062631_R077_T40QGK_20210825T165600,0,2021-08,T40QGK,0.34869805216576183,0,0.7593347463562558
S2A_MSIL2A_20210825T062631_R077_T40QGK_20210825T165600_0001.jpg,S2A_MSIL2A_20210825T062631_R077_T40QGK_20210825T165600,0,2021-08,T40QGK,0.34869805216576183,0,0.7593347463562558
S2A_MSIL2A_20210914T062631_R077_T40QGK_20210914T200235_0000.jpg,S2A_MSIL2A_20210914T062631_R077_T40QGK_20210914T200235,0,2021-09,T40QGK,0.20588201237698825,0,0.7593347463562558
S2A_MSIL2A_20210914T062631_R077_T40QGK_20210914T200235_0001.jpg,S2A_MSIL2A_20210914T062631_R077_T40QGK_20210914T200235,0,2021-09,T40QGK,0.20588201237698825,0,0.7593347463562558
S2B_MSIL2A_20210919T062629_R077_T40QGK_20210919T182836_0000.jpg,S2B_MSIL2A_20210919T062629_R077_T40QGK_20210919T182836,0,2021-09,T40QGK,0.21783040142359128,0,0.7593347463562558
S2B_MSIL2A_20210919T062629_R077_T40QGK_20210919T182836_0001.jpg,S2B_MSIL2A_20210919T062629_R077_T40QGK_20210919T182836,0,2021-09,T40QGK,0.21783040142359128,0,0.7593347463562558
S2A_MSIL2A_20211004T062721_R077_T40QGK_20211004T155328_0000.jpg,S2A_MSIL2A_20211004T062721_R077_T40QGK_20211004T155328,1,2021-10,T40QGK,0.862905786449298,1,0.7593347463562558
S2A_MSIL2A_20211004T062721_R077_T40QGK_20211004T155328_0001.jpg,S2A_MSIL2A_20211004T062721_R077_T40QGK_20211004T155328,1,2021-10,T40QGK,0.862905786449298,1,0.7593347463562558
S2B_MSIL2A_20211009T062749_R077_T40QGK_20211009T200850_0000.jpg,S2B_MSIL2A_20211009T062749_R077_T40QGK_20211009T200850,0,2021-10,T40QGK,0.0267839108576393,0,0.7593347463562558
S2B_MSIL2A_20211009T062749_R077_T40QGK_20211009T200850_0001.jpg,S2B_MSIL2A_20211009T062749_R077_T40QGK_20211009T200850,0,2021-10,T40QGK,0.0267839108576393,0,0.7593347463562558
S2A_MSIL2A_20211103T063031_R077_T40QGK_20211104T130056_0000.jpg,S2A_MSIL2A_20211103T063031_R077_T40QGK_20211104T130056,1,2021-11,T40QGK,0.7012942208279731,0,0.7593347463562558
S2A_MSIL2A_20211103T063031_R077_T40QGK_20211104T130056_0001.jpg,S2A_MSIL2A_20211103T063031_R077_T40QGK_20211104T130056,1,2021-11,T40QGK,0.7012942208279731,0,0.7593347463562558
S2A_MSIL2A_20211113T063121_R077_T40QGK_20211113T150353_0000.jpg,S2A_MSIL2A_20211113T063121_R077_T40QGK_20211113T150353,0,2021-11,T40QGK,0.042602340755803984,0,0.7593347463562558
S2A_MSIL2A_20211113T063121_R077_T40QGK_20211113T150353_0001.jpg,S2A_MSIL2A_20211113T063121_R077_T40QGK_20211113T150353,0,2021-11,T40QGK,0.042602340755803984,0,0.7593347463562558
S2B_MSIL2A_20211128T063219_R077_T40QGK_20211129T032607_0000.jpg,S2B_MSIL2A_20211128T063219_R077_T40QGK_20211129T032607,1,2021-11,T40QGK,0.6121577466482684,0,0.7593347463562558
S2B_MSIL2A_20211128T063219_R077_T40QGK_20211129T032607_0001.jpg,S2B_MSIL2A_20211128T063219_R077_T40QGK_20211129T032607,1,2021-11,T40QGK,0.6121577466482684,0,0.7593347463562558
S2A_MSIL2A_20211203T063231_R077_T40QGK_20230130T040034_0000.jpg,S2A_MSIL2A_20211203T063231_R077_T40QGK_20230130T040034,0,2021-12,T40QGK,0.05440092168199457,0,0.7593347463562558
S2A_MSIL2A_20211203T063231_R077_T40QGK_20230130T040034_0001.jpg,S2A_MSIL2A_20211203T063231_R077_T40QGK_20230130T040034,0,2021-12,T40QGK,0.05440092168199457,0,0.7593347463562558
S2A_MSIL2A_20211223T063301_R077_T40QGK_20230128T110121_0000.jpg,S2A_MSIL2A_20211223T063301_R077_T40QGK_20230128T110121,1,2021-12,T40QGK,0.6913052645356678,0,0.7593347463562558
S2A_MSIL2A_20211223T063301_R077_T40QGK_20230128T110121_0001.jpg,S2A_MSIL2A_20211223T063301_R077_T40QGK_20230128T110121,1,2021-12,T40QGK,0.6913052645356678,0,0.7593347463562558
S2B_MSIL2A_20211228T063249_R077_T40QGK_20211228T131817_0000.jpg,S2B_MSIL2A_20211228T063249_R077_T40QGK_20211228T131817,1,2021-12,T40QGK,0.7315922702440463,0,0.7593347463562558
S2B_MSIL2A_20211228T063249_R077_T40QGK_20211228T131817_0001.jpg,S2B_MSIL2A_20211228T063249_R077_T40QGK_20211228T131817,1,2021-12,T40QGK,0.7315922702440463,0,0.7593347463562558
S2B_MSIL2A_20220107T063239_R077_T40QGK_20220107T122412_0000.jpg,S2B_MSIL2A_20220107T063239_R077_T40QGK_20220107T122412,0,2022-01,T40QGK,0.03286129805395057,0,0.7593347463562558
S2B_MSIL2A_20220107T063239_R077_T40QGK_20220107T122412_0001.jpg,S2B_MSIL2A_20220107T063239_R077_T40QGK_20220107T122412,0,2022-01,T40QGK,0.03286129805395057,0,0.7593347463562558
S2B_MSIL2A_20220117T063209_R077_T40QGK_20220117T195206_0000.jpg,S2B_MSIL2A_20220117T063209_R077_T40QGK_20220117T195206,1,2022-01,T40QGK,0.9094870583433127,1,0.7593347463562558
S2B_MSIL2A_20220117T063209_R077_T40QGK_20220117T195206_0001.jpg,S2B_MSIL2A_20220117T063209_R077_T40QGK_20220117T195206,1,2022-01,T40QGK,0.9094870583433127,1,0.7593347463562558
S2B_MSIL2A_20220127T063129_R077_T40QGK_20220212T112349_0000.jpg,S2B_MSIL2A_20220127T063129_R077_T40QGK_20220212T112349,0,2022-01,T40QGK,0.025305417208047302,0,0.7593347463562558
S2B_MSIL2A_20220127T063129_R077_T40QGK_20220212T112349_0001.jpg,S2B_MSIL2A_20220127T063129_R077_T40QGK_20220212T112349,0,2022-01,T40QGK,0.025305417208047302,0,0.7593347463562558
S2A_MSIL2A_20220221T062901_R077_T40QGK_20220228T014818_0000.jpg,S2A_MSIL2A_20220221T062901_R077_T40QGK_20220228T014818,0,2022-02,T40QGK,0.43352216191808646,0,0.7593347463562558
S2A_MSIL2A_20220221T062901_R077_T40QGK_20220228T014818_0001.jpg,S2A_MSIL2A_20220221T062901_R077_T40QGK_20220228T014818,0,2022-02,T40QGK,0.43352216191808646,0,0.7593347463562558
S2B_MSIL2A_20220226T062819_R077_T40QGK_20220302T062015_0000.jpg,S2B_MSIL2A_20220226T062819_R077_T40QGK_20220302T062015,0,2022-02,T40QGK,0.1107363781396774,0,0.7593347463562558
S2B_MSIL2A_20220226T062819_R077_T40QGK_20220302T062015_0001.jpg,S2B_MSIL2A_20220226T062819_R077_T40QGK_20220302T062015,0,2022-02,T40QGK,0.1107363781396774,0,0.7593347463562558
S2A_MSIL2A_20220303T062751_R077_T40QGK_20220304T140237_0000.jpg,S2A_MSIL2A_20220303T062751_R077_T40QGK_20220304T140237,1,2022-03,T40QGK,0.8975624948772141,1,0.7593347463562558
S2A_MSIL2A_20220303T062751_R077_T40QGK_20220304T140237_0001.jpg,S2A_MSIL2A_20220303T062751_R077_T40QGK_20220304T140237,1,2022-03,T40QGK,0.8975624948772141,1,0.7593347463562558
S2B_MSIL2A_20220318T062629_R077_T40QGK_20220318T205127_0000.jpg,S2B_MSIL2A_20220318T062629_R077_T40QGK_20220318T205127,0,2022-03,T40QGK,0.03825790943663633,0,0.7593347463562558
S2B_MSIL2A_20220318T062629_R077_T40QGK_20220318T205127_0001.jpg,S2B_MSIL2A_20220318T062629_R077_T40QGK_20220318T205127,0,2022-03,T40QGK,0.03825790943663633,0,0.7593347463562558
S2B_MSIL2A_20220328T062629_R077_T40QGK_20220328T185029_0000.jpg,S2B_MSIL2A_20220328T062629_R077_T40QGK_20220328T185029,0,2022-03,T40QGK,0.012419215983789906,0,0.7593347463562558
S2B_MSIL2A_20220328T062629_R077_T40QGK_20220328T185029_0001.jpg,S2B_MSIL2A_20220328T062629_R077_T40QGK_20220328T185029,0,2022-03,T40QGK,0.012419215983789906,0,0.7593347463562558
S2A_MSIL2A_20220402T062631_R077_T40QGK_20240609T044721_0000.jpg,S2A_MSIL2A_20220402T062631_R077_T40QGK_20240609T044721,0,2022-04,T40QGK,0.04806180682208219,0,0.7593347463562558
S2A_MSIL2A_20220402T062631_R077_T40QGK_20240609T044721_0001.jpg,S2A_MSIL2A_20220402T062631_R077_T40QGK_20240609T044721,0,2022-04,T40QGK,0.04806180682208219,0,0.7593347463562558
S2A_MSIL2A_20220412T062631_R077_T40QGK_20220413T050721_0000.jpg,S2A_MSIL2A_20220412T062631_R077_T40QGK_20220413T050721,0,2022-04,T40QGK,0.04065357610618721,0,0.7593347463562558
S2A_MSIL2A_20220412T062631_R077_T40QGK_20220413T050721_0001.jpg,S2A_MSIL2A_20220412T062631_R077_T40QGK_20220413T050721,0,2022-04,T40QGK,0.04065357610618721,0,0.7593347463562558
S2B_MSIL2A_20220417T062629_R077_T40QGK_20220417T140325_0000.jpg,S2B_MSIL2A_20220417T062629_R077_T40QGK_20220417T140325,1,2022-04,T40QGK,0.8000982683903665,1,0.7593347463562558
S2B_MSIL2A_20220417T062629_R077_T40QGK_20220417T140325_0001.jpg,S2B_MSIL2A_20220417T062629_R077_T40QGK_20220417T140325,1,2022-04,T40QGK,0.8000982683903665,1,0.7593347463562558
S2A_MSIL2A_20220512T062631_R077_T40QGK_20220514T060801_0000.jpg,S2A_MSIL2A_20220512T062631_R077_T40QGK_20220514T060801,0,2022-05,T40QGK,0.19310037035511976,0,0.7593347463562558
S2A_MSIL2A_20220512T062631_R077_T40QGK_20220514T060801_0001.jpg,S2A_MSIL2A_20220512T062631_R077_T40QGK_20220514T060801,0,2022-05,T40QGK,0.19310037035511976,0,0.7593347463562558
S2A_MSIL2A_20220522T062631_R077_T40QGK_20220523T082320_0000.jpg,S2A_MSIL2A_20220522T062631_R077_T40QGK_20220523T082320,0,2022-05,T40QGK,0.38867435061948813,0,0.7593347463562558
S2A_MSIL2A_20220522T062631_R077_T40QGK_20220523T082320_0001.jpg,S2A_MSIL2A_20220522T062631_R077_T40QGK_20220523T082320,0,2022-05,T40QGK,0.38867435061948813,0,0.7593347463562558
S2A_MSIL2A_20220601T062641_R077_T40QGK_20220602T051804_0000.jpg,S2A_MSIL2A_20220601T062641_R077_T40QGK_20220602T051804,1,2022-06,T40QGK,0.8776083578281662,1,0.7593347463562558
S2A_MSIL2A_20220601T062641_R077_T40QGK_20220602T051804_0001.jpg,S2A_MSIL2A_20220601T062641_R077_T40QGK_20220602T051804,1,2022-06,T40QGK,0.8776083578281662,1,0.7593347463562558
S2A_MSIL2A_20220611T062641_R077_T40QGK_20220612T023248_0000.jpg,S2A_MSIL2A_20220611T062641_R077_T40QGK_20220612T023248,0,2022-06,T40QGK,0.4048923492369503,0,0.7593347463562558
S2A_MSIL2A_20220611T062641_R077_T40QGK_20220612T023248_0001.jpg,S2A_MSIL2A_20220611T062641_R077_T40QGK_20220612T023248,0,2022-06,T40QGK,0.4048923492369503,0,0.7593347463562558
S2B_MSIL2A_20220626T062639_R077_T40QGK_20220626T162345_0000.jpg,S2B_MSIL2A_20220626T062639_R077_T40QGK_20220626T162345,0,2022-06,T40QGK,0.3739707150065031,0,0.7593347463562558
S2B_MSIL2A_20220626T062639_R077_T40QGK_20220626T162345_0001.jpg,S2B_MSIL2A_20220626T062639_R077_T40QGK_20220626T162345,0,2022-06,T40QGK,0.3739707150065031,0,0.7593347463562558
S2A_MSIL2A_20220701T062641_R077_T40QGK_20220701T200951_0000.jpg,S2A_MSIL2A_20220701T062641_R077_T40QGK_20220701T200951,1,2022-07,T40QGK,0.5864535244643759,0,0.7593347463562558
S2A_MSIL2A_20220701T062641_R077_T40QGK_20220701T200951_0001.jpg,S2A_MSIL2A_20220701T062641_R077_T40QGK_20220701T200951,1,2022-07,T40QGK,0.5864535244643759,0,0.7593347463562558
S2A_MSIL2A_20220731T062641_R077_T40QGK_20220801T041951_0000.jpg,S2A_MSIL2A_20220731T062641_R077_T40QGK_20220801T041951,0,2022-07,T40QGK,0.5846531499716082,0,0.7593347463562558
S2A_MSIL2A_20220731T062641_R077_T40QGK_20220801T041951_0001.jpg,S2A_MSIL2A_20220731T062641_R077_T40QGK_20220801T041951,0,2022-07,T40QGK,0.5846531499716082,0,0.7593347463562558
S2B_MSIL2A_20220805T062629_R077_T40QGK_20220805T221003_0000.jpg,S2B_MSIL2A_20220805T062629_R077_T40QGK_20220805T221003,0,2022-08,T40QGK,0.3777640410879356,0,0.7593347463562558
S2B_MSIL2A_20220805T062629_R077_T40QGK_20220805T221003_0001.jpg,S2B_MSIL2A_20220805T062629_R077_T40QGK_20220805T221003,0,2022-08,T40QGK,0.3777640410879356,0,0.7593347463562558
S2A_MSIL2A_20220909T062641_R077_T40QGK_20220909T163949_0000.jpg,S2A_MSIL2A_20220909T062641_R077_T40QGK_20220909T163949,0,2022-09,T40QGK,0.06676303568284414,0,0.7593347463562558
S2A_MSIL2A_20220909T062641_R077_T40QGK_20220909T163949_0001.jpg,S2A_MSIL2A_20220909T062641_R077_T40QGK_20220909T163949,0,2022-09,T40QGK,0.06676303568284414,0,0.7593347463562558
S2A_MSIL2A_20220919T062641_R077_T40QGK_20220919T211446_0000.jpg,S2A_MSIL2A_20220919T062641_R077_T40QGK_20220919T211446,1,2022-09,T40QGK,0.8537533054441573,1,0.7593347463562558
S2A_MSIL2A_20220919T062641_R077_T40QGK_20220919T211446_0001.jpg,S2A_MSIL2A_20220919T062641_R077_T40QGK_20220919T211446,1,2022-09,T40QGK,0.8537533054441573,1,0.7593347463562558
S2A_MSIL2A_20220929T062651_R077_T40QGK_20220929T210906_0000.jpg,S2A_MSIL2A_20220929T062651_R077_T40QGK_20220929T210906,0,2022-09,T40QGK,0.013224602132197966,0,0.7593347463562558
S2A_MSIL2A_20220929T062651_R077_T40QGK_20220929T210906_0001.jpg,S2A_MSIL2A_20220929T062651_R077_T40QGK_20220929T210906,0,2022-09,T40QGK,0.013224602132197966,0,0.7593347463562558
S2A_MSIL2A_20221009T062751_R077_T40QGK_20221009T145255_0000.jpg,S2A_MSIL2A_20221009T062751_R077_T40QGK_20221009T145255,0,2022-10,T40QGK,0.7261220068659265,0,0.7593347463562558
S2A_MSIL2A_20221009T062751_R077_T40QGK_20221009T145255_0001.jpg,S2A_MSIL2A_20221009T062751_R077_T40QGK_20221009T145255,0,2022-10,T40QGK,0.7261220068659265,0,0.7593347463562558
S2B_MSIL2A_20221024T062929_R077_T40QGK_20221024T210406_0000.jpg,S2B_MSIL2A_20221024T062929_R077_T40QGK_20221024T210406,0,2022-10,T40QGK,0.02447255568092375,0,0.7593347463562558
S2B_MSIL2A_20221024T062929_R077_T40QGK_20221024T210406_0001.jpg,S2B_MSIL2A_20221024T062929_R077_T40QGK_20221024T210406,0,2022-10,T40QGK,0.02447255568092375,0,0.7593347463562558
S2A_MSIL2A_20221029T063001_R077_T40QGK_20240716T225017_0000.jpg,S2A_MSIL2A_20221029T063001_R077_T40QGK_20240716T225017,0,2022-10,T40QGK,0.015642003411532625,0,0.7593347463562558
S2A_MSIL2A_20221029T063001_R077_T40QGK_20240716T225017_0001.jpg,S2A_MSIL2A_20221029T063001_R077_T40QGK_20240716T225017,0,2022-10,T40QGK,0.015642003411532625,0,0.7593347463562558
S2B_MSIL2A_20221103T063029_R077_T40QGK_20221103T205733_0000.jpg,S2B_MSIL2A_20221103T063029_R077_T40QGK_20221103T205733,0,2022-11,T40QGK,0.24559259976786835,0,0.7593347463562558
S2B_MSIL2A_20221103T063029_R077_T40QGK_20221103T205733_0001.jpg,S2B_MSIL2A_20221103T063029_R077_T40QGK_20221103T205733,0,2022-11,T40QGK,0.24559259976786835,0,0.7593347463562558
S2B_MSIL2A_20221113T063119_R077_T40QGK_20221114T010655_0000.jpg,S2B_MSIL2A_20221113T063119_R077_T40QGK_20221114T010655,1,2022-11,T40QGK,0.6979202549796387,0,0.7593347463562558
S2B_MSIL2A_20221113T063119_R077_T40QGK_20221114T010655_0001.jpg,S2B_MSIL2A_20221113T063119_R077_T40QGK_20221114T010655,1,2022-11,T40QGK,0.6979202549796387,0,0.7593347463562558
S2A_MSIL2A_20221118T063141_R077_T40QGK_20240804T234922_0000.jpg,S2A_MSIL2A_20221118T063141_R077_T40QGK_20240804T234922,0,2022-11,T40QGK,0.04442082082691948,0,0.7593347463562558
S2A_MSIL2A_20221118T063141_R077_T40QGK_20240804T234922_0001.jpg,S2A_MSIL2A_20221118T063141_R077_T40QGK_20240804T234922,0,2022-11,T40QGK,0.04442082082691948,0,0.7593347463562558
S2A_MSIL2A_20221208T063251_R077_T40QGK_20221209T034448_0000.jpg,S2A_MSIL2A_20221208T063251_R077_T40QGK_20221209T034448,0,2022-12,T40QGK,0.032581162069621195,0,0.7593347463562558
S2A_MSIL2A_20221208T063251_R077_T40QGK_20221209T034448_0001.jpg,S2A_MSIL2A_20221208T063251_R077_T40QGK_20221209T034448,0,2022-12,T40QGK,0.032581162069621195,0,0.7593347463562558
S2A_MSIL2A_20221218T063301_R077_T40QGK_20221218T233324_0000.jpg,S2A_MSIL2A_20221218T063301_R077_T40QGK_20221218T233324,1,2022-12,T40QGK,0.6343113325153648,0,0.7593347463562558
S2A_MSIL2A_20221218T063301_R077_T40QGK_20221218T233324_0001.jpg,S2A_MSIL2A_20221218T063301_R077_T40QGK_20221218T233324,1,2022-12,T40QGK,0.6343113325153648,0,0.7593347463562558
S2A_MSIL2A_20221228T063301_R077_T40QGK_20221229T163021_0000.jpg,S2A_MSIL2A_20221228T063301_R077_T40QGK_20221229T163021,1,2022-12,T40QGK,0.5795112244373817,0,0.7593347463562558
S2A_MSIL2A_20221228T063301_R077_T40QGK_20221229T163021_0001.jpg,S2A_MSIL2A_20221228T063301_R077_T40QGK_20221229T163021,1,2022-12,T40QGK,0.5795112244373817,0,0.7593347463562558
S2A_MSIL2A_20230107T063241_R077_T40QGK_20230107T193733_0000.jpg,S2A_MSIL2A_20230107T063241_R077_T40QGK_20230107T193733,0,2023-01,T40QGK,0.01980288831823272,0,0.7593347463562558
S2A_MSIL2A_20230107T063241_R077_T40QGK_20230107T193733_0001.jpg,S2A_MSIL2A_20230107T063241_R077_T40QGK_20230107T193733,0,2023-01,T40QGK,0.01980288831823272,0,0.7593347463562558
S2B_MSIL2A_20230122T063149_R077_T40QGK_20240812T194001_0000.jpg,S2B_MSIL2A_20230122T063149_R077_T40QGK_20240812T194001,1,2023-01,T40QGK,0.832313315328715,1,0.7593347463562558
S2B_MSIL2A_20230122T063149_R077_T40QGK_20240812T194001_0001.jpg,S2B_MSIL2A_20230122T063149_R077_T40QGK_20240812T194001,1,2023-01,T40QGK,0.832313315328715,1,0.7593347463562558
S2B_MSIL2A_20230211T063009_R077_T40QGK_20240814T000313_0000.jpg,S2B_MSIL2A_20230211T063009_R077_T40QGK_20240814T000313,0,2023-02,T40QGK,0.22995499941590575,0,0.7593347463562558
S2B_MSIL2A_20230211T063009_R077_T40QGK_20240814T000313_0001.jpg,S2B_MSIL2A_20230211T063009_R077_T40QGK_20240814T000313,0,2023-02,T40QGK,0.22995499941590575,0,0.7593347463562558
S2A_MSIL2A_20230308T062711_R077_T40QGK_20240806T105147_0000.jpg,S2A_MSIL2A_20230308T062711_R077_T40QGK_20240806T105147,0,2023-03,T40QGK,0.365016673543503,0,0.7593347463562558
S2A_MSIL2A_20230308T062711_R077_T40QGK_20240806T105147_0001.jpg,S2A_MSIL2A_20230308T062711_R077_T40QGK_20240806T105147,0,2023-03,T40QGK,0.365016673543503,0,0.7593347463562558
S2A_MSIL2A_20230318T062631_R077_T40QGK_20240823T221610_0000.jpg,S2A_MSIL2A_20230318T062631_R077_T40QGK_20240823T221610,0,2023-03,T40QGK,0.4597375718359591,0,0.7593347463562558
S2A_MSIL2A_20230318T062631_R077_T40QGK_20240823T221610_0001.jpg,S2A_MSIL2A_20230318T062631_R077_T40QGK_20240823T221610,0,2023-03,T40QGK,0.4597375718359591,0,0.7593347463562558
S2A_MSIL2A_20230328T062631_R077_T40QGK_20240829T065337_0000.jpg,S2A_MSIL2A_20230328T062631_R077_T40QGK_20240829T065337,0,2023-03,T40QGK,0.12241118141743487,0,0.7593347463562558
S2A_MSIL2A_20230328T062631_R077_T40QGK_20240829T065337_0001.jpg,S2A_MSIL2A_20230328T062631_R077_T40QGK_20240829T065337,0,2023-03,T40QGK,0.12241118141743487,0,0.7593347463562558
S2A_MSIL2A_20230407T062631_R077_T40QGK_20230407T115355_0000.jpg,S2A_MSIL2A_20230407T062631_R077_T40QGK_20230407T115355,0,2023-04,T40QGK,0.11003883827643467,0,0.7593347463562558
S2A_MSIL2A_20230407T062631_R077_T40QGK_20230407T115355_0001.jpg,S2A_MSIL2A_20230407T062631_R077_T40QGK_20230407T115355,0,2023-04,T40QGK,0.11003883827643467,0,0.7593347463562558
S2A_MSIL2A_20230417T062631_R077_T40QGK_20230417T114919_0000.jpg,S2A_MSIL2A_20230417T062631_R077_T40QGK_20230417T114919,0,2023-04,T40QGK,0.43396801839433946,0,0.7593347463562558
S2A_MSIL2A_20230417T062631_R077_T40QGK_20230417T114919_0001.jpg,S2A_MSIL2A_20230417T062631_R077_T40QGK_20230417T114919,0,2023-04,T40QGK,0.43396801839433946,0,0.7593347463562558
S2A_MSIL2A_20230507T062631_R077_T40QGK_20230507T131802_0000.jpg,S2A_MSIL2A_20230507T062631_R077_T40QGK_20230507T131802,1,2023-05,T40QGK,0.8012416284280272,1,0.7593347463562558
S2A_MSIL2A_20230507T062631_R077_T40QGK_20230507T131802_0001.jpg,S2A_MSIL2A_20230507T062631_R077_T40QGK_20230507T131802,1,2023-05,T40QGK,0.8012416284280272,1,0.7593347463562558
S2B_MSIL2A_20230512T062629_R077_T40QGK_20230512T112650_0000.jpg,S2B_MSIL2A_20230512T062629_R077_T40QGK_20230512T112650,1,2023-05,T40QGK,0.6737941684166951,0,0.7593347463562558
S2B_MSIL2A_20230512T062629_R077_T40QGK_20230512T112650_0001.jpg,S2B_MSIL2A_20230512T062629_R077_T40QGK_20230512T112650,1,2023-05,T40QGK,0.6737941684166951,0,0.7593347463562558
S2B_MSIL2A_20230522T062629_R077_T40QGK_20240811T071353_0000.jpg,S2B_MSIL2A_20230522T062629_R077_T40QGK_20240811T071353,0,2023-05,T40QGK,0.3835493780035641,0,0.7593347463562558
S2B_MSIL2A_20230522T062629_R077_T40QGK_20240811T071353_0001.jpg,S2B_MSIL2A_20230522T062629_R077_T40QGK_20240811T071353,0,2023-05,T40QGK,0.3835493780035641,0,0.7593347463562558
S2A_MSIL2A_20230527T062631_R077_T40QGK_20230527T104313_0000.jpg,S2A_MSIL2A_20230527T062631_R077_T40QGK_20230527T104313,0,2023-05,T40QGK,0.04240642440256804,0,0.7593347463562558
S2A_MSIL2A_20230527T062631_R077_T40QGK_20230527T104313_0001.jpg,S2A_MSIL2A_20230527T062631_R077_T40QGK_20230527T104313,0,2023-05,T40QGK,0.04240642440256804,0,0.7593347463562558
S2B_MSIL2A_20230601T062629_R077_T40QGK_20230601T103336_0000.jpg,S2B_MSIL2A_20230601T062629_R077_T40QGK_20230601T103336,0,2023-06,T40QGK,0.10713238082854598,0,0.7593347463562558
S2B_MSIL2A_20230601T062629_R077_T40QGK_20230601T103336_0001.jpg,S2B_MSIL2A_20230601T062629_R077_T40QGK_20230601T103336,0,2023-06,T40QGK,0.10713238082854598,0,0.7593347463562558
S2A_MSIL2A_20230616T062631_R077_T40QGK_20240812T142657_0000.jpg,S2A_MSIL2A_20230616T062631_R077_T40QGK_20240812T142657,0,2023-06,T40QGK,0.02203495455609892,0,0.7593347463562558
S2A_MSIL2A_20230616T062631_R077_T40QGK_20240812T142657_0001.jpg,S2A_MSIL2A_20230616T062631_R077_T40QGK_20240812T142657,0,2023-06,T40QGK,0.02203495455609892,0,0.7593347463562558
S2B_MSIL2A_20230621T062629_R077_T40QGK_20240816T025921_0000.jpg,S2B_MSIL2A_20230621T062629_R077_T40QGK_20240816T025921,0,2023-06,T40QGK,0.22821438748507522,0,0.7593347463562558
S2B_MSIL2A_20230621T062629_R077_T40QGK_20240816T025921_0001.jpg,S2B_MSIL2A_20230621T062629_R077_T40QGK_20240816T025921,0,2023-06,T40QGK,0.22821438748507522,0,0.7593347463562558
S2A_MSIL2A_20230626T062631_R077_T40QGK_20240927T163834_0000.jpg,S2A_MSIL2A_20230626T062631_R077_T40QGK_20240927T163834,1,2023-06,T40QGK,0.844949098869909,1,0.7593347463562558
S2A_MSIL2A_20230626T062631_R077_T40QGK_20240927T163834_0001.jpg,S2A_MSIL2A_20230626T062631_R077_T40QGK_20240927T163834,1,2023-06,T40QGK,0.844949098869909,1,0.7593347463562558
S2B_MSIL2A_20230701T062629_R077_T40QGK_20240817T022544_0000.jpg,S2B_MSIL2A_20230701T062629_R077_T40QGK_20240817T022544,0,2023-07,T40QGK,0.21058911159379712,0,0.7593347463562558
S2B_MSIL2A_20230701T062629_R077_T40QGK_20240817T022544_0001.jpg,S2B_MSIL2A_20230701T062629_R077_T40QGK_20240817T022544,0,2023-07,T40QGK,0.21058911159379712,0,0.7593347463562558
S2B_MSIL2A_20230711T062629_R077_T40QGK_20240816T204125_0000.jpg,S2B_MSIL2A_20230711T062629_R077_T40QGK_20240816T204125,0,2023-07,T40QGK,0.37594216977885214,0,0.7593347463562558
S2B_MSIL2A_20230711T062629_R077_T40QGK_20240816T204125_0001.jpg,S2B_MSIL2A_20230711T062629_R077_T40QGK_20240816T204125,0,2023-07,T40QGK,0.37594216977885214,0,0.7593347463562558
S2B_MSIL2A_20230731T062629_R077_T40QGK_20230731T102630_0000.jpg,S2B_MSIL2A_20230731T062629_R077_T40QGK_20230731T102630,0,2023-07,T40QGK,0.3652963780026364,0,0.7593347463562558
S2B_MSIL2A_20230731T062629_R077_T40QGK_20230731T102630_0001.jpg,S2B_MSIL2A_20230731T062629_R077_T40QGK_20230731T102630,0,2023-07,T40QGK,0.3652963780026364,0,0.7593347463562558
S2A_MSIL2A_20230805T062631_R077_T40QGK_20230805T121850_0000.jpg,S2A_MSIL2A_20230805T062631_R077_T40QGK_20230805T121850,0,2023-08,T40QGK,0.2839780546539015,0,0.7593347463562558
S2A_MSIL2A_20230805T062631_R077_T40QGK_20230805T121850_0001.jpg,S2A_MSIL2A_20230805T062631_R077_T40QGK_20230805T121850,0,2023-08,T40QGK,0.2839780546539015,0,0.7593347463562558
S2B_MSIL2A_20230810T062629_R077_T40QGK_20240912T065804_0000.jpg,S2B_MSIL2A_20230810T062629_R077_T40QGK_20240912T065804,0,2023-08,T40QGK,0.28889410149046996,0,0.7593347463562558
S2B_MSIL2A_20230810T062629_R077_T40QGK_20240912T065804_0001.jpg,S2B_MSIL2A_20230810T062629_R077_T40QGK_20240912T065804,0,2023-08,T40QGK,0.28889410149046996,0,0.7593347463562558
S2B_MSIL2A_20230820T062629_R077_T40QGK_20230820T133537_0000.jpg,S2B_MSIL2A_20230820T062629_R077_T40QGK_20230820T133537,1,2023-08,T40QGK,0.7937319086088765,1,0.7593347463562558
S2B_MSIL2A_20230820T062629_R077_T40QGK_20230820T133537_0001.jpg,S2B_MSIL2A_20230820T062629_R077_T40QGK_20230820T133537,1,2023-08,T40QGK,0.7937319086088765,1,0.7593347463562558
S2B_MSIL2A_20230830T062629_R077_T40QGK_20230830T122220_0000.jpg,S2B_MSIL2A_20230830T062629_R077_T40QGK_20230830T122220,0,2023-08,T40QGK,0.20063229260683615,0,0.7593347463562558
S2B_MSIL2A_20230830T062629_R077_T40QGK_20230830T122220_0001.jpg,S2B_MSIL2A_20230830T062629_R077_T40QGK_20230830T122220,0,2023-08,T40QGK,0.20063229260683615,0,0.7593347463562558
S2A_MSIL2A_20230914T062631_R077_T40QGK_20240908T085709_0000.jpg,S2A_MSIL2A_20230914T062631_R077_T40QGK_20240908T085709,0,2023-09,T40QGK,0.3015307500653419,0,0.7593347463562558
S2A_MSIL2A_20230914T062631_R077_T40QGK_20240908T085709_0001.jpg,S2A_MSIL2A_20230914T062631_R077_T40QGK_20240908T085709,0,2023-09,T40QGK,0.3015307500653419,0,0.7593347463562558
S2A_MSIL2A_20230924T062631_R077_T40QGK_20230924T120828_0000.jpg,S2A_MSIL2A_20230924T062631_R077_T40QGK_20230924T120828,0,2023-09,T40QGK,0.08334615133565587,0,0.7593347463562558
S2A_MSIL2A_20230924T062631_R077_T40QGK_20230924T120828_0001.jpg,S2A_MSIL2A_20230924T062631_R077_T40QGK_20230924T120828,0,2023-09,T40QGK,0.08334615133565587,0,0.7593347463562558
S2B_MSIL2A_20230929T062639_R077_T40QGK_20230929T121635_0000.jpg,S2B_MSIL2A_20230929T062639_R077_T40QGK_20230929T121635,0,2023-09,T40QGK,0.0535476843716597,0,0.7593347463562558
S2B_MSIL2A_20230929T062639_R077_T40QGK_20230929T121635_0001.jpg,S2B_MSIL2A_20230929T062639_R077_T40QGK_20230929T121635,0,2023-09,T40QGK,0.0535476843716597,0,0.7593347463562558
S2A_MSIL2A_20231004T062711_R077_T40QGK_20231004T121844_0000.jpg,S2A_MSIL2A_20231004T062711_R077_T40QGK_20231004T121844,0,2023-10,T40QGK,0.32455257504865603,0,0.7593347463562558
S2A_MSIL2A_20231004T062711_R077_T40QGK_20231004T121844_0001.jpg,S2A_MSIL2A_20231004T062711_R077_T40QGK_20231004T121844,0,2023-10,T40QGK,0.32455257504865603,0,0.7593347463562558
S2B_MSIL2A_20231009T062749_R077_T40QGK_20231009T102946_0000.jpg,S2B_MSIL2A_20231009T062749_R077_T40QGK_20231009T102946,1,2023-10,T40QGK,0.3972651878165969,0,0.7593347463562558
S2B_MSIL2A_20231009T062749_R077_T40QGK_20231009T102946_0001.jpg,S2B_MSIL2A_20231009T062749_R077_T40QGK_20231009T102946,1,2023-10,T40QGK,0.3972651878165969,0,0.7593347463562558
S2B_MSIL2A_20231108T063059_R077_T40QGK_20240901T133147_0000.jpg,S2B_MSIL2A_20231108T063059_R077_T40QGK_20240901T133147,0,2023-11,T40QGK,0.22471686831612475,0,0.7593347463562558
S2B_MSIL2A_20231108T063059_R077_T40QGK_20240901T133147_0001.jpg,S2B_MSIL2A_20231108T063059_R077_T40QGK_20240901T133147,0,2023-11,T40QGK,0.22471686831612475,0,0.7593347463562558
S2A_MSIL2A_20231113T063121_R077_T40QGK_20231113T112603_0000.jpg,S2A_MSIL2A_20231113T063121_R077_T40QGK_20231113T112603,0,2023-11,T40QGK,0.04300357600941712,0,0.7593347463562558
S2A_MSIL2A_20231113T063121_R077_T40QGK_20231113T112603_0001.jpg,S2A_MSIL2A_20231113T063121_R077_T40QGK_20231113T112603,0,2023-11,T40QGK,0.04300357600941712,0,0.7593347463562558
S2A_MSIL2A_20231123T063201_R077_T40QGK_20231123T103447_0000.jpg,S2A_MSIL2A_20231123T063201_R077_T40QGK_20231123T103447,1,2023-11,T40QGK,0.8968081795006844,1,0.7593347463562558
S2A_MSIL2A_20231123T063201_R077_T40QGK_20231123T103447_0001.jpg,S2A_MSIL2A_20231123T063201_R077_T40QGK_20231123T103447,1,2023-11,T40QGK,0.8968081795006844,1,0.7593347463562558
S2B_MSIL2A_20231128T063219_R077_T40QGK_20231128T092308_0000.jpg,S2B_MSIL2A_20231128T063219_R077_T40QGK_20231128T092308,0,2023-11,T40QGK,0.2536047711421944,0,0.7593347463562558
S2B_MSIL2A_20231128T063219_R077_T40QGK_20231128T092308_0001.jpg,S2B_MSIL2A_20231128T063219_R077_T40QGK_20231128T092308,0,2023-11,T40QGK,0.2536047711421944,0,0.7593347463562558
S2B_MSIL2A_20231208T063239_R077_T40QGK_20231208T102603_0000.jpg,S2B_MSIL2A_20231208T063239_R077_T40QGK_20231208T102603,0,2023-12,T40QGK,0.3678466200068697,0,0.7593347463562558
S2B_MSIL2A_20231208T063239_R077_T40QGK_20231208T102603_0001.jpg,S2B_MSIL2A_20231208T063239_R077_T40QGK_20231208T102603,0,2023-12,T40QGK,0.3678466200068697,0,0.7593347463562558
S2A_MSIL2A_20231223T063301_R077_T40QGK_20231223T102255_0000.jpg,S2A_MSIL2A_20231223T063301_R077_T40QGK_20231223T102255,0,2023-12,T40QGK,0.012813678603632634,0,0.7593347463562558
S2A_MSIL2A_20231223T063301_R077_T40QGK_20231223T102255_0001.jpg,S2A_MSIL2A_20231223T063301_R077_T40QGK_20231223T102255,0,2023-12,T40QGK,0.012813678603632634,0,0.7593347463562558
S2A_MSIL2A_20240102T063251_R077_T40QGK_20240102T104541_0000.jpg,S2A_MSIL2A_20240102T063251_R077_T40QGK_20240102T104541,0,2024-01,T40QGK,0.46959889105465996,0,0.7593347463562558
S2A_MSIL2A_20240102T063251_R077_T40QGK_20240102T104541_0001.jpg,S2A_MSIL2A_20240102T063251_R077_T40QGK_20240102T104541,0,2024-01,T40QGK,0.46959889105465996,0,0.7593347463562558
S2B_MSIL2A_20240117T063219_R077_T40QGK_20240117T093150_0000.jpg,S2B_MSIL2A_20240117T063219_R077_T40QGK_20240117T093150,0,2024-01,T40QGK,0.02165960907215066,0,0.7593347463562558
S2B_MSIL2A_20240117T063219_R077_T40QGK_20240117T093150_0001.jpg,S2B_MSIL2A_20240117T063219_R077_T40QGK_20240117T093150,0,2024-01,T40QGK,0.02165960907215066,0,0.7593347463562558
S2A_MSIL2A_20240201T063101_R077_T40QGK_20240201T112116_0000.jpg,S2A_MSIL2A_20240201T063101_R077_T40QGK_20240201T112116,1,2024-02,T40QGK,0.5816001700709729,0,0.7593347463562558
S2A_MSIL2A_20240201T063101_R077_T40QGK_20240201T112116_0001.jpg,S2A_MSIL2A_20240201T063101_R077_T40QGK_20240201T112116,1,2024-02,T40QGK,0.5816001700709729,0,0.7593347463562558
S2B_MSIL2A_20240216T062939_R077_T40QGK_20240216T101620_0000.jpg,S2B_MSIL2A_20240216T062939_R077_T40QGK_20240216T101620,0,2024-02,T40QGK,0.013800870497964097,0,0.7593347463562558
S2B_MSIL2A_20240216T062939_R077_T40QGK_20240216T101620_0001.jpg,S2B_MSIL2A_20240216T062939_R077_T40QGK_20240216T101620,0,2024-02,T40QGK,0.013800870497964097,0,0.7593347463562558
S2A_MSIL2A_20240221T062901_R077_T40QGK_20240221T102237_0000.jpg,S2A_MSIL2A_20240221T062901_R077_T40QGK_20240221T102237,1,2024-02,T40QGK,0.8190369765008402,1,0.7593347463562558
S2A_MSIL2A_20240221T062901_R077_T40QGK_20240221T102237_0001.jpg,S2A_MSIL2A_20240221T062901_R077_T40QGK_20240221T102237,1,2024-02,T40QGK,0.8190369765008402,1,0.7593347463562558
S2A_MSIL2A_20240302T062801_R077_T40QGK_20240302T111946_0000.jpg,S2A_MSIL2A_20240302T062801_R077_T40QGK_20240302T111946,1,2024-03,T40QGK,0.8052426617704062,1,0.7593347463562558
S2A_MSIL2A_20240302T062801_R077_T40QGK_20240302T111946_0001.jpg,S2A_MSIL2A_20240302T062801_R077_T40QGK_20240302T111946,1,2024-03,T40QGK,0.8052426617704062,1,0.7593347463562558
S2A_MSIL2A_20240312T062651_R077_T40QGK_20240313T153847_0000.jpg,S2A_MSIL2A_20240312T062651_R077_T40QGK_20240313T153847,0,2024-03,T40QGK,0.03122374639819743,0,0.7593347463562558
S2A_MSIL2A_20240312T062651_R077_T40QGK_20240313T153847_0001.jpg,S2A_MSIL2A_20240312T062651_R077_T40QGK_20240313T153847,0,2024-03,T40QGK,0.03122374639819743,0,0.7593347463562558
S2A_MSIL2A_20240322T062631_R077_T40QGK_20240322T104635_0000.jpg,S2A_MSIL2A_20240322T062631_R077_T40QGK_20240322T104635,0,2024-03,T40QGK,0.044965216031590455,0,0.7593347463562558
S2A_MSIL2A_20240322T062631_R077_T40QGK_20240322T104635_0001.jpg,S2A_MSIL2A_20240322T062631_R077_T40QGK_20240322T104635,0,2024-03,T40QGK,0.044965216031590455,0,0.7593347463562558
S2B_MSIL2A_20240406T062629_R077_T40QGK_20240406T100857_0000.jpg,S2B_MSIL2A_20240406T062629_R077_T40QGK_20240406T100857,0,2024-04,T40QGK,0.07918051728955816,0,0.7593347463562558
S2B_MSIL2A_20240406T062629_R077_T40QGK_20240406T100857_0001.jpg,S2B_MSIL2A_20240406T062629_R077_T40QGK_20240406T100857,0,2024-04,T40QGK,0.07918051728955816,0,0.7593347463562558
S2A_MSIL2A_20240411T062631_R077_T40QGK_20240411T111749_0000.jpg,S2A_MSIL2A_20240411T062631_R077_T40QGK_20240411T111749,0,2024-04,T40QGK,0.058102814699121576,0,0.7593347463562558
S2A_MSIL2A_20240411T062631_R077_T40QGK_20240411T111749_0001.jpg,S2A_MSIL2A_20240411T062631_R077_T40QGK_20240411T111749,0,2024-04,T40QGK,0.058102814699121576,0,0.7593347463562558
S2B_MSIL2A_20240426T062629_R077_T40QGK_20240426T111133_0000.jpg,S2B_MSIL2A_20240426T062629_R077_T40QGK_20240426T111133,0,2024-04,T40QGK,0.5610166616303496,0,0.7593347463562558
S2B_MSIL2A_20240426T062629_R077_T40QGK_20240426T111133_0001.jpg,S2B_MSIL2A_20240426T062629_R077_T40QGK_20240426T111133,0,2024-04,T40QGK,0.5610166616303496,0,0.7593347463562558
S2B_MSIL2A_20240506T062629_R077_T40QGK_20240506T104447_0000.jpg,S2B_MSIL2A_20240506T062629_R077_T40QGK_20240506T104447,0,2024-05,T40QGK,0.03372657552691627,0,0.7593347463562558
S2B_MSIL2A_20240506T062629_R077_T40QGK_20240506T104447_0001.jpg,S2B_MSIL2A_20240506T062629_R077_T40QGK_20240506T104447,0,2024-05,T40QGK,0.03372657552691627,0,0.7593347463562558
S2B_MSIL2A_20240516T062629_R077_T40QGK_20240516T102249_0000.jpg,S2B_MSIL2A_20240516T062629_R077_T40QGK_20240516T102249,0,2024-05,T40QGK,0.16105596476070536,0,0.7593347463562558
S2B_MSIL2A_20240516T062629_R077_T40QGK_20240516T102249_0001.jpg,S2B_MSIL2A_20240516T062629_R077_T40QGK_20240516T102249,0,2024-05,T40QGK,0.16105596476070536,0,0.7593347463562558
S2A_MSIL2A_20240521T062631_R077_T40QGK_20240521T112534_0000.jpg,S2A_MSIL2A_20240521T062631_R077_T40QGK_20240521T112534,0,2024-05,T40QGK,0.11545770886383212,0,0.7593347463562558
S2A_MSIL2A_20240521T062631_R077_T40QGK_20240521T112534_0001.jpg,S2A_MSIL2A_20240521T062631_R077_T40QGK_20240521T112534,0,2024-05,T40QGK,0.11545770886383212,0,0.7593347463562558
S2A_MSIL2A_20240531T062631_R077_T40QGK_20240531T120203_0000.jpg,S2A_MSIL2A_20240531T062631_R077_T40QGK_20240531T120203,1,2024-05,T40QGK,0.93872893177221,1,0.7593347463562558
S2A_MSIL2A_20240531T062631_R077_T40QGK_20240531T120203_0001.jpg,S2A_MSIL2A_20240531T062631_R077_T40QGK_20240531T120203,1,2024-05,T40QGK,0.93872893177221,1,0.7593347463562558
S2B_MSIL2A_20240605T062629_R077_T40QGK_20240605T101415_0000.jpg,S2B_MSIL2A_20240605T062629_R077_T40QGK_20240605T101415,0,2024-06,T40QGK,0.748286468092114,0,0.7593347463562558
S2B_MSIL2A_20240605T062629_R077_T40QGK_20240605T101415_0001.jpg,S2B_MSIL2A_20240605T062629_R077_T40QGK_20240605T101415,0,2024-06,T40QGK,0.748286468092114,0,0.7593347463562558
S2A_MSIL2A_20240610T062631_R077_T40QGK_20240610T104649_0000.jpg,S2A_MSIL2A_20240610T062631_R077_T40QGK_20240610T104649,0,2024-06,T40QGK,0.025171730609390302,0,0.7593347463562558
S2A_MSIL2A_20240610T062631_R077_T40QGK_20240610T104649_0001.jpg,S2A_MSIL2A_20240610T062631_R077_T40QGK_20240610T104649,0,2024-06,T40QGK,0.025171730609390302,0,0.7593347463562558
S2B_MSIL2A_20240625T062629_R077_T40QGK_20240625T102043_0000.jpg,S2B_MSIL2A_20240625T062629_R077_T40QGK_20240625T102043,0,2024-06,T40QGK,0.0909993540306308,0,0.7593347463562558
S2B_MSIL2A_20240705T062629_R077_T40QGK_20240706T024220_0000.jpg,S2B_MSIL2A_20240705T062629_R077_T40QGK_20240706T024220,1,2024-07,T40QGK,0.9454172250277292,1,0.7593347463562558
S2B_MSIL2A_20240705T062629_R077_T40QGK_20240706T024220_0001.jpg,S2B_MSIL2A_20240705T062629_R077_T40QGK_20240706T024220,1,2024-07,T40QGK,0.9454172250277292,1,0.7593347463562558
S2A_MSIL2A_20240710T062631_R077_T40QGK_20240710T114122_0000.jpg,S2A_MSIL2A_20240710T062631_R077_T40QGK_20240710T114122,1,2024-07,T40QGK,0.9437848957275379,1,0.7593347463562558
S2A_MSIL2A_20240710T062631_R077_T40QGK_20240710T114122_0001.jpg,S2A_MSIL2A_20240710T062631_R077_T40QGK_20240710T114122,1,2024-07,T40QGK,0.9437848957275379,1,0.7593347463562558
S2B_MSIL2A_20240725T062629_R077_T40QGK_20240725T090216_0000.jpg,S2B_MSIL2A_20240725T062629_R077_T40QGK_20240725T090216,0,2024-07,T40QGK,0.010266169049943928,0,0.7593347463562558
S2B_MSIL2A_20240725T062629_R077_T40QGK_20240725T090216_0001.jpg,S2B_MSIL2A_20240725T062629_R077_T40QGK_20240725T090216,0,2024-07,T40QGK,0.010266169049943928,0,0.7593347463562558
S2B_MSIL2A_20240804T062629_R077_T40QGK_20240804T094512_0000.jpg,S2B_MSIL2A_20240804T062629_R077_T40QGK_20240804T094512,0,2024-08,T40QGK,0.018818120833037626,0,0.7593347463562558
S2B_MSIL2A_20240804T062629_R077_T40QGK_20240804T094512_0001.jpg,S2B_MSIL2A_20240804T062629_R077_T40QGK_20240804T094512,0,2024-08,T40QGK,0.018818120833037626,0,0.7593347463562558
S2B_MSIL2A_20240824T062629_R077_T40QGK_20240824T100609_0000.jpg,S2B_MSIL2A_20240824T062629_R077_T40QGK_20240824T100609,1,2024-08,T40QGK,0.9254344011458462,1,0.7593347463562558
S2B_MSIL2A_20240824T062629_R077_T40QGK_20240824T100609_0001.jpg,S2B_MSIL2A_20240824T062629_R077_T40QGK_20240824T100609,1,2024-08,T40QGK,0.9254344011458462,1,0.7593347463562558
S2A_MSIL2A_20240829T062631_R077_T40QGK_20240829T111551_0000.jpg,S2A_MSIL2A_20240829T062631_R077_T40QGK_20240829T111551,0,2024-08,T40QGK,0.5881791247802818,0,0.7593347463562558
S2A_MSIL2A_20240829T062631_R077_T40QGK_20240829T111551_0001.jpg,S2A_MSIL2A_20240829T062631_R077_T40QGK_20240829T111551,0,2024-08,T40QGK,0.5881791247802818,0,0.7593347463562558
S2A_MSIL2A_20240908T062631_R077_T40QGK_20240908T111753_0000.jpg,S2A_MSIL2A_20240908T062631_R077_T40QGK_20240908T111753,1,2024-09,T40QGK,0.8071722008087956,1,0.7593347463562558
S2A_MSIL2A_20240908T062631_R077_T40QGK_20240908T111753_0001.jpg,S2A_MSIL2A_20240908T062631_R077_T40QGK_20240908T111753,1,2024-09,T40QGK,0.8071722008087956,1,0.7593347463562558
S2B_MSIL2A_20240923T062629_R077_T40QGK_20240923T085510_0000.jpg,S2B_MSIL2A_20240923T062629_R077_T40QGK_20240923T085510,0,2024-09,T40QGK,0.027372061699576095,0,0.7593347463562558
S2B_MSIL2A_20240923T062629_R077_T40QGK_20240923T085510_0001.jpg,S2B_MSIL2A_20240923T062629_R077_T40QGK_20240923T085510,0,2024-09,T40QGK,0.027372061699576095,0,0.7593347463562558
S2B_MSIL2A_20241003T062629_R077_T40QGK_20241003T090945_0000.jpg,S2B_MSIL2A_20241003T062629_R077_T40QGK_20241003T090945,0,2024-10,T40QGK,0.502611524162784,0,0.7593347463562558
S2B_MSIL2A_20241003T062629_R077_T40QGK_20241003T090945_0001.jpg,S2B_MSIL2A_20241003T062629_R077_T40QGK_20241003T090945,0,2024-10,T40QGK,0.502611524162784,0,0.7593347463562558
S2B_MSIL2A_20241023T062829_R077_T40QGK_20241023T083127_0000.jpg,S2B_MSIL2A_20241023T062829_R077_T40QGK_20241023T083127,0,2024-10,T40QGK,0.02132452433304462,0,0.7593347463562558
S2B_MSIL2A_20241023T062829_R077_T40QGK_20241023T083127_0001.jpg,S2B_MSIL2A_20241023T062829_R077_T40QGK_20241023T083127,0,2024-10,T40QGK,0.02132452433304462,0,0.7593347463562558
S2A_MSIL2A_20241028T063001_R077_T40QGK_20241028T100749_0000.jpg,S2A_MSIL2A_20241028T063001_R077_T40QGK_20241028T100749,0,2024-10,T40QGK,0.02148371833340384,0,0.7593347463562558
S2A_MSIL2A_20241028T063001_R077_T40QGK_20241028T100749_0001.jpg,S2A_MSIL2A_20241028T063001_R077_T40QGK_20241028T100749,0,2024-10,T40QGK,0.02148371833340384,0,0.7593347463562558
S2A_MSIL2A_20241117T063141_R077_T40QGK_20241117T103949_0000.jpg,S2A_MSIL2A_20241117T063141_R077_T40QGK_20241117T103949,0,2024-11,T40QGK,0.0407453824547409,0,0.7593347463562558
S2A_MSIL2A_20241117T063141_R077_T40QGK_20241117T103949_0001.jpg,S2A_MSIL2A_20241117T063141_R077_T40QGK_20241117T103949,0,2024-11,T40QGK,0.0407453824547409,0,0.7593347463562558
S2A_MSIL2A_20241127T063221_R077_T40QGK_20241127T094651_0000.jpg,S2A_MSIL2A_20241127T063221_R077_T40QGK_20241127T094651,1,2024-11,T40QGK,0.7666457095930623,1,0.7593347463562558
S2A_MSIL2A_20241127T063221_R077_T40QGK_20241127T094651_0001.jpg,S2A_MSIL2A_20241127T063221_R077_T40QGK_20241127T094651,1,2024-11,T40QGK,0.7666457095930623,1,0.7593347463562558
S2B_MSIL2A_20241202T063139_R077_T40QGK_20241202T083601_0000.jpg,S2B_MSIL2A_20241202T063139_R077_T40QGK_20241202T083601,0,2024-12,T40QGK,0.4449812755189662,0,0.7593347463562558
S2B_MSIL2A_20241202T063139_R077_T40QGK_20241202T083601_0001.jpg,S2B_MSIL2A_20241202T063139_R077_T40QGK_20241202T083601,0,2024-12,T40QGK,0.4449812755189662,0,0.7593347463562558
S2A_MSIL2A_20241217T063301_R077_T40QGK_20241217T094151_0000.jpg,S2A_MSIL2A_20241217T063301_R077_T40QGK_20241217T094151,0,2024-12,T40QGK,0.47366836783105043,0,0.7593347463562558
S2A_MSIL2A_20241217T063301_R077_T40QGK_20241217T094151_0001.jpg,S2A_MSIL2A_20241217T063301_R077_T40QGK_20241217T094151,0,2024-12,T40QGK,0.47366836783105043,0,0.7593347463562558
S2A_MSIL2A_20241227T063301_R077_T40QGK_20241227T094051_0000.jpg,S2A_MSIL2A_20241227T063301_R077_T40QGK_20241227T094051,0,2024-12,T40QGK,0.03487554079412641,0,0.7593347463562558
S2A_MSIL2A_20241227T063301_R077_T40QGK_20241227T094051_0001.jpg,S2A_MSIL2A_20241227T063301_R077_T40QGK_20241227T094051,0,2024-12,T40QGK,0.03487554079412641,0,0.7593347463562558
S2A_MSIL2A_20170101T064252_R120_T40QFM_20210529T105726_0000.jpg,S2A_MSIL2A_20170101T064252_R120_T40QFM_20210529T105726,0,2017-01,T40QFM,0.16707031860705376,0,0.7593347463562558
S2A_MSIL2A_20170101T064252_R120_T40QFM_20210529T105726_0001.jpg,S2A_MSIL2A_20170101T064252_R120_T40QFM_20210529T105726,0,2017-01,T40QFM,0.16707031860705376,0,0.7593347463562558
S2A_MSIL2A_20170210T064011_R120_T40QFM_20210208T095409_0000.jpg,S2A_MSIL2A_20170210T064011_R120_T40QFM_20210208T095409,1,2017-02,T40QFM,0.09436447628555603,0,0.7593347463562558
S2A_MSIL2A_20170210T064011_R120_T40QFM_20210208T095409_0001.jpg,S2A_MSIL2A_20170210T064011_R120_T40QFM_20210208T095409,1,2017-02,T40QFM,0.09436447628555603,0,0.7593347463562558
S2A_MSIL2A_20170302T064011_R120_T40QFM_20210208T184836_0000.jpg,S2A_MSIL2A_20170302T064011_R120_T40QFM_20210208T184836,1,2017-03,T40QFM,0.39108235512741635,0,0.7593347463562558
S2A_MSIL2A_20170302T064011_R120_T40QFM_20210208T184836_0001.jpg,S2A_MSIL2A_20170302T064011_R120_T40QFM_20210208T184836,1,2017-03,T40QFM,0.39108235512741635,0,0.7593347463562558
S2A_MSIL2A_20170312T063641_R120_T40QFM_20210208T214529_0000.jpg,S2A_MSIL2A_20170312T063641_R120_T40QFM_20210208T214529,0,2017-03,T40QFM,0.015327161278322107,0,0.7593347463562558
S2A_MSIL2A_20170312T063641_R120_T40QFM_20210208T214529_0001.jpg,S2A_MSIL2A_20170312T063641_R120_T40QFM_20210208T214529,0,2017-03,T40QFM,0.015327161278322107,0,0.7593347463562558
S2A_MSIL2A_20170401T063621_R120_T40QFM_20210209T033740_0000.jpg,S2A_MSIL2A_20170401T063621_R120_T40QFM_20210209T033740,1,2017-04,T40QFM,0.7411022689576567,0,0.7593347463562558
S2A_MSIL2A_20170401T063621_R120_T40QFM_20210209T033740_0001.jpg,S2A_MSIL2A_20170401T063621_R120_T40QFM_20210209T033740,1,2017-04,T40QFM,0.7411022689576567,0,0.7593347463562558
S2A_MSIL2A_20170411T064011_R120_T40QFM_20210209T063842_0000.jpg,S2A_MSIL2A_20170411T064011_R120_T40QFM_20210209T063842,0,2017-04,T40QFM,0.24269516126327623,0,0.7593347463562558
S2A_MSIL2A_20170411T064011_R120_T40QFM_20210209T063842_0001.jpg,S2A_MSIL2A_20170411T064011_R120_T40QFM_20210209T063842,0,2017-04,T40QFM,0.24269516126327623,0,0.7593347463562558
S2A_MSIL2A_20170421T063631_R120_T40QFM_20210209T092345_0000.jpg,S2A_MSIL2A_20170421T063631_R120_T40QFM_20210209T092345,0,2017-04,T40QFM,0.03372868280661356,0,0.7593347463562558
S2A_MSIL2A_20170421T063631_R120_T40QFM_20210209T092345_0001.jpg,S2A_MSIL2A_20170421T063631_R120_T40QFM_20210209T092345,0,2017-04,T40QFM,0.03372868280661356,0,0.7593347463562558
S2A_MSIL2A_20170511T063631_R120_T40QFM_20210209T143937_0000.jpg,S2A_MSIL2A_20170511T063631_R120_T40QFM_20210209T143937,0,2017-05,T40QFM,0.017772759930877808,0,0.7593347463562558
S2A_MSIL2A_20170511T063631_R120_T40QFM_20210209T143937_0001.jpg,S2A_MSIL2A_20170511T063631_R120_T40QFM_20210209T143937,0,2017-05,T40QFM,0.017772759930877808,0,0.7593347463562558
S2A_MSIL2A_20170521T064021_R120_T40QFM_20210209T170100_0000.jpg,S2A_MSIL2A_20170521T064021_R120_T40QFM_20210209T170100,0,2017-05,T40QFM,0.5077507362642542,0,0.7593347463562558
S2A_MSIL2A_20170521T064021_R120_T40QFM_20210209T170100_0001.jpg,S2A_MSIL2A_20170521T064021_R120_T40QFM_20210209T170100,0,2017-05,T40QFM,0.5077507362642542,0,0.7593347463562558
S2A_MSIL2A_20170531T063631_R120_T40QFM_20210209T192316_0000.jpg,S2A_MSIL2A_20170531T063631_R120_T40QFM_20210209T192316,0,2017-05,T40QFM,0.40169062478809564,0,0.7593347463562558
S2A_MSIL2A_20170531T063631_R120_T40QFM_20210209T192316_0001.jpg,S2A_MSIL2A_20170531T063631_R120_T40QFM_20210209T192316,0,2017-05,T40QFM,0.40169062478809564,0,0.7593347463562558
S2A_MSIL2A_20170620T063631_R120_T40QFM_20210210T001918_0000.jpg,S2A_MSIL2A_20170620T063631_R120_T40QFM_20210210T001918,1,2017-06,T40QFM,0.5792901569079967,0,0.7593347463562558
S2A_MSIL2A_20170620T063631_R120_T40QFM_20210210T001918_0001.jpg,S2A_MSIL2A_20170620T063631_R120_T40QFM_20210210T001918,1,2017-06,T40QFM,0.5792901569079967,0,0.7593347463562558
S2B_MSIL2A_20170705T064019_R120_T40QFM_20210210T050526_0000.jpg,S2B_MSIL2A_20170705T064019_R120_T40QFM_20210210T050526,1,2017-07,T40QFM,0.9264515264796045,1,0.7593347463562558
S2B_MSIL2A_20170705T064019_R120_T40QFM_20210210T050526_0001.jpg,S2B_MSIL2A_20170705T064019_R120_T40QFM_20210210T050526,1,2017-07,T40QFM,0.9264515264796045,1,0.7593347463562558
S2A_MSIL2A_20170720T064021_R120_T40QFM_20210210T113721_0000.jpg,S2A_MSIL2A_20170720T064021_R120_T40QFM_20210210T113721,0,2017-07,T40QFM,0.019326263873582716,0,0.7593347463562558
S2A_MSIL2A_20170720T064021_R120_T40QFM_20210210T113721_0001.jpg,S2A_MSIL2A_20170720T064021_R120_T40QFM_20210210T113721,0,2017-07,T40QFM,0.019326263873582716,0,0.7593347463562558
S2B_MSIL2A_20170725T063629_R120_T40QFM_20210210T142140_0000.jpg,S2B_MSIL2A_20170725T063629_R120_T40QFM_20210210T142140,0,2017-07,T40QFM,0.01089664026068996,0,0.7593347463562558
S2B_MSIL2A_20170725T063629_R120_T40QFM_20210210T142140_0001.jpg,S2B_MSIL2A_20170725T063629_R120_T40QFM_20210210T142140,0,2017-07,T40QFM,0.01089664026068996,0,0.7593347463562558
S2B_MSIL2A_20170814T063629_R120_T40QFM_20210131T215721_0000.jpg,S2B_MSIL2A_20170814T063629_R120_T40QFM_20210131T215721,0,2017-08,T40QFM,0.6573961626430468,0,0.7593347463562558
S2B_MSIL2A_20170814T063629_R120_T40QFM_20210131T215721_0001.jpg,S2B_MSIL2A_20170814T063629_R120_T40QFM_20210131T215721,0,2017-08,T40QFM,0.6573961626430468,0,0.7593347463562558
S2B_MSIL2A_20170824T064009_R120_T40QFM_20210201T091008_0000.jpg,S2B_MSIL2A_20170824T064009_R120_T40QFM_20210201T091008,0,2017-08,T40QFM,0.01914521441764253,0,0.7593347463562558
S2B_MSIL2A_20170824T064009_R120_T40QFM_20210201T091008_0001.jpg,S2B_MSIL2A_20170824T064009_R120_T40QFM_20210201T091008,0,2017-08,T40QFM,0.01914521441764253,0,0.7593347463562558
S2A_MSIL2A_20170829T064021_R120_T40QFM_20210201T133444_0000.jpg,S2A_MSIL2A_20170829T064021_R120_T40QFM_20210201T133444,0,2017-08,T40QFM,0.02885901752278193,0,0.7593347463562558
S2A_MSIL2A_20170829T064021_R120_T40QFM_20210201T133444_0001.jpg,S2A_MSIL2A_20170829T064021_R120_T40QFM_20210201T133444,0,2017-08,T40QFM,0.02885901752278193,0,0.7593347463562558
S2A_MSIL2A_20170908T063621_R120_T40QFM_20210201T212456_0000.jpg,S2A_MSIL2A_20170908T063621_R120_T40QFM_20210201T212456,0,2017-09,T40QFM,0.06536818986358174,0,0.7593347463562558
S2A_MSIL2A_20170908T063621_R120_T40QFM_20210201T212456_0001.jpg,S2A_MSIL2A_20170908T063621_R120_T40QFM_20210201T212456,0,2017-09,T40QFM,0.06536818986358174,0,0.7593347463562558
S2B_MSIL2A_20170913T064009_R120_T40QFM_20210202T020531_0000.jpg,S2B_MSIL2A_20170913T064009_R120_T40QFM_20210202T020531,0,2017-09,T40QFM,0.049821879229992656,0,0.7593347463562558
S2B_MSIL2A_20170913T064009_R120_T40QFM_20210202T020531_0001.jpg,S2B_MSIL2A_20170913T064009_R120_T40QFM_20210202T020531,0,2017-09,T40QFM,0.049821879229992656,0,0.7593347463562558
S2A_MSIL2A_20170928T063631_R120_T40QFM_20210202T110028_0000.jpg,S2A_MSIL2A_20170928T063631_R120_T40QFM_20210202T110028,1,2017-09,T40QFM,0.8686873565733678,1,0.7593347463562558
S2A_MSIL2A_20170928T063631_R120_T40QFM_20210202T110028_0001.jpg,S2A_MSIL2A_20170928T063631_R120_T40QFM_20210202T110028,1,2017-09,T40QFM,0.8686873565733678,1,0.7593347463562558
S2B_MSIL2A_20171003T063959_R120_T40QFM_20210202T132556_0000.jpg,S2B_MSIL2A_20171003T063959_R120_T40QFM_20210202T132556,0,2017-10,T40QFM,0.6188494100128031,0,0.7593347463562558
S2B_MSIL2A_20171003T063959_R120_T40QFM_20210202T132556_0001.jpg,S2B_MSIL2A_20171003T063959_R120_T40QFM_20210202T132556,0,2017-10,T40QFM,0.6188494100128031,0,0.7593347463562558
S2B_MSIL2A_20171013T063809_R120_T40QFM_20201015T000730_0000.jpg,S2B_MSIL2A_20171013T063809_R120_T40QFM_20201015T000730,0,2017-10,T40QFM,0.035039483940488274,0,0.7593347463562558
S2B_MSIL2A_20171013T063809_R120_T40QFM_20201015T000730_0001.jpg,S2B_MSIL2A_20171013T063809_R120_T40QFM_20201015T000730,0,2017-10,T40QFM,0.035039483940488274,0,0.7593347463562558
S2B_MSIL2A_20171023T063959_R120_T40QFM_20201015T014903_0000.jpg,S2B_MSIL2A_20171023T063959_R120_T40QFM_20201015T014903,0,2017-10,T40QFM,0.022089003763096346,0,0.7593347463562558
S2B_MSIL2A_20171023T063959_R120_T40QFM_20201015T014903_0001.jpg,S2B_MSIL2A_20171023T063959_R120_T40QFM_20201015T014903,0,2017-10,T40QFM,0.022089003763096346,0,0.7593347463562558
S2A_MSIL2A_20171028T064011_R120_T40QFM_20201015T024342_0000.jpg,S2A_MSIL2A_20171028T064011_R120_T40QFM_20201015T024342,0,2017-10,T40QFM,0.022597141903332216,0,0.7593347463562558
S2A_MSIL2A_20171028T064011_R120_T40QFM_20201015T024342_0001.jpg,S2A_MSIL2A_20171028T064011_R120_T40QFM_20201015T024342,0,2017-10,T40QFM,0.022597141903332216,0,0.7593347463562558
S2A_MSIL2A_20171107T064051_R120_T40QFM_20201014T183734_0000.jpg,S2A_MSIL2A_20171107T064051_R120_T40QFM_20201014T183734,0,2017-11,T40QFM,0.5429844177006358,0,0.7593347463562558
S2A_MSIL2A_20171107T064051_R120_T40QFM_20201014T183734_0001.jpg,S2A_MSIL2A_20171107T064051_R120_T40QFM_20201014T183734,0,2017-11,T40QFM,0.5429844177006358,0,0.7593347463562558
S2B_MSIL2A_20171112T064109_R120_T40QFM_20210215T163917_0000.jpg,S2B_MSIL2A_20171112T064109_R120_T40QFM_20210215T163917,0,2017-11,T40QFM,0.018081711282107695,0,0.7593347463562558
S2B_MSIL2A_20171112T064109_R120_T40QFM_20210215T163917_0001.jpg,S2B_MSIL2A_20171112T064109_R120_T40QFM_20210215T163917,0,2017-11,T40QFM,0.018081711282107695,0,0.7593347463562558
S2B_MSIL2A_20171122T064149_R120_T40QFM_20201014T213725_0000.jpg,S2B_MSIL2A_20171122T064149_R120_T40QFM_20201014T213725,0,2017-11,T40QFM,0.186331812365608,0,0.7593347463562558
S2B_MSIL2A_20171122T064149_R120_T40QFM_20201014T213725_0001.jpg,S2B_MSIL2A_20171122T064149_R120_T40QFM_20201014T213725,0,2017-11,T40QFM,0.186331812365608,0,0.7593347463562558
S2A_MSIL2A_20171127T064211_R120_T40QFM_20201014T222555_0000.jpg,S2A_MSIL2A_20171127T064211_R120_T40QFM_20201014T222555,0,2017-11,T40QFM,0.21628582474019864,0,0.7593347463562558
S2A_MSIL2A_20171127T064211_R120_T40QFM_20201014T222555_0001.jpg,S2A_MSIL2A_20171127T064211_R120_T40QFM_20201014T222555,0,2017-11,T40QFM,0.21628582474019864,0,0.7593347463562558
S2B_MSIL2A_20171202T064229_R120_T40QFM_20201014T114607_0000.jpg,S2B_MSIL2A_20171202T064229_R120_T40QFM_20201014T114607,0,2017-12,T40QFM,0.0058060013886386775,0,0.7593347463562558
S2B_MSIL2A_20171202T064229_R120_T40QFM_20201014T114607_0001.jpg,S2B_MSIL2A_20171202T064229_R120_T40QFM_20201014T114607,0,2017-12,T40QFM,0.0058060013886386775,0,0.7593347463562558
S2B_MSIL2A_20171222T064249_R120_T40QFM_20201119T192855_0000.jpg,S2B_MSIL2A_20171222T064249_R120_T40QFM_20201119T192855,1,2017-12,T40QFM,0.9220994941293689,1,0.7593347463562558
S2B_MSIL2A_20171222T064249_R120_T40QFM_20201119T192855_0001.jpg,S2B_MSIL2A_20171222T064249_R120_T40QFM_20201119T192855,1,2017-12,T40QFM,0.9220994941293689,1,0.7593347463562558
S2B_MSIL2A_20180101T064249_R120_T40QFM_20201014T023737_0000.jpg,S2B_MSIL2A_20180101T064249_R120_T40QFM_20201014T023737,0,2018-01,T40QFM,0.1326066926946672,0,0.7593347463562558
S2B_MSIL2A_20180101T064249_R120_T40QFM_20201014T023737_0001.jpg,S2B_MSIL2A_20180101T064249_R120_T40QFM_20201014T023737,0,2018-01,T40QFM,0.1326066926946672,0,0.7593347463562558
S2B_MSIL2A_20180111T064229_R120_T40QFM_20201014T045856_0000.jpg,S2B_MSIL2A_20180111T064229_R120_T40QFM_20201014T045856,0,2018-01,T40QFM,0.34010080400979426,0,0.7593347463562558
S2B_MSIL2A_20180111T064229_R120_T40QFM_20201014T045856_0001.jpg,S2B_MSIL2A_20180111T064229_R120_T40QFM_20201014T045856,0,2018-01,T40QFM,0.34010080400979426,0,0.7593347463562558
S2A_MSIL2A_20180126T064131_R120_T40QFM_20201014T085127_0000.jpg,S2A_MSIL2A_20180126T064131_R120_T40QFM_20201014T085127,0,2018-01,T40QFM,0.015002481872926814,0,0.7593347463562558
S2A_MSIL2A_20180126T064131_R120_T40QFM_20201014T085127_0001.jpg,S2A_MSIL2A_20180126T064131_R120_T40QFM_20201014T085127,0,2018-01,T40QFM,0.015002481872926814,0,0.7593347463562558
S2A_MSIL2A_20180215T063941_R120_T40QFM_20201013T212603_0000.jpg,S2A_MSIL2A_20180215T063941_R120_T40QFM_20201013T212603,0,2018-02,T40QFM,0.3344437327744397,0,0.7593347463562558
S2A_MSIL2A_20180215T063941_R120_T40QFM_20201013T212603_0001.jpg,S2A_MSIL2A_20180215T063941_R120_T40QFM_20201013T212603,0,2018-02,T40QFM,0.3344437327744397,0,0.7593347463562558
S2B_MSIL2A_20180220T063909_R120_T40QFM_20201013T233242_0000.jpg,S2B_MSIL2A_20180220T063909_R120_T40QFM_20201013T233242,0,2018-02,T40QFM,0.037389237293624276,0,0.7593347463562558
S2B_MSIL2A_20180220T063909_R120_T40QFM_20201013T233242_0001.jpg,S2B_MSIL2A_20180220T063909_R120_T40QFM_20201013T233242,0,2018-02,T40QFM,0.037389237293624276,0,0.7593347463562558
S2A_MSIL2A_20180307T063721_R120_T40QFM_20201013T073203_0000.jpg,S2A_MSIL2A_20180307T063721_R120_T40QFM_20201013T073203,0,2018-03,T40QFM,0.22291297971807653,0,0.7593347463562558
S2A_MSIL2A_20180307T063721_R120_T40QFM_20201013T073203_0001.jpg,S2A_MSIL2A_20180307T063721_R120_T40QFM_20201013T073203,0,2018-03,T40QFM,0.22291297971807653,0,0.7593347463562558
S2B_MSIL2A_20180322T063619_R120_T40QFM_20201013T124206_0000.jpg,S2B_MSIL2A_20180322T063619_R120_T40QFM_20201013T124206,0,2018-03,T40QFM,0.05516805577584817,0,0.7593347463562558
S2B_MSIL2A_20180322T063619_R120_T40QFM_20201013T124206_0001.jpg,S2B_MSIL2A_20180322T063619_R120_T40QFM_20201013T124206,0,2018-03,T40QFM,0.05516805577584817,0,0.7593347463562558
S2A_MSIL2A_20180327T063621_R120_T40QFM_20201013T145541_0000.jpg,S2A_MSIL2A_20180327T063621_R120_T40QFM_20201013T145541,0,2018-03,T40QFM,0.048564878089788495,0,0.7593347463562558
S2A_MSIL2A_20180327T063621_R120_T40QFM_20201013T145541_0001.jpg,S2A_MSIL2A_20180327T063621_R120_T40QFM_20201013T145541,0,2018-03,T40QFM,0.048564878089788495,0,0.7593347463562558
S2A_MSIL2A_20180406T063631_R120_T40QFM_20201012T185420_0000.jpg,S2A_MSIL2A_20180406T063631_R120_T40QFM_20201012T185420,0,2018-04,T40QFM,0.09886092822831478,0,0.7593347463562558
S2A_MSIL2A_20180406T063631_R120_T40QFM_20201012T185420_0001.jpg,S2A_MSIL2A_20180406T063631_R120_T40QFM_20201012T185420,0,2018-04,T40QFM,0.09886092822831478,0,0.7593347463562558
S2A_MSIL2A_20180416T063631_R120_T40QFM_20201012T225328_0000.jpg,S2A_MSIL2A_20180416T063631_R120_T40QFM_20201012T225328,0,2018-04,T40QFM,0.14806285539847067,0,0.7593347463562558
S2A_MSIL2A_20180416T063631_R120_T40QFM_20201012T225328_0001.jpg,S2A_MSIL2A_20180416T063631_R120_T40QFM_20201012T225328,0,2018-04,T40QFM,0.14806285539847067,0,0.7593347463562558
S2B_MSIL2A_20180421T063629_R120_T40QFM_20201013T005710_0000.jpg,S2B_MSIL2A_20180421T063629_R120_T40QFM_20201013T005710,0,2018-04,T40QFM,0.5312306431507626,0,0.7593347463562558
S2B_MSIL2A_20180421T063629_R120_T40QFM_20201013T005710_0001.jpg,S2B_MSIL2A_20180421T063629_R120_T40QFM_20201013T005710,0,2018-04,T40QFM,0.5312306431507626,0,0.7593347463562558
S2A_MSIL2A_20180426T063631_R120_T40QFM_20201013T024810_0000.jpg,S2A_MSIL2A_20180426T063631_R120_T40QFM_20201013T024810,0,2018-04,T40QFM,0.047592405722219885,0,0.7593347463562558
S2A_MSIL2A_20180426T063631_R120_T40QFM_20201013T024810_0001.jpg,S2A_MSIL2A_20180426T063631_R120_T40QFM_20201013T024810,0,2018-04,T40QFM,0.047592405722219885,0,0.7593347463562558
S2A_MSIL2A_20180506T063631_R120_T40QFM_20201012T062537_0000.jpg,S2A_MSIL2A_20180506T063631_R120_T40QFM_20201012T062537,0,2018-05,T40QFM,0.06400367575973326,0,0.7593347463562558
S2A_MSIL2A_20180506T063631_R120_T40QFM_20201012T062537_0001.jpg,S2A_MSIL2A_20180506T063631_R120_T40QFM_20201012T062537,0,2018-05,T40QFM,0.06400367575973326,0,0.7593347463562558
S2A_MSIL2A_20180516T063631_R120_T40QFM_20201012T102832_0000.jpg,S2A_MSIL2A_20180516T063631_R120_T40QFM_20201012T102832,1,2018-05,T40QFM,0.6956121233980936,0,0.7593347463562558
S2A_MSIL2A_20180516T063631_R120_T40QFM_20201012T102832_0001.jpg,S2A_MSIL2A_20180516T063631_R120_T40QFM_20201012T102832,1,2018-05,T40QFM,0.6956121233980936,0,0.7593347463562558
S2B_MSIL2A_20180521T063629_R120_T40QFM_20201026T102945_0000.jpg,S2B_MSIL2A_20180521T063629_R120_T40QFM_20201026T102945,0,2018-05,T40QFM,0.023306577757379647,0,0.7593347463562558
S2B_MSIL2A_20180521T063629_R120_T40QFM_20201026T102945_0001.jpg,S2B_MSIL2A_20180521T063629_R120_T40QFM_20201026T102945,0,2018-05,T40QFM,0.023306577757379647,0,0.7593347463562558
S2B_MSIL2A_20180531T063619_R120_T40QFM_20201012T162134_0000.jpg,S2B_MSIL2A_20180531T063619_R120_T40QFM_20201012T162134,1,2018-05,T40QFM,0.7612056686863157,1,0.7593347463562558
S2B_MSIL2A_20180531T063619_R120_T40QFM_20201012T162134_0001.jpg,S2B_MSIL2A_20180531T063619_R120_T40QFM_20201012T162134,1,2018-05,T40QFM,0.7612056686863157,1,0.7593347463562558
S2A_MSIL2A_20180605T063631_R120_T40QFM_20201026T160308_0000.jpg,S2A_MSIL2A_20180605T063631_R120_T40QFM_20201026T160308,1,2018-06,T40QFM,0.8380709847962193,1,0.7593347463562558
S2A_MSIL2A_20180605T063631_R120_T40QFM_20201026T160308_0001.jpg,S2A_MSIL2A_20180605T063631_R120_T40QFM_20201026T160308,1,2018-06,T40QFM,0.8380709847962193,1,0.7593347463562558
S2B_MSIL2A_20180620T063629_R120_T40QFM_20201012T002457_0000.jpg,S2B_MSIL2A_20180620T063629_R120_T40QFM_20201012T002457,1,2018-06,T40QFM,0.9078413095805257,1,0.7593347463562558
S2B_MSIL2A_20180620T063629_R120_T40QFM_20201012T002457_0001.jpg,S2B_MSIL2A_20180620T063629_R120_T40QFM_20201012T002457,1,2018-06,T40QFM,0.9078413095805257,1,0.7593347463562558
S2B_MSIL2A_20180630T063629_R120_T40QFM_20201012T041733_0000.jpg,S2B_MSIL2A_20180630T063629_R120_T40QFM_20201012T041733,0,2018-06,T40QFM,0.05828863387656913,0,0.7593347463562558
S2A_MSIL2A_20180705T063631_R120_T40QFM_20201011T120750_0000.jpg,S2A_MSIL2A_20180705T063631_R120_T40QFM_20201011T120750,1,2018-07,T40QFM,0.9657158760841739,1,0.7593347463562558
S2A_MSIL2A_20180705T063631_R120_T40QFM_20201011T120750_0001.jpg,S2A_MSIL2A_20180705T063631_R120_T40QFM_20201011T120750,1,2018-07,T40QFM,0.9657158760841739,1,0.7593347463562558
S2B_MSIL2A_20180720T063629_R120_T40QFM_20201011T180216_0000.jpg,S2B_MSIL2A_20180720T063629_R120_T40QFM_20201011T180216,0,2018-07,T40QFM,0.008502760573650466,0,0.7593347463562558
S2B_MSIL2A_20180720T063629_R120_T40QFM_20201011T180216_0001.jpg,S2B_MSIL2A_20180720T063629_R120_T40QFM_20201011T180216,0,2018-07,T40QFM,0.008502760573650466,0,0.7593347463562558
S2A_MSIL2A_20180814T063631_R120_T40QFM_20201027T032716_0000.jpg,S2A_MSIL2A_20180814T063631_R120_T40QFM_20201027T032716,0,2018-08,T40QFM,0.42316419436241826,0,0.7593347463562558
S2A_MSIL2A_20180814T063631_R120_T40QFM_20201027T032716_0001.jpg,S2A_MSIL2A_20180814T063631_R120_T40QFM_20201027T032716,0,2018-08,T40QFM,0.42316419436241826,0,0.7593347463562558
S2B_MSIL2A_20180829T063619_R120_T40QFM_20201103T122653_0000.jpg,S2B_MSIL2A_20180829T063619_R120_T40QFM_20201103T122653,0,2018-08,T40QFM,0.21151231995971614,0,0.7593347463562558
S2B_MSIL2A_20180829T063619_R120_T40QFM_20201103T122653_0001.jpg,S2B_MSIL2A_20180829T063619_R120_T40QFM_20201103T122653,0,2018-08,T40QFM,0.21151231995971614,0,0.7593347463562558
S2A_MSIL2A_20180913T063621_R120_T40QFM_20201009T003932_0000.jpg,S2A_MSIL2A_20180913T063621_R120_T40QFM_20201009T003932,0,2018-09,T40QFM,0.02655859278920425,0,0.7593347463562558
S2A_MSIL2A_20180913T063621_R120_T40QFM_20201009T003932_0001.jpg,S2A_MSIL2A_20180913T063621_R120_T40QFM_20201009T003932,0,2018-09,T40QFM,0.02655859278920425,0,0.7593347463562558
S2A_MSIL2A_20180923T063621_R120_T40QFM_20201009T035752_0000.jpg,S2A_MSIL2A_20180923T063621_R120_T40QFM_20201009T035752,0,2018-09,T40QFM,0.3227361535457434,0,0.7593347463562558
S2A_MSIL2A_20180923T063621_R120_T40QFM_20201009T035752_0001.jpg,S2A_MSIL2A_20180923T063621_R120_T40QFM_20201009T035752,0,2018-09,T40QFM,0.3227361535457434,0,0.7593347463562558
S2B_MSIL2A_20180928T063629_R120_T40QFM_20201009T055459_0000.jpg,S2B_MSIL2A_20180928T063629_R120_T40QFM_20201009T055459,0,2018-09,T40QFM,0.38302034917974304,0,0.7593347463562558
S2B_MSIL2A_20180928T063629_R120_T40QFM_20201009T055459_0001.jpg,S2B_MSIL2A_20180928T063629_R120_T40QFM_20201009T055459,0,2018-09,T40QFM,0.38302034917974304,0,0.7593347463562558
S2A_MSIL2A_20181003T063711_R120_T40QFM_20201009T073338_0000.jpg,S2A_MSIL2A_20181003T063711_R120_T40QFM_20201009T073338,0,2018-10,T40QFM,0.4245518557220762,0,0.7593347463562558
S2A_MSIL2A_20181003T063711_R120_T40QFM_20201009T073338_0001.jpg,S2A_MSIL2A_20181003T063711_R120_T40QFM_20201009T073338,0,2018-10,T40QFM,0.4245518557220762,0,0.7593347463562558
S2A_MSIL2A_20181013T063821_R120_T40QFM_20201009T110105_0000.jpg,S2A_MSIL2A_20181013T063821_R120_T40QFM_20201009T110105,0,2018-10,T40QFM,0.23828221437125846,0,0.7593347463562558
S2A_MSIL2A_20181013T063821_R120_T40QFM_20201009T110105_0001.jpg,S2A_MSIL2A_20181013T063821_R120_T40QFM_20201009T110105,0,2018-10,T40QFM,0.23828221437125846,0,0.7593347463562558
S2A_MSIL2A_20181023T063921_R120_T40QFM_20201009T142515_0000.jpg,S2A_MSIL2A_20181023T063921_R120_T40QFM_20201009T142515,0,2018-10,T40QFM,0.015667097303126244,0,0.7593347463562558
S2A_MSIL2A_20181023T063921_R120_T40QFM_20201009T142515_0001.jpg,S2A_MSIL2A_20181023T063921_R120_T40QFM_20201009T142515,0,2018-10,T40QFM,0.015667097303126244,0,0.7593347463562558
S2B_MSIL2A_20181107T064049_R120_T40QFM_20201008T164036_0000.jpg,S2B_MSIL2A_20181107T064049_R120_T40QFM_20201008T164036,0,2018-11,T40QFM,0.12733743919522986,0,0.7593347463562558
S2B_MSIL2A_20181107T064049_R120_T40QFM_20201008T164036_0001.jpg,S2B_MSIL2A_20181107T064049_R120_T40QFM_20201008T164036,0,2018-11,T40QFM,0.12733743919522986,0,0.7593347463562558
S2A_MSIL2A_20181112T064111_R120_T40QFM_20201008T180035_0000.jpg,S2A_MSIL2A_20181112T064111_R120_T40QFM_20201008T180035,0,2018-11,T40QFM,0.06793915249214401,0,0.7593347463562558
S2A_MSIL2A_20181112T064111_R120_T40QFM_20201008T180035_0001.jpg,S2A_MSIL2A_20181112T064111_R120_T40QFM_20201008T180035,0,2018-11,T40QFM,0.06793915249214401,0,0.7593347463562558
S2A_MSIL2A_20181122T064151_R120_T40QFM_20201008T204126_0000.jpg,S2A_MSIL2A_20181122T064151_R120_T40QFM_20201008T204126,0,2018-11,T40QFM,0.3099642262584525,0,0.7593347463562558
S2A_MSIL2A_20181122T064151_R120_T40QFM_20201008T204126_0001.jpg,S2A_MSIL2A_20181122T064151_R120_T40QFM_20201008T204126,0,2018-11,T40QFM,0.3099642262584525,0,0.7593347463562558
S2B_MSIL2A_20181207T064239_R120_T40QFM_20201008T081206_0000.jpg,S2B_MSIL2A_20181207T064239_R120_T40QFM_20201008T081206,0,2018-12,T40QFM,0.005250609854027211,0,0.7593347463562558
S2B_MSIL2A_20181207T064239_R120_T40QFM_20201008T081206_0001.jpg,S2B_MSIL2A_20181207T064239_R120_T40QFM_20201008T081206,0,2018-12,T40QFM,0.005250609854027211,0,0.7593347463562558
S2A_MSIL2A_20181212T064251_R120_T40QFM_20201008T092507_0000.jpg,S2A_MSIL2A_20181212T064251_R120_T40QFM_20201008T092507,1,2018-12,T40QFM,0.8777465551554979,1,0.7593347463562558
S2A_MSIL2A_20181212T064251_R120_T40QFM_20201008T092507_0001.jpg,S2A_MSIL2A_20181212T064251_R120_T40QFM_20201008T092507,1,2018-12,T40QFM,0.8777465551554979,1,0.7593347463562558
S2B_MSIL2A_20181217T064259_R120_T40QFM_20201008T105525_0000.jpg,S2B_MSIL2A_20181217T064259_R120_T40QFM_20201008T105525,1,2018-12,T40QFM,0.7434660625873255,0,0.7593347463562558
S2B_MSIL2A_20181217T064259_R120_T40QFM_20201008T105525_0001.jpg,S2B_MSIL2A_20181217T064259_R120_T40QFM_20201008T105525,1,2018-12,T40QFM,0.7434660625873255,0,0.7593347463562558
S2B_MSIL2A_20190106T064249_R120_T40QFM_20201007T231950_0000.jpg,S2B_MSIL2A_20190106T064249_R120_T40QFM_20201007T231950,0,2019-01,T40QFM,0.1257687618926025,0,0.7593347463562558
S2B_MSIL2A_20190106T064249_R120_T40QFM_20201007T231950_0001.jpg,S2B_MSIL2A_20190106T064249_R120_T40QFM_20201007T231950,0,2019-01,T40QFM,0.1257687618926025,0,0.7593347463562558
S2B_MSIL2A_20190116T064219_R120_T40QFM_20201008T020524_0000.jpg,S2B_MSIL2A_20190116T064219_R120_T40QFM_20201008T020524,0,2019-01,T40QFM,0.22893247231179736,0,0.7593347463562558
S2B_MSIL2A_20190116T064219_R120_T40QFM_20201008T020524_0001.jpg,S2B_MSIL2A_20190116T064219_R120_T40QFM_20201008T020524,0,2019-01,T40QFM,0.22893247231179736,0,0.7593347463562558
S2A_MSIL2A_20190121T064201_R120_T40QFM_20201008T031932_0000.jpg,S2A_MSIL2A_20190121T064201_R120_T40QFM_20201008T031932,0,2019-01,T40QFM,0.03328075860399618,0,0.7593347463562558
S2A_MSIL2A_20190121T064201_R120_T40QFM_20201008T031932_0001.jpg,S2A_MSIL2A_20190121T064201_R120_T40QFM_20201008T031932,0,2019-01,T40QFM,0.03328075860399618,0,0.7593347463562558
S2B_MSIL2A_20190205T064049_R120_T40QFM_20201007T141559_0000.jpg,S2B_MSIL2A_20190205T064049_R120_T40QFM_20201007T141559,0,2019-02,T40QFM,0.085929234223893,0,0.7593347463562558
S2B_MSIL2A_20190205T064049_R120_T40QFM_20201007T141559_0001.jpg,S2B_MSIL2A_20190205T064049_R120_T40QFM_20201007T141559,0,2019-02,T40QFM,0.085929234223893,0,0.7593347463562558
S2B_MSIL2A_20190215T063949_R120_T40QFM_20201030T013007_0000.jpg,S2B_MSIL2A_20190215T063949_R120_T40QFM_20201030T013007,1,2019-02,T40QFM,0.45642291673981045,0,0.7593347463562558
S2B_MSIL2A_20190215T063949_R120_T40QFM_20201030T013007_0001.jpg,S2B_MSIL2A_20190215T063949_R120_T40QFM_20201030T013007,1,2019-02,T40QFM,0.45642291673981045,0,0.7593347463562558
S2B_MSIL2A_20190307T063729_R120_T40QFM_20201105T093834_0000.jpg,S2B_MSIL2A_20190307T063729_R120_T40QFM_20201105T093834,0,2019-03,T40QFM,0.23330968761858964,0,0.7593347463562558
S2B_MSIL2A_20190307T063729_R120_T40QFM_20201105T093834_0001.jpg,S2B_MSIL2A_20190307T063729_R120_T40QFM_20201105T093834,0,2019-03,T40QFM,0.23330968761858964,0,0.7593347463562558
S2A_MSIL2A_20190312T063651_R120_T40QFM_20221204T175916_0000.jpg,S2A_MSIL2A_20190312T063651_R120_T40QFM_20221204T175916,0,2019-03,T40QFM,0.2449364056062371,0,0.7593347463562558
S2A_MSIL2A_20190312T063651_R120_T40QFM_20221204T175916_0001.jpg,S2A_MSIL2A_20190312T063651_R120_T40QFM_20221204T175916,0,2019-03,T40QFM,0.2449364056062371,0,0.7593347463562558
S2B_MSIL2A_20190317T063629_R120_T40QFM_20201007T074128_0000.jpg,S2B_MSIL2A_20190317T063629_R120_T40QFM_20201007T074128,1,2019-03,T40QFM,0.8093109301290953,1,0.7593347463562558
S2B_MSIL2A_20190317T063629_R120_T40QFM_20201007T074128_0001.jpg,S2B_MSIL2A_20190317T063629_R120_T40QFM_20201007T074128,1,2019-03,T40QFM,0.8093109301290953,1,0.7593347463562558
S2A_MSIL2A_20190401T063631_R120_T40QFM_20201006T205110_0000.jpg,S2A_MSIL2A_20190401T063631_R120_T40QFM_20201006T205110,1,2019-04,T40QFM,0.8035531462761942,1,0.7593347463562558
S2A_MSIL2A_20190401T063631_R120_T40QFM_20201006T205110_0001.jpg,S2A_MSIL2A_20190401T063631_R120_T40QFM_20201006T205110,1,2019-04,T40QFM,0.8035531462761942,1,0.7593347463562558
S2B_MSIL2A_20190416T063629_R120_T40QFM_20201007T025319_0000.jpg,S2B_MSIL2A_20190416T063629_R120_T40QFM_20201007T025319,0,2019-04,T40QFM,0.08081926052504333,0,0.7593347463562558
S2B_MSIL2A_20190416T063629_R120_T40QFM_20201007T025319_0001.jpg,S2B_MSIL2A_20190416T063629_R120_T40QFM_20201007T025319,0,2019-04,T40QFM,0.08081926052504333,0,0.7593347463562558
S2A_MSIL2A_20190421T063631_R120_T40QFM_20201105T132237_0000.jpg,S2A_MSIL2A_20190421T063631_R120_T40QFM_20201105T132237,0,2019-04,T40QFM,0.11392637729902994,0,0.7593347463562558
S2A_MSIL2A_20190421T063631_R120_T40QFM_20201105T132237_0001.jpg,S2A_MSIL2A_20190421T063631_R120_T40QFM_20201105T132237,0,2019-04,T40QFM,0.11392637729902994,0,0.7593347463562558
S2B_MSIL2A_20190426T063629_R120_T40QFM_20201105T192133_0000.jpg,S2B_MSIL2A_20190426T063629_R120_T40QFM_20201105T192133,0,2019-04,T40QFM,0.02997855968972551,0,0.7593347463562558
S2B_MSIL2A_20190426T063629_R120_T40QFM_20201105T192133_0001.jpg,S2B_MSIL2A_20190426T063629_R120_T40QFM_20201105T192133,0,2019-04,T40QFM,0.02997855968972551,0,0.7593347463562558
S2A_MSIL2A_20190501T063631_R120_T40QFM_20201006T083335_0000.jpg,S2A_MSIL2A_20190501T063631_R120_T40QFM_20201006T083335,0,2019-05,T40QFM,0.06123794846823101,0,0.7593347463562558
S2A_MSIL2A_20190501T063631_R120_T40QFM_20201006T083335_0001.jpg,S2A_MSIL2A_20190501T063631_R120_T40QFM_20201006T083335,0,2019-05,T40QFM,0.06123794846823101,0,0.7593347463562558
S2B_MSIL2A_20190516T063639_R120_T40QFM_20201006T145732_0000.jpg,S2B_MSIL2A_20190516T063639_R120_T40QFM_20201006T145732,0,2019-05,T40QFM,0.2789968165950316,0,0.7593347463562558
S2B_MSIL2A_20190516T063639_R120_T40QFM_20201006T145732_0001.jpg,S2B_MSIL2A_20190516T063639_R120_T40QFM_20201006T145732,0,2019-05,T40QFM,0.2789968165950316,0,0.7593347463562558
S2A_MSIL2A_20190610T063631_R120_T40QFM_20201006T002059_0000.jpg,S2A_MSIL2A_20190610T063631_R120_T40QFM_20201006T002059,1,2019-06,T40QFM,0.862187280196829,1,0.7593347463562558
S2A_MSIL2A_20190610T063631_R120_T40QFM_20201006T002059_0001.jpg,S2A_MSIL2A_20190610T063631_R120_T40QFM_20201006T002059,1,2019-06,T40QFM,0.862187280196829,1,0.7593347463562558
S2A_MSIL2A_20190620T063631_R120_T40QFM_20201006T042636_0000.jpg,S2A_MSIL2A_20190620T063631_R120_T40QFM_20201006T042636,1,2019-06,T40QFM,0.8996709502216964,1,0.7593347463562558
S2A_MSIL2A_20190620T063631_R120_T40QFM_20201006T042636_0001.jpg,S2A_MSIL2A_20190620T063631_R120_T40QFM_20201006T042636,1,2019-06,T40QFM,0.8996709502216964,1,0.7593347463562558
S2B_MSIL2A_20190625T063639_R120_T40QFM_20201006T061706_0000.jpg,S2B_MSIL2A_20190625T063639_R120_T40QFM_20201006T061706,1,2019-06,T40QFM,0.9159366960345738,1,0.7593347463562558
S2B_MSIL2A_20190625T063639_R120_T40QFM_20201006T061706_0001.jpg,S2B_MSIL2A_20190625T063639_R120_T40QFM_20201006T061706,1,2019-06,T40QFM,0.9159366960345738,1,0.7593347463562558
S2B_MSIL2A_20190715T063639_R120_T40QFM_20201005T143128_0000.jpg,S2B_MSIL2A_20190715T063639_R120_T40QFM_20201005T143128,1,2019-07,T40QFM,0.805888264642778,1,0.7593347463562558
S2B_MSIL2A_20190715T063639_R120_T40QFM_20201005T143128_0001.jpg,S2B_MSIL2A_20190715T063639_R120_T40QFM_20201005T143128,1,2019-07,T40QFM,0.805888264642778,1,0.7593347463562558
S2A_MSIL2A_20190720T063631_R120_T40QFM_20201005T164749_0000.jpg,S2A_MSIL2A_20190720T063631_R120_T40QFM_20201005T164749,0,2019-07,T40QFM,0.12425590989263251,0,0.7593347463562558
S2A_MSIL2A_20190720T063631_R120_T40QFM_20201005T164749_0001.jpg,S2A_MSIL2A_20190720T063631_R120_T40QFM_20201005T164749,0,2019-07,T40QFM,0.12425590989263251,0,0.7593347463562558
S2B_MSIL2A_20190814T063629_R120_T40QFM_20201005T002201_0000.jpg,S2B_MSIL2A_20190814T063629_R120_T40QFM_20201005T002201,1,2019-08,T40QFM,0.8740731208196225,1,0.7593347463562558
S2B_MSIL2A_20190814T063629_R120_T40QFM_20201005T002201_0001.jpg,S2B_MSIL2A_20190814T063629_R120_T40QFM_20201005T002201,1,2019-08,T40QFM,0.8740731208196225,1,0.7593347463562558
S2B_MSIL2A_20190824T063629_R120_T40QFM_20201005T042221_0000.jpg,S2B_MSIL2A_20190824T063629_R120_T40QFM_20201005T042221,0,2019-08,T40QFM,0.2412189616266932,0,0.7593347463562558
S2B_MSIL2A_20190824T063629_R120_T40QFM_20201005T042221_0001.jpg,S2B_MSIL2A_20190824T063629_R120_T40QFM_20201005T042221,0,2019-08,T40QFM,0.2412189616266932,0,0.7593347463562558
S2B_MSIL2A_20190903T063629_R120_T40QFM_20201004T085303_0000.jpg,S2B_MSIL2A_20190903T063629_R120_T40QFM_20201004T085303,1,2019-09,T40QFM,0.9391880567073245,1,0.7593347463562558
S2B_MSIL2A_20190903T063629_R120_T40QFM_20201004T085303_0001.jpg,S2B_MSIL2A_20190903T063629_R120_T40QFM_20201004T085303,1,2019-09,T40QFM,0.9391880567073245,1,0.7593347463562558
S2B_MSIL2A_20190913T063629_R120_T40QFM_20201004T124506_0000.jpg,S2B_MSIL2A_20190913T063629_R120_T40QFM_20201004T124506,0,2019-09,T40QFM,0.024969310052756686,0,0.7593347463562558
S2B_MSIL2A_20190913T063629_R120_T40QFM_20201004T124506_0001.jpg,S2B_MSIL2A_20190913T063629_R120_T40QFM_20201004T124506,0,2019-09,T40QFM,0.024969310052756686,0,0.7593347463562558
S2A_MSIL2A_20190928T063631_R120_T40QFM_20201004T175744_0000.jpg,S2A_MSIL2A_20190928T063631_R120_T40QFM_20201004T175744,0,2019-09,T40QFM,0.017248198524411406,0,0.7593347463562558
S2A_MSIL2A_20190928T063631_R120_T40QFM_20201004T175744_0001.jpg,S2A_MSIL2A_20190928T063631_R120_T40QFM_20201004T175744,0,2019-09,T40QFM,0.017248198524411406,0,0.7593347463562558
S2B_MSIL2A_20191003T063709_R120_T40QFM_20201003T221213_0000.jpg,S2B_MSIL2A_20191003T063709_R120_T40QFM_20201003T221213,1,2019-10,T40QFM,0.8503948010335038,1,0.7593347463562558
S2B_MSIL2A_20191003T063709_R120_T40QFM_20201003T221213_0001.jpg,S2B_MSIL2A_20191003T063709_R120_T40QFM_20201003T221213,1,2019-10,T40QFM,0.8503948010335038,1,0.7593347463562558
S2A_MSIL2A_20191018T063851_R120_T40QFM_20201004T033421_0000.jpg,S2A_MSIL2A_20191018T063851_R120_T40QFM_20201004T033421,0,2019-10,T40QFM,0.010832467921851883,0,0.7593347463562558
S2A_MSIL2A_20191018T063851_R120_T40QFM_20201004T033421_0001.jpg,S2A_MSIL2A_20191018T063851_R120_T40QFM_20201004T033421,0,2019-10,T40QFM,0.010832467921851883,0,0.7593347463562558
S2A_MSIL2A_20191107T064051_R120_T40QFM_20201106T055528_0000.jpg,S2A_MSIL2A_20191107T064051_R120_T40QFM_20201106T055528,0,2019-11,T40QFM,0.11943295762512726,0,0.7593347463562558
S2A_MSIL2A_20191107T064051_R120_T40QFM_20201106T055528_0001.jpg,S2A_MSIL2A_20191107T064051_R120_T40QFM_20201106T055528,0,2019-11,T40QFM,0.11943295762512726,0,0.7593347463562558
S2A_MSIL2A_20191127T064221_R120_T40QFM_20201003T200811_0000.jpg,S2A_MSIL2A_20191127T064221_R120_T40QFM_20201003T200811,0,2019-11,T40QFM,0.252372487446369,0,0.7593347463562558
S2A_MSIL2A_20191127T064221_R120_T40QFM_20201003T200811_0001.jpg,S2A_MSIL2A_20191127T064221_R120_T40QFM_20201003T200811,0,2019-11,T40QFM,0.252372487446369,0,0.7593347463562558
S2B_MSIL2A_20191202T064229_R120_T40QFM_20201030T204137_0000.jpg,S2B_MSIL2A_20191202T064229_R120_T40QFM_20201030T204137,1,2019-12,T40QFM,0.736813703299552,0,0.7593347463562558
S2B_MSIL2A_20191202T064229_R120_T40QFM_20201030T204137_0001.jpg,S2B_MSIL2A_20191202T064229_R120_T40QFM_20201030T204137,1,2019-12,T40QFM,0.736813703299552,0,0.7593347463562558
S2B_MSIL2A_20191212T064249_R120_T40QFM_20201003T040419_0000.jpg,S2B_MSIL2A_20191212T064249_R120_T40QFM_20201003T040419,0,2019-12,T40QFM,0.3452017187872878,0,0.7593347463562558
S2B_MSIL2A_20191212T064249_R120_T40QFM_20201003T040419_0001.jpg,S2B_MSIL2A_20191212T064249_R120_T40QFM_20201003T040419,0,2019-12,T40QFM,0.3452017187872878,0,0.7593347463562558
S2B_MSIL2A_20191222T064259_R120_T40QFM_20201003T081853_0000.jpg,S2B_MSIL2A_20191222T064259_R120_T40QFM_20201003T081853,0,2019-12,T40QFM,0.08238660485976268,0,0.7593347463562558
S2B_MSIL2A_20191222T064259_R120_T40QFM_20201003T081853_0001.jpg,S2B_MSIL2A_20191222T064259_R120_T40QFM_20201003T081853,0,2019-12,T40QFM,0.08238660485976268,0,0.7593347463562558
S2A_MSIL2A_20191227T064301_R120_T40QFM_20201003T100621_0000.jpg,S2A_MSIL2A_20191227T064301_R120_T40QFM_20201003T100621,0,2019-12,T40QFM,0.15179442029666187,0,0.7593347463562558
S2A_MSIL2A_20191227T064301_R120_T40QFM_20201003T100621_0001.jpg,S2A_MSIL2A_20191227T064301_R120_T40QFM_20201003T100621,0,2019-12,T40QFM,0.15179442029666187,0,0.7593347463562558
S2A_MSIL2A_20200106T064241_R120_T40QFM_20201002T233226_0000.jpg,S2A_MSIL2A_20200106T064241_R120_T40QFM_20201002T233226,0,2020-01,T40QFM,0.08330739741878436,0,0.7593347463562558
S2A_MSIL2A_20200106T064241_R120_T40QFM_20201002T233226_0001.jpg,S2A_MSIL2A_20200106T064241_R120_T40QFM_20201002T233226,0,2020-01,T40QFM,0.08330739741878436,0,0.7593347463562558
S2B_MSIL2A_20200121T064159_R120_T40QFM_20201002T040351_0000.jpg,S2B_MSIL2A_20200121T064159_R120_T40QFM_20201002T040351,1,2020-01,T40QFM,0.8430275722428141,1,0.7593347463562558
S2B_MSIL2A_20200121T064159_R120_T40QFM_20201002T040351_0001.jpg,S2B_MSIL2A_20200121T064159_R120_T40QFM_20201002T040351,1,2020-01,T40QFM,0.8430275722428141,1,0.7593347463562558
S2B_MSIL2A_20200131T064109_R120_T40QFM_20201002T163044_0000.jpg,S2B_MSIL2A_20200131T064109_R120_T40QFM_20201002T163044,0,2020-01,T40QFM,0.013721976497909953,0,0.7593347463562558
S2B_MSIL2A_20200131T064109_R120_T40QFM_20201002T163044_0001.jpg,S2B_MSIL2A_20200131T064109_R120_T40QFM_20201002T163044,0,2020-01,T40QFM,0.013721976497909953,0,0.7593347463562558
S2A_MSIL2A_20200205T064041_R120_T40QFM_20200930T214249_0000.jpg,S2A_MSIL2A_20200205T064041_R120_T40QFM_20200930T214249,1,2020-02,T40QFM,0.7012558401877005,0,0.7593347463562558
S2A_MSIL2A_20200205T064041_R120_T40QFM_20200930T214249_0001.jpg,S2A_MSIL2A_20200205T064041_R120_T40QFM_20200930T214249,1,2020-02,T40QFM,0.7012558401877005,0,0.7593347463562558
S2B_MSIL2A_20200210T064019_R120_T40QFM_20201001T152442_0000.jpg,S2B_MSIL2A_20200210T064019_R120_T40QFM_20201001T152442,0,2020-02,T40QFM,0.008305565352246367,0,0.7593347463562558
S2B_MSIL2A_20200210T064019_R120_T40QFM_20201001T152442_0001.jpg,S2B_MSIL2A_20200210T064019_R120_T40QFM_20201001T152442,0,2020-02,T40QFM,0.008305565352246367,0,0.7593347463562558
S2B_MSIL2A_20200301T063809_R120_T40QFM_20200925T231049_0000.jpg,S2B_MSIL2A_20200301T063809_R120_T40QFM_20200925T231049,0,2020-03,T40QFM,0.6731313354724286,0,0.7593347463562558
S2B_MSIL2A_20200301T063809_R120_T40QFM_20200925T231049_0001.jpg,S2B_MSIL2A_20200301T063809_R120_T40QFM_20200925T231049,0,2020-03,T40QFM,0.6731313354724286,0,0.7593347463562558
S2B_MSIL2A_20200311T063649_R120_T40QFM_20201005T164243_0000.jpg,S2B_MSIL2A_20200311T063649_R120_T40QFM_20201005T164243,1,2020-03,T40QFM,0.8013956048422428,1,0.7593347463562558
S2B_MSIL2A_20200311T063649_R120_T40QFM_20201005T164243_0001.jpg,S2B_MSIL2A_20200311T063649_R120_T40QFM_20201005T164243,1,2020-03,T40QFM,0.8013956048422428,1,0.7593347463562558
S2B_MSIL2A_20200331T063629_R120_T40QFM_20201022T153445_0000.jpg,S2B_MSIL2A_20200331T063629_R120_T40QFM_20201022T153445,0,2020-03,T40QFM,0.014876862574444245,0,0.7593347463562558
S2B_MSIL2A_20200331T063629_R120_T40QFM_20201022T153445_0001.jpg,S2B_MSIL2A_20200331T063629_R120_T40QFM_20201022T153445,0,2020-03,T40QFM,0.014876862574444245,0,0.7593347463562558
S2A_MSIL2A_20200405T063621_R120_T40QFM_20200925T015236_0000.jpg,S2A_MSIL2A_20200405T063621_R120_T40QFM_20200925T015236,0,2020-04,T40QFM,0.21765540702499958,0,0.7593347463562558
S2A_MSIL2A_20200405T063621_R120_T40QFM_20200925T015236_0001.jpg,S2A_MSIL2A_20200405T063621_R120_T40QFM_20200925T015236,0,2020-04,T40QFM,0.21765540702499958,0,0.7593347463562558
S2B_MSIL2A_20200410T063619_R120_T40QFM_20200925T195159_0000.jpg,S2B_MSIL2A_20200410T063619_R120_T40QFM_20200925T195159,0,2020-04,T40QFM,0.1281098898124995,0,0.7593347463562558
S2B_MSIL2A_20200410T063619_R120_T40QFM_20200925T195159_0001.jpg,S2B_MSIL2A_20200410T063619_R120_T40QFM_20200925T195159,0,2020-04,T40QFM,0.1281098898124995,0,0.7593347463562558
S2B_MSIL2A_20200420T063619_R120_T40QFM_20200924T081202_0000.jpg,S2B_MSIL2A_20200420T063619_R120_T40QFM_20200924T081202,0,2020-04,T40QFM,0.05728578535880301,0,0.7593347463562558
S2B_MSIL2A_20200420T063619_R120_T40QFM_20200924T081202_0001.jpg,S2B_MSIL2A_20200420T063619_R120_T40QFM_20200924T081202,0,2020-04,T40QFM,0.05728578535880301,0,0.7593347463562558
S2A_MSIL2A_20200425T063631_R120_T40QFM_20200922T002530_0000.jpg,S2A_MSIL2A_20200425T063631_R120_T40QFM_20200922T002530,1,2020-04,T40QFM,0.8392687574287283,1,0.7593347463562558
S2A_MSIL2A_20200425T063631_R120_T40QFM_20200922T002530_0001.jpg,S2A_MSIL2A_20200425T063631_R120_T40QFM_20200922T002530,1,2020-04,T40QFM,0.8392687574287283,1,0.7593347463562558
S2A_MSIL2A_20200505T063631_R120_T40QFM_20200920T135246_0000.jpg,S2A_MSIL2A_20200505T063631_R120_T40QFM_20200920T135246,0,2020-05,T40QFM,0.239701982525201,0,0.7593347463562558
S2A_MSIL2A_20200505T063631_R120_T40QFM_20200920T135246_0001.jpg,S2A_MSIL2A_20200505T063631_R120_T40QFM_20200920T135246,0,2020-05,T40QFM,0.239701982525201,0,0.7593347463562558
S2A_MSIL2A_20200515T063631_R120_T40QFM_20200918T063232_0000.jpg,S2A_MSIL2A_20200515T063631_R120_T40QFM_20200918T063232,0,2020-05,T40QFM,0.13240362553413834,0,0.7593347463562558
S2A_MSIL2A_20200515T063631_R120_T40QFM_20200918T063232_0001.jpg,S2A_MSIL2A_20200515T063631_R120_T40QFM_20200918T063232,0,2020-05,T40QFM,0.13240362553413834,0,0.7593347463562558
S2A_MSIL2A_20200604T063631_R120_T40QFM_20200908T231946_0000.jpg,S2A_MSIL2A_20200604T063631_R120_T40QFM_20200908T231946,0,2020-06,T40QFM,0.01726640967323575,0,0.7593347463562558
S2A_MSIL2A_20200604T063631_R120_T40QFM_20200908T231946_0001.jpg,S2A_MSIL2A_20200604T063631_R120_T40QFM_20200908T231946,0,2020-06,T40QFM,0.01726640967323575,0,0.7593347463562558
S2B_MSIL2A_20200609T063629_R120_T40QFM_20200826T182918_0000.jpg,S2B_MSIL2A_20200609T063629_R120_T40QFM_20200826T182918,0,2020-06,T40QFM,0.5569536908956858,0,0.7593347463562558
S2B_MSIL2A_20200609T063629_R120_T40QFM_20200826T182918_0001.jpg,S2B_MSIL2A_20200609T063629_R120_T40QFM_20200826T182918,0,2020-06,T40QFM,0.5569536908956858,0,0.7593347463562558
S2A_MSIL2A_20200624T063631_R120_T40QFM_20200823T214846_0000.jpg,S2A_MSIL2A_20200624T063631_R120_T40QFM_20200823T214846,0,2020-06,T40QFM,0.38183482995807183,0,0.7593347463562558
S2A_MSIL2A_20200624T063631_R120_T40QFM_20200823T214846_0001.jpg,S2A_MSIL2A_20200624T063631_R120_T40QFM_20200823T214846,0,2020-06,T40QFM,0.38183482995807183,0,0.7593347463562558
S2A_MSIL2A_20200714T063631_R120_T40QFM_20200913T031806_0000.jpg,S2A_MSIL2A_20200714T063631_R120_T40QFM_20200913T031806,0,2020-07,T40QFM,0.09605625184198187,0,0.7593347463562558
S2A_MSIL2A_20200714T063631_R120_T40QFM_20200913T031806_0001.jpg,S2A_MSIL2A_20200714T063631_R120_T40QFM_20200913T031806,0,2020-07,T40QFM,0.09605625184198187,0,0.7593347463562558
S2A_MSIL2A_20200724T063631_R120_T40QFM_20200817T081946_0000.jpg,S2A_MSIL2A_20200724T063631_R120_T40QFM_20200817T081946,0,2020-07,T40QFM,0.01126677891199582,0,0.7593347463562558
S2A_MSIL2A_20200724T063631_R120_T40QFM_20200817T081946_0001.jpg,S2A_MSIL2A_20200724T063631_R120_T40QFM_20200817T081946,0,2020-07,T40QFM,0.01126677891199582,0,0.7593347463562558
S2B_MSIL2A_20200729T063629_R120_T40QFM_20200818T011759_0000.jpg,S2B_MSIL2A_20200729T063629_R120_T40QFM_20200818T011759,1,2020-07,T40QFM,0.9540437705447555,1,0.7593347463562558
S2B_MSIL2A_20200729T063629_R120_T40QFM_20200818T011759_0001.jpg,S2B_MSIL2A_20200729T063629_R120_T40QFM_20200818T011759,1,2020-07,T40QFM,0.9540437705447555,1,0.7593347463562558
S2A_MSIL2A_20200813T063631_R120_T40QFM_20200815T004711_0000.jpg,S2A_MSIL2A_20200813T063631_R120_T40QFM_20200815T004711,1,2020-08,T40QFM,0.9495440111520962,1,0.7593347463562558
S2A_MSIL2A_20200813T063631_R120_T40QFM_20200815T004711_0001.jpg,S2A_MSIL2A_20200813T063631_R120_T40QFM_20200815T004711,1,2020-08,T40QFM,0.9495440111520962,1,0.7593347463562558
S2B_MSIL2A_20200828T063629_R120_T40QFM_20200907T130616_0000.jpg,S2B_MSIL2A_20200828T063629_R120_T40QFM_20200907T130616,0,2020-08,T40QFM,0.029086434497933026,0,0.7593347463562558
S2B_MSIL2A_20200828T063629_R120_T40QFM_20200907T130616_0001.jpg,S2B_MSIL2A_20200828T063629_R120_T40QFM_20200907T130616,0,2020-08,T40QFM,0.029086434497933026,0,0.7593347463562558
S2B_MSIL2A_20200907T063629_R120_T40QFM_20200911T185901_0000.jpg,S2B_MSIL2A_20200907T063629_R120_T40QFM_20200911T185901,0,2020-09,T40QFM,0.02156395477672539,0,0.7593347463562558
S2B_MSIL2A_20200907T063629_R120_T40QFM_20200911T185901_0001.jpg,S2B_MSIL2A_20200907T063629_R120_T40QFM_20200911T185901,0,2020-09,T40QFM,0.02156395477672539,0,0.7593347463562558
S2A_MSIL2A_20200912T063631_R120_T40QFM_20200918T140400_0000.jpg,S2A_MSIL2A_20200912T063631_R120_T40QFM_20200918T140400,0,2020-09,T40QFM,0.017045114311196995,0,0.7593347463562558
S2A_MSIL2A_20200912T063631_R120_T40QFM_20200918T140400_0001.jpg,S2A_MSIL2A_20200912T063631_R120_T40QFM_20200918T140400,0,2020-09,T40QFM,0.017045114311196995,0,0.7593347463562558
S2B_MSIL2A_20200917T063629_R120_T40QFM_20200921T070854_0000.jpg,S2B_MSIL2A_20200917T063629_R120_T40QFM_20200921T070854,0,2020-09,T40QFM,0.2548831354223209,0,0.7593347463562558
S2B_MSIL2A_20200917T063629_R120_T40QFM_20200921T070854_0001.jpg,S2B_MSIL2A_20200917T063629_R120_T40QFM_20200921T070854,0,2020-09,T40QFM,0.2548831354223209,0,0.7593347463562558
S2B_MSIL2A_20200927T063639_R120_T40QFM_20200929T042445_0000.jpg,S2B_MSIL2A_20200927T063639_R120_T40QFM_20200929T042445,0,2020-09,T40QFM,0.6463056324506231,0,0.7593347463562558
S2B_MSIL2A_20200927T063639_R120_T40QFM_20200929T042445_0001.jpg,S2B_MSIL2A_20200927T063639_R120_T40QFM_20200929T042445,0,2020-09,T40QFM,0.6463056324506231,0,0.7593347463562558
S2B_MSIL2A_20201007T063749_R120_T40QFM_20201010T082504_0000.jpg,S2B_MSIL2A_20201007T063749_R120_T40QFM_20201010T082504,0,2020-10,T40QFM,0.21481842538252682,0,0.7593347463562558
S2B_MSIL2A_20201007T063749_R120_T40QFM_20201010T082504_0001.jpg,S2B_MSIL2A_20201007T063749_R120_T40QFM_20201010T082504,0,2020-10,T40QFM,0.21481842538252682,0,0.7593347463562558
S2A_MSIL2A_20201012T063821_R120_T40QFM_20201014T110847_0000.jpg,S2A_MSIL2A_20201012T063821_R120_T40QFM_20201014T110847,0,2020-10,T40QFM,0.22636510984530978,0,0.7593347463562558
S2A_MSIL2A_20201012T063821_R120_T40QFM_20201014T110847_0001.jpg,S2A_MSIL2A_20201012T063821_R120_T40QFM_20201014T110847,0,2020-10,T40QFM,0.22636510984530978,0,0.7593347463562558
S2B_MSIL2A_20201017T063849_R120_T40QFM_20201027T140630_0000.jpg,S2B_MSIL2A_20201017T063849_R120_T40QFM_20201027T140630,0,2020-10,T40QFM,0.009602950647930797,0,0.7593347463562558
S2B_MSIL2A_20201017T063849_R120_T40QFM_20201027T140630_0001.jpg,S2B_MSIL2A_20201017T063849_R120_T40QFM_20201027T140630,0,2020-10,T40QFM,0.009602950647930797,0,0.7593347463562558
S2A_MSIL2A_20201101T064031_R120_T40QFM_20201103T222817_0000.jpg,S2A_MSIL2A_20201101T064031_R120_T40QFM_20201103T222817,0,2020-11,T40QFM,0.051537495336195026,0,0.7593347463562558
S2A_MSIL2A_20201101T064031_R120_T40QFM_20201103T222817_0001.jpg,S2A_MSIL2A_20201101T064031_R120_T40QFM_20201103T222817,0,2020-11,T40QFM,0.051537495336195026,0,0.7593347463562558
S2A_MSIL2A_20201111T064121_R120_T40QFM_20201113T141747_0000.jpg,S2A_MSIL2A_20201111T064121_R120_T40QFM_20201113T141747,0,2020-11,T40QFM,0.07240560840019791,0,0.7593347463562558
S2A_MSIL2A_20201111T064121_R120_T40QFM_20201113T141747_0001.jpg,S2A_MSIL2A_20201111T064121_R120_T40QFM_20201113T141747,0,2020-11,T40QFM,0.07240560840019791,0,0.7593347463562558
S2B_MSIL2A_20201126T064219_R120_T40QFM_20201127T061815_0000.jpg,S2B_MSIL2A_20201126T064219_R120_T40QFM_20201127T061815,0,2020-11,T40QFM,0.2623561150015828,0,0.7593347463562558
S2B_MSIL2A_20201126T064219_R120_T40QFM_20201127T061815_0001.jpg,S2B_MSIL2A_20201126T064219_R120_T40QFM_20201127T061815,0,2020-11,T40QFM,0.2623561150015828,0,0.7593347463562558
S2A_MSIL2A_20201201T064231_R120_T40QFM_20210114T000138_0000.jpg,S2A_MSIL2A_20201201T064231_R120_T40QFM_20210114T000138,0,2020-12,T40QFM,0.01913954785653248,0,0.7593347463562558
S2A_MSIL2A_20201201T064231_R120_T40QFM_20210114T000138_0001.jpg,S2A_MSIL2A_20201201T064231_R120_T40QFM_20210114T000138,0,2020-12,T40QFM,0.01913954785653248,0,0.7593347463562558
S2B_MSIL2A_20201216T064259_R120_T40QFM_20201216T224403_0000.jpg,S2B_MSIL2A_20201216T064259_R120_T40QFM_20201216T224403,0,2020-12,T40QFM,0.1517285774818157,0,0.7593347463562558
S2B_MSIL2A_20201216T064259_R120_T40QFM_20201216T224403_0001.jpg,S2B_MSIL2A_20201216T064259_R120_T40QFM_20201216T224403,0,2020-12,T40QFM,0.1517285774818157,0,0.7593347463562558
S2A_MSIL2A_20201231T064301_R120_T40QFM_20210104T124741_0000.jpg,S2A_MSIL2A_20201231T064301_R120_T40QFM_20210104T124741,0,2020-12,T40QFM,0.41644996116415167,0,0.7593347463562558
S2A_MSIL2A_20201231T064301_R120_T40QFM_20210104T124741_0001.jpg,S2A_MSIL2A_20201231T064301_R120_T40QFM_20210104T124741,0,2020-12,T40QFM,0.41644996116415167,0,0.7593347463562558
S2A_MSIL2A_20210110T064241_R120_T40QFM_20210111T000640_0000.jpg,S2A_MSIL2A_20210110T064241_R120_T40QFM_20210111T000640,1,2021-01,T40QFM,0.9444450741779084,1,0.7593347463562558
S2A_MSIL2A_20210110T064241_R120_T40QFM_20210111T000640_0001.jpg,S2A_MSIL2A_20210110T064241_R120_T40QFM_20210111T000640,1,2021-01,T40QFM,0.9444450741779084,1,0.7593347463562558
S2A_MSIL2A_20210130T064121_R120_T40QFM_20210130T202726_0000.jpg,S2A_MSIL2A_20210130T064121_R120_T40QFM_20210130T202726,0,2021-01,T40QFM,0.004443471162478443,0,0.7593347463562558
S2A_MSIL2A_20210130T064121_R120_T40QFM_20210130T202726_0001.jpg,S2A_MSIL2A_20210130T064121_R120_T40QFM_20210130T202726,0,2021-01,T40QFM,0.004443471162478443,0,0.7593347463562558
S2B_MSIL2A_20210204T064049_R120_T40QFM_20210204T224213_0000.jpg,S2B_MSIL2A_20210204T064049_R120_T40QFM_20210204T224213,0,2021-02,T40QFM,0.3767236058908103,0,0.7593347463562558
S2B_MSIL2A_20210204T064049_R120_T40QFM_20210204T224213_0001.jpg,S2B_MSIL2A_20210204T064049_R120_T40QFM_20210204T224213,0,2021-02,T40QFM,0.3767236058908103,0,0.7593347463562558
S2B_MSIL2A_20210224T063839_R120_T40QFM_20210224T191634_0000.jpg,S2B_MSIL2A_20210224T063839_R120_T40QFM_20210224T191634,0,2021-02,T40QFM,0.017014249024701507,0,0.7593347463562558
S2B_MSIL2A_20210224T063839_R120_T40QFM_20210224T191634_0001.jpg,S2B_MSIL2A_20210224T063839_R120_T40QFM_20210224T191634,0,2021-02,T40QFM,0.017014249024701507,0,0.7593347463562558
S2B_MSIL2A_20210306T063729_R120_T40QFM_20210307T013550_0000.jpg,S2B_MSIL2A_20210306T063729_R120_T40QFM_20210307T013550,1,2021-03,T40QFM,0.9143310510596396,1,0.7593347463562558
S2B_MSIL2A_20210306T063729_R120_T40QFM_20210307T013550_0001.jpg,S2B_MSIL2A_20210306T063729_R120_T40QFM_20210307T013550,1,2021-03,T40QFM,0.9143310510596396,1,0.7593347463562558
S2A_MSIL2A_20210311T063701_R120_T40QFM_20210311T224941_0000.jpg,S2A_MSIL2A_20210311T063701_R120_T40QFM_20210311T224941,1,2021-03,T40QFM,0.9509166425054256,1,0.7593347463562558
S2A_MSIL2A_20210311T063701_R120_T40QFM_20210311T224941_0001.jpg,S2A_MSIL2A_20210311T063701_R120_T40QFM_20210311T224941,1,2021-03,T40QFM,0.9509166425054256,1,0.7593347463562558
S2A_MSIL2A_20210331T063621_R120_T40QFM_20210401T174842_0000.jpg,S2A_MSIL2A_20210331T063621_R120_T40QFM_20210401T174842,0,2021-03,T40QFM,0.01463796447658872,0,0.7593347463562558
S2A_MSIL2A_20210331T063621_R120_T40QFM_20210401T174842_0001.jpg,S2A_MSIL2A_20210331T063621_R120_T40QFM_20210401T174842,0,2021-03,T40QFM,0.01463796447658872,0,0.7593347463562558
S2B_MSIL2A_20210405T063629_R120_T40QFM_20210405T191514_0000.jpg,S2B_MSIL2A_20210405T063629_R120_T40QFM_20210405T191514,1,2021-04,T40QFM,0.8449981355962266,1,0.7593347463562558
S2B_MSIL2A_20210405T063629_R120_T40QFM_20210405T191514_0001.jpg,S2B_MSIL2A_20210405T063629_R120_T40QFM_20210405T191514,1,2021-04,T40QFM,0.8449981355962266,1,0.7593347463562558
S2B_MSIL2A_20210415T063619_R120_T40QFM_20210416T080916_0000.jpg,S2B_MSIL2A_20210415T063619_R120_T40QFM_20210416T080916,0,2021-04,T40QFM,0.10793545019966445,0,0.7593347463562558
S2B_MSIL2A_20210415T063619_R120_T40QFM_20210416T080916_0001.jpg,S2B_MSIL2A_20210415T063619_R120_T40QFM_20210416T080916,0,2021-04,T40QFM,0.10793545019966445,0,0.7593347463562558
S2A_MSIL2A_20210420T063621_R120_T40QFM_20210421T164155_0000.jpg,S2A_MSIL2A_20210420T063621_R120_T40QFM_20210421T164155,0,2021-04,T40QFM,0.09441887031502873,0,0.7593347463562558
S2A_MSIL2A_20210420T063621_R120_T40QFM_20210421T164155_0001.jpg,S2A_MSIL2A_20210420T063621_R120_T40QFM_20210421T164155,0,2021-04,T40QFM,0.09441887031502873,0,0.7593347463562558
S2B_MSIL2A_20210425T063619_R120_T40QFM_20210426T050414_0000.jpg,S2B_MSIL2A_20210425T063619_R120_T40QFM_20210426T050414,0,2021-04,T40QFM,0.04931660789371051,0,0.7593347463562558
S2B_MSIL2A_20210425T063619_R120_T40QFM_20210426T050414_0001.jpg,S2B_MSIL2A_20210425T063619_R120_T40QFM_20210426T050414,0,2021-04,T40QFM,0.04931660789371051,0,0.7593347463562558
S2B_MSIL2A_20210505T063629_R120_T40QFM_20210611T033410_0000.jpg,S2B_MSIL2A_20210505T063629_R120_T40QFM_20210611T033410,0,2021-05,T40QFM,0.019387634184259234,0,0.7593347463562558
S2B_MSIL2A_20210505T063629_R120_T40QFM_20210611T033410_0001.jpg,S2B_MSIL2A_20210505T063629_R120_T40QFM_20210611T033410,0,2021-05,T40QFM,0.019387634184259234,0,0.7593347463562558
S2A_MSIL2A_20210510T063631_R120_T40QFM_20210511T051711_0000.jpg,S2A_MSIL2A_20210510T063631_R120_T40QFM_20210511T051711,0,2021-05,T40QFM,0.17495334664483442,0,0.7593347463562558
S2A_MSIL2A_20210510T063631_R120_T40QFM_20210511T051711_0001.jpg,S2A_MSIL2A_20210510T063631_R120_T40QFM_20210511T051711,0,2021-05,T40QFM,0.17495334664483442,0,0.7593347463562558
S2A_MSIL2A_20210520T063631_R120_T40QFM_20210521T083536_0000.jpg,S2A_MSIL2A_20210520T063631_R120_T40QFM_20210521T083536,0,2021-05,T40QFM,0.09074564533652958,0,0.7593347463562558
S2A_MSIL2A_20210520T063631_R120_T40QFM_20210521T083536_0001.jpg,S2A_MSIL2A_20210520T063631_R120_T40QFM_20210521T083536,0,2021-05,T40QFM,0.09074564533652958,0,0.7593347463562558
S2B_MSIL2A_20210525T063629_R120_T40QFM_20210525T210348_0000.jpg,S2B_MSIL2A_20210525T063629_R120_T40QFM_20210525T210348,0,2021-05,T40QFM,0.457293946019724,0,0.7593347463562558
S2B_MSIL2A_20210525T063629_R120_T40QFM_20210525T210348_0001.jpg,S2B_MSIL2A_20210525T063629_R120_T40QFM_20210525T210348,0,2021-05,T40QFM,0.457293946019724,0,0.7593347463562558
S2B_MSIL2A_20210604T063629_R120_T40QFM_20210604T232437_0000.jpg,S2B_MSIL2A_20210604T063629_R120_T40QFM_20210604T232437,0,2021-06,T40QFM,0.17305852335526561,0,0.7593347463562558
S2B_MSIL2A_20210604T063629_R120_T40QFM_20210604T232437_0001.jpg,S2B_MSIL2A_20210604T063629_R120_T40QFM_20210604T232437,0,2021-06,T40QFM,0.17305852335526561,0,0.7593347463562558
S2B_MSIL2A_20210614T063629_R120_T40QFM_20210615T105306_0000.jpg,S2B_MSIL2A_20210614T063629_R120_T40QFM_20210615T105306,1,2021-06,T40QFM,0.8329714112004107,1,0.7593347463562558
S2B_MSIL2A_20210614T063629_R120_T40QFM_20210615T105306_0001.jpg,S2B_MSIL2A_20210614T063629_R120_T40QFM_20210615T105306,1,2021-06,T40QFM,0.8329714112004107,1,0.7593347463562558
S2B_MSIL2A_20210624T063629_R120_T40QFM_20210626T044357_0000.jpg,S2B_MSIL2A_20210624T063629_R120_T40QFM_20210626T044357,0,2021-06,T40QFM,0.016687144920123655,0,0.7593347463562558
S2B_MSIL2A_20210624T063629_R120_T40QFM_20210626T044357_0001.jpg,S2B_MSIL2A_20210624T063629_R120_T40QFM_20210626T044357,0,2021-06,T40QFM,0.016687144920123655,0,0.7593347463562558
S2A_MSIL2A_20210629T063631_R120_T40QFM_20210630T130113_0000.jpg,S2A_MSIL2A_20210629T063631_R120_T40QFM_20210630T130113,0,2021-06,T40QFM,0.29141695501232484,0,0.7593347463562558
S2A_MSIL2A_20210629T063631_R120_T40QFM_20210630T130113_0001.jpg,S2A_MSIL2A_20210629T063631_R120_T40QFM_20210630T130113,0,2021-06,T40QFM,0.29141695501232484,0,0.7593347463562558
S2B_MSIL2A_20210704T063629_R120_T40QFM_20210704T182853_0000.jpg,S2B_MSIL2A_20210704T063629_R120_T40QFM_20210704T182853,1,2021-07,T40QFM,0.6094453560676426,0,0.7593347463562558
S2B_MSIL2A_20210704T063629_R120_T40QFM_20210704T182853_0001.jpg,S2B_MSIL2A_20210704T063629_R120_T40QFM_20210704T182853,1,2021-07,T40QFM,0.6094453560676426,0,0.7593347463562558
S2A_MSIL2A_20210729T063631_R120_T40QFM_20210803T224545_0000.jpg,S2A_MSIL2A_20210729T063631_R120_T40QFM_20210803T224545,1,2021-07,T40QFM,0.8969728352618049,1,0.7593347463562558
S2A_MSIL2A_20210729T063631_R120_T40QFM_20210803T224545_0001.jpg,S2A_MSIL2A_20210729T063631_R120_T40QFM_20210803T224545,1,2021-07,T40QFM,0.8969728352618049,1,0.7593347463562558
S2B_MSIL2A_20210803T063629_R120_T40QFM_20210803T203554_0000.jpg,S2B_MSIL2A_20210803T063629_R120_T40QFM_20210803T203554,1,2021-08,T40QFM,0.7185233490384432,0,0.7593347463562558
S2B_MSIL2A_20210803T063629_R120_T40QFM_20210803T203554_0001.jpg,S2B_MSIL2A_20210803T063629_R120_T40QFM_20210803T203554,1,2021-08,T40QFM,0.7185233490384432,0,0.7593347463562558
S2B_MSIL2A_20210813T063629_R120_T40QFM_20210813T174733_0000.jpg,S2B_MSIL2A_20210813T063629_R120_T40QFM_20210813T174733,1,2021-08,T40QFM,0.763540925807144,1,0.7593347463562558
S2B_MSIL2A_20210813T063629_R120_T40QFM_20210813T174733_0001.jpg,S2B_MSIL2A_20210813T063629_R120_T40QFM_20210813T174733,1,2021-08,T40QFM,0.763540925807144,1,0.7593347463562558
S2A_MSIL2A_20210828T063631_R120_T40QFM_20210828T164957_0000.jpg,S2A_MSIL2A_20210828T063631_R120_T40QFM_20210828T164957,0,2021-08,T40QFM,0.02936462151569127,0,0.7593347463562558
S2A_MSIL2A_20210828T063631_R120_T40QFM_20210828T164957_0001.jpg,S2A_MSIL2A_20210828T063631_R120_T40QFM_20210828T164957,0,2021-08,T40QFM,0.02936462151569127,0,0.7593347463562558
S2B_MSIL2A_20210902T063619_R120_T40QFM_20210902T200944_0000.jpg,S2B_MSIL2A_20210902T063619_R120_T40QFM_20210902T200944,0,2021-09,T40QFM,0.4286932678472098,0,0.7593347463562558
S2B_MSIL2A_20210902T063619_R120_T40QFM_20210902T200944_0001.jpg,S2B_MSIL2A_20210902T063619_R120_T40QFM_20210902T200944,0,2021-09,T40QFM,0.4286932678472098,0,0.7593347463562558
S2B_MSIL2A_20210912T063619_R120_T40QFM_20210912T120623_0000.jpg,S2B_MSIL2A_20210912T063619_R120_T40QFM_20210912T120623,1,2021-09,T40QFM,0.7289579459914446,0,0.7593347463562558
S2B_MSIL2A_20210912T063619_R120_T40QFM_20210912T120623_0001.jpg,S2B_MSIL2A_20210912T063619_R120_T40QFM_20210912T120623,1,2021-09,T40QFM,0.7289579459914446,0,0.7593347463562558
S2B_MSIL2A_20210922T063629_R120_T40QFM_20210922T213701_0000.jpg,S2B_MSIL2A_20210922T063629_R120_T40QFM_20210922T213701,0,2021-09,T40QFM,0.18692451477973146,0,0.7593347463562558
S2B_MSIL2A_20210922T063629_R120_T40QFM_20210922T213701_0001.jpg,S2B_MSIL2A_20210922T063629_R120_T40QFM_20210922T213701,0,2021-09,T40QFM,0.18692451477973146,0,0.7593347463562558
S2A_MSIL2A_20210927T063631_R120_T40QFM_20210927T154532_0000.jpg,S2A_MSIL2A_20210927T063631_R120_T40QFM_20210927T154532,0,2021-09,T40QFM,0.17013539309612213,0,0.7593347463562558
S2A_MSIL2A_20210927T063631_R120_T40QFM_20210927T154532_0001.jpg,S2A_MSIL2A_20210927T063631_R120_T40QFM_20210927T154532,0,2021-09,T40QFM,0.17013539309612213,0,0.7593347463562558
S2B_MSIL2A_20211012T063819_R120_T40QFM_20211012T230020_0000.jpg,S2B_MSIL2A_20211012T063819_R120_T40QFM_20211012T230020,0,2021-10,T40QFM,0.335607841429467,0,0.7593347463562558
S2B_MSIL2A_20211012T063819_R120_T40QFM_20211012T230020_0001.jpg,S2B_MSIL2A_20211012T063819_R120_T40QFM_20211012T230020,0,2021-10,T40QFM,0.335607841429467,0,0.7593347463562558
S2A_MSIL2A_20211017T063851_R120_T40QFM_20211019T120233_0000.jpg,S2A_MSIL2A_20211017T063851_R120_T40QFM_20211019T120233,0,2021-10,T40QFM,0.13459233328259862,0,0.7593347463562558
S2A_MSIL2A_20211017T063851_R120_T40QFM_20211019T120233_0001.jpg,S2A_MSIL2A_20211017T063851_R120_T40QFM_20211019T120233,0,2021-10,T40QFM,0.13459233328259862,0,0.7593347463562558
S2A_MSIL2A_20211027T064001_R120_T40QFM_20211027T221159_0000.jpg,S2A_MSIL2A_20211027T064001_R120_T40QFM_20211027T221159,0,2021-10,T40QFM,0.0135756351173094,0,0.7593347463562558
S2A_MSIL2A_20211027T064001_R120_T40QFM_20211027T221159_0001.jpg,S2A_MSIL2A_20211027T064001_R120_T40QFM_20211027T221159,0,2021-10,T40QFM,0.0135756351173094,0,0.7593347463562558
S2A_MSIL2A_20211106T064051_R120_T40QFM_20211106T223432_0000.jpg,S2A_MSIL2A_20211106T064051_R120_T40QFM_20211106T223432,0,2021-11,T40QFM,0.17657720519427647,0,0.7593347463562558
S2A_MSIL2A_20211106T064051_R120_T40QFM_20211106T223432_0001.jpg,S2A_MSIL2A_20211106T064051_R120_T40QFM_20211106T223432,0,2021-11,T40QFM,0.17657720519427647,0,0.7593347463562558
S2A_MSIL2A_20211116T064141_R120_T40QFM_20211116T225418_0000.jpg,S2A_MSIL2A_20211116T064141_R120_T40QFM_20211116T225418,0,2021-11,T40QFM,0.013146953423125815,0,0.7593347463562558
S2A_MSIL2A_20211116T064141_R120_T40QFM_20211116T225418_0001.jpg,S2A_MSIL2A_20211116T064141_R120_T40QFM_20211116T225418,0,2021-11,T40QFM,0.013146953423125815,0,0.7593347463562558
S2B_MSIL2A_20211121T064159_R120_T40QFM_20211121T155950_0000.jpg,S2B_MSIL2A_20211121T064159_R120_T40QFM_20211121T155950,0,2021-11,T40QFM,0.034463878400088,0,0.7593347463562558
S2B_MSIL2A_20211121T064159_R120_T40QFM_20211121T155950_0001.jpg,S2B_MSIL2A_20211121T064159_R120_T40QFM_20211121T155950,0,2021-11,T40QFM,0.034463878400088,0,0.7593347463562558
S2A_MSIL2A_20211126T064221_R120_T40QFM_20211126T120704_0000.jpg,S2A_MSIL2A_20211126T064221_R120_T40QFM_20211126T120704,0,2021-11,T40QFM,0.2492849315181707,0,0.7593347463562558
S2A_MSIL2A_20211126T064221_R120_T40QFM_20211126T120704_0001.jpg,S2A_MSIL2A_20211126T064221_R120_T40QFM_20211126T120704,0,2021-11,T40QFM,0.2492849315181707,0,0.7593347463562558
S2A_MSIL2A_20211206T064241_R120_T40QFM_20211206T195704_0000.jpg,S2A_MSIL2A_20211206T064241_R120_T40QFM_20211206T195704,0,2021-12,T40QFM,0.025009863537177577,0,0.7593347463562558
S2A_MSIL2A_20211206T064241_R120_T40QFM_20211206T195704_0001.jpg,S2A_MSIL2A_20211206T064241_R120_T40QFM_20211206T195704,0,2021-12,T40QFM,0.025009863537177577,0,0.7593347463562558
S2B_MSIL2A_20211211T064249_R120_T40QFM_20211212T020754_0000.jpg,S2B_MSIL2A_20211211T064249_R120_T40QFM_20211212T020754,1,2021-12,T40QFM,0.8931118714340952,1,0.7593347463562558
S2B_MSIL2A_20211211T064249_R120_T40QFM_20211212T020754_0001.jpg,S2B_MSIL2A_20211211T064249_R120_T40QFM_20211212T020754,1,2021-12,T40QFM,0.8931118714340952,1,0.7593347463562558
S2A_MSIL2A_20220105T064251_R120_T40QFM_20220105T214651_0000.jpg,S2A_MSIL2A_20220105T064251_R120_T40QFM_20220105T214651,0,2022-01,T40QFM,0.2213336226251642,0,0.7593347463562558
S2A_MSIL2A_20220105T064251_R120_T40QFM_20220105T214651_0001.jpg,S2A_MSIL2A_20220105T064251_R120_T40QFM_20220105T214651,0,2022-01,T40QFM,0.2213336226251642,0,0.7593347463562558
S2A_MSIL2A_20220115T064231_R120_T40QFM_20220115T180327_0000.jpg,S2A_MSIL2A_20220115T064231_R120_T40QFM_20220115T180327,0,2022-01,T40QFM,0.008269190817976859,0,0.7593347463562558
S2A_MSIL2A_20220115T064231_R120_T40QFM_20220115T180327_0001.jpg,S2A_MSIL2A_20220115T064231_R120_T40QFM_20220115T180327,0,2022-01,T40QFM,0.008269190817976859,0,0.7593347463562558
S2B_MSIL2A_20220130T064119_R120_T40QFM_20220214T105717_0000.jpg,S2B_MSIL2A_20220130T064119_R120_T40QFM_20220214T105717,0,2022-01,T40QFM,0.1304396606163926,0,0.7593347463562558
S2B_MSIL2A_20220130T064119_R120_T40QFM_20220214T105717_0001.jpg,S2B_MSIL2A_20220130T064119_R120_T40QFM_20220214T105717,0,2022-01,T40QFM,0.1304396606163926,0,0.7593347463562558
S2A_MSIL2A_20220204T064051_R120_T40QFM_20220218T144950_0000.jpg,S2A_MSIL2A_20220204T064051_R120_T40QFM_20220218T144950,0,2022-02,T40QFM,0.10302906617722647,0,0.7593347463562558
S2A_MSIL2A_20220204T064051_R120_T40QFM_20220218T144950_0001.jpg,S2A_MSIL2A_20220204T064051_R120_T40QFM_20220218T144950,0,2022-02,T40QFM,0.10302906617722647,0,0.7593347463562558
S2B_MSIL2A_20220209T064019_R120_T40QFM_20220220T183126_0000.jpg,S2B_MSIL2A_20220209T064019_R120_T40QFM_20220220T183126,0,2022-02,T40QFM,0.11192696080731503,0,0.7593347463562558
S2B_MSIL2A_20220209T064019_R120_T40QFM_20220220T183126_0001.jpg,S2B_MSIL2A_20220209T064019_R120_T40QFM_20220220T183126,0,2022-02,T40QFM,0.11192696080731503,0,0.7593347463562558
S2A_MSIL2A_20220306T063741_R120_T40QFM_20220306T145421_0000.jpg,S2A_MSIL2A_20220306T063741_R120_T40QFM_20220306T145421,1,2022-03,T40QFM,0.8417694683281874,1,0.7593347463562558
S2A_MSIL2A_20220306T063741_R120_T40QFM_20220306T145421_0001.jpg,S2A_MSIL2A_20220306T063741_R120_T40QFM_20220306T145421,1,2022-03,T40QFM,0.8417694683281874,1,0.7593347463562558
S2A_MSIL2A_20220316T063631_R120_T40QFM_20220316T184026_0000.jpg,S2A_MSIL2A_20220316T063631_R120_T40QFM_20220316T184026,0,2022-03,T40QFM,0.06789822715752662,0,0.7593347463562558
S2A_MSIL2A_20220316T063631_R120_T40QFM_20220316T184026_0001.jpg,S2A_MSIL2A_20220316T063631_R120_T40QFM_20220316T184026,0,2022-03,T40QFM,0.06789822715752662,0,0.7593347463562558
S2B_MSIL2A_20220321T063629_R120_T40QFM_20220321T155643_0000.jpg,S2B_MSIL2A_20220321T063629_R120_T40QFM_20220321T155643,0,2022-03,T40QFM,0.05974198426402192,0,0.7593347463562558
S2B_MSIL2A_20220321T063629_R120_T40QFM_20220321T155643_0001.jpg,S2B_MSIL2A_20220321T063629_R120_T40QFM_20220321T155643,0,2022-03,T40QFM,0.05974198426402192,0,0.7593347463562558
S2A_MSIL2A_20220326T063631_R120_T40QFM_20220326T173013_0000.jpg,S2A_MSIL2A_20220326T063631_R120_T40QFM_20220326T173013,0,2022-03,T40QFM,0.013129258513458702,0,0.7593347463562558
S2A_MSIL2A_20220326T063631_R120_T40QFM_20220326T173013_0001.jpg,S2A_MSIL2A_20220326T063631_R120_T40QFM_20220326T173013,0,2022-03,T40QFM,0.013129258513458702,0,0.7593347463562558
S2B_MSIL2A_20220410T063619_R120_T40QFM_20220411T035122_0000.jpg,S2B_MSIL2A_20220410T063619_R120_T40QFM_20220411T035122,0,2022-04,T40QFM,0.06557614686367472,0,0.7593347463562558
S2B_MSIL2A_20220410T063619_R120_T40QFM_20220411T035122_0001.jpg,S2B_MSIL2A_20220410T063619_R120_T40QFM_20220411T035122,0,2022-04,T40QFM,0.06557614686367472,0,0.7593347463562558
S2A_MSIL2A_20220425T063631_R120_T40QFM_20240610T082345_0000.jpg,S2A_MSIL2A_20220425T063631_R120_T40QFM_20240610T082345,1,2022-04,T40QFM,0.8423284861540105,1,0.7593347463562558
S2A_MSIL2A_20220425T063631_R120_T40QFM_20240610T082345_0001.jpg,S2A_MSIL2A_20220425T063631_R120_T40QFM_20240610T082345,1,2022-04,T40QFM,0.8423284861540105,1,0.7593347463562558
S2A_MSIL2A_20220515T063631_R120_T40QFM_20240614T231035_0000.jpg,S2A_MSIL2A_20220515T063631_R120_T40QFM_20240614T231035,0,2022-05,T40QFM,0.1599489993778351,0,0.7593347463562558
S2A_MSIL2A_20220515T063631_R120_T40QFM_20240614T231035_0001.jpg,S2A_MSIL2A_20220515T063631_R120_T40QFM_20240614T231035,0,2022-05,T40QFM,0.1599489993778351,0,0.7593347463562558
S2B_MSIL2A_20220520T063629_R120_T40QFM_20220521T180442_0000.jpg,S2B_MSIL2A_20220520T063629_R120_T40QFM_20220521T180442,0,2022-05,T40QFM,0.03582119906404724,0,0.7593347463562558
S2B_MSIL2A_20220520T063629_R120_T40QFM_20220521T180442_0001.jpg,S2B_MSIL2A_20220520T063629_R120_T40QFM_20220521T180442,0,2022-05,T40QFM,0.03582119906404724,0,0.7593347463562558
S2B_MSIL2A_20220530T063629_R120_T40QFM_20220531T063340_0000.jpg,S2B_MSIL2A_20220530T063629_R120_T40QFM_20220531T063340,0,2022-05,T40QFM,0.5837797102502026,0,0.7593347463562558
S2B_MSIL2A_20220530T063629_R120_T40QFM_20220531T063340_0001.jpg,S2B_MSIL2A_20220530T063629_R120_T40QFM_20220531T063340,0,2022-05,T40QFM,0.5837797102502026,0,0.7593347463562558
S2A_MSIL2A_20220604T063631_R120_T40QFM_20220604T212729_0000.jpg,S2A_MSIL2A_20220604T063631_R120_T40QFM_20220604T212729,0,2022-06,T40QFM,0.19811127675486945,0,0.7593347463562558
S2A_MSIL2A_20220604T063631_R120_T40QFM_20220604T212729_0001.jpg,S2A_MSIL2A_20220604T063631_R120_T40QFM_20220604T212729,0,2022-06,T40QFM,0.19811127675486945,0,0.7593347463562558
S2A_MSIL2A_20220614T063641_R120_T40QFM_20220615T051422_0000.jpg,S2A_MSIL2A_20220614T063641_R120_T40QFM_20220615T051422,0,2022-06,T40QFM,0.3995541380035205,0,0.7593347463562558
S2A_MSIL2A_20220614T063641_R120_T40QFM_20220615T051422_0001.jpg,S2A_MSIL2A_20220614T063641_R120_T40QFM_20220615T051422,0,2022-06,T40QFM,0.3995541380035205,0,0.7593347463562558
S2B_MSIL2A_20220619T063629_R120_T40QFM_20220621T003347_0000.jpg,S2B_MSIL2A_20220619T063629_R120_T40QFM_20220621T003347,0,2022-06,T40QFM,0.10414508011158788,0,0.7593347463562558
S2B_MSIL2A_20220619T063629_R120_T40QFM_20220621T003347_0001.jpg,S2B_MSIL2A_20220619T063629_R120_T40QFM_20220621T003347,0,2022-06,T40QFM,0.10414508011158788,0,0.7593347463562558
S2A_MSIL2A_20220803T063641_R120_T40QFM_20240702T174219_0000.jpg,S2A_MSIL2A_20220803T063641_R120_T40QFM_20240702T174219,1,2022-08,T40QFM,0.5013736908842527,0,0.7593347463562558
S2A_MSIL2A_20220803T063641_R120_T40QFM_20240702T174219_0001.jpg,S2A_MSIL2A_20220803T063641_R120_T40QFM_20240702T174219,1,2022-08,T40QFM,0.5013736908842527,0,0.7593347463562558
S2A_MSIL2A_20220823T063641_R120_T40QFM_20220824T064831_0000.jpg,S2A_MSIL2A_20220823T063641_R120_T40QFM_20220824T064831,0,2022-08,T40QFM,0.45723451649861124,0,0.7593347463562558
S2A_MSIL2A_20220823T063641_R120_T40QFM_20220824T064831_0001.jpg,S2A_MSIL2A_20220823T063641_R120_T40QFM_20220824T064831,0,2022-08,T40QFM,0.45723451649861124,0,0.7593347463562558
S2B_MSIL2A_20220828T063629_R120_T40QFM_20240718T191433_0000.jpg,S2B_MSIL2A_20220828T063629_R120_T40QFM_20240718T191433,0,2022-08,T40QFM,0.45092705153858514,0,0.7593347463562558
S2B_MSIL2A_20220828T063629_R120_T40QFM_20240718T191433_0001.jpg,S2B_MSIL2A_20220828T063629_R120_T40QFM_20240718T191433,0,2022-08,T40QFM,0.45092705153858514,0,0.7593347463562558
S2B_MSIL2A_20220907T063629_R120_T40QFM_20220908T001711_0000.jpg,S2B_MSIL2A_20220907T063629_R120_T40QFM_20220908T001711,0,2022-09,T40QFM,0.01640177039130966,0,0.7593347463562558
S2B_MSIL2A_20220907T063629_R120_T40QFM_20220908T001711_0001.jpg,S2B_MSIL2A_20220907T063629_R120_T40QFM_20220908T001711,0,2022-09,T40QFM,0.01640177039130966,0,0.7593347463562558
S2A_MSIL2A_20220912T063641_R120_T40QFM_20220913T064250_0000.jpg,S2A_MSIL2A_20220912T063641_R120_T40QFM_20220913T064250,0,2022-09,T40QFM,0.02218742834999426,0,0.7593347463562558
S2A_MSIL2A_20220912T063641_R120_T40QFM_20220913T064250_0001.jpg,S2A_MSIL2A_20220912T063641_R120_T40QFM_20220913T064250,0,2022-09,T40QFM,0.02218742834999426,0,0.7593347463562558
S2B_MSIL2A_20220917T063629_R120_T40QFM_20240728T040036_0000.jpg,S2B_MSIL2A_20220917T063629_R120_T40QFM_20240728T040036,1,2022-09,T40QFM,0.9530595645123947,1,0.7593347463562558
S2B_MSIL2A_20220917T063629_R120_T40QFM_20240728T040036_0001.jpg,S2B_MSIL2A_20220917T063629_R120_T40QFM_20240728T040036,1,2022-09,T40QFM,0.9530595645123947,1,0.7593347463562558
S2B_MSIL2A_20220927T063629_R120_T40QFM_20220927T223648_0000.jpg,S2B_MSIL2A_20220927T063629_R120_T40QFM_20220927T223648,0,2022-09,T40QFM,0.2220088735769625,0,0.7593347463562558
S2B_MSIL2A_20220927T063629_R120_T40QFM_20220927T223648_0001.jpg,S2B_MSIL2A_20220927T063629_R120_T40QFM_20220927T223648,0,2022-09,T40QFM,0.2220088735769625,0,0.7593347463562558
S2B_MSIL2A_20221007T063739_R120_T40QFM_20240802T024624_0000.jpg,S2B_MSIL2A_20221007T063739_R120_T40QFM_20240802T024624,1,2022-10,T40QFM,0.8776209154058109,1,0.7593347463562558
S2B_MSIL2A_20221007T063739_R120_T40QFM_20240802T024624_0001.jpg,S2B_MSIL2A_20221007T063739_R120_T40QFM_20240802T024624,1,2022-10,T40QFM,0.8776209154058109,1,0.7593347463562558
S2A_MSIL2A_20221022T063921_R120_T40QFM_20240724T021533_0000.jpg,S2A_MSIL2A_20221022T063921_R120_T40QFM_20240724T021533,0,2022-10,T40QFM,0.02198888105849209,0,0.7593347463562558
S2A_MSIL2A_20221022T063921_R120_T40QFM_20240724T021533_0001.jpg,S2A_MSIL2A_20221022T063921_R120_T40QFM_20240724T021533,0,2022-10,T40QFM,0.02198888105849209,0,0.7593347463562558
S2A_MSIL2A_20221101T064021_R120_T40QFM_20221101T185019_0000.jpg,S2A_MSIL2A_20221101T064021_R120_T40QFM_20221101T185019,1,2022-11,T40QFM,0.5987620226791064,0,0.7593347463562558
S2A_MSIL2A_20221101T064021_R120_T40QFM_20221101T185019_0001.jpg,S2A_MSIL2A_20221101T064021_R120_T40QFM_20221101T185019,1,2022-11,T40QFM,0.5987620226791064,0,0.7593347463562558
S2A_MSIL2A_20221121T064201_R120_T40QFM_20221121T164837_0000.jpg,S2A_MSIL2A_20221121T064201_R120_T40QFM_20221121T164837,0,2022-11,T40QFM,0.05399772668255097,0,0.7593347463562558
S2A_MSIL2A_20221121T064201_R120_T40QFM_20221121T164837_0001.jpg,S2A_MSIL2A_20221121T064201_R120_T40QFM_20221121T164837,0,2022-11,T40QFM,0.05399772668255097,0,0.7593347463562558
S2B_MSIL2A_20221126T064219_R120_T40QFM_20221202T000000_0000.jpg,S2B_MSIL2A_20221126T064219_R120_T40QFM_20221202T000000,0,2022-11,T40QFM,0.19059259490145022,0,0.7593347463562558
S2B_MSIL2A_20221126T064219_R120_T40QFM_20221202T000000_0001.jpg,S2B_MSIL2A_20221126T064219_R120_T40QFM_20221202T000000,0,2022-11,T40QFM,0.19059259490145022,0,0.7593347463562558
S2B_MSIL2A_20221216T064259_R120_T40QFM_20221216T202414_0000.jpg,S2B_MSIL2A_20221216T064259_R120_T40QFM_20221216T202414,0,2022-12,T40QFM,0.00959060669329208,0,0.7593347463562558
S2B_MSIL2A_20221216T064259_R120_T40QFM_20221216T202414_0001.jpg,S2B_MSIL2A_20221216T064259_R120_T40QFM_20221216T202414,0,2022-12,T40QFM,0.00959060669329208,0,0.7593347463562558
S2A_MSIL2A_20221221T064301_R120_T40QFM_20240808T224656_0000.jpg,S2A_MSIL2A_20221221T064301_R120_T40QFM_20240808T224656,1,2022-12,T40QFM,0.633431096530816,0,0.7593347463562558
S2A_MSIL2A_20221221T064301_R120_T40QFM_20240808T224656_0001.jpg,S2A_MSIL2A_20221221T064301_R120_T40QFM_20240808T224656,1,2022-12,T40QFM,0.633431096530816,0,0.7593347463562558
S2B_MSIL2A_20221226T064259_R120_T40QFM_20221226T183145_0000.jpg,S2B_MSIL2A_20221226T064259_R120_T40QFM_20221226T183145,0,2022-12,T40QFM,0.1816423136183163,0,0.7593347463562558
S2B_MSIL2A_20221226T064259_R120_T40QFM_20221226T183145_0001.jpg,S2B_MSIL2A_20221226T064259_R120_T40QFM_20221226T183145,0,2022-12,T40QFM,0.1816423136183163,0,0.7593347463562558
S2B_MSIL2A_20230105T064249_R120_T40QFM_20230105T161204_0000.jpg,S2B_MSIL2A_20230105T064249_R120_T40QFM_20230105T161204,0,2023-01,T40QFM,0.03305251340536801,0,0.7593347463562558
S2B_MSIL2A_20230105T064249_R120_T40QFM_20230105T161204_0001.jpg,S2B_MSIL2A_20230105T064249_R120_T40QFM_20230105T161204,0,2023-01,T40QFM,0.03305251340536801,0,0.7593347463562558
S2A_MSIL2A_20230110T064241_R120_T40QFM_20230110T232049_0000.jpg,S2A_MSIL2A_20230110T064241_R120_T40QFM_20230110T232049,1,2023-01,T40QFM,0.9607447490701665,1,0.7593347463562558
S2A_MSIL2A_20230110T064241_R120_T40QFM_20230110T232049_0001.jpg,S2A_MSIL2A_20230110T064241_R120_T40QFM_20230110T232049,1,2023-01,T40QFM,0.9607447490701665,1,0.7593347463562558
S2A_MSIL2A_20230130T064121_R120_T40QFM_20230131T154057_0000.jpg,S2A_MSIL2A_20230130T064121_R120_T40QFM_20230131T154057,0,2023-01,T40QFM,0.021635271154575614,0,0.7593347463562558
S2A_MSIL2A_20230130T064121_R120_T40QFM_20230131T154057_0001.jpg,S2A_MSIL2A_20230130T064121_R120_T40QFM_20230131T154057,0,2023-01,T40QFM,0.021635271154575614,0,0.7593347463562558
S2B_MSIL2A_20230204T064049_R120_T40QFM_20240816T214850_0000.jpg,S2B_MSIL2A_20230204T064049_R120_T40QFM_20240816T214850,0,2023-02,T40QFM,0.12362410602056065,0,0.7593347463562558
S2B_MSIL2A_20230204T064049_R120_T40QFM_20240816T214850_0001.jpg,S2B_MSIL2A_20230204T064049_R120_T40QFM_20240816T214850,0,2023-02,T40QFM,0.12362410602056065,0,0.7593347463562558
S2A_MSIL2A_20230209T064021_R120_T40QFM_20230209T205002_0000.jpg,S2A_MSIL2A_20230209T064021_R120_T40QFM_20230209T205002,0,2023-02,T40QFM,0.15417440259066748,0,0.7593347463562558
S2A_MSIL2A_20230209T064021_R120_T40QFM_20230209T205002_0001.jpg,S2A_MSIL2A_20230209T064021_R120_T40QFM_20230209T205002,0,2023-02,T40QFM,0.15417440259066748,0,0.7593347463562558
S2B_MSIL2A_20230306T063739_R120_T40QFM_20240823T211525_0000.jpg,S2B_MSIL2A_20230306T063739_R120_T40QFM_20240823T211525,1,2023-03,T40QFM,0.7198999678809798,0,0.7593347463562558
S2B_MSIL2A_20230306T063739_R120_T40QFM_20240823T211525_0001.jpg,S2B_MSIL2A_20230306T063739_R120_T40QFM_20240823T211525,1,2023-03,T40QFM,0.7198999678809798,0,0.7593347463562558
S2B_MSIL2A_20230316T063629_R120_T40QFM_20240827T111826_0000.jpg,S2B_MSIL2A_20230316T063629_R120_T40QFM_20240827T111826,0,2023-03,T40QFM,0.5338662899278226,0,0.7593347463562558
S2B_MSIL2A_20230316T063629_R120_T40QFM_20240827T111826_0001.jpg,S2B_MSIL2A_20230316T063629_R120_T40QFM_20240827T111826,0,2023-03,T40QFM,0.5338662899278226,0,0.7593347463562558
S2A_MSIL2A_20230331T063621_R120_T40QFM_20240825T173541_0000.jpg,S2A_MSIL2A_20230331T063621_R120_T40QFM_20240825T173541,0,2023-03,T40QFM,0.024273260321484014,0,0.7593347463562558
S2A_MSIL2A_20230331T063621_R120_T40QFM_20240825T173541_0001.jpg,S2A_MSIL2A_20230331T063621_R120_T40QFM_20240825T173541,0,2023-03,T40QFM,0.024273260321484014,0,0.7593347463562558
S2B_MSIL2A_20230405T063629_R120_T40QFM_20230405T213827_0000.jpg,S2B_MSIL2A_20230405T063629_R120_T40QFM_20230405T213827,1,2023-04,T40QFM,0.8043145117360968,1,0.7593347463562558
S2B_MSIL2A_20230405T063629_R120_T40QFM_20230405T213827_0001.jpg,S2B_MSIL2A_20230405T063629_R120_T40QFM_20230405T213827,1,2023-04,T40QFM,0.8043145117360968,1,0.7593347463562558
S2A_MSIL2A_20230410T063631_R120_T40QFM_20230410T132909_0000.jpg,S2A_MSIL2A_20230410T063631_R120_T40QFM_20230410T132909,0,2023-04,T40QFM,0.22325622317312876,0,0.7593347463562558
S2A_MSIL2A_20230410T063631_R120_T40QFM_20230410T132909_0001.jpg,S2A_MSIL2A_20230410T063631_R120_T40QFM_20230410T132909,0,2023-04,T40QFM,0.22325622317312876,0,0.7593347463562558
S2A_MSIL2A_20230420T063621_R120_T40QFM_20230420T131741_0000.jpg,S2A_MSIL2A_20230420T063621_R120_T40QFM_20230420T131741,1,2023-04,T40QFM,0.41276627685652356,0,0.7593347463562558
S2A_MSIL2A_20230420T063621_R120_T40QFM_20230420T131741_0001.jpg,S2A_MSIL2A_20230420T063621_R120_T40QFM_20230420T131741,1,2023-04,T40QFM,0.41276627685652356,0,0.7593347463562558
S2B_MSIL2A_20230425T063629_R120_T40QFM_20240901T144339_0000.jpg,S2B_MSIL2A_20230425T063629_R120_T40QFM_20240901T144339,0,2023-04,T40QFM,0.6230228653237168,0,0.7593347463562558
S2B_MSIL2A_20230425T063629_R120_T40QFM_20240901T144339_0001.jpg,S2B_MSIL2A_20230425T063629_R120_T40QFM_20240901T144339,0,2023-04,T40QFM,0.6230228653237168,0,0.7593347463562558
S2B_MSIL2A_20230505T063629_R120_T40QFM_20230505T113226_0000.jpg,S2B_MSIL2A_20230505T063629_R120_T40QFM_20230505T113226,0,2023-05,T40QFM,0.19810141382772226,0,0.7593347463562558
S2B_MSIL2A_20230505T063629_R120_T40QFM_20230505T113226_0001.jpg,S2B_MSIL2A_20230505T063629_R120_T40QFM_20230505T113226,0,2023-05,T40QFM,0.19810141382772226,0,0.7593347463562558
S2A_MSIL2A_20230520T063631_R120_T40QFM_20230520T121727_0000.jpg,S2A_MSIL2A_20230520T063631_R120_T40QFM_20230520T121727,0,2023-05,T40QFM,0.0523941259370347,0,0.7593347463562558
S2A_MSIL2A_20230520T063631_R120_T40QFM_20230520T121727_0001.jpg,S2A_MSIL2A_20230520T063631_R120_T40QFM_20230520T121727,0,2023-05,T40QFM,0.0523941259370347,0,0.7593347463562558
S2A_MSIL2A_20230619T063631_R120_T40QFM_20230619T122652_0000.jpg,S2A_MSIL2A_20230619T063631_R120_T40QFM_20230619T122652,0,2023-06,T40QFM,0.14492799095528347,0,0.7593347463562558
S2A_MSIL2A_20230619T063631_R120_T40QFM_20230619T122652_0001.jpg,S2A_MSIL2A_20230619T063631_R120_T40QFM_20230619T122652,0,2023-06,T40QFM,0.14492799095528347,0,0.7593347463562558
S2A_MSIL2A_20230629T063631_R120_T40QFM_20230629T142242_0000.jpg,S2A_MSIL2A_20230629T063631_R120_T40QFM_20230629T142242,0,2023-06,T40QFM,0.5704826127257884,0,0.7593347463562558
S2A_MSIL2A_20230629T063631_R120_T40QFM_20230629T142242_0001.jpg,S2A_MSIL2A_20230629T063631_R120_T40QFM_20230629T142242,0,2023-06,T40QFM,0.5704826127257884,0,0.7593347463562558
S2B_MSIL2A_20230704T063629_R120_T40QFM_20241013T174147_0000.jpg,S2B_MSIL2A_20230704T063629_R120_T40QFM_20241013T174147,0,2023-07,T40QFM,0.3070711995696866,0,0.7593347463562558
S2B_MSIL2A_20230704T063629_R120_T40QFM_20241013T174147_0001.jpg,S2B_MSIL2A_20230704T063629_R120_T40QFM_20241013T174147,0,2023-07,T40QFM,0.3070711995696866,0,0.7593347463562558
S2B_MSIL2A_20230714T063629_R120_T40QFM_20240910T152238_0000.jpg,S2B_MSIL2A_20230714T063629_R120_T40QFM_20240910T152238,0,2023-07,T40QFM,0.25943249793811307,0,0.7593347463562558
S2B_MSIL2A_20230714T063629_R120_T40QFM_20240910T152238_0001.jpg,S2B_MSIL2A_20230714T063629_R120_T40QFM_20240910T152238,0,2023-07,T40QFM,0.25943249793811307,0,0.7593347463562558
S2A_MSIL2A_20230808T063631_R120_T40QFM_20241021T084732_0000.jpg,S2A_MSIL2A_20230808T063631_R120_T40QFM_20241021T084732,0,2023-08,T40QFM,0.3603098730236522,0,0.7593347463562558
S2A_MSIL2A_20230808T063631_R120_T40QFM_20241021T084732_0001.jpg,S2A_MSIL2A_20230808T063631_R120_T40QFM_20241021T084732,0,2023-08,T40QFM,0.3603098730236522,0,0.7593347463562558
S2A_MSIL2A_20230907T063631_R120_T40QFM_20230907T161209_0000.jpg,S2A_MSIL2A_20230907T063631_R120_T40QFM_20230907T161209,1,2023-09,T40QFM,0.701844301829577,0,0.7593347463562558
S2A_MSIL2A_20230907T063631_R120_T40QFM_20230907T161209_0001.jpg,S2A_MSIL2A_20230907T063631_R120_T40QFM_20230907T161209,1,2023-09,T40QFM,0.701844301829577,0,0.7593347463562558
S2A_MSIL2A_20230927T063631_R120_T40QFM_20230927T125012_0000.jpg,S2A_MSIL2A_20230927T063631_R120_T40QFM_20230927T125012,0,2023-09,T40QFM,0.1039443984621455,0,0.7593347463562558
S2A_MSIL2A_20230927T063631_R120_T40QFM_20230927T125012_0001.jpg,S2A_MSIL2A_20230927T063631_R120_T40QFM_20230927T125012,0,2023-09,T40QFM,0.1039443984621455,0,0.7593347463562558
S2B_MSIL2A_20231012T063819_R120_T40QFM_20231012T121039_0000.jpg,S2B_MSIL2A_20231012T063819_R120_T40QFM_20231012T121039,0,2023-10,T40QFM,0.15578574806914028,0,0.7593347463562558
S2B_MSIL2A_20231012T063819_R120_T40QFM_20231012T121039_0001.jpg,S2B_MSIL2A_20231012T063819_R120_T40QFM_20231012T121039,0,2023-10,T40QFM,0.15578574806914028,0,0.7593347463562558
S2A_MSIL2A_20231017T063841_R120_T40QFM_20241028T093417_0000.jpg,S2A_MSIL2A_20231017T063841_R120_T40QFM_20241028T093417,0,2023-10,T40QFM,0.09510869538218032,0,0.7593347463562558
S2A_MSIL2A_20231017T063841_R120_T40QFM_20241028T093417_0001.jpg,S2A_MSIL2A_20231017T063841_R120_T40QFM_20241028T093417,0,2023-10,T40QFM,0.09510869538218032,0,0.7593347463562558
S2B_MSIL2A_20231101T064019_R120_T40QFM_20231101T101812_0000.jpg,S2B_MSIL2A_20231101T064019_R120_T40QFM_20231101T101812,0,2023-11,T40QFM,0.20249342929048822,0,0.7593347463562558
S2B_MSIL2A_20231101T064019_R120_T40QFM_20231101T101812_0001.jpg,S2B_MSIL2A_20231101T064019_R120_T40QFM_20231101T101812,0,2023-11,T40QFM,0.20249342929048822,0,0.7593347463562558
S2B_MSIL2A_20231111T064119_R120_T40QFM_20231111T102412_0000.jpg,S2B_MSIL2A_20231111T064119_R120_T40QFM_20231111T102412,1,2023-11,T40QFM,0.7398755588143051,0,0.7593347463562558
S2B_MSIL2A_20231111T064119_R120_T40QFM_20231111T102412_0001.jpg,S2B_MSIL2A_20231111T064119_R120_T40QFM_20231111T102412,1,2023-11,T40QFM,0.7398755588143051,0,0.7593347463562558
S2A_MSIL2A_20231206T064241_R120_T40QFM_20241101T134000_0000.jpg,S2A_MSIL2A_20231206T064241_R120_T40QFM_20241101T134000,0,2023-12,T40QFM,0.23669779087953677,0,0.7593347463562558
S2A_MSIL2A_20231206T064241_R120_T40QFM_20241101T134000_0001.jpg,S2A_MSIL2A_20231206T064241_R120_T40QFM_20241101T134000,0,2023-12,T40QFM,0.23669779087953677,0,0.7593347463562558
S2B_MSIL2A_20231221T064309_R120_T40QFM_20231222T041316_0000.jpg,S2B_MSIL2A_20231221T064309_R120_T40QFM_20231222T041316,0,2023-12,T40QFM,0.03135944651598011,0,0.7593347463562558
S2B_MSIL2A_20231221T064309_R120_T40QFM_20231222T041316_0001.jpg,S2B_MSIL2A_20231221T064309_R120_T40QFM_20231222T041316,0,2023-12,T40QFM,0.03135944651598011,0,0.7593347463562558
S2A_MSIL2A_20240105T064251_R120_T40QFM_20240105T111327_0000.jpg,S2A_MSIL2A_20240105T064251_R120_T40QFM_20240105T111327,0,2024-01,T40QFM,0.5272310961573923,0,0.7593347463562558
S2A_MSIL2A_20240105T064251_R120_T40QFM_20240105T111327_0001.jpg,S2A_MSIL2A_20240105T064251_R120_T40QFM_20240105T111327,0,2024-01,T40QFM,0.5272310961573923,0,0.7593347463562558
S2B_MSIL2A_20240110T064239_R120_T40QFM_20240110T094323_0000.jpg,S2B_MSIL2A_20240110T064239_R120_T40QFM_20240110T094323,0,2024-01,T40QFM,0.32612563003778594,0,0.7593347463562558
S2B_MSIL2A_20240110T064239_R120_T40QFM_20240110T094323_0001.jpg,S2B_MSIL2A_20240110T064239_R120_T40QFM_20240110T094323,0,2024-01,T40QFM,0.32612563003778594,0,0.7593347463562558
S2B_MSIL2A_20240120T064209_R120_T40QFM_20240120T101055_0000.jpg,S2B_MSIL2A_20240120T064209_R120_T40QFM_20240120T101055,0,2024-01,T40QFM,0.018184436759649782,0,0.7593347463562558
S2B_MSIL2A_20240120T064209_R120_T40QFM_20240120T101055_0001.jpg,S2B_MSIL2A_20240120T064209_R120_T40QFM_20240120T101055,0,2024-01,T40QFM,0.018184436759649782,0,0.7593347463562558
S2B_MSIL2A_20240130T064119_R120_T40QFM_20240130T101447_0000.jpg,S2B_MSIL2A_20240130T064119_R120_T40QFM_20240130T101447,0,2024-01,T40QFM,0.06973523913086328,0,0.7593347463562558
S2B_MSIL2A_20240130T064119_R120_T40QFM_20240130T101447_0001.jpg,S2B_MSIL2A_20240130T064119_R120_T40QFM_20240130T101447,0,2024-01,T40QFM,0.06973523913086328,0,0.7593347463562558
S2A_MSIL2A_20240204T064051_R120_T40QFM_20240204T114514_0000.jpg,S2A_MSIL2A_20240204T064051_R120_T40QFM_20240204T114514,0,2024-02,T40QFM,0.43985525382624546,0,0.7593347463562558
S2A_MSIL2A_20240204T064051_R120_T40QFM_20240204T114514_0001.jpg,S2A_MSIL2A_20240204T064051_R120_T40QFM_20240204T114514,0,2024-02,T40QFM,0.43985525382624546,0,0.7593347463562558
S2A_MSIL2A_20240224T063851_R120_T40QFM_20240224T122309_0000.jpg,S2A_MSIL2A_20240224T063851_R120_T40QFM_20240224T122309,0,2024-02,T40QFM,0.08483249434846116,0,0.7593347463562558
S2A_MSIL2A_20240224T063851_R120_T40QFM_20240224T122309_0001.jpg,S2A_MSIL2A_20240224T063851_R120_T40QFM_20240224T122309,0,2024-02,T40QFM,0.08483249434846116,0,0.7593347463562558
S2A_MSIL2A_20240315T063631_R120_T40QFM_20240315T121549_0000.jpg,S2A_MSIL2A_20240315T063631_R120_T40QFM_20240315T121549,0,2024-03,T40QFM,0.26837112216311737,0,0.7593347463562558
S2A_MSIL2A_20240315T063631_R120_T40QFM_20240315T121549_0001.jpg,S2A_MSIL2A_20240315T063631_R120_T40QFM_20240315T121549,0,2024-03,T40QFM,0.26837112216311737,0,0.7593347463562558
S2B_MSIL2A_20240330T063629_R120_T40QFM_20240330T114349_0000.jpg,S2B_MSIL2A_20240330T063629_R120_T40QFM_20240330T114349,0,2024-03,T40QFM,0.02684571580156774,0,0.7593347463562558
S2B_MSIL2A_20240330T063629_R120_T40QFM_20240330T114349_0001.jpg,S2B_MSIL2A_20240330T063629_R120_T40QFM_20240330T114349,0,2024-03,T40QFM,0.02684571580156774,0,0.7593347463562558
S2B_MSIL2A_20240409T063629_R120_T40QFM_20240411T033313_0000.jpg,S2B_MSIL2A_20240409T063629_R120_T40QFM_20240411T033313,0,2024-04,T40QFM,0.05970426018726369,0,0.7593347463562558
S2B_MSIL2A_20240409T063629_R120_T40QFM_20240411T033313_0001.jpg,S2B_MSIL2A_20240409T063629_R120_T40QFM_20240411T033313,0,2024-04,T40QFM,0.05970426018726369,0,0.7593347463562558
S2B_MSIL2A_20240419T063629_R120_T40QFM_20240419T103651_0000.jpg,S2B_MSIL2A_20240419T063629_R120_T40QFM_20240419T103651,0,2024-04,T40QFM,0.07059886386926466,0,0.7593347463562558
S2B_MSIL2A_20240419T063629_R120_T40QFM_20240419T103651_0001.jpg,S2B_MSIL2A_20240419T063629_R120_T40QFM_20240419T103651,0,2024-04,T40QFM,0.07059886386926466,0,0.7593347463562558
S2B_MSIL2A_20240429T063629_R120_T40QFM_20240429T111845_0000.jpg,S2B_MSIL2A_20240429T063629_R120_T40QFM_20240429T111845,1,2024-04,T40QFM,0.9258957571422971,1,0.7593347463562558
S2B_MSIL2A_20240429T063629_R120_T40QFM_20240429T111845_0001.jpg,S2B_MSIL2A_20240429T063629_R120_T40QFM_20240429T111845,1,2024-04,T40QFM,0.9258957571422971,1,0.7593347463562558
S2A_MSIL2A_20240504T063631_R120_T40QFM_20240506T184012_0000.jpg,S2A_MSIL2A_20240504T063631_R120_T40QFM_20240506T184012,0,2024-05,T40QFM,0.3950164920162131,0,0.7593347463562558
S2A_MSIL2A_20240504T063631_R120_T40QFM_20240506T184012_0001.jpg,S2A_MSIL2A_20240504T063631_R120_T40QFM_20240506T184012,0,2024-05,T40QFM,0.3950164920162131,0,0.7593347463562558
S2B_MSIL2A_20240509T063629_R120_T40QFM_20240509T101759_0000.jpg,S2B_MSIL2A_20240509T063629_R120_T40QFM_20240509T101759,0,2024-05,T40QFM,0.434820781640448,0,0.7593347463562558
S2B_MSIL2A_20240509T063629_R120_T40QFM_20240509T101759_0001.jpg,S2B_MSIL2A_20240509T063629_R120_T40QFM_20240509T101759,0,2024-05,T40QFM,0.434820781640448,0,0.7593347463562558
S2A_MSIL2A_20240524T063621_R120_T40QFM_20240524T121928_0000.jpg,S2A_MSIL2A_20240524T063621_R120_T40QFM_20240524T121928,0,2024-05,T40QFM,0.04039884225846595,0,0.7593347463562558
S2A_MSIL2A_20240524T063621_R120_T40QFM_20240524T121928_0001.jpg,S2A_MSIL2A_20240524T063621_R120_T40QFM_20240524T121928,0,2024-05,T40QFM,0.04039884225846595,0,0.7593347463562558
S2B_MSIL2A_20240529T063629_R120_T40QFM_20240529T102225_0000.jpg,S2B_MSIL2A_20240529T063629_R120_T40QFM_20240529T102225,0,2024-05,T40QFM,0.030839339235435165,0,0.7593347463562558
S2B_MSIL2A_20240529T063629_R120_T40QFM_20240529T102225_0001.jpg,S2B_MSIL2A_20240529T063629_R120_T40QFM_20240529T102225,0,2024-05,T40QFM,0.030839339235435165,0,0.7593347463562558
S2A_MSIL2A_20240613T063631_R120_T40QFM_20240613T114843_0000.jpg,S2A_MSIL2A_20240613T063631_R120_T40QFM_20240613T114843,0,2024-06,T40QFM,0.8085089547490618,1,0.7593347463562558
S2A_MSIL2A_20240613T063631_R120_T40QFM_20240613T114843_0001.jpg,S2A_MSIL2A_20240613T063631_R120_T40QFM_20240613T114843,0,2024-06,T40QFM,0.8085089547490618,1,0.7593347463562558
S2B_MSIL2A_20240618T063629_R120_T40QFM_20240618T111722_0000.jpg,S2B_MSIL2A_20240618T063629_R120_T40QFM_20240618T111722,0,2024-06,T40QFM,0.031603190449871185,0,0.7593347463562558
S2B_MSIL2A_20240618T063629_R120_T40QFM_20240618T111722_0001.jpg,S2B_MSIL2A_20240618T063629_R120_T40QFM_20240618T111722,0,2024-06,T40QFM,0.031603190449871185,0,0.7593347463562558
S2B_MSIL2A_20240628T063629_R120_T40QFM_20240628T105136_0000.jpg,S2B_MSIL2A_20240628T063629_R120_T40QFM_20240628T105136,0,2024-06,T40QFM,0.3854380152308657,0,0.7593347463562558
S2B_MSIL2A_20240628T063629_R120_T40QFM_20240628T105136_0001.jpg,S2B_MSIL2A_20240628T063629_R120_T40QFM_20240628T105136,0,2024-06,T40QFM,0.3854380152308657,0,0.7593347463562558
S2A_MSIL2A_20240703T063631_R120_T40QFM_20240703T111800_0000.jpg,S2A_MSIL2A_20240703T063631_R120_T40QFM_20240703T111800,1,2024-07,T40QFM,0.9702485111118958,1,0.7593347463562558
S2A_MSIL2A_20240703T063631_R120_T40QFM_20240703T111800_0001.jpg,S2A_MSIL2A_20240703T063631_R120_T40QFM_20240703T111800,1,2024-07,T40QFM,0.9702485111118958,1,0.7593347463562558
S2A_MSIL2A_20240723T063631_R120_T40QFM_20240723T113350_0000.jpg,S2A_MSIL2A_20240723T063631_R120_T40QFM_20240723T113350,0,2024-07,T40QFM,0.02325723394674091,0,0.7593347463562558
S2A_MSIL2A_20240723T063631_R120_T40QFM_20240723T113350_0001.jpg,S2A_MSIL2A_20240723T063631_R120_T40QFM_20240723T113350,0,2024-07,T40QFM,0.02325723394674091,0,0.7593347463562558
S2A_MSIL2A_20240812T063631_R120_T40QFM_20240812T114349_0000.jpg,S2A_MSIL2A_20240812T063631_R120_T40QFM_20240812T114349,0,2024-08,T40QFM,0.025634401838182806,0,0.7593347463562558
S2A_MSIL2A_20240812T063631_R120_T40QFM_20240812T114349_0001.jpg,S2A_MSIL2A_20240812T063631_R120_T40QFM_20240812T114349,0,2024-08,T40QFM,0.025634401838182806,0,0.7593347463562558
S2A_MSIL2A_20240822T063621_R120_T40QFM_20240822T115549_0000.jpg,S2A_MSIL2A_20240822T063621_R120_T40QFM_20240822T115549,1,2024-08,T40QFM,0.967210269611977,1,0.7593347463562558
S2A_MSIL2A_20240822T063621_R120_T40QFM_20240822T115549_0001.jpg,S2A_MSIL2A_20240822T063621_R120_T40QFM_20240822T115549,1,2024-08,T40QFM,0.967210269611977,1,0.7593347463562558
S2A_MSIL2A_20240911T063621_R120_T40QFM_20240911T114359_0000.jpg,S2A_MSIL2A_20240911T063621_R120_T40QFM_20240911T114359,0,2024-09,T40QFM,0.5911037108392739,0,0.7593347463562558
S2A_MSIL2A_20240911T063621_R120_T40QFM_20240911T114359_0001.jpg,S2A_MSIL2A_20240911T063621_R120_T40QFM_20240911T114359,0,2024-09,T40QFM,0.5911037108392739,0,0.7593347463562558
S2A_MSIL2A_20240921T063631_R120_T40QFM_20240921T101256_0000.jpg,S2A_MSIL2A_20240921T063631_R120_T40QFM_20240921T101256,0,2024-09,T40QFM,0.10270221705777331,0,0.7593347463562558
S2A_MSIL2A_20240921T063631_R120_T40QFM_20240921T101256_0001.jpg,S2A_MSIL2A_20240921T063631_R120_T40QFM_20240921T101256,0,2024-09,T40QFM,0.10270221705777331,0,0.7593347463562558
S2B_MSIL2A_20241006T063639_R120_T40QFM_20241006T090252_0000.jpg,S2B_MSIL2A_20241006T063639_R120_T40QFM_20241006T090252,0,2024-10,T40QFM,0.0481972879606969,0,0.7593347463562558
S2B_MSIL2A_20241006T063639_R120_T40QFM_20241006T090252_0001.jpg,S2B_MSIL2A_20241006T063639_R120_T40QFM_20241006T090252,0,2024-10,T40QFM,0.0481972879606969,0,0.7593347463562558
S2A_MSIL2A_20241021T063921_R120_T40QFM_20241021T103950_0000.jpg,S2A_MSIL2A_20241021T063921_R120_T40QFM_20241021T103950,1,2024-10,T40QFM,0.959970504852427,1,0.7593347463562558
S2A_MSIL2A_20241021T063921_R120_T40QFM_20241021T103950_0001.jpg,S2A_MSIL2A_20241021T063921_R120_T40QFM_20241021T103950,1,2024-10,T40QFM,0.959970504852427,1,0.7593347463562558
S2A_MSIL2A_20241031T064021_R120_T40QFM_20241031T093553_0000.jpg,S2A_MSIL2A_20241031T064021_R120_T40QFM_20241031T093553,0,2024-10,T40QFM,0.021285512224595578,0,0.7593347463562558
S2A_MSIL2A_20241031T064021_R120_T40QFM_20241031T093553_0001.jpg,S2A_MSIL2A_20241031T064021_R120_T40QFM_20241031T093553,0,2024-10,T40QFM,0.021285512224595578,0,0.7593347463562558
S2B_MSIL2A_20241105T063949_R120_T40QFM_20241105T090453_0000.jpg,S2B_MSIL2A_20241105T063949_R120_T40QFM_20241105T090453,0,2024-11,T40QFM,0.37467524433066124,0,0.7593347463562558
S2B_MSIL2A_20241105T063949_R120_T40QFM_20241105T090453_0001.jpg,S2B_MSIL2A_20241105T063949_R120_T40QFM_20241105T090453,0,2024-11,T40QFM,0.37467524433066124,0,0.7593347463562558
S2A_MSIL2A_20241120T064201_R120_T40QFM_20241120T094700_0000.jpg,S2A_MSIL2A_20241120T064201_R120_T40QFM_20241120T094700,0,2024-11,T40QFM,0.09956030763511518,0,0.7593347463562558
S2A_MSIL2A_20241120T064201_R120_T40QFM_20241120T094700_0001.jpg,S2A_MSIL2A_20241120T064201_R120_T40QFM_20241120T094700,0,2024-11,T40QFM,0.09956030763511518,0,0.7593347463562558
S2B_MSIL2A_20241125T064119_R120_T40QFM_20241125T085904_0000.jpg,S2B_MSIL2A_20241125T064119_R120_T40QFM_20241125T085904,0,2024-11,T40QFM,0.012316916942084337,0,0.7593347463562558
S2B_MSIL2A_20241125T064119_R120_T40QFM_20241125T085904_0001.jpg,S2B_MSIL2A_20241125T064119_R120_T40QFM_20241125T085904,0,2024-11,T40QFM,0.012316916942084337,0,0.7593347463562558
S2A_MSIL2A_20241210T064251_R120_T40QFM_20241210T095759_0000.jpg,S2A_MSIL2A_20241210T064251_R120_T40QFM_20241210T095759,0,2024-12,T40QFM,0.1287997168486504,0,0.7593347463562558
S2A_MSIL2A_20241210T064251_R120_T40QFM_20241210T095759_0001.jpg,S2A_MSIL2A_20241210T064251_R120_T40QFM_20241210T095759,0,2024-12,T40QFM,0.1287997168486504,0,0.7593347463562558
S2B_MSIL2A_20241225T064209_R120_T40QFM_20241225T090946_0000.jpg,S2B_MSIL2A_20241225T064209_R120_T40QFM_20241225T090946,0,2024-12,T40QFM,0.29350457568496086,0,0.7593347463562558
S2B_MSIL2A_20241225T064209_R120_T40QFM_20241225T090946_0001.jpg,S2B_MSIL2A_20241225T064209_R120_T40QFM_20241225T090946,0,2024-12,T40QFM,0.29350457568496086,0,0.7593347463562558
S2A_MSIL2A_20170227T062811_R077_T40QGL_20210208T174006_0000.jpg,S2A_MSIL2A_20170227T062811_R077_T40QGL_20210208T174006,0,2017-02,T40QGL,0.10288770211971254,0,0.7593347463562558
S2A_MSIL2A_20170227T062811_R077_T40QGL_20210208T174006_0001.jpg,S2A_MSIL2A_20170227T062811_R077_T40QGL_20210208T174006,0,2017-02,T40QGL,0.10288770211971254,0,0.7593347463562558
S2A_MSIL2A_20170408T062631_R077_T40QGL_20210209T054516_0000.jpg,S2A_MSIL2A_20170408T062631_R077_T40QGL_20210209T054516,0,2017-04,T40QGL,0.16466917288005162,0,0.7593347463562558
S2A_MSIL2A_20170408T062631_R077_T40QGL_20210209T054516_0001.jpg,S2A_MSIL2A_20170408T062631_R077_T40QGL_20210209T054516,0,2017-04,T40QGL,0.16466917288005162,0,0.7593347463562558
S2A_MSIL2A_20170607T062631_R077_T40QGL_20210209T210403_0000.jpg,S2A_MSIL2A_20170607T062631_R077_T40QGL_20210209T210403,0,2017-06,T40QGL,0.2940757092697172,0,0.7593347463562558
S2A_MSIL2A_20170607T062631_R077_T40QGL_20210209T210403_0001.jpg,S2A_MSIL2A_20170607T062631_R077_T40QGL_20210209T210403,0,2017-06,T40QGL,0.2940757092697172,0,0.7593347463562558
S2B_MSIL2A_20170712T062629_R077_T40QGL_20210210T075546_0000.jpg,S2B_MSIL2A_20170712T062629_R077_T40QGL_20210210T075546,0,2017-07,T40QGL,0.3187186821913409,0,0.7593347463562558
S2B_MSIL2A_20170712T062629_R077_T40QGL_20210210T075546_0001.jpg,S2B_MSIL2A_20170712T062629_R077_T40QGL_20210210T075546,0,2017-07,T40QGL,0.3187186821913409,0,0.7593347463562558
S2A_MSIL2A_20170806T062631_R077_T40QGL_20210210T201854_0000.jpg,S2A_MSIL2A_20170806T062631_R077_T40QGL_20210210T201854,0,2017-08,T40QGL,0.5002699193925375,0,0.7593347463562558
S2A_MSIL2A_20170806T062631_R077_T40QGL_20210210T201854_0001.jpg,S2A_MSIL2A_20170806T062631_R077_T40QGL_20210210T201854,0,2017-08,T40QGL,0.5002699193925375,0,0.7593347463562558
S2A_MSIL2A_20170826T062631_R077_T40QGL_20210201T110022_0000.jpg,S2A_MSIL2A_20170826T062631_R077_T40QGL_20210201T110022,0,2017-08,T40QGL,0.00729947701530754,0,0.7593347463562558
S2A_MSIL2A_20170826T062631_R077_T40QGL_20210201T110022_0001.jpg,S2A_MSIL2A_20170826T062631_R077_T40QGL_20210201T110022,0,2017-08,T40QGL,0.00729947701530754,0,0.7593347463562558
S2B_MSIL2A_20171020T062849_R077_T40QGL_20201015T010903_0000.jpg,S2B_MSIL2A_20171020T062849_R077_T40QGL_20201015T010903,0,2017-10,T40QGL,0.29606373444714795,0,0.7593347463562558
S2B_MSIL2A_20171020T062849_R077_T40QGL_20201015T010903_0001.jpg,S2B_MSIL2A_20171020T062849_R077_T40QGL_20201015T010903,0,2017-10,T40QGL,0.29606373444714795,0,0.7593347463562558
S2B_MSIL2A_20171129T063209_R077_T40QGL_20201014T225537_0000.jpg,S2B_MSIL2A_20171129T063209_R077_T40QGL_20201014T225537,0,2017-11,T40QGL,0.10320375058687907,0,0.7593347463562558
S2B_MSIL2A_20171129T063209_R077_T40QGL_20201014T225537_0001.jpg,S2B_MSIL2A_20171129T063209_R077_T40QGL_20201014T225537,0,2017-11,T40QGL,0.10320375058687907,0,0.7593347463562558
S2B_MSIL2A_20180108T063229_R077_T40QGL_20201014T041332_0000.jpg,S2B_MSIL2A_20180108T063229_R077_T40QGL_20201014T041332,0,2018-01,T40QGL,0.16077323503800126,0,0.7593347463562558
S2B_MSIL2A_20180108T063229_R077_T40QGL_20201014T041332_0001.jpg,S2B_MSIL2A_20180108T063229_R077_T40QGL_20201014T041332,0,2018-01,T40QGL,0.16077323503800126,0,0.7593347463562558
S2B_MSIL2A_20180207T063029_R077_T40QGL_20201013T195609_0000.jpg,S2B_MSIL2A_20180207T063029_R077_T40QGL_20201013T195609,0,2018-02,T40QGL,0.012287089432018538,0,0.7593347463562558
S2B_MSIL2A_20180207T063029_R077_T40QGL_20201013T195609_0001.jpg,S2B_MSIL2A_20180207T063029_R077_T40QGL_20201013T195609,0,2018-02,T40QGL,0.012287089432018538,0,0.7593347463562558
S2B_MSIL2A_20180217T062919_R077_T40QGL_20201013T222428_0000.jpg,S2B_MSIL2A_20180217T062919_R077_T40QGL_20201013T222428,0,2018-02,T40QGL,0.5420808867324476,0,0.7593347463562558
S2B_MSIL2A_20180217T062919_R077_T40QGL_20201013T222428_0001.jpg,S2B_MSIL2A_20180217T062919_R077_T40QGL_20201013T222428,0,2018-02,T40QGL,0.5420808867324476,0,0.7593347463562558
S2B_MSIL2A_20180319T062619_R077_T40QGL_20201013T111702_0000.jpg,S2B_MSIL2A_20180319T062619_R077_T40QGL_20201013T111702,0,2018-03,T40QGL,0.28445889312683775,0,0.7593347463562558
S2B_MSIL2A_20180319T062619_R077_T40QGL_20201013T111702_0001.jpg,S2B_MSIL2A_20180319T062619_R077_T40QGL_20201013T111702,0,2018-03,T40QGL,0.28445889312683775,0,0.7593347463562558
S2B_MSIL2A_20180408T062629_R077_T40QGL_20201012T195312_0000.jpg,S2B_MSIL2A_20180408T062629_R077_T40QGL_20201012T195312,1,2018-04,T40QGL,0.6307829763893357,0,0.7593347463562558
S2B_MSIL2A_20180408T062629_R077_T40QGL_20201012T195312_0001.jpg,S2B_MSIL2A_20180408T062629_R077_T40QGL_20201012T195312,1,2018-04,T40QGL,0.6307829763893357,0,0.7593347463562558
S2A_MSIL2A_20180413T062631_R077_T40QGL_20201012T214132_0000.jpg,S2A_MSIL2A_20180413T062631_R077_T40QGL_20201012T214132,1,2018-04,T40QGL,0.6249515975607457,0,0.7593347463562558
S2A_MSIL2A_20180413T062631_R077_T40QGL_20201012T214132_0001.jpg,S2A_MSIL2A_20180413T062631_R077_T40QGL_20201012T214132,1,2018-04,T40QGL,0.6249515975607457,0,0.7593347463562558
S2A_MSIL2A_20180503T062631_R077_T40QGL_20201012T051456_0000.jpg,S2A_MSIL2A_20180503T062631_R077_T40QGL_20201012T051456,0,2018-05,T40QGL,0.18731134892904994,0,0.7593347463562558
S2A_MSIL2A_20180503T062631_R077_T40QGL_20201012T051456_0001.jpg,S2A_MSIL2A_20180503T062631_R077_T40QGL_20201012T051456,0,2018-05,T40QGL,0.18731134892904994,0,0.7593347463562558
S2A_MSIL2A_20180513T062631_R077_T40QGL_20201012T091424_0000.jpg,S2A_MSIL2A_20180513T062631_R077_T40QGL_20201012T091424,0,2018-05,T40QGL,0.4551081160071116,0,0.7593347463562558
S2A_MSIL2A_20180513T062631_R077_T40QGL_20201012T091424_0001.jpg,S2A_MSIL2A_20180513T062631_R077_T40QGL_20201012T091424,0,2018-05,T40QGL,0.4551081160071116,0,0.7593347463562558
S2A_MSIL2A_20180523T062631_R077_T40QGL_20201012T131340_0000.jpg,S2A_MSIL2A_20180523T062631_R077_T40QGL_20201012T131340,0,2018-05,T40QGL,0.03363254576175248,0,0.7593347463562558
S2A_MSIL2A_20180523T062631_R077_T40QGL_20201012T131340_0001.jpg,S2A_MSIL2A_20180523T062631_R077_T40QGL_20201012T131340,0,2018-05,T40QGL,0.03363254576175248,0,0.7593347463562558
S2B_MSIL2A_20180528T062629_R077_T40QGL_20201026T110311_0000.jpg,S2B_MSIL2A_20180528T062629_R077_T40QGL_20201026T110311,1,2018-05,T40QGL,0.8719960806403617,1,0.7593347463562558
S2B_MSIL2A_20180528T062629_R077_T40QGL_20201026T110311_0001.jpg,S2B_MSIL2A_20180528T062629_R077_T40QGL_20201026T110311,1,2018-05,T40QGL,0.8719960806403617,1,0.7593347463562558
S2A_MSIL2A_20180602T062631_R077_T40QGL_20201026T120848_0000.jpg,S2A_MSIL2A_20180602T062631_R077_T40QGL_20201026T120848,0,2018-06,T40QGL,0.520417968212735,0,0.7593347463562558
S2A_MSIL2A_20180602T062631_R077_T40QGL_20201026T120848_0001.jpg,S2A_MSIL2A_20180602T062631_R077_T40QGL_20201026T120848,0,2018-06,T40QGL,0.520417968212735,0,0.7593347463562558
S2B_MSIL2A_20180617T062629_R077_T40QGL_20201011T231555_0000.jpg,S2B_MSIL2A_20180617T062629_R077_T40QGL_20201011T231555,0,2018-06,T40QGL,0.4318723996856527,0,0.7593347463562558
S2B_MSIL2A_20180617T062629_R077_T40QGL_20201011T231555_0001.jpg,S2B_MSIL2A_20180617T062629_R077_T40QGL_20201011T231555,0,2018-06,T40QGL,0.4318723996856527,0,0.7593347463562558
S2B_MSIL2A_20180707T062629_R077_T40QGL_20201011T130506_0000.jpg,S2B_MSIL2A_20180707T062629_R077_T40QGL_20201011T130506,1,2018-07,T40QGL,0.8495154204128275,1,0.7593347463562558
S2B_MSIL2A_20180707T062629_R077_T40QGL_20201011T130506_0001.jpg,S2B_MSIL2A_20180707T062629_R077_T40QGL_20201011T130506,1,2018-07,T40QGL,0.8495154204128275,1,0.7593347463562558
S2B_MSIL2A_20180806T062629_R077_T40QGL_20201010T220237_0000.jpg,S2B_MSIL2A_20180806T062629_R077_T40QGL_20201010T220237,0,2018-08,T40QGL,0.4602266378818029,0,0.7593347463562558
S2B_MSIL2A_20180806T062629_R077_T40QGL_20201010T220237_0001.jpg,S2B_MSIL2A_20180806T062629_R077_T40QGL_20201010T220237,0,2018-08,T40QGL,0.4602266378818029,0,0.7593347463562558
S2A_MSIL2A_20180811T062631_R077_T40QGL_20201011T000840_0000.jpg,S2A_MSIL2A_20180811T062631_R077_T40QGL_20201011T000840,0,2018-08,T40QGL,0.4602266378818029,0,0.7593347463562558
S2A_MSIL2A_20180811T062631_R077_T40QGL_20201011T000840_0001.jpg,S2A_MSIL2A_20180811T062631_R077_T40QGL_20201011T000840,0,2018-08,T40QGL,0.4602266378818029,0,0.7593347463562558
S2A_MSIL2A_20180821T062631_R077_T40QGL_20201011T044753_0000.jpg,S2A_MSIL2A_20180821T062631_R077_T40QGL_20201011T044753,0,2018-08,T40QGL,0.026180664948741217,0,0.7593347463562558
S2A_MSIL2A_20180821T062631_R077_T40QGL_20201011T044753_0001.jpg,S2A_MSIL2A_20180821T062631_R077_T40QGL_20201011T044753,0,2018-08,T40QGL,0.026180664948741217,0,0.7593347463562558
S2A_MSIL2A_20180831T062631_R077_T40QGL_20201103T173702_0000.jpg,S2A_MSIL2A_20180831T062631_R077_T40QGL_20201103T173702,0,2018-08,T40QGL,0.020989622276410717,0,0.7593347463562558
S2A_MSIL2A_20180831T062631_R077_T40QGL_20201103T173702_0001.jpg,S2A_MSIL2A_20180831T062631_R077_T40QGL_20201103T173702,0,2018-08,T40QGL,0.020989622276410717,0,0.7593347463562558
S2B_MSIL2A_20180905T062619_R077_T40QGL_20201011T085713_0000.jpg,S2B_MSIL2A_20180905T062619_R077_T40QGL_20201011T085713,0,2018-09,T40QGL,0.5262577965646608,0,0.7593347463562558
S2B_MSIL2A_20180905T062619_R077_T40QGL_20201011T085713_0001.jpg,S2B_MSIL2A_20180905T062619_R077_T40QGL_20201011T085713,0,2018-09,T40QGL,0.5262577965646608,0,0.7593347463562558
S2B_MSIL2A_20180915T062619_R077_T40QGL_20201009T012730_0000.jpg,S2B_MSIL2A_20180915T062619_R077_T40QGL_20201009T012730,0,2018-09,T40QGL,0.020573741310912993,0,0.7593347463562558
S2B_MSIL2A_20180915T062619_R077_T40QGL_20201009T012730_0001.jpg,S2B_MSIL2A_20180915T062619_R077_T40QGL_20201009T012730,0,2018-09,T40QGL,0.020573741310912993,0,0.7593347463562558
S2B_MSIL2A_20181005T062719_R077_T40QGL_20201009T082717_0000.jpg,S2B_MSIL2A_20181005T062719_R077_T40QGL_20201009T082717,0,2018-10,T40QGL,0.584964320826079,0,0.7593347463562558
S2B_MSIL2A_20181005T062719_R077_T40QGL_20201009T082717_0001.jpg,S2B_MSIL2A_20181005T062719_R077_T40QGL_20201009T082717,0,2018-10,T40QGL,0.584964320826079,0,0.7593347463562558
S2A_MSIL2A_20181010T062751_R077_T40QGL_20201009T100248_0000.jpg,S2A_MSIL2A_20181010T062751_R077_T40QGL_20201009T100248,1,2018-10,T40QGL,0.41527053484571114,0,0.7593347463562558
S2A_MSIL2A_20181010T062751_R077_T40QGL_20201009T100248_0001.jpg,S2A_MSIL2A_20181010T062751_R077_T40QGL_20201009T100248,1,2018-10,T40QGL,0.41527053484571114,0,0.7593347463562558
S2B_MSIL2A_20181104T063029_R077_T40QGL_20201008T154613_0000.jpg,S2B_MSIL2A_20181104T063029_R077_T40QGL_20201008T154613,1,2018-11,T40QGL,0.7576346999609376,0,0.7593347463562558
S2B_MSIL2A_20181104T063029_R077_T40QGL_20201008T154613_0001.jpg,S2B_MSIL2A_20181104T063029_R077_T40QGL_20201008T154613,1,2018-11,T40QGL,0.7576346999609376,0,0.7593347463562558
S2B_MSIL2A_20181114T063119_R077_T40QGL_20201008T183306_0000.jpg,S2B_MSIL2A_20181114T063119_R077_T40QGL_20201008T183306,0,2018-11,T40QGL,0.015025047175870129,0,0.7593347463562558
S2B_MSIL2A_20181114T063119_R077_T40QGL_20201008T183306_0001.jpg,S2B_MSIL2A_20181114T063119_R077_T40QGL_20201008T183306,0,2018-11,T40QGL,0.015025047175870129,0,0.7593347463562558
S2B_MSIL2A_20190103T063249_R077_T40QGL_20201007T222958_0000.jpg,S2B_MSIL2A_20190103T063249_R077_T40QGL_20201007T222958,0,2019-01,T40QGL,0.38831913758298575,0,0.7593347463562558
S2B_MSIL2A_20190103T063249_R077_T40QGL_20201007T222958_0001.jpg,S2B_MSIL2A_20190103T063249_R077_T40QGL_20201007T222958,0,2019-01,T40QGL,0.38831913758298575,0,0.7593347463562558
S2B_MSIL2A_20190304T062749_R077_T40QGL_20201030T140917_0000.jpg,S2B_MSIL2A_20190304T062749_R077_T40QGL_20201030T140917,0,2019-03,T40QGL,0.4817239322913255,0,0.7593347463562558
S2B_MSIL2A_20190304T062749_R077_T40QGL_20201030T140917_0001.jpg,S2B_MSIL2A_20190304T062749_R077_T40QGL_20201030T140917,0,2019-03,T40QGL,0.4817239322913255,0,0.7593347463562558
S2B_MSIL2A_20190314T062629_R077_T40QGL_20201007T063944_0000.jpg,S2B_MSIL2A_20190314T062629_R077_T40QGL_20201007T063944,1,2019-03,T40QGL,0.46390932033498516,0,0.7593347463562558
S2B_MSIL2A_20190314T062629_R077_T40QGL_20201007T063944_0001.jpg,S2B_MSIL2A_20190314T062629_R077_T40QGL_20201007T063944,1,2019-03,T40QGL,0.46390932033498516,0,0.7593347463562558
S2A_MSIL2A_20190408T062631_R077_T40QGL_20201006T233306_0000.jpg,S2A_MSIL2A_20190408T062631_R077_T40QGL_20201006T233306,1,2019-04,T40QGL,0.49127357491644325,0,0.7593347463562558
S2A_MSIL2A_20190408T062631_R077_T40QGL_20201006T233306_0001.jpg,S2A_MSIL2A_20190408T062631_R077_T40QGL_20201006T233306,1,2019-04,T40QGL,0.49127357491644325,0,0.7593347463562558
S2A_MSIL2A_20190418T062631_R077_T40QGL_20201007T032916_0000.jpg,S2A_MSIL2A_20190418T062631_R077_T40QGL_20201007T032916,0,2019-04,T40QGL,0.22693896277063544,0,0.7593347463562558
S2A_MSIL2A_20190418T062631_R077_T40QGL_20201007T032916_0001.jpg,S2A_MSIL2A_20190418T062631_R077_T40QGL_20201007T032916,0,2019-04,T40QGL,0.22693896277063544,0,0.7593347463562558
S2B_MSIL2A_20190503T062639_R077_T40QGL_20201006T093617_0000.jpg,S2B_MSIL2A_20190503T062639_R077_T40QGL_20201006T093617,0,2019-05,T40QGL,0.15984802161938538,0,0.7593347463562558
S2B_MSIL2A_20190503T062639_R077_T40QGL_20201006T093617_0001.jpg,S2B_MSIL2A_20190503T062639_R077_T40QGL_20201006T093617,0,2019-05,T40QGL,0.15984802161938538,0,0.7593347463562558
S2A_MSIL2A_20190528T062631_R077_T40QGL_20201006T191629_0000.jpg,S2A_MSIL2A_20190528T062631_R077_T40QGL_20201006T191629,0,2019-05,T40QGL,0.2928081859519719,0,0.7593347463562558
S2A_MSIL2A_20190528T062631_R077_T40QGL_20201006T191629_0001.jpg,S2A_MSIL2A_20190528T062631_R077_T40QGL_20201006T191629,0,2019-05,T40QGL,0.2928081859519719,0,0.7593347463562558
S2A_MSIL2A_20190607T062631_R077_T40QGL_20201005T230634_0000.jpg,S2A_MSIL2A_20190607T062631_R077_T40QGL_20201005T230634,0,2019-06,T40QGL,0.4355168033889755,0,0.7593347463562558
S2A_MSIL2A_20190607T062631_R077_T40QGL_20201005T230634_0001.jpg,S2A_MSIL2A_20190607T062631_R077_T40QGL_20201005T230634,0,2019-06,T40QGL,0.4355168033889755,0,0.7593347463562558
S2A_MSIL2A_20190627T062631_R077_T40QGL_20201006T065428_0000.jpg,S2A_MSIL2A_20190627T062631_R077_T40QGL_20201006T065428,0,2019-06,T40QGL,0.5496075321114663,0,0.7593347463562558
S2A_MSIL2A_20190627T062631_R077_T40QGL_20201006T065428_0001.jpg,S2A_MSIL2A_20190627T062631_R077_T40QGL_20201006T065428,0,2019-06,T40QGL,0.5496075321114663,0,0.7593347463562558
S2B_MSIL2A_20190702T062639_R077_T40QGL_20201005T081837_0000.jpg,S2B_MSIL2A_20190702T062639_R077_T40QGL_20201005T081837,1,2019-07,T40QGL,0.6976480013678185,0,0.7593347463562558
S2B_MSIL2A_20190702T062639_R077_T40QGL_20201005T081837_0001.jpg,S2B_MSIL2A_20190702T062639_R077_T40QGL_20201005T081837,1,2019-07,T40QGL,0.6976480013678185,0,0.7593347463562558
S2A_MSIL2A_20190816T062631_R077_T40QGL_20201005T005747_0000.jpg,S2A_MSIL2A_20190816T062631_R077_T40QGL_20201005T005747,1,2019-08,T40QGL,0.9159659063836356,1,0.7593347463562558
S2A_MSIL2A_20190816T062631_R077_T40QGL_20201005T005747_0001.jpg,S2A_MSIL2A_20190816T062631_R077_T40QGL_20201005T005747,1,2019-08,T40QGL,0.9159659063836356,1,0.7593347463562558
S2B_MSIL2A_20190821T062639_R077_T40QGL_20201005T030927_0000.jpg,S2B_MSIL2A_20190821T062639_R077_T40QGL_20201005T030927,0,2019-08,T40QGL,0.11355269583908444,0,0.7593347463562558
S2B_MSIL2A_20190821T062639_R077_T40QGL_20201005T030927_0001.jpg,S2B_MSIL2A_20190821T062639_R077_T40QGL_20201005T030927,0,2019-08,T40QGL,0.11355269583908444,0,0.7593347463562558
S2A_MSIL2A_20190826T062631_R077_T40QGL_20201005T045841_0000.jpg,S2A_MSIL2A_20190826T062631_R077_T40QGL_20201005T045841,0,2019-08,T40QGL,0.0959379107311589,0,0.7593347463562558
S2A_MSIL2A_20190826T062631_R077_T40QGL_20201005T045841_0001.jpg,S2A_MSIL2A_20190826T062631_R077_T40QGL_20201005T045841,0,2019-08,T40QGL,0.0959379107311589,0,0.7593347463562558
S2B_MSIL2A_20190910T062629_R077_T40QGL_20201004T113425_0000.jpg,S2B_MSIL2A_20190910T062629_R077_T40QGL_20201004T113425,1,2019-09,T40QGL,0.749643489482909,0,0.7593347463562558
S2B_MSIL2A_20190910T062629_R077_T40QGL_20201004T113425_0001.jpg,S2B_MSIL2A_20190910T062629_R077_T40QGL_20201004T113425,1,2019-09,T40QGL,0.749643489482909,0,0.7593347463562558
S2B_MSIL2A_20190930T062639_R077_T40QGL_20201004T185142_0000.jpg,S2B_MSIL2A_20190930T062639_R077_T40QGL_20201004T185142,0,2019-09,T40QGL,0.018714698649128347,0,0.7593347463562558
S2B_MSIL2A_20190930T062639_R077_T40QGL_20201004T185142_0001.jpg,S2B_MSIL2A_20190930T062639_R077_T40QGL_20201004T185142,0,2019-09,T40QGL,0.018714698649128347,0,0.7593347463562558
S2A_MSIL2A_20191015T062831_R077_T40QGL_20201004T022854_0000.jpg,S2A_MSIL2A_20191015T062831_R077_T40QGL_20201004T022854,0,2019-10,T40QGL,0.0719369650632205,0,0.7593347463562558
S2A_MSIL2A_20191015T062831_R077_T40QGL_20201004T022854_0001.jpg,S2A_MSIL2A_20191015T062831_R077_T40QGL_20201004T022854,0,2019-10,T40QGL,0.0719369650632205,0,0.7593347463562558
S2B_MSIL2A_20191020T062859_R077_T40QGL_20201004T042518_0000.jpg,S2B_MSIL2A_20191020T062859_R077_T40QGL_20201004T042518,0,2019-10,T40QGL,0.7149611588329741,0,0.7593347463562558
S2B_MSIL2A_20191020T062859_R077_T40QGL_20201004T042518_0001.jpg,S2B_MSIL2A_20191020T062859_R077_T40QGL_20201004T042518,0,2019-10,T40QGL,0.7149611588329741,0,0.7593347463562558
S2A_MSIL2A_20191025T062931_R077_T40QGL_20201004T055923_0000.jpg,S2A_MSIL2A_20191025T062931_R077_T40QGL_20201004T055923,0,2019-10,T40QGL,0.05691044897620905,0,0.7593347463562558
S2A_MSIL2A_20191025T062931_R077_T40QGL_20201004T055923_0001.jpg,S2A_MSIL2A_20191025T062931_R077_T40QGL_20201004T055923,0,2019-10,T40QGL,0.05691044897620905,0,0.7593347463562558
S2B_MSIL2A_20191119T063139_R077_T40QGL_20201003T180524_0000.jpg,S2B_MSIL2A_20191119T063139_R077_T40QGL_20201003T180524,1,2019-11,T40QGL,0.5758607877865891,0,0.7593347463562558
S2B_MSIL2A_20191119T063139_R077_T40QGL_20201003T180524_0001.jpg,S2B_MSIL2A_20191119T063139_R077_T40QGL_20201003T180524,1,2019-11,T40QGL,0.5758607877865891,0,0.7593347463562558
S2B_MSIL2A_20200118T063209_R077_T40QGL_20201002T202134_0000.jpg,S2B_MSIL2A_20200118T063209_R077_T40QGL_20201002T202134,1,2020-01,T40QGL,0.4781391334988449,0,0.7593347463562558
S2B_MSIL2A_20200118T063209_R077_T40QGL_20201002T202134_0001.jpg,S2B_MSIL2A_20200118T063209_R077_T40QGL_20201002T202134,1,2020-01,T40QGL,0.4781391334988449,0,0.7593347463562558
S2A_MSIL2A_20200303T062741_R077_T40QGL_20200926T050041_0000.jpg,S2A_MSIL2A_20200303T062741_R077_T40QGL_20200926T050041,0,2020-03,T40QGL,0.5138834329662818,0,0.7593347463562558
S2A_MSIL2A_20200303T062741_R077_T40QGL_20200926T050041_0001.jpg,S2A_MSIL2A_20200303T062741_R077_T40QGL_20200926T050041,0,2020-03,T40QGL,0.5138834329662818,0,0.7593347463562558
S2B_MSIL2A_20200328T062629_R077_T40QGL_20201027T122255_0000.jpg,S2B_MSIL2A_20200328T062629_R077_T40QGL_20201027T122255,0,2020-03,T40QGL,0.03634486839205744,0,0.7593347463562558
S2B_MSIL2A_20200328T062629_R077_T40QGL_20201027T122255_0001.jpg,S2B_MSIL2A_20200328T062629_R077_T40QGL_20201027T122255,0,2020-03,T40QGL,0.03634486839205744,0,0.7593347463562558
S2A_MSIL2A_20200402T062621_R077_T40QGL_20200924T160404_0000.jpg,S2A_MSIL2A_20200402T062621_R077_T40QGL_20200924T160404,1,2020-04,T40QGL,0.5699434706583208,0,0.7593347463562558
S2A_MSIL2A_20200402T062621_R077_T40QGL_20200924T160404_0001.jpg,S2A_MSIL2A_20200402T062621_R077_T40QGL_20200924T160404,1,2020-04,T40QGL,0.5699434706583208,0,0.7593347463562558
S2A_MSIL2A_20200512T062631_R077_T40QGL_20200917T210541_0000.jpg,S2A_MSIL2A_20200512T062631_R077_T40QGL_20200917T210541,0,2020-05,T40QGL,0.04438955676556988,0,0.7593347463562558
S2A_MSIL2A_20200512T062631_R077_T40QGL_20200917T210541_0001.jpg,S2A_MSIL2A_20200512T062631_R077_T40QGL_20200917T210541,0,2020-05,T40QGL,0.04438955676556988,0,0.7593347463562558
S2A_MSIL2A_20200522T062631_R077_T40QGL_20200910T130323_0000.jpg,S2A_MSIL2A_20200522T062631_R077_T40QGL_20200910T130323,0,2020-05,T40QGL,0.5931968028980846,0,0.7593347463562558
S2A_MSIL2A_20200522T062631_R077_T40QGL_20200910T130323_0001.jpg,S2A_MSIL2A_20200522T062631_R077_T40QGL_20200910T130323,0,2020-05,T40QGL,0.5931968028980846,0,0.7593347463562558
S2B_MSIL2A_20200527T062629_R077_T40QGL_20200911T043845_0000.jpg,S2B_MSIL2A_20200527T062629_R077_T40QGL_20200911T043845,1,2020-05,T40QGL,0.7451244989422686,0,0.7593347463562558
S2B_MSIL2A_20200527T062629_R077_T40QGL_20200911T043845_0001.jpg,S2B_MSIL2A_20200527T062629_R077_T40QGL_20200911T043845,1,2020-05,T40QGL,0.7451244989422686,0,0.7593347463562558
S2B_MSIL2A_20200606T062629_R077_T40QGL_20200909T170242_0000.jpg,S2B_MSIL2A_20200606T062629_R077_T40QGL_20200909T170242,0,2020-06,T40QGL,0.0477717838545912,0,0.7593347463562558
S2B_MSIL2A_20200606T062629_R077_T40QGL_20200909T170242_0001.jpg,S2B_MSIL2A_20200606T062629_R077_T40QGL_20200909T170242,0,2020-06,T40QGL,0.0477717838545912,0,0.7593347463562558
S2A_MSIL2A_20200611T062631_R077_T40QGL_20200909T170247_0000.jpg,S2A_MSIL2A_20200611T062631_R077_T40QGL_20200909T170247,0,2020-06,T40QGL,0.4955570358827115,0,0.7593347463562558
S2A_MSIL2A_20200611T062631_R077_T40QGL_20200909T170247_0001.jpg,S2A_MSIL2A_20200611T062631_R077_T40QGL_20200909T170247,0,2020-06,T40QGL,0.4955570358827115,0,0.7593347463562558
S2A_MSIL2A_20200701T062631_R077_T40QGL_20200824T190158_0000.jpg,S2A_MSIL2A_20200701T062631_R077_T40QGL_20200824T190158,0,2020-07,T40QGL,0.28451067196533875,0,0.7593347463562558
S2A_MSIL2A_20200701T062631_R077_T40QGL_20200824T190158_0001.jpg,S2A_MSIL2A_20200701T062631_R077_T40QGL_20200824T190158,0,2020-07,T40QGL,0.28451067196533875,0,0.7593347463562558
S2B_MSIL2A_20200805T062629_R077_T40QGL_20200815T032732_0000.jpg,S2B_MSIL2A_20200805T062629_R077_T40QGL_20200815T032732,0,2020-08,T40QGL,0.46614670694012206,0,0.7593347463562558
S2B_MSIL2A_20200805T062629_R077_T40QGL_20200815T032732_0001.jpg,S2B_MSIL2A_20200805T062629_R077_T40QGL_20200815T032732,0,2020-08,T40QGL,0.46614670694012206,0,0.7593347463562558
S2B_MSIL2A_20200904T062629_R077_T40QGL_20200919T090132_0000.jpg,S2B_MSIL2A_20200904T062629_R077_T40QGL_20200919T090132,0,2020-09,T40QGL,0.0198485699887338,0,0.7593347463562558
S2B_MSIL2A_20200904T062629_R077_T40QGL_20200919T090132_0001.jpg,S2B_MSIL2A_20200904T062629_R077_T40QGL_20200919T090132,0,2020-09,T40QGL,0.0198485699887338,0,0.7593347463562558
S2A_MSIL2A_20200919T062631_R077_T40QGL_20200922T213558_0000.jpg,S2A_MSIL2A_20200919T062631_R077_T40QGL_20200922T213558,0,2020-09,T40QGL,0.5992566776826262,0,0.7593347463562558
S2A_MSIL2A_20200919T062631_R077_T40QGL_20200922T213558_0001.jpg,S2A_MSIL2A_20200919T062631_R077_T40QGL_20200922T213558,0,2020-09,T40QGL,0.5992566776826262,0,0.7593347463562558
S2A_MSIL2A_20201009T062801_R077_T40QGL_20201011T131957_0000.jpg,S2A_MSIL2A_20201009T062801_R077_T40QGL_20201011T131957,0,2020-10,T40QGL,0.31822354652533136,0,0.7593347463562558
S2A_MSIL2A_20201009T062801_R077_T40QGL_20201011T131957_0001.jpg,S2A_MSIL2A_20201009T062801_R077_T40QGL_20201011T131957,0,2020-10,T40QGL,0.31822354652533136,0,0.7593347463562558
S2B_MSIL2A_20201113T063119_R077_T40QGL_20201115T062038_0000.jpg,S2B_MSIL2A_20201113T063119_R077_T40QGL_20201115T062038,0,2020-11,T40QGL,0.17571325321826112,0,0.7593347463562558
S2B_MSIL2A_20201113T063119_R077_T40QGL_20201115T062038_0001.jpg,S2B_MSIL2A_20201113T063119_R077_T40QGL_20201115T062038,0,2020-11,T40QGL,0.17571325321826112,0,0.7593347463562558
S2B_MSIL2A_20201203T063229_R077_T40QGL_20201204T002719_0000.jpg,S2B_MSIL2A_20201203T063229_R077_T40QGL_20201204T002719,0,2020-12,T40QGL,0.016692902518192058,0,0.7593347463562558
S2B_MSIL2A_20201203T063229_R077_T40QGL_20201204T002719_0001.jpg,S2B_MSIL2A_20201203T063229_R077_T40QGL_20201204T002719,0,2020-12,T40QGL,0.016692902518192058,0,0.7593347463562558
S2A_MSIL2A_20201228T063301_R077_T40QGL_20210113T144450_0000.jpg,S2A_MSIL2A_20201228T063301_R077_T40QGL_20210113T144450,0,2020-12,T40QGL,0.6476855597866783,0,0.7593347463562558
S2A_MSIL2A_20201228T063301_R077_T40QGL_20210113T144450_0001.jpg,S2A_MSIL2A_20201228T063301_R077_T40QGL_20210113T144450,0,2020-12,T40QGL,0.6476855597866783,0,0.7593347463562558
S2B_MSIL2A_20210102T063249_R077_T40QGL_20210102T170534_0000.jpg,S2B_MSIL2A_20210102T063249_R077_T40QGL_20210102T170534,0,2021-01,T40QGL,0.019077002328269605,0,0.7593347463562558
S2B_MSIL2A_20210102T063249_R077_T40QGL_20210102T170534_0001.jpg,S2B_MSIL2A_20210102T063249_R077_T40QGL_20210102T170534,0,2021-01,T40QGL,0.019077002328269605,0,0.7593347463562558
S2B_MSIL2A_20210112T063229_R077_T40QGL_20210112T195729_0000.jpg,S2B_MSIL2A_20210112T063229_R077_T40QGL_20210112T195729,1,2021-01,T40QGL,0.9420378552756824,1,0.7593347463562558
S2B_MSIL2A_20210112T063229_R077_T40QGL_20210112T195729_0001.jpg,S2B_MSIL2A_20210112T063229_R077_T40QGL_20210112T195729,1,2021-01,T40QGL,0.9420378552756824,1,0.7593347463562558
S2B_MSIL2A_20210201T063059_R077_T40QGL_20210202T030519_0000.jpg,S2B_MSIL2A_20210201T063059_R077_T40QGL_20210202T030519,0,2021-02,T40QGL,0.12047966118626352,0,0.7593347463562558
S2B_MSIL2A_20210201T063059_R077_T40QGL_20210202T030519_0001.jpg,S2B_MSIL2A_20210201T063059_R077_T40QGL_20210202T030519,0,2021-02,T40QGL,0.12047966118626352,0,0.7593347463562558
S2A_MSIL2A_20210216T062931_R077_T40QGL_20210419T220332_0000.jpg,S2A_MSIL2A_20210216T062931_R077_T40QGL_20210419T220332,0,2021-02,T40QGL,0.3710303503384905,0,0.7593347463562558
S2A_MSIL2A_20210216T062931_R077_T40QGL_20210419T220332_0001.jpg,S2A_MSIL2A_20210216T062931_R077_T40QGL_20210419T220332,0,2021-02,T40QGL,0.3710303503384905,0,0.7593347463562558
S2B_MSIL2A_20210221T062859_R077_T40QGL_20210221T175910_0000.jpg,S2B_MSIL2A_20210221T062859_R077_T40QGL_20210221T175910,0,2021-02,T40QGL,0.09031765346324665,0,0.7593347463562558
S2B_MSIL2A_20210221T062859_R077_T40QGL_20210221T175910_0001.jpg,S2B_MSIL2A_20210221T062859_R077_T40QGL_20210221T175910,0,2021-02,T40QGL,0.09031765346324665,0,0.7593347463562558
S2B_MSIL2A_20210303T062749_R077_T40QGL_20210303T194138_0000.jpg,S2B_MSIL2A_20210303T062749_R077_T40QGL_20210303T194138,1,2021-03,T40QGL,0.8133129511179029,1,0.7593347463562558
S2B_MSIL2A_20210303T062749_R077_T40QGL_20210303T194138_0001.jpg,S2B_MSIL2A_20210303T062749_R077_T40QGL_20210303T194138,1,2021-03,T40QGL,0.8133129511179029,1,0.7593347463562558
S2A_MSIL2A_20210318T062631_R077_T40QGL_20210318T222033_0000.jpg,S2A_MSIL2A_20210318T062631_R077_T40QGL_20210318T222033,0,2021-03,T40QGL,0.24543804518956058,0,0.7593347463562558
S2A_MSIL2A_20210318T062631_R077_T40QGL_20210318T222033_0001.jpg,S2A_MSIL2A_20210318T062631_R077_T40QGL_20210318T222033,0,2021-03,T40QGL,0.24543804518956058,0,0.7593347463562558
S2B_MSIL2A_20210402T062629_R077_T40QGL_20210402T233313_0000.jpg,S2B_MSIL2A_20210402T062629_R077_T40QGL_20210402T233313,1,2021-04,T40QGL,0.7358819421058976,0,0.7593347463562558
S2B_MSIL2A_20210402T062629_R077_T40QGL_20210402T233313_0001.jpg,S2B_MSIL2A_20210402T062629_R077_T40QGL_20210402T233313,1,2021-04,T40QGL,0.7358819421058976,0,0.7593347463562558
S2B_MSIL2A_20210422T062619_R077_T40QGL_20210422T195008_0000.jpg,S2B_MSIL2A_20210422T062619_R077_T40QGL_20210422T195008,0,2021-04,T40QGL,0.03716096297612276,0,0.7593347463562558
S2B_MSIL2A_20210422T062619_R077_T40QGL_20210422T195008_0001.jpg,S2B_MSIL2A_20210422T062619_R077_T40QGL_20210422T195008,0,2021-04,T40QGL,0.03716096297612276,0,0.7593347463562558
S2A_MSIL2A_20210517T062631_R077_T40QGL_20210518T194257_0000.jpg,S2A_MSIL2A_20210517T062631_R077_T40QGL_20210518T194257,0,2021-05,T40QGL,0.04058883070071836,0,0.7593347463562558
S2A_MSIL2A_20210517T062631_R077_T40QGL_20210518T194257_0001.jpg,S2A_MSIL2A_20210517T062631_R077_T40QGL_20210518T194257,0,2021-05,T40QGL,0.04058883070071836,0,0.7593347463562558
S2A_MSIL2A_20210527T062631_R077_T40QGL_20210527T194319_0000.jpg,S2A_MSIL2A_20210527T062631_R077_T40QGL_20210527T194319,1,2021-05,T40QGL,0.7588064216928005,0,0.7593347463562558
S2A_MSIL2A_20210527T062631_R077_T40QGL_20210527T194319_0001.jpg,S2A_MSIL2A_20210527T062631_R077_T40QGL_20210527T194319,1,2021-05,T40QGL,0.7588064216928005,0,0.7593347463562558
S2B_MSIL2A_20210601T062629_R077_T40QGL_20210601T190640_0000.jpg,S2B_MSIL2A_20210601T062629_R077_T40QGL_20210601T190640,0,2021-06,T40QGL,0.04254312956030424,0,0.7593347463562558
S2B_MSIL2A_20210601T062629_R077_T40QGL_20210601T190640_0001.jpg,S2B_MSIL2A_20210601T062629_R077_T40QGL_20210601T190640,0,2021-06,T40QGL,0.04254312956030424,0,0.7593347463562558
S2B_MSIL2A_20210621T062629_R077_T40QGL_20210624T121902_0000.jpg,S2B_MSIL2A_20210621T062629_R077_T40QGL_20210624T121902,0,2021-06,T40QGL,0.27108404734638586,0,0.7593347463562558
S2B_MSIL2A_20210621T062629_R077_T40QGL_20210624T121902_0001.jpg,S2B_MSIL2A_20210621T062629_R077_T40QGL_20210624T121902,0,2021-06,T40QGL,0.27108404734638586,0,0.7593347463562558
S2A_MSIL2A_20210626T062631_R077_T40QGL_20210626T143353_0000.jpg,S2A_MSIL2A_20210626T062631_R077_T40QGL_20210626T143353,1,2021-06,T40QGL,0.7826634373094475,1,0.7593347463562558
S2A_MSIL2A_20210626T062631_R077_T40QGL_20210626T143353_0001.jpg,S2A_MSIL2A_20210626T062631_R077_T40QGL_20210626T143353,1,2021-06,T40QGL,0.7826634373094475,1,0.7593347463562558
S2A_MSIL2A_20210706T062631_R077_T40QGL_20210706T183652_0000.jpg,S2A_MSIL2A_20210706T062631_R077_T40QGL_20210706T183652,0,2021-07,T40QGL,0.4264936235973561,0,0.7593347463562558
S2A_MSIL2A_20210706T062631_R077_T40QGL_20210706T183652_0001.jpg,S2A_MSIL2A_20210706T062631_R077_T40QGL_20210706T183652,0,2021-07,T40QGL,0.4264936235973561,0,0.7593347463562558
S2B_MSIL2A_20210820T062629_R077_T40QGL_20210820T125555_0000.jpg,S2B_MSIL2A_20210820T062629_R077_T40QGL_20210820T125555,0,2021-08,T40QGL,0.7521710587126601,0,0.7593347463562558
S2B_MSIL2A_20210820T062629_R077_T40QGL_20210820T125555_0001.jpg,S2B_MSIL2A_20210820T062629_R077_T40QGL_20210820T125555,0,2021-08,T40QGL,0.7521710587126601,0,0.7593347463562558
S2A_MSIL2A_20210825T062631_R077_T40QGL_20210825T175916_0000.jpg,S2A_MSIL2A_20210825T062631_R077_T40QGL_20210825T175916,0,2021-08,T40QGL,0.03500115316389009,0,0.7593347463562558
S2A_MSIL2A_20210825T062631_R077_T40QGL_20210825T175916_0001.jpg,S2A_MSIL2A_20210825T062631_R077_T40QGL_20210825T175916,0,2021-08,T40QGL,0.03500115316389009,0,0.7593347463562558
S2A_MSIL2A_20210904T062631_R077_T40QGL_20210904T162838_0000.jpg,S2A_MSIL2A_20210904T062631_R077_T40QGL_20210904T162838,1,2021-09,T40QGL,0.6542602622323688,0,0.7593347463562558
S2A_MSIL2A_20210904T062631_R077_T40QGL_20210904T162838_0001.jpg,S2A_MSIL2A_20210904T062631_R077_T40QGL_20210904T162838,1,2021-09,T40QGL,0.6542602622323688,0,0.7593347463562558
S2A_MSIL2A_20210924T062631_R077_T40QGL_20210925T024150_0000.jpg,S2A_MSIL2A_20210924T062631_R077_T40QGL_20210925T024150,1,2021-09,T40QGL,0.5708397225479795,0,0.7593347463562558
S2A_MSIL2A_20210924T062631_R077_T40QGL_20210925T024150_0001.jpg,S2A_MSIL2A_20210924T062631_R077_T40QGL_20210925T024150,1,2021-09,T40QGL,0.5708397225479795,0,0.7593347463562558
S2B_MSIL2A_20211009T062749_R077_T40QGL_20211009T174740_0000.jpg,S2B_MSIL2A_20211009T062749_R077_T40QGL_20211009T174740,0,2021-10,T40QGL,0.27073510704443227,0,0.7593347463562558
S2B_MSIL2A_20211009T062749_R077_T40QGL_20211009T174740_0001.jpg,S2B_MSIL2A_20211009T062749_R077_T40QGL_20211009T174740,0,2021-10,T40QGL,0.27073510704443227,0,0.7593347463562558
S2B_MSIL2A_20211019T062859_R077_T40QGL_20211020T001424_0000.jpg,S2B_MSIL2A_20211019T062859_R077_T40QGL_20211020T001424,0,2021-10,T40QGL,0.029524010250863993,0,0.7593347463562558
S2B_MSIL2A_20211019T062859_R077_T40QGL_20211020T001424_0001.jpg,S2B_MSIL2A_20211019T062859_R077_T40QGL_20211020T001424,0,2021-10,T40QGL,0.029524010250863993,0,0.7593347463562558
S2B_MSIL2A_20211029T062959_R077_T40QGL_20211029T195714_0000.jpg,S2B_MSIL2A_20211029T062959_R077_T40QGL_20211029T195714,0,2021-10,T40QGL,0.005905487695371035,0,0.7593347463562558
S2B_MSIL2A_20211029T062959_R077_T40QGL_20211029T195714_0001.jpg,S2B_MSIL2A_20211029T062959_R077_T40QGL_20211029T195714,0,2021-10,T40QGL,0.005905487695371035,0,0.7593347463562558
S2B_MSIL2A_20211108T063049_R077_T40QGL_20211109T065345_0000.jpg,S2B_MSIL2A_20211108T063049_R077_T40QGL_20211109T065345,0,2021-11,T40QGL,0.4028195800377757,0,0.7593347463562558
S2B_MSIL2A_20211108T063049_R077_T40QGL_20211109T065345_0001.jpg,S2B_MSIL2A_20211108T063049_R077_T40QGL_20211109T065345,0,2021-11,T40QGL,0.4028195800377757,0,0.7593347463562558
S2B_MSIL2A_20211118T063139_R077_T40QGL_20211118T164048_0000.jpg,S2B_MSIL2A_20211118T063139_R077_T40QGL_20211118T164048,0,2021-11,T40QGL,0.03718408991363743,0,0.7593347463562558
S2B_MSIL2A_20211118T063139_R077_T40QGL_20211118T164048_0001.jpg,S2B_MSIL2A_20211118T063139_R077_T40QGL_20211118T164048,0,2021-11,T40QGL,0.03718408991363743,0,0.7593347463562558
S2A_MSIL2A_20211203T063231_R077_T40QGL_20230126T013843_0000.jpg,S2A_MSIL2A_20211203T063231_R077_T40QGL_20230126T013843,0,2021-12,T40QGL,0.03415900645842719,0,0.7593347463562558
S2A_MSIL2A_20211203T063231_R077_T40QGL_20230126T013843_0001.jpg,S2A_MSIL2A_20211203T063231_R077_T40QGL_20230126T013843,0,2021-12,T40QGL,0.03415900645842719,0,0.7593347463562558
S2A_MSIL2A_20211213T063251_R077_T40QGL_20211213T193032_0000.jpg,S2A_MSIL2A_20211213T063251_R077_T40QGL_20211213T193032,1,2021-12,T40QGL,0.8980721307690246,1,0.7593347463562558
S2A_MSIL2A_20211213T063251_R077_T40QGL_20211213T193032_0001.jpg,S2A_MSIL2A_20211213T063251_R077_T40QGL_20211213T193032,1,2021-12,T40QGL,0.8980721307690246,1,0.7593347463562558
S2A_MSIL2A_20220112T063231_R077_T40QGL_20220113T005232_0000.jpg,S2A_MSIL2A_20220112T063231_R077_T40QGL_20220113T005232,0,2022-01,T40QGL,0.05250599779881692,0,0.7593347463562558
S2A_MSIL2A_20220112T063231_R077_T40QGL_20220113T005232_0001.jpg,S2A_MSIL2A_20220112T063231_R077_T40QGL_20220113T005232,0,2022-01,T40QGL,0.05250599779881692,0,0.7593347463562558
S2B_MSIL2A_20220117T063209_R077_T40QGL_20220117T220547_0000.jpg,S2B_MSIL2A_20220117T063209_R077_T40QGL_20220117T220547,1,2022-01,T40QGL,0.8941992426317177,1,0.7593347463562558
S2B_MSIL2A_20220117T063209_R077_T40QGL_20220117T220547_0001.jpg,S2B_MSIL2A_20220117T063209_R077_T40QGL_20220117T220547,1,2022-01,T40QGL,0.8941992426317177,1,0.7593347463562558
S2B_MSIL2A_20220127T063129_R077_T40QGL_20220212T101939_0000.jpg,S2B_MSIL2A_20220127T063129_R077_T40QGL_20220212T101939,0,2022-01,T40QGL,0.026196051697212924,0,0.7593347463562558
S2B_MSIL2A_20220127T063129_R077_T40QGL_20220212T101939_0001.jpg,S2B_MSIL2A_20220127T063129_R077_T40QGL_20220212T101939,0,2022-01,T40QGL,0.026196051697212924,0,0.7593347463562558
S2B_MSIL2A_20220206T063029_R077_T40QGL_20220219T104932_0000.jpg,S2B_MSIL2A_20220206T063029_R077_T40QGL_20220219T104932,1,2022-02,T40QGL,0.8583398377276974,1,0.7593347463562558
S2B_MSIL2A_20220206T063029_R077_T40QGL_20220219T104932_0001.jpg,S2B_MSIL2A_20220206T063029_R077_T40QGL_20220219T104932,1,2022-02,T40QGL,0.8583398377276974,1,0.7593347463562558
S2B_MSIL2A_20220216T062929_R077_T40QGL_20220224T005721_0000.jpg,S2B_MSIL2A_20220216T062929_R077_T40QGL_20220224T005721,1,2022-02,T40QGL,0.8149506829323279,1,0.7593347463562558
S2B_MSIL2A_20220216T062929_R077_T40QGL_20220224T005721_0001.jpg,S2B_MSIL2A_20220216T062929_R077_T40QGL_20220224T005721,1,2022-02,T40QGL,0.8149506829323279,1,0.7593347463562558
S2B_MSIL2A_20220226T062819_R077_T40QGL_20240530T061418_0000.jpg,S2B_MSIL2A_20220226T062819_R077_T40QGL_20240530T061418,0,2022-02,T40QGL,0.08250772892352848,0,0.7593347463562558
S2B_MSIL2A_20220226T062819_R077_T40QGL_20240530T061418_0001.jpg,S2B_MSIL2A_20220226T062819_R077_T40QGL_20240530T061418,0,2022-02,T40QGL,0.08250772892352848,0,0.7593347463562558
S2B_MSIL2A_20220328T062629_R077_T40QGL_20220328T200104_0000.jpg,S2B_MSIL2A_20220328T062629_R077_T40QGL_20220328T200104,0,2022-03,T40QGL,0.46756747038996416,0,0.7593347463562558
S2B_MSIL2A_20220328T062629_R077_T40QGL_20220328T200104_0001.jpg,S2B_MSIL2A_20220328T062629_R077_T40QGL_20220328T200104,0,2022-03,T40QGL,0.46756747038996416,0,0.7593347463562558
S2B_MSIL2A_20220407T062629_R077_T40QGL_20240524T024647_0000.jpg,S2B_MSIL2A_20220407T062629_R077_T40QGL_20240524T024647,0,2022-04,T40QGL,0.02827049222688389,0,0.7593347463562558
S2B_MSIL2A_20220407T062629_R077_T40QGL_20240524T024647_0001.jpg,S2B_MSIL2A_20220407T062629_R077_T40QGL_20240524T024647,0,2022-04,T40QGL,0.02827049222688389,0,0.7593347463562558
S2B_MSIL2A_20220427T062619_R077_T40QGL_20240608T214451_0000.jpg,S2B_MSIL2A_20220427T062619_R077_T40QGL_20240608T214451,1,2022-04,T40QGL,0.7713916409704422,1,0.7593347463562558
S2B_MSIL2A_20220427T062619_R077_T40QGL_20240608T214451_0001.jpg,S2B_MSIL2A_20220427T062619_R077_T40QGL_20240608T214451,1,2022-04,T40QGL,0.7713916409704422,1,0.7593347463562558
S2A_MSIL2A_20220502T062631_R077_T40QGL_20240524T172347_0000.jpg,S2A_MSIL2A_20220502T062631_R077_T40QGL_20240524T172347,0,2022-05,T40QGL,0.1031393196101805,0,0.7593347463562558
S2A_MSIL2A_20220502T062631_R077_T40QGL_20240524T172347_0001.jpg,S2A_MSIL2A_20220502T062631_R077_T40QGL_20240524T172347,0,2022-05,T40QGL,0.1031393196101805,0,0.7593347463562558
S2A_MSIL2A_20220512T062631_R077_T40QGL_20220514T054750_0000.jpg,S2A_MSIL2A_20220512T062631_R077_T40QGL_20220514T054750,0,2022-05,T40QGL,0.03620655189989335,0,0.7593347463562558
S2A_MSIL2A_20220512T062631_R077_T40QGL_20220514T054750_0001.jpg,S2A_MSIL2A_20220512T062631_R077_T40QGL_20220514T054750,0,2022-05,T40QGL,0.03620655189989335,0,0.7593347463562558
S2B_MSIL2A_20220527T062629_R077_T40QGL_20240613T145757_0000.jpg,S2B_MSIL2A_20220527T062629_R077_T40QGL_20240613T145757,0,2022-05,T40QGL,0.6427512351501967,0,0.7593347463562558
S2B_MSIL2A_20220527T062629_R077_T40QGL_20240613T145757_0001.jpg,S2B_MSIL2A_20220527T062629_R077_T40QGL_20240613T145757,0,2022-05,T40QGL,0.6427512351501967,0,0.7593347463562558
S2B_MSIL2A_20220606T062629_R077_T40QGL_20240718T023037_0000.jpg,S2B_MSIL2A_20220606T062629_R077_T40QGL_20240718T023037,0,2022-06,T40QGL,0.053237025110851446,0,0.7593347463562558
S2B_MSIL2A_20220606T062629_R077_T40QGL_20240718T023037_0001.jpg,S2B_MSIL2A_20220606T062629_R077_T40QGL_20240718T023037,0,2022-06,T40QGL,0.053237025110851446,0,0.7593347463562558
S2A_MSIL2A_20220611T062641_R077_T40QGL_20220612T043050_0000.jpg,S2A_MSIL2A_20220611T062641_R077_T40QGL_20220612T043050,0,2022-06,T40QGL,0.5923463391978435,0,0.7593347463562558
S2A_MSIL2A_20220611T062641_R077_T40QGL_20220612T043050_0001.jpg,S2A_MSIL2A_20220611T062641_R077_T40QGL_20220612T043050,0,2022-06,T40QGL,0.5923463391978435,0,0.7593347463562558
S2A_MSIL2A_20220621T062641_R077_T40QGL_20220622T012510_0000.jpg,S2A_MSIL2A_20220621T062641_R077_T40QGL_20220622T012510,0,2022-06,T40QGL,0.024251464230275806,0,0.7593347463562558
S2A_MSIL2A_20220621T062641_R077_T40QGL_20220622T012510_0001.jpg,S2A_MSIL2A_20220621T062641_R077_T40QGL_20220622T012510,0,2022-06,T40QGL,0.024251464230275806,0,0.7593347463562558
S2A_MSIL2A_20220711T062641_R077_T40QGL_20220713T004053_0000.jpg,S2A_MSIL2A_20220711T062641_R077_T40QGL_20220713T004053,0,2022-07,T40QGL,0.008955571212051353,0,0.7593347463562558
S2A_MSIL2A_20220711T062641_R077_T40QGL_20220713T004053_0001.jpg,S2A_MSIL2A_20220711T062641_R077_T40QGL_20220713T004053,0,2022-07,T40QGL,0.008955571212051353,0,0.7593347463562558
S2A_MSIL2A_20220721T062641_R077_T40QGL_20220723T060616_0000.jpg,S2A_MSIL2A_20220721T062641_R077_T40QGL_20220723T060616,1,2022-07,T40QGL,0.8682054294374285,1,0.7593347463562558
S2A_MSIL2A_20220721T062641_R077_T40QGL_20220723T060616_0001.jpg,S2A_MSIL2A_20220721T062641_R077_T40QGL_20220723T060616,1,2022-07,T40QGL,0.8682054294374285,1,0.7593347463562558
S2A_MSIL2A_20220820T062641_R077_T40QGL_20220820T144542_0000.jpg,S2A_MSIL2A_20220820T062641_R077_T40QGL_20220820T144542,1,2022-08,T40QGL,0.6302384868608607,0,0.7593347463562558
S2A_MSIL2A_20220820T062641_R077_T40QGL_20220820T144542_0001.jpg,S2A_MSIL2A_20220820T062641_R077_T40QGL_20220820T144542,1,2022-08,T40QGL,0.6302384868608607,0,0.7593347463562558
S2A_MSIL2A_20220909T062641_R077_T40QGL_20220909T171558_0000.jpg,S2A_MSIL2A_20220909T062641_R077_T40QGL_20220909T171558,0,2022-09,T40QGL,0.050464077473596165,0,0.7593347463562558
S2A_MSIL2A_20220909T062641_R077_T40QGL_20220909T171558_0001.jpg,S2A_MSIL2A_20220909T062641_R077_T40QGL_20220909T171558,0,2022-09,T40QGL,0.050464077473596165,0,0.7593347463562558
S2A_MSIL2A_20220929T062651_R077_T40QGL_20220929T190714_0000.jpg,S2A_MSIL2A_20220929T062651_R077_T40QGL_20220929T190714,0,2022-09,T40QGL,0.603971416529658,0,0.7593347463562558
S2A_MSIL2A_20220929T062651_R077_T40QGL_20220929T190714_0001.jpg,S2A_MSIL2A_20220929T062651_R077_T40QGL_20220929T190714,0,2022-09,T40QGL,0.603971416529658,0,0.7593347463562558
S2B_MSIL2A_20221004T062709_R077_T40QGL_20221004T215420_0000.jpg,S2B_MSIL2A_20221004T062709_R077_T40QGL_20221004T215420,0,2022-10,T40QGL,0.8167044369961494,1,0.7593347463562558
S2B_MSIL2A_20221004T062709_R077_T40QGL_20221004T215420_0001.jpg,S2B_MSIL2A_20221004T062709_R077_T40QGL_20221004T215420,0,2022-10,T40QGL,0.8167044369961494,1,0.7593347463562558
S2A_MSIL2A_20221009T062751_R077_T40QGL_20240717T113900_0000.jpg,S2A_MSIL2A_20221009T062751_R077_T40QGL_20240717T113900,0,2022-10,T40QGL,0.26122434340260153,0,0.7593347463562558
S2A_MSIL2A_20221009T062751_R077_T40QGL_20240717T113900_0001.jpg,S2A_MSIL2A_20221009T062751_R077_T40QGL_20240717T113900,0,2022-10,T40QGL,0.26122434340260153,0,0.7593347463562558
S2B_MSIL2A_20221024T062929_R077_T40QGL_20240724T101405_0000.jpg,S2B_MSIL2A_20221024T062929_R077_T40QGL_20240724T101405,0,2022-10,T40QGL,0.005436369389128748,0,0.7593347463562558
S2B_MSIL2A_20221024T062929_R077_T40QGL_20240724T101405_0001.jpg,S2B_MSIL2A_20221024T062929_R077_T40QGL_20240724T101405,0,2022-10,T40QGL,0.005436369389128748,0,0.7593347463562558
S2A_MSIL2A_20221029T063001_R077_T40QGL_20240716T225017_0000.jpg,S2A_MSIL2A_20221029T063001_R077_T40QGL_20240716T225017,0,2022-10,T40QGL,0.02278150686031432,0,0.7593347463562558
S2A_MSIL2A_20221029T063001_R077_T40QGL_20240716T225017_0001.jpg,S2A_MSIL2A_20221029T063001_R077_T40QGL_20240716T225017,0,2022-10,T40QGL,0.02278150686031432,0,0.7593347463562558
S2A_MSIL2A_20221118T063141_R077_T40QGL_20240804T234922_0000.jpg,S2A_MSIL2A_20221118T063141_R077_T40QGL_20240804T234922,0,2022-11,T40QGL,0.2971116508238465,0,0.7593347463562558
S2A_MSIL2A_20221118T063141_R077_T40QGL_20240804T234922_0001.jpg,S2A_MSIL2A_20221118T063141_R077_T40QGL_20240804T234922,0,2022-11,T40QGL,0.2971116508238465,0,0.7593347463562558
S2A_MSIL2A_20221218T063301_R077_T40QGL_20221218T225913_0000.jpg,S2A_MSIL2A_20221218T063301_R077_T40QGL_20221218T225913,0,2022-12,T40QGL,0.321187859813894,0,0.7593347463562558
S2A_MSIL2A_20221218T063301_R077_T40QGL_20221218T225913_0001.jpg,S2A_MSIL2A_20221218T063301_R077_T40QGL_20221218T225913,0,2022-12,T40QGL,0.321187859813894,0,0.7593347463562558
S2A_MSIL2A_20230318T062631_R077_T40QGL_20240823T221610_0000.jpg,S2A_MSIL2A_20230318T062631_R077_T40QGL_20240823T221610,0,2023-03,T40QGL,0.26349851340936487,0,0.7593347463562558
S2A_MSIL2A_20230318T062631_R077_T40QGL_20240823T221610_0001.jpg,S2A_MSIL2A_20230318T062631_R077_T40QGL_20240823T221610,0,2023-03,T40QGL,0.26349851340936487,0,0.7593347463562558
S2A_MSIL2A_20230427T062631_R077_T40QGL_20230427T122322_0000.jpg,S2A_MSIL2A_20230427T062631_R077_T40QGL_20230427T122322,0,2023-04,T40QGL,0.4806726128558711,0,0.7593347463562558
S2A_MSIL2A_20230427T062631_R077_T40QGL_20230427T122322_0001.jpg,S2A_MSIL2A_20230427T062631_R077_T40QGL_20230427T122322,0,2023-04,T40QGL,0.4806726128558711,0,0.7593347463562558
S2B_MSIL2A_20230502T062629_R077_T40QGL_20240812T054336_0000.jpg,S2B_MSIL2A_20230502T062629_R077_T40QGL_20240812T054336,0,2023-05,T40QGL,0.5329800604779849,0,0.7593347463562558
S2B_MSIL2A_20230502T062629_R077_T40QGL_20240812T054336_0001.jpg,S2B_MSIL2A_20230502T062629_R077_T40QGL_20240812T054336,0,2023-05,T40QGL,0.5329800604779849,0,0.7593347463562558
S2A_MSIL2A_20230517T062631_R077_T40QGL_20230517T122121_0000.jpg,S2A_MSIL2A_20230517T062631_R077_T40QGL_20230517T122121,0,2023-05,T40QGL,0.030659138131204213,0,0.7593347463562558
S2A_MSIL2A_20230517T062631_R077_T40QGL_20230517T122121_0001.jpg,S2A_MSIL2A_20230517T062631_R077_T40QGL_20230517T122121,0,2023-05,T40QGL,0.030659138131204213,0,0.7593347463562558
S2B_MSIL2A_20230601T062629_R077_T40QGL_20241002T090907_0000.jpg,S2B_MSIL2A_20230601T062629_R077_T40QGL_20241002T090907,0,2023-06,T40QGL,0.2983664949757595,0,0.7593347463562558
S2B_MSIL2A_20230601T062629_R077_T40QGL_20241002T090907_0001.jpg,S2B_MSIL2A_20230601T062629_R077_T40QGL_20241002T090907,0,2023-06,T40QGL,0.2983664949757595,0,0.7593347463562558
S2B_MSIL2A_20230701T062629_R077_T40QGL_20240817T022544_0000.jpg,S2B_MSIL2A_20230701T062629_R077_T40QGL_20240817T022544,0,2023-07,T40QGL,0.41222161101758187,0,0.7593347463562558
S2B_MSIL2A_20230701T062629_R077_T40QGL_20240817T022544_0001.jpg,S2B_MSIL2A_20230701T062629_R077_T40QGL_20240817T022544,0,2023-07,T40QGL,0.41222161101758187,0,0.7593347463562558
S2A_MSIL2A_20230805T062631_R077_T40QGL_20241026T103934_0000.jpg,S2A_MSIL2A_20230805T062631_R077_T40QGL_20241026T103934,0,2023-08,T40QGL,0.08639852651876727,0,0.7593347463562558
S2A_MSIL2A_20230805T062631_R077_T40QGL_20241026T103934_0001.jpg,S2A_MSIL2A_20230805T062631_R077_T40QGL_20241026T103934,0,2023-08,T40QGL,0.08639852651876727,0,0.7593347463562558
S2B_MSIL2A_20230810T062629_R077_T40QGL_20240912T065804_0000.jpg,S2B_MSIL2A_20230810T062629_R077_T40QGL_20240912T065804,0,2023-08,T40QGL,0.097246980382036,0,0.7593347463562558
S2B_MSIL2A_20230810T062629_R077_T40QGL_20240912T065804_0001.jpg,S2B_MSIL2A_20230810T062629_R077_T40QGL_20240912T065804,0,2023-08,T40QGL,0.097246980382036,0,0.7593347463562558
S2B_MSIL2A_20230820T062629_R077_T40QGL_20241022T060250_0000.jpg,S2B_MSIL2A_20230820T062629_R077_T40QGL_20241022T060250,0,2023-08,T40QGL,0.8248092867662284,1,0.7593347463562558
S2B_MSIL2A_20230820T062629_R077_T40QGL_20241022T060250_0001.jpg,S2B_MSIL2A_20230820T062629_R077_T40QGL_20241022T060250,0,2023-08,T40QGL,0.8248092867662284,1,0.7593347463562558
S2B_MSIL2A_20230830T062629_R077_T40QGL_20230830T122156_0000.jpg,S2B_MSIL2A_20230830T062629_R077_T40QGL_20230830T122156,0,2023-08,T40QGL,0.17611457679699605,0,0.7593347463562558
S2B_MSIL2A_20230830T062629_R077_T40QGL_20230830T122156_0001.jpg,S2B_MSIL2A_20230830T062629_R077_T40QGL_20230830T122156,0,2023-08,T40QGL,0.17611457679699605,0,0.7593347463562558
S2A_MSIL2A_20230904T062631_R077_T40QGL_20230904T124230_0000.jpg,S2A_MSIL2A_20230904T062631_R077_T40QGL_20230904T124230,1,2023-09,T40QGL,0.8410063338751503,1,0.7593347463562558
S2A_MSIL2A_20230904T062631_R077_T40QGL_20230904T124230_0001.jpg,S2A_MSIL2A_20230904T062631_R077_T40QGL_20230904T124230,1,2023-09,T40QGL,0.8410063338751503,1,0.7593347463562558
S2B_MSIL2A_20230929T062639_R077_T40QGL_20230929T121633_0000.jpg,S2B_MSIL2A_20230929T062639_R077_T40QGL_20230929T121633,0,2023-09,T40QGL,0.019724607001500343,0,0.7593347463562558
S2B_MSIL2A_20230929T062639_R077_T40QGL_20230929T121633_0001.jpg,S2B_MSIL2A_20230929T062639_R077_T40QGL_20230929T121633,0,2023-09,T40QGL,0.019724607001500343,0,0.7593347463562558
S2B_MSIL2A_20231009T062749_R077_T40QGL_20231009T110724_0000.jpg,S2B_MSIL2A_20231009T062749_R077_T40QGL_20231009T110724,0,2023-10,T40QGL,0.31470134041446357,0,0.7593347463562558
S2B_MSIL2A_20231009T062749_R077_T40QGL_20231009T110724_0001.jpg,S2B_MSIL2A_20231009T062749_R077_T40QGL_20231009T110724,0,2023-10,T40QGL,0.31470134041446357,0,0.7593347463562558
S2A_MSIL2A_20231103T063021_R077_T40QGL_20240830T224845_0000.jpg,S2A_MSIL2A_20231103T063021_R077_T40QGL_20240830T224845,0,2023-11,T40QGL,0.027691859159515626,0,0.7593347463562558
S2A_MSIL2A_20231103T063021_R077_T40QGL_20240830T224845_0001.jpg,S2A_MSIL2A_20231103T063021_R077_T40QGL_20240830T224845,0,2023-11,T40QGL,0.027691859159515626,0,0.7593347463562558
S2B_MSIL2A_20231128T063219_R077_T40QGL_20231128T101100_0000.jpg,S2B_MSIL2A_20231128T063219_R077_T40QGL_20231128T101100,0,2023-11,T40QGL,0.3652273390179099,0,0.7593347463562558
S2B_MSIL2A_20231128T063219_R077_T40QGL_20231128T101100_0001.jpg,S2B_MSIL2A_20231128T063219_R077_T40QGL_20231128T101100,0,2023-11,T40QGL,0.3652273390179099,0,0.7593347463562558
S2A_MSIL2A_20231203T063231_R077_T40QGL_20231203T112021_0000.jpg,S2A_MSIL2A_20231203T063231_R077_T40QGL_20231203T112021,0,2023-12,T40QGL,0.4045489939735988,0,0.7593347463562558
S2A_MSIL2A_20231203T063231_R077_T40QGL_20231203T112021_0001.jpg,S2A_MSIL2A_20231203T063231_R077_T40QGL_20231203T112021,0,2023-12,T40QGL,0.4045489939735988,0,0.7593347463562558
S2A_MSIL2A_20231223T063301_R077_T40QGL_20231223T102255_0000.jpg,S2A_MSIL2A_20231223T063301_R077_T40QGL_20231223T102255,0,2023-12,T40QGL,0.01412262714137478,0,0.7593347463562558
S2A_MSIL2A_20231223T063301_R077_T40QGL_20231223T102255_0001.jpg,S2A_MSIL2A_20231223T063301_R077_T40QGL_20231223T102255,0,2023-12,T40QGL,0.01412262714137478,0,0.7593347463562558
S2B_MSIL2A_20231228T063259_R077_T40QGL_20231228T093910_0000.jpg,S2B_MSIL2A_20231228T063259_R077_T40QGL_20231228T093910,1,2023-12,T40QGL,0.6124276525025697,0,0.7593347463562558
S2B_MSIL2A_20231228T063259_R077_T40QGL_20231228T093910_0001.jpg,S2B_MSIL2A_20231228T063259_R077_T40QGL_20231228T093910,1,2023-12,T40QGL,0.6124276525025697,0,0.7593347463562558
S2A_MSIL2A_20240112T063231_R077_T40QGL_20240112T101206_0000.jpg,S2A_MSIL2A_20240112T063231_R077_T40QGL_20240112T101206,1,2024-01,T40QGL,0.5740187036382779,0,0.7593347463562558
S2A_MSIL2A_20240112T063231_R077_T40QGL_20240112T101206_0001.jpg,S2A_MSIL2A_20240112T063231_R077_T40QGL_20240112T101206,1,2024-01,T40QGL,0.5740187036382779,0,0.7593347463562558
S2A_MSIL2A_20240211T063011_R077_T40QGL_20240211T102241_0000.jpg,S2A_MSIL2A_20240211T063011_R077_T40QGL_20240211T102241,0,2024-02,T40QGL,0.3129962077322269,0,0.7593347463562558
S2A_MSIL2A_20240211T063011_R077_T40QGL_20240211T102241_0001.jpg,S2A_MSIL2A_20240211T063011_R077_T40QGL_20240211T102241,0,2024-02,T40QGL,0.3129962077322269,0,0.7593347463562558
S2A_MSIL2A_20240312T062651_R077_T40QGL_20240313T154339_0000.jpg,S2A_MSIL2A_20240312T062651_R077_T40QGL_20240313T154339,0,2024-03,T40QGL,0.03976752609820884,0,0.7593347463562558
S2A_MSIL2A_20240312T062651_R077_T40QGL_20240313T154339_0001.jpg,S2A_MSIL2A_20240312T062651_R077_T40QGL_20240313T154339,0,2024-03,T40QGL,0.03976752609820884,0,0.7593347463562558
S2B_MSIL2A_20240317T062629_R077_T40QGL_20240317T102443_0000.jpg,S2B_MSIL2A_20240317T062629_R077_T40QGL_20240317T102443,0,2024-03,T40QGL,0.42868473408643076,0,0.7593347463562558
S2B_MSIL2A_20240317T062629_R077_T40QGL_20240317T102443_0001.jpg,S2B_MSIL2A_20240317T062629_R077_T40QGL_20240317T102443,0,2024-03,T40QGL,0.42868473408643076,0,0.7593347463562558
S2B_MSIL2A_20240406T062629_R077_T40QGL_20240406T100803_0000.jpg,S2B_MSIL2A_20240406T062629_R077_T40QGL_20240406T100803,0,2024-04,T40QGL,0.11695056129256325,0,0.7593347463562558
S2B_MSIL2A_20240406T062629_R077_T40QGL_20240406T100803_0001.jpg,S2B_MSIL2A_20240406T062629_R077_T40QGL_20240406T100803,0,2024-04,T40QGL,0.11695056129256325,0,0.7593347463562558
S2B_MSIL2A_20240426T062629_R077_T40QGL_20240426T111128_0000.jpg,S2B_MSIL2A_20240426T062629_R077_T40QGL_20240426T111128,0,2024-04,T40QGL,0.5944338348517519,0,0.7593347463562558
S2B_MSIL2A_20240426T062629_R077_T40QGL_20240426T111128_0001.jpg,S2B_MSIL2A_20240426T062629_R077_T40QGL_20240426T111128,0,2024-04,T40QGL,0.5944338348517519,0,0.7593347463562558
S2B_MSIL2A_20240516T062629_R077_T40QGL_20240516T102256_0000.jpg,S2B_MSIL2A_20240516T062629_R077_T40QGL_20240516T102256,0,2024-05,T40QGL,0.10878023545716836,0,0.7593347463562558
S2B_MSIL2A_20240516T062629_R077_T40QGL_20240516T102256_0001.jpg,S2B_MSIL2A_20240516T062629_R077_T40QGL_20240516T102256,0,2024-05,T40QGL,0.10878023545716836,0,0.7593347463562558
S2B_MSIL2A_20240526T062629_R077_T40QGL_20240526T102423_0000.jpg,S2B_MSIL2A_20240526T062629_R077_T40QGL_20240526T102423,1,2024-05,T40QGL,0.8783034710443557,1,0.7593347463562558
S2B_MSIL2A_20240526T062629_R077_T40QGL_20240526T102423_0001.jpg,S2B_MSIL2A_20240526T062629_R077_T40QGL_20240526T102423,1,2024-05,T40QGL,0.8783034710443557,1,0.7593347463562558
S2B_MSIL2A_20240605T062629_R077_T40QGL_20240605T101404_0000.jpg,S2B_MSIL2A_20240605T062629_R077_T40QGL_20240605T101404,1,2024-06,T40QGL,0.9571378034274513,1,0.7593347463562558
S2B_MSIL2A_20240605T062629_R077_T40QGL_20240605T101404_0001.jpg,S2B_MSIL2A_20240605T062629_R077_T40QGL_20240605T101404,1,2024-06,T40QGL,0.9571378034274513,1,0.7593347463562558
S2A_MSIL2A_20240610T062631_R077_T40QGL_20240610T104746_0000.jpg,S2A_MSIL2A_20240610T062631_R077_T40QGL_20240610T104746,0,2024-06,T40QGL,0.03299636110741349,0,0.7593347463562558
S2A_MSIL2A_20240610T062631_R077_T40QGL_20240610T104746_0001.jpg,S2A_MSIL2A_20240610T062631_R077_T40QGL_20240610T104746,0,2024-06,T40QGL,0.03299636110741349,0,0.7593347463562558
S2A_MSIL2A_20240620T062631_R077_T40QGL_20240620T123054_0000.jpg,S2A_MSIL2A_20240620T062631_R077_T40QGL_20240620T123054,0,2024-06,T40QGL,0.011424940777194198,0,0.7593347463562558
S2A_MSIL2A_20240620T062631_R077_T40QGL_20240620T123054_0001.jpg,S2A_MSIL2A_20240620T062631_R077_T40QGL_20240620T123054,0,2024-06,T40QGL,0.011424940777194198,0,0.7593347463562558
S2B_MSIL2A_20240625T062629_R077_T40QGL_20240625T102033_0000.jpg,S2B_MSIL2A_20240625T062629_R077_T40QGL_20240625T102033,0,2024-06,T40QGL,0.2722488081902339,0,0.7593347463562558
S2B_MSIL2A_20240625T062629_R077_T40QGL_20240625T102033_0001.jpg,S2B_MSIL2A_20240625T062629_R077_T40QGL_20240625T102033,0,2024-06,T40QGL,0.2722488081902339,0,0.7593347463562558
S2B_MSIL2A_20240814T062629_R077_T40QGL_20240814T093442_0000.jpg,S2B_MSIL2A_20240814T062629_R077_T40QGL_20240814T093442,0,2024-08,T40QGL,0.03391492647910399,0,0.7593347463562558
S2B_MSIL2A_20240814T062629_R077_T40QGL_20240814T093442_0001.jpg,S2B_MSIL2A_20240814T062629_R077_T40QGL_20240814T093442,0,2024-08,T40QGL,0.03391492647910399,0,0.7593347463562558
S2B_MSIL2A_20240824T062629_R077_T40QGL_20240824T100609_0000.jpg,S2B_MSIL2A_20240824T062629_R077_T40QGL_20240824T100609,1,2024-08,T40QGL,0.9522125995913707,1,0.7593347463562558
S2B_MSIL2A_20240824T062629_R077_T40QGL_20240824T100609_0001.jpg,S2B_MSIL2A_20240824T062629_R077_T40QGL_20240824T100609,1,2024-08,T40QGL,0.9522125995913707,1,0.7593347463562558
S2A_MSIL2A_20240928T062641_R077_T40QGL_20240928T091150_0000.jpg,S2A_MSIL2A_20240928T062641_R077_T40QGL_20240928T091150,0,2024-09,T40QGL,0.29865484515092144,0,0.7593347463562558
S2A_MSIL2A_20240928T062641_R077_T40QGL_20240928T091150_0001.jpg,S2A_MSIL2A_20240928T062641_R077_T40QGL_20240928T091150,0,2024-09,T40QGL,0.29865484515092144,0,0.7593347463562558
S2B_MSIL2A_20241003T062629_R077_T40QGL_20241003T090945_0000.jpg,S2B_MSIL2A_20241003T062629_R077_T40QGL_20241003T090945,0,2024-10,T40QGL,0.26238008718824285,0,0.7593347463562558
S2B_MSIL2A_20241003T062629_R077_T40QGL_20241003T090945_0001.jpg,S2B_MSIL2A_20241003T062629_R077_T40QGL_20241003T090945,0,2024-10,T40QGL,0.26238008718824285,0,0.7593347463562558
S2A_MSIL2A_20241207T063241_R077_T40QGL_20241207T092856_0000.jpg,S2A_MSIL2A_20241207T063241_R077_T40QGL_20241207T092856,1,2024-12,T40QGL,0.8858228218106635,1,0.7593347463562558
S2A_MSIL2A_20241207T063241_R077_T40QGL_20241207T092856_0001.jpg,S2A_MSIL2A_20241207T063241_R077_T40QGL_20241207T092856,1,2024-12,T40QGL,0.8858228218106635,1,0.7593347463562558
S2B_MSIL2A_20241212T063159_R077_T40QGL_20241212T090100_0000.jpg,S2B_MSIL2A_20241212T063159_R077_T40QGL_20241212T090100,0,2024-12,T40QGL,0.10346638234470254,0,0.7593347463562558
S2B_MSIL2A_20241212T063159_R077_T40QGL_20241212T090100_0001.jpg,S2B_MSIL2A_20241212T063159_R077_T40QGL_20241212T090100,0,2024-12,T40QGL,0.10346638234470254,0,0.7593347463562558
S2A_MSIL2A_20241227T063301_R077_T40QGL_20241227T094051_0000.jpg,S2A_MSIL2A_20241227T063301_R077_T40QGL_20241227T094051,0,2024-12,T40QGL,0.03265605788615054,0,0.7593347463562558
S2A_MSIL2A_20241227T063301_R077_T40QGL_20241227T094051_0001.jpg,S2A_MSIL2A_20241227T063301_R077_T40QGL_20241227T094051,0,2024-12,T40QGL,0.03265605788615054,0,0.7593347463562558
