tile,scene_id,hab_label,month_key,region_key,p_fused,yhat,thr_star
S2B_MSIL2A_20170909T065619_R063_T39QXG_20210201T223815_0000.jpg,S2B_MSIL2A_20170909T065619_R063_T39QXG_20210201T223815,1,2017-09,T39QXG,0.8998318345279289,1,0.7250074506564916
S2A_MSIL2A_20170825T065621_R063_T39QXG_20210201T094547_0000.jpg,S2A_MSIL2A_20170825T065621_R063_T39QXG_20210201T094547,1,2017-08,T39QXG,0.9701178296689968,1,0.7250074506564916
S2B_MSIL2A_20170820T065619_R063_T39QXG_20201015T042237_0000.jpg,S2B_MSIL2A_20170820T065619_R063_T39QXG_20201015T042237,0,2017-08,T39QXG,0.3767018838589837,0,0.7250074506564916
S2A_MSIL2A_20170805T065621_R063_T39QXG_20210210T194556_0000.jpg,S2A_MSIL2A_20170805T065621_R063_T39QXG_20210210T194556,0,2017-08,T39QXG,0.015375468681059148,0,0.7250074506564916
S2B_MSIL2A_20170731T065619_R063_T39QXG_20210210T172720_0000.jpg,S2B_MSIL2A_20170731T065619_R063_T39QXG_20210210T172720,1,2017-07,T39QXG,0.9596179264257332,1,0.7250074506564916
S2B_MSIL2A_20180924T065619_R063_T39QXG_20201009T042750_0000.jpg,S2B_MSIL2A_20180924T065619_R063_T39QXG_20201009T042750,0,2018-09,T39QXG,0.5822245229372859,0,0.7250074506564916
S2A_MSIL2A_20180919T065621_R063_T39QXG_20201009T024121_0000.jpg,S2A_MSIL2A_20180919T065621_R063_T39QXG_20201009T024121,0,2018-09,T39QXG,0.06737707864976936,0,0.7250074506564916
S2B_MSIL2A_20180914T065619_R063_T39QXG_20201009T011434_0000.jpg,S2B_MSIL2A_20180914T065619_R063_T39QXG_20201009T011434,0,2018-09,T39QXG,0.037363185366725477,0,0.7250074506564916
S2A_MSIL2A_20180909T065621_R063_T39QXG_20201008T231028_0000.jpg,S2A_MSIL2A_20180909T065621_R063_T39QXG_20201008T231028,1,2018-09,T39QXG,0.9892307754545432,1,0.7250074506564916
S2A_MSIL2A_20180830T065621_R063_T39QXG_20201103T141110_0000.jpg,S2A_MSIL2A_20180830T065621_R063_T39QXG_20201103T141110,1,2018-08,T39QXG,0.9798112468605854,1,0.7250074506564916
S2A_MSIL2A_20180820T065621_R063_T39QXG_20201011T042051_0000.jpg,S2A_MSIL2A_20180820T065621_R063_T39QXG_20201011T042051,0,2018-08,T39QXG,0.11312448471782482,0,0.7250074506564916
S2B_MSIL2A_20180815T065729_R063_T39QXG_20201011T021229_0000.jpg,S2B_MSIL2A_20180815T065729_R063_T39QXG_20201011T021229,0,2018-08,T39QXG,0.11648121547642454,0,0.7250074506564916
S2B_MSIL2A_20180706T065619_R063_T39QXG_20201011T124309_0000.jpg,S2B_MSIL2A_20180706T065619_R063_T39QXG_20201011T124309,0,2018-07,T39QXG,0.3759132854123781,0,0.7250074506564916
S2A_MSIL2A_20180701T065621_R063_T39QXG_20201011T104015_0000.jpg,S2A_MSIL2A_20180701T065621_R063_T39QXG_20201011T104015,1,2018-07,T39QXG,0.9725372085968282,1,0.7250074506564916
S2A_MSIL2A_20190904T065621_R063_T39QXG_20201004T090539_0000.jpg,S2A_MSIL2A_20190904T065621_R063_T39QXG_20201004T090539,1,2019-09,T39QXG,0.9237019221098671,1,0.7250074506564916
S2A_MSIL2A_20190825T065621_R063_T39QXG_20201005T043538_0000.jpg,S2A_MSIL2A_20190825T065621_R063_T39QXG_20201005T043538,1,2019-08,T39QXG,0.9159340576167788,1,0.7250074506564916
S2A_MSIL2A_20190815T065631_R063_T39QXG_20201005T003451_0000.jpg,S2A_MSIL2A_20190815T065631_R063_T39QXG_20201005T003451,1,2019-08,T39QXG,0.7143077789845915,0,0.7250074506564916
S2B_MSIL2A_20190701T065629_R063_T39QXG_20201005T075203_0000.jpg,S2B_MSIL2A_20190701T065629_R063_T39QXG_20201005T075203,1,2019-07,T39QXG,0.7901661245946257,1,0.7250074506564916
S2A_MSIL2A_20200928T065651_R063_T39QXG_20201001T020408_0000.jpg,S2A_MSIL2A_20200928T065651_R063_T39QXG_20201001T020408,1,2020-09,T39QXG,0.9334605843478903,1,0.7250074506564916
S2B_MSIL2A_20200923T065629_R063_T39QXG_20201028T044418_0000.jpg,S2B_MSIL2A_20200923T065629_R063_T39QXG_20201028T044418,1,2020-09,T39QXG,0.941237929753333,1,0.7250074506564916
S2A_MSIL2A_20200918T065631_R063_T39QXG_20200921T101042_0000.jpg,S2A_MSIL2A_20200918T065631_R063_T39QXG_20200921T101042,1,2020-09,T39QXG,0.9480192022988647,1,0.7250074506564916
S2B_MSIL2A_20200913T065629_R063_T39QXG_20201027T093056_0000.jpg,S2B_MSIL2A_20200913T065629_R063_T39QXG_20201027T093056,1,2020-09,T39QXG,0.9573306337798922,1,0.7250074506564916
S2A_MSIL2A_20200908T065631_R063_T39QXG_20201027T154720_0000.jpg,S2A_MSIL2A_20200908T065631_R063_T39QXG_20201027T154720,0,2020-09,T39QXG,0.05229508950532474,0,0.7250074506564916
S2A_MSIL2A_20200730T065631_R063_T39QXG_20200818T030617_0000.jpg,S2A_MSIL2A_20200730T065631_R063_T39QXG_20200818T030617,1,2020-07,T39QXG,0.9895669293921193,1,0.7250074506564916
S2B_MSIL2A_20200725T065629_R063_T39QXG_20200817T124238_0000.jpg,S2B_MSIL2A_20200725T065629_R063_T39QXG_20200817T124238,0,2020-07,T39QXG,0.041491830770232094,0,0.7250074506564916
S2B_MSIL2A_20200715T065629_R063_T39QXG_20200919T085206_0000.jpg,S2B_MSIL2A_20200715T065629_R063_T39QXG_20200919T085206,0,2020-07,T39QXG,0.020222747901545983,0,0.7250074506564916
S2A_MSIL2A_20200710T065631_R063_T39QXG_20200912T162127_0000.jpg,S2A_MSIL2A_20200710T065631_R063_T39QXG_20200912T162127,0,2020-07,T39QXG,0.03139830008979481,0,0.7250074506564916
S2A_MSIL2A_20200630T065631_R063_T39QXG_20200824T160716_0000.jpg,S2A_MSIL2A_20200630T065631_R063_T39QXG_20200824T160716,1,2020-06,T39QXG,0.8314401538072642,1,0.7250074506564916
S2B_MSIL2A_20210928T065649_R063_T39QXG_20210929T000956_0000.jpg,S2B_MSIL2A_20210928T065649_R063_T39QXG_20210929T000956,1,2021-09,T39QXG,0.9846643671832135,1,0.7250074506564916
S2A_MSIL2A_20210923T065631_R063_T39QXG_20210924T013326_0000.jpg,S2A_MSIL2A_20210923T065631_R063_T39QXG_20210924T013326,1,2021-09,T39QXG,0.9854888775747965,1,0.7250074506564916
S2B_MSIL2A_20210918T065619_R063_T39QXG_20210918T182437_0000.jpg,S2B_MSIL2A_20210918T065619_R063_T39QXG_20210918T182437,1,2021-09,T39QXG,0.7567602657685047,1,0.7250074506564916
S2A_MSIL2A_20210913T065621_R063_T39QXG_20210913T211924_0000.jpg,S2A_MSIL2A_20210913T065621_R063_T39QXG_20210913T211924,0,2021-09,T39QXG,0.08789640322776077,0,0.7250074506564916
S2B_MSIL2A_20210908T065619_R063_T39QXG_20210908T213712_0000.jpg,S2B_MSIL2A_20210908T065619_R063_T39QXG_20210908T213712,0,2021-09,T39QXG,0.15073276608173386,0,0.7250074506564916
S2A_MSIL2A_20210903T065621_R063_T39QXG_20210903T164501_0000.jpg,S2A_MSIL2A_20210903T065621_R063_T39QXG_20210903T164501,0,2021-09,T39QXG,0.01251469926137529,0,0.7250074506564916
S2B_MSIL2A_20210829T065619_R063_T39QXG_20210829T203957_0000.jpg,S2B_MSIL2A_20210829T065619_R063_T39QXG_20210829T203957,0,2021-08,T39QXG,0.016773466664362018,0,0.7250074506564916
S2B_MSIL2A_20210819T065619_R063_T39QXG_20210819T181500_0000.jpg,S2B_MSIL2A_20210819T065619_R063_T39QXG_20210819T181500,0,2021-08,T39QXG,0.057082217935929845,0,0.7250074506564916
S2A_MSIL2A_20210814T065631_R063_T39QXG_20210814T183828_0000.jpg,S2A_MSIL2A_20210814T065631_R063_T39QXG_20210814T183828,0,2021-08,T39QXG,0.08925725385793268,0,0.7250074506564916
S2A_MSIL2A_20210804T065631_R063_T39QXG_20210804T174443_0000.jpg,S2A_MSIL2A_20210804T065631_R063_T39QXG_20210804T174443,1,2021-08,T39QXG,0.986705138889479,1,0.7250074506564916
S2B_MSIL2A_20210730T065629_R063_T39QXG_20210730T184548_0000.jpg,S2B_MSIL2A_20210730T065629_R063_T39QXG_20210730T184548,1,2021-07,T39QXG,0.9699423311309127,1,0.7250074506564916
S2A_MSIL2A_20210725T065631_R063_T39QXG_20210726T051413_0000.jpg,S2A_MSIL2A_20210725T065631_R063_T39QXG_20210726T051413,0,2021-07,T39QXG,0.0727577498866121,0,0.7250074506564916
S2B_MSIL2A_20210720T065629_R063_T39QXG_20210720T171952_0000.jpg,S2B_MSIL2A_20210720T065629_R063_T39QXG_20210720T171952,0,2021-07,T39QXG,0.06512968920039369,0,0.7250074506564916
S2B_MSIL2A_20210630T065629_R063_T39QXG_20210701T040612_0000.jpg,S2B_MSIL2A_20210630T065629_R063_T39QXG_20210701T040612,1,2021-06,T39QXG,0.953147987392979,1,0.7250074506564916
S2A_MSIL2A_20220928T065651_R063_T39QXG_20240730T192859_0000.jpg,S2A_MSIL2A_20220928T065651_R063_T39QXG_20240730T192859,1,2022-09,T39QXG,0.9935668622148722,1,0.7250074506564916
S2B_MSIL2A_20220923T065629_R063_T39QXG_20220924T000152_0000.jpg,S2B_MSIL2A_20220923T065629_R063_T39QXG_20220924T000152,1,2022-09,T39QXG,0.9914812307627849,1,0.7250074506564916
S2A_MSIL2A_20220918T065631_R063_T39QXG_20240729T142658_0000.jpg,S2A_MSIL2A_20220918T065631_R063_T39QXG_20240729T142658,0,2022-09,T39QXG,0.34690399485669465,0,0.7250074506564916
S2B_MSIL2A_20220913T065629_R063_T39QXG_20240726T171436_0000.jpg,S2B_MSIL2A_20220913T065629_R063_T39QXG_20240726T171436,0,2022-09,T39QXG,0.03501882826537391,0,0.7250074506564916
S2B_MSIL2A_20220913T065629_R063_T39QXG_20220913T171218_0000.jpg,S2B_MSIL2A_20220913T065629_R063_T39QXG_20220913T171218,0,2022-09,T39QXG,0.03639476510823987,0,0.7250074506564916
S2A_MSIL2A_20220908T065631_R063_T39QXG_20220911T052036_0000.jpg,S2A_MSIL2A_20220908T065631_R063_T39QXG_20220911T052036,0,2022-09,T39QXG,0.056651107199896446,0,0.7250074506564916
S2B_MSIL2A_20220903T065629_R063_T39QXG_20220903T175254_0000.jpg,S2B_MSIL2A_20220903T065629_R063_T39QXG_20220903T175254,0,2022-09,T39QXG,0.032666540038005266,0,0.7250074506564916
S2A_MSIL2A_20220829T065641_R063_T39QXG_20220830T225205_0000.jpg,S2A_MSIL2A_20220829T065641_R063_T39QXG_20220830T225205,0,2022-08,T39QXG,0.22417795114899816,0,0.7250074506564916
S2B_MSIL2A_20220824T065619_R063_T39QXG_20220825T015302_0000.jpg,S2B_MSIL2A_20220824T065619_R063_T39QXG_20220825T015302,0,2022-08,T39QXG,0.030456174455983403,0,0.7250074506564916
S2A_MSIL2A_20220819T065641_R063_T39QXG_20240720T015827_0000.jpg,S2A_MSIL2A_20220819T065641_R063_T39QXG_20240720T015827,1,2022-08,T39QXG,0.9820211781027085,1,0.7250074506564916
S2B_MSIL2A_20220814T065629_R063_T39QXG_20240704T011425_0000.jpg,S2B_MSIL2A_20220814T065629_R063_T39QXG_20240704T011425,1,2022-08,T39QXG,0.9623086384842423,1,0.7250074506564916
S2B_MSIL2A_20220814T065629_R063_T39QXG_20220814T151723_0000.jpg,S2B_MSIL2A_20220814T065629_R063_T39QXG_20220814T151723,1,2022-08,T39QXG,0.9778032695860855,1,0.7250074506564916
S2B_MSIL2A_20230928T065649_R063_T39QXG_20241102T043937_0000.jpg,S2B_MSIL2A_20230928T065649_R063_T39QXG_20241102T043937,1,2023-09,T39QXG,0.9808233267032451,1,0.7250074506564916
S2A_MSIL2A_20230923T065621_R063_T39QXG_20241028T071613_0000.jpg,S2A_MSIL2A_20230923T065621_R063_T39QXG_20241028T071613,1,2023-09,T39QXG,0.9848492512282466,1,0.7250074506564916
S2A_MSIL2A_20230923T065621_R063_T39QXG_20230923T121348_0000.jpg,S2A_MSIL2A_20230923T065621_R063_T39QXG_20230923T121348,1,2023-09,T39QXG,0.9795289688301023,1,0.7250074506564916
S2B_MSIL2A_20230918T065629_R063_T39QXG_20241025T081232_0000.jpg,S2B_MSIL2A_20230918T065629_R063_T39QXG_20241025T081232,0,2023-09,T39QXG,0.0594302861389716,0,0.7250074506564916
S2B_MSIL2A_20230918T065629_R063_T39QXG_20230918T153259_0000.jpg,S2B_MSIL2A_20230918T065629_R063_T39QXG_20230918T153259,0,2023-09,T39QXG,0.07734064531818374,0,0.7250074506564916
S2A_MSIL2A_20230913T065631_R063_T39QXG_20241027T165012_0000.jpg,S2A_MSIL2A_20230913T065631_R063_T39QXG_20241027T165012,1,2023-09,T39QXG,0.9726096860802554,1,0.7250074506564916
S2B_MSIL2A_20230908T065629_R063_T39QXG_20241023T151834_0000.jpg,S2B_MSIL2A_20230908T065629_R063_T39QXG_20241023T151834,1,2023-09,T39QXG,0.9702192315490518,1,0.7250074506564916
S2B_MSIL2A_20230908T065629_R063_T39QXG_20230908T143733_0000.jpg,S2B_MSIL2A_20230908T065629_R063_T39QXG_20230908T143733,1,2023-09,T39QXG,0.9671729356742798,1,0.7250074506564916
S2A_MSIL2A_20230903T065631_R063_T39QXG_20241030T165920_0000.jpg,S2A_MSIL2A_20230903T065631_R063_T39QXG_20241030T165920,0,2023-09,T39QXG,0.04519410647282632,0,0.7250074506564916
S2A_MSIL2A_20230903T065631_R063_T39QXG_20230903T134044_0000.jpg,S2A_MSIL2A_20230903T065631_R063_T39QXG_20230903T134044,0,2023-09,T39QXG,0.04720937621725792,0,0.7250074506564916
S2B_MSIL2A_20230829T065629_R063_T39QXG_20241017T113451_0000.jpg,S2B_MSIL2A_20230829T065629_R063_T39QXG_20241017T113451,0,2023-08,T39QXG,0.04086915528507542,0,0.7250074506564916
S2B_MSIL2A_20230829T065629_R063_T39QXG_20230829T131134_0000.jpg,S2B_MSIL2A_20230829T065629_R063_T39QXG_20230829T131134,0,2023-08,T39QXG,0.04528901988937959,0,0.7250074506564916
S2A_MSIL2A_20230824T065631_R063_T39QXG_20241025T152112_0000.jpg,S2A_MSIL2A_20230824T065631_R063_T39QXG_20241025T152112,1,2023-08,T39QXG,0.9893506381184516,1,0.7250074506564916
S2A_MSIL2A_20230824T065631_R063_T39QXG_20230824T150407_0000.jpg,S2A_MSIL2A_20230824T065631_R063_T39QXG_20230824T150407,1,2023-08,T39QXG,0.9889714805780477,1,0.7250074506564916
S2A_MSIL2A_20240927T065641_R063_T39QXG_20240927T112652_0000.jpg,S2A_MSIL2A_20240927T065641_R063_T39QXG_20240927T112652,1,2024-09,T39QXG,0.9927229038927247,1,0.7250074506564916
S2B_MSIL2A_20240922T065619_R063_T39QXG_20240922T102739_0000.jpg,S2B_MSIL2A_20240922T065619_R063_T39QXG_20240922T102739,1,2024-09,T39QXG,0.9883779259857702,1,0.7250074506564916
S2B_MSIL2A_20240912T065619_R063_T39QXG_20240912T130211_0000.jpg,S2B_MSIL2A_20240912T065619_R063_T39QXG_20240912T130211,0,2024-09,T39QXG,0.030099074868753694,0,0.7250074506564916
S2A_MSIL2A_20240907T065621_R063_T39QXG_20240907T115459_0000.jpg,S2A_MSIL2A_20240907T065621_R063_T39QXG_20240907T115459,0,2024-09,T39QXG,0.02342797337776808,0,0.7250074506564916
S2A_MSIL2A_20240719T065621_R063_T39QXG_20240719T132007_0000.jpg,S2A_MSIL2A_20240719T065621_R063_T39QXG_20240719T132007,1,2024-07,T39QXG,0.8183467221954179,1,0.7250074506564916
S2B_MSIL2A_20240714T065619_R063_T39QXG_20240714T115201_0000.jpg,S2B_MSIL2A_20240714T065619_R063_T39QXG_20240714T115201,1,2024-07,T39QXG,0.8419042148879563,1,0.7250074506564916
S2B_MSIL2A_20240624T065629_R063_T39QXG_20240624T103302_0000.jpg,S2B_MSIL2A_20240624T065629_R063_T39QXG_20240624T103302,1,2024-06,T39QXG,0.961754795348654,1,0.7250074506564916
S2A_MSIL2A_20240619T065631_R063_T39QXG_20240619T131334_0000.jpg,S2A_MSIL2A_20240619T065631_R063_T39QXG_20240619T131334,1,2024-06,T39QXG,0.9568412042700785,1,0.7250074506564916
S2A_MSIL2A_20180323T065621_R063_T39QXG_20201013T125706_0000.jpg,S2A_MSIL2A_20180323T065621_R063_T39QXG_20201013T125706,0,2018-03,T39QXG,0.057499818157640485,0,0.7250074506564916
S2B_MSIL2A_20180318T065619_R063_T39QXG_20201013T105007_0000.jpg,S2B_MSIL2A_20180318T065619_R063_T39QXG_20201013T105007,0,2018-03,T39QXG,0.06217038358565657,0,0.7250074506564916
S2A_MSIL2A_20180313T065651_R063_T39QXG_20201013T082101_0000.jpg,S2A_MSIL2A_20180313T065651_R063_T39QXG_20201013T082101,0,2018-03,T39QXG,0.1211210585191974,0,0.7250074506564916
S2B_MSIL2A_20180308T065719_R063_T39QXG_20201013T080744_0000.jpg,S2B_MSIL2A_20180308T065719_R063_T39QXG_20201013T080744,0,2018-03,T39QXG,0.0706235485080831,0,0.7250074506564916
S2A_MSIL2A_20180303T065801_R063_T39QXG_20201013T055226_0000.jpg,S2A_MSIL2A_20180303T065801_R063_T39QXG_20201013T055226,1,2018-03,T39QXG,0.9724727045460531,1,0.7250074506564916
S2B_MSIL2A_20180226T065829_R063_T39QXG_20201104T154320_0000.jpg,S2B_MSIL2A_20180226T065829_R063_T39QXG_20201104T154320,1,2018-02,T39QXG,0.9462970722817942,1,0.7250074506564916
S2A_MSIL2A_20180201T070111_R063_T39QXG_20201013T174623_0000.jpg,S2A_MSIL2A_20180201T070111_R063_T39QXG_20201013T174623,1,2018-02,T39QXG,0.8631638980083398,1,0.7250074506564916
S2B_MSIL2A_20180127T070139_R063_T39QXG_20201014T091640_0000.jpg,S2B_MSIL2A_20180127T070139_R063_T39QXG_20201014T091640,1,2018-01,T39QXG,0.9881392805761315,1,0.7250074506564916
S2B_MSIL2A_20180117T070219_R063_T39QXG_20201014T062903_0000.jpg,S2B_MSIL2A_20180117T070219_R063_T39QXG_20201014T062903,0,2018-01,T39QXG,0.18155998853197983,0,0.7250074506564916
S2A_MSIL2A_20180112T070231_R063_T39QXG_20201014T050638_0000.jpg,S2A_MSIL2A_20180112T070231_R063_T39QXG_20201014T050638,0,2018-01,T39QXG,0.07302200491150233,0,0.7250074506564916
S2B_MSIL2A_20180107T070249_R063_T39QXG_20201014T040002_0000.jpg,S2B_MSIL2A_20180107T070249_R063_T39QXG_20201014T040002,0,2018-01,T39QXG,0.03967488237128735,0,0.7250074506564916
S2B_MSIL2A_20171228T070259_R063_T39QXG_20201014T170056_0000.jpg,S2B_MSIL2A_20171228T070259_R063_T39QXG_20201014T170056,1,2017-12,T39QXG,0.9391374041283966,1,0.7250074506564916
S2A_MSIL2A_20190318T065621_R063_T39QXG_20201007T074707_0000.jpg,S2A_MSIL2A_20190318T065621_R063_T39QXG_20201007T074707,1,2019-03,T39QXG,0.8495100277827283,1,0.7250074506564916
S2B_MSIL2A_20190313T065649_R063_T39QXG_20221118T122016_0000.jpg,S2B_MSIL2A_20190313T065649_R063_T39QXG_20221118T122016,0,2019-03,T39QXG,0.5668056775831299,0,0.7250074506564916
S2B_MSIL2A_20190313T065649_R063_T39QXG_20201007T061904_0000.jpg,S2B_MSIL2A_20190313T065649_R063_T39QXG_20201007T061904,0,2019-03,T39QXG,0.42137609727038416,0,0.7250074506564916
S2A_MSIL2A_20190308T065721_R063_T39QXG_20201007T042258_0000.jpg,S2A_MSIL2A_20190308T065721_R063_T39QXG_20201007T042258,0,2019-03,T39QXG,0.429237814845688,0,0.7250074506564916
S2B_MSIL2A_20190303T065809_R063_T39QXG_20201030T112946_0000.jpg,S2B_MSIL2A_20190303T065809_R063_T39QXG_20201030T112946,1,2019-03,T39QXG,0.8795655330244095,1,0.7250074506564916
S2A_MSIL2A_20190226T065841_R063_T39QXG_20201007T204648_0000.jpg,S2A_MSIL2A_20190226T065841_R063_T39QXG_20201007T204648,1,2019-02,T39QXG,0.940269776599148,1,0.7250074506564916
S2B_MSIL2A_20190211T070019_R063_T39QXG_20201007T155653_0000.jpg,S2B_MSIL2A_20190211T070019_R063_T39QXG_20201007T155653,0,2019-02,T39QXG,0.5257071990920719,0,0.7250074506564916
S2A_MSIL2A_20190206T070051_R063_T39QXG_20201007T142408_0000.jpg,S2A_MSIL2A_20190206T070051_R063_T39QXG_20201007T142408,1,2019-02,T39QXG,0.9810845314378527,1,0.7250074506564916
S2B_MSIL2A_20190201T070119_R063_T39QXG_20201029T235440_0000.jpg,S2B_MSIL2A_20190201T070119_R063_T39QXG_20201029T235440,0,2019-02,T39QXG,0.02036479839535342,0,0.7250074506564916
S2A_MSIL2A_20190127T070141_R063_T39QXG_20201008T050026_0000.jpg,S2A_MSIL2A_20190127T070141_R063_T39QXG_20201008T050026,0,2019-01,T39QXG,0.04861206223467643,0,0.7250074506564916
S2B_MSIL2A_20190122T070209_R063_T39QXG_20201008T034450_0000.jpg,S2B_MSIL2A_20190122T070209_R063_T39QXG_20201008T034450,1,2019-01,T39QXG,0.9899070859472526,1,0.7250074506564916
S2B_MSIL2A_20200327T065619_R063_T39QXG_20201027T114721_0000.jpg,S2B_MSIL2A_20200327T065619_R063_T39QXG_20201027T114721,0,2020-03,T39QXG,0.3220407765375288,0,0.7250074506564916
S2A_MSIL2A_20200322T065621_R063_T39QXG_20201014T192405_0000.jpg,S2A_MSIL2A_20200322T065621_R063_T39QXG_20201014T192405,0,2020-03,T39QXG,0.4405586855186889,0,0.7250074506564916
S2B_MSIL2A_20200317T065619_R063_T39QXG_20201010T111701_0000.jpg,S2B_MSIL2A_20200317T065619_R063_T39QXG_20201010T111701,1,2020-03,T39QXG,0.9084579840401631,1,0.7250074506564916
S2A_MSIL2A_20200312T065651_R063_T39QXG_20201006T204613_0000.jpg,S2A_MSIL2A_20200312T065651_R063_T39QXG_20201006T204613,0,2020-03,T39QXG,0.12628032867410188,0,0.7250074506564916
S2A_MSIL2A_20200302T065801_R063_T39QXG_20200926T020245_0000.jpg,S2A_MSIL2A_20200302T065801_R063_T39QXG_20200926T020245,1,2020-03,T39QXG,0.9542078302281461,1,0.7250074506564916
S2B_MSIL2A_20200216T065939_R063_T39QXG_20200929T114644_0000.jpg,S2B_MSIL2A_20200216T065939_R063_T39QXG_20200929T114644,0,2020-02,T39QXG,0.0437817199680816,0,0.7250074506564916
S2B_MSIL2A_20200206T070049_R063_T39QXG_20201001T025510_0000.jpg,S2B_MSIL2A_20200206T070049_R063_T39QXG_20201001T025510,1,2020-02,T39QXG,0.9892920734356471,1,0.7250074506564916
S2A_MSIL2A_20200201T070111_R063_T39QXG_20200930T073942_0000.jpg,S2A_MSIL2A_20200201T070111_R063_T39QXG_20200930T073942,0,2020-02,T39QXG,0.22164544654301266,0,0.7250074506564916
S2B_MSIL2A_20200127T070139_R063_T39QXG_20201002T124936_0000.jpg,S2B_MSIL2A_20200127T070139_R063_T39QXG_20201002T124936,0,2020-01,T39QXG,0.15788094767427344,0,0.7250074506564916
S2A_MSIL2A_20200122T070201_R063_T39QXG_20201002T050518_0000.jpg,S2A_MSIL2A_20200122T070201_R063_T39QXG_20201002T050518,1,2020-01,T39QXG,0.9814772950623045,1,0.7250074506564916
S2B_MSIL2A_20200117T070219_R063_T39QXG_20201002T195630_0000.jpg,S2B_MSIL2A_20200117T070219_R063_T39QXG_20201002T195630,1,2020-01,T39QXG,0.9874184995743837,1,0.7250074506564916
S2A_MSIL2A_20200112T070241_R063_T39QXG_20201002T173508_0000.jpg,S2A_MSIL2A_20200112T070241_R063_T39QXG_20201002T173508,0,2020-01,T39QXG,0.012742712678999304,0,0.7250074506564916
S2B_MSIL2A_20200107T070249_R063_T39QXG_20201029T121541_0000.jpg,S2B_MSIL2A_20200107T070249_R063_T39QXG_20201029T121541,1,2020-01,T39QXG,0.854598553012781,1,0.7250074506564916
S2A_MSIL2A_20200102T070301_R063_T39QXG_20201002T215142_0000.jpg,S2A_MSIL2A_20200102T070301_R063_T39QXG_20201002T215142,1,2020-01,T39QXG,0.6988463188057944,0,0.7250074506564916
S2A_MSIL2A_20210327T065621_R063_T39QXG_20210327T193611_0000.jpg,S2A_MSIL2A_20210327T065621_R063_T39QXG_20210327T193611,0,2021-03,T39QXG,0.02196813528636567,0,0.7250074506564916
S2B_MSIL2A_20210322T065619_R063_T39QXG_20210323T015515_0000.jpg,S2B_MSIL2A_20210322T065619_R063_T39QXG_20210323T015515,0,2021-03,T39QXG,0.02156049469461186,0,0.7250074506564916
S2A_MSIL2A_20210317T065621_R063_T39QXG_20210317T221928_0000.jpg,S2A_MSIL2A_20210317T065621_R063_T39QXG_20210317T221928,0,2021-03,T39QXG,0.03959645767680905,0,0.7250074506564916
S2B_MSIL2A_20210312T065659_R063_T39QXG_20210312T174530_0000.jpg,S2B_MSIL2A_20210312T065659_R063_T39QXG_20210312T174530,0,2021-03,T39QXG,0.30105886369290374,0,0.7250074506564916
S2A_MSIL2A_20210307T065731_R063_T39QXG_20210307T203727_0000.jpg,S2A_MSIL2A_20210307T065731_R063_T39QXG_20210307T203727,0,2021-03,T39QXG,0.3700731520543809,0,0.7250074506564916
S2B_MSIL2A_20210302T065809_R063_T39QXG_20210302T153932_0000.jpg,S2B_MSIL2A_20210302T065809_R063_T39QXG_20210302T153932,1,2021-03,T39QXG,0.9884728663130325,1,0.7250074506564916
S2A_MSIL2A_20210225T065851_R063_T39QXG_20210225T181931_0000.jpg,S2A_MSIL2A_20210225T065851_R063_T39QXG_20210225T181931,1,2021-02,T39QXG,0.9605018118072817,1,0.7250074506564916
S2A_MSIL2A_20210205T070051_R063_T39QXG_20210210T170018_0000.jpg,S2A_MSIL2A_20210205T070051_R063_T39QXG_20210210T170018,0,2021-02,T39QXG,0.09314729672026673,0,0.7250074506564916
S2B_MSIL2A_20210131T070119_R063_T39QXG_20210201T152028_0000.jpg,S2B_MSIL2A_20210131T070119_R063_T39QXG_20210201T152028,1,2021-01,T39QXG,0.9829127456760307,1,0.7250074506564916
S2A_MSIL2A_20210126T070151_R063_T39QXG_20210201T045017_0000.jpg,S2A_MSIL2A_20210126T070151_R063_T39QXG_20210201T045017,1,2021-01,T39QXG,0.9835647803954918,1,0.7250074506564916
S2B_MSIL2A_20210111T070249_R063_T39QXG_20210111T183409_0000.jpg,S2B_MSIL2A_20210111T070249_R063_T39QXG_20210111T183409,0,2021-01,T39QXG,0.035096697317676125,0,0.7250074506564916
S2B_MSIL2A_20220327T065619_R063_T39QXG_20220327T201724_0000.jpg,S2B_MSIL2A_20220327T065619_R063_T39QXG_20220327T201724,0,2022-03,T39QXG,0.19563207886157932,0,0.7250074506564916
S2A_MSIL2A_20220322T065631_R063_T39QXG_20240522T141858_0000.jpg,S2A_MSIL2A_20220322T065631_R063_T39QXG_20240522T141858,0,2022-03,T39QXG,0.188852913161966,0,0.7250074506564916
S2A_MSIL2A_20220322T065631_R063_T39QXG_20220322T215023_0000.jpg,S2A_MSIL2A_20220322T065631_R063_T39QXG_20220322T215023,0,2022-03,T39QXG,0.1907140745240436,0,0.7250074506564916
S2B_MSIL2A_20220317T065619_R063_T39QXG_20240523T103231_0000.jpg,S2B_MSIL2A_20220317T065619_R063_T39QXG_20240523T103231,0,2022-03,T39QXG,0.059406991573111856,0,0.7250074506564916
S2B_MSIL2A_20220317T065619_R063_T39QXG_20220317T172218_0000.jpg,S2B_MSIL2A_20220317T065619_R063_T39QXG_20220317T172218,0,2022-03,T39QXG,0.041641325117439246,0,0.7250074506564916
S2A_MSIL2A_20220312T065701_R063_T39QXG_20220312T225303_0000.jpg,S2A_MSIL2A_20220312T065701_R063_T39QXG_20220312T225303,1,2022-03,T39QXG,0.9337247789753249,1,0.7250074506564916
S2B_MSIL2A_20220307T065729_R063_T39QXG_20240524T222725_0000.jpg,S2B_MSIL2A_20220307T065729_R063_T39QXG_20240524T222725,1,2022-03,T39QXG,0.9308625537354902,1,0.7250074506564916
S2A_MSIL2A_20220302T065811_R063_T39QXG_20220304T043204_0000.jpg,S2A_MSIL2A_20220302T065811_R063_T39QXG_20220304T043204,1,2022-03,T39QXG,0.9111858648202829,1,0.7250074506564916
S2B_MSIL2A_20220215T065949_R063_T39QXG_20220223T132730_0000.jpg,S2B_MSIL2A_20220215T065949_R063_T39QXG_20220223T132730,1,2022-02,T39QXG,0.8809410590570346,1,0.7250074506564916
S2A_MSIL2A_20220210T070031_R063_T39QXG_20220221T065843_0000.jpg,S2A_MSIL2A_20220210T070031_R063_T39QXG_20220221T065843,1,2022-02,T39QXG,0.8879384486661911,1,0.7250074506564916
S2B_MSIL2A_20230322T065629_R063_T39QXG_20240827T110952_0000.jpg,S2B_MSIL2A_20230322T065629_R063_T39QXG_20240827T110952,0,2023-03,T39QXG,0.21044049424480646,0,0.7250074506564916
S2B_MSIL2A_20230312T065709_R063_T39QXG_20240818T170744_0000.jpg,S2B_MSIL2A_20230312T065709_R063_T39QXG_20240818T170744,1,2023-03,T39QXG,0.9517268128507556,1,0.7250074506564916
S2B_MSIL2A_20230312T065709_R063_T39QXG_20230312T141426_0000.jpg,S2B_MSIL2A_20230312T065709_R063_T39QXG_20230312T141426,1,2023-03,T39QXG,0.9602651792900742,1,0.7250074506564916
S2A_MSIL2A_20230307T065731_R063_T39QXG_20230307T123902_0000.jpg,S2A_MSIL2A_20230307T065731_R063_T39QXG_20230307T123902,1,2023-03,T39QXG,0.9656031489906497,1,0.7250074506564916
S2A_MSIL2A_20230225T065851_R063_T39QXG_20230227T033301_0000.jpg,S2A_MSIL2A_20230225T065851_R063_T39QXG_20230227T033301,0,2023-02,T39QXG,0.4414631522178631,0,0.7250074506564916
S2B_MSIL2A_20230210T070029_R063_T39QXG_20240813T093046_0000.jpg,S2B_MSIL2A_20230210T070029_R063_T39QXG_20240813T093046,0,2023-02,T39QXG,0.24923453678985866,0,0.7250074506564916
S2B_MSIL2A_20230131T070119_R063_T39QXG_20230131T235314_0000.jpg,S2B_MSIL2A_20230131T070119_R063_T39QXG_20230131T235314,1,2023-01,T39QXG,0.9496645177714974,1,0.7250074506564916
S2B_MSIL2A_20240326T065619_R063_T39QXG_20240326T132139_0000.jpg,S2B_MSIL2A_20240326T065619_R063_T39QXG_20240326T132139,0,2024-03,T39QXG,0.05910484820470541,0,0.7250074506564916
S2B_MSIL2A_20240316T065629_R063_T39QXG_20240316T121959_0000.jpg,S2B_MSIL2A_20240316T065629_R063_T39QXG_20240316T121959,0,2024-03,T39QXG,0.045375349356861515,0,0.7250074506564916
S2A_MSIL2A_20240311T065701_R063_T39QXG_20240311T150535_0000.jpg,S2A_MSIL2A_20240311T065701_R063_T39QXG_20240311T150535,1,2024-03,T39QXG,0.9773042303282032,1,0.7250074506564916
S2B_MSIL2A_20240306T065739_R063_T39QXG_20240306T111016_0000.jpg,S2B_MSIL2A_20240306T065739_R063_T39QXG_20240306T111016,1,2024-03,T39QXG,0.9805469900359625,1,0.7250074506564916
S2A_MSIL2A_20240301T065821_R063_T39QXG_20240301T115335_0000.jpg,S2A_MSIL2A_20240301T065821_R063_T39QXG_20240301T115335,0,2024-03,T39QXG,0.08870741032098026,0,0.7250074506564916
S2A_MSIL2A_20240220T065921_R063_T39QXG_20240220T112915_0000.jpg,S2A_MSIL2A_20240220T065921_R063_T39QXG_20240220T112915,0,2024-02,T39QXG,0.2606975690198306,0,0.7250074506564916
S2A_MSIL2A_20240121T070211_R063_T39QXG_20240121T131026_0000.jpg,S2A_MSIL2A_20240121T070211_R063_T39QXG_20240121T131026,1,2024-01,T39QXG,0.9291612369388046,1,0.7250074506564916
S2A_MSIL2A_20240111T070241_R063_T39QXG_20240111T113149_0000.jpg,S2A_MSIL2A_20240111T070241_R063_T39QXG_20240111T113149,1,2024-01,T39QXG,0.9652395479857674,1,0.7250074506564916
S2B_MSIL2A_20240106T070259_R063_T39QXG_20240106T101530_0000.jpg,S2B_MSIL2A_20240106T070259_R063_T39QXG_20240106T101530,0,2024-01,T39QXG,0.17281525700610945,0,0.7250074506564916
S2A_MSIL2A_20240101T070301_R063_T39QXG_20240101T114458_0000.jpg,S2A_MSIL2A_20240101T070301_R063_T39QXG_20240101T114458,0,2024-01,T39QXG,0.12451716708823299,0,0.7250074506564916
S2B_MSIL2A_20231227T070309_R063_T39QXG_20231227T102112_0000.jpg,S2B_MSIL2A_20231227T070309_R063_T39QXG_20231227T102112,1,2023-12,T39QXG,0.9086322781516076,1,0.7250074506564916
S2C_MSIL2A_20250125T070221_R063_T39QXG_20250125T110112_0000.jpg,S2C_MSIL2A_20250125T070221_R063_T39QXG_20250125T110112,1,2025-01,T39QXG,0.8103128619754435,1,0.7250074506564916
S2B_MSIL2A_20250110T070149_R063_T39QXG_20250110T091744_0000.jpg,S2B_MSIL2A_20250110T070149_R063_T39QXG_20250110T091744,1,2025-01,T39QXG,0.8501694293503376,1,0.7250074506564916
S2A_MSIL2A_20250105T070301_R063_T39QXG_20250105T101308_0000.jpg,S2A_MSIL2A_20250105T070301_R063_T39QXG_20250105T101308,1,2025-01,T39QXG,0.8810917527870717,1,0.7250074506564916
S2A_MSIL2A_20241226T070311_R063_T39QXG_20241226T100152_0000.jpg,S2A_MSIL2A_20241226T070311_R063_T39QXG_20241226T100152,1,2024-12,T39QXG,0.9207643346531003,1,0.7250074506564916
S2A_MSIL2A_20170104T065252_R020_T40RDP_20210529T200944_0000.jpg,S2A_MSIL2A_20170104T065252_R020_T40RDP_20210529T200944,0,2017-01,T40RDP,0.46735782096145567,0,0.7250074506564916
S2A_MSIL2A_20170104T065252_R020_T40RDP_20210529T200944_0001.jpg,S2A_MSIL2A_20170104T065252_R020_T40RDP_20210529T200944,0,2017-01,T40RDP,0.46735782096145567,0,0.7250074506564916
S2A_MSIL2A_20170414T064621_R020_T40RDP_20210209T072822_0000.jpg,S2A_MSIL2A_20170414T064621_R020_T40RDP_20210209T072822,0,2017-04,T40RDP,0.24798156199669283,0,0.7250074506564916
S2A_MSIL2A_20170414T064621_R020_T40RDP_20210209T072822_0001.jpg,S2A_MSIL2A_20170414T064621_R020_T40RDP_20210209T072822,0,2017-04,T40RDP,0.24798156199669283,0,0.7250074506564916
S2A_MSIL2A_20170504T064631_R020_T40RDP_20210209T125341_0000.jpg,S2A_MSIL2A_20170504T064631_R020_T40RDP_20210209T125341,0,2017-05,T40RDP,0.03830211066086495,0,0.7250074506564916
S2A_MSIL2A_20170504T064631_R020_T40RDP_20210209T125341_0001.jpg,S2A_MSIL2A_20170504T064631_R020_T40RDP_20210209T125341,0,2017-05,T40RDP,0.03830211066086495,0,0.7250074506564916
S2A_MSIL2A_20170524T064631_R020_T40RDP_20210209T174339_0000.jpg,S2A_MSIL2A_20170524T064631_R020_T40RDP_20210209T174339,1,2017-05,T40RDP,0.8072912658602164,1,0.7250074506564916
S2A_MSIL2A_20170524T064631_R020_T40RDP_20210209T174339_0001.jpg,S2A_MSIL2A_20170524T064631_R020_T40RDP_20210209T174339,1,2017-05,T40RDP,0.8072912658602164,1,0.7250074506564916
S2A_MSIL2A_20170613T064621_R020_T40RDP_20210209T223408_0000.jpg,S2A_MSIL2A_20170613T064621_R020_T40RDP_20210209T223408,0,2017-06,T40RDP,0.11906483363601834,0,0.7250074506564916
S2A_MSIL2A_20170613T064621_R020_T40RDP_20210209T223408_0001.jpg,S2A_MSIL2A_20170613T064621_R020_T40RDP_20210209T223408,0,2017-06,T40RDP,0.11906483363601834,0,0.7250074506564916
S2A_MSIL2A_20170703T064621_R020_T40RDP_20210210T040347_0000.jpg,S2A_MSIL2A_20170703T064621_R020_T40RDP_20210210T040347,1,2017-07,T40RDP,0.9521664633815912,1,0.7250074506564916
S2A_MSIL2A_20170703T064621_R020_T40RDP_20210210T040347_0001.jpg,S2A_MSIL2A_20170703T064621_R020_T40RDP_20210210T040347,1,2017-07,T40RDP,0.9521664633815912,1,0.7250074506564916
S2A_MSIL2A_20170723T064631_R020_T40RDP_20210210T130856_0000.jpg,S2A_MSIL2A_20170723T064631_R020_T40RDP_20210210T130856,0,2017-07,T40RDP,0.00334674064377369,0,0.7250074506564916
S2A_MSIL2A_20170723T064631_R020_T40RDP_20210210T130856_0001.jpg,S2A_MSIL2A_20170723T064631_R020_T40RDP_20210210T130856,0,2017-07,T40RDP,0.00334674064377369,0,0.7250074506564916
S2B_MSIL2A_20170807T064619_R020_T40RDP_20210210T210701_0000.jpg,S2B_MSIL2A_20170807T064619_R020_T40RDP_20210210T210701,0,2017-08,T40RDP,0.004781697923072889,0,0.7250074506564916
S2B_MSIL2A_20170807T064619_R020_T40RDP_20210210T210701_0001.jpg,S2B_MSIL2A_20170807T064619_R020_T40RDP_20210210T210701,0,2017-08,T40RDP,0.004781697923072889,0,0.7250074506564916
S2A_MSIL2A_20170812T064631_R020_T40RDP_20210131T155623_0000.jpg,S2A_MSIL2A_20170812T064631_R020_T40RDP_20210131T155623,0,2017-08,T40RDP,0.001570134670520229,0,0.7250074506564916
S2A_MSIL2A_20170812T064631_R020_T40RDP_20210131T155623_0001.jpg,S2A_MSIL2A_20170812T064631_R020_T40RDP_20210131T155623,0,2017-08,T40RDP,0.001570134670520229,0,0.7250074506564916
S2B_MSIL2A_20170827T064619_R020_T40RDP_20210201T123544_0000.jpg,S2B_MSIL2A_20170827T064619_R020_T40RDP_20210201T123544,0,2017-08,T40RDP,0.12768150370046336,0,0.7250074506564916
S2B_MSIL2A_20170827T064619_R020_T40RDP_20210201T123544_0001.jpg,S2B_MSIL2A_20170827T064619_R020_T40RDP_20210201T123544,0,2017-08,T40RDP,0.12768150370046336,0,0.7250074506564916
S2B_MSIL2A_20170916T064619_R020_T40RDP_20210202T040902_0000.jpg,S2B_MSIL2A_20170916T064619_R020_T40RDP_20210202T040902,0,2017-09,T40RDP,0.08276351247209453,0,0.7250074506564916
S2B_MSIL2A_20170916T064619_R020_T40RDP_20210202T040902_0001.jpg,S2B_MSIL2A_20170916T064619_R020_T40RDP_20210202T040902,0,2017-09,T40RDP,0.08276351247209453,0,0.7250074506564916
S2A_MSIL2A_20170921T064621_R020_T40RDP_20210202T071538_0000.jpg,S2A_MSIL2A_20170921T064621_R020_T40RDP_20210202T071538,0,2017-09,T40RDP,0.07548149639699353,0,0.7250074506564916
S2A_MSIL2A_20170921T064621_R020_T40RDP_20210202T071538_0001.jpg,S2A_MSIL2A_20170921T064621_R020_T40RDP_20210202T071538,0,2017-09,T40RDP,0.07548149639699353,0,0.7250074506564916
S2A_MSIL2A_20171011T064811_R020_T40RDP_20201019T203503_0000.jpg,S2A_MSIL2A_20171011T064811_R020_T40RDP_20201019T203503,0,2017-10,T40RDP,0.07343312760942135,0,0.7250074506564916
S2A_MSIL2A_20171011T064811_R020_T40RDP_20201019T203503_0001.jpg,S2A_MSIL2A_20171011T064811_R020_T40RDP_20201019T203503,0,2017-10,T40RDP,0.07343312760942135,0,0.7250074506564916
S2B_MSIL2A_20171026T064939_R020_T40RDP_20201015T022501_0000.jpg,S2B_MSIL2A_20171026T064939_R020_T40RDP_20201015T022501,0,2017-10,T40RDP,0.029733619570911165,0,0.7250074506564916
S2B_MSIL2A_20171026T064939_R020_T40RDP_20201015T022501_0001.jpg,S2B_MSIL2A_20171026T064939_R020_T40RDP_20201015T022501,0,2017-10,T40RDP,0.029733619570911165,0,0.7250074506564916
S2B_MSIL2A_20171105T065029_R020_T40RDP_20201014T182558_0000.jpg,S2B_MSIL2A_20171105T065029_R020_T40RDP_20201014T182558,1,2017-11,T40RDP,0.7519537577450979,1,0.7250074506564916
S2B_MSIL2A_20171105T065029_R020_T40RDP_20201014T182558_0001.jpg,S2B_MSIL2A_20171105T065029_R020_T40RDP_20201014T182558,1,2017-11,T40RDP,0.7519537577450979,1,0.7250074506564916
S2B_MSIL2A_20171115T065119_R020_T40RDP_20201014T200318_0000.jpg,S2B_MSIL2A_20171115T065119_R020_T40RDP_20201014T200318,1,2017-11,T40RDP,0.9696495261922712,1,0.7250074506564916
S2B_MSIL2A_20171115T065119_R020_T40RDP_20201014T200318_0001.jpg,S2B_MSIL2A_20171115T065119_R020_T40RDP_20201014T200318,1,2017-11,T40RDP,0.9696495261922712,1,0.7250074506564916
S2B_MSIL2A_20171205T065239_R020_T40RDP_20201014T120805_0000.jpg,S2B_MSIL2A_20171205T065239_R020_T40RDP_20201014T120805,0,2017-12,T40RDP,0.009438960199957627,0,0.7250074506564916
S2B_MSIL2A_20171205T065239_R020_T40RDP_20201014T120805_0001.jpg,S2B_MSIL2A_20171205T065239_R020_T40RDP_20201014T120805,0,2017-12,T40RDP,0.009438960199957627,0,0.7250074506564916
S2A_MSIL2A_20171210T065251_R020_T40RDP_20201014T130828_0000.jpg,S2A_MSIL2A_20171210T065251_R020_T40RDP_20201014T130828,0,2017-12,T40RDP,0.013515171419927053,0,0.7250074506564916
S2A_MSIL2A_20171210T065251_R020_T40RDP_20201014T130828_0001.jpg,S2A_MSIL2A_20171210T065251_R020_T40RDP_20201014T130828,0,2017-12,T40RDP,0.013515171419927053,0,0.7250074506564916
S2A_MSIL2A_20171230T065301_R020_T40RDP_20201014T171731_0000.jpg,S2A_MSIL2A_20171230T065301_R020_T40RDP_20201014T171731,0,2017-12,T40RDP,0.07693122698531196,0,0.7250074506564916
S2A_MSIL2A_20171230T065301_R020_T40RDP_20201014T171731_0001.jpg,S2A_MSIL2A_20171230T065301_R020_T40RDP_20201014T171731,0,2017-12,T40RDP,0.07693122698531196,0,0.7250074506564916
S2B_MSIL2A_20180104T065249_R020_T40RDP_20201014T031905_0000.jpg,S2B_MSIL2A_20180104T065249_R020_T40RDP_20201014T031905,0,2018-01,T40RDP,0.1685028016329912,0,0.7250074506564916
S2B_MSIL2A_20180104T065249_R020_T40RDP_20201014T031905_0001.jpg,S2B_MSIL2A_20180104T065249_R020_T40RDP_20201014T031905,0,2018-01,T40RDP,0.1685028016329912,0,0.7250074506564916
S2B_MSIL2A_20180114T065229_R020_T40RDP_20201014T054511_0000.jpg,S2B_MSIL2A_20180114T065229_R020_T40RDP_20201014T054511,0,2018-01,T40RDP,0.08335882134819939,0,0.7250074506564916
S2B_MSIL2A_20180114T065229_R020_T40RDP_20201014T054511_0001.jpg,S2B_MSIL2A_20180114T065229_R020_T40RDP_20201014T054511,0,2018-01,T40RDP,0.08335882134819939,0,0.7250074506564916
S2B_MSIL2A_20180223T064849_R020_T40RDP_20201014T003814_0000.jpg,S2B_MSIL2A_20180223T064849_R020_T40RDP_20201014T003814,1,2018-02,T40RDP,0.7789563904849545,1,0.7250074506564916
S2B_MSIL2A_20180223T064849_R020_T40RDP_20201014T003814_0001.jpg,S2B_MSIL2A_20180223T064849_R020_T40RDP_20201014T003814,1,2018-02,T40RDP,0.7789563904849545,1,0.7250074506564916
S2B_MSIL2A_20180315T064629_R020_T40RDP_20201013T092614_0000.jpg,S2B_MSIL2A_20180315T064629_R020_T40RDP_20201013T092614,1,2018-03,T40RDP,0.553468869355358,0,0.7250074506564916
S2B_MSIL2A_20180315T064629_R020_T40RDP_20201013T092614_0001.jpg,S2B_MSIL2A_20180315T064629_R020_T40RDP_20201013T092614,1,2018-03,T40RDP,0.553468869355358,0,0.7250074506564916
S2A_MSIL2A_20180320T064621_R020_T40RDP_20201013T113227_0000.jpg,S2A_MSIL2A_20180320T064621_R020_T40RDP_20201013T113227,1,2018-03,T40RDP,0.7403379933617343,1,0.7250074506564916
S2A_MSIL2A_20180320T064621_R020_T40RDP_20201013T113227_0001.jpg,S2A_MSIL2A_20180320T064621_R020_T40RDP_20201013T113227,1,2018-03,T40RDP,0.7403379933617343,1,0.7250074506564916
S2B_MSIL2A_20180325T064629_R020_T40RDP_20201013T140927_0000.jpg,S2B_MSIL2A_20180325T064629_R020_T40RDP_20201013T140927,0,2018-03,T40RDP,0.01030858800698107,0,0.7250074506564916
S2B_MSIL2A_20180325T064629_R020_T40RDP_20201013T140927_0001.jpg,S2B_MSIL2A_20180325T064629_R020_T40RDP_20201013T140927,0,2018-03,T40RDP,0.01030858800698107,0,0.7250074506564916
S2B_MSIL2A_20180424T064619_R020_T40RDP_20201013T021211_0000.jpg,S2B_MSIL2A_20180424T064619_R020_T40RDP_20201013T021211,0,2018-04,T40RDP,0.19072622264874228,0,0.7250074506564916
S2B_MSIL2A_20180424T064619_R020_T40RDP_20201013T021211_0001.jpg,S2B_MSIL2A_20180424T064619_R020_T40RDP_20201013T021211,0,2018-04,T40RDP,0.19072622264874228,0,0.7250074506564916
S2A_MSIL2A_20180429T064631_R020_T40RDP_20201013T040255_0000.jpg,S2A_MSIL2A_20180429T064631_R020_T40RDP_20201013T040255,0,2018-04,T40RDP,0.16798898690452613,0,0.7250074506564916
S2A_MSIL2A_20180429T064631_R020_T40RDP_20201013T040255_0001.jpg,S2A_MSIL2A_20180429T064631_R020_T40RDP_20201013T040255,0,2018-04,T40RDP,0.16798898690452613,0,0.7250074506564916
S2B_MSIL2A_20180504T064619_R020_T40RDP_20201012T054955_0000.jpg,S2B_MSIL2A_20180504T064619_R020_T40RDP_20201012T054955,0,2018-05,T40RDP,0.028712213203753705,0,0.7250074506564916
S2B_MSIL2A_20180504T064619_R020_T40RDP_20201012T054955_0001.jpg,S2B_MSIL2A_20180504T064619_R020_T40RDP_20201012T054955,0,2018-05,T40RDP,0.028712213203753705,0,0.7250074506564916
S2A_MSIL2A_20180509T064631_R020_T40RDP_20201012T073707_0000.jpg,S2A_MSIL2A_20180509T064631_R020_T40RDP_20201012T073707,0,2018-05,T40RDP,0.07733105679634227,0,0.7250074506564916
S2A_MSIL2A_20180509T064631_R020_T40RDP_20201012T073707_0001.jpg,S2A_MSIL2A_20180509T064631_R020_T40RDP_20201012T073707,0,2018-05,T40RDP,0.07733105679634227,0,0.7250074506564916
S2A_MSIL2A_20180519T064631_R020_T40RDP_20201012T113634_0000.jpg,S2A_MSIL2A_20180519T064631_R020_T40RDP_20201012T113634,0,2018-05,T40RDP,0.002538716964907251,0,0.7250074506564916
S2A_MSIL2A_20180519T064631_R020_T40RDP_20201012T113634_0001.jpg,S2A_MSIL2A_20180519T064631_R020_T40RDP_20201012T113634,0,2018-05,T40RDP,0.002538716964907251,0,0.7250074506564916
S2A_MSIL2A_20180529T064631_R020_T40RDP_20201012T152100_0000.jpg,S2A_MSIL2A_20180529T064631_R020_T40RDP_20201012T152100,0,2018-05,T40RDP,0.048306112797162196,0,0.7250074506564916
S2A_MSIL2A_20180529T064631_R020_T40RDP_20201012T152100_0001.jpg,S2A_MSIL2A_20180529T064631_R020_T40RDP_20201012T152100,0,2018-05,T40RDP,0.048306112797162196,0,0.7250074506564916
S2A_MSIL2A_20180608T064621_R020_T40RDP_20201026T185741_0000.jpg,S2A_MSIL2A_20180608T064621_R020_T40RDP_20201026T185741,0,2018-06,T40RDP,0.017081812253614437,0,0.7250074506564916
S2A_MSIL2A_20180608T064621_R020_T40RDP_20201026T185741_0001.jpg,S2A_MSIL2A_20180608T064621_R020_T40RDP_20201026T185741,0,2018-06,T40RDP,0.017081812253614437,0,0.7250074506564916
S2A_MSIL2A_20180618T064621_R020_T40RDP_20201011T232818_0000.jpg,S2A_MSIL2A_20180618T064621_R020_T40RDP_20201011T232818,0,2018-06,T40RDP,0.27527184139518096,0,0.7250074506564916
S2A_MSIL2A_20180618T064621_R020_T40RDP_20201011T232818_0001.jpg,S2A_MSIL2A_20180618T064621_R020_T40RDP_20201011T232818,0,2018-06,T40RDP,0.27527184139518096,0,0.7250074506564916
S2A_MSIL2A_20180708T064631_R020_T40RDP_20201011T131710_0000.jpg,S2A_MSIL2A_20180708T064631_R020_T40RDP_20201011T131710,1,2018-07,T40RDP,0.9925205152836388,1,0.7250074506564916
S2A_MSIL2A_20180708T064631_R020_T40RDP_20201011T131710_0001.jpg,S2A_MSIL2A_20180708T064631_R020_T40RDP_20201011T131710,1,2018-07,T40RDP,0.9925205152836388,1,0.7250074506564916
S2B_MSIL2A_20180713T064619_R020_T40RDP_20201011T152448_0000.jpg,S2B_MSIL2A_20180713T064619_R020_T40RDP_20201011T152448,0,2018-07,T40RDP,0.024675563798541557,0,0.7250074506564916
S2B_MSIL2A_20180713T064619_R020_T40RDP_20201011T152448_0001.jpg,S2B_MSIL2A_20180713T064619_R020_T40RDP_20201011T152448,0,2018-07,T40RDP,0.024675563798541557,0,0.7250074506564916
S2B_MSIL2A_20180723T064619_R020_T40RDP_20201011T191134_0000.jpg,S2B_MSIL2A_20180723T064619_R020_T40RDP_20201011T191134,0,2018-07,T40RDP,0.058463329666223134,0,0.7250074506564916
S2A_MSIL2A_20180728T064631_R020_T40RDP_20201011T205420_0000.jpg,S2A_MSIL2A_20180728T064631_R020_T40RDP_20201011T205420,1,2018-07,T40RDP,0.8716866666893779,1,0.7250074506564916
S2A_MSIL2A_20180728T064631_R020_T40RDP_20201011T205420_0001.jpg,S2A_MSIL2A_20180728T064631_R020_T40RDP_20201011T205420,1,2018-07,T40RDP,0.8716866666893779,1,0.7250074506564916
S2B_MSIL2A_20180812T064619_R020_T40RDP_20201011T004858_0000.jpg,S2B_MSIL2A_20180812T064619_R020_T40RDP_20201011T004858,1,2018-08,T40RDP,0.7929340971424278,1,0.7250074506564916
S2B_MSIL2A_20180812T064619_R020_T40RDP_20201011T004858_0001.jpg,S2B_MSIL2A_20180812T064619_R020_T40RDP_20201011T004858,1,2018-08,T40RDP,0.7929340971424278,1,0.7250074506564916
S2A_MSIL2A_20180817T064621_R020_T40RDP_20201011T025249_0000.jpg,S2A_MSIL2A_20180817T064621_R020_T40RDP_20201011T025249,0,2018-08,T40RDP,0.021185771922195368,0,0.7250074506564916
S2A_MSIL2A_20180817T064621_R020_T40RDP_20201011T025249_0001.jpg,S2A_MSIL2A_20180817T064621_R020_T40RDP_20201011T025249,0,2018-08,T40RDP,0.021185771922195368,0,0.7250074506564916
S2A_MSIL2A_20180827T064621_R020_T40RDP_20201027T045001_0000.jpg,S2A_MSIL2A_20180827T064621_R020_T40RDP_20201027T045001,0,2018-08,T40RDP,0.036682694179482986,0,0.7250074506564916
S2A_MSIL2A_20180827T064621_R020_T40RDP_20201027T045001_0001.jpg,S2A_MSIL2A_20180827T064621_R020_T40RDP_20201027T045001,0,2018-08,T40RDP,0.036682694179482986,0,0.7250074506564916
S2B_MSIL2A_20180911T064619_R020_T40RDP_20201009T000728_0000.jpg,S2B_MSIL2A_20180911T064619_R020_T40RDP_20201009T000728,0,2018-09,T40RDP,0.17002681104190917,0,0.7250074506564916
S2B_MSIL2A_20180911T064619_R020_T40RDP_20201009T000728_0001.jpg,S2B_MSIL2A_20180911T064619_R020_T40RDP_20201009T000728,0,2018-09,T40RDP,0.17002681104190917,0,0.7250074506564916
S2B_MSIL2A_20180921T064619_R020_T40RDP_20201009T032948_0000.jpg,S2B_MSIL2A_20180921T064619_R020_T40RDP_20201009T032948,0,2018-09,T40RDP,0.01277474981458426,0,0.7250074506564916
S2B_MSIL2A_20180921T064619_R020_T40RDP_20201009T032948_0001.jpg,S2B_MSIL2A_20180921T064619_R020_T40RDP_20201009T032948,0,2018-09,T40RDP,0.01277474981458426,0,0.7250074506564916
S2A_MSIL2A_20180926T064731_R020_T40RDP_20201009T050107_0000.jpg,S2A_MSIL2A_20180926T064731_R020_T40RDP_20201009T050107,1,2018-09,T40RDP,0.9588174400035991,1,0.7250074506564916
S2A_MSIL2A_20180926T064731_R020_T40RDP_20201009T050107_0001.jpg,S2A_MSIL2A_20180926T064731_R020_T40RDP_20201009T050107,1,2018-09,T40RDP,0.9588174400035991,1,0.7250074506564916
S2B_MSIL2A_20181001T064659_R020_T40RDP_20201009T070050_0000.jpg,S2B_MSIL2A_20181001T064659_R020_T40RDP_20201009T070050,0,2018-10,T40RDP,0.12188237645370714,0,0.7250074506564916
S2B_MSIL2A_20181001T064659_R020_T40RDP_20201009T070050_0001.jpg,S2B_MSIL2A_20181001T064659_R020_T40RDP_20201009T070050,0,2018-10,T40RDP,0.12188237645370714,0,0.7250074506564916
S2B_MSIL2A_20181110T065109_R020_T40RDP_20201008T173400_0000.jpg,S2B_MSIL2A_20181110T065109_R020_T40RDP_20201008T173400,0,2018-11,T40RDP,0.00859225047792083,0,0.7250074506564916
S2B_MSIL2A_20181110T065109_R020_T40RDP_20201008T173400_0001.jpg,S2B_MSIL2A_20181110T065109_R020_T40RDP_20201008T173400,0,2018-11,T40RDP,0.00859225047792083,0,0.7250074506564916
S2B_MSIL2A_20181120T065159_R020_T40RDP_20201008T201622_0000.jpg,S2B_MSIL2A_20181120T065159_R020_T40RDP_20201008T201622,0,2018-11,T40RDP,0.06323695098294091,0,0.7250074506564916
S2B_MSIL2A_20181120T065159_R020_T40RDP_20201008T201622_0001.jpg,S2B_MSIL2A_20181120T065159_R020_T40RDP_20201008T201622,0,2018-11,T40RDP,0.06323695098294091,0,0.7250074506564916
S2B_MSIL2A_20181130T065229_R020_T40RDP_20201008T230119_0000.jpg,S2B_MSIL2A_20181130T065229_R020_T40RDP_20201008T230119,0,2018-11,T40RDP,0.3827528008000832,0,0.7250074506564916
S2B_MSIL2A_20181130T065229_R020_T40RDP_20201008T230119_0001.jpg,S2B_MSIL2A_20181130T065229_R020_T40RDP_20201008T230119,0,2018-11,T40RDP,0.3827528008000832,0,0.7250074506564916
S2B_MSIL2A_20181210T065249_R020_T40RDP_20201008T085955_0000.jpg,S2B_MSIL2A_20181210T065249_R020_T40RDP_20201008T085955,0,2018-12,T40RDP,0.003615649201574393,0,0.7250074506564916
S2B_MSIL2A_20181210T065249_R020_T40RDP_20201008T085955_0001.jpg,S2B_MSIL2A_20181210T065249_R020_T40RDP_20201008T085955,0,2018-12,T40RDP,0.003615649201574393,0,0.7250074506564916
S2B_MSIL2A_20181220T065259_R020_T40RDP_20201008T114314_0000.jpg,S2B_MSIL2A_20181220T065259_R020_T40RDP_20201008T114314,0,2018-12,T40RDP,0.2946497568656582,0,0.7250074506564916
S2B_MSIL2A_20181220T065259_R020_T40RDP_20201008T114314_0001.jpg,S2B_MSIL2A_20181220T065259_R020_T40RDP_20201008T114314,0,2018-12,T40RDP,0.2946497568656582,0,0.7250074506564916
S2A_MSIL2A_20181225T065301_R020_T40RDP_20210517T111901_0000.jpg,S2A_MSIL2A_20181225T065301_R020_T40RDP_20210517T111901,0,2018-12,T40RDP,0.30180249110966817,0,0.7250074506564916
S2A_MSIL2A_20181225T065301_R020_T40RDP_20210517T111901_0001.jpg,S2A_MSIL2A_20181225T065301_R020_T40RDP_20210517T111901,0,2018-12,T40RDP,0.30180249110966817,0,0.7250074506564916
S2B_MSIL2A_20190109T065249_R020_T40RDP_20201008T000956_0000.jpg,S2B_MSIL2A_20190109T065249_R020_T40RDP_20201008T000956,0,2019-01,T40RDP,0.018170122627929865,0,0.7250074506564916
S2B_MSIL2A_20190109T065249_R020_T40RDP_20201008T000956_0001.jpg,S2B_MSIL2A_20190109T065249_R020_T40RDP_20201008T000956,0,2019-01,T40RDP,0.018170122627929865,0,0.7250074506564916
S2A_MSIL2A_20190124T065151_R020_T40RDP_20201008T041007_0000.jpg,S2A_MSIL2A_20190124T065151_R020_T40RDP_20201008T041007,1,2019-01,T40RDP,0.9574770057901383,1,0.7250074506564916
S2A_MSIL2A_20190124T065151_R020_T40RDP_20201008T041007_0001.jpg,S2A_MSIL2A_20190124T065151_R020_T40RDP_20201008T041007,1,2019-01,T40RDP,0.9574770057901383,1,0.7250074506564916
S2B_MSIL2A_20190208T065029_R020_T40RDP_20201030T003742_0000.jpg,S2B_MSIL2A_20190208T065029_R020_T40RDP_20201030T003742,0,2019-02,T40RDP,0.12352374708599557,0,0.7250074506564916
S2B_MSIL2A_20190208T065029_R020_T40RDP_20201030T003742_0001.jpg,S2B_MSIL2A_20190208T065029_R020_T40RDP_20201030T003742,0,2019-02,T40RDP,0.12352374708599557,0,0.7250074506564916
S2A_MSIL2A_20190213T065001_R020_T40RDP_20201007T162107_0000.jpg,S2A_MSIL2A_20190213T065001_R020_T40RDP_20201007T162107,0,2019-02,T40RDP,0.048798923713110155,0,0.7250074506564916
S2A_MSIL2A_20190213T065001_R020_T40RDP_20201007T162107_0001.jpg,S2A_MSIL2A_20190213T065001_R020_T40RDP_20201007T162107,0,2019-02,T40RDP,0.048798923713110155,0,0.7250074506564916
S2A_MSIL2A_20190223T064851_R020_T40RDP_20201007T194425_0000.jpg,S2A_MSIL2A_20190223T064851_R020_T40RDP_20201007T194425,0,2019-02,T40RDP,0.06920921033893056,0,0.7250074506564916
S2A_MSIL2A_20190223T064851_R020_T40RDP_20201007T194425_0001.jpg,S2A_MSIL2A_20190223T064851_R020_T40RDP_20201007T194425,0,2019-02,T40RDP,0.06920921033893056,0,0.7250074506564916
S2A_MSIL2A_20190305T064741_R020_T40RDP_20201030T153909_0000.jpg,S2A_MSIL2A_20190305T064741_R020_T40RDP_20201030T153909,0,2019-03,T40RDP,0.19748964234007457,0,0.7250074506564916
S2A_MSIL2A_20190305T064741_R020_T40RDP_20201030T153909_0001.jpg,S2A_MSIL2A_20190305T064741_R020_T40RDP_20201030T153909,0,2019-03,T40RDP,0.19748964234007457,0,0.7250074506564916
S2B_MSIL2A_20190310T064709_R020_T40RDP_20201007T051616_0000.jpg,S2B_MSIL2A_20190310T064709_R020_T40RDP_20201007T051616,0,2019-03,T40RDP,0.07386656574343943,0,0.7250074506564916
S2B_MSIL2A_20190310T064709_R020_T40RDP_20201007T051616_0001.jpg,S2B_MSIL2A_20190310T064709_R020_T40RDP_20201007T051616,0,2019-03,T40RDP,0.07386656574343943,0,0.7250074506564916
S2B_MSIL2A_20190320T064629_R020_T40RDP_20201007T084211_0000.jpg,S2B_MSIL2A_20190320T064629_R020_T40RDP_20201007T084211,0,2019-03,T40RDP,0.014773499310542412,0,0.7250074506564916
S2B_MSIL2A_20190320T064629_R020_T40RDP_20201007T084211_0001.jpg,S2B_MSIL2A_20190320T064629_R020_T40RDP_20201007T084211,0,2019-03,T40RDP,0.014773499310542412,0,0.7250074506564916
S2B_MSIL2A_20190419T064629_R020_T40RDP_20201007T040446_0000.jpg,S2B_MSIL2A_20190419T064629_R020_T40RDP_20201007T040446,1,2019-04,T40RDP,0.9124709089882324,1,0.7250074506564916
S2B_MSIL2A_20190419T064629_R020_T40RDP_20201007T040446_0001.jpg,S2B_MSIL2A_20190419T064629_R020_T40RDP_20201007T040446,1,2019-04,T40RDP,0.9124709089882324,1,0.7250074506564916
S2B_MSIL2A_20190429T064629_R020_T40RDP_20201105T223212_0000.jpg,S2B_MSIL2A_20190429T064629_R020_T40RDP_20201105T223212,1,2019-04,T40RDP,0.594126141677448,0,0.7250074506564916
S2B_MSIL2A_20190429T064629_R020_T40RDP_20201105T223212_0001.jpg,S2B_MSIL2A_20190429T064629_R020_T40RDP_20201105T223212,1,2019-04,T40RDP,0.594126141677448,0,0.7250074506564916
S2A_MSIL2A_20190504T064631_R020_T40RDP_20201006T094827_0000.jpg,S2A_MSIL2A_20190504T064631_R020_T40RDP_20201006T094827,0,2019-05,T40RDP,0.006938130104063747,0,0.7250074506564916
S2A_MSIL2A_20190504T064631_R020_T40RDP_20201006T094827_0001.jpg,S2A_MSIL2A_20190504T064631_R020_T40RDP_20201006T094827,0,2019-05,T40RDP,0.006938130104063747,0,0.7250074506564916
S2A_MSIL2A_20190514T064631_R020_T40RDP_20201006T135529_0000.jpg,S2A_MSIL2A_20190514T064631_R020_T40RDP_20201006T135529,0,2019-05,T40RDP,0.05855509144651568,0,0.7250074506564916
S2A_MSIL2A_20190514T064631_R020_T40RDP_20201006T135529_0001.jpg,S2A_MSIL2A_20190514T064631_R020_T40RDP_20201006T135529,0,2019-05,T40RDP,0.05855509144651568,0,0.7250074506564916
S2B_MSIL2A_20190529T064629_R020_T40RDP_20201006T195139_0000.jpg,S2B_MSIL2A_20190529T064629_R020_T40RDP_20201006T195139,0,2019-05,T40RDP,0.15590583483802448,0,0.7250074506564916
S2B_MSIL2A_20190529T064629_R020_T40RDP_20201006T195139_0001.jpg,S2B_MSIL2A_20190529T064629_R020_T40RDP_20201006T195139,0,2019-05,T40RDP,0.15590583483802448,0,0.7250074506564916
S2B_MSIL2A_20190608T064629_R020_T40RDP_20201005T234358_0000.jpg,S2B_MSIL2A_20190608T064629_R020_T40RDP_20201005T234358,0,2019-06,T40RDP,0.06824275504765641,0,0.7250074506564916
S2B_MSIL2A_20190608T064629_R020_T40RDP_20201005T234358_0001.jpg,S2B_MSIL2A_20190608T064629_R020_T40RDP_20201005T234358,0,2019-06,T40RDP,0.06824275504765641,0,0.7250074506564916
S2A_MSIL2A_20190623T064631_R020_T40RDP_20201006T051614_0000.jpg,S2A_MSIL2A_20190623T064631_R020_T40RDP_20201006T051614,1,2019-06,T40RDP,0.9916451688306713,1,0.7250074506564916
S2A_MSIL2A_20190623T064631_R020_T40RDP_20201006T051614_0001.jpg,S2A_MSIL2A_20190623T064631_R020_T40RDP_20201006T051614,1,2019-06,T40RDP,0.9916451688306713,1,0.7250074506564916
S2B_MSIL2A_20190628T064629_R020_T40RDP_20201006T073142_0000.jpg,S2B_MSIL2A_20190628T064629_R020_T40RDP_20201006T073142,0,2019-06,T40RDP,0.02232114103921548,0,0.7250074506564916
S2B_MSIL2A_20190628T064629_R020_T40RDP_20201006T073142_0001.jpg,S2B_MSIL2A_20190628T064629_R020_T40RDP_20201006T073142,0,2019-06,T40RDP,0.02232114103921548,0,0.7250074506564916
S2B_MSIL2A_20190708T064639_R020_T40RDP_20201005T111015_0000.jpg,S2B_MSIL2A_20190708T064639_R020_T40RDP_20201005T111015,0,2019-07,T40RDP,0.011298100010885999,0,0.7250074506564916
S2B_MSIL2A_20190708T064639_R020_T40RDP_20201005T111015_0001.jpg,S2B_MSIL2A_20190708T064639_R020_T40RDP_20201005T111015,0,2019-07,T40RDP,0.011298100010885999,0,0.7250074506564916
S2A_MSIL2A_20190713T064631_R020_T40RDP_20201005T131846_0000.jpg,S2A_MSIL2A_20190713T064631_R020_T40RDP_20201005T131846,1,2019-07,T40RDP,0.8611528513400891,1,0.7250074506564916
S2A_MSIL2A_20190713T064631_R020_T40RDP_20201005T131846_0001.jpg,S2A_MSIL2A_20190713T064631_R020_T40RDP_20201005T131846,1,2019-07,T40RDP,0.8611528513400891,1,0.7250074506564916
S2A_MSIL2A_20190723T064631_R020_T40RDP_20201005T182344_0000.jpg,S2A_MSIL2A_20190723T064631_R020_T40RDP_20201005T182344,0,2019-07,T40RDP,0.007417404113990895,0,0.7250074506564916
S2A_MSIL2A_20190723T064631_R020_T40RDP_20201005T182344_0001.jpg,S2A_MSIL2A_20190723T064631_R020_T40RDP_20201005T182344,0,2019-07,T40RDP,0.007417404113990895,0,0.7250074506564916
S2B_MSIL2A_20190728T064629_R020_T40RDP_20201109T153250_0000.jpg,S2B_MSIL2A_20190728T064629_R020_T40RDP_20201109T153250,1,2019-07,T40RDP,0.9854915560831367,1,0.7250074506564916
S2B_MSIL2A_20190728T064629_R020_T40RDP_20201109T153250_0001.jpg,S2B_MSIL2A_20190728T064629_R020_T40RDP_20201109T153250,1,2019-07,T40RDP,0.9854915560831367,1,0.7250074506564916
S2B_MSIL2A_20190807T064629_R020_T40RDP_20201004T213620_0000.jpg,S2B_MSIL2A_20190807T064629_R020_T40RDP_20201004T213620,0,2019-08,T40RDP,0.3660150813900078,0,0.7250074506564916
S2B_MSIL2A_20190807T064629_R020_T40RDP_20201004T213620_0001.jpg,S2B_MSIL2A_20190807T064629_R020_T40RDP_20201004T213620,0,2019-08,T40RDP,0.3660150813900078,0,0.7250074506564916
S2B_MSIL2A_20190827T064629_R020_T40RDP_20201005T053726_0000.jpg,S2B_MSIL2A_20190827T064629_R020_T40RDP_20201005T053726,0,2019-08,T40RDP,0.37438331703556577,0,0.7250074506564916
S2B_MSIL2A_20190827T064629_R020_T40RDP_20201005T053726_0001.jpg,S2B_MSIL2A_20190827T064629_R020_T40RDP_20201005T053726,0,2019-08,T40RDP,0.37438331703556577,0,0.7250074506564916
S2A_MSIL2A_20190901T064621_R020_T40RDP_20201004T075503_0000.jpg,S2A_MSIL2A_20190901T064621_R020_T40RDP_20201004T075503,1,2019-09,T40RDP,0.9415864777693248,1,0.7250074506564916
S2A_MSIL2A_20190901T064621_R020_T40RDP_20201004T075503_0001.jpg,S2A_MSIL2A_20190901T064621_R020_T40RDP_20201004T075503,1,2019-09,T40RDP,0.9415864777693248,1,0.7250074506564916
S2A_MSIL2A_20190911T064621_R020_T40RDP_20201004T114707_0000.jpg,S2A_MSIL2A_20190911T064621_R020_T40RDP_20201004T114707,0,2019-09,T40RDP,0.014080175380215455,0,0.7250074506564916
S2A_MSIL2A_20190911T064621_R020_T40RDP_20201004T114707_0001.jpg,S2A_MSIL2A_20190911T064621_R020_T40RDP_20201004T114707,0,2019-09,T40RDP,0.014080175380215455,0,0.7250074506564916
S2A_MSIL2A_20190921T064621_R020_T40RDP_20201004T153556_0000.jpg,S2A_MSIL2A_20190921T064621_R020_T40RDP_20201004T153556,0,2019-09,T40RDP,0.014448361384684704,0,0.7250074506564916
S2A_MSIL2A_20190921T064621_R020_T40RDP_20201004T153556_0001.jpg,S2A_MSIL2A_20190921T064621_R020_T40RDP_20201004T153556,0,2019-09,T40RDP,0.014448361384684704,0,0.7250074506564916
S2B_MSIL2A_20190926T064629_R020_T40RDP_20201004T172427_0000.jpg,S2B_MSIL2A_20190926T064629_R020_T40RDP_20201004T172427,0,2019-09,T40RDP,0.09235703714227982,0,0.7250074506564916
S2B_MSIL2A_20190926T064629_R020_T40RDP_20201004T172427_0001.jpg,S2B_MSIL2A_20190926T064629_R020_T40RDP_20201004T172427,0,2019-09,T40RDP,0.09235703714227982,0,0.7250074506564916
S2A_MSIL2A_20191001T064701_R020_T40RDP_20201003T211700_0000.jpg,S2A_MSIL2A_20191001T064701_R020_T40RDP_20201003T211700,0,2019-10,T40RDP,0.18640043816174676,0,0.7250074506564916
S2A_MSIL2A_20191001T064701_R020_T40RDP_20201003T211700_0001.jpg,S2A_MSIL2A_20191001T064701_R020_T40RDP_20201003T211700,0,2019-10,T40RDP,0.18640043816174676,0,0.7250074506564916
S2B_MSIL2A_20191016T064839_R020_T40RDP_20201004T030114_0000.jpg,S2B_MSIL2A_20191016T064839_R020_T40RDP_20201004T030114,0,2019-10,T40RDP,0.014854607829965108,0,0.7250074506564916
S2B_MSIL2A_20191016T064839_R020_T40RDP_20201004T030114_0001.jpg,S2B_MSIL2A_20191016T064839_R020_T40RDP_20201004T030114,0,2019-10,T40RDP,0.014854607829965108,0,0.7250074506564916
S2A_MSIL2A_20191021T064921_R020_T40RDP_20201004T043625_0000.jpg,S2A_MSIL2A_20191021T064921_R020_T40RDP_20201004T043625,0,2019-10,T40RDP,0.013542335104702801,0,0.7250074506564916
S2A_MSIL2A_20191021T064921_R020_T40RDP_20201004T043625_0001.jpg,S2A_MSIL2A_20191021T064921_R020_T40RDP_20201004T043625,0,2019-10,T40RDP,0.013542335104702801,0,0.7250074506564916
S2B_MSIL2A_20191026T064949_R020_T40RDP_20201004T062631_0000.jpg,S2B_MSIL2A_20191026T064949_R020_T40RDP_20201004T062631,0,2019-10,T40RDP,0.02127651923136254,0,0.7250074506564916
S2B_MSIL2A_20191026T064949_R020_T40RDP_20201004T062631_0001.jpg,S2B_MSIL2A_20191026T064949_R020_T40RDP_20201004T062631,0,2019-10,T40RDP,0.02127651923136254,0,0.7250074506564916
S2A_MSIL2A_20191130T065231_R020_T40RDP_20201003T205829_0000.jpg,S2A_MSIL2A_20191130T065231_R020_T40RDP_20201003T205829,0,2019-11,T40RDP,0.18639930410358155,0,0.7250074506564916
S2A_MSIL2A_20191130T065231_R020_T40RDP_20201003T205829_0001.jpg,S2A_MSIL2A_20191130T065231_R020_T40RDP_20201003T205829,0,2019-11,T40RDP,0.18639930410358155,0,0.7250074506564916
S2B_MSIL2A_20191205T065239_R020_T40RDP_20201003T010709_0000.jpg,S2B_MSIL2A_20191205T065239_R020_T40RDP_20201003T010709,0,2019-12,T40RDP,0.030891890169319824,0,0.7250074506564916
S2B_MSIL2A_20191205T065239_R020_T40RDP_20201003T010709_0001.jpg,S2B_MSIL2A_20191205T065239_R020_T40RDP_20201003T010709,0,2019-12,T40RDP,0.030891890169319824,0,0.7250074506564916
S2A_MSIL2A_20191220T065301_R020_T40RDP_20201003T071645_0000.jpg,S2A_MSIL2A_20191220T065301_R020_T40RDP_20201003T071645,0,2019-12,T40RDP,0.2977765636177895,0,0.7250074506564916
S2A_MSIL2A_20191220T065301_R020_T40RDP_20201003T071645_0001.jpg,S2A_MSIL2A_20191220T065301_R020_T40RDP_20201003T071645,0,2019-12,T40RDP,0.2977765636177895,0,0.7250074506564916
S2B_MSIL2A_20200104T065249_R020_T40RDP_20201002T225337_0000.jpg,S2B_MSIL2A_20200104T065249_R020_T40RDP_20201002T225337,0,2020-01,T40RDP,0.026873396933160338,0,0.7250074506564916
S2B_MSIL2A_20200104T065249_R020_T40RDP_20201002T225337_0001.jpg,S2B_MSIL2A_20200104T065249_R020_T40RDP_20201002T225337,0,2020-01,T40RDP,0.026873396933160338,0,0.7250074506564916
S2A_MSIL2A_20200119T065211_R020_T40RDP_20201002T203648_0000.jpg,S2A_MSIL2A_20200119T065211_R020_T40RDP_20201002T203648,0,2020-01,T40RDP,0.31700535205921915,0,0.7250074506564916
S2A_MSIL2A_20200119T065211_R020_T40RDP_20201002T203648_0001.jpg,S2A_MSIL2A_20200119T065211_R020_T40RDP_20201002T203648,0,2020-01,T40RDP,0.31700535205921915,0,0.7250074506564916
S2A_MSIL2A_20200208T065021_R020_T40RDP_20201001T082205_0000.jpg,S2A_MSIL2A_20200208T065021_R020_T40RDP_20201001T082205,0,2020-02,T40RDP,0.2858959720403682,0,0.7250074506564916
S2A_MSIL2A_20200208T065021_R020_T40RDP_20201001T082205_0001.jpg,S2A_MSIL2A_20200208T065021_R020_T40RDP_20201001T082205,0,2020-02,T40RDP,0.2858959720403682,0,0.7250074506564916
S2B_MSIL2A_20200213T064959_R020_T40RDP_20201001T220149_0000.jpg,S2B_MSIL2A_20200213T064959_R020_T40RDP_20201001T220149,0,2020-02,T40RDP,0.031859378503794375,0,0.7250074506564916
S2B_MSIL2A_20200223T064859_R020_T40RDP_20200928T000732_0000.jpg,S2B_MSIL2A_20200223T064859_R020_T40RDP_20200928T000732,0,2020-02,T40RDP,0.06363408880860458,0,0.7250074506564916
S2B_MSIL2A_20200223T064859_R020_T40RDP_20200928T000732_0001.jpg,S2B_MSIL2A_20200223T064859_R020_T40RDP_20200928T000732,0,2020-02,T40RDP,0.06363408880860458,0,0.7250074506564916
S2A_MSIL2A_20200228T064821_R020_T40RDP_20200928T220644_0000.jpg,S2A_MSIL2A_20200228T064821_R020_T40RDP_20200928T220644,0,2020-02,T40RDP,0.005828924588871856,0,0.7250074506564916
S2A_MSIL2A_20200228T064821_R020_T40RDP_20200928T220644_0001.jpg,S2A_MSIL2A_20200228T064821_R020_T40RDP_20200928T220644,0,2020-02,T40RDP,0.005828924588871856,0,0.7250074506564916
S2B_MSIL2A_20200304T064749_R020_T40RDP_20200928T130112_0000.jpg,S2B_MSIL2A_20200304T064749_R020_T40RDP_20200928T130112,0,2020-03,T40RDP,0.0863257296999867,0,0.7250074506564916
S2B_MSIL2A_20200304T064749_R020_T40RDP_20200928T130112_0001.jpg,S2B_MSIL2A_20200304T064749_R020_T40RDP_20200928T130112,0,2020-03,T40RDP,0.0863257296999867,0,0.7250074506564916
S2B_MSIL2A_20200403T064619_R020_T40RDP_20200924T210324_0000.jpg,S2B_MSIL2A_20200403T064619_R020_T40RDP_20200924T210324,0,2020-04,T40RDP,0.08527387948648761,0,0.7250074506564916
S2B_MSIL2A_20200403T064619_R020_T40RDP_20200924T210324_0001.jpg,S2B_MSIL2A_20200403T064619_R020_T40RDP_20200924T210324,0,2020-04,T40RDP,0.08527387948648761,0,0.7250074506564916
S2A_MSIL2A_20200428T064631_R020_T40RDP_20200922T100835_0000.jpg,S2A_MSIL2A_20200428T064631_R020_T40RDP_20200922T100835,1,2020-04,T40RDP,0.7839620258366797,1,0.7250074506564916
S2A_MSIL2A_20200428T064631_R020_T40RDP_20200922T100835_0001.jpg,S2A_MSIL2A_20200428T064631_R020_T40RDP_20200922T100835,1,2020-04,T40RDP,0.7839620258366797,1,0.7250074506564916
S2A_MSIL2A_20200508T064631_R020_T40RDP_20200920T234648_0000.jpg,S2A_MSIL2A_20200508T064631_R020_T40RDP_20200920T234648,0,2020-05,T40RDP,0.02029258277728353,0,0.7250074506564916
S2A_MSIL2A_20200508T064631_R020_T40RDP_20200920T234648_0001.jpg,S2A_MSIL2A_20200508T064631_R020_T40RDP_20200920T234648,0,2020-05,T40RDP,0.02029258277728353,0,0.7250074506564916
S2B_MSIL2A_20200513T064629_R020_T40RDP_20200918T015052_0000.jpg,S2B_MSIL2A_20200513T064629_R020_T40RDP_20200918T015052,0,2020-05,T40RDP,0.015316149298446387,0,0.7250074506564916
S2B_MSIL2A_20200513T064629_R020_T40RDP_20200918T015052_0001.jpg,S2B_MSIL2A_20200513T064629_R020_T40RDP_20200918T015052,0,2020-05,T40RDP,0.015316149298446387,0,0.7250074506564916
S2B_MSIL2A_20200523T064629_R020_T40RDP_20200910T171843_0000.jpg,S2B_MSIL2A_20200523T064629_R020_T40RDP_20200910T171843,1,2020-05,T40RDP,0.5771959135646001,0,0.7250074506564916
S2B_MSIL2A_20200523T064629_R020_T40RDP_20200910T171843_0001.jpg,S2B_MSIL2A_20200523T064629_R020_T40RDP_20200910T171843,1,2020-05,T40RDP,0.5771959135646001,0,0.7250074506564916
S2A_MSIL2A_20200528T064631_R020_T40RDP_20200911T060604_0000.jpg,S2A_MSIL2A_20200528T064631_R020_T40RDP_20200911T060604,0,2020-05,T40RDP,0.2210599232764336,0,0.7250074506564916
S2A_MSIL2A_20200528T064631_R020_T40RDP_20200911T060604_0001.jpg,S2A_MSIL2A_20200528T064631_R020_T40RDP_20200911T060604,0,2020-05,T40RDP,0.2210599232764336,0,0.7250074506564916
S2B_MSIL2A_20200602T064629_R020_T40RDP_20200908T232059_0000.jpg,S2B_MSIL2A_20200602T064629_R020_T40RDP_20200908T232059,0,2020-06,T40RDP,0.01018739067578169,0,0.7250074506564916
S2B_MSIL2A_20200602T064629_R020_T40RDP_20200908T232059_0001.jpg,S2B_MSIL2A_20200602T064629_R020_T40RDP_20200908T232059,0,2020-06,T40RDP,0.01018739067578169,0,0.7250074506564916
S2B_MSIL2A_20200612T064629_R020_T40RDP_20200827T032518_0000.jpg,S2B_MSIL2A_20200612T064629_R020_T40RDP_20200827T032518,1,2020-06,T40RDP,0.9095480621790922,1,0.7250074506564916
S2B_MSIL2A_20200612T064629_R020_T40RDP_20200827T032518_0001.jpg,S2B_MSIL2A_20200612T064629_R020_T40RDP_20200827T032518,1,2020-06,T40RDP,0.9095480621790922,1,0.7250074506564916
S2A_MSIL2A_20200617T064631_R020_T40RDP_20200823T013151_0000.jpg,S2A_MSIL2A_20200617T064631_R020_T40RDP_20200823T013151,1,2020-06,T40RDP,0.9074173362580619,1,0.7250074506564916
S2A_MSIL2A_20200617T064631_R020_T40RDP_20200823T013151_0001.jpg,S2A_MSIL2A_20200617T064631_R020_T40RDP_20200823T013151,1,2020-06,T40RDP,0.9074173362580619,1,0.7250074506564916
S2A_MSIL2A_20200627T064631_R020_T40RDP_20200908T232057_0000.jpg,S2A_MSIL2A_20200627T064631_R020_T40RDP_20200908T232057,0,2020-06,T40RDP,0.022868055475505043,0,0.7250074506564916
S2A_MSIL2A_20200627T064631_R020_T40RDP_20200908T232057_0001.jpg,S2A_MSIL2A_20200627T064631_R020_T40RDP_20200908T232057,0,2020-06,T40RDP,0.022868055475505043,0,0.7250074506564916
S2A_MSIL2A_20200707T064631_R020_T40RDP_20200912T074110_0000.jpg,S2A_MSIL2A_20200707T064631_R020_T40RDP_20200912T074110,0,2020-07,T40RDP,0.008350066720205631,0,0.7250074506564916
S2A_MSIL2A_20200707T064631_R020_T40RDP_20200912T074110_0001.jpg,S2A_MSIL2A_20200707T064631_R020_T40RDP_20200912T074110,0,2020-07,T40RDP,0.008350066720205631,0,0.7250074506564916
S2B_MSIL2A_20200712T064629_R020_T40RDP_20200912T225615_0000.jpg,S2B_MSIL2A_20200712T064629_R020_T40RDP_20200912T225615,0,2020-07,T40RDP,0.030332827318924668,0,0.7250074506564916
S2B_MSIL2A_20200712T064629_R020_T40RDP_20200912T225615_0001.jpg,S2B_MSIL2A_20200712T064629_R020_T40RDP_20200912T225615,0,2020-07,T40RDP,0.030332827318924668,0,0.7250074506564916
S2A_MSIL2A_20200717T064631_R020_T40RDP_20200816T105654_0000.jpg,S2A_MSIL2A_20200717T064631_R020_T40RDP_20200816T105654,0,2020-07,T40RDP,0.033856543306079796,0,0.7250074506564916
S2A_MSIL2A_20200717T064631_R020_T40RDP_20200816T105654_0001.jpg,S2A_MSIL2A_20200717T064631_R020_T40RDP_20200816T105654,0,2020-07,T40RDP,0.033856543306079796,0,0.7250074506564916
S2A_MSIL2A_20200727T064631_R020_T40RDP_20200817T172227_0000.jpg,S2A_MSIL2A_20200727T064631_R020_T40RDP_20200817T172227,0,2020-07,T40RDP,0.9685749948913019,1,0.7250074506564916
S2A_MSIL2A_20200727T064631_R020_T40RDP_20200817T172227_0001.jpg,S2A_MSIL2A_20200727T064631_R020_T40RDP_20200817T172227,0,2020-07,T40RDP,0.9685749948913019,1,0.7250074506564916
S2B_MSIL2A_20200831T064629_R020_T40RDP_20200907T203947_0000.jpg,S2B_MSIL2A_20200831T064629_R020_T40RDP_20200907T203947,0,2020-08,T40RDP,0.2338710807955077,0,0.7250074506564916
S2B_MSIL2A_20200831T064629_R020_T40RDP_20200907T203947_0001.jpg,S2B_MSIL2A_20200831T064629_R020_T40RDP_20200907T203947,0,2020-08,T40RDP,0.2338710807955077,0,0.7250074506564916
S2A_MSIL2A_20200905T064631_R020_T40RDP_20200908T041703_0000.jpg,S2A_MSIL2A_20200905T064631_R020_T40RDP_20200908T041703,0,2020-09,T40RDP,0.006927359843801715,0,0.7250074506564916
S2A_MSIL2A_20200905T064631_R020_T40RDP_20200908T041703_0001.jpg,S2A_MSIL2A_20200905T064631_R020_T40RDP_20200908T041703,0,2020-09,T40RDP,0.006927359843801715,0,0.7250074506564916
S2A_MSIL2A_20200915T064631_R020_T40RDP_20200918T105421_0000.jpg,S2A_MSIL2A_20200915T064631_R020_T40RDP_20200918T105421,1,2020-09,T40RDP,0.8332047783220159,1,0.7250074506564916
S2A_MSIL2A_20200915T064631_R020_T40RDP_20200918T105421_0001.jpg,S2A_MSIL2A_20200915T064631_R020_T40RDP_20200918T105421,1,2020-09,T40RDP,0.8332047783220159,1,0.7250074506564916
S2A_MSIL2A_20200925T064631_R020_T40RDP_20200926T233117_0000.jpg,S2A_MSIL2A_20200925T064631_R020_T40RDP_20200926T233117,0,2020-09,T40RDP,0.09964506070029364,0,0.7250074506564916
S2A_MSIL2A_20200925T064631_R020_T40RDP_20200926T233117_0001.jpg,S2A_MSIL2A_20200925T064631_R020_T40RDP_20200926T233117,0,2020-09,T40RDP,0.09964506070029364,0,0.7250074506564916
S2A_MSIL2A_20201005T064741_R020_T40RDP_20201007T144803_0000.jpg,S2A_MSIL2A_20201005T064741_R020_T40RDP_20201007T144803,0,2020-10,T40RDP,0.23665393837682216,0,0.7250074506564916
S2A_MSIL2A_20201005T064741_R020_T40RDP_20201007T144803_0001.jpg,S2A_MSIL2A_20201005T064741_R020_T40RDP_20201007T144803,0,2020-10,T40RDP,0.23665393837682216,0,0.7250074506564916
S2B_MSIL2A_20201010T064809_R020_T40RDP_20201012T042755_0000.jpg,S2B_MSIL2A_20201010T064809_R020_T40RDP_20201012T042755,0,2020-10,T40RDP,0.013725683219159278,0,0.7250074506564916
S2B_MSIL2A_20201010T064809_R020_T40RDP_20201012T042755_0001.jpg,S2B_MSIL2A_20201010T064809_R020_T40RDP_20201012T042755,0,2020-10,T40RDP,0.013725683219159278,0,0.7250074506564916
S2B_MSIL2A_20201020T064919_R020_T40RDP_20201021T213850_0000.jpg,S2B_MSIL2A_20201020T064919_R020_T40RDP_20201021T213850,0,2020-10,T40RDP,0.005692092333543418,0,0.7250074506564916
S2B_MSIL2A_20201020T064919_R020_T40RDP_20201021T213850_0001.jpg,S2B_MSIL2A_20201020T064919_R020_T40RDP_20201021T213850,0,2020-10,T40RDP,0.005692092333543418,0,0.7250074506564916
S2B_MSIL2A_20201030T065019_R020_T40RDP_20201102T001742_0000.jpg,S2B_MSIL2A_20201030T065019_R020_T40RDP_20201102T001742,0,2020-10,T40RDP,0.032824904020844925,0,0.7250074506564916
S2B_MSIL2A_20201030T065019_R020_T40RDP_20201102T001742_0001.jpg,S2B_MSIL2A_20201030T065019_R020_T40RDP_20201102T001742,0,2020-10,T40RDP,0.032824904020844925,0,0.7250074506564916
S2A_MSIL2A_20201104T065051_R020_T40RDP_20201106T155819_0000.jpg,S2A_MSIL2A_20201104T065051_R020_T40RDP_20201106T155819,0,2020-11,T40RDP,0.020749145732264156,0,0.7250074506564916
S2A_MSIL2A_20201104T065051_R020_T40RDP_20201106T155819_0001.jpg,S2A_MSIL2A_20201104T065051_R020_T40RDP_20201106T155819,0,2020-11,T40RDP,0.020749145732264156,0,0.7250074506564916
S2A_MSIL2A_20201124T065211_R020_T40RDP_20201125T090010_0000.jpg,S2A_MSIL2A_20201124T065211_R020_T40RDP_20201125T090010,0,2020-11,T40RDP,0.1821308412989931,0,0.7250074506564916
S2A_MSIL2A_20201124T065211_R020_T40RDP_20201125T090010_0001.jpg,S2A_MSIL2A_20201124T065211_R020_T40RDP_20201125T090010,0,2020-11,T40RDP,0.1821308412989931,0,0.7250074506564916
S2A_MSIL2A_20201204T065241_R020_T40RDP_20201204T182220_0000.jpg,S2A_MSIL2A_20201204T065241_R020_T40RDP_20201204T182220,0,2020-12,T40RDP,0.006558670735966077,0,0.7250074506564916
S2A_MSIL2A_20201204T065241_R020_T40RDP_20201204T182220_0001.jpg,S2A_MSIL2A_20201204T065241_R020_T40RDP_20201204T182220,0,2020-12,T40RDP,0.006558670735966077,0,0.7250074506564916
S2A_MSIL2A_20201214T065301_R020_T40RDP_20201215T204015_0000.jpg,S2A_MSIL2A_20201214T065301_R020_T40RDP_20201215T204015,0,2020-12,T40RDP,0.019916871641097973,0,0.7250074506564916
S2A_MSIL2A_20201214T065301_R020_T40RDP_20201215T204015_0001.jpg,S2A_MSIL2A_20201214T065301_R020_T40RDP_20201215T204015,0,2020-12,T40RDP,0.019916871641097973,0,0.7250074506564916
S2A_MSIL2A_20201224T065311_R020_T40RDP_20201225T025427_0000.jpg,S2A_MSIL2A_20201224T065311_R020_T40RDP_20201225T025427,0,2020-12,T40RDP,0.12557132926653253,0,0.7250074506564916
S2A_MSIL2A_20201224T065311_R020_T40RDP_20201225T025427_0001.jpg,S2A_MSIL2A_20201224T065311_R020_T40RDP_20201225T025427,0,2020-12,T40RDP,0.12557132926653253,0,0.7250074506564916
S2B_MSIL2A_20201229T065259_R020_T40RDP_20201229T153105_0000.jpg,S2B_MSIL2A_20201229T065259_R020_T40RDP_20201229T153105,1,2020-12,T40RDP,0.8987092296443452,1,0.7250074506564916
S2B_MSIL2A_20201229T065259_R020_T40RDP_20201229T153105_0001.jpg,S2B_MSIL2A_20201229T065259_R020_T40RDP_20201229T153105,1,2020-12,T40RDP,0.8987092296443452,1,0.7250074506564916
S2B_MSIL2A_20210108T065249_R020_T40RDP_20210108T192844_0000.jpg,S2B_MSIL2A_20210108T065249_R020_T40RDP_20210108T192844,0,2021-01,T40RDP,0.29011249984857723,0,0.7250074506564916
S2B_MSIL2A_20210108T065249_R020_T40RDP_20210108T192844_0001.jpg,S2B_MSIL2A_20210108T065249_R020_T40RDP_20210108T192844,0,2021-01,T40RDP,0.29011249984857723,0,0.7250074506564916
S2A_MSIL2A_20210113T065231_R020_T40RDP_20210122T041210_0000.jpg,S2A_MSIL2A_20210113T065231_R020_T40RDP_20210122T041210,0,2021-01,T40RDP,0.11109737067709778,0,0.7250074506564916
S2A_MSIL2A_20210113T065231_R020_T40RDP_20210122T041210_0001.jpg,S2A_MSIL2A_20210113T065231_R020_T40RDP_20210122T041210,0,2021-01,T40RDP,0.11109737067709778,0,0.7250074506564916
S2B_MSIL2A_20210118T065219_R020_T40RDP_20210118T214817_0000.jpg,S2B_MSIL2A_20210118T065219_R020_T40RDP_20210118T214817,0,2021-01,T40RDP,0.01780061312278699,0,0.7250074506564916
S2B_MSIL2A_20210118T065219_R020_T40RDP_20210118T214817_0001.jpg,S2B_MSIL2A_20210118T065219_R020_T40RDP_20210118T214817,0,2021-01,T40RDP,0.01780061312278699,0,0.7250074506564916
S2B_MSIL2A_20210128T065129_R020_T40RDP_20210130T002734_0000.jpg,S2B_MSIL2A_20210128T065129_R020_T40RDP_20210130T002734,0,2021-01,T40RDP,0.009312549581602355,0,0.7250074506564916
S2B_MSIL2A_20210128T065129_R020_T40RDP_20210130T002734_0001.jpg,S2B_MSIL2A_20210128T065129_R020_T40RDP_20210130T002734,0,2021-01,T40RDP,0.009312549581602355,0,0.7250074506564916
S2A_MSIL2A_20210202T065111_R020_T40RDP_20210202T230544_0000.jpg,S2A_MSIL2A_20210202T065111_R020_T40RDP_20210202T230544,0,2021-02,T40RDP,0.024287752724567967,0,0.7250074506564916
S2A_MSIL2A_20210202T065111_R020_T40RDP_20210202T230544_0001.jpg,S2A_MSIL2A_20210202T065111_R020_T40RDP_20210202T230544,0,2021-02,T40RDP,0.024287752724567967,0,0.7250074506564916
S2A_MSIL2A_20210212T065011_R020_T40RDP_20210213T015143_0000.jpg,S2A_MSIL2A_20210212T065011_R020_T40RDP_20210213T015143,0,2021-02,T40RDP,0.04279615560489905,0,0.7250074506564916
S2A_MSIL2A_20210212T065011_R020_T40RDP_20210213T015143_0001.jpg,S2A_MSIL2A_20210212T065011_R020_T40RDP_20210213T015143,0,2021-02,T40RDP,0.04279615560489905,0,0.7250074506564916
S2B_MSIL2A_20210217T064929_R020_T40RDP_20210219T052421_0000.jpg,S2B_MSIL2A_20210217T064929_R020_T40RDP_20210219T052421,0,2021-02,T40RDP,0.025417674905318446,0,0.7250074506564916
S2B_MSIL2A_20210217T064929_R020_T40RDP_20210219T052421_0001.jpg,S2B_MSIL2A_20210217T064929_R020_T40RDP_20210219T052421,0,2021-02,T40RDP,0.025417674905318446,0,0.7250074506564916
S2B_MSIL2A_20210227T064829_R020_T40RDP_20210227T151747_0000.jpg,S2B_MSIL2A_20210227T064829_R020_T40RDP_20210227T151747,1,2021-02,T40RDP,0.9231817351136414,1,0.7250074506564916
S2B_MSIL2A_20210227T064829_R020_T40RDP_20210227T151747_0001.jpg,S2B_MSIL2A_20210227T064829_R020_T40RDP_20210227T151747,1,2021-02,T40RDP,0.9231817351136414,1,0.7250074506564916
S2A_MSIL2A_20210304T064751_R020_T40RDP_20210304T204918_0000.jpg,S2A_MSIL2A_20210304T064751_R020_T40RDP_20210304T204918,0,2021-03,T40RDP,0.2846892336080682,0,0.7250074506564916
S2A_MSIL2A_20210304T064751_R020_T40RDP_20210304T204918_0001.jpg,S2A_MSIL2A_20210304T064751_R020_T40RDP_20210304T204918,0,2021-03,T40RDP,0.2846892336080682,0,0.7250074506564916
S2B_MSIL2A_20210309T064719_R020_T40RDP_20210309T160558_0000.jpg,S2B_MSIL2A_20210309T064719_R020_T40RDP_20210309T160558,0,2021-03,T40RDP,0.07827682266687773,0,0.7250074506564916
S2B_MSIL2A_20210309T064719_R020_T40RDP_20210309T160558_0001.jpg,S2B_MSIL2A_20210309T064719_R020_T40RDP_20210309T160558,0,2021-03,T40RDP,0.07827682266687773,0,0.7250074506564916
S2A_MSIL2A_20210324T064621_R020_T40RDP_20210324T162047_0000.jpg,S2A_MSIL2A_20210324T064621_R020_T40RDP_20210324T162047,0,2021-03,T40RDP,0.09238725870674927,0,0.7250074506564916
S2A_MSIL2A_20210324T064621_R020_T40RDP_20210324T162047_0001.jpg,S2A_MSIL2A_20210324T064621_R020_T40RDP_20210324T162047,0,2021-03,T40RDP,0.09238725870674927,0,0.7250074506564916
S2B_MSIL2A_20210408T064619_R020_T40RDP_20210408T201535_0000.jpg,S2B_MSIL2A_20210408T064619_R020_T40RDP_20210408T201535,0,2021-04,T40RDP,0.2903269071850807,0,0.7250074506564916
S2B_MSIL2A_20210408T064619_R020_T40RDP_20210408T201535_0001.jpg,S2B_MSIL2A_20210408T064619_R020_T40RDP_20210408T201535,0,2021-04,T40RDP,0.2903269071850807,0,0.7250074506564916
S2A_MSIL2A_20210413T064621_R020_T40RDP_20210414T053249_0000.jpg,S2A_MSIL2A_20210413T064621_R020_T40RDP_20210414T053249,0,2021-04,T40RDP,0.3989172527459287,0,0.7250074506564916
S2A_MSIL2A_20210413T064621_R020_T40RDP_20210414T053249_0001.jpg,S2A_MSIL2A_20210413T064621_R020_T40RDP_20210414T053249,0,2021-04,T40RDP,0.3989172527459287,0,0.7250074506564916
S2A_MSIL2A_20210523T064621_R020_T40RDP_20210523T174609_0000.jpg,S2A_MSIL2A_20210523T064621_R020_T40RDP_20210523T174609,0,2021-05,T40RDP,0.01802125985980304,0,0.7250074506564916
S2A_MSIL2A_20210523T064621_R020_T40RDP_20210523T174609_0001.jpg,S2A_MSIL2A_20210523T064621_R020_T40RDP_20210523T174609,0,2021-05,T40RDP,0.01802125985980304,0,0.7250074506564916
S2B_MSIL2A_20210528T064629_R020_T40RDP_20210529T000758_0000.jpg,S2B_MSIL2A_20210528T064629_R020_T40RDP_20210529T000758,0,2021-05,T40RDP,0.4036122148714387,0,0.7250074506564916
S2B_MSIL2A_20210528T064629_R020_T40RDP_20210529T000758_0001.jpg,S2B_MSIL2A_20210528T064629_R020_T40RDP_20210529T000758,0,2021-05,T40RDP,0.4036122148714387,0,0.7250074506564916
S2A_MSIL2A_20210612T064621_R020_T40RDP_20210614T150758_0000.jpg,S2A_MSIL2A_20210612T064621_R020_T40RDP_20210614T150758,1,2021-06,T40RDP,0.8416144204738327,1,0.7250074506564916
S2A_MSIL2A_20210612T064621_R020_T40RDP_20210614T150758_0001.jpg,S2A_MSIL2A_20210612T064621_R020_T40RDP_20210614T150758,1,2021-06,T40RDP,0.8416144204738327,1,0.7250074506564916
S2B_MSIL2A_20210617T064629_R020_T40RDP_20210617T170925_0000.jpg,S2B_MSIL2A_20210617T064629_R020_T40RDP_20210617T170925,1,2021-06,T40RDP,0.8272242496164101,1,0.7250074506564916
S2B_MSIL2A_20210617T064629_R020_T40RDP_20210617T170925_0001.jpg,S2B_MSIL2A_20210617T064629_R020_T40RDP_20210617T170925,1,2021-06,T40RDP,0.8272242496164101,1,0.7250074506564916
S2A_MSIL2A_20210702T064631_R020_T40RDP_20210702T202316_0000.jpg,S2A_MSIL2A_20210702T064631_R020_T40RDP_20210702T202316,0,2021-07,T40RDP,0.22588572826283226,0,0.7250074506564916
S2A_MSIL2A_20210702T064631_R020_T40RDP_20210702T202316_0001.jpg,S2A_MSIL2A_20210702T064631_R020_T40RDP_20210702T202316,0,2021-07,T40RDP,0.22588572826283226,0,0.7250074506564916
S2A_MSIL2A_20210722T064631_R020_T40RDP_20210722T180746_0000.jpg,S2A_MSIL2A_20210722T064631_R020_T40RDP_20210722T180746,0,2021-07,T40RDP,0.05185777007982436,0,0.7250074506564916
S2A_MSIL2A_20210722T064631_R020_T40RDP_20210722T180746_0001.jpg,S2A_MSIL2A_20210722T064631_R020_T40RDP_20210722T180746,0,2021-07,T40RDP,0.05185777007982436,0,0.7250074506564916
S2B_MSIL2A_20210806T064629_R020_T40RDP_20210806T172711_0000.jpg,S2B_MSIL2A_20210806T064629_R020_T40RDP_20210806T172711,1,2021-08,T40RDP,0.1417580672590077,0,0.7250074506564916
S2B_MSIL2A_20210806T064629_R020_T40RDP_20210806T172711_0001.jpg,S2B_MSIL2A_20210806T064629_R020_T40RDP_20210806T172711,1,2021-08,T40RDP,0.1417580672590077,0,0.7250074506564916
S2A_MSIL2A_20210821T064631_R020_T40RDP_20210821T203247_0000.jpg,S2A_MSIL2A_20210821T064631_R020_T40RDP_20210821T203247,0,2021-08,T40RDP,0.2704943331051812,0,0.7250074506564916
S2A_MSIL2A_20210821T064631_R020_T40RDP_20210821T203247_0001.jpg,S2A_MSIL2A_20210821T064631_R020_T40RDP_20210821T203247,0,2021-08,T40RDP,0.2704943331051812,0,0.7250074506564916
S2B_MSIL2A_20210905T064619_R020_T40RDP_20210905T161454_0000.jpg,S2B_MSIL2A_20210905T064619_R020_T40RDP_20210905T161454,1,2021-09,T40RDP,0.8860972869504778,1,0.7250074506564916
S2B_MSIL2A_20210905T064619_R020_T40RDP_20210905T161454_0001.jpg,S2B_MSIL2A_20210905T064619_R020_T40RDP_20210905T161454,1,2021-09,T40RDP,0.8860972869504778,1,0.7250074506564916
S2B_MSIL2A_20210925T064619_R020_T40RDP_20210926T064926_0000.jpg,S2B_MSIL2A_20210925T064619_R020_T40RDP_20210926T064926,0,2021-09,T40RDP,0.05630630813208194,0,0.7250074506564916
S2B_MSIL2A_20210925T064619_R020_T40RDP_20210926T064926_0001.jpg,S2B_MSIL2A_20210925T064619_R020_T40RDP_20210926T064926,0,2021-09,T40RDP,0.05630630813208194,0,0.7250074506564916
S2B_MSIL2A_20211104T065039_R020_T40RDP_20211110T203100_0000.jpg,S2B_MSIL2A_20211104T065039_R020_T40RDP_20211110T203100,0,2021-11,T40RDP,0.13297821751610953,0,0.7250074506564916
S2B_MSIL2A_20211104T065039_R020_T40RDP_20211110T203100_0001.jpg,S2B_MSIL2A_20211104T065039_R020_T40RDP_20211110T203100,0,2021-11,T40RDP,0.13297821751610953,0,0.7250074506564916
S2B_MSIL2A_20211124T065159_R020_T40RDP_20211124T175021_0000.jpg,S2B_MSIL2A_20211124T065159_R020_T40RDP_20211124T175021,0,2021-11,T40RDP,0.014447860087135538,0,0.7250074506564916
S2B_MSIL2A_20211124T065159_R020_T40RDP_20211124T175021_0001.jpg,S2B_MSIL2A_20211124T065159_R020_T40RDP_20211124T175021,0,2021-11,T40RDP,0.014447860087135538,0,0.7250074506564916
S2B_MSIL2A_20211204T065239_R020_T40RDP_20211204T202252_0000.jpg,S2B_MSIL2A_20211204T065239_R020_T40RDP_20211204T202252,0,2021-12,T40RDP,0.11995557355073437,0,0.7250074506564916
S2B_MSIL2A_20211204T065239_R020_T40RDP_20211204T202252_0001.jpg,S2B_MSIL2A_20211204T065239_R020_T40RDP_20211204T202252,0,2021-12,T40RDP,0.11995557355073437,0,0.7250074506564916
S2B_MSIL2A_20211224T065309_R020_T40RDP_20211224T211558_0000.jpg,S2B_MSIL2A_20211224T065309_R020_T40RDP_20211224T211558,1,2021-12,T40RDP,0.8021573859130451,1,0.7250074506564916
S2B_MSIL2A_20211224T065309_R020_T40RDP_20211224T211558_0001.jpg,S2B_MSIL2A_20211224T065309_R020_T40RDP_20211224T211558,1,2021-12,T40RDP,0.8021573859130451,1,0.7250074506564916
S2A_MSIL2A_20220108T065251_R020_T40RDP_20220111T051244_0000.jpg,S2A_MSIL2A_20220108T065251_R020_T40RDP_20220111T051244,0,2022-01,T40RDP,0.03720809193774666,0,0.7250074506564916
S2A_MSIL2A_20220108T065251_R020_T40RDP_20220111T051244_0001.jpg,S2A_MSIL2A_20220108T065251_R020_T40RDP_20220111T051244,0,2022-01,T40RDP,0.03720809193774666,0,0.7250074506564916
S2B_MSIL2A_20220123T065149_R020_T40RDP_20220123T212614_0000.jpg,S2B_MSIL2A_20220123T065149_R020_T40RDP_20220123T212614,1,2022-01,T40RDP,0.9018307756905053,1,0.7250074506564916
S2B_MSIL2A_20220123T065149_R020_T40RDP_20220123T212614_0001.jpg,S2B_MSIL2A_20220123T065149_R020_T40RDP_20220123T212614,1,2022-01,T40RDP,0.9018307756905053,1,0.7250074506564916
S2B_MSIL2A_20220202T065109_R020_T40RDP_20220217T143849_0000.jpg,S2B_MSIL2A_20220202T065109_R020_T40RDP_20220217T143849,0,2022-02,T40RDP,0.31224065166117343,0,0.7250074506564916
S2B_MSIL2A_20220202T065109_R020_T40RDP_20220217T143849_0001.jpg,S2B_MSIL2A_20220202T065109_R020_T40RDP_20220217T143849,0,2022-02,T40RDP,0.31224065166117343,0,0.7250074506564916
S2B_MSIL2A_20220212T065009_R020_T40RDP_20220222T053424_0000.jpg,S2B_MSIL2A_20220212T065009_R020_T40RDP_20220222T053424,1,2022-02,T40RDP,0.8753445360366822,1,0.7250074506564916
S2B_MSIL2A_20220212T065009_R020_T40RDP_20220222T053424_0001.jpg,S2B_MSIL2A_20220212T065009_R020_T40RDP_20220222T053424,1,2022-02,T40RDP,0.8753445360366822,1,0.7250074506564916
S2A_MSIL2A_20220217T064941_R020_T40RDP_20220224T125700_0000.jpg,S2A_MSIL2A_20220217T064941_R020_T40RDP_20220224T125700,1,2022-02,T40RDP,0.829715706447447,1,0.7250074506564916
S2A_MSIL2A_20220217T064941_R020_T40RDP_20220224T125700_0001.jpg,S2A_MSIL2A_20220217T064941_R020_T40RDP_20220224T125700,1,2022-02,T40RDP,0.829715706447447,1,0.7250074506564916
S2A_MSIL2A_20220227T064831_R020_T40RDP_20220302T170652_0000.jpg,S2A_MSIL2A_20220227T064831_R020_T40RDP_20220302T170652,0,2022-02,T40RDP,0.022907821442917642,0,0.7250074506564916
S2A_MSIL2A_20220227T064831_R020_T40RDP_20220302T170652_0001.jpg,S2A_MSIL2A_20220227T064831_R020_T40RDP_20220302T170652,0,2022-02,T40RDP,0.022907821442917642,0,0.7250074506564916
S2B_MSIL2A_20220314T064639_R020_T40RDP_20240526T072428_0000.jpg,S2B_MSIL2A_20220314T064639_R020_T40RDP_20240526T072428,0,2022-03,T40RDP,0.3054254788623421,0,0.7250074506564916
S2B_MSIL2A_20220314T064639_R020_T40RDP_20240526T072428_0001.jpg,S2B_MSIL2A_20220314T064639_R020_T40RDP_20240526T072428,0,2022-03,T40RDP,0.3054254788623421,0,0.7250074506564916
S2B_MSIL2A_20220324T064619_R020_T40RDP_20220324T202535_0000.jpg,S2B_MSIL2A_20220324T064619_R020_T40RDP_20220324T202535,0,2022-03,T40RDP,0.018608085181465683,0,0.7250074506564916
S2B_MSIL2A_20220324T064619_R020_T40RDP_20220324T202535_0001.jpg,S2B_MSIL2A_20220324T064619_R020_T40RDP_20220324T202535,0,2022-03,T40RDP,0.018608085181465683,0,0.7250074506564916
S2A_MSIL2A_20220329T064631_R020_T40RDP_20240530T191803_0000.jpg,S2A_MSIL2A_20220329T064631_R020_T40RDP_20240530T191803,0,2022-03,T40RDP,0.03589771696000226,0,0.7250074506564916
S2A_MSIL2A_20220329T064631_R020_T40RDP_20240530T191803_0001.jpg,S2A_MSIL2A_20220329T064631_R020_T40RDP_20240530T191803,0,2022-03,T40RDP,0.03589771696000226,0,0.7250074506564916
S2A_MSIL2A_20220408T064631_R020_T40RDP_20220408T184847_0000.jpg,S2A_MSIL2A_20220408T064631_R020_T40RDP_20220408T184847,0,2022-04,T40RDP,0.014911243721904688,0,0.7250074506564916
S2A_MSIL2A_20220408T064631_R020_T40RDP_20220408T184847_0001.jpg,S2A_MSIL2A_20220408T064631_R020_T40RDP_20220408T184847,0,2022-04,T40RDP,0.014911243721904688,0,0.7250074506564916
S2B_MSIL2A_20220413T064619_R020_T40RDP_20220414T012444_0000.jpg,S2B_MSIL2A_20220413T064619_R020_T40RDP_20220414T012444,0,2022-04,T40RDP,0.016622304333867383,0,0.7250074506564916
S2B_MSIL2A_20220413T064619_R020_T40RDP_20220414T012444_0001.jpg,S2B_MSIL2A_20220413T064619_R020_T40RDP_20220414T012444,0,2022-04,T40RDP,0.016622304333867383,0,0.7250074506564916
S2B_MSIL2A_20220423T064619_R020_T40RDP_20240608T175630_0000.jpg,S2B_MSIL2A_20220423T064619_R020_T40RDP_20240608T175630,1,2022-04,T40RDP,0.6084020303936176,0,0.7250074506564916
S2B_MSIL2A_20220423T064619_R020_T40RDP_20240608T175630_0001.jpg,S2B_MSIL2A_20220423T064619_R020_T40RDP_20240608T175630,1,2022-04,T40RDP,0.6084020303936176,0,0.7250074506564916
S2A_MSIL2A_20220428T064631_R020_T40RDP_20220429T020418_0000.jpg,S2A_MSIL2A_20220428T064631_R020_T40RDP_20220429T020418,1,2022-04,T40RDP,0.4793558409785131,0,0.7250074506564916
S2A_MSIL2A_20220428T064631_R020_T40RDP_20220429T020418_0001.jpg,S2A_MSIL2A_20220428T064631_R020_T40RDP_20220429T020418,1,2022-04,T40RDP,0.4793558409785131,0,0.7250074506564916
S2B_MSIL2A_20220503T064619_R020_T40RDP_20220503T220214_0000.jpg,S2B_MSIL2A_20220503T064619_R020_T40RDP_20220503T220214,0,2022-05,T40RDP,0.04437031821722151,0,0.7250074506564916
S2B_MSIL2A_20220503T064619_R020_T40RDP_20220503T220214_0001.jpg,S2B_MSIL2A_20220503T064619_R020_T40RDP_20220503T220214,0,2022-05,T40RDP,0.04437031821722151,0,0.7250074506564916
S2B_MSIL2A_20220513T064619_R020_T40RDP_20240613T170011_0000.jpg,S2B_MSIL2A_20220513T064619_R020_T40RDP_20240613T170011,0,2022-05,T40RDP,0.0071024255232582005,0,0.7250074506564916
S2B_MSIL2A_20220513T064619_R020_T40RDP_20240613T170011_0001.jpg,S2B_MSIL2A_20220513T064619_R020_T40RDP_20240613T170011,0,2022-05,T40RDP,0.0071024255232582005,0,0.7250074506564916
S2A_MSIL2A_20220518T064631_R020_T40RDP_20220520T052740_0000.jpg,S2A_MSIL2A_20220518T064631_R020_T40RDP_20220520T052740,0,2022-05,T40RDP,0.021299353887505246,0,0.7250074506564916
S2A_MSIL2A_20220518T064631_R020_T40RDP_20220520T052740_0001.jpg,S2A_MSIL2A_20220518T064631_R020_T40RDP_20220520T052740,0,2022-05,T40RDP,0.021299353887505246,0,0.7250074506564916
S2A_MSIL2A_20220528T064631_R020_T40RDP_20240629T015931_0000.jpg,S2A_MSIL2A_20220528T064631_R020_T40RDP_20240629T015931,1,2022-05,T40RDP,0.9380713982253486,1,0.7250074506564916
S2A_MSIL2A_20220528T064631_R020_T40RDP_20240629T015931_0001.jpg,S2A_MSIL2A_20220528T064631_R020_T40RDP_20240629T015931,1,2022-05,T40RDP,0.9380713982253486,1,0.7250074506564916
S2B_MSIL2A_20220602T064629_R020_T40RDP_20240619T144519_0000.jpg,S2B_MSIL2A_20220602T064629_R020_T40RDP_20240619T144519,0,2022-06,T40RDP,0.10219269486790225,0,0.7250074506564916
S2B_MSIL2A_20220602T064629_R020_T40RDP_20240619T144519_0001.jpg,S2B_MSIL2A_20220602T064629_R020_T40RDP_20240619T144519,0,2022-06,T40RDP,0.10219269486790225,0,0.7250074506564916
S2B_MSIL2A_20220612T064629_R020_T40RDP_20220613T015748_0000.jpg,S2B_MSIL2A_20220612T064629_R020_T40RDP_20220613T015748,1,2022-06,T40RDP,0.8623971913568823,1,0.7250074506564916
S2B_MSIL2A_20220612T064629_R020_T40RDP_20220613T015748_0001.jpg,S2B_MSIL2A_20220612T064629_R020_T40RDP_20220613T015748,1,2022-06,T40RDP,0.8623971913568823,1,0.7250074506564916
S2B_MSIL2A_20220622T064629_R020_T40RDP_20220622T162812_0000.jpg,S2B_MSIL2A_20220622T064629_R020_T40RDP_20220622T162812,0,2022-06,T40RDP,0.04448735132835006,0,0.7250074506564916
S2B_MSIL2A_20220622T064629_R020_T40RDP_20220622T162812_0001.jpg,S2B_MSIL2A_20220622T064629_R020_T40RDP_20220622T162812,0,2022-06,T40RDP,0.04448735132835006,0,0.7250074506564916
S2B_MSIL2A_20220702T064629_R020_T40RDP_20220702T192355_0000.jpg,S2B_MSIL2A_20220702T064629_R020_T40RDP_20220702T192355,0,2022-07,T40RDP,0.05255187321169133,0,0.7250074506564916
S2B_MSIL2A_20220702T064629_R020_T40RDP_20220702T192355_0001.jpg,S2B_MSIL2A_20220702T064629_R020_T40RDP_20220702T192355,0,2022-07,T40RDP,0.05255187321169133,0,0.7250074506564916
S2B_MSIL2A_20220712T064629_R020_T40RDP_20220713T172255_0000.jpg,S2B_MSIL2A_20220712T064629_R020_T40RDP_20220713T172255,0,2022-07,T40RDP,0.3039596247158188,0,0.7250074506564916
S2B_MSIL2A_20220712T064629_R020_T40RDP_20220713T172255_0001.jpg,S2B_MSIL2A_20220712T064629_R020_T40RDP_20220713T172255,0,2022-07,T40RDP,0.3039596247158188,0,0.7250074506564916
S2B_MSIL2A_20220811T064629_R020_T40RDP_20220812T033521_0000.jpg,S2B_MSIL2A_20220811T064629_R020_T40RDP_20220812T033521,0,2022-08,T40RDP,0.018721211229653905,0,0.7250074506564916
S2B_MSIL2A_20220811T064629_R020_T40RDP_20220812T033521_0001.jpg,S2B_MSIL2A_20220811T064629_R020_T40RDP_20220812T033521,0,2022-08,T40RDP,0.018721211229653905,0,0.7250074506564916
S2B_MSIL2A_20220821T064629_R020_T40RDP_20240704T040858_0000.jpg,S2B_MSIL2A_20220821T064629_R020_T40RDP_20240704T040858,0,2022-08,T40RDP,0.29608826277061007,0,0.7250074506564916
S2B_MSIL2A_20220821T064629_R020_T40RDP_20240704T040858_0001.jpg,S2B_MSIL2A_20220821T064629_R020_T40RDP_20240704T040858,0,2022-08,T40RDP,0.29608826277061007,0,0.7250074506564916
S2B_MSIL2A_20220910T064629_R020_T40RDP_20220911T222605_0000.jpg,S2B_MSIL2A_20220910T064629_R020_T40RDP_20220911T222605,0,2022-09,T40RDP,0.02678050067332861,0,0.7250074506564916
S2B_MSIL2A_20220910T064629_R020_T40RDP_20220911T222605_0001.jpg,S2B_MSIL2A_20220910T064629_R020_T40RDP_20220911T222605,0,2022-09,T40RDP,0.02678050067332861,0,0.7250074506564916
S2B_MSIL2A_20220920T064629_R020_T40RDP_20240728T021039_0000.jpg,S2B_MSIL2A_20220920T064629_R020_T40RDP_20240728T021039,1,2022-09,T40RDP,0.971172715577673,1,0.7250074506564916
S2B_MSIL2A_20220920T064629_R020_T40RDP_20240728T021039_0001.jpg,S2B_MSIL2A_20220920T064629_R020_T40RDP_20240728T021039,1,2022-09,T40RDP,0.971172715577673,1,0.7250074506564916
S2B_MSIL2A_20220930T064649_R020_T40RDP_20240726T033305_0000.jpg,S2B_MSIL2A_20220930T064649_R020_T40RDP_20240726T033305,1,2022-09,T40RDP,0.792316153391762,1,0.7250074506564916
S2B_MSIL2A_20220930T064649_R020_T40RDP_20240726T033305_0001.jpg,S2B_MSIL2A_20220930T064649_R020_T40RDP_20240726T033305,1,2022-09,T40RDP,0.792316153391762,1,0.7250074506564916
S2B_MSIL2A_20221010T064759_R020_T40RDP_20221010T171637_0000.jpg,S2B_MSIL2A_20221010T064759_R020_T40RDP_20221010T171637,0,2022-10,T40RDP,0.19119047687263666,0,0.7250074506564916
S2B_MSIL2A_20221010T064759_R020_T40RDP_20221010T171637_0001.jpg,S2B_MSIL2A_20221010T064759_R020_T40RDP_20221010T171637,0,2022-10,T40RDP,0.19119047687263666,0,0.7250074506564916
S2B_MSIL2A_20221020T064909_R020_T40RDP_20221020T150922_0000.jpg,S2B_MSIL2A_20221020T064909_R020_T40RDP_20221020T150922,0,2022-10,T40RDP,0.040098927600633355,0,0.7250074506564916
S2B_MSIL2A_20221020T064909_R020_T40RDP_20221020T150922_0001.jpg,S2B_MSIL2A_20221020T064909_R020_T40RDP_20221020T150922,0,2022-10,T40RDP,0.040098927600633355,0,0.7250074506564916
S2A_MSIL2A_20221025T064941_R020_T40RDP_20221025T162709_0000.jpg,S2A_MSIL2A_20221025T064941_R020_T40RDP_20221025T162709,0,2022-10,T40RDP,0.014765298798194503,0,0.7250074506564916
S2A_MSIL2A_20221025T064941_R020_T40RDP_20221025T162709_0001.jpg,S2A_MSIL2A_20221025T064941_R020_T40RDP_20221025T162709,0,2022-10,T40RDP,0.014765298798194503,0,0.7250074506564916
S2A_MSIL2A_20221104T065041_R020_T40RDP_20221104T212402_0000.jpg,S2A_MSIL2A_20221104T065041_R020_T40RDP_20221104T212402,0,2022-11,T40RDP,0.022701350413571936,0,0.7250074506564916
S2A_MSIL2A_20221104T065041_R020_T40RDP_20221104T212402_0001.jpg,S2A_MSIL2A_20221104T065041_R020_T40RDP_20221104T212402,0,2022-11,T40RDP,0.022701350413571936,0,0.7250074506564916
S2A_MSIL2A_20221114T065131_R020_T40RDP_20221114T201831_0000.jpg,S2A_MSIL2A_20221114T065131_R020_T40RDP_20221114T201831,0,2022-11,T40RDP,0.2987786096864005,0,0.7250074506564916
S2A_MSIL2A_20221114T065131_R020_T40RDP_20221114T201831_0001.jpg,S2A_MSIL2A_20221114T065131_R020_T40RDP_20221114T201831,0,2022-11,T40RDP,0.2987786096864005,0,0.7250074506564916
S2B_MSIL2A_20221129T065229_R020_T40RDP_20221130T205134_0000.jpg,S2B_MSIL2A_20221129T065229_R020_T40RDP_20221130T205134,0,2022-11,T40RDP,0.06517952410636887,0,0.7250074506564916
S2B_MSIL2A_20221129T065229_R020_T40RDP_20221130T205134_0001.jpg,S2B_MSIL2A_20221129T065229_R020_T40RDP_20221130T205134,0,2022-11,T40RDP,0.06517952410636887,0,0.7250074506564916
S2A_MSIL2A_20221214T065301_R020_T40RDP_20221214T163439_0000.jpg,S2A_MSIL2A_20221214T065301_R020_T40RDP_20221214T163439,0,2022-12,T40RDP,0.008458753379390371,0,0.7250074506564916
S2A_MSIL2A_20221214T065301_R020_T40RDP_20221214T163439_0001.jpg,S2A_MSIL2A_20221214T065301_R020_T40RDP_20221214T163439,0,2022-12,T40RDP,0.008458753379390371,0,0.7250074506564916
S2B_MSIL2A_20221219T065309_R020_T40RDP_20221220T000640_0000.jpg,S2B_MSIL2A_20221219T065309_R020_T40RDP_20221220T000640,1,2022-12,T40RDP,0.8679820877981805,1,0.7250074506564916
S2B_MSIL2A_20221219T065309_R020_T40RDP_20221220T000640_0001.jpg,S2B_MSIL2A_20221219T065309_R020_T40RDP_20221220T000640,1,2022-12,T40RDP,0.8679820877981805,1,0.7250074506564916
S2B_MSIL2A_20221229T065309_R020_T40RDP_20221230T112824_0000.jpg,S2B_MSIL2A_20221229T065309_R020_T40RDP_20221230T112824,0,2022-12,T40RDP,0.04019597915267711,0,0.7250074506564916
S2B_MSIL2A_20221229T065309_R020_T40RDP_20221230T112824_0001.jpg,S2B_MSIL2A_20221229T065309_R020_T40RDP_20221230T112824,0,2022-12,T40RDP,0.04019597915267711,0,0.7250074506564916
S2A_MSIL2A_20230113T065231_R020_T40RDP_20230113T221234_0000.jpg,S2A_MSIL2A_20230113T065231_R020_T40RDP_20230113T221234,1,2023-01,T40RDP,0.9747816764502081,1,0.7250074506564916
S2B_MSIL2A_20230128T065129_R020_T40RDP_20230129T191033_0000.jpg,S2B_MSIL2A_20230128T065129_R020_T40RDP_20230129T191033,0,2023-01,T40RDP,0.009452840839214976,0,0.7250074506564916
S2B_MSIL2A_20230128T065129_R020_T40RDP_20230129T191033_0001.jpg,S2B_MSIL2A_20230128T065129_R020_T40RDP_20230129T191033,0,2023-01,T40RDP,0.009452840839214976,0,0.7250074506564916
S2B_MSIL2A_20230207T065039_R020_T40RDP_20230208T043016_0000.jpg,S2B_MSIL2A_20230207T065039_R020_T40RDP_20230208T043016,0,2023-02,T40RDP,0.49259092750652417,0,0.7250074506564916
S2B_MSIL2A_20230207T065039_R020_T40RDP_20230208T043016_0001.jpg,S2B_MSIL2A_20230207T065039_R020_T40RDP_20230208T043016,0,2023-02,T40RDP,0.49259092750652417,0,0.7250074506564916
S2A_MSIL2A_20230212T065011_R020_T40RDP_20240814T114255_0000.jpg,S2A_MSIL2A_20230212T065011_R020_T40RDP_20240814T114255,0,2023-02,T40RDP,0.08563767297910224,0,0.7250074506564916
S2A_MSIL2A_20230212T065011_R020_T40RDP_20240814T114255_0001.jpg,S2A_MSIL2A_20230212T065011_R020_T40RDP_20240814T114255,0,2023-02,T40RDP,0.08563767297910224,0,0.7250074506564916
S2B_MSIL2A_20230227T064829_R020_T40RDP_20230301T091442_0000.jpg,S2B_MSIL2A_20230227T064829_R020_T40RDP_20230301T091442,0,2023-02,T40RDP,0.028016192264941207,0,0.7250074506564916
S2B_MSIL2A_20230227T064829_R020_T40RDP_20230301T091442_0001.jpg,S2B_MSIL2A_20230227T064829_R020_T40RDP_20230301T091442,0,2023-02,T40RDP,0.028016192264941207,0,0.7250074506564916
S2A_MSIL2A_20230304T064751_R020_T40RDP_20230304T123749_0000.jpg,S2A_MSIL2A_20230304T064751_R020_T40RDP_20230304T123749,1,2023-03,T40RDP,0.6404641346346798,0,0.7250074506564916
S2A_MSIL2A_20230304T064751_R020_T40RDP_20230304T123749_0001.jpg,S2A_MSIL2A_20230304T064751_R020_T40RDP_20230304T123749,1,2023-03,T40RDP,0.6404641346346798,0,0.7250074506564916
S2B_MSIL2A_20230309T064719_R020_T40RDP_20230309T122025_0000.jpg,S2B_MSIL2A_20230309T064719_R020_T40RDP_20230309T122025,0,2023-03,T40RDP,0.0145998397946254,0,0.7250074506564916
S2B_MSIL2A_20230309T064719_R020_T40RDP_20230309T122025_0001.jpg,S2B_MSIL2A_20230309T064719_R020_T40RDP_20230309T122025,0,2023-03,T40RDP,0.0145998397946254,0,0.7250074506564916
S2B_MSIL2A_20230329T064629_R020_T40RDP_20240823T165234_0000.jpg,S2B_MSIL2A_20230329T064629_R020_T40RDP_20240823T165234,1,2023-03,T40RDP,0.9224935859297846,1,0.7250074506564916
S2B_MSIL2A_20230329T064629_R020_T40RDP_20240823T165234_0001.jpg,S2B_MSIL2A_20230329T064629_R020_T40RDP_20240823T165234,1,2023-03,T40RDP,0.9224935859297846,1,0.7250074506564916
S2A_MSIL2A_20230403T064621_R020_T40RDP_20230403T120128_0000.jpg,S2A_MSIL2A_20230403T064621_R020_T40RDP_20230403T120128,1,2023-04,T40RDP,0.8032487567984885,1,0.7250074506564916
S2A_MSIL2A_20230403T064621_R020_T40RDP_20230403T120128_0001.jpg,S2A_MSIL2A_20230403T064621_R020_T40RDP_20230403T120128,1,2023-04,T40RDP,0.8032487567984885,1,0.7250074506564916
S2A_MSIL2A_20230413T064621_R020_T40RDP_20240829T090656_0000.jpg,S2A_MSIL2A_20230413T064621_R020_T40RDP_20240829T090656,0,2023-04,T40RDP,0.01906964844514732,0,0.7250074506564916
S2A_MSIL2A_20230413T064621_R020_T40RDP_20240829T090656_0001.jpg,S2A_MSIL2A_20230413T064621_R020_T40RDP_20240829T090656,0,2023-04,T40RDP,0.01906964844514732,0,0.7250074506564916
S2B_MSIL2A_20230428T064629_R020_T40RDP_20230428T123157_0000.jpg,S2B_MSIL2A_20230428T064629_R020_T40RDP_20230428T123157,1,2023-04,T40RDP,0.9665746928182517,1,0.7250074506564916
S2B_MSIL2A_20230428T064629_R020_T40RDP_20230428T123157_0001.jpg,S2B_MSIL2A_20230428T064629_R020_T40RDP_20230428T123157,1,2023-04,T40RDP,0.9665746928182517,1,0.7250074506564916
S2B_MSIL2A_20230508T064629_R020_T40RDP_20230508T113150_0000.jpg,S2B_MSIL2A_20230508T064629_R020_T40RDP_20230508T113150,0,2023-05,T40RDP,0.1676901835471457,0,0.7250074506564916
S2B_MSIL2A_20230508T064629_R020_T40RDP_20230508T113150_0001.jpg,S2B_MSIL2A_20230508T064629_R020_T40RDP_20230508T113150,0,2023-05,T40RDP,0.1676901835471457,0,0.7250074506564916
S2B_MSIL2A_20230518T064629_R020_T40RDP_20240905T010301_0000.jpg,S2B_MSIL2A_20230518T064629_R020_T40RDP_20240905T010301,0,2023-05,T40RDP,0.20670951171041732,0,0.7250074506564916
S2B_MSIL2A_20230518T064629_R020_T40RDP_20240905T010301_0001.jpg,S2B_MSIL2A_20230518T064629_R020_T40RDP_20240905T010301,0,2023-05,T40RDP,0.20670951171041732,0,0.7250074506564916
S2A_MSIL2A_20230622T064631_R020_T40RDP_20230622T152445_0000.jpg,S2A_MSIL2A_20230622T064631_R020_T40RDP_20230622T152445,0,2023-06,T40RDP,0.04796412413158608,0,0.7250074506564916
S2A_MSIL2A_20230622T064631_R020_T40RDP_20230622T152445_0001.jpg,S2A_MSIL2A_20230622T064631_R020_T40RDP_20230622T152445,0,2023-06,T40RDP,0.04796412413158608,0,0.7250074506564916
S2B_MSIL2A_20230627T064629_R020_T40RDP_20230627T133316_0000.jpg,S2B_MSIL2A_20230627T064629_R020_T40RDP_20230627T133316,0,2023-06,T40RDP,0.07433331358568357,0,0.7250074506564916
S2A_MSIL2A_20230702T064631_R020_T40RDP_20241013T160844_0000.jpg,S2A_MSIL2A_20230702T064631_R020_T40RDP_20241013T160844,0,2023-07,T40RDP,0.023008931138156847,0,0.7250074506564916
S2A_MSIL2A_20230702T064631_R020_T40RDP_20241013T160844_0001.jpg,S2A_MSIL2A_20230702T064631_R020_T40RDP_20241013T160844,0,2023-07,T40RDP,0.023008931138156847,0,0.7250074506564916
S2B_MSIL2A_20230727T064629_R020_T40RDP_20241012T150139_0000.jpg,S2B_MSIL2A_20230727T064629_R020_T40RDP_20241012T150139,1,2023-07,T40RDP,0.9729790322821555,1,0.7250074506564916
S2B_MSIL2A_20230727T064629_R020_T40RDP_20241012T150139_0001.jpg,S2B_MSIL2A_20230727T064629_R020_T40RDP_20241012T150139,1,2023-07,T40RDP,0.9729790322821555,1,0.7250074506564916
S2A_MSIL2A_20230801T064631_R020_T40RDP_20241015T022010_0000.jpg,S2A_MSIL2A_20230801T064631_R020_T40RDP_20241015T022010,0,2023-08,T40RDP,0.04283566245424417,0,0.7250074506564916
S2A_MSIL2A_20230801T064631_R020_T40RDP_20241015T022010_0001.jpg,S2A_MSIL2A_20230801T064631_R020_T40RDP_20241015T022010,0,2023-08,T40RDP,0.04283566245424417,0,0.7250074506564916
S2A_MSIL2A_20230821T064631_R020_T40RDP_20230821T151547_0000.jpg,S2A_MSIL2A_20230821T064631_R020_T40RDP_20230821T151547,1,2023-08,T40RDP,0.9526005407018198,1,0.7250074506564916
S2A_MSIL2A_20230821T064631_R020_T40RDP_20230821T151547_0001.jpg,S2A_MSIL2A_20230821T064631_R020_T40RDP_20230821T151547,1,2023-08,T40RDP,0.9526005407018198,1,0.7250074506564916
S2B_MSIL2A_20230826T064629_R020_T40RDP_20241020T054319_0000.jpg,S2B_MSIL2A_20230826T064629_R020_T40RDP_20241020T054319,1,2023-08,T40RDP,0.9663061920163014,1,0.7250074506564916
S2B_MSIL2A_20230826T064629_R020_T40RDP_20241020T054319_0001.jpg,S2B_MSIL2A_20230826T064629_R020_T40RDP_20241020T054319,1,2023-08,T40RDP,0.9663061920163014,1,0.7250074506564916
S2B_MSIL2A_20230905T064629_R020_T40RDP_20241025T080236_0000.jpg,S2B_MSIL2A_20230905T064629_R020_T40RDP_20241025T080236,0,2023-09,T40RDP,0.32392655376532603,0,0.7250074506564916
S2B_MSIL2A_20230905T064629_R020_T40RDP_20241025T080236_0001.jpg,S2B_MSIL2A_20230905T064629_R020_T40RDP_20241025T080236,0,2023-09,T40RDP,0.32392655376532603,0,0.7250074506564916
S2A_MSIL2A_20230920T064631_R020_T40RDP_20241027T175501_0000.jpg,S2A_MSIL2A_20230920T064631_R020_T40RDP_20241027T175501,0,2023-09,T40RDP,0.08675134246765616,0,0.7250074506564916
S2A_MSIL2A_20230920T064631_R020_T40RDP_20241027T175501_0001.jpg,S2A_MSIL2A_20230920T064631_R020_T40RDP_20241027T175501,0,2023-09,T40RDP,0.08675134246765616,0,0.7250074506564916
S2A_MSIL2A_20230930T064651_R020_T40RDP_20230930T131923_0000.jpg,S2A_MSIL2A_20230930T064651_R020_T40RDP_20230930T131923,0,2023-09,T40RDP,0.0077383821386554025,0,0.7250074506564916
S2A_MSIL2A_20230930T064651_R020_T40RDP_20230930T131923_0001.jpg,S2A_MSIL2A_20230930T064651_R020_T40RDP_20230930T131923,0,2023-09,T40RDP,0.0077383821386554025,0,0.7250074506564916
S2B_MSIL2A_20231005T064729_R020_T40RDP_20241107T195305_0000.jpg,S2B_MSIL2A_20231005T064729_R020_T40RDP_20241107T195305,0,2023-10,T40RDP,0.04495590767981177,0,0.7250074506564916
S2B_MSIL2A_20231005T064729_R020_T40RDP_20241107T195305_0001.jpg,S2B_MSIL2A_20231005T064729_R020_T40RDP_20241107T195305,0,2023-10,T40RDP,0.04495590767981177,0,0.7250074506564916
S2A_MSIL2A_20231010T064801_R020_T40RDP_20241109T034959_0000.jpg,S2A_MSIL2A_20231010T064801_R020_T40RDP_20241109T034959,0,2023-10,T40RDP,0.014182159118978254,0,0.7250074506564916
S2A_MSIL2A_20231010T064801_R020_T40RDP_20241109T034959_0001.jpg,S2A_MSIL2A_20231010T064801_R020_T40RDP_20241109T034959,0,2023-10,T40RDP,0.014182159118978254,0,0.7250074506564916
S2B_MSIL2A_20231025T064939_R020_T40RDP_20241108T084721_0000.jpg,S2B_MSIL2A_20231025T064939_R020_T40RDP_20241108T084721,0,2023-10,T40RDP,0.00280947570565487,0,0.7250074506564916
S2B_MSIL2A_20231025T064939_R020_T40RDP_20241108T084721_0001.jpg,S2B_MSIL2A_20231025T064939_R020_T40RDP_20241108T084721,0,2023-10,T40RDP,0.00280947570565487,0,0.7250074506564916
S2B_MSIL2A_20231104T065039_R020_T40RDP_20231104T101124_0000.jpg,S2B_MSIL2A_20231104T065039_R020_T40RDP_20231104T101124,0,2023-11,T40RDP,0.034585352455504245,0,0.7250074506564916
S2B_MSIL2A_20231104T065039_R020_T40RDP_20231104T101124_0001.jpg,S2B_MSIL2A_20231104T065039_R020_T40RDP_20231104T101124,0,2023-11,T40RDP,0.034585352455504245,0,0.7250074506564916
S2A_MSIL2A_20231109T065111_R020_T40RDP_20241101T131538_0000.jpg,S2A_MSIL2A_20231109T065111_R020_T40RDP_20241101T131538,0,2023-11,T40RDP,0.04834381442617624,0,0.7250074506564916
S2A_MSIL2A_20231109T065111_R020_T40RDP_20241101T131538_0001.jpg,S2A_MSIL2A_20231109T065111_R020_T40RDP_20241101T131538,0,2023-11,T40RDP,0.04834381442617624,0,0.7250074506564916
S2A_MSIL2A_20231119T065151_R020_T40RDP_20241109T072348_0000.jpg,S2A_MSIL2A_20231119T065151_R020_T40RDP_20241109T072348,1,2023-11,T40RDP,0.9781197785909718,1,0.7250074506564916
S2A_MSIL2A_20231119T065151_R020_T40RDP_20241109T072348_0001.jpg,S2A_MSIL2A_20231119T065151_R020_T40RDP_20241109T072348,1,2023-11,T40RDP,0.9781197785909718,1,0.7250074506564916
S2A_MSIL2A_20231129T065221_R020_T40RDP_20231129T111858_0000.jpg,S2A_MSIL2A_20231129T065221_R020_T40RDP_20231129T111858,1,2023-11,T40RDP,0.8692424787154303,1,0.7250074506564916
S2A_MSIL2A_20231129T065221_R020_T40RDP_20231129T111858_0001.jpg,S2A_MSIL2A_20231129T065221_R020_T40RDP_20231129T111858,1,2023-11,T40RDP,0.8692424787154303,1,0.7250074506564916
S2A_MSIL2A_20231209T065251_R020_T40RDP_20231209T111640_0000.jpg,S2A_MSIL2A_20231209T065251_R020_T40RDP_20231209T111640,1,2023-12,T40RDP,0.1552440719189,0,0.7250074506564916
S2A_MSIL2A_20231209T065251_R020_T40RDP_20231209T111640_0001.jpg,S2A_MSIL2A_20231209T065251_R020_T40RDP_20231209T111640,1,2023-12,T40RDP,0.1552440719189,0,0.7250074506564916
S2A_MSIL2A_20240108T065251_R020_T40RDP_20240108T111554_0000.jpg,S2A_MSIL2A_20240108T065251_R020_T40RDP_20240108T111554,0,2024-01,T40RDP,0.7187986150496546,0,0.7250074506564916
S2A_MSIL2A_20240108T065251_R020_T40RDP_20240108T111554_0001.jpg,S2A_MSIL2A_20240108T065251_R020_T40RDP_20240108T111554,0,2024-01,T40RDP,0.7187986150496546,0,0.7250074506564916
S2B_MSIL2A_20240113T065239_R020_T40RDP_20240113T103503_0000.jpg,S2B_MSIL2A_20240113T065239_R020_T40RDP_20240113T103503,0,2024-01,T40RDP,0.10228540358360759,0,0.7250074506564916
S2B_MSIL2A_20240113T065239_R020_T40RDP_20240113T103503_0001.jpg,S2B_MSIL2A_20240113T065239_R020_T40RDP_20240113T103503,0,2024-01,T40RDP,0.10228540358360759,0,0.7250074506564916
S2B_MSIL2A_20240123T065159_R020_T40RDP_20240123T100825_0000.jpg,S2B_MSIL2A_20240123T065159_R020_T40RDP_20240123T100825,0,2024-01,T40RDP,0.014388762334074674,0,0.7250074506564916
S2B_MSIL2A_20240123T065159_R020_T40RDP_20240123T100825_0001.jpg,S2B_MSIL2A_20240123T065159_R020_T40RDP_20240123T100825,0,2024-01,T40RDP,0.014388762334074674,0,0.7250074506564916
S2A_MSIL2A_20240207T065041_R020_T40RDP_20240207T112724_0000.jpg,S2A_MSIL2A_20240207T065041_R020_T40RDP_20240207T112724,0,2024-02,T40RDP,0.014272515623214053,0,0.7250074506564916
S2A_MSIL2A_20240207T065041_R020_T40RDP_20240207T112724_0001.jpg,S2A_MSIL2A_20240207T065041_R020_T40RDP_20240207T112724,0,2024-02,T40RDP,0.014272515623214053,0,0.7250074506564916
S2B_MSIL2A_20240222T064909_R020_T40RDP_20240222T114827_0000.jpg,S2B_MSIL2A_20240222T064909_R020_T40RDP_20240222T114827,0,2024-02,T40RDP,0.3433136424969904,0,0.7250074506564916
S2B_MSIL2A_20240222T064909_R020_T40RDP_20240222T114827_0001.jpg,S2B_MSIL2A_20240222T064909_R020_T40RDP_20240222T114827,0,2024-02,T40RDP,0.3433136424969904,0,0.7250074506564916
S2A_MSIL2A_20240227T064831_R020_T40RDP_20240227T113900_0000.jpg,S2A_MSIL2A_20240227T064831_R020_T40RDP_20240227T113900,0,2024-02,T40RDP,0.03905525877091374,0,0.7250074506564916
S2A_MSIL2A_20240227T064831_R020_T40RDP_20240227T113900_0001.jpg,S2A_MSIL2A_20240227T064831_R020_T40RDP_20240227T113900,0,2024-02,T40RDP,0.03905525877091374,0,0.7250074506564916
S2B_MSIL2A_20240303T064759_R020_T40RDP_20240303T111527_0000.jpg,S2B_MSIL2A_20240303T064759_R020_T40RDP_20240303T111527,1,2024-03,T40RDP,0.850173532929632,1,0.7250074506564916
S2B_MSIL2A_20240303T064759_R020_T40RDP_20240303T111527_0001.jpg,S2B_MSIL2A_20240303T064759_R020_T40RDP_20240303T111527,1,2024-03,T40RDP,0.850173532929632,1,0.7250074506564916
S2A_MSIL2A_20240318T064621_R020_T40RDP_20240318T121046_0000.jpg,S2A_MSIL2A_20240318T064621_R020_T40RDP_20240318T121046,0,2024-03,T40RDP,0.044459151781047555,0,0.7250074506564916
S2A_MSIL2A_20240318T064621_R020_T40RDP_20240318T121046_0001.jpg,S2A_MSIL2A_20240318T064621_R020_T40RDP_20240318T121046,0,2024-03,T40RDP,0.044459151781047555,0,0.7250074506564916
S2A_MSIL2A_20240407T064621_R020_T40RDP_20240407T123440_0000.jpg,S2A_MSIL2A_20240407T064621_R020_T40RDP_20240407T123440,0,2024-04,T40RDP,0.03814435711353425,0,0.7250074506564916
S2A_MSIL2A_20240407T064621_R020_T40RDP_20240407T123440_0001.jpg,S2A_MSIL2A_20240407T064621_R020_T40RDP_20240407T123440,0,2024-04,T40RDP,0.03814435711353425,0,0.7250074506564916
S2B_MSIL2A_20240422T064629_R020_T40RDP_20240422T110720_0000.jpg,S2B_MSIL2A_20240422T064629_R020_T40RDP_20240422T110720,1,2024-04,T40RDP,0.9457963957341261,1,0.7250074506564916
S2B_MSIL2A_20240422T064629_R020_T40RDP_20240422T110720_0001.jpg,S2B_MSIL2A_20240422T064629_R020_T40RDP_20240422T110720,1,2024-04,T40RDP,0.9457963957341261,1,0.7250074506564916
S2A_MSIL2A_20240427T064631_R020_T40RDP_20240427T122206_0000.jpg,S2A_MSIL2A_20240427T064631_R020_T40RDP_20240427T122206,1,2024-04,T40RDP,0.9633498057267785,1,0.7250074506564916
S2A_MSIL2A_20240427T064631_R020_T40RDP_20240427T122206_0001.jpg,S2A_MSIL2A_20240427T064631_R020_T40RDP_20240427T122206,1,2024-04,T40RDP,0.9633498057267785,1,0.7250074506564916
S2A_MSIL2A_20240507T064631_R020_T40RDP_20240507T121930_0000.jpg,S2A_MSIL2A_20240507T064631_R020_T40RDP_20240507T121930,0,2024-05,T40RDP,0.013033059163665654,0,0.7250074506564916
S2A_MSIL2A_20240507T064631_R020_T40RDP_20240507T121930_0001.jpg,S2A_MSIL2A_20240507T064631_R020_T40RDP_20240507T121930,0,2024-05,T40RDP,0.013033059163665654,0,0.7250074506564916
S2B_MSIL2A_20240512T064629_R020_T40RDP_20240512T104001_0000.jpg,S2B_MSIL2A_20240512T064629_R020_T40RDP_20240512T104001,0,2024-05,T40RDP,0.41422632152752903,0,0.7250074506564916
S2B_MSIL2A_20240512T064629_R020_T40RDP_20240512T104001_0001.jpg,S2B_MSIL2A_20240512T064629_R020_T40RDP_20240512T104001,0,2024-05,T40RDP,0.41422632152752903,0,0.7250074506564916
S2A_MSIL2A_20240606T064631_R020_T40RDP_20240606T122041_0000.jpg,S2A_MSIL2A_20240606T064631_R020_T40RDP_20240606T122041,1,2024-06,T40RDP,0.9744686356886119,1,0.7250074506564916
S2A_MSIL2A_20240606T064631_R020_T40RDP_20240606T122041_0001.jpg,S2A_MSIL2A_20240606T064631_R020_T40RDP_20240606T122041,1,2024-06,T40RDP,0.9744686356886119,1,0.7250074506564916
S2A_MSIL2A_20240616T064631_R020_T40RDP_20240616T131856_0000.jpg,S2A_MSIL2A_20240616T064631_R020_T40RDP_20240616T131856,0,2024-06,T40RDP,0.01885054864629423,0,0.7250074506564916
S2A_MSIL2A_20240616T064631_R020_T40RDP_20240616T131856_0001.jpg,S2A_MSIL2A_20240616T064631_R020_T40RDP_20240616T131856,0,2024-06,T40RDP,0.01885054864629423,0,0.7250074506564916
S2A_MSIL2A_20240626T064631_R020_T40RDP_20240626T112024_0000.jpg,S2A_MSIL2A_20240626T064631_R020_T40RDP_20240626T112024,0,2024-06,T40RDP,0.01691554741439777,0,0.7250074506564916
S2A_MSIL2A_20240626T064631_R020_T40RDP_20240626T112024_0001.jpg,S2A_MSIL2A_20240626T064631_R020_T40RDP_20240626T112024,0,2024-06,T40RDP,0.01691554741439777,0,0.7250074506564916
S2A_MSIL2A_20240706T064631_R020_T40RDP_20240706T121235_0000.jpg,S2A_MSIL2A_20240706T064631_R020_T40RDP_20240706T121235,1,2024-07,T40RDP,0.9877634043655635,1,0.7250074506564916
S2A_MSIL2A_20240706T064631_R020_T40RDP_20240706T121235_0001.jpg,S2A_MSIL2A_20240706T064631_R020_T40RDP_20240706T121235,1,2024-07,T40RDP,0.9877634043655635,1,0.7250074506564916
S2B_MSIL2A_20240721T064629_R020_T40RDP_20240721T112112_0000.jpg,S2B_MSIL2A_20240721T064629_R020_T40RDP_20240721T112112,0,2024-07,T40RDP,0.008039306675632957,0,0.7250074506564916
S2B_MSIL2A_20240721T064629_R020_T40RDP_20240721T112112_0001.jpg,S2B_MSIL2A_20240721T064629_R020_T40RDP_20240721T112112,0,2024-07,T40RDP,0.008039306675632957,0,0.7250074506564916
S2A_MSIL2A_20240726T064631_R020_T40RDP_20240726T115558_0000.jpg,S2A_MSIL2A_20240726T064631_R020_T40RDP_20240726T115558,0,2024-07,T40RDP,0.013377361150985147,0,0.7250074506564916
S2A_MSIL2A_20240726T064631_R020_T40RDP_20240726T115558_0001.jpg,S2A_MSIL2A_20240726T064631_R020_T40RDP_20240726T115558,0,2024-07,T40RDP,0.013377361150985147,0,0.7250074506564916
S2A_MSIL2A_20240904T064621_R020_T40RDP_20240904T121950_0000.jpg,S2A_MSIL2A_20240904T064621_R020_T40RDP_20240904T121950,0,2024-09,T40RDP,0.005542489407897314,0,0.7250074506564916
S2A_MSIL2A_20240904T064621_R020_T40RDP_20240904T121950_0001.jpg,S2A_MSIL2A_20240904T064621_R020_T40RDP_20240904T121950,0,2024-09,T40RDP,0.005542489407897314,0,0.7250074506564916
S2A_MSIL2A_20240924T064631_R020_T40RDP_20240924T103950_0000.jpg,S2A_MSIL2A_20240924T064631_R020_T40RDP_20240924T103950,0,2024-09,T40RDP,0.10608954334800101,0,0.7250074506564916
S2A_MSIL2A_20240924T064631_R020_T40RDP_20240924T103950_0001.jpg,S2A_MSIL2A_20240924T064631_R020_T40RDP_20240924T103950,0,2024-09,T40RDP,0.10608954334800101,0,0.7250074506564916
S2B_MSIL2A_20240929T064629_R020_T40RDP_20240929T100121_0000.jpg,S2B_MSIL2A_20240929T064629_R020_T40RDP_20240929T100121,0,2024-09,T40RDP,0.04500329265409655,0,0.7250074506564916
S2B_MSIL2A_20240929T064629_R020_T40RDP_20240929T100121_0001.jpg,S2B_MSIL2A_20240929T064629_R020_T40RDP_20240929T100121,0,2024-09,T40RDP,0.04500329265409655,0,0.7250074506564916
S2A_MSIL2A_20241004T064731_R020_T40RDP_20241004T103151_0000.jpg,S2A_MSIL2A_20241004T064731_R020_T40RDP_20241004T103151,0,2024-10,T40RDP,0.007426219615219455,0,0.7250074506564916
S2A_MSIL2A_20241004T064731_R020_T40RDP_20241004T103151_0001.jpg,S2A_MSIL2A_20241004T064731_R020_T40RDP_20241004T103151,0,2024-10,T40RDP,0.007426219615219455,0,0.7250074506564916
S2B_MSIL2A_20241009T064709_R020_T40RDP_20241009T093003_0000.jpg,S2B_MSIL2A_20241009T064709_R020_T40RDP_20241009T093003,1,2024-10,T40RDP,0.9833151212967207,1,0.7250074506564916
S2B_MSIL2A_20241009T064709_R020_T40RDP_20241009T093003_0001.jpg,S2B_MSIL2A_20241009T064709_R020_T40RDP_20241009T093003,1,2024-10,T40RDP,0.9833151212967207,1,0.7250074506564916
S2A_MSIL2A_20241024T064941_R020_T40RDP_20241024T095047_0000.jpg,S2A_MSIL2A_20241024T064941_R020_T40RDP_20241024T095047,0,2024-10,T40RDP,0.039325971219857626,0,0.7250074506564916
S2A_MSIL2A_20241024T064941_R020_T40RDP_20241024T095047_0001.jpg,S2A_MSIL2A_20241024T064941_R020_T40RDP_20241024T095047,0,2024-10,T40RDP,0.039325971219857626,0,0.7250074506564916
S2B_MSIL2A_20241029T064919_R020_T40RDP_20241029T090554_0000.jpg,S2B_MSIL2A_20241029T064919_R020_T40RDP_20241029T090554,0,2024-10,T40RDP,0.03821966034532952,0,0.7250074506564916
S2B_MSIL2A_20241029T064919_R020_T40RDP_20241029T090554_0001.jpg,S2B_MSIL2A_20241029T064919_R020_T40RDP_20241029T090554,0,2024-10,T40RDP,0.03821966034532952,0,0.7250074506564916
S2A_MSIL2A_20241103T065031_R020_T40RDP_20241103T100958_0000.jpg,S2A_MSIL2A_20241103T065031_R020_T40RDP_20241103T100958,1,2024-11,T40RDP,0.890885185951581,1,0.7250074506564916
S2A_MSIL2A_20241103T065031_R020_T40RDP_20241103T100958_0001.jpg,S2A_MSIL2A_20241103T065031_R020_T40RDP_20241103T100958,1,2024-11,T40RDP,0.890885185951581,1,0.7250074506564916
S2A_MSIL2A_20241113T065131_R020_T40RDP_20241113T112554_0000.jpg,S2A_MSIL2A_20241113T065131_R020_T40RDP_20241113T112554,0,2024-11,T40RDP,0.024698399494477042,0,0.7250074506564916
S2A_MSIL2A_20241113T065131_R020_T40RDP_20241113T112554_0001.jpg,S2A_MSIL2A_20241113T065131_R020_T40RDP_20241113T112554,0,2024-11,T40RDP,0.024698399494477042,0,0.7250074506564916
S2B_MSIL2A_20241118T065059_R020_T40RDP_20241118T082640_0000.jpg,S2B_MSIL2A_20241118T065059_R020_T40RDP_20241118T082640,0,2024-11,T40RDP,0.038707678422911014,0,0.7250074506564916
S2B_MSIL2A_20241118T065059_R020_T40RDP_20241118T082640_0001.jpg,S2B_MSIL2A_20241118T065059_R020_T40RDP_20241118T082640,0,2024-11,T40RDP,0.038707678422911014,0,0.7250074506564916
S2B_MSIL2A_20241128T065139_R020_T40RDP_20241128T081447_0000.jpg,S2B_MSIL2A_20241128T065139_R020_T40RDP_20241128T081447,0,2024-11,T40RDP,0.09016258215448338,0,0.7250074506564916
S2B_MSIL2A_20241128T065139_R020_T40RDP_20241128T081447_0001.jpg,S2B_MSIL2A_20241128T065139_R020_T40RDP_20241128T081447,0,2024-11,T40RDP,0.09016258215448338,0,0.7250074506564916
S2B_MSIL2A_20241208T065159_R020_T40RDP_20241208T090838_0000.jpg,S2B_MSIL2A_20241208T065159_R020_T40RDP_20241208T090838,1,2024-12,T40RDP,0.9661539293907996,1,0.7250074506564916
S2B_MSIL2A_20241208T065159_R020_T40RDP_20241208T090838_0001.jpg,S2B_MSIL2A_20241208T065159_R020_T40RDP_20241208T090838,1,2024-12,T40RDP,0.9661539293907996,1,0.7250074506564916
S2A_MSIL2A_20241213T065301_R020_T40RDP_20241213T095751_0000.jpg,S2A_MSIL2A_20241213T065301_R020_T40RDP_20241213T095751,0,2024-12,T40RDP,0.15062417545686796,0,0.7250074506564916
S2A_MSIL2A_20241213T065301_R020_T40RDP_20241213T095751_0001.jpg,S2A_MSIL2A_20241213T065301_R020_T40RDP_20241213T095751,0,2024-12,T40RDP,0.15062417545686796,0,0.7250074506564916
S2B_MSIL2A_20241228T065209_R020_T40RDP_20241228T085137_0000.jpg,S2B_MSIL2A_20241228T065209_R020_T40RDP_20241228T085137,0,2024-12,T40RDP,0.15032900101873573,0,0.7250074506564916
S2B_MSIL2A_20241228T065209_R020_T40RDP_20241228T085137_0001.jpg,S2B_MSIL2A_20241228T065209_R020_T40RDP_20241228T085137,0,2024-12,T40RDP,0.15032900101873573,0,0.7250074506564916
S2A_MSIL2A_20170108T063231_R077_T40QGK_20210530T025623_0000.jpg,S2A_MSIL2A_20170108T063231_R077_T40QGK_20210530T025623,0,2017-01,T40QGK,0.6666058457120972,0,0.7250074506564916
S2A_MSIL2A_20170108T063231_R077_T40QGK_20210530T025623_0001.jpg,S2A_MSIL2A_20170108T063231_R077_T40QGK_20210530T025623,0,2017-01,T40QGK,0.6666058457120972,0,0.7250074506564916
S2A_MSIL2A_20170227T062811_R077_T40QGK_20210208T174007_0000.jpg,S2A_MSIL2A_20170227T062811_R077_T40QGK_20210208T174007,0,2017-02,T40QGK,0.2417106934868835,0,0.7250074506564916
S2A_MSIL2A_20170227T062811_R077_T40QGK_20210208T174007_0001.jpg,S2A_MSIL2A_20170227T062811_R077_T40QGK_20210208T174007,0,2017-02,T40QGK,0.2417106934868835,0,0.7250074506564916
S2A_MSIL2A_20170408T062631_R077_T40QGK_20210209T054517_0000.jpg,S2A_MSIL2A_20170408T062631_R077_T40QGK_20210209T054517,1,2017-04,T40QGK,0.857452820592111,1,0.7250074506564916
S2A_MSIL2A_20170408T062631_R077_T40QGK_20210209T054517_0001.jpg,S2A_MSIL2A_20170408T062631_R077_T40QGK_20210209T054517,1,2017-04,T40QGK,0.857452820592111,1,0.7250074506564916
S2A_MSIL2A_20170518T062631_R077_T40QGK_20210209T161923_0000.jpg,S2A_MSIL2A_20170518T062631_R077_T40QGK_20210209T161923,1,2017-05,T40QGK,0.15755557141576892,0,0.7250074506564916
S2A_MSIL2A_20170518T062631_R077_T40QGK_20210209T161923_0001.jpg,S2A_MSIL2A_20170518T062631_R077_T40QGK_20210209T161923,1,2017-05,T40QGK,0.15755557141576892,0,0.7250074506564916
S2A_MSIL2A_20170607T062631_R077_T40QGK_20210209T210413_0000.jpg,S2A_MSIL2A_20170607T062631_R077_T40QGK_20210209T210413,0,2017-06,T40QGK,0.10982534728952018,0,0.7250074506564916
S2A_MSIL2A_20170607T062631_R077_T40QGK_20210209T210413_0001.jpg,S2A_MSIL2A_20170607T062631_R077_T40QGK_20210209T210413,0,2017-06,T40QGK,0.10982534728952018,0,0.7250074506564916
S2B_MSIL2A_20170712T062629_R077_T40QGK_20210210T075544_0000.jpg,S2B_MSIL2A_20170712T062629_R077_T40QGK_20210210T075544,0,2017-07,T40QGK,0.43284105001955303,0,0.7250074506564916
S2B_MSIL2A_20170712T062629_R077_T40QGK_20210210T075544_0001.jpg,S2B_MSIL2A_20170712T062629_R077_T40QGK_20210210T075544,0,2017-07,T40QGK,0.43284105001955303,0,0.7250074506564916
S2A_MSIL2A_20170826T062631_R077_T40QGK_20210201T110022_0000.jpg,S2A_MSIL2A_20170826T062631_R077_T40QGK_20210201T110022,1,2017-08,T40QGK,0.8112071054855156,1,0.7250074506564916
S2A_MSIL2A_20170826T062631_R077_T40QGK_20210201T110022_0001.jpg,S2A_MSIL2A_20170826T062631_R077_T40QGK_20210201T110022,1,2017-08,T40QGK,0.8112071054855156,1,0.7250074506564916
S2B_MSIL2A_20170930T062629_R077_T40QGK_20210202T120552_0000.jpg,S2B_MSIL2A_20170930T062629_R077_T40QGK_20210202T120552,0,2017-09,T40QGK,0.10012594263019924,0,0.7250074506564916
S2B_MSIL2A_20170930T062629_R077_T40QGK_20210202T120552_0001.jpg,S2B_MSIL2A_20170930T062629_R077_T40QGK_20210202T120552,0,2017-09,T40QGK,0.10012594263019924,0,0.7250074506564916
S2A_MSIL2A_20171005T062721_R077_T40QGK_20210202T140745_0000.jpg,S2A_MSIL2A_20171005T062721_R077_T40QGK_20210202T140745,0,2017-10,T40QGK,0.05378806075760269,0,0.7250074506564916
S2A_MSIL2A_20171005T062721_R077_T40QGK_20210202T140745_0001.jpg,S2A_MSIL2A_20171005T062721_R077_T40QGK_20210202T140745,0,2017-10,T40QGK,0.05378806075760269,0,0.7250074506564916
S2B_MSIL2A_20171020T062849_R077_T40QGK_20201015T010902_0000.jpg,S2B_MSIL2A_20171020T062849_R077_T40QGK_20201015T010902,0,2017-10,T40QGK,0.01950967557017585,0,0.7250074506564916
S2B_MSIL2A_20171020T062849_R077_T40QGK_20201015T010902_0001.jpg,S2B_MSIL2A_20171020T062849_R077_T40QGK_20201015T010902,0,2017-10,T40QGK,0.01950967557017585,0,0.7250074506564916
S2A_MSIL2A_20171025T062931_R077_T40QGK_20201015T020751_0000.jpg,S2A_MSIL2A_20171025T062931_R077_T40QGK_20201015T020751,0,2017-10,T40QGK,0.006814211955030452,0,0.7250074506564916
S2A_MSIL2A_20171025T062931_R077_T40QGK_20201015T020751_0001.jpg,S2A_MSIL2A_20171025T062931_R077_T40QGK_20201015T020751,0,2017-10,T40QGK,0.006814211955030452,0,0.7250074506564916
S2B_MSIL2A_20171119T063129_R077_T40QGK_20201014T205952_0000.jpg,S2B_MSIL2A_20171119T063129_R077_T40QGK_20201014T205952,0,2017-11,T40QGK,0.0342033446693562,0,0.7250074506564916
S2B_MSIL2A_20171119T063129_R077_T40QGK_20201014T205952_0001.jpg,S2B_MSIL2A_20171119T063129_R077_T40QGK_20201014T205952,0,2017-11,T40QGK,0.0342033446693562,0,0.7250074506564916
S2B_MSIL2A_20171129T063209_R077_T40QGK_20201014T225521_0000.jpg,S2B_MSIL2A_20171129T063209_R077_T40QGK_20201014T225521,0,2017-11,T40QGK,0.0859765496862281,0,0.7250074506564916
S2B_MSIL2A_20171129T063209_R077_T40QGK_20201014T225521_0001.jpg,S2B_MSIL2A_20171129T063209_R077_T40QGK_20201014T225521,0,2017-11,T40QGK,0.0859765496862281,0,0.7250074506564916
S2A_MSIL2A_20171204T063231_R077_T40QGK_20201014T115634_0000.jpg,S2A_MSIL2A_20171204T063231_R077_T40QGK_20201014T115634,0,2017-12,T40QGK,0.013944469163450856,0,0.7250074506564916
S2A_MSIL2A_20171204T063231_R077_T40QGK_20201014T115634_0001.jpg,S2A_MSIL2A_20171204T063231_R077_T40QGK_20201014T115634,0,2017-12,T40QGK,0.013944469163450856,0,0.7250074506564916
S2B_MSIL2A_20171209T063239_R077_T40QGK_20201014T130134_0000.jpg,S2B_MSIL2A_20171209T063239_R077_T40QGK_20201014T130134,0,2017-12,T40QGK,0.013933388925032944,0,0.7250074506564916
S2B_MSIL2A_20171209T063239_R077_T40QGK_20201014T130134_0001.jpg,S2B_MSIL2A_20171209T063239_R077_T40QGK_20201014T130134,0,2017-12,T40QGK,0.013933388925032944,0,0.7250074506564916
S2A_MSIL2A_20171224T063251_R077_T40QGK_20201014T155906_0000.jpg,S2A_MSIL2A_20171224T063251_R077_T40QGK_20201014T155906,1,2017-12,T40QGK,0.9709946762079011,1,0.7250074506564916
S2A_MSIL2A_20171224T063251_R077_T40QGK_20201014T155906_0001.jpg,S2A_MSIL2A_20171224T063251_R077_T40QGK_20201014T155906,1,2017-12,T40QGK,0.9709946762079011,1,0.7250074506564916
S2B_MSIL2A_20171229T063249_R077_T40QGK_20201014T171616_0000.jpg,S2B_MSIL2A_20171229T063249_R077_T40QGK_20201014T171616,0,2017-12,T40QGK,0.2393789091935194,0,0.7250074506564916
S2B_MSIL2A_20171229T063249_R077_T40QGK_20201014T171616_0001.jpg,S2B_MSIL2A_20171229T063249_R077_T40QGK_20201014T171616,0,2017-12,T40QGK,0.2393789091935194,0,0.7250074506564916
S2A_MSIL2A_20180113T063221_R077_T40QGK_20201014T052118_0000.jpg,S2A_MSIL2A_20180113T063221_R077_T40QGK_20201014T052118,0,2018-01,T40QGK,0.20316632116888267,0,0.7250074506564916
S2A_MSIL2A_20180113T063221_R077_T40QGK_20201014T052118_0001.jpg,S2A_MSIL2A_20180113T063221_R077_T40QGK_20201014T052118,0,2018-01,T40QGK,0.20316632116888267,0,0.7250074506564916
S2B_MSIL2A_20180118T063159_R077_T40QGK_20201014T064335_0000.jpg,S2B_MSIL2A_20180118T063159_R077_T40QGK_20201014T064335,0,2018-01,T40QGK,0.04087656957217784,0,0.7250074506564916
S2B_MSIL2A_20180118T063159_R077_T40QGK_20201014T064335_0001.jpg,S2B_MSIL2A_20180118T063159_R077_T40QGK_20201014T064335,0,2018-01,T40QGK,0.04087656957217784,0,0.7250074506564916
S2B_MSIL2A_20180128T063119_R077_T40QGK_20201014T093452_0000.jpg,S2B_MSIL2A_20180128T063119_R077_T40QGK_20201014T093452,0,2018-01,T40QGK,0.18438688457235178,0,0.7250074506564916
S2B_MSIL2A_20180128T063119_R077_T40QGK_20201014T093452_0001.jpg,S2B_MSIL2A_20180128T063119_R077_T40QGK_20201014T093452,0,2018-01,T40QGK,0.18438688457235178,0,0.7250074506564916
S2B_MSIL2A_20180207T063029_R077_T40QGK_20201013T195615_0000.jpg,S2B_MSIL2A_20180207T063029_R077_T40QGK_20201013T195615,0,2018-02,T40QGK,0.022540804112831735,0,0.7250074506564916
S2B_MSIL2A_20180207T063029_R077_T40QGK_20201013T195615_0001.jpg,S2B_MSIL2A_20180207T063029_R077_T40QGK_20201013T195615,0,2018-02,T40QGK,0.022540804112831735,0,0.7250074506564916
S2A_MSIL2A_20180212T063001_R077_T40QGK_20201026T040841_0000.jpg,S2A_MSIL2A_20180212T063001_R077_T40QGK_20201026T040841,1,2018-02,T40QGK,0.9367902625672209,1,0.7250074506564916
S2A_MSIL2A_20180212T063001_R077_T40QGK_20201026T040841_0001.jpg,S2A_MSIL2A_20180212T063001_R077_T40QGK_20201026T040841,1,2018-02,T40QGK,0.9367902625672209,1,0.7250074506564916
S2B_MSIL2A_20180217T062919_R077_T40QGK_20201013T222432_0000.jpg,S2B_MSIL2A_20180217T062919_R077_T40QGK_20201013T222432,1,2018-02,T40QGK,0.9102538702990377,1,0.7250074506564916
S2B_MSIL2A_20180217T062919_R077_T40QGK_20201013T222432_0001.jpg,S2B_MSIL2A_20180217T062919_R077_T40QGK_20201013T222432,1,2018-02,T40QGK,0.9102538702990377,1,0.7250074506564916
S2A_MSIL2A_20180304T062741_R077_T40QGK_20201013T061838_0000.jpg,S2A_MSIL2A_20180304T062741_R077_T40QGK_20201013T061838,0,2018-03,T40QGK,0.2094892635545462,0,0.7250074506564916
S2A_MSIL2A_20180304T062741_R077_T40QGK_20201013T061838_0001.jpg,S2A_MSIL2A_20180304T062741_R077_T40QGK_20201013T061838,0,2018-03,T40QGK,0.2094892635545462,0,0.7250074506564916
S2A_MSIL2A_20180403T062631_R077_T40QGK_20201012T174147_0000.jpg,S2A_MSIL2A_20180403T062631_R077_T40QGK_20201012T174147,0,2018-04,T40QGK,0.1331970779121766,0,0.7250074506564916
S2A_MSIL2A_20180403T062631_R077_T40QGK_20201012T174147_0001.jpg,S2A_MSIL2A_20180403T062631_R077_T40QGK_20201012T174147,0,2018-04,T40QGK,0.1331970779121766,0,0.7250074506564916
S2A_MSIL2A_20180413T062631_R077_T40QGK_20201012T214136_0000.jpg,S2A_MSIL2A_20180413T062631_R077_T40QGK_20201012T214136,0,2018-04,T40QGK,0.04514874662632773,0,0.7250074506564916
S2A_MSIL2A_20180413T062631_R077_T40QGK_20201012T214136_0001.jpg,S2A_MSIL2A_20180413T062631_R077_T40QGK_20201012T214136,0,2018-04,T40QGK,0.04514874662632773,0,0.7250074506564916
S2A_MSIL2A_20180423T062631_R077_T40QGK_20201013T013518_0000.jpg,S2A_MSIL2A_20180423T062631_R077_T40QGK_20201013T013518,1,2018-04,T40QGK,0.8657269192766045,1,0.7250074506564916
S2A_MSIL2A_20180423T062631_R077_T40QGK_20201013T013518_0001.jpg,S2A_MSIL2A_20180423T062631_R077_T40QGK_20201013T013518,1,2018-04,T40QGK,0.8657269192766045,1,0.7250074506564916
S2B_MSIL2A_20180428T062629_R077_T40QGK_20201013T034933_0000.jpg,S2B_MSIL2A_20180428T062629_R077_T40QGK_20201013T034933,1,2018-04,T40QGK,0.8114827212536899,1,0.7250074506564916
S2B_MSIL2A_20180428T062629_R077_T40QGK_20201013T034933_0001.jpg,S2B_MSIL2A_20180428T062629_R077_T40QGK_20201013T034933,1,2018-04,T40QGK,0.8114827212536899,1,0.7250074506564916
S2A_MSIL2A_20180503T062631_R077_T40QGK_20201012T051456_0000.jpg,S2A_MSIL2A_20180503T062631_R077_T40QGK_20201012T051456,0,2018-05,T40QGK,0.02214229357508735,0,0.7250074506564916
S2A_MSIL2A_20180503T062631_R077_T40QGK_20201012T051456_0001.jpg,S2A_MSIL2A_20180503T062631_R077_T40QGK_20201012T051456,0,2018-05,T40QGK,0.02214229357508735,0,0.7250074506564916
S2A_MSIL2A_20180513T062631_R077_T40QGK_20201012T091425_0000.jpg,S2A_MSIL2A_20180513T062631_R077_T40QGK_20201012T091425,0,2018-05,T40QGK,0.14700511944547848,0,0.7250074506564916
S2A_MSIL2A_20180513T062631_R077_T40QGK_20201012T091425_0001.jpg,S2A_MSIL2A_20180513T062631_R077_T40QGK_20201012T091425,0,2018-05,T40QGK,0.14700511944547848,0,0.7250074506564916
S2A_MSIL2A_20180523T062631_R077_T40QGK_20201012T131343_0000.jpg,S2A_MSIL2A_20180523T062631_R077_T40QGK_20201012T131343,0,2018-05,T40QGK,0.007437749547286222,0,0.7250074506564916
S2A_MSIL2A_20180523T062631_R077_T40QGK_20201012T131343_0001.jpg,S2A_MSIL2A_20180523T062631_R077_T40QGK_20201012T131343,0,2018-05,T40QGK,0.007437749547286222,0,0.7250074506564916
S2B_MSIL2A_20180528T062629_R077_T40QGK_20201012T150955_0000.jpg,S2B_MSIL2A_20180528T062629_R077_T40QGK_20201012T150955,0,2018-05,T40QGK,0.14971362440427224,0,0.7250074506564916
S2B_MSIL2A_20180528T062629_R077_T40QGK_20201012T150955_0001.jpg,S2B_MSIL2A_20180528T062629_R077_T40QGK_20201012T150955,0,2018-05,T40QGK,0.14971362440427224,0,0.7250074506564916
S2A_MSIL2A_20180612T062631_R077_T40QGK_20201026T223958_0000.jpg,S2A_MSIL2A_20180612T062631_R077_T40QGK_20201026T223958,0,2018-06,T40QGK,0.9044276584177214,1,0.7250074506564916
S2A_MSIL2A_20180612T062631_R077_T40QGK_20201026T223958_0001.jpg,S2A_MSIL2A_20180612T062631_R077_T40QGK_20201026T223958,0,2018-06,T40QGK,0.9044276584177214,1,0.7250074506564916
S2B_MSIL2A_20180627T062629_R077_T40QGK_20201012T030550_0000.jpg,S2B_MSIL2A_20180627T062629_R077_T40QGK_20201012T030550,0,2018-06,T40QGK,0.015259884078983613,0,0.7250074506564916
S2B_MSIL2A_20180627T062629_R077_T40QGK_20201012T030550_0001.jpg,S2B_MSIL2A_20180627T062629_R077_T40QGK_20201012T030550,0,2018-06,T40QGK,0.015259884078983613,0,0.7250074506564916
S2B_MSIL2A_20180707T062629_R077_T40QGK_20201011T130508_0000.jpg,S2B_MSIL2A_20180707T062629_R077_T40QGK_20201011T130508,0,2018-07,T40QGK,0.9809987573937673,1,0.7250074506564916
S2B_MSIL2A_20180707T062629_R077_T40QGK_20201011T130508_0001.jpg,S2B_MSIL2A_20180707T062629_R077_T40QGK_20201011T130508,0,2018-07,T40QGK,0.9809987573937673,1,0.7250074506564916
S2A_MSIL2A_20180712T062631_R077_T40QGK_20201011T145021_0000.jpg,S2A_MSIL2A_20180712T062631_R077_T40QGK_20201011T145021,0,2018-07,T40QGK,0.11738036081998914,0,0.7250074506564916
S2A_MSIL2A_20180712T062631_R077_T40QGK_20201011T145021_0001.jpg,S2A_MSIL2A_20180712T062631_R077_T40QGK_20201011T145021,0,2018-07,T40QGK,0.11738036081998914,0,0.7250074506564916
S2B_MSIL2A_20180717T062629_R077_T40QGK_20201011T165446_0000.jpg,S2B_MSIL2A_20180717T062629_R077_T40QGK_20201011T165446,0,2018-07,T40QGK,0.12864911926650693,0,0.7250074506564916
S2B_MSIL2A_20180717T062629_R077_T40QGK_20201011T165446_0001.jpg,S2B_MSIL2A_20180717T062629_R077_T40QGK_20201011T165446,0,2018-07,T40QGK,0.12864911926650693,0,0.7250074506564916
S2B_MSIL2A_20180727T062629_R077_T40QGK_20201011T204153_0000.jpg,S2B_MSIL2A_20180727T062629_R077_T40QGK_20201011T204153,0,2018-07,T40QGK,0.01009006964551631,0,0.7250074506564916
S2B_MSIL2A_20180727T062629_R077_T40QGK_20201011T204153_0001.jpg,S2B_MSIL2A_20180727T062629_R077_T40QGK_20201011T204153,0,2018-07,T40QGK,0.01009006964551631,0,0.7250074506564916
S2B_MSIL2A_20180806T062629_R077_T40QGK_20201010T220242_0000.jpg,S2B_MSIL2A_20180806T062629_R077_T40QGK_20201010T220242,0,2018-08,T40QGK,0.20046442880406015,0,0.7250074506564916
S2B_MSIL2A_20180806T062629_R077_T40QGK_20201010T220242_0001.jpg,S2B_MSIL2A_20180806T062629_R077_T40QGK_20201010T220242,0,2018-08,T40QGK,0.20046442880406015,0,0.7250074506564916
S2A_MSIL2A_20180811T062631_R077_T40QGK_20201011T000847_0000.jpg,S2A_MSIL2A_20180811T062631_R077_T40QGK_20201011T000847,0,2018-08,T40QGK,0.20046442880406015,0,0.7250074506564916
S2A_MSIL2A_20180811T062631_R077_T40QGK_20201011T000847_0001.jpg,S2A_MSIL2A_20180811T062631_R077_T40QGK_20201011T000847,0,2018-08,T40QGK,0.20046442880406015,0,0.7250074506564916
S2A_MSIL2A_20180831T062631_R077_T40QGK_20201103T173702_0000.jpg,S2A_MSIL2A_20180831T062631_R077_T40QGK_20201103T173702,0,2018-08,T40QGK,0.054193690476372396,0,0.7250074506564916
S2A_MSIL2A_20180831T062631_R077_T40QGK_20201103T173702_0001.jpg,S2A_MSIL2A_20180831T062631_R077_T40QGK_20201103T173702,0,2018-08,T40QGK,0.054193690476372396,0,0.7250074506564916
S2B_MSIL2A_20180905T062619_R077_T40QGK_20201103T211022_0000.jpg,S2B_MSIL2A_20180905T062619_R077_T40QGK_20201103T211022,1,2018-09,T40QGK,0.912922110669341,1,0.7250074506564916
S2B_MSIL2A_20180905T062619_R077_T40QGK_20201103T211022_0001.jpg,S2B_MSIL2A_20180905T062619_R077_T40QGK_20201103T211022,1,2018-09,T40QGK,0.912922110669341,1,0.7250074506564916
S2A_MSIL2A_20180920T062621_R077_T40QGK_20201009T030042_0000.jpg,S2A_MSIL2A_20180920T062621_R077_T40QGK_20201009T030042,0,2018-09,T40QGK,0.01242687851158027,0,0.7250074506564916
S2A_MSIL2A_20180920T062621_R077_T40QGK_20201009T030042_0001.jpg,S2A_MSIL2A_20180920T062621_R077_T40QGK_20201009T030042,0,2018-09,T40QGK,0.01242687851158027,0,0.7250074506564916
S2A_MSIL2A_20180930T062641_R077_T40QGK_20201009T062826_0000.jpg,S2A_MSIL2A_20180930T062641_R077_T40QGK_20201009T062826,1,2018-09,T40QGK,0.9000448261372224,1,0.7250074506564916
S2A_MSIL2A_20180930T062641_R077_T40QGK_20201009T062826_0001.jpg,S2A_MSIL2A_20180930T062641_R077_T40QGK_20201009T062826,1,2018-09,T40QGK,0.9000448261372224,1,0.7250074506564916
S2B_MSIL2A_20181005T062719_R077_T40QGK_20201009T082718_0000.jpg,S2B_MSIL2A_20181005T062719_R077_T40QGK_20201009T082718,1,2018-10,T40QGK,0.9371384878532358,1,0.7250074506564916
S2B_MSIL2A_20181005T062719_R077_T40QGK_20201009T082718_0001.jpg,S2B_MSIL2A_20181005T062719_R077_T40QGK_20201009T082718,1,2018-10,T40QGK,0.9371384878532358,1,0.7250074506564916
S2A_MSIL2A_20181020T062901_R077_T40QGK_20201030T225347_0000.jpg,S2A_MSIL2A_20181020T062901_R077_T40QGK_20201030T225347,1,2018-10,T40QGK,0.9453074066307483,1,0.7250074506564916
S2A_MSIL2A_20181020T062901_R077_T40QGK_20201030T225347_0001.jpg,S2A_MSIL2A_20181020T062901_R077_T40QGK_20201030T225347,1,2018-10,T40QGK,0.9453074066307483,1,0.7250074506564916
S2B_MSIL2A_20181025T062929_R077_T40QGK_20201009T151438_0000.jpg,S2B_MSIL2A_20181025T062929_R077_T40QGK_20201009T151438,0,2018-10,T40QGK,0.005664020242338971,0,0.7250074506564916
S2B_MSIL2A_20181025T062929_R077_T40QGK_20201009T151438_0001.jpg,S2B_MSIL2A_20181025T062929_R077_T40QGK_20201009T151438,0,2018-10,T40QGK,0.005664020242338971,0,0.7250074506564916
S2B_MSIL2A_20181104T063029_R077_T40QGK_20201008T154616_0000.jpg,S2B_MSIL2A_20181104T063029_R077_T40QGK_20201008T154616,1,2018-11,T40QGK,0.9129522154705147,1,0.7250074506564916
S2B_MSIL2A_20181104T063029_R077_T40QGK_20201008T154616_0001.jpg,S2B_MSIL2A_20181104T063029_R077_T40QGK_20201008T154616,1,2018-11,T40QGK,0.9129522154705147,1,0.7250074506564916
S2B_MSIL2A_20181114T063119_R077_T40QGK_20201008T183309_0000.jpg,S2B_MSIL2A_20181114T063119_R077_T40QGK_20201008T183309,1,2018-11,T40QGK,0.693426991793417,0,0.7250074506564916
S2B_MSIL2A_20181114T063119_R077_T40QGK_20201008T183309_0001.jpg,S2B_MSIL2A_20181114T063119_R077_T40QGK_20201008T183309,1,2018-11,T40QGK,0.693426991793417,0,0.7250074506564916
S2A_MSIL2A_20181119T063141_R077_T40QGK_20201008T195111_0000.jpg,S2A_MSIL2A_20181119T063141_R077_T40QGK_20201008T195111,1,2018-11,T40QGK,0.9646819526539803,1,0.7250074506564916
S2A_MSIL2A_20181119T063141_R077_T40QGK_20201008T195111_0001.jpg,S2A_MSIL2A_20181119T063141_R077_T40QGK_20201008T195111,1,2018-11,T40QGK,0.9646819526539803,1,0.7250074506564916
S2A_MSIL2A_20181209T063241_R077_T40QGK_20201030T235446_0000.jpg,S2A_MSIL2A_20181209T063241_R077_T40QGK_20201030T235446,0,2018-12,T40QGK,0.035927150154872606,0,0.7250074506564916
S2A_MSIL2A_20181209T063241_R077_T40QGK_20201030T235446_0001.jpg,S2A_MSIL2A_20181209T063241_R077_T40QGK_20201030T235446,0,2018-12,T40QGK,0.035927150154872606,0,0.7250074506564916
S2A_MSIL2A_20181219T063251_R077_T40QGK_20201008T112107_0000.jpg,S2A_MSIL2A_20181219T063251_R077_T40QGK_20201008T112107,1,2018-12,T40QGK,0.9584545778778436,1,0.7250074506564916
S2A_MSIL2A_20181219T063251_R077_T40QGK_20201008T112107_0001.jpg,S2A_MSIL2A_20181219T063251_R077_T40QGK_20201008T112107,1,2018-12,T40QGK,0.9584545778778436,1,0.7250074506564916
S2B_MSIL2A_20190103T063249_R077_T40QGK_20201007T223007_0000.jpg,S2B_MSIL2A_20190103T063249_R077_T40QGK_20201007T223007,0,2019-01,T40QGK,0.02550339555300892,0,0.7250074506564916
S2B_MSIL2A_20190103T063249_R077_T40QGK_20201007T223007_0001.jpg,S2B_MSIL2A_20190103T063249_R077_T40QGK_20201007T223007,0,2019-01,T40QGK,0.02550339555300892,0,0.7250074506564916
S2B_MSIL2A_20190113T063229_R077_T40QGK_20201008T011501_0000.jpg,S2B_MSIL2A_20190113T063229_R077_T40QGK_20201008T011501,0,2019-01,T40QGK,0.1076733679333472,0,0.7250074506564916
S2B_MSIL2A_20190113T063229_R077_T40QGK_20201008T011501_0001.jpg,S2B_MSIL2A_20190113T063229_R077_T40QGK_20201008T011501,0,2019-01,T40QGK,0.1076733679333472,0,0.7250074506564916
S2B_MSIL2A_20190123T063149_R077_T40QGK_20201008T040056_0000.jpg,S2B_MSIL2A_20190123T063149_R077_T40QGK_20201008T040056,0,2019-01,T40QGK,0.009099357767588412,0,0.7250074506564916
S2B_MSIL2A_20190123T063149_R077_T40QGK_20201008T040056_0001.jpg,S2B_MSIL2A_20190123T063149_R077_T40QGK_20201008T040056,0,2019-01,T40QGK,0.009099357767588412,0,0.7250074506564916
S2A_MSIL2A_20190128T063121_R077_T40QGK_20201008T051650_0000.jpg,S2A_MSIL2A_20190128T063121_R077_T40QGK_20201008T051650,1,2019-01,T40QGK,0.9120458148549657,1,0.7250074506564916
S2A_MSIL2A_20190128T063121_R077_T40QGK_20201008T051650_0001.jpg,S2A_MSIL2A_20190128T063121_R077_T40QGK_20201008T051650,1,2019-01,T40QGK,0.9120458148549657,1,0.7250074506564916
S2A_MSIL2A_20190207T063031_R077_T40QGK_20210713T232839_0000.jpg,S2A_MSIL2A_20190207T063031_R077_T40QGK_20210713T232839,1,2019-02,T40QGK,0.7974919794989794,1,0.7250074506564916
S2A_MSIL2A_20190207T063031_R077_T40QGK_20210713T232839_0001.jpg,S2A_MSIL2A_20190207T063031_R077_T40QGK_20210713T232839,1,2019-02,T40QGK,0.7974919794989794,1,0.7250074506564916
S2B_MSIL2A_20190304T062749_R077_T40QGK_20201030T140917_0000.jpg,S2B_MSIL2A_20190304T062749_R077_T40QGK_20201030T140917,1,2019-03,T40QGK,0.9145973954396098,1,0.7250074506564916
S2B_MSIL2A_20190304T062749_R077_T40QGK_20201030T140917_0001.jpg,S2B_MSIL2A_20190304T062749_R077_T40QGK_20201030T140917,1,2019-03,T40QGK,0.9145973954396098,1,0.7250074506564916
S2B_MSIL2A_20190314T062629_R077_T40QGK_20201007T063949_0000.jpg,S2B_MSIL2A_20190314T062629_R077_T40QGK_20201007T063949,0,2019-03,T40QGK,0.1110964497004125,0,0.7250074506564916
S2B_MSIL2A_20190314T062629_R077_T40QGK_20201007T063949_0001.jpg,S2B_MSIL2A_20190314T062629_R077_T40QGK_20201007T063949,0,2019-03,T40QGK,0.1110964497004125,0,0.7250074506564916
S2A_MSIL2A_20190329T062631_R077_T40QGK_20201007T115324_0000.jpg,S2A_MSIL2A_20190329T062631_R077_T40QGK_20201007T115324,0,2019-03,T40QGK,0.04452129117594845,0,0.7250074506564916
S2A_MSIL2A_20190329T062631_R077_T40QGK_20201007T115324_0001.jpg,S2A_MSIL2A_20190329T062631_R077_T40QGK_20201007T115324,0,2019-03,T40QGK,0.04452129117594845,0,0.7250074506564916
S2A_MSIL2A_20190408T062631_R077_T40QGK_20201006T233313_0000.jpg,S2A_MSIL2A_20190408T062631_R077_T40QGK_20201006T233313,0,2019-04,T40QGK,0.11888485578736245,0,0.7250074506564916
S2A_MSIL2A_20190408T062631_R077_T40QGK_20201006T233313_0001.jpg,S2A_MSIL2A_20190408T062631_R077_T40QGK_20201006T233313,0,2019-04,T40QGK,0.11888485578736245,0,0.7250074506564916
S2B_MSIL2A_20190423T062639_R077_T40QGK_20201105T161913_0000.jpg,S2B_MSIL2A_20190423T062639_R077_T40QGK_20201105T161913,0,2019-04,T40QGK,0.10762631947782839,0,0.7250074506564916
S2B_MSIL2A_20190423T062639_R077_T40QGK_20201105T161913_0001.jpg,S2B_MSIL2A_20190423T062639_R077_T40QGK_20201105T161913,0,2019-04,T40QGK,0.10762631947782839,0,0.7250074506564916
S2A_MSIL2A_20190428T062631_R077_T40QGK_20201105T205730_0000.jpg,S2A_MSIL2A_20190428T062631_R077_T40QGK_20201105T205730,0,2019-04,T40QGK,0.08447469540291455,0,0.7250074506564916
S2A_MSIL2A_20190428T062631_R077_T40QGK_20201105T205730_0001.jpg,S2A_MSIL2A_20190428T062631_R077_T40QGK_20201105T205730,0,2019-04,T40QGK,0.08447469540291455,0,0.7250074506564916
S2A_MSIL2A_20190508T062631_R077_T40QGK_20201006T112655_0000.jpg,S2A_MSIL2A_20190508T062631_R077_T40QGK_20201006T112655,0,2019-05,T40QGK,0.09720772413294654,0,0.7250074506564916
S2A_MSIL2A_20190508T062631_R077_T40QGK_20201006T112655_0001.jpg,S2A_MSIL2A_20190508T062631_R077_T40QGK_20201006T112655,0,2019-05,T40QGK,0.09720772413294654,0,0.7250074506564916
S2A_MSIL2A_20190528T062631_R077_T40QGK_20201006T191632_0000.jpg,S2A_MSIL2A_20190528T062631_R077_T40QGK_20201006T191632,1,2019-05,T40QGK,0.8218728397414873,1,0.7250074506564916
S2A_MSIL2A_20190528T062631_R077_T40QGK_20201006T191632_0001.jpg,S2A_MSIL2A_20190528T062631_R077_T40QGK_20201006T191632,1,2019-05,T40QGK,0.8218728397414873,1,0.7250074506564916
S2A_MSIL2A_20190607T062631_R077_T40QGK_20201005T230635_0000.jpg,S2A_MSIL2A_20190607T062631_R077_T40QGK_20201005T230635,0,2019-06,T40QGK,0.025743214234525708,0,0.7250074506564916
S2A_MSIL2A_20190607T062631_R077_T40QGK_20201005T230635_0001.jpg,S2A_MSIL2A_20190607T062631_R077_T40QGK_20201005T230635,0,2019-06,T40QGK,0.025743214234525708,0,0.7250074506564916
S2B_MSIL2A_20190612T062639_R077_T40QGK_20201006T012129_0000.jpg,S2B_MSIL2A_20190612T062639_R077_T40QGK_20201006T012129,0,2019-06,T40QGK,0.26879370147892034,0,0.7250074506564916
S2B_MSIL2A_20190612T062639_R077_T40QGK_20201006T012129_0001.jpg,S2B_MSIL2A_20190612T062639_R077_T40QGK_20201006T012129,0,2019-06,T40QGK,0.26879370147892034,0,0.7250074506564916
S2A_MSIL2A_20190627T062631_R077_T40QGK_20201006T065430_0000.jpg,S2A_MSIL2A_20190627T062631_R077_T40QGK_20201006T065430,0,2019-06,T40QGK,0.13966860834879963,0,0.7250074506564916
S2A_MSIL2A_20190627T062631_R077_T40QGK_20201006T065430_0001.jpg,S2A_MSIL2A_20190627T062631_R077_T40QGK_20201006T065430,0,2019-06,T40QGK,0.13966860834879963,0,0.7250074506564916
S2A_MSIL2A_20190707T062631_R077_T40QGK_20201005T102725_0000.jpg,S2A_MSIL2A_20190707T062631_R077_T40QGK_20201005T102725,0,2019-07,T40QGK,0.03223277155925051,0,0.7250074506564916
S2A_MSIL2A_20190707T062631_R077_T40QGK_20201005T102725_0001.jpg,S2A_MSIL2A_20190707T062631_R077_T40QGK_20201005T102725,0,2019-07,T40QGK,0.03223277155925051,0,0.7250074506564916
S2B_MSIL2A_20190712T062639_R077_T40QGK_20201005T130312_0000.jpg,S2B_MSIL2A_20190712T062639_R077_T40QGK_20201005T130312,1,2019-07,T40QGK,0.6835360636948113,0,0.7250074506564916
S2B_MSIL2A_20190712T062639_R077_T40QGK_20201005T130312_0001.jpg,S2B_MSIL2A_20190712T062639_R077_T40QGK_20201005T130312,1,2019-07,T40QGK,0.6835360636948113,0,0.7250074506564916
S2A_MSIL2A_20190727T062631_R077_T40QGK_20201106T025330_0000.jpg,S2A_MSIL2A_20190727T062631_R077_T40QGK_20201106T025330,0,2019-07,T40QGK,0.021937461537818247,0,0.7250074506564916
S2A_MSIL2A_20190727T062631_R077_T40QGK_20201106T025330_0001.jpg,S2A_MSIL2A_20190727T062631_R077_T40QGK_20201106T025330,0,2019-07,T40QGK,0.021937461537818247,0,0.7250074506564916
S2B_MSIL2A_20190801T062639_R077_T40QGK_20201004T191404_0000.jpg,S2B_MSIL2A_20190801T062639_R077_T40QGK_20201004T191404,0,2019-08,T40QGK,0.014070926820641707,0,0.7250074506564916
S2B_MSIL2A_20190801T062639_R077_T40QGK_20201004T191404_0001.jpg,S2B_MSIL2A_20190801T062639_R077_T40QGK_20201004T191404,0,2019-08,T40QGK,0.014070926820641707,0,0.7250074506564916
S2A_MSIL2A_20190816T062631_R077_T40QGK_20201005T005746_0000.jpg,S2A_MSIL2A_20190816T062631_R077_T40QGK_20201005T005746,0,2019-08,T40QGK,0.1801223100512811,0,0.7250074506564916
S2A_MSIL2A_20190816T062631_R077_T40QGK_20201005T005746_0001.jpg,S2A_MSIL2A_20190816T062631_R077_T40QGK_20201005T005746,0,2019-08,T40QGK,0.1801223100512811,0,0.7250074506564916
S2B_MSIL2A_20190831T062629_R077_T40QGK_20201005T072335_0000.jpg,S2B_MSIL2A_20190831T062629_R077_T40QGK_20201005T072335,1,2019-08,T40QGK,0.977409160644628,1,0.7250074506564916
S2B_MSIL2A_20190831T062629_R077_T40QGK_20201005T072335_0001.jpg,S2B_MSIL2A_20190831T062629_R077_T40QGK_20201005T072335,1,2019-08,T40QGK,0.977409160644628,1,0.7250074506564916
S2B_MSIL2A_20190920T062629_R077_T40QGK_20201004T152316_0000.jpg,S2B_MSIL2A_20190920T062629_R077_T40QGK_20201004T152316,0,2019-09,T40QGK,0.046267148451861945,0,0.7250074506564916
S2B_MSIL2A_20190920T062629_R077_T40QGK_20201004T152316_0001.jpg,S2B_MSIL2A_20190920T062629_R077_T40QGK_20201004T152316,0,2019-09,T40QGK,0.046267148451861945,0,0.7250074506564916
S2B_MSIL2A_20190930T062639_R077_T40QGK_20201004T185142_0000.jpg,S2B_MSIL2A_20190930T062639_R077_T40QGK_20201004T185142,0,2019-09,T40QGK,0.08391700932700306,0,0.7250074506564916
S2B_MSIL2A_20190930T062639_R077_T40QGK_20201004T185142_0001.jpg,S2B_MSIL2A_20190930T062639_R077_T40QGK_20201004T185142,0,2019-09,T40QGK,0.08391700932700306,0,0.7250074506564916
S2A_MSIL2A_20191015T062831_R077_T40QGK_20201004T022857_0000.jpg,S2A_MSIL2A_20191015T062831_R077_T40QGK_20201004T022857,0,2019-10,T40QGK,0.05950769448260868,0,0.7250074506564916
S2A_MSIL2A_20191015T062831_R077_T40QGK_20201004T022857_0001.jpg,S2A_MSIL2A_20191015T062831_R077_T40QGK_20201004T022857,0,2019-10,T40QGK,0.05950769448260868,0,0.7250074506564916
S2B_MSIL2A_20191020T062859_R077_T40QGK_20201004T042519_0000.jpg,S2B_MSIL2A_20191020T062859_R077_T40QGK_20201004T042519,0,2019-10,T40QGK,0.108284919569574,0,0.7250074506564916
S2B_MSIL2A_20191020T062859_R077_T40QGK_20201004T042519_0001.jpg,S2B_MSIL2A_20191020T062859_R077_T40QGK_20201004T042519,0,2019-10,T40QGK,0.108284919569574,0,0.7250074506564916
S2A_MSIL2A_20191025T062931_R077_T40QGK_20201004T055923_0000.jpg,S2A_MSIL2A_20191025T062931_R077_T40QGK_20201004T055923,0,2019-10,T40QGK,0.012661888812666498,0,0.7250074506564916
S2A_MSIL2A_20191025T062931_R077_T40QGK_20201004T055923_0001.jpg,S2A_MSIL2A_20191025T062931_R077_T40QGK_20201004T055923,0,2019-10,T40QGK,0.012661888812666498,0,0.7250074506564916
S2A_MSIL2A_20191104T063031_R077_T40QGK_20201003T125640_0000.jpg,S2A_MSIL2A_20191104T063031_R077_T40QGK_20201003T125640,0,2019-11,T40QGK,0.0825569403883005,0,0.7250074506564916
S2A_MSIL2A_20191104T063031_R077_T40QGK_20201003T125640_0001.jpg,S2A_MSIL2A_20191104T063031_R077_T40QGK_20201003T125640,0,2019-11,T40QGK,0.0825569403883005,0,0.7250074506564916
S2B_MSIL2A_20191109T063059_R077_T40QGK_20201003T144754_0000.jpg,S2B_MSIL2A_20191109T063059_R077_T40QGK_20201003T144754,1,2019-11,T40QGK,0.8772626004715004,1,0.7250074506564916
S2B_MSIL2A_20191109T063059_R077_T40QGK_20201003T144754_0001.jpg,S2B_MSIL2A_20191109T063059_R077_T40QGK_20201003T144754,1,2019-11,T40QGK,0.8772626004715004,1,0.7250074506564916
S2B_MSIL2A_20191119T063139_R077_T40QGK_20201003T180524_0000.jpg,S2B_MSIL2A_20191119T063139_R077_T40QGK_20201003T180524,0,2019-11,T40QGK,0.036195906289648444,0,0.7250074506564916
S2B_MSIL2A_20191119T063139_R077_T40QGK_20201003T180524_0001.jpg,S2B_MSIL2A_20191119T063139_R077_T40QGK_20201003T180524,0,2019-11,T40QGK,0.036195906289648444,0,0.7250074506564916
S2B_MSIL2A_20191129T063219_R077_T40QGK_20201003T204846_0000.jpg,S2B_MSIL2A_20191129T063219_R077_T40QGK_20201003T204846,0,2019-11,T40QGK,0.01870507762278557,0,0.7250074506564916
S2B_MSIL2A_20191129T063219_R077_T40QGK_20201003T204846_0001.jpg,S2B_MSIL2A_20191129T063219_R077_T40QGK_20201003T204846,0,2019-11,T40QGK,0.01870507762278557,0,0.7250074506564916
S2B_MSIL2A_20191209T063239_R077_T40QGK_20201003T024733_0000.jpg,S2B_MSIL2A_20191209T063239_R077_T40QGK_20201003T024733,0,2019-12,T40QGK,0.019455676046310804,0,0.7250074506564916
S2B_MSIL2A_20191209T063239_R077_T40QGK_20201003T024733_0001.jpg,S2B_MSIL2A_20191209T063239_R077_T40QGK_20201003T024733,0,2019-12,T40QGK,0.019455676046310804,0,0.7250074506564916
S2A_MSIL2A_20191224T063251_R077_T40QGK_20201003T085730_0000.jpg,S2A_MSIL2A_20191224T063251_R077_T40QGK_20201003T085730,0,2019-12,T40QGK,0.26203752265114333,0,0.7250074506564916
S2A_MSIL2A_20191224T063251_R077_T40QGK_20201003T085730_0001.jpg,S2A_MSIL2A_20191224T063251_R077_T40QGK_20201003T085730,0,2019-12,T40QGK,0.26203752265114333,0,0.7250074506564916
S2A_MSIL2A_20200113T063221_R077_T40QGK_20201002T180853_0000.jpg,S2A_MSIL2A_20200113T063221_R077_T40QGK_20201002T180853,0,2020-01,T40QGK,0.021200239656629972,0,0.7250074506564916
S2A_MSIL2A_20200113T063221_R077_T40QGK_20201002T180853_0001.jpg,S2A_MSIL2A_20200113T063221_R077_T40QGK_20201002T180853,0,2020-01,T40QGK,0.021200239656629972,0,0.7250074506564916
S2B_MSIL2A_20200118T063209_R077_T40QGK_20201002T202136_0000.jpg,S2B_MSIL2A_20200118T063209_R077_T40QGK_20201002T202136,1,2020-01,T40QGK,0.9386907210627944,1,0.7250074506564916
S2B_MSIL2A_20200118T063209_R077_T40QGK_20201002T202136_0001.jpg,S2B_MSIL2A_20200118T063209_R077_T40QGK_20201002T202136,1,2020-01,T40QGK,0.9386907210627944,1,0.7250074506564916
S2B_MSIL2A_20200128T063119_R077_T40QGK_20201002T134634_0000.jpg,S2B_MSIL2A_20200128T063119_R077_T40QGK_20201002T134634,0,2020-01,T40QGK,0.007591675037663484,0,0.7250074506564916
S2B_MSIL2A_20200128T063119_R077_T40QGK_20201002T134634_0001.jpg,S2B_MSIL2A_20200128T063119_R077_T40QGK_20201002T134634,0,2020-01,T40QGK,0.007591675037663484,0,0.7250074506564916
S2B_MSIL2A_20200227T062819_R077_T40QGK_20200928T190758_0000.jpg,S2B_MSIL2A_20200227T062819_R077_T40QGK_20200928T190758,0,2020-02,T40QGK,0.1754789778247916,0,0.7250074506564916
S2B_MSIL2A_20200227T062819_R077_T40QGK_20200928T190758_0001.jpg,S2B_MSIL2A_20200227T062819_R077_T40QGK_20200928T190758,0,2020-02,T40QGK,0.1754789778247916,0,0.7250074506564916
S2B_MSIL2A_20200308T062709_R077_T40QGK_20200930T082005_0000.jpg,S2B_MSIL2A_20200308T062709_R077_T40QGK_20200930T082005,0,2020-03,T40QGK,0.04623191900588249,0,0.7250074506564916
S2B_MSIL2A_20200308T062709_R077_T40QGK_20200930T082005_0001.jpg,S2B_MSIL2A_20200308T062709_R077_T40QGK_20200930T082005,0,2020-03,T40QGK,0.04623191900588249,0,0.7250074506564916
S2B_MSIL2A_20200318T062629_R077_T40QGK_20201011T024939_0000.jpg,S2B_MSIL2A_20200318T062629_R077_T40QGK_20201011T024939,0,2020-03,T40QGK,0.1442980723192131,0,0.7250074506564916
S2B_MSIL2A_20200318T062629_R077_T40QGK_20201011T024939_0001.jpg,S2B_MSIL2A_20200318T062629_R077_T40QGK_20201011T024939,0,2020-03,T40QGK,0.1442980723192131,0,0.7250074506564916
S2B_MSIL2A_20200328T062629_R077_T40QGK_20201027T122258_0000.jpg,S2B_MSIL2A_20200328T062629_R077_T40QGK_20201027T122258,0,2020-03,T40QGK,0.18962033385889943,0,0.7250074506564916
S2B_MSIL2A_20200328T062629_R077_T40QGK_20201027T122258_0001.jpg,S2B_MSIL2A_20200328T062629_R077_T40QGK_20201027T122258,0,2020-03,T40QGK,0.18962033385889943,0,0.7250074506564916
S2A_MSIL2A_20200402T062621_R077_T40QGK_20200924T160400_0000.jpg,S2A_MSIL2A_20200402T062621_R077_T40QGK_20200924T160400,0,2020-04,T40QGK,0.13891920444781564,0,0.7250074506564916
S2A_MSIL2A_20200402T062621_R077_T40QGK_20200924T160400_0001.jpg,S2A_MSIL2A_20200402T062621_R077_T40QGK_20200924T160400,0,2020-04,T40QGK,0.13891920444781564,0,0.7250074506564916
S2B_MSIL2A_20200417T062629_R077_T40QGK_20200923T221836_0000.jpg,S2B_MSIL2A_20200417T062629_R077_T40QGK_20200923T221836,0,2020-04,T40QGK,0.02866095774043108,0,0.7250074506564916
S2B_MSIL2A_20200417T062629_R077_T40QGK_20200923T221836_0001.jpg,S2B_MSIL2A_20200417T062629_R077_T40QGK_20200923T221836,0,2020-04,T40QGK,0.02866095774043108,0,0.7250074506564916
S2B_MSIL2A_20200427T062629_R077_T40QGK_20200922T082449_0000.jpg,S2B_MSIL2A_20200427T062629_R077_T40QGK_20200922T082449,0,2020-04,T40QGK,0.04548994878505889,0,0.7250074506564916
S2B_MSIL2A_20200427T062629_R077_T40QGK_20200922T082449_0001.jpg,S2B_MSIL2A_20200427T062629_R077_T40QGK_20200922T082449,0,2020-04,T40QGK,0.04548994878505889,0,0.7250074506564916
S2B_MSIL2A_20200507T062629_R077_T40QGK_20200920T220121_0000.jpg,S2B_MSIL2A_20200507T062629_R077_T40QGK_20200920T220121,0,2020-05,T40QGK,0.010657142370982366,0,0.7250074506564916
S2B_MSIL2A_20200507T062629_R077_T40QGK_20200920T220121_0001.jpg,S2B_MSIL2A_20200507T062629_R077_T40QGK_20200920T220121,0,2020-05,T40QGK,0.010657142370982366,0,0.7250074506564916
S2A_MSIL2A_20200512T062631_R077_T40QGK_20200917T210541_0000.jpg,S2A_MSIL2A_20200512T062631_R077_T40QGK_20200917T210541,0,2020-05,T40QGK,0.01166898262674927,0,0.7250074506564916
S2A_MSIL2A_20200512T062631_R077_T40QGK_20200917T210541_0001.jpg,S2A_MSIL2A_20200512T062631_R077_T40QGK_20200917T210541,0,2020-05,T40QGK,0.01166898262674927,0,0.7250074506564916
S2A_MSIL2A_20200522T062631_R077_T40QGK_20200910T130325_0000.jpg,S2A_MSIL2A_20200522T062631_R077_T40QGK_20200910T130325,1,2020-05,T40QGK,0.8695522343039347,1,0.7250074506564916
S2A_MSIL2A_20200522T062631_R077_T40QGK_20200910T130325_0001.jpg,S2A_MSIL2A_20200522T062631_R077_T40QGK_20200910T130325,1,2020-05,T40QGK,0.8695522343039347,1,0.7250074506564916
S2B_MSIL2A_20200527T062629_R077_T40QGK_20200911T043843_0000.jpg,S2B_MSIL2A_20200527T062629_R077_T40QGK_20200911T043843,1,2020-05,T40QGK,0.9287062303857264,1,0.7250074506564916
S2B_MSIL2A_20200527T062629_R077_T40QGK_20200911T043843_0001.jpg,S2B_MSIL2A_20200527T062629_R077_T40QGK_20200911T043843,1,2020-05,T40QGK,0.9287062303857264,1,0.7250074506564916
S2A_MSIL2A_20200611T062631_R077_T40QGK_20200909T170241_0000.jpg,S2A_MSIL2A_20200611T062631_R077_T40QGK_20200909T170241,0,2020-06,T40QGK,0.19180745788819037,0,0.7250074506564916
S2A_MSIL2A_20200611T062631_R077_T40QGK_20200909T170241_0001.jpg,S2A_MSIL2A_20200611T062631_R077_T40QGK_20200909T170241,0,2020-06,T40QGK,0.19180745788819037,0,0.7250074506564916
S2B_MSIL2A_20200626T062629_R077_T40QGK_20200824T052037_0000.jpg,S2B_MSIL2A_20200626T062629_R077_T40QGK_20200824T052037,0,2020-06,T40QGK,0.022989826073677805,0,0.7250074506564916
S2B_MSIL2A_20200626T062629_R077_T40QGK_20200824T052037_0001.jpg,S2B_MSIL2A_20200626T062629_R077_T40QGK_20200824T052037,0,2020-06,T40QGK,0.022989826073677805,0,0.7250074506564916
S2A_MSIL2A_20200701T062631_R077_T40QGK_20200824T190158_0000.jpg,S2A_MSIL2A_20200701T062631_R077_T40QGK_20200824T190158,0,2020-07,T40QGK,0.03948268231065631,0,0.7250074506564916
S2A_MSIL2A_20200701T062631_R077_T40QGK_20200824T190158_0001.jpg,S2A_MSIL2A_20200701T062631_R077_T40QGK_20200824T190158,0,2020-07,T40QGK,0.03948268231065631,0,0.7250074506564916
S2A_MSIL2A_20200721T062631_R077_T40QGK_20200816T230033_0000.jpg,S2A_MSIL2A_20200721T062631_R077_T40QGK_20200816T230033,1,2020-07,T40QGK,0.8385136084046142,1,0.7250074506564916
S2A_MSIL2A_20200721T062631_R077_T40QGK_20200816T230033_0001.jpg,S2A_MSIL2A_20200721T062631_R077_T40QGK_20200816T230033,1,2020-07,T40QGK,0.8385136084046142,1,0.7250074506564916
S2A_MSIL2A_20200731T062631_R077_T40QGK_20200818T061733_0000.jpg,S2A_MSIL2A_20200731T062631_R077_T40QGK_20200818T061733,1,2020-07,T40QGK,0.9808353897934722,1,0.7250074506564916
S2A_MSIL2A_20200731T062631_R077_T40QGK_20200818T061733_0001.jpg,S2A_MSIL2A_20200731T062631_R077_T40QGK_20200818T061733,1,2020-07,T40QGK,0.9808353897934722,1,0.7250074506564916
S2B_MSIL2A_20200805T062629_R077_T40QGK_20200815T032734_0000.jpg,S2B_MSIL2A_20200805T062629_R077_T40QGK_20200815T032734,0,2020-08,T40QGK,0.34622411035995654,0,0.7250074506564916
S2A_MSIL2A_20200820T062631_R077_T40QGK_20200908T232001_0000.jpg,S2A_MSIL2A_20200820T062631_R077_T40QGK_20200908T232001,0,2020-08,T40QGK,0.0068939314777553716,0,0.7250074506564916
S2A_MSIL2A_20200820T062631_R077_T40QGK_20200908T232001_0001.jpg,S2A_MSIL2A_20200820T062631_R077_T40QGK_20200908T232001,0,2020-08,T40QGK,0.0068939314777553716,0,0.7250074506564916
S2B_MSIL2A_20200904T062629_R077_T40QGK_20200908T015514_0000.jpg,S2B_MSIL2A_20200904T062629_R077_T40QGK_20200908T015514,0,2020-09,T40QGK,0.005073107005449127,0,0.7250074506564916
S2B_MSIL2A_20200904T062629_R077_T40QGK_20200908T015514_0001.jpg,S2B_MSIL2A_20200904T062629_R077_T40QGK_20200908T015514,0,2020-09,T40QGK,0.005073107005449127,0,0.7250074506564916
S2A_MSIL2A_20200909T062631_R077_T40QGK_20200919T090132_0000.jpg,S2A_MSIL2A_20200909T062631_R077_T40QGK_20200919T090132,0,2020-09,T40QGK,0.06054579141226317,0,0.7250074506564916
S2A_MSIL2A_20200909T062631_R077_T40QGK_20200919T090132_0001.jpg,S2A_MSIL2A_20200909T062631_R077_T40QGK_20200919T090132,0,2020-09,T40QGK,0.06054579141226317,0,0.7250074506564916
S2A_MSIL2A_20200929T062651_R077_T40QGK_20201001T173451_0000.jpg,S2A_MSIL2A_20200929T062651_R077_T40QGK_20201001T173451,0,2020-09,T40QGK,0.32654769731787725,0,0.7250074506564916
S2A_MSIL2A_20200929T062651_R077_T40QGK_20201001T173451_0001.jpg,S2A_MSIL2A_20200929T062651_R077_T40QGK_20201001T173451,0,2020-09,T40QGK,0.32654769731787725,0,0.7250074506564916
S2B_MSIL2A_20201004T062719_R077_T40QGK_20201006T041306_0000.jpg,S2B_MSIL2A_20201004T062719_R077_T40QGK_20201006T041306,1,2020-10,T40QGK,0.9510791418830646,1,0.7250074506564916
S2B_MSIL2A_20201004T062719_R077_T40QGK_20201006T041306_0001.jpg,S2B_MSIL2A_20201004T062719_R077_T40QGK_20201006T041306,1,2020-10,T40QGK,0.9510791418830646,1,0.7250074506564916
S2A_MSIL2A_20201009T062801_R077_T40QGK_20201027T125020_0000.jpg,S2A_MSIL2A_20201009T062801_R077_T40QGK_20201027T125020,0,2020-10,T40QGK,0.047169606510462536,0,0.7250074506564916
S2A_MSIL2A_20201009T062801_R077_T40QGK_20201027T125020_0001.jpg,S2A_MSIL2A_20201009T062801_R077_T40QGK_20201027T125020,0,2020-10,T40QGK,0.047169606510462536,0,0.7250074506564916
S2B_MSIL2A_20201024T062939_R077_T40QGK_20201029T170956_0000.jpg,S2B_MSIL2A_20201024T062939_R077_T40QGK_20201029T170956,0,2020-10,T40QGK,0.007611821512247666,0,0.7250074506564916
S2B_MSIL2A_20201024T062939_R077_T40QGK_20201029T170956_0001.jpg,S2B_MSIL2A_20201024T062939_R077_T40QGK_20201029T170956,0,2020-10,T40QGK,0.007611821512247666,0,0.7250074506564916
S2A_MSIL2A_20201029T063011_R077_T40QGK_20201101T123504_0000.jpg,S2A_MSIL2A_20201029T063011_R077_T40QGK_20201101T123504,0,2020-10,T40QGK,0.00973392084322486,0,0.7250074506564916
S2A_MSIL2A_20201029T063011_R077_T40QGK_20201101T123504_0001.jpg,S2A_MSIL2A_20201029T063011_R077_T40QGK_20201101T123504,0,2020-10,T40QGK,0.00973392084322486,0,0.7250074506564916
S2A_MSIL2A_20201108T063101_R077_T40QGK_20201110T022224_0000.jpg,S2A_MSIL2A_20201108T063101_R077_T40QGK_20201110T022224,0,2020-11,T40QGK,0.04464467527334102,0,0.7250074506564916
S2A_MSIL2A_20201108T063101_R077_T40QGK_20201110T022224_0001.jpg,S2A_MSIL2A_20201108T063101_R077_T40QGK_20201110T022224,0,2020-11,T40QGK,0.04464467527334102,0,0.7250074506564916
S2B_MSIL2A_20201113T063119_R077_T40QGK_20201115T061954_0000.jpg,S2B_MSIL2A_20201113T063119_R077_T40QGK_20201115T061954,0,2020-11,T40QGK,0.07322802505604122,0,0.7250074506564916
S2B_MSIL2A_20201113T063119_R077_T40QGK_20201115T061954_0001.jpg,S2B_MSIL2A_20201113T063119_R077_T40QGK_20201115T061954,0,2020-11,T40QGK,0.07322802505604122,0,0.7250074506564916
S2B_MSIL2A_20201123T063159_R077_T40QGK_20201124T114709_0000.jpg,S2B_MSIL2A_20201123T063159_R077_T40QGK_20201124T114709,0,2020-11,T40QGK,0.09306345374084156,0,0.7250074506564916
S2B_MSIL2A_20201123T063159_R077_T40QGK_20201124T114709_0001.jpg,S2B_MSIL2A_20201123T063159_R077_T40QGK_20201124T114709,0,2020-11,T40QGK,0.09306345374084156,0,0.7250074506564916
S2A_MSIL2A_20201128T063221_R077_T40QGK_20201128T225721_0000.jpg,S2A_MSIL2A_20201128T063221_R077_T40QGK_20201128T225721,1,2020-11,T40QGK,0.9340980409582779,1,0.7250074506564916
S2A_MSIL2A_20201128T063221_R077_T40QGK_20201128T225721_0001.jpg,S2A_MSIL2A_20201128T063221_R077_T40QGK_20201128T225721,1,2020-11,T40QGK,0.9340980409582779,1,0.7250074506564916
S2B_MSIL2A_20201203T063229_R077_T40QGK_20201204T003203_0000.jpg,S2B_MSIL2A_20201203T063229_R077_T40QGK_20201204T003203,0,2020-12,T40QGK,0.05783662623291443,0,0.7250074506564916
S2B_MSIL2A_20201203T063229_R077_T40QGK_20201204T003203_0001.jpg,S2B_MSIL2A_20201203T063229_R077_T40QGK_20201204T003203,0,2020-12,T40QGK,0.05783662623291443,0,0.7250074506564916
S2B_MSIL2A_20201213T063249_R077_T40QGK_20201214T024845_0000.jpg,S2B_MSIL2A_20201213T063249_R077_T40QGK_20201214T024845,1,2020-12,T40QGK,0.9175611959439806,1,0.7250074506564916
S2B_MSIL2A_20201213T063249_R077_T40QGK_20201214T024845_0001.jpg,S2B_MSIL2A_20201213T063249_R077_T40QGK_20201214T024845,1,2020-12,T40QGK,0.9175611959439806,1,0.7250074506564916
S2A_MSIL2A_20201228T063301_R077_T40QGK_20210513T194302_0000.jpg,S2A_MSIL2A_20201228T063301_R077_T40QGK_20210513T194302,0,2020-12,T40QGK,0.17671931684491948,0,0.7250074506564916
S2A_MSIL2A_20201228T063301_R077_T40QGK_20210513T194302_0001.jpg,S2A_MSIL2A_20201228T063301_R077_T40QGK_20210513T194302,0,2020-12,T40QGK,0.17671931684491948,0,0.7250074506564916
S2B_MSIL2A_20210102T063249_R077_T40QGK_20210102T170355_0000.jpg,S2B_MSIL2A_20210102T063249_R077_T40QGK_20210102T170355,0,2021-01,T40QGK,0.12094411690773592,0,0.7250074506564916
S2B_MSIL2A_20210102T063249_R077_T40QGK_20210102T170355_0001.jpg,S2B_MSIL2A_20210102T063249_R077_T40QGK_20210102T170355,0,2021-01,T40QGK,0.12094411690773592,0,0.7250074506564916
S2B_MSIL2A_20210201T063059_R077_T40QGK_20210202T030501_0000.jpg,S2B_MSIL2A_20210201T063059_R077_T40QGK_20210202T030501,0,2021-02,T40QGK,0.04453287500472834,0,0.7250074506564916
S2B_MSIL2A_20210201T063059_R077_T40QGK_20210202T030501_0001.jpg,S2B_MSIL2A_20210201T063059_R077_T40QGK_20210202T030501,0,2021-02,T40QGK,0.04453287500472834,0,0.7250074506564916
S2A_MSIL2A_20210216T062931_R077_T40QGK_20210419T220612_0000.jpg,S2A_MSIL2A_20210216T062931_R077_T40QGK_20210419T220612,0,2021-02,T40QGK,0.07559322901545741,0,0.7250074506564916
S2A_MSIL2A_20210216T062931_R077_T40QGK_20210419T220612_0001.jpg,S2A_MSIL2A_20210216T062931_R077_T40QGK_20210419T220612,0,2021-02,T40QGK,0.07559322901545741,0,0.7250074506564916
S2B_MSIL2A_20210221T062859_R077_T40QGK_20210221T170349_0000.jpg,S2B_MSIL2A_20210221T062859_R077_T40QGK_20210221T170349,0,2021-02,T40QGK,0.04972362241042134,0,0.7250074506564916
S2B_MSIL2A_20210221T062859_R077_T40QGK_20210221T170349_0001.jpg,S2B_MSIL2A_20210221T062859_R077_T40QGK_20210221T170349,0,2021-02,T40QGK,0.04972362241042134,0,0.7250074506564916
S2A_MSIL2A_20210226T062831_R077_T40QGK_20210226T162504_0000.jpg,S2A_MSIL2A_20210226T062831_R077_T40QGK_20210226T162504,1,2021-02,T40QGK,0.7773192255174236,1,0.7250074506564916
S2A_MSIL2A_20210226T062831_R077_T40QGK_20210226T162504_0001.jpg,S2A_MSIL2A_20210226T062831_R077_T40QGK_20210226T162504,1,2021-02,T40QGK,0.7773192255174236,1,0.7250074506564916
S2B_MSIL2A_20210313T062639_R077_T40QGK_20210314T064921_0000.jpg,S2B_MSIL2A_20210313T062639_R077_T40QGK_20210314T064921,0,2021-03,T40QGK,0.5528667015472937,0,0.7250074506564916
S2B_MSIL2A_20210313T062639_R077_T40QGK_20210314T064921_0001.jpg,S2B_MSIL2A_20210313T062639_R077_T40QGK_20210314T064921,0,2021-03,T40QGK,0.5528667015472937,0,0.7250074506564916
S2A_MSIL2A_20210318T062631_R077_T40QGK_20210318T231249_0000.jpg,S2A_MSIL2A_20210318T062631_R077_T40QGK_20210318T231249,0,2021-03,T40QGK,0.012967779367457962,0,0.7250074506564916
S2A_MSIL2A_20210318T062631_R077_T40QGK_20210318T231249_0001.jpg,S2A_MSIL2A_20210318T062631_R077_T40QGK_20210318T231249,0,2021-03,T40QGK,0.012967779367457962,0,0.7250074506564916
S2B_MSIL2A_20210402T062629_R077_T40QGK_20210402T224431_0000.jpg,S2B_MSIL2A_20210402T062629_R077_T40QGK_20210402T224431,1,2021-04,T40QGK,0.8427096580333399,1,0.7250074506564916
S2B_MSIL2A_20210402T062629_R077_T40QGK_20210402T224431_0001.jpg,S2B_MSIL2A_20210402T062629_R077_T40QGK_20210402T224431,1,2021-04,T40QGK,0.8427096580333399,1,0.7250074506564916
S2B_MSIL2A_20210422T062619_R077_T40QGK_20210422T190539_0000.jpg,S2B_MSIL2A_20210422T062619_R077_T40QGK_20210422T190539,0,2021-04,T40QGK,0.053637297881005803,0,0.7250074506564916
S2B_MSIL2A_20210422T062619_R077_T40QGK_20210422T190539_0001.jpg,S2B_MSIL2A_20210422T062619_R077_T40QGK_20210422T190539,0,2021-04,T40QGK,0.053637297881005803,0,0.7250074506564916
S2B_MSIL2A_20210502T062629_R077_T40QGK_20210502T213651_0000.jpg,S2B_MSIL2A_20210502T062629_R077_T40QGK_20210502T213651,0,2021-05,T40QGK,0.006405805751810746,0,0.7250074506564916
S2B_MSIL2A_20210502T062629_R077_T40QGK_20210502T213651_0001.jpg,S2B_MSIL2A_20210502T062629_R077_T40QGK_20210502T213651,0,2021-05,T40QGK,0.006405805751810746,0,0.7250074506564916
S2A_MSIL2A_20210517T062631_R077_T40QGK_20210518T213035_0000.jpg,S2A_MSIL2A_20210517T062631_R077_T40QGK_20210518T213035,0,2021-05,T40QGK,0.028734496612035774,0,0.7250074506564916
S2A_MSIL2A_20210517T062631_R077_T40QGK_20210518T213035_0001.jpg,S2A_MSIL2A_20210517T062631_R077_T40QGK_20210518T213035,0,2021-05,T40QGK,0.028734496612035774,0,0.7250074506564916
S2A_MSIL2A_20210527T062631_R077_T40QGK_20210527T191240_0000.jpg,S2A_MSIL2A_20210527T062631_R077_T40QGK_20210527T191240,0,2021-05,T40QGK,0.10744507002260134,0,0.7250074506564916
S2A_MSIL2A_20210527T062631_R077_T40QGK_20210527T191240_0001.jpg,S2A_MSIL2A_20210527T062631_R077_T40QGK_20210527T191240,0,2021-05,T40QGK,0.10744507002260134,0,0.7250074506564916
S2B_MSIL2A_20210601T062629_R077_T40QGK_20210601T190244_0000.jpg,S2B_MSIL2A_20210601T062629_R077_T40QGK_20210601T190244,0,2021-06,T40QGK,0.017755056399406274,0,0.7250074506564916
S2B_MSIL2A_20210601T062629_R077_T40QGK_20210601T190244_0001.jpg,S2B_MSIL2A_20210601T062629_R077_T40QGK_20210601T190244,0,2021-06,T40QGK,0.017755056399406274,0,0.7250074506564916
S2A_MSIL2A_20210616T062631_R077_T40QGK_20210616T222753_0000.jpg,S2A_MSIL2A_20210616T062631_R077_T40QGK_20210616T222753,0,2021-06,T40QGK,0.11815559200966068,0,0.7250074506564916
S2A_MSIL2A_20210616T062631_R077_T40QGK_20210616T222753_0001.jpg,S2A_MSIL2A_20210616T062631_R077_T40QGK_20210616T222753,0,2021-06,T40QGK,0.11815559200966068,0,0.7250074506564916
S2B_MSIL2A_20210621T062629_R077_T40QGK_20210624T120835_0000.jpg,S2B_MSIL2A_20210621T062629_R077_T40QGK_20210624T120835,0,2021-06,T40QGK,0.007562739262944731,0,0.7250074506564916
S2B_MSIL2A_20210621T062629_R077_T40QGK_20210624T120835_0001.jpg,S2B_MSIL2A_20210621T062629_R077_T40QGK_20210624T120835,0,2021-06,T40QGK,0.007562739262944731,0,0.7250074506564916
S2A_MSIL2A_20210626T062631_R077_T40QGK_20210626T144013_0000.jpg,S2A_MSIL2A_20210626T062631_R077_T40QGK_20210626T144013,0,2021-06,T40QGK,0.10221033255804989,0,0.7250074506564916
S2A_MSIL2A_20210626T062631_R077_T40QGK_20210626T144013_0001.jpg,S2A_MSIL2A_20210626T062631_R077_T40QGK_20210626T144013,0,2021-06,T40QGK,0.10221033255804989,0,0.7250074506564916
S2B_MSIL2A_20210701T062629_R077_T40QGK_20210701T193055_0000.jpg,S2B_MSIL2A_20210701T062629_R077_T40QGK_20210701T193055,0,2021-07,T40QGK,0.008196168683292187,0,0.7250074506564916
S2B_MSIL2A_20210701T062629_R077_T40QGK_20210701T193055_0001.jpg,S2B_MSIL2A_20210701T062629_R077_T40QGK_20210701T193055,0,2021-07,T40QGK,0.008196168683292187,0,0.7250074506564916
S2B_MSIL2A_20210711T062629_R077_T40QGK_20210711T172322_0000.jpg,S2B_MSIL2A_20210711T062629_R077_T40QGK_20210711T172322,0,2021-07,T40QGK,0.15927351279295845,0,0.7250074506564916
S2B_MSIL2A_20210711T062629_R077_T40QGK_20210711T172322_0001.jpg,S2B_MSIL2A_20210711T062629_R077_T40QGK_20210711T172322,0,2021-07,T40QGK,0.15927351279295845,0,0.7250074506564916
S2B_MSIL2A_20210721T062629_R077_T40QGK_20210723T003013_0000.jpg,S2B_MSIL2A_20210721T062629_R077_T40QGK_20210723T003013,0,2021-07,T40QGK,0.042973954928585086,0,0.7250074506564916
S2B_MSIL2A_20210721T062629_R077_T40QGK_20210723T003013_0001.jpg,S2B_MSIL2A_20210721T062629_R077_T40QGK_20210723T003013,0,2021-07,T40QGK,0.042973954928585086,0,0.7250074506564916
S2B_MSIL2A_20210731T062629_R077_T40QGK_20210731T195630_0000.jpg,S2B_MSIL2A_20210731T062629_R077_T40QGK_20210731T195630,0,2021-07,T40QGK,0.09542496245155997,0,0.7250074506564916
S2B_MSIL2A_20210731T062629_R077_T40QGK_20210731T195630_0001.jpg,S2B_MSIL2A_20210731T062629_R077_T40QGK_20210731T195630,0,2021-07,T40QGK,0.09542496245155997,0,0.7250074506564916
S2A_MSIL2A_20210805T062631_R077_T40QGK_20210805T143708_0000.jpg,S2A_MSIL2A_20210805T062631_R077_T40QGK_20210805T143708,0,2021-08,T40QGK,0.056426683440058634,0,0.7250074506564916
S2A_MSIL2A_20210805T062631_R077_T40QGK_20210805T143708_0001.jpg,S2A_MSIL2A_20210805T062631_R077_T40QGK_20210805T143708,0,2021-08,T40QGK,0.056426683440058634,0,0.7250074506564916
S2A_MSIL2A_20210815T062631_R077_T40QGK_20210815T134405_0000.jpg,S2A_MSIL2A_20210815T062631_R077_T40QGK_20210815T134405,0,2021-08,T40QGK,0.11714271174950217,0,0.7250074506564916
S2A_MSIL2A_20210815T062631_R077_T40QGK_20210815T134405_0001.jpg,S2A_MSIL2A_20210815T062631_R077_T40QGK_20210815T134405,0,2021-08,T40QGK,0.11714271174950217,0,0.7250074506564916
S2B_MSIL2A_20210820T062629_R077_T40QGK_20210820T145759_0000.jpg,S2B_MSIL2A_20210820T062629_R077_T40QGK_20210820T145759,0,2021-08,T40QGK,0.07645191608171137,0,0.7250074506564916
S2B_MSIL2A_20210820T062629_R077_T40QGK_20210820T145759_0001.jpg,S2B_MSIL2A_20210820T062629_R077_T40QGK_20210820T145759,0,2021-08,T40QGK,0.07645191608171137,0,0.7250074506564916
S2A_MSIL2A_20210914T062631_R077_T40QGK_20210914T200235_0000.jpg,S2A_MSIL2A_20210914T062631_R077_T40QGK_20210914T200235,0,2021-09,T40QGK,0.11741388309598653,0,0.7250074506564916
S2A_MSIL2A_20210914T062631_R077_T40QGK_20210914T200235_0001.jpg,S2A_MSIL2A_20210914T062631_R077_T40QGK_20210914T200235,0,2021-09,T40QGK,0.11741388309598653,0,0.7250074506564916
S2B_MSIL2A_20210919T062629_R077_T40QGK_20210919T182836_0000.jpg,S2B_MSIL2A_20210919T062629_R077_T40QGK_20210919T182836,0,2021-09,T40QGK,0.10800173232056855,0,0.7250074506564916
S2B_MSIL2A_20210919T062629_R077_T40QGK_20210919T182836_0001.jpg,S2B_MSIL2A_20210919T062629_R077_T40QGK_20210919T182836,0,2021-09,T40QGK,0.10800173232056855,0,0.7250074506564916
S2A_MSIL2A_20211004T062721_R077_T40QGK_20211004T155328_0000.jpg,S2A_MSIL2A_20211004T062721_R077_T40QGK_20211004T155328,1,2021-10,T40QGK,0.8717749424601061,1,0.7250074506564916
S2A_MSIL2A_20211004T062721_R077_T40QGK_20211004T155328_0001.jpg,S2A_MSIL2A_20211004T062721_R077_T40QGK_20211004T155328,1,2021-10,T40QGK,0.8717749424601061,1,0.7250074506564916
S2B_MSIL2A_20211009T062749_R077_T40QGK_20211009T200850_0000.jpg,S2B_MSIL2A_20211009T062749_R077_T40QGK_20211009T200850,0,2021-10,T40QGK,0.0736732450301089,0,0.7250074506564916
S2B_MSIL2A_20211009T062749_R077_T40QGK_20211009T200850_0001.jpg,S2B_MSIL2A_20211009T062749_R077_T40QGK_20211009T200850,0,2021-10,T40QGK,0.0736732450301089,0,0.7250074506564916
S2B_MSIL2A_20211019T062859_R077_T40QGK_20211020T000801_0000.jpg,S2B_MSIL2A_20211019T062859_R077_T40QGK_20211020T000801,0,2021-10,T40QGK,0.011392176563374769,0,0.7250074506564916
S2B_MSIL2A_20211019T062859_R077_T40QGK_20211020T000801_0001.jpg,S2B_MSIL2A_20211019T062859_R077_T40QGK_20211020T000801,0,2021-10,T40QGK,0.011392176563374769,0,0.7250074506564916
S2B_MSIL2A_20211029T062959_R077_T40QGK_20211029T203652_0000.jpg,S2B_MSIL2A_20211029T062959_R077_T40QGK_20211029T203652,0,2021-10,T40QGK,0.025322689723939352,0,0.7250074506564916
S2B_MSIL2A_20211029T062959_R077_T40QGK_20211029T203652_0001.jpg,S2B_MSIL2A_20211029T062959_R077_T40QGK_20211029T203652,0,2021-10,T40QGK,0.025322689723939352,0,0.7250074506564916
S2A_MSIL2A_20211103T063031_R077_T40QGK_20211104T130056_0000.jpg,S2A_MSIL2A_20211103T063031_R077_T40QGK_20211104T130056,1,2021-11,T40QGK,0.38546277263493794,0,0.7250074506564916
S2A_MSIL2A_20211103T063031_R077_T40QGK_20211104T130056_0001.jpg,S2A_MSIL2A_20211103T063031_R077_T40QGK_20211104T130056,1,2021-11,T40QGK,0.38546277263493794,0,0.7250074506564916
S2A_MSIL2A_20211113T063121_R077_T40QGK_20211113T150353_0000.jpg,S2A_MSIL2A_20211113T063121_R077_T40QGK_20211113T150353,0,2021-11,T40QGK,0.1328752896184737,0,0.7250074506564916
S2A_MSIL2A_20211113T063121_R077_T40QGK_20211113T150353_0001.jpg,S2A_MSIL2A_20211113T063121_R077_T40QGK_20211113T150353,0,2021-11,T40QGK,0.1328752896184737,0,0.7250074506564916
S2B_MSIL2A_20211118T063139_R077_T40QGK_20211118T164138_0000.jpg,S2B_MSIL2A_20211118T063139_R077_T40QGK_20211118T164138,0,2021-11,T40QGK,0.11511501458610816,0,0.7250074506564916
S2B_MSIL2A_20211118T063139_R077_T40QGK_20211118T164138_0001.jpg,S2B_MSIL2A_20211118T063139_R077_T40QGK_20211118T164138,0,2021-11,T40QGK,0.11511501458610816,0,0.7250074506564916
S2A_MSIL2A_20211203T063231_R077_T40QGK_20230130T040034_0000.jpg,S2A_MSIL2A_20211203T063231_R077_T40QGK_20230130T040034,0,2021-12,T40QGK,0.04236639461935355,0,0.7250074506564916
S2A_MSIL2A_20211203T063231_R077_T40QGK_20230130T040034_0001.jpg,S2A_MSIL2A_20211203T063231_R077_T40QGK_20230130T040034,0,2021-12,T40QGK,0.04236639461935355,0,0.7250074506564916
S2A_MSIL2A_20211213T063251_R077_T40QGK_20211213T211840_0000.jpg,S2A_MSIL2A_20211213T063251_R077_T40QGK_20211213T211840,1,2021-12,T40QGK,0.9796437427663592,1,0.7250074506564916
S2A_MSIL2A_20211213T063251_R077_T40QGK_20211213T211840_0001.jpg,S2A_MSIL2A_20211213T063251_R077_T40QGK_20211213T211840,1,2021-12,T40QGK,0.9796437427663592,1,0.7250074506564916
S2A_MSIL2A_20211223T063301_R077_T40QGK_20230128T110121_0000.jpg,S2A_MSIL2A_20211223T063301_R077_T40QGK_20230128T110121,1,2021-12,T40QGK,0.9137366959818211,1,0.7250074506564916
S2A_MSIL2A_20211223T063301_R077_T40QGK_20230128T110121_0001.jpg,S2A_MSIL2A_20211223T063301_R077_T40QGK_20230128T110121,1,2021-12,T40QGK,0.9137366959818211,1,0.7250074506564916
S2B_MSIL2A_20211228T063249_R077_T40QGK_20211228T131817_0000.jpg,S2B_MSIL2A_20211228T063249_R077_T40QGK_20211228T131817,1,2021-12,T40QGK,0.8541768219906756,1,0.7250074506564916
S2B_MSIL2A_20211228T063249_R077_T40QGK_20211228T131817_0001.jpg,S2B_MSIL2A_20211228T063249_R077_T40QGK_20211228T131817,1,2021-12,T40QGK,0.8541768219906756,1,0.7250074506564916
S2B_MSIL2A_20220107T063239_R077_T40QGK_20220107T122412_0000.jpg,S2B_MSIL2A_20220107T063239_R077_T40QGK_20220107T122412,0,2022-01,T40QGK,0.030788630213156504,0,0.7250074506564916
S2B_MSIL2A_20220107T063239_R077_T40QGK_20220107T122412_0001.jpg,S2B_MSIL2A_20220107T063239_R077_T40QGK_20220107T122412,0,2022-01,T40QGK,0.030788630213156504,0,0.7250074506564916
S2A_MSIL2A_20220112T063231_R077_T40QGK_20220113T012748_0000.jpg,S2A_MSIL2A_20220112T063231_R077_T40QGK_20220113T012748,1,2022-01,T40QGK,0.6527334313214742,0,0.7250074506564916
S2A_MSIL2A_20220112T063231_R077_T40QGK_20220113T012748_0001.jpg,S2A_MSIL2A_20220112T063231_R077_T40QGK_20220113T012748,1,2022-01,T40QGK,0.6527334313214742,0,0.7250074506564916
S2B_MSIL2A_20220117T063209_R077_T40QGK_20220117T195206_0000.jpg,S2B_MSIL2A_20220117T063209_R077_T40QGK_20220117T195206,1,2022-01,T40QGK,0.9733672235387429,1,0.7250074506564916
S2B_MSIL2A_20220117T063209_R077_T40QGK_20220117T195206_0001.jpg,S2B_MSIL2A_20220117T063209_R077_T40QGK_20220117T195206,1,2022-01,T40QGK,0.9733672235387429,1,0.7250074506564916
S2B_MSIL2A_20220127T063129_R077_T40QGK_20220212T112349_0000.jpg,S2B_MSIL2A_20220127T063129_R077_T40QGK_20220212T112349,0,2022-01,T40QGK,0.01056983810597655,0,0.7250074506564916
S2B_MSIL2A_20220127T063129_R077_T40QGK_20220212T112349_0001.jpg,S2B_MSIL2A_20220127T063129_R077_T40QGK_20220212T112349,0,2022-01,T40QGK,0.01056983810597655,0,0.7250074506564916
S2B_MSIL2A_20220206T063029_R077_T40QGK_20220219T105412_0000.jpg,S2B_MSIL2A_20220206T063029_R077_T40QGK_20220219T105412,0,2022-02,T40QGK,0.19066633142594192,0,0.7250074506564916
S2B_MSIL2A_20220206T063029_R077_T40QGK_20220219T105412_0001.jpg,S2B_MSIL2A_20220206T063029_R077_T40QGK_20220219T105412,0,2022-02,T40QGK,0.19066633142594192,0,0.7250074506564916
S2B_MSIL2A_20220226T062819_R077_T40QGK_20220302T062015_0000.jpg,S2B_MSIL2A_20220226T062819_R077_T40QGK_20220302T062015,0,2022-02,T40QGK,0.03236436070424045,0,0.7250074506564916
S2B_MSIL2A_20220226T062819_R077_T40QGK_20220302T062015_0001.jpg,S2B_MSIL2A_20220226T062819_R077_T40QGK_20220302T062015,0,2022-02,T40QGK,0.03236436070424045,0,0.7250074506564916
S2A_MSIL2A_20220303T062751_R077_T40QGK_20220304T140237_0000.jpg,S2A_MSIL2A_20220303T062751_R077_T40QGK_20220304T140237,1,2022-03,T40QGK,0.8532618176276459,1,0.7250074506564916
S2A_MSIL2A_20220303T062751_R077_T40QGK_20220304T140237_0001.jpg,S2A_MSIL2A_20220303T062751_R077_T40QGK_20220304T140237,1,2022-03,T40QGK,0.8532618176276459,1,0.7250074506564916
S2A_MSIL2A_20220313T062641_R077_T40QGK_20240525T152622_0000.jpg,S2A_MSIL2A_20220313T062641_R077_T40QGK_20240525T152622,1,2022-03,T40QGK,0.5815741548622141,0,0.7250074506564916
S2A_MSIL2A_20220313T062641_R077_T40QGK_20240525T152622_0001.jpg,S2A_MSIL2A_20220313T062641_R077_T40QGK_20240525T152622,1,2022-03,T40QGK,0.5815741548622141,0,0.7250074506564916
S2B_MSIL2A_20220328T062629_R077_T40QGK_20220328T185029_0000.jpg,S2B_MSIL2A_20220328T062629_R077_T40QGK_20220328T185029,0,2022-03,T40QGK,0.019838893552264987,0,0.7250074506564916
S2B_MSIL2A_20220328T062629_R077_T40QGK_20220328T185029_0001.jpg,S2B_MSIL2A_20220328T062629_R077_T40QGK_20220328T185029,0,2022-03,T40QGK,0.019838893552264987,0,0.7250074506564916
S2A_MSIL2A_20220402T062631_R077_T40QGK_20240609T044721_0000.jpg,S2A_MSIL2A_20220402T062631_R077_T40QGK_20240609T044721,0,2022-04,T40QGK,0.011352864096366367,0,0.7250074506564916
S2A_MSIL2A_20220402T062631_R077_T40QGK_20240609T044721_0001.jpg,S2A_MSIL2A_20220402T062631_R077_T40QGK_20240609T044721,0,2022-04,T40QGK,0.011352864096366367,0,0.7250074506564916
S2B_MSIL2A_20220417T062629_R077_T40QGK_20220417T140325_0000.jpg,S2B_MSIL2A_20220417T062629_R077_T40QGK_20220417T140325,1,2022-04,T40QGK,0.25333594079834276,0,0.7250074506564916
S2B_MSIL2A_20220417T062629_R077_T40QGK_20220417T140325_0001.jpg,S2B_MSIL2A_20220417T062629_R077_T40QGK_20220417T140325,1,2022-04,T40QGK,0.25333594079834276,0,0.7250074506564916
S2A_MSIL2A_20220502T062631_R077_T40QGK_20220502T230154_0000.jpg,S2A_MSIL2A_20220502T062631_R077_T40QGK_20220502T230154,0,2022-05,T40QGK,0.021753190327457463,0,0.7250074506564916
S2A_MSIL2A_20220502T062631_R077_T40QGK_20220502T230154_0001.jpg,S2A_MSIL2A_20220502T062631_R077_T40QGK_20220502T230154,0,2022-05,T40QGK,0.021753190327457463,0,0.7250074506564916
S2A_MSIL2A_20220512T062631_R077_T40QGK_20220514T060801_0000.jpg,S2A_MSIL2A_20220512T062631_R077_T40QGK_20220514T060801,0,2022-05,T40QGK,0.005424538127947786,0,0.7250074506564916
S2A_MSIL2A_20220512T062631_R077_T40QGK_20220514T060801_0001.jpg,S2A_MSIL2A_20220512T062631_R077_T40QGK_20220514T060801,0,2022-05,T40QGK,0.005424538127947786,0,0.7250074506564916
S2B_MSIL2A_20220527T062629_R077_T40QGK_20220528T051022_0000.jpg,S2B_MSIL2A_20220527T062629_R077_T40QGK_20220528T051022,1,2022-05,T40QGK,0.9821139039449719,1,0.7250074506564916
S2B_MSIL2A_20220527T062629_R077_T40QGK_20220528T051022_0001.jpg,S2B_MSIL2A_20220527T062629_R077_T40QGK_20220528T051022,1,2022-05,T40QGK,0.9821139039449719,1,0.7250074506564916
S2A_MSIL2A_20220601T062641_R077_T40QGK_20220602T051804_0000.jpg,S2A_MSIL2A_20220601T062641_R077_T40QGK_20220602T051804,1,2022-06,T40QGK,0.9531902701314758,1,0.7250074506564916
S2A_MSIL2A_20220601T062641_R077_T40QGK_20220602T051804_0001.jpg,S2A_MSIL2A_20220601T062641_R077_T40QGK_20220602T051804,1,2022-06,T40QGK,0.9531902701314758,1,0.7250074506564916
S2A_MSIL2A_20220611T062641_R077_T40QGK_20220612T023248_0000.jpg,S2A_MSIL2A_20220611T062641_R077_T40QGK_20220612T023248,0,2022-06,T40QGK,0.12757069606816115,0,0.7250074506564916
S2A_MSIL2A_20220611T062641_R077_T40QGK_20220612T023248_0001.jpg,S2A_MSIL2A_20220611T062641_R077_T40QGK_20220612T023248,0,2022-06,T40QGK,0.12757069606816115,0,0.7250074506564916
S2A_MSIL2A_20220621T062641_R077_T40QGK_20220622T025525_0000.jpg,S2A_MSIL2A_20220621T062641_R077_T40QGK_20220622T025525,0,2022-06,T40QGK,0.02707427815832363,0,0.7250074506564916
S2A_MSIL2A_20220621T062641_R077_T40QGK_20220622T025525_0001.jpg,S2A_MSIL2A_20220621T062641_R077_T40QGK_20220622T025525,0,2022-06,T40QGK,0.02707427815832363,0,0.7250074506564916
S2B_MSIL2A_20220626T062639_R077_T40QGK_20220626T162345_0000.jpg,S2B_MSIL2A_20220626T062639_R077_T40QGK_20220626T162345,0,2022-06,T40QGK,0.18971732359904056,0,0.7250074506564916
S2B_MSIL2A_20220626T062639_R077_T40QGK_20220626T162345_0001.jpg,S2B_MSIL2A_20220626T062639_R077_T40QGK_20220626T162345,0,2022-06,T40QGK,0.18971732359904056,0,0.7250074506564916
S2A_MSIL2A_20220701T062641_R077_T40QGK_20220701T200951_0000.jpg,S2A_MSIL2A_20220701T062641_R077_T40QGK_20220701T200951,1,2022-07,T40QGK,0.8793548256606701,1,0.7250074506564916
S2A_MSIL2A_20220701T062641_R077_T40QGK_20220701T200951_0001.jpg,S2A_MSIL2A_20220701T062641_R077_T40QGK_20220701T200951,1,2022-07,T40QGK,0.8793548256606701,1,0.7250074506564916
S2A_MSIL2A_20220731T062641_R077_T40QGK_20220801T041951_0000.jpg,S2A_MSIL2A_20220731T062641_R077_T40QGK_20220801T041951,0,2022-07,T40QGK,0.38520645694868216,0,0.7250074506564916
S2A_MSIL2A_20220731T062641_R077_T40QGK_20220801T041951_0001.jpg,S2A_MSIL2A_20220731T062641_R077_T40QGK_20220801T041951,0,2022-07,T40QGK,0.38520645694868216,0,0.7250074506564916
S2A_MSIL2A_20220830T062641_R077_T40QGK_20220831T145107_0000.jpg,S2A_MSIL2A_20220830T062641_R077_T40QGK_20220831T145107,0,2022-08,T40QGK,0.09826084709670109,0,0.7250074506564916
S2A_MSIL2A_20220830T062641_R077_T40QGK_20220831T145107_0001.jpg,S2A_MSIL2A_20220830T062641_R077_T40QGK_20220831T145107,0,2022-08,T40QGK,0.09826084709670109,0,0.7250074506564916
S2A_MSIL2A_20220909T062641_R077_T40QGK_20220909T163949_0000.jpg,S2A_MSIL2A_20220909T062641_R077_T40QGK_20220909T163949,0,2022-09,T40QGK,0.043839742139847586,0,0.7250074506564916
S2A_MSIL2A_20220909T062641_R077_T40QGK_20220909T163949_0001.jpg,S2A_MSIL2A_20220909T062641_R077_T40QGK_20220909T163949,0,2022-09,T40QGK,0.043839742139847586,0,0.7250074506564916
S2A_MSIL2A_20220919T062641_R077_T40QGK_20220919T211446_0000.jpg,S2A_MSIL2A_20220919T062641_R077_T40QGK_20220919T211446,1,2022-09,T40QGK,0.9769353742580346,1,0.7250074506564916
S2A_MSIL2A_20220919T062641_R077_T40QGK_20220919T211446_0001.jpg,S2A_MSIL2A_20220919T062641_R077_T40QGK_20220919T211446,1,2022-09,T40QGK,0.9769353742580346,1,0.7250074506564916
S2A_MSIL2A_20220929T062651_R077_T40QGK_20220929T210906_0000.jpg,S2A_MSIL2A_20220929T062651_R077_T40QGK_20220929T210906,0,2022-09,T40QGK,0.00725193580225892,0,0.7250074506564916
S2A_MSIL2A_20220929T062651_R077_T40QGK_20220929T210906_0001.jpg,S2A_MSIL2A_20220929T062651_R077_T40QGK_20220929T210906,0,2022-09,T40QGK,0.00725193580225892,0,0.7250074506564916
S2B_MSIL2A_20221004T062709_R077_T40QGK_20221004T200307_0000.jpg,S2B_MSIL2A_20221004T062709_R077_T40QGK_20221004T200307,0,2022-10,T40QGK,0.25802049984223263,0,0.7250074506564916
S2B_MSIL2A_20221004T062709_R077_T40QGK_20221004T200307_0001.jpg,S2B_MSIL2A_20221004T062709_R077_T40QGK_20221004T200307,0,2022-10,T40QGK,0.25802049984223263,0,0.7250074506564916
S2A_MSIL2A_20221009T062751_R077_T40QGK_20221009T145255_0000.jpg,S2A_MSIL2A_20221009T062751_R077_T40QGK_20221009T145255,0,2022-10,T40QGK,0.2695684628101236,0,0.7250074506564916
S2A_MSIL2A_20221009T062751_R077_T40QGK_20221009T145255_0001.jpg,S2A_MSIL2A_20221009T062751_R077_T40QGK_20221009T145255,0,2022-10,T40QGK,0.2695684628101236,0,0.7250074506564916
S2B_MSIL2A_20221024T062929_R077_T40QGK_20221024T210406_0000.jpg,S2B_MSIL2A_20221024T062929_R077_T40QGK_20221024T210406,0,2022-10,T40QGK,0.01636846261558879,0,0.7250074506564916
S2B_MSIL2A_20221024T062929_R077_T40QGK_20221024T210406_0001.jpg,S2B_MSIL2A_20221024T062929_R077_T40QGK_20221024T210406,0,2022-10,T40QGK,0.01636846261558879,0,0.7250074506564916
S2A_MSIL2A_20221029T063001_R077_T40QGK_20240716T225017_0000.jpg,S2A_MSIL2A_20221029T063001_R077_T40QGK_20240716T225017,0,2022-10,T40QGK,0.0178408022641388,0,0.7250074506564916
S2A_MSIL2A_20221029T063001_R077_T40QGK_20240716T225017_0001.jpg,S2A_MSIL2A_20221029T063001_R077_T40QGK_20240716T225017,0,2022-10,T40QGK,0.0178408022641388,0,0.7250074506564916
S2B_MSIL2A_20221103T063029_R077_T40QGK_20221103T205733_0000.jpg,S2B_MSIL2A_20221103T063029_R077_T40QGK_20221103T205733,0,2022-11,T40QGK,0.15327152023794013,0,0.7250074506564916
S2B_MSIL2A_20221103T063029_R077_T40QGK_20221103T205733_0001.jpg,S2B_MSIL2A_20221103T063029_R077_T40QGK_20221103T205733,0,2022-11,T40QGK,0.15327152023794013,0,0.7250074506564916
S2A_MSIL2A_20221118T063141_R077_T40QGK_20240804T234922_0000.jpg,S2A_MSIL2A_20221118T063141_R077_T40QGK_20240804T234922,0,2022-11,T40QGK,0.14668874190778106,0,0.7250074506564916
S2A_MSIL2A_20221118T063141_R077_T40QGK_20240804T234922_0001.jpg,S2A_MSIL2A_20221118T063141_R077_T40QGK_20240804T234922,0,2022-11,T40QGK,0.14668874190778106,0,0.7250074506564916
S2A_MSIL2A_20221208T063251_R077_T40QGK_20221209T034448_0000.jpg,S2A_MSIL2A_20221208T063251_R077_T40QGK_20221209T034448,0,2022-12,T40QGK,0.056295267702603555,0,0.7250074506564916
S2A_MSIL2A_20221208T063251_R077_T40QGK_20221209T034448_0001.jpg,S2A_MSIL2A_20221208T063251_R077_T40QGK_20221209T034448,0,2022-12,T40QGK,0.056295267702603555,0,0.7250074506564916
S2A_MSIL2A_20221218T063301_R077_T40QGK_20221218T233324_0000.jpg,S2A_MSIL2A_20221218T063301_R077_T40QGK_20221218T233324,1,2022-12,T40QGK,0.8406449087359765,1,0.7250074506564916
S2A_MSIL2A_20221218T063301_R077_T40QGK_20221218T233324_0001.jpg,S2A_MSIL2A_20221218T063301_R077_T40QGK_20221218T233324,1,2022-12,T40QGK,0.8406449087359765,1,0.7250074506564916
S2A_MSIL2A_20221228T063301_R077_T40QGK_20221229T163021_0000.jpg,S2A_MSIL2A_20221228T063301_R077_T40QGK_20221229T163021,1,2022-12,T40QGK,0.9016465347836501,1,0.7250074506564916
S2A_MSIL2A_20221228T063301_R077_T40QGK_20221229T163021_0001.jpg,S2A_MSIL2A_20221228T063301_R077_T40QGK_20221229T163021,1,2022-12,T40QGK,0.9016465347836501,1,0.7250074506564916
S2A_MSIL2A_20230107T063241_R077_T40QGK_20230107T193733_0000.jpg,S2A_MSIL2A_20230107T063241_R077_T40QGK_20230107T193733,0,2023-01,T40QGK,0.39922765612634875,0,0.7250074506564916
S2A_MSIL2A_20230107T063241_R077_T40QGK_20230107T193733_0001.jpg,S2A_MSIL2A_20230107T063241_R077_T40QGK_20230107T193733,0,2023-01,T40QGK,0.39922765612634875,0,0.7250074506564916
S2A_MSIL2A_20230206T063041_R077_T40QGK_20230206T214153_0000.jpg,S2A_MSIL2A_20230206T063041_R077_T40QGK_20230206T214153,1,2023-02,T40QGK,0.920152509880588,1,0.7250074506564916
S2A_MSIL2A_20230206T063041_R077_T40QGK_20230206T214153_0001.jpg,S2A_MSIL2A_20230206T063041_R077_T40QGK_20230206T214153,1,2023-02,T40QGK,0.920152509880588,1,0.7250074506564916
S2B_MSIL2A_20230211T063009_R077_T40QGK_20240814T000313_0000.jpg,S2B_MSIL2A_20230211T063009_R077_T40QGK_20240814T000313,0,2023-02,T40QGK,0.3355854314150901,0,0.7250074506564916
S2B_MSIL2A_20230211T063009_R077_T40QGK_20240814T000313_0001.jpg,S2B_MSIL2A_20230211T063009_R077_T40QGK_20240814T000313,0,2023-02,T40QGK,0.3355854314150901,0,0.7250074506564916
S2A_MSIL2A_20230226T062831_R077_T40QGK_20240801T080827_0000.jpg,S2A_MSIL2A_20230226T062831_R077_T40QGK_20240801T080827,0,2023-02,T40QGK,0.013094155128996018,0,0.7250074506564916
S2A_MSIL2A_20230226T062831_R077_T40QGK_20240801T080827_0001.jpg,S2A_MSIL2A_20230226T062831_R077_T40QGK_20240801T080827,0,2023-02,T40QGK,0.013094155128996018,0,0.7250074506564916
S2A_MSIL2A_20230308T062711_R077_T40QGK_20240806T105147_0000.jpg,S2A_MSIL2A_20230308T062711_R077_T40QGK_20240806T105147,0,2023-03,T40QGK,0.08703400907955398,0,0.7250074506564916
S2A_MSIL2A_20230308T062711_R077_T40QGK_20240806T105147_0001.jpg,S2A_MSIL2A_20230308T062711_R077_T40QGK_20240806T105147,0,2023-03,T40QGK,0.08703400907955398,0,0.7250074506564916
S2A_MSIL2A_20230318T062631_R077_T40QGK_20240823T221610_0000.jpg,S2A_MSIL2A_20230318T062631_R077_T40QGK_20240823T221610,0,2023-03,T40QGK,0.15021136311925037,0,0.7250074506564916
S2A_MSIL2A_20230318T062631_R077_T40QGK_20240823T221610_0001.jpg,S2A_MSIL2A_20230318T062631_R077_T40QGK_20240823T221610,0,2023-03,T40QGK,0.15021136311925037,0,0.7250074506564916
S2A_MSIL2A_20230328T062631_R077_T40QGK_20240829T065337_0000.jpg,S2A_MSIL2A_20230328T062631_R077_T40QGK_20240829T065337,0,2023-03,T40QGK,0.025599210302518344,0,0.7250074506564916
S2A_MSIL2A_20230328T062631_R077_T40QGK_20240829T065337_0001.jpg,S2A_MSIL2A_20230328T062631_R077_T40QGK_20240829T065337,0,2023-03,T40QGK,0.025599210302518344,0,0.7250074506564916
S2A_MSIL2A_20230407T062631_R077_T40QGK_20230407T115355_0000.jpg,S2A_MSIL2A_20230407T062631_R077_T40QGK_20230407T115355,0,2023-04,T40QGK,0.05524150588112752,0,0.7250074506564916
S2A_MSIL2A_20230407T062631_R077_T40QGK_20230407T115355_0001.jpg,S2A_MSIL2A_20230407T062631_R077_T40QGK_20230407T115355,0,2023-04,T40QGK,0.05524150588112752,0,0.7250074506564916
S2A_MSIL2A_20230417T062631_R077_T40QGK_20230417T114919_0000.jpg,S2A_MSIL2A_20230417T062631_R077_T40QGK_20230417T114919,0,2023-04,T40QGK,0.43895814806373984,0,0.7250074506564916
S2A_MSIL2A_20230417T062631_R077_T40QGK_20230417T114919_0001.jpg,S2A_MSIL2A_20230417T062631_R077_T40QGK_20230417T114919,0,2023-04,T40QGK,0.43895814806373984,0,0.7250074506564916
S2A_MSIL2A_20230507T062631_R077_T40QGK_20230507T131802_0000.jpg,S2A_MSIL2A_20230507T062631_R077_T40QGK_20230507T131802,1,2023-05,T40QGK,0.3130843474341447,0,0.7250074506564916
S2A_MSIL2A_20230507T062631_R077_T40QGK_20230507T131802_0001.jpg,S2A_MSIL2A_20230507T062631_R077_T40QGK_20230507T131802,1,2023-05,T40QGK,0.3130843474341447,0,0.7250074506564916
S2A_MSIL2A_20230527T062631_R077_T40QGK_20230527T104313_0000.jpg,S2A_MSIL2A_20230527T062631_R077_T40QGK_20230527T104313,0,2023-05,T40QGK,0.025515512654980123,0,0.7250074506564916
S2A_MSIL2A_20230527T062631_R077_T40QGK_20230527T104313_0001.jpg,S2A_MSIL2A_20230527T062631_R077_T40QGK_20230527T104313,0,2023-05,T40QGK,0.025515512654980123,0,0.7250074506564916
S2B_MSIL2A_20230601T062629_R077_T40QGK_20230601T103336_0000.jpg,S2B_MSIL2A_20230601T062629_R077_T40QGK_20230601T103336,0,2023-06,T40QGK,0.023190274750735942,0,0.7250074506564916
S2B_MSIL2A_20230601T062629_R077_T40QGK_20230601T103336_0001.jpg,S2B_MSIL2A_20230601T062629_R077_T40QGK_20230601T103336,0,2023-06,T40QGK,0.023190274750735942,0,0.7250074506564916
S2A_MSIL2A_20230616T062631_R077_T40QGK_20240812T142657_0000.jpg,S2A_MSIL2A_20230616T062631_R077_T40QGK_20240812T142657,0,2023-06,T40QGK,0.019354108335531514,0,0.7250074506564916
S2A_MSIL2A_20230616T062631_R077_T40QGK_20240812T142657_0001.jpg,S2A_MSIL2A_20230616T062631_R077_T40QGK_20240812T142657,0,2023-06,T40QGK,0.019354108335531514,0,0.7250074506564916
S2B_MSIL2A_20230621T062629_R077_T40QGK_20240816T025921_0000.jpg,S2B_MSIL2A_20230621T062629_R077_T40QGK_20240816T025921,0,2023-06,T40QGK,0.22658820903345997,0,0.7250074506564916
S2B_MSIL2A_20230621T062629_R077_T40QGK_20240816T025921_0001.jpg,S2B_MSIL2A_20230621T062629_R077_T40QGK_20240816T025921,0,2023-06,T40QGK,0.22658820903345997,0,0.7250074506564916
S2B_MSIL2A_20230701T062629_R077_T40QGK_20240817T022544_0000.jpg,S2B_MSIL2A_20230701T062629_R077_T40QGK_20240817T022544,0,2023-07,T40QGK,0.019681650201629684,0,0.7250074506564916
S2B_MSIL2A_20230701T062629_R077_T40QGK_20240817T022544_0001.jpg,S2B_MSIL2A_20230701T062629_R077_T40QGK_20240817T022544,0,2023-07,T40QGK,0.019681650201629684,0,0.7250074506564916
S2B_MSIL2A_20230711T062629_R077_T40QGK_20240816T204125_0000.jpg,S2B_MSIL2A_20230711T062629_R077_T40QGK_20240816T204125,0,2023-07,T40QGK,0.27665849862774405,0,0.7250074506564916
S2B_MSIL2A_20230711T062629_R077_T40QGK_20240816T204125_0001.jpg,S2B_MSIL2A_20230711T062629_R077_T40QGK_20240816T204125,0,2023-07,T40QGK,0.27665849862774405,0,0.7250074506564916
S2B_MSIL2A_20230721T062639_R077_T40QGK_20240817T205411_0000.jpg,S2B_MSIL2A_20230721T062639_R077_T40QGK_20240817T205411,1,2023-07,T40QGK,0.990835958745877,1,0.7250074506564916
S2B_MSIL2A_20230721T062639_R077_T40QGK_20240817T205411_0001.jpg,S2B_MSIL2A_20230721T062639_R077_T40QGK_20240817T205411,1,2023-07,T40QGK,0.990835958745877,1,0.7250074506564916
S2B_MSIL2A_20230731T062629_R077_T40QGK_20230731T102630_0000.jpg,S2B_MSIL2A_20230731T062629_R077_T40QGK_20230731T102630,0,2023-07,T40QGK,0.02307738414990624,0,0.7250074506564916
S2B_MSIL2A_20230731T062629_R077_T40QGK_20230731T102630_0001.jpg,S2B_MSIL2A_20230731T062629_R077_T40QGK_20230731T102630,0,2023-07,T40QGK,0.02307738414990624,0,0.7250074506564916
S2A_MSIL2A_20230805T062631_R077_T40QGK_20230805T121850_0000.jpg,S2A_MSIL2A_20230805T062631_R077_T40QGK_20230805T121850,0,2023-08,T40QGK,0.15247486631470053,0,0.7250074506564916
S2A_MSIL2A_20230805T062631_R077_T40QGK_20230805T121850_0001.jpg,S2A_MSIL2A_20230805T062631_R077_T40QGK_20230805T121850,0,2023-08,T40QGK,0.15247486631470053,0,0.7250074506564916
S2B_MSIL2A_20230820T062629_R077_T40QGK_20230820T133537_0000.jpg,S2B_MSIL2A_20230820T062629_R077_T40QGK_20230820T133537,1,2023-08,T40QGK,0.9018270112272987,1,0.7250074506564916
S2B_MSIL2A_20230820T062629_R077_T40QGK_20230820T133537_0001.jpg,S2B_MSIL2A_20230820T062629_R077_T40QGK_20230820T133537,1,2023-08,T40QGK,0.9018270112272987,1,0.7250074506564916
S2B_MSIL2A_20230830T062629_R077_T40QGK_20230830T122220_0000.jpg,S2B_MSIL2A_20230830T062629_R077_T40QGK_20230830T122220,0,2023-08,T40QGK,0.3889140360958317,0,0.7250074506564916
S2B_MSIL2A_20230830T062629_R077_T40QGK_20230830T122220_0001.jpg,S2B_MSIL2A_20230830T062629_R077_T40QGK_20230830T122220,0,2023-08,T40QGK,0.3889140360958317,0,0.7250074506564916
S2A_MSIL2A_20230904T062631_R077_T40QGK_20230904T124318_0000.jpg,S2A_MSIL2A_20230904T062631_R077_T40QGK_20230904T124318,1,2023-09,T40QGK,0.9596937039697238,1,0.7250074506564916
S2A_MSIL2A_20230904T062631_R077_T40QGK_20230904T124318_0001.jpg,S2A_MSIL2A_20230904T062631_R077_T40QGK_20230904T124318,1,2023-09,T40QGK,0.9596937039697238,1,0.7250074506564916
S2A_MSIL2A_20230914T062631_R077_T40QGK_20240908T085709_0000.jpg,S2A_MSIL2A_20230914T062631_R077_T40QGK_20240908T085709,0,2023-09,T40QGK,0.034312711522419326,0,0.7250074506564916
S2A_MSIL2A_20230914T062631_R077_T40QGK_20240908T085709_0001.jpg,S2A_MSIL2A_20230914T062631_R077_T40QGK_20240908T085709,0,2023-09,T40QGK,0.034312711522419326,0,0.7250074506564916
S2A_MSIL2A_20230924T062631_R077_T40QGK_20230924T120828_0000.jpg,S2A_MSIL2A_20230924T062631_R077_T40QGK_20230924T120828,0,2023-09,T40QGK,0.012605244078101043,0,0.7250074506564916
S2A_MSIL2A_20230924T062631_R077_T40QGK_20230924T120828_0001.jpg,S2A_MSIL2A_20230924T062631_R077_T40QGK_20230924T120828,0,2023-09,T40QGK,0.012605244078101043,0,0.7250074506564916
S2B_MSIL2A_20230929T062639_R077_T40QGK_20230929T121635_0000.jpg,S2B_MSIL2A_20230929T062639_R077_T40QGK_20230929T121635,0,2023-09,T40QGK,0.006574931145506566,0,0.7250074506564916
S2B_MSIL2A_20230929T062639_R077_T40QGK_20230929T121635_0001.jpg,S2B_MSIL2A_20230929T062639_R077_T40QGK_20230929T121635,0,2023-09,T40QGK,0.006574931145506566,0,0.7250074506564916
S2B_MSIL2A_20231009T062749_R077_T40QGK_20231009T102946_0000.jpg,S2B_MSIL2A_20231009T062749_R077_T40QGK_20231009T102946,1,2023-10,T40QGK,0.7030364407329075,0,0.7250074506564916
S2B_MSIL2A_20231009T062749_R077_T40QGK_20231009T102946_0001.jpg,S2B_MSIL2A_20231009T062749_R077_T40QGK_20231009T102946,1,2023-10,T40QGK,0.7030364407329075,0,0.7250074506564916
S2B_MSIL2A_20231019T062859_R077_T40QGK_20231019T182435_0000.jpg,S2B_MSIL2A_20231019T062859_R077_T40QGK_20231019T182435,0,2023-10,T40QGK,0.015100131588948006,0,0.7250074506564916
S2B_MSIL2A_20231019T062859_R077_T40QGK_20231019T182435_0001.jpg,S2B_MSIL2A_20231019T062859_R077_T40QGK_20231019T182435,0,2023-10,T40QGK,0.015100131588948006,0,0.7250074506564916
S2B_MSIL2A_20231108T063059_R077_T40QGK_20240901T133147_0000.jpg,S2B_MSIL2A_20231108T063059_R077_T40QGK_20240901T133147,0,2023-11,T40QGK,0.29493043953877723,0,0.7250074506564916
S2B_MSIL2A_20231108T063059_R077_T40QGK_20240901T133147_0001.jpg,S2B_MSIL2A_20231108T063059_R077_T40QGK_20240901T133147,0,2023-11,T40QGK,0.29493043953877723,0,0.7250074506564916
S2A_MSIL2A_20231113T063121_R077_T40QGK_20231113T112603_0000.jpg,S2A_MSIL2A_20231113T063121_R077_T40QGK_20231113T112603,0,2023-11,T40QGK,0.10235574911718831,0,0.7250074506564916
S2A_MSIL2A_20231113T063121_R077_T40QGK_20231113T112603_0001.jpg,S2A_MSIL2A_20231113T063121_R077_T40QGK_20231113T112603,0,2023-11,T40QGK,0.10235574911718831,0,0.7250074506564916
S2A_MSIL2A_20231123T063201_R077_T40QGK_20231123T103447_0000.jpg,S2A_MSIL2A_20231123T063201_R077_T40QGK_20231123T103447,1,2023-11,T40QGK,0.9696577057067347,1,0.7250074506564916
S2A_MSIL2A_20231123T063201_R077_T40QGK_20231123T103447_0001.jpg,S2A_MSIL2A_20231123T063201_R077_T40QGK_20231123T103447,1,2023-11,T40QGK,0.9696577057067347,1,0.7250074506564916
S2B_MSIL2A_20231208T063239_R077_T40QGK_20231208T102603_0000.jpg,S2B_MSIL2A_20231208T063239_R077_T40QGK_20231208T102603,0,2023-12,T40QGK,0.19332834168452862,0,0.7250074506564916
S2B_MSIL2A_20231208T063239_R077_T40QGK_20231208T102603_0001.jpg,S2B_MSIL2A_20231208T063239_R077_T40QGK_20231208T102603,0,2023-12,T40QGK,0.19332834168452862,0,0.7250074506564916
S2A_MSIL2A_20231213T063251_R077_T40QGK_20231213T114908_0000.jpg,S2A_MSIL2A_20231213T063251_R077_T40QGK_20231213T114908,1,2023-12,T40QGK,0.8846823729064534,1,0.7250074506564916
S2A_MSIL2A_20231213T063251_R077_T40QGK_20231213T114908_0001.jpg,S2A_MSIL2A_20231213T063251_R077_T40QGK_20231213T114908,1,2023-12,T40QGK,0.8846823729064534,1,0.7250074506564916
S2A_MSIL2A_20231223T063301_R077_T40QGK_20231223T102255_0000.jpg,S2A_MSIL2A_20231223T063301_R077_T40QGK_20231223T102255,0,2023-12,T40QGK,0.022191701550117567,0,0.7250074506564916
S2A_MSIL2A_20231223T063301_R077_T40QGK_20231223T102255_0001.jpg,S2A_MSIL2A_20231223T063301_R077_T40QGK_20231223T102255,0,2023-12,T40QGK,0.022191701550117567,0,0.7250074506564916
S2B_MSIL2A_20231228T063259_R077_T40QGK_20231228T092024_0000.jpg,S2B_MSIL2A_20231228T063259_R077_T40QGK_20231228T092024,1,2023-12,T40QGK,0.815080663452731,1,0.7250074506564916
S2B_MSIL2A_20231228T063259_R077_T40QGK_20231228T092024_0001.jpg,S2B_MSIL2A_20231228T063259_R077_T40QGK_20231228T092024,1,2023-12,T40QGK,0.815080663452731,1,0.7250074506564916
S2A_MSIL2A_20240102T063251_R077_T40QGK_20240102T104541_0000.jpg,S2A_MSIL2A_20240102T063251_R077_T40QGK_20240102T104541,0,2024-01,T40QGK,0.27339484929319413,0,0.7250074506564916
S2A_MSIL2A_20240102T063251_R077_T40QGK_20240102T104541_0001.jpg,S2A_MSIL2A_20240102T063251_R077_T40QGK_20240102T104541,0,2024-01,T40QGK,0.27339484929319413,0,0.7250074506564916
S2B_MSIL2A_20240117T063219_R077_T40QGK_20240117T093150_0000.jpg,S2B_MSIL2A_20240117T063219_R077_T40QGK_20240117T093150,0,2024-01,T40QGK,0.023575011320237177,0,0.7250074506564916
S2B_MSIL2A_20240117T063219_R077_T40QGK_20240117T093150_0001.jpg,S2B_MSIL2A_20240117T063219_R077_T40QGK_20240117T093150,0,2024-01,T40QGK,0.023575011320237177,0,0.7250074506564916
S2A_MSIL2A_20240201T063101_R077_T40QGK_20240201T112116_0000.jpg,S2A_MSIL2A_20240201T063101_R077_T40QGK_20240201T112116,1,2024-02,T40QGK,0.8619676614724678,1,0.7250074506564916
S2A_MSIL2A_20240201T063101_R077_T40QGK_20240201T112116_0001.jpg,S2A_MSIL2A_20240201T063101_R077_T40QGK_20240201T112116,1,2024-02,T40QGK,0.8619676614724678,1,0.7250074506564916
S2B_MSIL2A_20240216T062939_R077_T40QGK_20240216T101620_0000.jpg,S2B_MSIL2A_20240216T062939_R077_T40QGK_20240216T101620,0,2024-02,T40QGK,0.024299257110806476,0,0.7250074506564916
S2B_MSIL2A_20240216T062939_R077_T40QGK_20240216T101620_0001.jpg,S2B_MSIL2A_20240216T062939_R077_T40QGK_20240216T101620,0,2024-02,T40QGK,0.024299257110806476,0,0.7250074506564916
S2A_MSIL2A_20240221T062901_R077_T40QGK_20240221T102237_0000.jpg,S2A_MSIL2A_20240221T062901_R077_T40QGK_20240221T102237,1,2024-02,T40QGK,0.954997694671604,1,0.7250074506564916
S2A_MSIL2A_20240221T062901_R077_T40QGK_20240221T102237_0001.jpg,S2A_MSIL2A_20240221T062901_R077_T40QGK_20240221T102237,1,2024-02,T40QGK,0.954997694671604,1,0.7250074506564916
S2A_MSIL2A_20240302T062801_R077_T40QGK_20240302T111946_0000.jpg,S2A_MSIL2A_20240302T062801_R077_T40QGK_20240302T111946,1,2024-03,T40QGK,0.9224353137833228,1,0.7250074506564916
S2A_MSIL2A_20240302T062801_R077_T40QGK_20240302T111946_0001.jpg,S2A_MSIL2A_20240302T062801_R077_T40QGK_20240302T111946,1,2024-03,T40QGK,0.9224353137833228,1,0.7250074506564916
S2A_MSIL2A_20240312T062651_R077_T40QGK_20240313T153847_0000.jpg,S2A_MSIL2A_20240312T062651_R077_T40QGK_20240313T153847,0,2024-03,T40QGK,0.01113694013337347,0,0.7250074506564916
S2A_MSIL2A_20240312T062651_R077_T40QGK_20240313T153847_0001.jpg,S2A_MSIL2A_20240312T062651_R077_T40QGK_20240313T153847,0,2024-03,T40QGK,0.01113694013337347,0,0.7250074506564916
S2A_MSIL2A_20240322T062631_R077_T40QGK_20240322T104635_0000.jpg,S2A_MSIL2A_20240322T062631_R077_T40QGK_20240322T104635,0,2024-03,T40QGK,0.0504063802224134,0,0.7250074506564916
S2A_MSIL2A_20240322T062631_R077_T40QGK_20240322T104635_0001.jpg,S2A_MSIL2A_20240322T062631_R077_T40QGK_20240322T104635,0,2024-03,T40QGK,0.0504063802224134,0,0.7250074506564916
S2B_MSIL2A_20240406T062629_R077_T40QGK_20240406T100857_0000.jpg,S2B_MSIL2A_20240406T062629_R077_T40QGK_20240406T100857,0,2024-04,T40QGK,0.04043807390532438,0,0.7250074506564916
S2B_MSIL2A_20240406T062629_R077_T40QGK_20240406T100857_0001.jpg,S2B_MSIL2A_20240406T062629_R077_T40QGK_20240406T100857,0,2024-04,T40QGK,0.04043807390532438,0,0.7250074506564916
S2A_MSIL2A_20240411T062631_R077_T40QGK_20240411T111749_0000.jpg,S2A_MSIL2A_20240411T062631_R077_T40QGK_20240411T111749,0,2024-04,T40QGK,0.03694390972818389,0,0.7250074506564916
S2A_MSIL2A_20240411T062631_R077_T40QGK_20240411T111749_0001.jpg,S2A_MSIL2A_20240411T062631_R077_T40QGK_20240411T111749,0,2024-04,T40QGK,0.03694390972818389,0,0.7250074506564916
S2B_MSIL2A_20240426T062629_R077_T40QGK_20240426T111133_0000.jpg,S2B_MSIL2A_20240426T062629_R077_T40QGK_20240426T111133,0,2024-04,T40QGK,0.17859643587811502,0,0.7250074506564916
S2B_MSIL2A_20240426T062629_R077_T40QGK_20240426T111133_0001.jpg,S2B_MSIL2A_20240426T062629_R077_T40QGK_20240426T111133,0,2024-04,T40QGK,0.17859643587811502,0,0.7250074506564916
S2B_MSIL2A_20240506T062629_R077_T40QGK_20240506T104447_0000.jpg,S2B_MSIL2A_20240506T062629_R077_T40QGK_20240506T104447,0,2024-05,T40QGK,0.021729235910261244,0,0.7250074506564916
S2B_MSIL2A_20240506T062629_R077_T40QGK_20240506T104447_0001.jpg,S2B_MSIL2A_20240506T062629_R077_T40QGK_20240506T104447,0,2024-05,T40QGK,0.021729235910261244,0,0.7250074506564916
S2B_MSIL2A_20240516T062629_R077_T40QGK_20240516T102249_0000.jpg,S2B_MSIL2A_20240516T062629_R077_T40QGK_20240516T102249,0,2024-05,T40QGK,0.024778510884568113,0,0.7250074506564916
S2B_MSIL2A_20240516T062629_R077_T40QGK_20240516T102249_0001.jpg,S2B_MSIL2A_20240516T062629_R077_T40QGK_20240516T102249,0,2024-05,T40QGK,0.024778510884568113,0,0.7250074506564916
S2A_MSIL2A_20240521T062631_R077_T40QGK_20240521T112534_0000.jpg,S2A_MSIL2A_20240521T062631_R077_T40QGK_20240521T112534,0,2024-05,T40QGK,0.033405387900125094,0,0.7250074506564916
S2A_MSIL2A_20240521T062631_R077_T40QGK_20240521T112534_0001.jpg,S2A_MSIL2A_20240521T062631_R077_T40QGK_20240521T112534,0,2024-05,T40QGK,0.033405387900125094,0,0.7250074506564916
S2A_MSIL2A_20240531T062631_R077_T40QGK_20240531T120203_0000.jpg,S2A_MSIL2A_20240531T062631_R077_T40QGK_20240531T120203,1,2024-05,T40QGK,0.9597154681390812,1,0.7250074506564916
S2A_MSIL2A_20240531T062631_R077_T40QGK_20240531T120203_0001.jpg,S2A_MSIL2A_20240531T062631_R077_T40QGK_20240531T120203,1,2024-05,T40QGK,0.9597154681390812,1,0.7250074506564916
S2A_MSIL2A_20240610T062631_R077_T40QGK_20240610T104649_0000.jpg,S2A_MSIL2A_20240610T062631_R077_T40QGK_20240610T104649,0,2024-06,T40QGK,0.019357212439684635,0,0.7250074506564916
S2A_MSIL2A_20240610T062631_R077_T40QGK_20240610T104649_0001.jpg,S2A_MSIL2A_20240610T062631_R077_T40QGK_20240610T104649,0,2024-06,T40QGK,0.019357212439684635,0,0.7250074506564916
S2B_MSIL2A_20240625T062629_R077_T40QGK_20240625T102043_0000.jpg,S2B_MSIL2A_20240625T062629_R077_T40QGK_20240625T102043,0,2024-06,T40QGK,0.3990433835938079,0,0.7250074506564916
S2B_MSIL2A_20240705T062629_R077_T40QGK_20240706T024220_0000.jpg,S2B_MSIL2A_20240705T062629_R077_T40QGK_20240706T024220,1,2024-07,T40QGK,0.9836626585823581,1,0.7250074506564916
S2B_MSIL2A_20240705T062629_R077_T40QGK_20240706T024220_0001.jpg,S2B_MSIL2A_20240705T062629_R077_T40QGK_20240706T024220,1,2024-07,T40QGK,0.9836626585823581,1,0.7250074506564916
S2A_MSIL2A_20240710T062631_R077_T40QGK_20240710T114122_0000.jpg,S2A_MSIL2A_20240710T062631_R077_T40QGK_20240710T114122,1,2024-07,T40QGK,0.9755983587265775,1,0.7250074506564916
S2A_MSIL2A_20240710T062631_R077_T40QGK_20240710T114122_0001.jpg,S2A_MSIL2A_20240710T062631_R077_T40QGK_20240710T114122,1,2024-07,T40QGK,0.9755983587265775,1,0.7250074506564916
S2B_MSIL2A_20240725T062629_R077_T40QGK_20240725T090216_0000.jpg,S2B_MSIL2A_20240725T062629_R077_T40QGK_20240725T090216,0,2024-07,T40QGK,0.018819767570823306,0,0.7250074506564916
S2B_MSIL2A_20240725T062629_R077_T40QGK_20240725T090216_0001.jpg,S2B_MSIL2A_20240725T062629_R077_T40QGK_20240725T090216,0,2024-07,T40QGK,0.018819767570823306,0,0.7250074506564916
S2B_MSIL2A_20240814T062629_R077_T40QGK_20240814T093442_0000.jpg,S2B_MSIL2A_20240814T062629_R077_T40QGK_20240814T093442,1,2024-08,T40QGK,0.8787388477449112,1,0.7250074506564916
S2B_MSIL2A_20240814T062629_R077_T40QGK_20240814T093442_0001.jpg,S2B_MSIL2A_20240814T062629_R077_T40QGK_20240814T093442,1,2024-08,T40QGK,0.8787388477449112,1,0.7250074506564916
S2B_MSIL2A_20240824T062629_R077_T40QGK_20240824T100609_0000.jpg,S2B_MSIL2A_20240824T062629_R077_T40QGK_20240824T100609,1,2024-08,T40QGK,0.969031646790723,1,0.7250074506564916
S2B_MSIL2A_20240824T062629_R077_T40QGK_20240824T100609_0001.jpg,S2B_MSIL2A_20240824T062629_R077_T40QGK_20240824T100609,1,2024-08,T40QGK,0.969031646790723,1,0.7250074506564916
S2A_MSIL2A_20240908T062631_R077_T40QGK_20240908T111753_0000.jpg,S2A_MSIL2A_20240908T062631_R077_T40QGK_20240908T111753,1,2024-09,T40QGK,0.9153130803105547,1,0.7250074506564916
S2A_MSIL2A_20240908T062631_R077_T40QGK_20240908T111753_0001.jpg,S2A_MSIL2A_20240908T062631_R077_T40QGK_20240908T111753,1,2024-09,T40QGK,0.9153130803105547,1,0.7250074506564916
S2B_MSIL2A_20240923T062629_R077_T40QGK_20240923T085510_0000.jpg,S2B_MSIL2A_20240923T062629_R077_T40QGK_20240923T085510,0,2024-09,T40QGK,0.035634568402418534,0,0.7250074506564916
S2B_MSIL2A_20240923T062629_R077_T40QGK_20240923T085510_0001.jpg,S2B_MSIL2A_20240923T062629_R077_T40QGK_20240923T085510,0,2024-09,T40QGK,0.035634568402418534,0,0.7250074506564916
S2B_MSIL2A_20241003T062629_R077_T40QGK_20241003T090945_0000.jpg,S2B_MSIL2A_20241003T062629_R077_T40QGK_20241003T090945,0,2024-10,T40QGK,0.12073020174319021,0,0.7250074506564916
S2B_MSIL2A_20241003T062629_R077_T40QGK_20241003T090945_0001.jpg,S2B_MSIL2A_20241003T062629_R077_T40QGK_20241003T090945,0,2024-10,T40QGK,0.12073020174319021,0,0.7250074506564916
S2B_MSIL2A_20241023T062829_R077_T40QGK_20241023T083127_0000.jpg,S2B_MSIL2A_20241023T062829_R077_T40QGK_20241023T083127,0,2024-10,T40QGK,0.005591312376893257,0,0.7250074506564916
S2B_MSIL2A_20241023T062829_R077_T40QGK_20241023T083127_0001.jpg,S2B_MSIL2A_20241023T062829_R077_T40QGK_20241023T083127,0,2024-10,T40QGK,0.005591312376893257,0,0.7250074506564916
S2A_MSIL2A_20241028T063001_R077_T40QGK_20241028T100749_0000.jpg,S2A_MSIL2A_20241028T063001_R077_T40QGK_20241028T100749,0,2024-10,T40QGK,0.00779061667861484,0,0.7250074506564916
S2A_MSIL2A_20241028T063001_R077_T40QGK_20241028T100749_0001.jpg,S2A_MSIL2A_20241028T063001_R077_T40QGK_20241028T100749,0,2024-10,T40QGK,0.00779061667861484,0,0.7250074506564916
S2B_MSIL2A_20241112T063019_R077_T40QGK_20241112T082814_0000.jpg,S2B_MSIL2A_20241112T063019_R077_T40QGK_20241112T082814,0,2024-11,T40QGK,0.36943682884407575,0,0.7250074506564916
S2B_MSIL2A_20241112T063019_R077_T40QGK_20241112T082814_0001.jpg,S2B_MSIL2A_20241112T063019_R077_T40QGK_20241112T082814,0,2024-11,T40QGK,0.36943682884407575,0,0.7250074506564916
S2A_MSIL2A_20241117T063141_R077_T40QGK_20241117T103949_0000.jpg,S2A_MSIL2A_20241117T063141_R077_T40QGK_20241117T103949,0,2024-11,T40QGK,0.019442579622701014,0,0.7250074506564916
S2A_MSIL2A_20241117T063141_R077_T40QGK_20241117T103949_0001.jpg,S2A_MSIL2A_20241117T063141_R077_T40QGK_20241117T103949,0,2024-11,T40QGK,0.019442579622701014,0,0.7250074506564916
S2B_MSIL2A_20241212T063159_R077_T40QGK_20241212T090100_0000.jpg,S2B_MSIL2A_20241212T063159_R077_T40QGK_20241212T090100,0,2024-12,T40QGK,0.11724415723276671,0,0.7250074506564916
S2B_MSIL2A_20241212T063159_R077_T40QGK_20241212T090100_0001.jpg,S2B_MSIL2A_20241212T063159_R077_T40QGK_20241212T090100,0,2024-12,T40QGK,0.11724415723276671,0,0.7250074506564916
S2A_MSIL2A_20241217T063301_R077_T40QGK_20241217T094151_0000.jpg,S2A_MSIL2A_20241217T063301_R077_T40QGK_20241217T094151,0,2024-12,T40QGK,0.1794267690986218,0,0.7250074506564916
S2A_MSIL2A_20241217T063301_R077_T40QGK_20241217T094151_0001.jpg,S2A_MSIL2A_20241217T063301_R077_T40QGK_20241217T094151,0,2024-12,T40QGK,0.1794267690986218,0,0.7250074506564916
S2A_MSIL2A_20241227T063301_R077_T40QGK_20241227T094051_0000.jpg,S2A_MSIL2A_20241227T063301_R077_T40QGK_20241227T094051,0,2024-12,T40QGK,0.009045563009121741,0,0.7250074506564916
S2A_MSIL2A_20241227T063301_R077_T40QGK_20241227T094051_0001.jpg,S2A_MSIL2A_20241227T063301_R077_T40QGK_20241227T094051,0,2024-12,T40QGK,0.009045563009121741,0,0.7250074506564916
S2A_MSIL2A_20170101T064252_R120_T40QFM_20210529T105726_0000.jpg,S2A_MSIL2A_20170101T064252_R120_T40QFM_20210529T105726,0,2017-01,T40QFM,0.036735320948985184,0,0.7250074506564916
S2A_MSIL2A_20170101T064252_R120_T40QFM_20210529T105726_0001.jpg,S2A_MSIL2A_20170101T064252_R120_T40QFM_20210529T105726,0,2017-01,T40QFM,0.036735320948985184,0,0.7250074506564916
S2A_MSIL2A_20170111T064231_R120_T40QFM_20210530T050932_0000.jpg,S2A_MSIL2A_20170111T064231_R120_T40QFM_20210530T050932,1,2017-01,T40QFM,0.9383108343223509,1,0.7250074506564916
S2A_MSIL2A_20170111T064231_R120_T40QFM_20210530T050932_0001.jpg,S2A_MSIL2A_20170111T064231_R120_T40QFM_20210530T050932,1,2017-01,T40QFM,0.9383108343223509,1,0.7250074506564916
S2A_MSIL2A_20170210T064011_R120_T40QFM_20210208T095409_0000.jpg,S2A_MSIL2A_20170210T064011_R120_T40QFM_20210208T095409,1,2017-02,T40QFM,0.6506504558733484,0,0.7250074506564916
S2A_MSIL2A_20170210T064011_R120_T40QFM_20210208T095409_0001.jpg,S2A_MSIL2A_20170210T064011_R120_T40QFM_20210208T095409,1,2017-02,T40QFM,0.6506504558733484,0,0.7250074506564916
S2A_MSIL2A_20170302T064011_R120_T40QFM_20210208T184836_0000.jpg,S2A_MSIL2A_20170302T064011_R120_T40QFM_20210208T184836,1,2017-03,T40QFM,0.43585165449609503,0,0.7250074506564916
S2A_MSIL2A_20170302T064011_R120_T40QFM_20210208T184836_0001.jpg,S2A_MSIL2A_20170302T064011_R120_T40QFM_20210208T184836,1,2017-03,T40QFM,0.43585165449609503,0,0.7250074506564916
S2A_MSIL2A_20170401T063621_R120_T40QFM_20210209T033740_0000.jpg,S2A_MSIL2A_20170401T063621_R120_T40QFM_20210209T033740,1,2017-04,T40QFM,0.8153418288967902,1,0.7250074506564916
S2A_MSIL2A_20170401T063621_R120_T40QFM_20210209T033740_0001.jpg,S2A_MSIL2A_20170401T063621_R120_T40QFM_20210209T033740,1,2017-04,T40QFM,0.8153418288967902,1,0.7250074506564916
S2A_MSIL2A_20170411T064011_R120_T40QFM_20210209T063842_0000.jpg,S2A_MSIL2A_20170411T064011_R120_T40QFM_20210209T063842,0,2017-04,T40QFM,0.12672960043219947,0,0.7250074506564916
S2A_MSIL2A_20170411T064011_R120_T40QFM_20210209T063842_0001.jpg,S2A_MSIL2A_20170411T064011_R120_T40QFM_20210209T063842,0,2017-04,T40QFM,0.12672960043219947,0,0.7250074506564916
S2A_MSIL2A_20170511T063631_R120_T40QFM_20210209T143937_0000.jpg,S2A_MSIL2A_20170511T063631_R120_T40QFM_20210209T143937,0,2017-05,T40QFM,0.0020828259230858278,0,0.7250074506564916
S2A_MSIL2A_20170511T063631_R120_T40QFM_20210209T143937_0001.jpg,S2A_MSIL2A_20170511T063631_R120_T40QFM_20210209T143937,0,2017-05,T40QFM,0.0020828259230858278,0,0.7250074506564916
S2A_MSIL2A_20170521T064021_R120_T40QFM_20210209T170100_0000.jpg,S2A_MSIL2A_20170521T064021_R120_T40QFM_20210209T170100,0,2017-05,T40QFM,0.3547522518464727,0,0.7250074506564916
S2A_MSIL2A_20170521T064021_R120_T40QFM_20210209T170100_0001.jpg,S2A_MSIL2A_20170521T064021_R120_T40QFM_20210209T170100,0,2017-05,T40QFM,0.3547522518464727,0,0.7250074506564916
S2A_MSIL2A_20170531T063631_R120_T40QFM_20210209T192316_0000.jpg,S2A_MSIL2A_20170531T063631_R120_T40QFM_20210209T192316,0,2017-05,T40QFM,0.07227664274121338,0,0.7250074506564916
S2A_MSIL2A_20170531T063631_R120_T40QFM_20210209T192316_0001.jpg,S2A_MSIL2A_20170531T063631_R120_T40QFM_20210209T192316,0,2017-05,T40QFM,0.07227664274121338,0,0.7250074506564916
S2A_MSIL2A_20170610T064021_R120_T40QFM_20210209T215013_0000.jpg,S2A_MSIL2A_20170610T064021_R120_T40QFM_20210209T215013,0,2017-06,T40QFM,0.03220258014890752,0,0.7250074506564916
S2A_MSIL2A_20170610T064021_R120_T40QFM_20210209T215013_0001.jpg,S2A_MSIL2A_20170610T064021_R120_T40QFM_20210209T215013,0,2017-06,T40QFM,0.03220258014890752,0,0.7250074506564916
S2A_MSIL2A_20170620T063631_R120_T40QFM_20210210T001918_0000.jpg,S2A_MSIL2A_20170620T063631_R120_T40QFM_20210210T001918,1,2017-06,T40QFM,0.9114021489297506,1,0.7250074506564916
S2A_MSIL2A_20170620T063631_R120_T40QFM_20210210T001918_0001.jpg,S2A_MSIL2A_20170620T063631_R120_T40QFM_20210210T001918,1,2017-06,T40QFM,0.9114021489297506,1,0.7250074506564916
S2B_MSIL2A_20170705T064019_R120_T40QFM_20210210T050526_0000.jpg,S2B_MSIL2A_20170705T064019_R120_T40QFM_20210210T050526,1,2017-07,T40QFM,0.9773417348451943,1,0.7250074506564916
S2B_MSIL2A_20170705T064019_R120_T40QFM_20210210T050526_0001.jpg,S2B_MSIL2A_20170705T064019_R120_T40QFM_20210210T050526,1,2017-07,T40QFM,0.9773417348451943,1,0.7250074506564916
S2A_MSIL2A_20170710T063631_R120_T40QFM_20210210T065515_0000.jpg,S2A_MSIL2A_20170710T063631_R120_T40QFM_20210210T065515,1,2017-07,T40QFM,0.9740984260261166,1,0.7250074506564916
S2A_MSIL2A_20170710T063631_R120_T40QFM_20210210T065515_0001.jpg,S2A_MSIL2A_20170710T063631_R120_T40QFM_20210210T065515,1,2017-07,T40QFM,0.9740984260261166,1,0.7250074506564916
S2A_MSIL2A_20170720T064021_R120_T40QFM_20210210T113721_0000.jpg,S2A_MSIL2A_20170720T064021_R120_T40QFM_20210210T113721,0,2017-07,T40QFM,0.0090963075820124,0,0.7250074506564916
S2A_MSIL2A_20170720T064021_R120_T40QFM_20210210T113721_0001.jpg,S2A_MSIL2A_20170720T064021_R120_T40QFM_20210210T113721,0,2017-07,T40QFM,0.0090963075820124,0,0.7250074506564916
S2B_MSIL2A_20170725T063629_R120_T40QFM_20210210T142140_0000.jpg,S2B_MSIL2A_20170725T063629_R120_T40QFM_20210210T142140,0,2017-07,T40QFM,0.004185240085447461,0,0.7250074506564916
S2B_MSIL2A_20170725T063629_R120_T40QFM_20210210T142140_0001.jpg,S2B_MSIL2A_20170725T063629_R120_T40QFM_20210210T142140,0,2017-07,T40QFM,0.004185240085447461,0,0.7250074506564916
S2B_MSIL2A_20170814T063629_R120_T40QFM_20210131T215721_0000.jpg,S2B_MSIL2A_20170814T063629_R120_T40QFM_20210131T215721,0,2017-08,T40QFM,0.2567595191865223,0,0.7250074506564916
S2B_MSIL2A_20170814T063629_R120_T40QFM_20210131T215721_0001.jpg,S2B_MSIL2A_20170814T063629_R120_T40QFM_20210131T215721,0,2017-08,T40QFM,0.2567595191865223,0,0.7250074506564916
S2A_MSIL2A_20170829T064021_R120_T40QFM_20210201T133444_0000.jpg,S2A_MSIL2A_20170829T064021_R120_T40QFM_20210201T133444,0,2017-08,T40QFM,0.01011497121504506,0,0.7250074506564916
S2A_MSIL2A_20170829T064021_R120_T40QFM_20210201T133444_0001.jpg,S2A_MSIL2A_20170829T064021_R120_T40QFM_20210201T133444,0,2017-08,T40QFM,0.01011497121504506,0,0.7250074506564916
S2B_MSIL2A_20170913T064009_R120_T40QFM_20210202T020531_0000.jpg,S2B_MSIL2A_20170913T064009_R120_T40QFM_20210202T020531,0,2017-09,T40QFM,0.019879062796158236,0,0.7250074506564916
S2B_MSIL2A_20170913T064009_R120_T40QFM_20210202T020531_0001.jpg,S2B_MSIL2A_20170913T064009_R120_T40QFM_20210202T020531,0,2017-09,T40QFM,0.019879062796158236,0,0.7250074506564916
S2B_MSIL2A_20170923T063609_R120_T40QFM_20210202T084124_0000.jpg,S2B_MSIL2A_20170923T063609_R120_T40QFM_20210202T084124,1,2017-09,T40QFM,0.7259803546543286,1,0.7250074506564916
S2B_MSIL2A_20170923T063609_R120_T40QFM_20210202T084124_0001.jpg,S2B_MSIL2A_20170923T063609_R120_T40QFM_20210202T084124,1,2017-09,T40QFM,0.7259803546543286,1,0.7250074506564916
S2A_MSIL2A_20170928T063631_R120_T40QFM_20210202T110028_0000.jpg,S2A_MSIL2A_20170928T063631_R120_T40QFM_20210202T110028,1,2017-09,T40QFM,0.84036400590103,1,0.7250074506564916
S2A_MSIL2A_20170928T063631_R120_T40QFM_20210202T110028_0001.jpg,S2A_MSIL2A_20170928T063631_R120_T40QFM_20210202T110028,1,2017-09,T40QFM,0.84036400590103,1,0.7250074506564916
S2B_MSIL2A_20171003T063959_R120_T40QFM_20210202T132556_0000.jpg,S2B_MSIL2A_20171003T063959_R120_T40QFM_20210202T132556,0,2017-10,T40QFM,0.1363285368122777,0,0.7250074506564916
S2B_MSIL2A_20171003T063959_R120_T40QFM_20210202T132556_0001.jpg,S2B_MSIL2A_20171003T063959_R120_T40QFM_20210202T132556,0,2017-10,T40QFM,0.1363285368122777,0,0.7250074506564916
S2B_MSIL2A_20171023T063959_R120_T40QFM_20201015T014903_0000.jpg,S2B_MSIL2A_20171023T063959_R120_T40QFM_20201015T014903,0,2017-10,T40QFM,0.004823722649101529,0,0.7250074506564916
S2B_MSIL2A_20171023T063959_R120_T40QFM_20201015T014903_0001.jpg,S2B_MSIL2A_20171023T063959_R120_T40QFM_20201015T014903,0,2017-10,T40QFM,0.004823722649101529,0,0.7250074506564916
S2A_MSIL2A_20171028T064011_R120_T40QFM_20201015T024342_0000.jpg,S2A_MSIL2A_20171028T064011_R120_T40QFM_20201015T024342,0,2017-10,T40QFM,0.005976492372479436,0,0.7250074506564916
S2A_MSIL2A_20171028T064011_R120_T40QFM_20201015T024342_0001.jpg,S2A_MSIL2A_20171028T064011_R120_T40QFM_20201015T024342,0,2017-10,T40QFM,0.005976492372479436,0,0.7250074506564916
S2B_MSIL2A_20171112T064109_R120_T40QFM_20210215T163917_0000.jpg,S2B_MSIL2A_20171112T064109_R120_T40QFM_20210215T163917,0,2017-11,T40QFM,0.008029017164040352,0,0.7250074506564916
S2B_MSIL2A_20171112T064109_R120_T40QFM_20210215T163917_0001.jpg,S2B_MSIL2A_20171112T064109_R120_T40QFM_20210215T163917,0,2017-11,T40QFM,0.008029017164040352,0,0.7250074506564916
S2B_MSIL2A_20171122T064149_R120_T40QFM_20201014T213725_0000.jpg,S2B_MSIL2A_20171122T064149_R120_T40QFM_20201014T213725,0,2017-11,T40QFM,0.05630451202367519,0,0.7250074506564916
S2B_MSIL2A_20171122T064149_R120_T40QFM_20201014T213725_0001.jpg,S2B_MSIL2A_20171122T064149_R120_T40QFM_20201014T213725,0,2017-11,T40QFM,0.05630451202367519,0,0.7250074506564916
S2A_MSIL2A_20171127T064211_R120_T40QFM_20201014T222555_0000.jpg,S2A_MSIL2A_20171127T064211_R120_T40QFM_20201014T222555,0,2017-11,T40QFM,0.13585409072222251,0,0.7250074506564916
S2A_MSIL2A_20171127T064211_R120_T40QFM_20201014T222555_0001.jpg,S2A_MSIL2A_20171127T064211_R120_T40QFM_20201014T222555,0,2017-11,T40QFM,0.13585409072222251,0,0.7250074506564916
S2B_MSIL2A_20171202T064229_R120_T40QFM_20201014T114607_0000.jpg,S2B_MSIL2A_20171202T064229_R120_T40QFM_20201014T114607,0,2017-12,T40QFM,0.004262339619232343,0,0.7250074506564916
S2B_MSIL2A_20171202T064229_R120_T40QFM_20201014T114607_0001.jpg,S2B_MSIL2A_20171202T064229_R120_T40QFM_20201014T114607,0,2017-12,T40QFM,0.004262339619232343,0,0.7250074506564916
S2B_MSIL2A_20171212T064249_R120_T40QFM_20201014T133905_0000.jpg,S2B_MSIL2A_20171212T064249_R120_T40QFM_20201014T133905,0,2017-12,T40QFM,0.11428410675598676,0,0.7250074506564916
S2B_MSIL2A_20171212T064249_R120_T40QFM_20201014T133905_0001.jpg,S2B_MSIL2A_20171212T064249_R120_T40QFM_20201014T133905,0,2017-12,T40QFM,0.11428410675598676,0,0.7250074506564916
S2B_MSIL2A_20171222T064249_R120_T40QFM_20201119T192855_0000.jpg,S2B_MSIL2A_20171222T064249_R120_T40QFM_20201119T192855,1,2017-12,T40QFM,0.9514205521870667,1,0.7250074506564916
S2B_MSIL2A_20171222T064249_R120_T40QFM_20201119T192855_0001.jpg,S2B_MSIL2A_20171222T064249_R120_T40QFM_20201119T192855,1,2017-12,T40QFM,0.9514205521870667,1,0.7250074506564916
S2B_MSIL2A_20180101T064249_R120_T40QFM_20201014T023737_0000.jpg,S2B_MSIL2A_20180101T064249_R120_T40QFM_20201014T023737,0,2018-01,T40QFM,0.01623588407412615,0,0.7250074506564916
S2B_MSIL2A_20180101T064249_R120_T40QFM_20201014T023737_0001.jpg,S2B_MSIL2A_20180101T064249_R120_T40QFM_20201014T023737,0,2018-01,T40QFM,0.01623588407412615,0,0.7250074506564916
S2B_MSIL2A_20180111T064229_R120_T40QFM_20201014T045856_0000.jpg,S2B_MSIL2A_20180111T064229_R120_T40QFM_20201014T045856,0,2018-01,T40QFM,0.3566358968038677,0,0.7250074506564916
S2B_MSIL2A_20180111T064229_R120_T40QFM_20201014T045856_0001.jpg,S2B_MSIL2A_20180111T064229_R120_T40QFM_20201014T045856,0,2018-01,T40QFM,0.3566358968038677,0,0.7250074506564916
S2A_MSIL2A_20180126T064131_R120_T40QFM_20201014T085127_0000.jpg,S2A_MSIL2A_20180126T064131_R120_T40QFM_20201014T085127,0,2018-01,T40QFM,0.017522095340335234,0,0.7250074506564916
S2A_MSIL2A_20180126T064131_R120_T40QFM_20201014T085127_0001.jpg,S2A_MSIL2A_20180126T064131_R120_T40QFM_20201014T085127,0,2018-01,T40QFM,0.017522095340335234,0,0.7250074506564916
S2A_MSIL2A_20180215T063941_R120_T40QFM_20201013T212603_0000.jpg,S2A_MSIL2A_20180215T063941_R120_T40QFM_20201013T212603,0,2018-02,T40QFM,0.27064579471055156,0,0.7250074506564916
S2A_MSIL2A_20180215T063941_R120_T40QFM_20201013T212603_0001.jpg,S2A_MSIL2A_20180215T063941_R120_T40QFM_20201013T212603,0,2018-02,T40QFM,0.27064579471055156,0,0.7250074506564916
S2B_MSIL2A_20180220T063909_R120_T40QFM_20201013T233242_0000.jpg,S2B_MSIL2A_20180220T063909_R120_T40QFM_20201013T233242,0,2018-02,T40QFM,0.03070212422957357,0,0.7250074506564916
S2B_MSIL2A_20180220T063909_R120_T40QFM_20201013T233242_0001.jpg,S2B_MSIL2A_20180220T063909_R120_T40QFM_20201013T233242,0,2018-02,T40QFM,0.03070212422957357,0,0.7250074506564916
S2A_MSIL2A_20180307T063721_R120_T40QFM_20201013T073203_0000.jpg,S2A_MSIL2A_20180307T063721_R120_T40QFM_20201013T073203,0,2018-03,T40QFM,0.0758356615297797,0,0.7250074506564916
S2A_MSIL2A_20180307T063721_R120_T40QFM_20201013T073203_0001.jpg,S2A_MSIL2A_20180307T063721_R120_T40QFM_20201013T073203,0,2018-03,T40QFM,0.0758356615297797,0,0.7250074506564916
S2B_MSIL2A_20180322T063619_R120_T40QFM_20201013T124206_0000.jpg,S2B_MSIL2A_20180322T063619_R120_T40QFM_20201013T124206,0,2018-03,T40QFM,0.04714697881808117,0,0.7250074506564916
S2B_MSIL2A_20180322T063619_R120_T40QFM_20201013T124206_0001.jpg,S2B_MSIL2A_20180322T063619_R120_T40QFM_20201013T124206,0,2018-03,T40QFM,0.04714697881808117,0,0.7250074506564916
S2A_MSIL2A_20180327T063621_R120_T40QFM_20201013T145541_0000.jpg,S2A_MSIL2A_20180327T063621_R120_T40QFM_20201013T145541,0,2018-03,T40QFM,0.03866996027641363,0,0.7250074506564916
S2A_MSIL2A_20180327T063621_R120_T40QFM_20201013T145541_0001.jpg,S2A_MSIL2A_20180327T063621_R120_T40QFM_20201013T145541,0,2018-03,T40QFM,0.03866996027641363,0,0.7250074506564916
S2B_MSIL2A_20180421T063629_R120_T40QFM_20201013T005710_0000.jpg,S2B_MSIL2A_20180421T063629_R120_T40QFM_20201013T005710,0,2018-04,T40QFM,0.6522304212078509,0,0.7250074506564916
S2B_MSIL2A_20180421T063629_R120_T40QFM_20201013T005710_0001.jpg,S2B_MSIL2A_20180421T063629_R120_T40QFM_20201013T005710,0,2018-04,T40QFM,0.6522304212078509,0,0.7250074506564916
S2A_MSIL2A_20180426T063631_R120_T40QFM_20201013T024810_0000.jpg,S2A_MSIL2A_20180426T063631_R120_T40QFM_20201013T024810,0,2018-04,T40QFM,0.02797242381336299,0,0.7250074506564916
S2A_MSIL2A_20180426T063631_R120_T40QFM_20201013T024810_0001.jpg,S2A_MSIL2A_20180426T063631_R120_T40QFM_20201013T024810,0,2018-04,T40QFM,0.02797242381336299,0,0.7250074506564916
S2A_MSIL2A_20180506T063631_R120_T40QFM_20201012T062537_0000.jpg,S2A_MSIL2A_20180506T063631_R120_T40QFM_20201012T062537,0,2018-05,T40QFM,0.010353706886573817,0,0.7250074506564916
S2A_MSIL2A_20180506T063631_R120_T40QFM_20201012T062537_0001.jpg,S2A_MSIL2A_20180506T063631_R120_T40QFM_20201012T062537,0,2018-05,T40QFM,0.010353706886573817,0,0.7250074506564916
S2B_MSIL2A_20180521T063629_R120_T40QFM_20201026T102945_0000.jpg,S2B_MSIL2A_20180521T063629_R120_T40QFM_20201026T102945,0,2018-05,T40QFM,0.005719952089667964,0,0.7250074506564916
S2B_MSIL2A_20180521T063629_R120_T40QFM_20201026T102945_0001.jpg,S2B_MSIL2A_20180521T063629_R120_T40QFM_20201026T102945,0,2018-05,T40QFM,0.005719952089667964,0,0.7250074506564916
S2B_MSIL2A_20180531T063619_R120_T40QFM_20201012T162134_0000.jpg,S2B_MSIL2A_20180531T063619_R120_T40QFM_20201012T162134,1,2018-05,T40QFM,0.9259196064821639,1,0.7250074506564916
S2B_MSIL2A_20180531T063619_R120_T40QFM_20201012T162134_0001.jpg,S2B_MSIL2A_20180531T063619_R120_T40QFM_20201012T162134,1,2018-05,T40QFM,0.9259196064821639,1,0.7250074506564916
S2A_MSIL2A_20180605T063631_R120_T40QFM_20201026T160308_0000.jpg,S2A_MSIL2A_20180605T063631_R120_T40QFM_20201026T160308,1,2018-06,T40QFM,0.940037988029162,1,0.7250074506564916
S2A_MSIL2A_20180605T063631_R120_T40QFM_20201026T160308_0001.jpg,S2A_MSIL2A_20180605T063631_R120_T40QFM_20201026T160308,1,2018-06,T40QFM,0.940037988029162,1,0.7250074506564916
S2B_MSIL2A_20180620T063629_R120_T40QFM_20201012T002457_0000.jpg,S2B_MSIL2A_20180620T063629_R120_T40QFM_20201012T002457,1,2018-06,T40QFM,0.9422665381907249,1,0.7250074506564916
S2B_MSIL2A_20180620T063629_R120_T40QFM_20201012T002457_0001.jpg,S2B_MSIL2A_20180620T063629_R120_T40QFM_20201012T002457,1,2018-06,T40QFM,0.9422665381907249,1,0.7250074506564916
S2B_MSIL2A_20180630T063629_R120_T40QFM_20201012T041733_0000.jpg,S2B_MSIL2A_20180630T063629_R120_T40QFM_20201012T041733,0,2018-06,T40QFM,0.06099037711988671,0,0.7250074506564916
S2A_MSIL2A_20180705T063631_R120_T40QFM_20201011T120750_0000.jpg,S2A_MSIL2A_20180705T063631_R120_T40QFM_20201011T120750,1,2018-07,T40QFM,0.94946286658688,1,0.7250074506564916
S2A_MSIL2A_20180705T063631_R120_T40QFM_20201011T120750_0001.jpg,S2A_MSIL2A_20180705T063631_R120_T40QFM_20201011T120750,1,2018-07,T40QFM,0.94946286658688,1,0.7250074506564916
S2B_MSIL2A_20180720T063629_R120_T40QFM_20201011T180216_0000.jpg,S2B_MSIL2A_20180720T063629_R120_T40QFM_20201011T180216,0,2018-07,T40QFM,0.007191816452223442,0,0.7250074506564916
S2B_MSIL2A_20180720T063629_R120_T40QFM_20201011T180216_0001.jpg,S2B_MSIL2A_20180720T063629_R120_T40QFM_20201011T180216,0,2018-07,T40QFM,0.007191816452223442,0,0.7250074506564916
S2A_MSIL2A_20180725T063631_R120_T40QFM_20201011T194532_0000.jpg,S2A_MSIL2A_20180725T063631_R120_T40QFM_20201011T194532,0,2018-07,T40QFM,0.007191816452223442,0,0.7250074506564916
S2A_MSIL2A_20180725T063631_R120_T40QFM_20201011T194532_0001.jpg,S2A_MSIL2A_20180725T063631_R120_T40QFM_20201011T194532,0,2018-07,T40QFM,0.007191816452223442,0,0.7250074506564916
S2A_MSIL2A_20180814T063631_R120_T40QFM_20201027T032716_0000.jpg,S2A_MSIL2A_20180814T063631_R120_T40QFM_20201027T032716,0,2018-08,T40QFM,0.3299903923914674,0,0.7250074506564916
S2A_MSIL2A_20180814T063631_R120_T40QFM_20201027T032716_0001.jpg,S2A_MSIL2A_20180814T063631_R120_T40QFM_20201027T032716,0,2018-08,T40QFM,0.3299903923914674,0,0.7250074506564916
S2A_MSIL2A_20180903T063621_R120_T40QFM_20201011T075609_0000.jpg,S2A_MSIL2A_20180903T063621_R120_T40QFM_20201011T075609,0,2018-09,T40QFM,0.20973516814571175,0,0.7250074506564916
S2A_MSIL2A_20180903T063621_R120_T40QFM_20201011T075609_0001.jpg,S2A_MSIL2A_20180903T063621_R120_T40QFM_20201011T075609,0,2018-09,T40QFM,0.20973516814571175,0,0.7250074506564916
S2A_MSIL2A_20180913T063621_R120_T40QFM_20201009T003932_0000.jpg,S2A_MSIL2A_20180913T063621_R120_T40QFM_20201009T003932,0,2018-09,T40QFM,0.007500466483689996,0,0.7250074506564916
S2A_MSIL2A_20180913T063621_R120_T40QFM_20201009T003932_0001.jpg,S2A_MSIL2A_20180913T063621_R120_T40QFM_20201009T003932,0,2018-09,T40QFM,0.007500466483689996,0,0.7250074506564916
S2B_MSIL2A_20180928T063629_R120_T40QFM_20201009T055459_0000.jpg,S2B_MSIL2A_20180928T063629_R120_T40QFM_20201009T055459,0,2018-09,T40QFM,0.05023842270483356,0,0.7250074506564916
S2B_MSIL2A_20180928T063629_R120_T40QFM_20201009T055459_0001.jpg,S2B_MSIL2A_20180928T063629_R120_T40QFM_20201009T055459,0,2018-09,T40QFM,0.05023842270483356,0,0.7250074506564916
S2A_MSIL2A_20181003T063711_R120_T40QFM_20201009T073338_0000.jpg,S2A_MSIL2A_20181003T063711_R120_T40QFM_20201009T073338,0,2018-10,T40QFM,0.20900424488343625,0,0.7250074506564916
S2A_MSIL2A_20181003T063711_R120_T40QFM_20201009T073338_0001.jpg,S2A_MSIL2A_20181003T063711_R120_T40QFM_20201009T073338,0,2018-10,T40QFM,0.20900424488343625,0,0.7250074506564916
S2A_MSIL2A_20181013T063821_R120_T40QFM_20201009T110105_0000.jpg,S2A_MSIL2A_20181013T063821_R120_T40QFM_20201009T110105,0,2018-10,T40QFM,0.07544525723270067,0,0.7250074506564916
S2A_MSIL2A_20181013T063821_R120_T40QFM_20201009T110105_0001.jpg,S2A_MSIL2A_20181013T063821_R120_T40QFM_20201009T110105,0,2018-10,T40QFM,0.07544525723270067,0,0.7250074506564916
S2A_MSIL2A_20181023T063921_R120_T40QFM_20201009T142515_0000.jpg,S2A_MSIL2A_20181023T063921_R120_T40QFM_20201009T142515,0,2018-10,T40QFM,0.005986498452934335,0,0.7250074506564916
S2A_MSIL2A_20181023T063921_R120_T40QFM_20201009T142515_0001.jpg,S2A_MSIL2A_20181023T063921_R120_T40QFM_20201009T142515,0,2018-10,T40QFM,0.005986498452934335,0,0.7250074506564916
S2B_MSIL2A_20181107T064049_R120_T40QFM_20201008T164036_0000.jpg,S2B_MSIL2A_20181107T064049_R120_T40QFM_20201008T164036,0,2018-11,T40QFM,0.045735332225166764,0,0.7250074506564916
S2B_MSIL2A_20181107T064049_R120_T40QFM_20201008T164036_0001.jpg,S2B_MSIL2A_20181107T064049_R120_T40QFM_20201008T164036,0,2018-11,T40QFM,0.045735332225166764,0,0.7250074506564916
S2A_MSIL2A_20181112T064111_R120_T40QFM_20201008T180035_0000.jpg,S2A_MSIL2A_20181112T064111_R120_T40QFM_20201008T180035,0,2018-11,T40QFM,0.026387323157129623,0,0.7250074506564916
S2A_MSIL2A_20181112T064111_R120_T40QFM_20201008T180035_0001.jpg,S2A_MSIL2A_20181112T064111_R120_T40QFM_20201008T180035,0,2018-11,T40QFM,0.026387323157129623,0,0.7250074506564916
S2A_MSIL2A_20181122T064151_R120_T40QFM_20201008T204126_0000.jpg,S2A_MSIL2A_20181122T064151_R120_T40QFM_20201008T204126,0,2018-11,T40QFM,0.15985851183968838,0,0.7250074506564916
S2A_MSIL2A_20181122T064151_R120_T40QFM_20201008T204126_0001.jpg,S2A_MSIL2A_20181122T064151_R120_T40QFM_20201008T204126,0,2018-11,T40QFM,0.15985851183968838,0,0.7250074506564916
S2B_MSIL2A_20181207T064239_R120_T40QFM_20201008T081206_0000.jpg,S2B_MSIL2A_20181207T064239_R120_T40QFM_20201008T081206,0,2018-12,T40QFM,0.007626192817252946,0,0.7250074506564916
S2B_MSIL2A_20181207T064239_R120_T40QFM_20201008T081206_0001.jpg,S2B_MSIL2A_20181207T064239_R120_T40QFM_20201008T081206,0,2018-12,T40QFM,0.007626192817252946,0,0.7250074506564916
S2A_MSIL2A_20181212T064251_R120_T40QFM_20201008T092507_0000.jpg,S2A_MSIL2A_20181212T064251_R120_T40QFM_20201008T092507,1,2018-12,T40QFM,0.9256781582772673,1,0.7250074506564916
S2A_MSIL2A_20181212T064251_R120_T40QFM_20201008T092507_0001.jpg,S2A_MSIL2A_20181212T064251_R120_T40QFM_20201008T092507,1,2018-12,T40QFM,0.9256781582772673,1,0.7250074506564916
S2B_MSIL2A_20181217T064259_R120_T40QFM_20201008T105525_0000.jpg,S2B_MSIL2A_20181217T064259_R120_T40QFM_20201008T105525,1,2018-12,T40QFM,0.9294857157599776,1,0.7250074506564916
S2B_MSIL2A_20181217T064259_R120_T40QFM_20201008T105525_0001.jpg,S2B_MSIL2A_20181217T064259_R120_T40QFM_20201008T105525,1,2018-12,T40QFM,0.9294857157599776,1,0.7250074506564916
S2B_MSIL2A_20190106T064249_R120_T40QFM_20201007T231950_0000.jpg,S2B_MSIL2A_20190106T064249_R120_T40QFM_20201007T231950,0,2019-01,T40QFM,0.006826000865538377,0,0.7250074506564916
S2B_MSIL2A_20190106T064249_R120_T40QFM_20201007T231950_0001.jpg,S2B_MSIL2A_20190106T064249_R120_T40QFM_20201007T231950,0,2019-01,T40QFM,0.006826000865538377,0,0.7250074506564916
S2A_MSIL2A_20190121T064201_R120_T40QFM_20201008T031932_0000.jpg,S2A_MSIL2A_20190121T064201_R120_T40QFM_20201008T031932,0,2019-01,T40QFM,0.002575082140297942,0,0.7250074506564916
S2A_MSIL2A_20190121T064201_R120_T40QFM_20201008T031932_0001.jpg,S2A_MSIL2A_20190121T064201_R120_T40QFM_20201008T031932,0,2019-01,T40QFM,0.002575082140297942,0,0.7250074506564916
S2B_MSIL2A_20190126T064139_R120_T40QFM_20201008T045151_0000.jpg,S2B_MSIL2A_20190126T064139_R120_T40QFM_20201008T045151,0,2019-01,T40QFM,0.1367186542217967,0,0.7250074506564916
S2B_MSIL2A_20190126T064139_R120_T40QFM_20201008T045151_0001.jpg,S2B_MSIL2A_20190126T064139_R120_T40QFM_20201008T045151,0,2019-01,T40QFM,0.1367186542217967,0,0.7250074506564916
S2B_MSIL2A_20190205T064049_R120_T40QFM_20201007T141559_0000.jpg,S2B_MSIL2A_20190205T064049_R120_T40QFM_20201007T141559,0,2019-02,T40QFM,0.03487451058754543,0,0.7250074506564916
S2B_MSIL2A_20190205T064049_R120_T40QFM_20201007T141559_0001.jpg,S2B_MSIL2A_20190205T064049_R120_T40QFM_20201007T141559,0,2019-02,T40QFM,0.03487451058754543,0,0.7250074506564916
S2B_MSIL2A_20190215T063949_R120_T40QFM_20201030T013007_0000.jpg,S2B_MSIL2A_20190215T063949_R120_T40QFM_20201030T013007,1,2019-02,T40QFM,0.8931476878364965,1,0.7250074506564916
S2B_MSIL2A_20190215T063949_R120_T40QFM_20201030T013007_0001.jpg,S2B_MSIL2A_20190215T063949_R120_T40QFM_20201030T013007,1,2019-02,T40QFM,0.8931476878364965,1,0.7250074506564916
S2A_MSIL2A_20190312T063651_R120_T40QFM_20221204T175916_0000.jpg,S2A_MSIL2A_20190312T063651_R120_T40QFM_20221204T175916,0,2019-03,T40QFM,0.2262708101771418,0,0.7250074506564916
S2A_MSIL2A_20190312T063651_R120_T40QFM_20221204T175916_0001.jpg,S2A_MSIL2A_20190312T063651_R120_T40QFM_20221204T175916,0,2019-03,T40QFM,0.2262708101771418,0,0.7250074506564916
S2B_MSIL2A_20190317T063629_R120_T40QFM_20201007T074128_0000.jpg,S2B_MSIL2A_20190317T063629_R120_T40QFM_20201007T074128,1,2019-03,T40QFM,0.8806303329299925,1,0.7250074506564916
S2B_MSIL2A_20190317T063629_R120_T40QFM_20201007T074128_0001.jpg,S2B_MSIL2A_20190317T063629_R120_T40QFM_20201007T074128,1,2019-03,T40QFM,0.8806303329299925,1,0.7250074506564916
S2A_MSIL2A_20190401T063631_R120_T40QFM_20201006T205110_0000.jpg,S2A_MSIL2A_20190401T063631_R120_T40QFM_20201006T205110,1,2019-04,T40QFM,0.8739554435935977,1,0.7250074506564916
S2A_MSIL2A_20190401T063631_R120_T40QFM_20201006T205110_0001.jpg,S2A_MSIL2A_20190401T063631_R120_T40QFM_20201006T205110,1,2019-04,T40QFM,0.8739554435935977,1,0.7250074506564916
S2A_MSIL2A_20190421T063631_R120_T40QFM_20201105T132237_0000.jpg,S2A_MSIL2A_20190421T063631_R120_T40QFM_20201105T132237,0,2019-04,T40QFM,0.051020717901782635,0,0.7250074506564916
S2A_MSIL2A_20190421T063631_R120_T40QFM_20201105T132237_0001.jpg,S2A_MSIL2A_20190421T063631_R120_T40QFM_20201105T132237,0,2019-04,T40QFM,0.051020717901782635,0,0.7250074506564916
S2B_MSIL2A_20190426T063629_R120_T40QFM_20201105T192133_0000.jpg,S2B_MSIL2A_20190426T063629_R120_T40QFM_20201105T192133,0,2019-04,T40QFM,0.017811512915517354,0,0.7250074506564916
S2B_MSIL2A_20190426T063629_R120_T40QFM_20201105T192133_0001.jpg,S2B_MSIL2A_20190426T063629_R120_T40QFM_20201105T192133,0,2019-04,T40QFM,0.017811512915517354,0,0.7250074506564916
S2A_MSIL2A_20190501T063631_R120_T40QFM_20201006T083335_0000.jpg,S2A_MSIL2A_20190501T063631_R120_T40QFM_20201006T083335,0,2019-05,T40QFM,0.02692112526038664,0,0.7250074506564916
S2A_MSIL2A_20190501T063631_R120_T40QFM_20201006T083335_0001.jpg,S2A_MSIL2A_20190501T063631_R120_T40QFM_20201006T083335,0,2019-05,T40QFM,0.02692112526038664,0,0.7250074506564916
S2B_MSIL2A_20190516T063639_R120_T40QFM_20201006T145732_0000.jpg,S2B_MSIL2A_20190516T063639_R120_T40QFM_20201006T145732,0,2019-05,T40QFM,0.1430928701094271,0,0.7250074506564916
S2B_MSIL2A_20190516T063639_R120_T40QFM_20201006T145732_0001.jpg,S2B_MSIL2A_20190516T063639_R120_T40QFM_20201006T145732,0,2019-05,T40QFM,0.1430928701094271,0,0.7250074506564916
S2A_MSIL2A_20190620T063631_R120_T40QFM_20201006T042636_0000.jpg,S2A_MSIL2A_20190620T063631_R120_T40QFM_20201006T042636,1,2019-06,T40QFM,0.954616030302883,1,0.7250074506564916
S2A_MSIL2A_20190620T063631_R120_T40QFM_20201006T042636_0001.jpg,S2A_MSIL2A_20190620T063631_R120_T40QFM_20201006T042636,1,2019-06,T40QFM,0.954616030302883,1,0.7250074506564916
S2B_MSIL2A_20190625T063639_R120_T40QFM_20201006T061706_0000.jpg,S2B_MSIL2A_20190625T063639_R120_T40QFM_20201006T061706,1,2019-06,T40QFM,0.9572605474096612,1,0.7250074506564916
S2B_MSIL2A_20190625T063639_R120_T40QFM_20201006T061706_0001.jpg,S2B_MSIL2A_20190625T063639_R120_T40QFM_20201006T061706,1,2019-06,T40QFM,0.9572605474096612,1,0.7250074506564916
S2B_MSIL2A_20190715T063639_R120_T40QFM_20201005T143128_0000.jpg,S2B_MSIL2A_20190715T063639_R120_T40QFM_20201005T143128,1,2019-07,T40QFM,0.7250074506564916,1,0.7250074506564916
S2B_MSIL2A_20190715T063639_R120_T40QFM_20201005T143128_0001.jpg,S2B_MSIL2A_20190715T063639_R120_T40QFM_20201005T143128,1,2019-07,T40QFM,0.7250074506564916,1,0.7250074506564916
S2B_MSIL2A_20190804T063639_R120_T40QFM_20201004T202513_0000.jpg,S2B_MSIL2A_20190804T063639_R120_T40QFM_20201004T202513,0,2019-08,T40QFM,0.07146801895034632,0,0.7250074506564916
S2B_MSIL2A_20190804T063639_R120_T40QFM_20201004T202513_0001.jpg,S2B_MSIL2A_20190804T063639_R120_T40QFM_20201004T202513,0,2019-08,T40QFM,0.07146801895034632,0,0.7250074506564916
S2B_MSIL2A_20190814T063629_R120_T40QFM_20201005T002201_0000.jpg,S2B_MSIL2A_20190814T063629_R120_T40QFM_20201005T002201,1,2019-08,T40QFM,0.6660922978103243,0,0.7250074506564916
S2B_MSIL2A_20190814T063629_R120_T40QFM_20201005T002201_0001.jpg,S2B_MSIL2A_20190814T063629_R120_T40QFM_20201005T002201,1,2019-08,T40QFM,0.6660922978103243,0,0.7250074506564916
S2B_MSIL2A_20190824T063629_R120_T40QFM_20201005T042221_0000.jpg,S2B_MSIL2A_20190824T063629_R120_T40QFM_20201005T042221,0,2019-08,T40QFM,0.05039253279024214,0,0.7250074506564916
S2B_MSIL2A_20190824T063629_R120_T40QFM_20201005T042221_0001.jpg,S2B_MSIL2A_20190824T063629_R120_T40QFM_20201005T042221,0,2019-08,T40QFM,0.05039253279024214,0,0.7250074506564916
S2B_MSIL2A_20190903T063629_R120_T40QFM_20201004T085303_0000.jpg,S2B_MSIL2A_20190903T063629_R120_T40QFM_20201004T085303,1,2019-09,T40QFM,0.9555906439033793,1,0.7250074506564916
S2B_MSIL2A_20190903T063629_R120_T40QFM_20201004T085303_0001.jpg,S2B_MSIL2A_20190903T063629_R120_T40QFM_20201004T085303,1,2019-09,T40QFM,0.9555906439033793,1,0.7250074506564916
S2A_MSIL2A_20190918T063631_R120_T40QFM_20201004T142723_0000.jpg,S2A_MSIL2A_20190918T063631_R120_T40QFM_20201004T142723,0,2019-09,T40QFM,0.028720287872750803,0,0.7250074506564916
S2A_MSIL2A_20190918T063631_R120_T40QFM_20201004T142723_0001.jpg,S2A_MSIL2A_20190918T063631_R120_T40QFM_20201004T142723,0,2019-09,T40QFM,0.028720287872750803,0,0.7250074506564916
S2B_MSIL2A_20191003T063709_R120_T40QFM_20201003T221213_0000.jpg,S2B_MSIL2A_20191003T063709_R120_T40QFM_20201003T221213,1,2019-10,T40QFM,0.907662363858371,1,0.7250074506564916
S2B_MSIL2A_20191003T063709_R120_T40QFM_20201003T221213_0001.jpg,S2B_MSIL2A_20191003T063709_R120_T40QFM_20201003T221213,1,2019-10,T40QFM,0.907662363858371,1,0.7250074506564916
S2B_MSIL2A_20191013T063819_R120_T40QFM_20201004T015449_0000.jpg,S2B_MSIL2A_20191013T063819_R120_T40QFM_20201004T015449,0,2019-10,T40QFM,0.026339306719565758,0,0.7250074506564916
S2B_MSIL2A_20191013T063819_R120_T40QFM_20201004T015449_0001.jpg,S2B_MSIL2A_20191013T063819_R120_T40QFM_20201004T015449,0,2019-10,T40QFM,0.026339306719565758,0,0.7250074506564916
S2A_MSIL2A_20191018T063851_R120_T40QFM_20201004T033421_0000.jpg,S2A_MSIL2A_20191018T063851_R120_T40QFM_20201004T033421,0,2019-10,T40QFM,0.01906595839755911,0,0.7250074506564916
S2A_MSIL2A_20191018T063851_R120_T40QFM_20201004T033421_0001.jpg,S2A_MSIL2A_20191018T063851_R120_T40QFM_20201004T033421,0,2019-10,T40QFM,0.01906595839755911,0,0.7250074506564916
S2A_MSIL2A_20191028T064001_R120_T40QFM_20201004T065632_0000.jpg,S2A_MSIL2A_20191028T064001_R120_T40QFM_20201004T065632,0,2019-10,T40QFM,0.014378092772083103,0,0.7250074506564916
S2A_MSIL2A_20191028T064001_R120_T40QFM_20201004T065632_0001.jpg,S2A_MSIL2A_20191028T064001_R120_T40QFM_20201004T065632,0,2019-10,T40QFM,0.014378092772083103,0,0.7250074506564916
S2A_MSIL2A_20191107T064051_R120_T40QFM_20201106T055528_0000.jpg,S2A_MSIL2A_20191107T064051_R120_T40QFM_20201106T055528,0,2019-11,T40QFM,0.029806117252815886,0,0.7250074506564916
S2A_MSIL2A_20191107T064051_R120_T40QFM_20201106T055528_0001.jpg,S2A_MSIL2A_20191107T064051_R120_T40QFM_20201106T055528,0,2019-11,T40QFM,0.029806117252815886,0,0.7250074506564916
S2B_MSIL2A_20191112T064119_R120_T40QFM_20201003T154909_0000.jpg,S2B_MSIL2A_20191112T064119_R120_T40QFM_20201003T154909,0,2019-11,T40QFM,0.0591883236103767,0,0.7250074506564916
S2B_MSIL2A_20191112T064119_R120_T40QFM_20201003T154909_0001.jpg,S2B_MSIL2A_20191112T064119_R120_T40QFM_20201003T154909,0,2019-11,T40QFM,0.0591883236103767,0,0.7250074506564916
S2A_MSIL2A_20191127T064221_R120_T40QFM_20201003T200811_0000.jpg,S2A_MSIL2A_20191127T064221_R120_T40QFM_20201003T200811,0,2019-11,T40QFM,0.06187473658889431,0,0.7250074506564916
S2A_MSIL2A_20191127T064221_R120_T40QFM_20201003T200811_0001.jpg,S2A_MSIL2A_20191127T064221_R120_T40QFM_20201003T200811,0,2019-11,T40QFM,0.06187473658889431,0,0.7250074506564916
S2B_MSIL2A_20191212T064249_R120_T40QFM_20201003T040419_0000.jpg,S2B_MSIL2A_20191212T064249_R120_T40QFM_20201003T040419,0,2019-12,T40QFM,0.24474680954232259,0,0.7250074506564916
S2B_MSIL2A_20191212T064249_R120_T40QFM_20201003T040419_0001.jpg,S2B_MSIL2A_20191212T064249_R120_T40QFM_20201003T040419,0,2019-12,T40QFM,0.24474680954232259,0,0.7250074506564916
S2B_MSIL2A_20191222T064259_R120_T40QFM_20201003T081853_0000.jpg,S2B_MSIL2A_20191222T064259_R120_T40QFM_20201003T081853,0,2019-12,T40QFM,0.11584081518838596,0,0.7250074506564916
S2B_MSIL2A_20191222T064259_R120_T40QFM_20201003T081853_0001.jpg,S2B_MSIL2A_20191222T064259_R120_T40QFM_20201003T081853,0,2019-12,T40QFM,0.11584081518838596,0,0.7250074506564916
S2A_MSIL2A_20200106T064241_R120_T40QFM_20201002T233226_0000.jpg,S2A_MSIL2A_20200106T064241_R120_T40QFM_20201002T233226,0,2020-01,T40QFM,0.03940058760966162,0,0.7250074506564916
S2A_MSIL2A_20200106T064241_R120_T40QFM_20201002T233226_0001.jpg,S2A_MSIL2A_20200106T064241_R120_T40QFM_20201002T233226,0,2020-01,T40QFM,0.03940058760966162,0,0.7250074506564916
S2A_MSIL2A_20200116T064221_R120_T40QFM_20201002T191643_0000.jpg,S2A_MSIL2A_20200116T064221_R120_T40QFM_20201002T191643,0,2020-01,T40QFM,0.05421853124085678,0,0.7250074506564916
S2A_MSIL2A_20200116T064221_R120_T40QFM_20201002T191643_0001.jpg,S2A_MSIL2A_20200116T064221_R120_T40QFM_20201002T191643,0,2020-01,T40QFM,0.05421853124085678,0,0.7250074506564916
S2B_MSIL2A_20200131T064109_R120_T40QFM_20201002T163044_0000.jpg,S2B_MSIL2A_20200131T064109_R120_T40QFM_20201002T163044,0,2020-01,T40QFM,0.005193117595621732,0,0.7250074506564916
S2B_MSIL2A_20200131T064109_R120_T40QFM_20201002T163044_0001.jpg,S2B_MSIL2A_20200131T064109_R120_T40QFM_20201002T163044,0,2020-01,T40QFM,0.005193117595621732,0,0.7250074506564916
S2A_MSIL2A_20200205T064041_R120_T40QFM_20200930T214249_0000.jpg,S2A_MSIL2A_20200205T064041_R120_T40QFM_20200930T214249,1,2020-02,T40QFM,0.9268831166466327,1,0.7250074506564916
S2A_MSIL2A_20200205T064041_R120_T40QFM_20200930T214249_0001.jpg,S2A_MSIL2A_20200205T064041_R120_T40QFM_20200930T214249,1,2020-02,T40QFM,0.9268831166466327,1,0.7250074506564916
S2B_MSIL2A_20200210T064019_R120_T40QFM_20201001T152442_0000.jpg,S2B_MSIL2A_20200210T064019_R120_T40QFM_20201001T152442,0,2020-02,T40QFM,0.05092309080852383,0,0.7250074506564916
S2B_MSIL2A_20200210T064019_R120_T40QFM_20201001T152442_0001.jpg,S2B_MSIL2A_20200210T064019_R120_T40QFM_20201001T152442,0,2020-02,T40QFM,0.05092309080852383,0,0.7250074506564916
S2A_MSIL2A_20200225T063841_R120_T40QFM_20200928T062856_0000.jpg,S2A_MSIL2A_20200225T063841_R120_T40QFM_20200928T062856,0,2020-02,T40QFM,0.16516687685933956,0,0.7250074506564916
S2A_MSIL2A_20200225T063841_R120_T40QFM_20200928T062856_0001.jpg,S2A_MSIL2A_20200225T063841_R120_T40QFM_20200928T062856,0,2020-02,T40QFM,0.16516687685933956,0,0.7250074506564916
S2B_MSIL2A_20200301T063809_R120_T40QFM_20200925T231049_0000.jpg,S2B_MSIL2A_20200301T063809_R120_T40QFM_20200925T231049,0,2020-03,T40QFM,0.2709129502708124,0,0.7250074506564916
S2B_MSIL2A_20200301T063809_R120_T40QFM_20200925T231049_0001.jpg,S2B_MSIL2A_20200301T063809_R120_T40QFM_20200925T231049,0,2020-03,T40QFM,0.2709129502708124,0,0.7250074506564916
S2B_MSIL2A_20200331T063629_R120_T40QFM_20201022T153445_0000.jpg,S2B_MSIL2A_20200331T063629_R120_T40QFM_20201022T153445,0,2020-03,T40QFM,0.014272131785507642,0,0.7250074506564916
S2B_MSIL2A_20200331T063629_R120_T40QFM_20201022T153445_0001.jpg,S2B_MSIL2A_20200331T063629_R120_T40QFM_20201022T153445,0,2020-03,T40QFM,0.014272131785507642,0,0.7250074506564916
S2A_MSIL2A_20200405T063621_R120_T40QFM_20200925T015236_0000.jpg,S2A_MSIL2A_20200405T063621_R120_T40QFM_20200925T015236,0,2020-04,T40QFM,0.0698818689372763,0,0.7250074506564916
S2A_MSIL2A_20200405T063621_R120_T40QFM_20200925T015236_0001.jpg,S2A_MSIL2A_20200405T063621_R120_T40QFM_20200925T015236,0,2020-04,T40QFM,0.0698818689372763,0,0.7250074506564916
S2B_MSIL2A_20200410T063619_R120_T40QFM_20200925T195159_0000.jpg,S2B_MSIL2A_20200410T063619_R120_T40QFM_20200925T195159,0,2020-04,T40QFM,0.025659553897347656,0,0.7250074506564916
S2B_MSIL2A_20200410T063619_R120_T40QFM_20200925T195159_0001.jpg,S2B_MSIL2A_20200410T063619_R120_T40QFM_20200925T195159,0,2020-04,T40QFM,0.025659553897347656,0,0.7250074506564916
S2A_MSIL2A_20200425T063631_R120_T40QFM_20200922T002530_0000.jpg,S2A_MSIL2A_20200425T063631_R120_T40QFM_20200922T002530,1,2020-04,T40QFM,0.879030228128091,1,0.7250074506564916
S2A_MSIL2A_20200425T063631_R120_T40QFM_20200922T002530_0001.jpg,S2A_MSIL2A_20200425T063631_R120_T40QFM_20200922T002530,1,2020-04,T40QFM,0.879030228128091,1,0.7250074506564916
S2A_MSIL2A_20200505T063631_R120_T40QFM_20200920T135246_0000.jpg,S2A_MSIL2A_20200505T063631_R120_T40QFM_20200920T135246,0,2020-05,T40QFM,0.033492038319056325,0,0.7250074506564916
S2A_MSIL2A_20200505T063631_R120_T40QFM_20200920T135246_0001.jpg,S2A_MSIL2A_20200505T063631_R120_T40QFM_20200920T135246,0,2020-05,T40QFM,0.033492038319056325,0,0.7250074506564916
S2A_MSIL2A_20200515T063631_R120_T40QFM_20200918T063232_0000.jpg,S2A_MSIL2A_20200515T063631_R120_T40QFM_20200918T063232,0,2020-05,T40QFM,0.019135711630180643,0,0.7250074506564916
S2A_MSIL2A_20200515T063631_R120_T40QFM_20200918T063232_0001.jpg,S2A_MSIL2A_20200515T063631_R120_T40QFM_20200918T063232,0,2020-05,T40QFM,0.019135711630180643,0,0.7250074506564916
S2A_MSIL2A_20200525T063631_R120_T40QFM_20200910T213823_0000.jpg,S2A_MSIL2A_20200525T063631_R120_T40QFM_20200910T213823,1,2020-05,T40QFM,0.8037638142599788,1,0.7250074506564916
S2A_MSIL2A_20200525T063631_R120_T40QFM_20200910T213823_0001.jpg,S2A_MSIL2A_20200525T063631_R120_T40QFM_20200910T213823,1,2020-05,T40QFM,0.8037638142599788,1,0.7250074506564916
S2A_MSIL2A_20200604T063631_R120_T40QFM_20200908T231946_0000.jpg,S2A_MSIL2A_20200604T063631_R120_T40QFM_20200908T231946,0,2020-06,T40QFM,0.008254042093000636,0,0.7250074506564916
S2A_MSIL2A_20200604T063631_R120_T40QFM_20200908T231946_0001.jpg,S2A_MSIL2A_20200604T063631_R120_T40QFM_20200908T231946,0,2020-06,T40QFM,0.008254042093000636,0,0.7250074506564916
S2B_MSIL2A_20200609T063629_R120_T40QFM_20200826T182918_0000.jpg,S2B_MSIL2A_20200609T063629_R120_T40QFM_20200826T182918,0,2020-06,T40QFM,0.4849040171452215,0,0.7250074506564916
S2B_MSIL2A_20200609T063629_R120_T40QFM_20200826T182918_0001.jpg,S2B_MSIL2A_20200609T063629_R120_T40QFM_20200826T182918,0,2020-06,T40QFM,0.4849040171452215,0,0.7250074506564916
S2A_MSIL2A_20200624T063631_R120_T40QFM_20200823T214846_0000.jpg,S2A_MSIL2A_20200624T063631_R120_T40QFM_20200823T214846,0,2020-06,T40QFM,0.2332478346469624,0,0.7250074506564916
S2A_MSIL2A_20200624T063631_R120_T40QFM_20200823T214846_0001.jpg,S2A_MSIL2A_20200624T063631_R120_T40QFM_20200823T214846,0,2020-06,T40QFM,0.2332478346469624,0,0.7250074506564916
S2B_MSIL2A_20200629T063629_R120_T40QFM_20200908T231949_0000.jpg,S2B_MSIL2A_20200629T063629_R120_T40QFM_20200908T231949,0,2020-06,T40QFM,0.014751338194239568,0,0.7250074506564916
S2B_MSIL2A_20200629T063629_R120_T40QFM_20200908T231949_0001.jpg,S2B_MSIL2A_20200629T063629_R120_T40QFM_20200908T231949,0,2020-06,T40QFM,0.014751338194239568,0,0.7250074506564916
S2A_MSIL2A_20200724T063631_R120_T40QFM_20200817T081946_0000.jpg,S2A_MSIL2A_20200724T063631_R120_T40QFM_20200817T081946,0,2020-07,T40QFM,0.004826903688435706,0,0.7250074506564916
S2A_MSIL2A_20200724T063631_R120_T40QFM_20200817T081946_0001.jpg,S2A_MSIL2A_20200724T063631_R120_T40QFM_20200817T081946,0,2020-07,T40QFM,0.004826903688435706,0,0.7250074506564916
S2B_MSIL2A_20200729T063629_R120_T40QFM_20200818T011759_0000.jpg,S2B_MSIL2A_20200729T063629_R120_T40QFM_20200818T011759,1,2020-07,T40QFM,0.9807164679289097,1,0.7250074506564916
S2B_MSIL2A_20200729T063629_R120_T40QFM_20200818T011759_0001.jpg,S2B_MSIL2A_20200729T063629_R120_T40QFM_20200818T011759,1,2020-07,T40QFM,0.9807164679289097,1,0.7250074506564916
S2A_MSIL2A_20200803T063631_R120_T40QFM_20200815T232333_0000.jpg,S2A_MSIL2A_20200803T063631_R120_T40QFM_20200815T232333,0,2020-08,T40QFM,0.12305999141084746,0,0.7250074506564916
S2A_MSIL2A_20200803T063631_R120_T40QFM_20200815T232333_0001.jpg,S2A_MSIL2A_20200803T063631_R120_T40QFM_20200815T232333,0,2020-08,T40QFM,0.12305999141084746,0,0.7250074506564916
S2A_MSIL2A_20200813T063631_R120_T40QFM_20200815T004711_0000.jpg,S2A_MSIL2A_20200813T063631_R120_T40QFM_20200815T004711,1,2020-08,T40QFM,0.925602380670605,1,0.7250074506564916
S2A_MSIL2A_20200813T063631_R120_T40QFM_20200815T004711_0001.jpg,S2A_MSIL2A_20200813T063631_R120_T40QFM_20200815T004711,1,2020-08,T40QFM,0.925602380670605,1,0.7250074506564916
S2B_MSIL2A_20200818T063629_R120_T40QFM_20200822T141329_0000.jpg,S2B_MSIL2A_20200818T063629_R120_T40QFM_20200822T141329,1,2020-08,T40QFM,0.8618041809313196,1,0.7250074506564916
S2B_MSIL2A_20200818T063629_R120_T40QFM_20200822T141329_0001.jpg,S2B_MSIL2A_20200818T063629_R120_T40QFM_20200822T141329,1,2020-08,T40QFM,0.8618041809313196,1,0.7250074506564916
S2B_MSIL2A_20200907T063629_R120_T40QFM_20200911T185901_0000.jpg,S2B_MSIL2A_20200907T063629_R120_T40QFM_20200911T185901,0,2020-09,T40QFM,0.005303935186332329,0,0.7250074506564916
S2B_MSIL2A_20200907T063629_R120_T40QFM_20200911T185901_0001.jpg,S2B_MSIL2A_20200907T063629_R120_T40QFM_20200911T185901,0,2020-09,T40QFM,0.005303935186332329,0,0.7250074506564916
S2B_MSIL2A_20200917T063629_R120_T40QFM_20200921T070854_0000.jpg,S2B_MSIL2A_20200917T063629_R120_T40QFM_20200921T070854,0,2020-09,T40QFM,0.12741892279809708,0,0.7250074506564916
S2B_MSIL2A_20200917T063629_R120_T40QFM_20200921T070854_0001.jpg,S2B_MSIL2A_20200917T063629_R120_T40QFM_20200921T070854,0,2020-09,T40QFM,0.12741892279809708,0,0.7250074506564916
S2A_MSIL2A_20201012T063821_R120_T40QFM_20201014T110847_0000.jpg,S2A_MSIL2A_20201012T063821_R120_T40QFM_20201014T110847,0,2020-10,T40QFM,0.14085358595482722,0,0.7250074506564916
S2A_MSIL2A_20201012T063821_R120_T40QFM_20201014T110847_0001.jpg,S2A_MSIL2A_20201012T063821_R120_T40QFM_20201014T110847,0,2020-10,T40QFM,0.14085358595482722,0,0.7250074506564916
S2B_MSIL2A_20201017T063849_R120_T40QFM_20201027T140630_0000.jpg,S2B_MSIL2A_20201017T063849_R120_T40QFM_20201027T140630,0,2020-10,T40QFM,0.003998016048019091,0,0.7250074506564916
S2B_MSIL2A_20201017T063849_R120_T40QFM_20201027T140630_0001.jpg,S2B_MSIL2A_20201017T063849_R120_T40QFM_20201027T140630,0,2020-10,T40QFM,0.003998016048019091,0,0.7250074506564916
S2A_MSIL2A_20201111T064121_R120_T40QFM_20201113T141747_0000.jpg,S2A_MSIL2A_20201111T064121_R120_T40QFM_20201113T141747,0,2020-11,T40QFM,0.03963213949605101,0,0.7250074506564916
S2A_MSIL2A_20201111T064121_R120_T40QFM_20201113T141747_0001.jpg,S2A_MSIL2A_20201111T064121_R120_T40QFM_20201113T141747,0,2020-11,T40QFM,0.03963213949605101,0,0.7250074506564916
S2A_MSIL2A_20201121T064201_R120_T40QFM_20201123T113122_0000.jpg,S2A_MSIL2A_20201121T064201_R120_T40QFM_20201123T113122,1,2020-11,T40QFM,0.7738902029440167,1,0.7250074506564916
S2A_MSIL2A_20201121T064201_R120_T40QFM_20201123T113122_0001.jpg,S2A_MSIL2A_20201121T064201_R120_T40QFM_20201123T113122,1,2020-11,T40QFM,0.7738902029440167,1,0.7250074506564916
S2B_MSIL2A_20201126T064219_R120_T40QFM_20201127T061815_0000.jpg,S2B_MSIL2A_20201126T064219_R120_T40QFM_20201127T061815,0,2020-11,T40QFM,0.016894064345547535,0,0.7250074506564916
S2B_MSIL2A_20201126T064219_R120_T40QFM_20201127T061815_0001.jpg,S2B_MSIL2A_20201126T064219_R120_T40QFM_20201127T061815,0,2020-11,T40QFM,0.016894064345547535,0,0.7250074506564916
S2B_MSIL2A_20201216T064259_R120_T40QFM_20201216T224403_0000.jpg,S2B_MSIL2A_20201216T064259_R120_T40QFM_20201216T224403,0,2020-12,T40QFM,0.036666205616630046,0,0.7250074506564916
S2B_MSIL2A_20201216T064259_R120_T40QFM_20201216T224403_0001.jpg,S2B_MSIL2A_20201216T064259_R120_T40QFM_20201216T224403,0,2020-12,T40QFM,0.036666205616630046,0,0.7250074506564916
S2A_MSIL2A_20201221T064301_R120_T40QFM_20201222T140849_0000.jpg,S2A_MSIL2A_20201221T064301_R120_T40QFM_20201222T140849,0,2020-12,T40QFM,0.05791656816846972,0,0.7250074506564916
S2A_MSIL2A_20201221T064301_R120_T40QFM_20201222T140849_0001.jpg,S2A_MSIL2A_20201221T064301_R120_T40QFM_20201222T140849,0,2020-12,T40QFM,0.05791656816846972,0,0.7250074506564916
S2A_MSIL2A_20201231T064301_R120_T40QFM_20210104T124741_0000.jpg,S2A_MSIL2A_20201231T064301_R120_T40QFM_20210104T124741,0,2020-12,T40QFM,0.11432389310050332,0,0.7250074506564916
S2A_MSIL2A_20201231T064301_R120_T40QFM_20210104T124741_0001.jpg,S2A_MSIL2A_20201231T064301_R120_T40QFM_20210104T124741,0,2020-12,T40QFM,0.11432389310050332,0,0.7250074506564916
S2A_MSIL2A_20210110T064241_R120_T40QFM_20210111T000640_0000.jpg,S2A_MSIL2A_20210110T064241_R120_T40QFM_20210111T000640,1,2021-01,T40QFM,0.9881022346006566,1,0.7250074506564916
S2A_MSIL2A_20210110T064241_R120_T40QFM_20210111T000640_0001.jpg,S2A_MSIL2A_20210110T064241_R120_T40QFM_20210111T000640,1,2021-01,T40QFM,0.9881022346006566,1,0.7250074506564916
S2A_MSIL2A_20210120T064211_R120_T40QFM_20210120T204526_0000.jpg,S2A_MSIL2A_20210120T064211_R120_T40QFM_20210120T204526,0,2021-01,T40QFM,0.010424271461111257,0,0.7250074506564916
S2A_MSIL2A_20210120T064211_R120_T40QFM_20210120T204526_0001.jpg,S2A_MSIL2A_20210120T064211_R120_T40QFM_20210120T204526,0,2021-01,T40QFM,0.010424271461111257,0,0.7250074506564916
S2A_MSIL2A_20210130T064121_R120_T40QFM_20210130T202726_0000.jpg,S2A_MSIL2A_20210130T064121_R120_T40QFM_20210130T202726,0,2021-01,T40QFM,0.0062660689200779805,0,0.7250074506564916
S2A_MSIL2A_20210130T064121_R120_T40QFM_20210130T202726_0001.jpg,S2A_MSIL2A_20210130T064121_R120_T40QFM_20210130T202726,0,2021-01,T40QFM,0.0062660689200779805,0,0.7250074506564916
S2B_MSIL2A_20210204T064049_R120_T40QFM_20210204T224213_0000.jpg,S2B_MSIL2A_20210204T064049_R120_T40QFM_20210204T224213,0,2021-02,T40QFM,0.362416372389909,0,0.7250074506564916
S2B_MSIL2A_20210204T064049_R120_T40QFM_20210204T224213_0001.jpg,S2B_MSIL2A_20210204T064049_R120_T40QFM_20210204T224213,0,2021-02,T40QFM,0.362416372389909,0,0.7250074506564916
S2B_MSIL2A_20210224T063839_R120_T40QFM_20210224T191634_0000.jpg,S2B_MSIL2A_20210224T063839_R120_T40QFM_20210224T191634,0,2021-02,T40QFM,0.025339618672125357,0,0.7250074506564916
S2B_MSIL2A_20210224T063839_R120_T40QFM_20210224T191634_0001.jpg,S2B_MSIL2A_20210224T063839_R120_T40QFM_20210224T191634,0,2021-02,T40QFM,0.025339618672125357,0,0.7250074506564916
S2B_MSIL2A_20210306T063729_R120_T40QFM_20210307T013550_0000.jpg,S2B_MSIL2A_20210306T063729_R120_T40QFM_20210307T013550,1,2021-03,T40QFM,0.981490859838106,1,0.7250074506564916
S2B_MSIL2A_20210306T063729_R120_T40QFM_20210307T013550_0001.jpg,S2B_MSIL2A_20210306T063729_R120_T40QFM_20210307T013550,1,2021-03,T40QFM,0.981490859838106,1,0.7250074506564916
S2A_MSIL2A_20210321T063621_R120_T40QFM_20210322T012746_0000.jpg,S2A_MSIL2A_20210321T063621_R120_T40QFM_20210322T012746,0,2021-03,T40QFM,0.08355005882311023,0,0.7250074506564916
S2A_MSIL2A_20210321T063621_R120_T40QFM_20210322T012746_0001.jpg,S2A_MSIL2A_20210321T063621_R120_T40QFM_20210322T012746,0,2021-03,T40QFM,0.08355005882311023,0,0.7250074506564916
S2A_MSIL2A_20210331T063621_R120_T40QFM_20210401T174842_0000.jpg,S2A_MSIL2A_20210331T063621_R120_T40QFM_20210401T174842,0,2021-03,T40QFM,0.009187751846637138,0,0.7250074506564916
S2A_MSIL2A_20210331T063621_R120_T40QFM_20210401T174842_0001.jpg,S2A_MSIL2A_20210331T063621_R120_T40QFM_20210401T174842,0,2021-03,T40QFM,0.009187751846637138,0,0.7250074506564916
S2B_MSIL2A_20210405T063629_R120_T40QFM_20210405T191514_0000.jpg,S2B_MSIL2A_20210405T063629_R120_T40QFM_20210405T191514,1,2021-04,T40QFM,0.9276065384915594,1,0.7250074506564916
S2B_MSIL2A_20210405T063629_R120_T40QFM_20210405T191514_0001.jpg,S2B_MSIL2A_20210405T063629_R120_T40QFM_20210405T191514,1,2021-04,T40QFM,0.9276065384915594,1,0.7250074506564916
S2B_MSIL2A_20210415T063619_R120_T40QFM_20210416T080916_0000.jpg,S2B_MSIL2A_20210415T063619_R120_T40QFM_20210416T080916,0,2021-04,T40QFM,0.08098671867581382,0,0.7250074506564916
S2B_MSIL2A_20210415T063619_R120_T40QFM_20210416T080916_0001.jpg,S2B_MSIL2A_20210415T063619_R120_T40QFM_20210416T080916,0,2021-04,T40QFM,0.08098671867581382,0,0.7250074506564916
S2A_MSIL2A_20210420T063621_R120_T40QFM_20210421T164155_0000.jpg,S2A_MSIL2A_20210420T063621_R120_T40QFM_20210421T164155,0,2021-04,T40QFM,0.05011622239600865,0,0.7250074506564916
S2A_MSIL2A_20210420T063621_R120_T40QFM_20210421T164155_0001.jpg,S2A_MSIL2A_20210420T063621_R120_T40QFM_20210421T164155,0,2021-04,T40QFM,0.05011622239600865,0,0.7250074506564916
S2B_MSIL2A_20210425T063619_R120_T40QFM_20210426T050414_0000.jpg,S2B_MSIL2A_20210425T063619_R120_T40QFM_20210426T050414,0,2021-04,T40QFM,0.01917581041214356,0,0.7250074506564916
S2B_MSIL2A_20210425T063619_R120_T40QFM_20210426T050414_0001.jpg,S2B_MSIL2A_20210425T063619_R120_T40QFM_20210426T050414,0,2021-04,T40QFM,0.01917581041214356,0,0.7250074506564916
S2A_MSIL2A_20210510T063631_R120_T40QFM_20210511T051711_0000.jpg,S2A_MSIL2A_20210510T063631_R120_T40QFM_20210511T051711,0,2021-05,T40QFM,0.044441108821013556,0,0.7250074506564916
S2A_MSIL2A_20210510T063631_R120_T40QFM_20210511T051711_0001.jpg,S2A_MSIL2A_20210510T063631_R120_T40QFM_20210511T051711,0,2021-05,T40QFM,0.044441108821013556,0,0.7250074506564916
S2B_MSIL2A_20210525T063629_R120_T40QFM_20210525T210348_0000.jpg,S2B_MSIL2A_20210525T063629_R120_T40QFM_20210525T210348,0,2021-05,T40QFM,0.10213948684439646,0,0.7250074506564916
S2B_MSIL2A_20210525T063629_R120_T40QFM_20210525T210348_0001.jpg,S2B_MSIL2A_20210525T063629_R120_T40QFM_20210525T210348,0,2021-05,T40QFM,0.10213948684439646,0,0.7250074506564916
S2B_MSIL2A_20210614T063629_R120_T40QFM_20210615T105306_0000.jpg,S2B_MSIL2A_20210614T063629_R120_T40QFM_20210615T105306,1,2021-06,T40QFM,0.8181063825941766,1,0.7250074506564916
S2B_MSIL2A_20210614T063629_R120_T40QFM_20210615T105306_0001.jpg,S2B_MSIL2A_20210614T063629_R120_T40QFM_20210615T105306,1,2021-06,T40QFM,0.8181063825941766,1,0.7250074506564916
S2A_MSIL2A_20210629T063631_R120_T40QFM_20210630T130113_0000.jpg,S2A_MSIL2A_20210629T063631_R120_T40QFM_20210630T130113,0,2021-06,T40QFM,0.18732704780901574,0,0.7250074506564916
S2A_MSIL2A_20210629T063631_R120_T40QFM_20210630T130113_0001.jpg,S2A_MSIL2A_20210629T063631_R120_T40QFM_20210630T130113,0,2021-06,T40QFM,0.18732704780901574,0,0.7250074506564916
S2B_MSIL2A_20210704T063629_R120_T40QFM_20210704T182853_0000.jpg,S2B_MSIL2A_20210704T063629_R120_T40QFM_20210704T182853,1,2021-07,T40QFM,0.8509687884033843,1,0.7250074506564916
S2B_MSIL2A_20210704T063629_R120_T40QFM_20210704T182853_0001.jpg,S2B_MSIL2A_20210704T063629_R120_T40QFM_20210704T182853,1,2021-07,T40QFM,0.8509687884033843,1,0.7250074506564916
S2A_MSIL2A_20210719T063631_R120_T40QFM_20210719T155101_0000.jpg,S2A_MSIL2A_20210719T063631_R120_T40QFM_20210719T155101,0,2021-07,T40QFM,0.18961795903678139,0,0.7250074506564916
S2A_MSIL2A_20210719T063631_R120_T40QFM_20210719T155101_0001.jpg,S2A_MSIL2A_20210719T063631_R120_T40QFM_20210719T155101,0,2021-07,T40QFM,0.18961795903678139,0,0.7250074506564916
S2A_MSIL2A_20210729T063631_R120_T40QFM_20210803T224545_0000.jpg,S2A_MSIL2A_20210729T063631_R120_T40QFM_20210803T224545,1,2021-07,T40QFM,0.959604977357113,1,0.7250074506564916
S2A_MSIL2A_20210729T063631_R120_T40QFM_20210803T224545_0001.jpg,S2A_MSIL2A_20210729T063631_R120_T40QFM_20210803T224545,1,2021-07,T40QFM,0.959604977357113,1,0.7250074506564916
S2B_MSIL2A_20210813T063629_R120_T40QFM_20210813T174733_0000.jpg,S2B_MSIL2A_20210813T063629_R120_T40QFM_20210813T174733,1,2021-08,T40QFM,0.8983235328506527,1,0.7250074506564916
S2B_MSIL2A_20210813T063629_R120_T40QFM_20210813T174733_0001.jpg,S2B_MSIL2A_20210813T063629_R120_T40QFM_20210813T174733,1,2021-08,T40QFM,0.8983235328506527,1,0.7250074506564916
S2A_MSIL2A_20210828T063631_R120_T40QFM_20210828T164957_0000.jpg,S2A_MSIL2A_20210828T063631_R120_T40QFM_20210828T164957,0,2021-08,T40QFM,0.009802848860917203,0,0.7250074506564916
S2A_MSIL2A_20210828T063631_R120_T40QFM_20210828T164957_0001.jpg,S2A_MSIL2A_20210828T063631_R120_T40QFM_20210828T164957,0,2021-08,T40QFM,0.009802848860917203,0,0.7250074506564916
S2B_MSIL2A_20210902T063619_R120_T40QFM_20210902T200944_0000.jpg,S2B_MSIL2A_20210902T063619_R120_T40QFM_20210902T200944,0,2021-09,T40QFM,0.4931034736189184,0,0.7250074506564916
S2B_MSIL2A_20210902T063619_R120_T40QFM_20210902T200944_0001.jpg,S2B_MSIL2A_20210902T063619_R120_T40QFM_20210902T200944,0,2021-09,T40QFM,0.4931034736189184,0,0.7250074506564916
S2B_MSIL2A_20210912T063619_R120_T40QFM_20210912T120623_0000.jpg,S2B_MSIL2A_20210912T063619_R120_T40QFM_20210912T120623,1,2021-09,T40QFM,0.8838968655936531,1,0.7250074506564916
S2B_MSIL2A_20210912T063619_R120_T40QFM_20210912T120623_0001.jpg,S2B_MSIL2A_20210912T063619_R120_T40QFM_20210912T120623,1,2021-09,T40QFM,0.8838968655936531,1,0.7250074506564916
S2B_MSIL2A_20210922T063629_R120_T40QFM_20210922T213701_0000.jpg,S2B_MSIL2A_20210922T063629_R120_T40QFM_20210922T213701,0,2021-09,T40QFM,0.24398504018218561,0,0.7250074506564916
S2B_MSIL2A_20210922T063629_R120_T40QFM_20210922T213701_0001.jpg,S2B_MSIL2A_20210922T063629_R120_T40QFM_20210922T213701,0,2021-09,T40QFM,0.24398504018218561,0,0.7250074506564916
S2A_MSIL2A_20210927T063631_R120_T40QFM_20210927T154532_0000.jpg,S2A_MSIL2A_20210927T063631_R120_T40QFM_20210927T154532,0,2021-09,T40QFM,0.13285709796152134,0,0.7250074506564916
S2A_MSIL2A_20210927T063631_R120_T40QFM_20210927T154532_0001.jpg,S2A_MSIL2A_20210927T063631_R120_T40QFM_20210927T154532,0,2021-09,T40QFM,0.13285709796152134,0,0.7250074506564916
S2B_MSIL2A_20211012T063819_R120_T40QFM_20211012T230020_0000.jpg,S2B_MSIL2A_20211012T063819_R120_T40QFM_20211012T230020,0,2021-10,T40QFM,0.237818691301826,0,0.7250074506564916
S2B_MSIL2A_20211012T063819_R120_T40QFM_20211012T230020_0001.jpg,S2B_MSIL2A_20211012T063819_R120_T40QFM_20211012T230020,0,2021-10,T40QFM,0.237818691301826,0,0.7250074506564916
S2A_MSIL2A_20211027T064001_R120_T40QFM_20211027T221159_0000.jpg,S2A_MSIL2A_20211027T064001_R120_T40QFM_20211027T221159,0,2021-10,T40QFM,0.00817843379951835,0,0.7250074506564916
S2A_MSIL2A_20211027T064001_R120_T40QFM_20211027T221159_0001.jpg,S2A_MSIL2A_20211027T064001_R120_T40QFM_20211027T221159,0,2021-10,T40QFM,0.00817843379951835,0,0.7250074506564916
S2A_MSIL2A_20211106T064051_R120_T40QFM_20211106T223432_0000.jpg,S2A_MSIL2A_20211106T064051_R120_T40QFM_20211106T223432,0,2021-11,T40QFM,0.11021037427057687,0,0.7250074506564916
S2A_MSIL2A_20211106T064051_R120_T40QFM_20211106T223432_0001.jpg,S2A_MSIL2A_20211106T064051_R120_T40QFM_20211106T223432,0,2021-11,T40QFM,0.11021037427057687,0,0.7250074506564916
S2A_MSIL2A_20211116T064141_R120_T40QFM_20211116T225418_0000.jpg,S2A_MSIL2A_20211116T064141_R120_T40QFM_20211116T225418,0,2021-11,T40QFM,0.010097419619075076,0,0.7250074506564916
S2A_MSIL2A_20211116T064141_R120_T40QFM_20211116T225418_0001.jpg,S2A_MSIL2A_20211116T064141_R120_T40QFM_20211116T225418,0,2021-11,T40QFM,0.010097419619075076,0,0.7250074506564916
S2B_MSIL2A_20211121T064159_R120_T40QFM_20211121T155950_0000.jpg,S2B_MSIL2A_20211121T064159_R120_T40QFM_20211121T155950,0,2021-11,T40QFM,0.013818992106165011,0,0.7250074506564916
S2B_MSIL2A_20211121T064159_R120_T40QFM_20211121T155950_0001.jpg,S2B_MSIL2A_20211121T064159_R120_T40QFM_20211121T155950,0,2021-11,T40QFM,0.013818992106165011,0,0.7250074506564916
S2A_MSIL2A_20211126T064221_R120_T40QFM_20211126T120704_0000.jpg,S2A_MSIL2A_20211126T064221_R120_T40QFM_20211126T120704,0,2021-11,T40QFM,0.23089515196343585,0,0.7250074506564916
S2A_MSIL2A_20211126T064221_R120_T40QFM_20211126T120704_0001.jpg,S2A_MSIL2A_20211126T064221_R120_T40QFM_20211126T120704,0,2021-11,T40QFM,0.23089515196343585,0,0.7250074506564916
S2A_MSIL2A_20211206T064241_R120_T40QFM_20211206T195704_0000.jpg,S2A_MSIL2A_20211206T064241_R120_T40QFM_20211206T195704,0,2021-12,T40QFM,0.025774320631653063,0,0.7250074506564916
S2A_MSIL2A_20211206T064241_R120_T40QFM_20211206T195704_0001.jpg,S2A_MSIL2A_20211206T064241_R120_T40QFM_20211206T195704,0,2021-12,T40QFM,0.025774320631653063,0,0.7250074506564916
S2B_MSIL2A_20211211T064249_R120_T40QFM_20211212T020754_0000.jpg,S2B_MSIL2A_20211211T064249_R120_T40QFM_20211212T020754,1,2021-12,T40QFM,0.9597031765687557,1,0.7250074506564916
S2B_MSIL2A_20211211T064249_R120_T40QFM_20211212T020754_0001.jpg,S2B_MSIL2A_20211211T064249_R120_T40QFM_20211212T020754,1,2021-12,T40QFM,0.9597031765687557,1,0.7250074506564916
S2A_MSIL2A_20220115T064231_R120_T40QFM_20220115T180327_0000.jpg,S2A_MSIL2A_20220115T064231_R120_T40QFM_20220115T180327,0,2022-01,T40QFM,0.005437152457299471,0,0.7250074506564916
S2A_MSIL2A_20220115T064231_R120_T40QFM_20220115T180327_0001.jpg,S2A_MSIL2A_20220115T064231_R120_T40QFM_20220115T180327,0,2022-01,T40QFM,0.005437152457299471,0,0.7250074506564916
S2B_MSIL2A_20220120T064159_R120_T40QFM_20220121T032103_0000.jpg,S2B_MSIL2A_20220120T064159_R120_T40QFM_20220121T032103,1,2022-01,T40QFM,0.7841639068554893,1,0.7250074506564916
S2B_MSIL2A_20220120T064159_R120_T40QFM_20220121T032103_0001.jpg,S2B_MSIL2A_20220120T064159_R120_T40QFM_20220121T032103,1,2022-01,T40QFM,0.7841639068554893,1,0.7250074506564916
S2B_MSIL2A_20220130T064119_R120_T40QFM_20220214T105717_0000.jpg,S2B_MSIL2A_20220130T064119_R120_T40QFM_20220214T105717,0,2022-01,T40QFM,0.00828737599419263,0,0.7250074506564916
S2B_MSIL2A_20220130T064119_R120_T40QFM_20220214T105717_0001.jpg,S2B_MSIL2A_20220130T064119_R120_T40QFM_20220214T105717,0,2022-01,T40QFM,0.00828737599419263,0,0.7250074506564916
S2A_MSIL2A_20220204T064051_R120_T40QFM_20220218T144950_0000.jpg,S2A_MSIL2A_20220204T064051_R120_T40QFM_20220218T144950,0,2022-02,T40QFM,0.25473843982093175,0,0.7250074506564916
S2A_MSIL2A_20220204T064051_R120_T40QFM_20220218T144950_0001.jpg,S2A_MSIL2A_20220204T064051_R120_T40QFM_20220218T144950,0,2022-02,T40QFM,0.25473843982093175,0,0.7250074506564916
S2B_MSIL2A_20220209T064019_R120_T40QFM_20220220T183126_0000.jpg,S2B_MSIL2A_20220209T064019_R120_T40QFM_20220220T183126,0,2022-02,T40QFM,0.17720857816515337,0,0.7250074506564916
S2B_MSIL2A_20220209T064019_R120_T40QFM_20220220T183126_0001.jpg,S2B_MSIL2A_20220209T064019_R120_T40QFM_20220220T183126,0,2022-02,T40QFM,0.17720857816515337,0,0.7250074506564916
S2B_MSIL2A_20220219T063909_R120_T40QFM_20240515T135553_0000.jpg,S2B_MSIL2A_20220219T063909_R120_T40QFM_20240515T135553,0,2022-02,T40QFM,0.01692059447081409,0,0.7250074506564916
S2B_MSIL2A_20220219T063909_R120_T40QFM_20240515T135553_0001.jpg,S2B_MSIL2A_20220219T063909_R120_T40QFM_20240515T135553,0,2022-02,T40QFM,0.01692059447081409,0,0.7250074506564916
S2A_MSIL2A_20220306T063741_R120_T40QFM_20220306T145421_0000.jpg,S2A_MSIL2A_20220306T063741_R120_T40QFM_20220306T145421,1,2022-03,T40QFM,0.39586063032785523,0,0.7250074506564916
S2A_MSIL2A_20220306T063741_R120_T40QFM_20220306T145421_0001.jpg,S2A_MSIL2A_20220306T063741_R120_T40QFM_20220306T145421,1,2022-03,T40QFM,0.39586063032785523,0,0.7250074506564916
S2B_MSIL2A_20220321T063629_R120_T40QFM_20220321T155643_0000.jpg,S2B_MSIL2A_20220321T063629_R120_T40QFM_20220321T155643,0,2022-03,T40QFM,0.03591162752233581,0,0.7250074506564916
S2B_MSIL2A_20220321T063629_R120_T40QFM_20220321T155643_0001.jpg,S2B_MSIL2A_20220321T063629_R120_T40QFM_20220321T155643,0,2022-03,T40QFM,0.03591162752233581,0,0.7250074506564916
S2A_MSIL2A_20220326T063631_R120_T40QFM_20220326T173013_0000.jpg,S2A_MSIL2A_20220326T063631_R120_T40QFM_20220326T173013,0,2022-03,T40QFM,0.010297325275095767,0,0.7250074506564916
S2A_MSIL2A_20220326T063631_R120_T40QFM_20220326T173013_0001.jpg,S2A_MSIL2A_20220326T063631_R120_T40QFM_20220326T173013,0,2022-03,T40QFM,0.010297325275095767,0,0.7250074506564916
S2A_MSIL2A_20220405T063631_R120_T40QFM_20240524T020642_0000.jpg,S2A_MSIL2A_20220405T063631_R120_T40QFM_20240524T020642,0,2022-04,T40QFM,0.017392652456674162,0,0.7250074506564916
S2A_MSIL2A_20220405T063631_R120_T40QFM_20240524T020642_0001.jpg,S2A_MSIL2A_20220405T063631_R120_T40QFM_20240524T020642,0,2022-04,T40QFM,0.017392652456674162,0,0.7250074506564916
S2B_MSIL2A_20220410T063619_R120_T40QFM_20220411T035122_0000.jpg,S2B_MSIL2A_20220410T063619_R120_T40QFM_20220411T035122,0,2022-04,T40QFM,0.017327303833954123,0,0.7250074506564916
S2B_MSIL2A_20220410T063619_R120_T40QFM_20220411T035122_0001.jpg,S2B_MSIL2A_20220410T063619_R120_T40QFM_20220411T035122,0,2022-04,T40QFM,0.017327303833954123,0,0.7250074506564916
S2A_MSIL2A_20220425T063631_R120_T40QFM_20240610T082345_0000.jpg,S2A_MSIL2A_20220425T063631_R120_T40QFM_20240610T082345,1,2022-04,T40QFM,0.8945564943813692,1,0.7250074506564916
S2A_MSIL2A_20220425T063631_R120_T40QFM_20240610T082345_0001.jpg,S2A_MSIL2A_20220425T063631_R120_T40QFM_20240610T082345,1,2022-04,T40QFM,0.8945564943813692,1,0.7250074506564916
S2A_MSIL2A_20220505T063631_R120_T40QFM_20220505T200728_0000.jpg,S2A_MSIL2A_20220505T063631_R120_T40QFM_20220505T200728,0,2022-05,T40QFM,0.06311118179521798,0,0.7250074506564916
S2A_MSIL2A_20220505T063631_R120_T40QFM_20220505T200728_0001.jpg,S2A_MSIL2A_20220505T063631_R120_T40QFM_20220505T200728,0,2022-05,T40QFM,0.06311118179521798,0,0.7250074506564916
S2A_MSIL2A_20220515T063631_R120_T40QFM_20240614T231035_0000.jpg,S2A_MSIL2A_20220515T063631_R120_T40QFM_20240614T231035,0,2022-05,T40QFM,0.0903613691375918,0,0.7250074506564916
S2A_MSIL2A_20220515T063631_R120_T40QFM_20240614T231035_0001.jpg,S2A_MSIL2A_20220515T063631_R120_T40QFM_20240614T231035,0,2022-05,T40QFM,0.0903613691375918,0,0.7250074506564916
S2B_MSIL2A_20220520T063629_R120_T40QFM_20220521T180442_0000.jpg,S2B_MSIL2A_20220520T063629_R120_T40QFM_20220521T180442,0,2022-05,T40QFM,0.06057818942369559,0,0.7250074506564916
S2B_MSIL2A_20220520T063629_R120_T40QFM_20220521T180442_0001.jpg,S2B_MSIL2A_20220520T063629_R120_T40QFM_20220521T180442,0,2022-05,T40QFM,0.06057818942369559,0,0.7250074506564916
S2B_MSIL2A_20220530T063629_R120_T40QFM_20220531T063340_0000.jpg,S2B_MSIL2A_20220530T063629_R120_T40QFM_20220531T063340,0,2022-05,T40QFM,0.17766486239512386,0,0.7250074506564916
S2B_MSIL2A_20220530T063629_R120_T40QFM_20220531T063340_0001.jpg,S2B_MSIL2A_20220530T063629_R120_T40QFM_20220531T063340,0,2022-05,T40QFM,0.17766486239512386,0,0.7250074506564916
S2A_MSIL2A_20220604T063631_R120_T40QFM_20220604T212729_0000.jpg,S2A_MSIL2A_20220604T063631_R120_T40QFM_20220604T212729,0,2022-06,T40QFM,0.02658493335291547,0,0.7250074506564916
S2A_MSIL2A_20220604T063631_R120_T40QFM_20220604T212729_0001.jpg,S2A_MSIL2A_20220604T063631_R120_T40QFM_20220604T212729,0,2022-06,T40QFM,0.02658493335291547,0,0.7250074506564916
S2A_MSIL2A_20220614T063641_R120_T40QFM_20220615T051422_0000.jpg,S2A_MSIL2A_20220614T063641_R120_T40QFM_20220615T051422,0,2022-06,T40QFM,0.19652765509141784,0,0.7250074506564916
S2A_MSIL2A_20220614T063641_R120_T40QFM_20220615T051422_0001.jpg,S2A_MSIL2A_20220614T063641_R120_T40QFM_20220615T051422,0,2022-06,T40QFM,0.19652765509141784,0,0.7250074506564916
S2B_MSIL2A_20220619T063629_R120_T40QFM_20220621T003347_0000.jpg,S2B_MSIL2A_20220619T063629_R120_T40QFM_20220621T003347,0,2022-06,T40QFM,0.044823136013276935,0,0.7250074506564916
S2B_MSIL2A_20220619T063629_R120_T40QFM_20220621T003347_0001.jpg,S2B_MSIL2A_20220619T063629_R120_T40QFM_20220621T003347,0,2022-06,T40QFM,0.044823136013276935,0,0.7250074506564916
S2A_MSIL2A_20220714T063641_R120_T40QFM_20220715T004600_0000.jpg,S2A_MSIL2A_20220714T063641_R120_T40QFM_20220715T004600,0,2022-07,T40QFM,0.30234546600557344,0,0.7250074506564916
S2A_MSIL2A_20220714T063641_R120_T40QFM_20220715T004600_0001.jpg,S2A_MSIL2A_20220714T063641_R120_T40QFM_20220715T004600,0,2022-07,T40QFM,0.30234546600557344,0,0.7250074506564916
S2A_MSIL2A_20220803T063641_R120_T40QFM_20240702T174219_0000.jpg,S2A_MSIL2A_20220803T063641_R120_T40QFM_20240702T174219,1,2022-08,T40QFM,0.8177458895146555,1,0.7250074506564916
S2A_MSIL2A_20220803T063641_R120_T40QFM_20240702T174219_0001.jpg,S2A_MSIL2A_20220803T063641_R120_T40QFM_20240702T174219,1,2022-08,T40QFM,0.8177458895146555,1,0.7250074506564916
S2A_MSIL2A_20220823T063641_R120_T40QFM_20220824T064831_0000.jpg,S2A_MSIL2A_20220823T063641_R120_T40QFM_20220824T064831,0,2022-08,T40QFM,0.16960243588868776,0,0.7250074506564916
S2A_MSIL2A_20220823T063641_R120_T40QFM_20220824T064831_0001.jpg,S2A_MSIL2A_20220823T063641_R120_T40QFM_20220824T064831,0,2022-08,T40QFM,0.16960243588868776,0,0.7250074506564916
S2B_MSIL2A_20220828T063629_R120_T40QFM_20240718T191433_0000.jpg,S2B_MSIL2A_20220828T063629_R120_T40QFM_20240718T191433,0,2022-08,T40QFM,0.19656542365004934,0,0.7250074506564916
S2B_MSIL2A_20220828T063629_R120_T40QFM_20240718T191433_0001.jpg,S2B_MSIL2A_20220828T063629_R120_T40QFM_20240718T191433,0,2022-08,T40QFM,0.19656542365004934,0,0.7250074506564916
S2B_MSIL2A_20220907T063629_R120_T40QFM_20220908T001711_0000.jpg,S2B_MSIL2A_20220907T063629_R120_T40QFM_20220908T001711,0,2022-09,T40QFM,0.010080569424299477,0,0.7250074506564916
S2B_MSIL2A_20220907T063629_R120_T40QFM_20220908T001711_0001.jpg,S2B_MSIL2A_20220907T063629_R120_T40QFM_20220908T001711,0,2022-09,T40QFM,0.010080569424299477,0,0.7250074506564916
S2A_MSIL2A_20220912T063641_R120_T40QFM_20220913T064250_0000.jpg,S2A_MSIL2A_20220912T063641_R120_T40QFM_20220913T064250,0,2022-09,T40QFM,0.013656686071790824,0,0.7250074506564916
S2A_MSIL2A_20220912T063641_R120_T40QFM_20220913T064250_0001.jpg,S2A_MSIL2A_20220912T063641_R120_T40QFM_20220913T064250,0,2022-09,T40QFM,0.013656686071790824,0,0.7250074506564916
S2B_MSIL2A_20220917T063629_R120_T40QFM_20240728T040036_0000.jpg,S2B_MSIL2A_20220917T063629_R120_T40QFM_20240728T040036,1,2022-09,T40QFM,0.9847112528541686,1,0.7250074506564916
S2B_MSIL2A_20220917T063629_R120_T40QFM_20240728T040036_0001.jpg,S2B_MSIL2A_20220917T063629_R120_T40QFM_20240728T040036,1,2022-09,T40QFM,0.9847112528541686,1,0.7250074506564916
S2B_MSIL2A_20220927T063629_R120_T40QFM_20220927T223648_0000.jpg,S2B_MSIL2A_20220927T063629_R120_T40QFM_20220927T223648,0,2022-09,T40QFM,0.12676177044197284,0,0.7250074506564916
S2B_MSIL2A_20220927T063629_R120_T40QFM_20220927T223648_0001.jpg,S2B_MSIL2A_20220927T063629_R120_T40QFM_20220927T223648,0,2022-09,T40QFM,0.12676177044197284,0,0.7250074506564916
S2A_MSIL2A_20221012T063821_R120_T40QFM_20240802T062416_0000.jpg,S2A_MSIL2A_20221012T063821_R120_T40QFM_20240802T062416,0,2022-10,T40QFM,0.05113616780034885,0,0.7250074506564916
S2A_MSIL2A_20221012T063821_R120_T40QFM_20240802T062416_0001.jpg,S2A_MSIL2A_20221012T063821_R120_T40QFM_20240802T062416,0,2022-10,T40QFM,0.05113616780034885,0,0.7250074506564916
S2A_MSIL2A_20221022T063921_R120_T40QFM_20240724T021533_0000.jpg,S2A_MSIL2A_20221022T063921_R120_T40QFM_20240724T021533,0,2022-10,T40QFM,0.146265893705349,0,0.7250074506564916
S2A_MSIL2A_20221022T063921_R120_T40QFM_20240724T021533_0001.jpg,S2A_MSIL2A_20221022T063921_R120_T40QFM_20240724T021533,0,2022-10,T40QFM,0.146265893705349,0,0.7250074506564916
S2B_MSIL2A_20221027T063949_R120_T40QFM_20221027T205314_0000.jpg,S2B_MSIL2A_20221027T063949_R120_T40QFM_20221027T205314,0,2022-10,T40QFM,0.02423017174555621,0,0.7250074506564916
S2B_MSIL2A_20221027T063949_R120_T40QFM_20221027T205314_0001.jpg,S2B_MSIL2A_20221027T063949_R120_T40QFM_20221027T205314,0,2022-10,T40QFM,0.02423017174555621,0,0.7250074506564916
S2B_MSIL2A_20221116T064139_R120_T40QFM_20221116T211708_0000.jpg,S2B_MSIL2A_20221116T064139_R120_T40QFM_20221116T211708,0,2022-11,T40QFM,0.054914905502831034,0,0.7250074506564916
S2B_MSIL2A_20221116T064139_R120_T40QFM_20221116T211708_0001.jpg,S2B_MSIL2A_20221116T064139_R120_T40QFM_20221116T211708,0,2022-11,T40QFM,0.054914905502831034,0,0.7250074506564916
S2A_MSIL2A_20221121T064201_R120_T40QFM_20221121T164837_0000.jpg,S2A_MSIL2A_20221121T064201_R120_T40QFM_20221121T164837,0,2022-11,T40QFM,0.08026072152678386,0,0.7250074506564916
S2A_MSIL2A_20221121T064201_R120_T40QFM_20221121T164837_0001.jpg,S2A_MSIL2A_20221121T064201_R120_T40QFM_20221121T164837,0,2022-11,T40QFM,0.08026072152678386,0,0.7250074506564916
S2B_MSIL2A_20221126T064219_R120_T40QFM_20221202T000000_0000.jpg,S2B_MSIL2A_20221126T064219_R120_T40QFM_20221202T000000,0,2022-11,T40QFM,0.08755685328234886,0,0.7250074506564916
S2B_MSIL2A_20221126T064219_R120_T40QFM_20221202T000000_0001.jpg,S2B_MSIL2A_20221126T064219_R120_T40QFM_20221202T000000,0,2022-11,T40QFM,0.08755685328234886,0,0.7250074506564916
S2A_MSIL2A_20221221T064301_R120_T40QFM_20240808T224656_0000.jpg,S2A_MSIL2A_20221221T064301_R120_T40QFM_20240808T224656,1,2022-12,T40QFM,0.8021503543893954,1,0.7250074506564916
S2A_MSIL2A_20221221T064301_R120_T40QFM_20240808T224656_0001.jpg,S2A_MSIL2A_20221221T064301_R120_T40QFM_20240808T224656,1,2022-12,T40QFM,0.8021503543893954,1,0.7250074506564916
S2B_MSIL2A_20221226T064259_R120_T40QFM_20221226T183145_0000.jpg,S2B_MSIL2A_20221226T064259_R120_T40QFM_20221226T183145,0,2022-12,T40QFM,0.01800952226000251,0,0.7250074506564916
S2B_MSIL2A_20221226T064259_R120_T40QFM_20221226T183145_0001.jpg,S2B_MSIL2A_20221226T064259_R120_T40QFM_20221226T183145,0,2022-12,T40QFM,0.01800952226000251,0,0.7250074506564916
S2B_MSIL2A_20230105T064249_R120_T40QFM_20230105T161204_0000.jpg,S2B_MSIL2A_20230105T064249_R120_T40QFM_20230105T161204,0,2023-01,T40QFM,0.009671455304713621,0,0.7250074506564916
S2B_MSIL2A_20230105T064249_R120_T40QFM_20230105T161204_0001.jpg,S2B_MSIL2A_20230105T064249_R120_T40QFM_20230105T161204,0,2023-01,T40QFM,0.009671455304713621,0,0.7250074506564916
S2A_MSIL2A_20230110T064241_R120_T40QFM_20230110T232049_0000.jpg,S2A_MSIL2A_20230110T064241_R120_T40QFM_20230110T232049,1,2023-01,T40QFM,0.9834522103843407,1,0.7250074506564916
S2A_MSIL2A_20230110T064241_R120_T40QFM_20230110T232049_0001.jpg,S2A_MSIL2A_20230110T064241_R120_T40QFM_20230110T232049,1,2023-01,T40QFM,0.9834522103843407,1,0.7250074506564916
S2A_MSIL2A_20230130T064121_R120_T40QFM_20230131T154057_0000.jpg,S2A_MSIL2A_20230130T064121_R120_T40QFM_20230131T154057,0,2023-01,T40QFM,0.008659151961723628,0,0.7250074506564916
S2A_MSIL2A_20230130T064121_R120_T40QFM_20230131T154057_0001.jpg,S2A_MSIL2A_20230130T064121_R120_T40QFM_20230131T154057,0,2023-01,T40QFM,0.008659151961723628,0,0.7250074506564916
S2B_MSIL2A_20230204T064049_R120_T40QFM_20240816T214850_0000.jpg,S2B_MSIL2A_20230204T064049_R120_T40QFM_20240816T214850,0,2023-02,T40QFM,0.15491675846834146,0,0.7250074506564916
S2B_MSIL2A_20230204T064049_R120_T40QFM_20240816T214850_0001.jpg,S2B_MSIL2A_20230204T064049_R120_T40QFM_20240816T214850,0,2023-02,T40QFM,0.15491675846834146,0,0.7250074506564916
S2A_MSIL2A_20230209T064021_R120_T40QFM_20230209T205002_0000.jpg,S2A_MSIL2A_20230209T064021_R120_T40QFM_20230209T205002,0,2023-02,T40QFM,0.1810788168566519,0,0.7250074506564916
S2A_MSIL2A_20230209T064021_R120_T40QFM_20230209T205002_0001.jpg,S2A_MSIL2A_20230209T064021_R120_T40QFM_20230209T205002,0,2023-02,T40QFM,0.1810788168566519,0,0.7250074506564916
S2B_MSIL2A_20230224T063849_R120_T40QFM_20230226T114005_0000.jpg,S2B_MSIL2A_20230224T063849_R120_T40QFM_20230226T114005,1,2023-02,T40QFM,0.9116374277783112,1,0.7250074506564916
S2B_MSIL2A_20230224T063849_R120_T40QFM_20230226T114005_0001.jpg,S2B_MSIL2A_20230224T063849_R120_T40QFM_20230226T114005,1,2023-02,T40QFM,0.9116374277783112,1,0.7250074506564916
S2B_MSIL2A_20230306T063739_R120_T40QFM_20240823T211525_0000.jpg,S2B_MSIL2A_20230306T063739_R120_T40QFM_20240823T211525,1,2023-03,T40QFM,0.9507520533485248,1,0.7250074506564916
S2B_MSIL2A_20230306T063739_R120_T40QFM_20240823T211525_0001.jpg,S2B_MSIL2A_20230306T063739_R120_T40QFM_20240823T211525,1,2023-03,T40QFM,0.9507520533485248,1,0.7250074506564916
S2B_MSIL2A_20230316T063629_R120_T40QFM_20240827T111826_0000.jpg,S2B_MSIL2A_20230316T063629_R120_T40QFM_20240827T111826,0,2023-03,T40QFM,0.13270793995296123,0,0.7250074506564916
S2B_MSIL2A_20230316T063629_R120_T40QFM_20240827T111826_0001.jpg,S2B_MSIL2A_20230316T063629_R120_T40QFM_20240827T111826,0,2023-03,T40QFM,0.13270793995296123,0,0.7250074506564916
S2A_MSIL2A_20230321T063621_R120_T40QFM_20240826T173717_0000.jpg,S2A_MSIL2A_20230321T063621_R120_T40QFM_20240826T173717,0,2023-03,T40QFM,0.1281045665277652,0,0.7250074506564916
S2A_MSIL2A_20230321T063621_R120_T40QFM_20240826T173717_0001.jpg,S2A_MSIL2A_20230321T063621_R120_T40QFM_20240826T173717,0,2023-03,T40QFM,0.1281045665277652,0,0.7250074506564916
S2A_MSIL2A_20230331T063621_R120_T40QFM_20240825T173541_0000.jpg,S2A_MSIL2A_20230331T063621_R120_T40QFM_20240825T173541,0,2023-03,T40QFM,0.016362284775707267,0,0.7250074506564916
S2A_MSIL2A_20230331T063621_R120_T40QFM_20240825T173541_0001.jpg,S2A_MSIL2A_20230331T063621_R120_T40QFM_20240825T173541,0,2023-03,T40QFM,0.016362284775707267,0,0.7250074506564916
S2B_MSIL2A_20230405T063629_R120_T40QFM_20230405T213827_0000.jpg,S2B_MSIL2A_20230405T063629_R120_T40QFM_20230405T213827,1,2023-04,T40QFM,0.19726430411799203,0,0.7250074506564916
S2B_MSIL2A_20230405T063629_R120_T40QFM_20230405T213827_0001.jpg,S2B_MSIL2A_20230405T063629_R120_T40QFM_20230405T213827,1,2023-04,T40QFM,0.19726430411799203,0,0.7250074506564916
S2A_MSIL2A_20230410T063631_R120_T40QFM_20230410T132909_0000.jpg,S2A_MSIL2A_20230410T063631_R120_T40QFM_20230410T132909,0,2023-04,T40QFM,0.11096653715240185,0,0.7250074506564916
S2A_MSIL2A_20230410T063631_R120_T40QFM_20230410T132909_0001.jpg,S2A_MSIL2A_20230410T063631_R120_T40QFM_20230410T132909,0,2023-04,T40QFM,0.11096653715240185,0,0.7250074506564916
S2B_MSIL2A_20230505T063629_R120_T40QFM_20230505T113226_0000.jpg,S2B_MSIL2A_20230505T063629_R120_T40QFM_20230505T113226,0,2023-05,T40QFM,0.04641782657449315,0,0.7250074506564916
S2B_MSIL2A_20230505T063629_R120_T40QFM_20230505T113226_0001.jpg,S2B_MSIL2A_20230505T063629_R120_T40QFM_20230505T113226,0,2023-05,T40QFM,0.04641782657449315,0,0.7250074506564916
S2A_MSIL2A_20230510T063621_R120_T40QFM_20230510T133701_0000.jpg,S2A_MSIL2A_20230510T063621_R120_T40QFM_20230510T133701,0,2023-05,T40QFM,0.007486649196474996,0,0.7250074506564916
S2A_MSIL2A_20230510T063621_R120_T40QFM_20230510T133701_0001.jpg,S2A_MSIL2A_20230510T063621_R120_T40QFM_20230510T133701,0,2023-05,T40QFM,0.007486649196474996,0,0.7250074506564916
S2B_MSIL2A_20230525T063629_R120_T40QFM_20230525T121806_0000.jpg,S2B_MSIL2A_20230525T063629_R120_T40QFM_20230525T121806,0,2023-05,T40QFM,0.07968486454257757,0,0.7250074506564916
S2B_MSIL2A_20230525T063629_R120_T40QFM_20230525T121806_0001.jpg,S2B_MSIL2A_20230525T063629_R120_T40QFM_20230525T121806,0,2023-05,T40QFM,0.07968486454257757,0,0.7250074506564916
S2A_MSIL2A_20230619T063631_R120_T40QFM_20230619T122652_0000.jpg,S2A_MSIL2A_20230619T063631_R120_T40QFM_20230619T122652,0,2023-06,T40QFM,0.080338469102211,0,0.7250074506564916
S2A_MSIL2A_20230619T063631_R120_T40QFM_20230619T122652_0001.jpg,S2A_MSIL2A_20230619T063631_R120_T40QFM_20230619T122652,0,2023-06,T40QFM,0.080338469102211,0,0.7250074506564916
S2A_MSIL2A_20230629T063631_R120_T40QFM_20230629T142242_0000.jpg,S2A_MSIL2A_20230629T063631_R120_T40QFM_20230629T142242,0,2023-06,T40QFM,0.15328421634572903,0,0.7250074506564916
S2A_MSIL2A_20230629T063631_R120_T40QFM_20230629T142242_0001.jpg,S2A_MSIL2A_20230629T063631_R120_T40QFM_20230629T142242,0,2023-06,T40QFM,0.15328421634572903,0,0.7250074506564916
S2B_MSIL2A_20230714T063629_R120_T40QFM_20240910T152238_0000.jpg,S2B_MSIL2A_20230714T063629_R120_T40QFM_20240910T152238,0,2023-07,T40QFM,0.24121351670802937,0,0.7250074506564916
S2B_MSIL2A_20230714T063629_R120_T40QFM_20240910T152238_0001.jpg,S2B_MSIL2A_20230714T063629_R120_T40QFM_20240910T152238,0,2023-07,T40QFM,0.24121351670802937,0,0.7250074506564916
S2A_MSIL2A_20230719T063631_R120_T40QFM_20241013T092547_0000.jpg,S2A_MSIL2A_20230719T063631_R120_T40QFM_20241013T092547,0,2023-07,T40QFM,0.2470699584273798,0,0.7250074506564916
S2A_MSIL2A_20230719T063631_R120_T40QFM_20241013T092547_0001.jpg,S2A_MSIL2A_20230719T063631_R120_T40QFM_20241013T092547,0,2023-07,T40QFM,0.2470699584273798,0,0.7250074506564916
S2A_MSIL2A_20230808T063631_R120_T40QFM_20241021T084732_0000.jpg,S2A_MSIL2A_20230808T063631_R120_T40QFM_20241021T084732,0,2023-08,T40QFM,0.17692186414814975,0,0.7250074506564916
S2A_MSIL2A_20230808T063631_R120_T40QFM_20241021T084732_0001.jpg,S2A_MSIL2A_20230808T063631_R120_T40QFM_20241021T084732,0,2023-08,T40QFM,0.17692186414814975,0,0.7250074506564916
S2B_MSIL2A_20230813T063629_R120_T40QFM_20241020T075725_0000.jpg,S2B_MSIL2A_20230813T063629_R120_T40QFM_20241020T075725,1,2023-08,T40QFM,0.949557553203984,1,0.7250074506564916
S2B_MSIL2A_20230813T063629_R120_T40QFM_20241020T075725_0001.jpg,S2B_MSIL2A_20230813T063629_R120_T40QFM_20241020T075725,1,2023-08,T40QFM,0.949557553203984,1,0.7250074506564916
S2A_MSIL2A_20230818T063631_R120_T40QFM_20240912T142615_0000.jpg,S2A_MSIL2A_20230818T063631_R120_T40QFM_20240912T142615,1,2023-08,T40QFM,0.9350017787141658,1,0.7250074506564916
S2A_MSIL2A_20230818T063631_R120_T40QFM_20240912T142615_0001.jpg,S2A_MSIL2A_20230818T063631_R120_T40QFM_20240912T142615,1,2023-08,T40QFM,0.9350017787141658,1,0.7250074506564916
S2A_MSIL2A_20230907T063631_R120_T40QFM_20230907T161209_0000.jpg,S2A_MSIL2A_20230907T063631_R120_T40QFM_20230907T161209,1,2023-09,T40QFM,0.820492271271284,1,0.7250074506564916
S2A_MSIL2A_20230907T063631_R120_T40QFM_20230907T161209_0001.jpg,S2A_MSIL2A_20230907T063631_R120_T40QFM_20230907T161209,1,2023-09,T40QFM,0.820492271271284,1,0.7250074506564916
S2A_MSIL2A_20230927T063631_R120_T40QFM_20230927T125012_0000.jpg,S2A_MSIL2A_20230927T063631_R120_T40QFM_20230927T125012,0,2023-09,T40QFM,0.07430917478102712,0,0.7250074506564916
S2A_MSIL2A_20230927T063631_R120_T40QFM_20230927T125012_0001.jpg,S2A_MSIL2A_20230927T063631_R120_T40QFM_20230927T125012,0,2023-09,T40QFM,0.07430917478102712,0,0.7250074506564916
S2B_MSIL2A_20231012T063819_R120_T40QFM_20231012T121039_0000.jpg,S2B_MSIL2A_20231012T063819_R120_T40QFM_20231012T121039,0,2023-10,T40QFM,0.0777211182125737,0,0.7250074506564916
S2B_MSIL2A_20231012T063819_R120_T40QFM_20231012T121039_0001.jpg,S2B_MSIL2A_20231012T063819_R120_T40QFM_20231012T121039,0,2023-10,T40QFM,0.0777211182125737,0,0.7250074506564916
S2B_MSIL2A_20231111T064119_R120_T40QFM_20231111T102412_0000.jpg,S2B_MSIL2A_20231111T064119_R120_T40QFM_20231111T102412,1,2023-11,T40QFM,0.8667950828975696,1,0.7250074506564916
S2B_MSIL2A_20231111T064119_R120_T40QFM_20231111T102412_0001.jpg,S2B_MSIL2A_20231111T064119_R120_T40QFM_20231111T102412,1,2023-11,T40QFM,0.8667950828975696,1,0.7250074506564916
S2B_MSIL2A_20231121T064149_R120_T40QFM_20231121T102301_0000.jpg,S2B_MSIL2A_20231121T064149_R120_T40QFM_20231121T102301,1,2023-11,T40QFM,0.971397201479035,1,0.7250074506564916
S2B_MSIL2A_20231121T064149_R120_T40QFM_20231121T102301_0001.jpg,S2B_MSIL2A_20231121T064149_R120_T40QFM_20231121T102301,1,2023-11,T40QFM,0.971397201479035,1,0.7250074506564916
S2A_MSIL2A_20231206T064241_R120_T40QFM_20241101T134000_0000.jpg,S2A_MSIL2A_20231206T064241_R120_T40QFM_20241101T134000,0,2023-12,T40QFM,0.3076483489955468,0,0.7250074506564916
S2A_MSIL2A_20231206T064241_R120_T40QFM_20241101T134000_0001.jpg,S2A_MSIL2A_20231206T064241_R120_T40QFM_20241101T134000,0,2023-12,T40QFM,0.3076483489955468,0,0.7250074506564916
S2B_MSIL2A_20231221T064309_R120_T40QFM_20231222T041316_0000.jpg,S2B_MSIL2A_20231221T064309_R120_T40QFM_20231222T041316,0,2023-12,T40QFM,0.03060502390696433,0,0.7250074506564916
S2B_MSIL2A_20231221T064309_R120_T40QFM_20231222T041316_0001.jpg,S2B_MSIL2A_20231221T064309_R120_T40QFM_20231222T041316,0,2023-12,T40QFM,0.03060502390696433,0,0.7250074506564916
S2A_MSIL2A_20240105T064251_R120_T40QFM_20240105T111327_0000.jpg,S2A_MSIL2A_20240105T064251_R120_T40QFM_20240105T111327,0,2024-01,T40QFM,0.09426960375198994,0,0.7250074506564916
S2A_MSIL2A_20240105T064251_R120_T40QFM_20240105T111327_0001.jpg,S2A_MSIL2A_20240105T064251_R120_T40QFM_20240105T111327,0,2024-01,T40QFM,0.09426960375198994,0,0.7250074506564916
S2B_MSIL2A_20240110T064239_R120_T40QFM_20240110T094323_0000.jpg,S2B_MSIL2A_20240110T064239_R120_T40QFM_20240110T094323,0,2024-01,T40QFM,0.15679220902283744,0,0.7250074506564916
S2B_MSIL2A_20240110T064239_R120_T40QFM_20240110T094323_0001.jpg,S2B_MSIL2A_20240110T064239_R120_T40QFM_20240110T094323,0,2024-01,T40QFM,0.15679220902283744,0,0.7250074506564916
S2B_MSIL2A_20240130T064119_R120_T40QFM_20240130T101447_0000.jpg,S2B_MSIL2A_20240130T064119_R120_T40QFM_20240130T101447,0,2024-01,T40QFM,0.024549320103885972,0,0.7250074506564916
S2B_MSIL2A_20240130T064119_R120_T40QFM_20240130T101447_0001.jpg,S2B_MSIL2A_20240130T064119_R120_T40QFM_20240130T101447,0,2024-01,T40QFM,0.024549320103885972,0,0.7250074506564916
S2B_MSIL2A_20240209T064029_R120_T40QFM_20240209T101657_0000.jpg,S2B_MSIL2A_20240209T064029_R120_T40QFM_20240209T101657,0,2024-02,T40QFM,0.4974380850338602,0,0.7250074506564916
S2B_MSIL2A_20240209T064029_R120_T40QFM_20240209T101657_0001.jpg,S2B_MSIL2A_20240209T064029_R120_T40QFM_20240209T101657,0,2024-02,T40QFM,0.4974380850338602,0,0.7250074506564916
S2A_MSIL2A_20240224T063851_R120_T40QFM_20240224T122309_0000.jpg,S2A_MSIL2A_20240224T063851_R120_T40QFM_20240224T122309,0,2024-02,T40QFM,0.09416496668336605,0,0.7250074506564916
S2A_MSIL2A_20240224T063851_R120_T40QFM_20240224T122309_0001.jpg,S2A_MSIL2A_20240224T063851_R120_T40QFM_20240224T122309,0,2024-02,T40QFM,0.09416496668336605,0,0.7250074506564916
S2A_MSIL2A_20240315T063631_R120_T40QFM_20240315T121549_0000.jpg,S2A_MSIL2A_20240315T063631_R120_T40QFM_20240315T121549,0,2024-03,T40QFM,0.23982819142126624,0,0.7250074506564916
S2A_MSIL2A_20240315T063631_R120_T40QFM_20240315T121549_0001.jpg,S2A_MSIL2A_20240315T063631_R120_T40QFM_20240315T121549,0,2024-03,T40QFM,0.23982819142126624,0,0.7250074506564916
S2B_MSIL2A_20240330T063629_R120_T40QFM_20240330T114349_0000.jpg,S2B_MSIL2A_20240330T063629_R120_T40QFM_20240330T114349,0,2024-03,T40QFM,0.03042927248104392,0,0.7250074506564916
S2B_MSIL2A_20240330T063629_R120_T40QFM_20240330T114349_0001.jpg,S2B_MSIL2A_20240330T063629_R120_T40QFM_20240330T114349,0,2024-03,T40QFM,0.03042927248104392,0,0.7250074506564916
S2B_MSIL2A_20240409T063629_R120_T40QFM_20240411T033313_0000.jpg,S2B_MSIL2A_20240409T063629_R120_T40QFM_20240411T033313,0,2024-04,T40QFM,0.21631221323763214,0,0.7250074506564916
S2B_MSIL2A_20240409T063629_R120_T40QFM_20240411T033313_0001.jpg,S2B_MSIL2A_20240409T063629_R120_T40QFM_20240411T033313,0,2024-04,T40QFM,0.21631221323763214,0,0.7250074506564916
S2B_MSIL2A_20240419T063629_R120_T40QFM_20240419T103651_0000.jpg,S2B_MSIL2A_20240419T063629_R120_T40QFM_20240419T103651,0,2024-04,T40QFM,0.027509527905310378,0,0.7250074506564916
S2B_MSIL2A_20240419T063629_R120_T40QFM_20240419T103651_0001.jpg,S2B_MSIL2A_20240419T063629_R120_T40QFM_20240419T103651,0,2024-04,T40QFM,0.027509527905310378,0,0.7250074506564916
S2B_MSIL2A_20240509T063629_R120_T40QFM_20240509T101759_0000.jpg,S2B_MSIL2A_20240509T063629_R120_T40QFM_20240509T101759,0,2024-05,T40QFM,0.18890668144685605,0,0.7250074506564916
S2B_MSIL2A_20240509T063629_R120_T40QFM_20240509T101759_0001.jpg,S2B_MSIL2A_20240509T063629_R120_T40QFM_20240509T101759,0,2024-05,T40QFM,0.18890668144685605,0,0.7250074506564916
S2A_MSIL2A_20240524T063621_R120_T40QFM_20240524T121928_0000.jpg,S2A_MSIL2A_20240524T063621_R120_T40QFM_20240524T121928,0,2024-05,T40QFM,0.00644595612046756,0,0.7250074506564916
S2A_MSIL2A_20240524T063621_R120_T40QFM_20240524T121928_0001.jpg,S2A_MSIL2A_20240524T063621_R120_T40QFM_20240524T121928,0,2024-05,T40QFM,0.00644595612046756,0,0.7250074506564916
S2B_MSIL2A_20240529T063629_R120_T40QFM_20240529T102225_0000.jpg,S2B_MSIL2A_20240529T063629_R120_T40QFM_20240529T102225,0,2024-05,T40QFM,0.0050186471305216996,0,0.7250074506564916
S2B_MSIL2A_20240529T063629_R120_T40QFM_20240529T102225_0001.jpg,S2B_MSIL2A_20240529T063629_R120_T40QFM_20240529T102225,0,2024-05,T40QFM,0.0050186471305216996,0,0.7250074506564916
S2A_MSIL2A_20240603T063631_R120_T40QFM_20240603T120925_0000.jpg,S2A_MSIL2A_20240603T063631_R120_T40QFM_20240603T120925,1,2024-06,T40QFM,0.9911676062783649,1,0.7250074506564916
S2A_MSIL2A_20240603T063631_R120_T40QFM_20240603T120925_0001.jpg,S2A_MSIL2A_20240603T063631_R120_T40QFM_20240603T120925,1,2024-06,T40QFM,0.9911676062783649,1,0.7250074506564916
S2A_MSIL2A_20240613T063631_R120_T40QFM_20240613T114843_0000.jpg,S2A_MSIL2A_20240613T063631_R120_T40QFM_20240613T114843,0,2024-06,T40QFM,0.518991899001109,0,0.7250074506564916
S2A_MSIL2A_20240613T063631_R120_T40QFM_20240613T114843_0001.jpg,S2A_MSIL2A_20240613T063631_R120_T40QFM_20240613T114843,0,2024-06,T40QFM,0.518991899001109,0,0.7250074506564916
S2B_MSIL2A_20240618T063629_R120_T40QFM_20240618T111722_0000.jpg,S2B_MSIL2A_20240618T063629_R120_T40QFM_20240618T111722,0,2024-06,T40QFM,0.020892485936739424,0,0.7250074506564916
S2B_MSIL2A_20240618T063629_R120_T40QFM_20240618T111722_0001.jpg,S2B_MSIL2A_20240618T063629_R120_T40QFM_20240618T111722,0,2024-06,T40QFM,0.020892485936739424,0,0.7250074506564916
S2B_MSIL2A_20240628T063629_R120_T40QFM_20240628T105136_0000.jpg,S2B_MSIL2A_20240628T063629_R120_T40QFM_20240628T105136,0,2024-06,T40QFM,0.10468846994377187,0,0.7250074506564916
S2B_MSIL2A_20240628T063629_R120_T40QFM_20240628T105136_0001.jpg,S2B_MSIL2A_20240628T063629_R120_T40QFM_20240628T105136,0,2024-06,T40QFM,0.10468846994377187,0,0.7250074506564916
S2A_MSIL2A_20240723T063631_R120_T40QFM_20240723T113350_0000.jpg,S2A_MSIL2A_20240723T063631_R120_T40QFM_20240723T113350,0,2024-07,T40QFM,0.07647510244328874,0,0.7250074506564916
S2A_MSIL2A_20240723T063631_R120_T40QFM_20240723T113350_0001.jpg,S2A_MSIL2A_20240723T063631_R120_T40QFM_20240723T113350,0,2024-07,T40QFM,0.07647510244328874,0,0.7250074506564916
S2A_MSIL2A_20240812T063631_R120_T40QFM_20240812T114349_0000.jpg,S2A_MSIL2A_20240812T063631_R120_T40QFM_20240812T114349,0,2024-08,T40QFM,0.01891121642834256,0,0.7250074506564916
S2A_MSIL2A_20240812T063631_R120_T40QFM_20240812T114349_0001.jpg,S2A_MSIL2A_20240812T063631_R120_T40QFM_20240812T114349,0,2024-08,T40QFM,0.01891121642834256,0,0.7250074506564916
S2A_MSIL2A_20240822T063621_R120_T40QFM_20240822T115549_0000.jpg,S2A_MSIL2A_20240822T063621_R120_T40QFM_20240822T115549,1,2024-08,T40QFM,0.9812489716935354,1,0.7250074506564916
S2A_MSIL2A_20240822T063621_R120_T40QFM_20240822T115549_0001.jpg,S2A_MSIL2A_20240822T063621_R120_T40QFM_20240822T115549,1,2024-08,T40QFM,0.9812489716935354,1,0.7250074506564916
S2A_MSIL2A_20240921T063631_R120_T40QFM_20240921T101256_0000.jpg,S2A_MSIL2A_20240921T063631_R120_T40QFM_20240921T101256,0,2024-09,T40QFM,0.16053716914313404,0,0.7250074506564916
S2A_MSIL2A_20240921T063631_R120_T40QFM_20240921T101256_0001.jpg,S2A_MSIL2A_20240921T063631_R120_T40QFM_20240921T101256,0,2024-09,T40QFM,0.16053716914313404,0,0.7250074506564916
S2B_MSIL2A_20240926T063629_R120_T40QFM_20240926T091028_0000.jpg,S2B_MSIL2A_20240926T063629_R120_T40QFM_20240926T091028,0,2024-09,T40QFM,0.16718163044481088,0,0.7250074506564916
S2B_MSIL2A_20240926T063629_R120_T40QFM_20240926T091028_0001.jpg,S2B_MSIL2A_20240926T063629_R120_T40QFM_20240926T091028,0,2024-09,T40QFM,0.16718163044481088,0,0.7250074506564916
S2A_MSIL2A_20241021T063921_R120_T40QFM_20241021T103950_0000.jpg,S2A_MSIL2A_20241021T063921_R120_T40QFM_20241021T103950,1,2024-10,T40QFM,0.9889648879363097,1,0.7250074506564916
S2A_MSIL2A_20241021T063921_R120_T40QFM_20241021T103950_0001.jpg,S2A_MSIL2A_20241021T063921_R120_T40QFM_20241021T103950,1,2024-10,T40QFM,0.9889648879363097,1,0.7250074506564916
S2A_MSIL2A_20241031T064021_R120_T40QFM_20241031T093553_0000.jpg,S2A_MSIL2A_20241031T064021_R120_T40QFM_20241031T093553,0,2024-10,T40QFM,0.009742376705801107,0,0.7250074506564916
S2A_MSIL2A_20241031T064021_R120_T40QFM_20241031T093553_0001.jpg,S2A_MSIL2A_20241031T064021_R120_T40QFM_20241031T093553,0,2024-10,T40QFM,0.009742376705801107,0,0.7250074506564916
S2B_MSIL2A_20241105T063949_R120_T40QFM_20241105T090453_0000.jpg,S2B_MSIL2A_20241105T063949_R120_T40QFM_20241105T090453,0,2024-11,T40QFM,0.32978046153195045,0,0.7250074506564916
S2B_MSIL2A_20241105T063949_R120_T40QFM_20241105T090453_0001.jpg,S2B_MSIL2A_20241105T063949_R120_T40QFM_20241105T090453,0,2024-11,T40QFM,0.32978046153195045,0,0.7250074506564916
S2A_MSIL2A_20241110T064111_R120_T40QFM_20241110T095151_0000.jpg,S2A_MSIL2A_20241110T064111_R120_T40QFM_20241110T095151,0,2024-11,T40QFM,0.18717652711285895,0,0.7250074506564916
S2A_MSIL2A_20241110T064111_R120_T40QFM_20241110T095151_0001.jpg,S2A_MSIL2A_20241110T064111_R120_T40QFM_20241110T095151,0,2024-11,T40QFM,0.18717652711285895,0,0.7250074506564916
S2A_MSIL2A_20241120T064201_R120_T40QFM_20241120T094700_0000.jpg,S2A_MSIL2A_20241120T064201_R120_T40QFM_20241120T094700,0,2024-11,T40QFM,0.05628499456487134,0,0.7250074506564916
S2A_MSIL2A_20241120T064201_R120_T40QFM_20241120T094700_0001.jpg,S2A_MSIL2A_20241120T064201_R120_T40QFM_20241120T094700,0,2024-11,T40QFM,0.05628499456487134,0,0.7250074506564916
S2A_MSIL2A_20241210T064251_R120_T40QFM_20241210T095759_0000.jpg,S2A_MSIL2A_20241210T064251_R120_T40QFM_20241210T095759,0,2024-12,T40QFM,0.026347233218026647,0,0.7250074506564916
S2A_MSIL2A_20241210T064251_R120_T40QFM_20241210T095759_0001.jpg,S2A_MSIL2A_20241210T064251_R120_T40QFM_20241210T095759,0,2024-12,T40QFM,0.026347233218026647,0,0.7250074506564916
S2A_MSIL2A_20241220T064301_R120_T40QFM_20241220T102805_0000.jpg,S2A_MSIL2A_20241220T064301_R120_T40QFM_20241220T102805,0,2024-12,T40QFM,0.3739202446777085,0,0.7250074506564916
S2A_MSIL2A_20241220T064301_R120_T40QFM_20241220T102805_0001.jpg,S2A_MSIL2A_20241220T064301_R120_T40QFM_20241220T102805,0,2024-12,T40QFM,0.3739202446777085,0,0.7250074506564916
S2B_MSIL2A_20241225T064209_R120_T40QFM_20241225T090946_0000.jpg,S2B_MSIL2A_20241225T064209_R120_T40QFM_20241225T090946,0,2024-12,T40QFM,0.18902409655000998,0,0.7250074506564916
S2B_MSIL2A_20241225T064209_R120_T40QFM_20241225T090946_0001.jpg,S2B_MSIL2A_20241225T064209_R120_T40QFM_20241225T090946,0,2024-12,T40QFM,0.18902409655000998,0,0.7250074506564916
S2A_MSIL2A_20170227T062811_R077_T40QGL_20210208T174006_0000.jpg,S2A_MSIL2A_20170227T062811_R077_T40QGL_20210208T174006,0,2017-02,T40QGL,0.5786729344696914,0,0.7250074506564916
S2A_MSIL2A_20170227T062811_R077_T40QGL_20210208T174006_0001.jpg,S2A_MSIL2A_20170227T062811_R077_T40QGL_20210208T174006,0,2017-02,T40QGL,0.5786729344696914,0,0.7250074506564916
S2A_MSIL2A_20170607T062631_R077_T40QGL_20210209T210403_0000.jpg,S2A_MSIL2A_20170607T062631_R077_T40QGL_20210209T210403,0,2017-06,T40QGL,0.19904282039580318,0,0.7250074506564916
S2A_MSIL2A_20170607T062631_R077_T40QGL_20210209T210403_0001.jpg,S2A_MSIL2A_20170607T062631_R077_T40QGL_20210209T210403,0,2017-06,T40QGL,0.19904282039580318,0,0.7250074506564916
S2B_MSIL2A_20170712T062629_R077_T40QGL_20210210T075546_0000.jpg,S2B_MSIL2A_20170712T062629_R077_T40QGL_20210210T075546,0,2017-07,T40QGL,0.20173300554584653,0,0.7250074506564916
S2B_MSIL2A_20170712T062629_R077_T40QGL_20210210T075546_0001.jpg,S2B_MSIL2A_20170712T062629_R077_T40QGL_20210210T075546,0,2017-07,T40QGL,0.20173300554584653,0,0.7250074506564916
S2A_MSIL2A_20170806T062631_R077_T40QGL_20210210T201854_0000.jpg,S2A_MSIL2A_20170806T062631_R077_T40QGL_20210210T201854,0,2017-08,T40QGL,0.3310079528481357,0,0.7250074506564916
S2A_MSIL2A_20170806T062631_R077_T40QGL_20210210T201854_0001.jpg,S2A_MSIL2A_20170806T062631_R077_T40QGL_20210210T201854,0,2017-08,T40QGL,0.3310079528481357,0,0.7250074506564916
S2A_MSIL2A_20171005T062721_R077_T40QGL_20210202T140740_0000.jpg,S2A_MSIL2A_20171005T062721_R077_T40QGL_20210202T140740,0,2017-10,T40QGL,0.25710387934272083,0,0.7250074506564916
S2A_MSIL2A_20171005T062721_R077_T40QGL_20210202T140740_0001.jpg,S2A_MSIL2A_20171005T062721_R077_T40QGL_20210202T140740,0,2017-10,T40QGL,0.25710387934272083,0,0.7250074506564916
S2B_MSIL2A_20171020T062849_R077_T40QGL_20201015T010903_0000.jpg,S2B_MSIL2A_20171020T062849_R077_T40QGL_20201015T010903,0,2017-10,T40QGL,0.012706159189458643,0,0.7250074506564916
S2B_MSIL2A_20171020T062849_R077_T40QGL_20201015T010903_0001.jpg,S2B_MSIL2A_20171020T062849_R077_T40QGL_20201015T010903,0,2017-10,T40QGL,0.012706159189458643,0,0.7250074506564916
S2B_MSIL2A_20171109T063039_R077_T40QGL_20201014T190829_0000.jpg,S2B_MSIL2A_20171109T063039_R077_T40QGL_20201014T190829,0,2017-11,T40QGL,0.06468334832604626,0,0.7250074506564916
S2B_MSIL2A_20171109T063039_R077_T40QGL_20201014T190829_0001.jpg,S2B_MSIL2A_20171109T063039_R077_T40QGL_20201014T190829,0,2017-11,T40QGL,0.06468334832604626,0,0.7250074506564916
S2B_MSIL2A_20180108T063229_R077_T40QGL_20201014T041332_0000.jpg,S2B_MSIL2A_20180108T063229_R077_T40QGL_20201014T041332,0,2018-01,T40QGL,0.07651175088050066,0,0.7250074506564916
S2B_MSIL2A_20180108T063229_R077_T40QGL_20201014T041332_0001.jpg,S2B_MSIL2A_20180108T063229_R077_T40QGL_20201014T041332,0,2018-01,T40QGL,0.07651175088050066,0,0.7250074506564916
S2B_MSIL2A_20180128T063119_R077_T40QGL_20201014T093448_0000.jpg,S2B_MSIL2A_20180128T063119_R077_T40QGL_20201014T093448,0,2018-01,T40QGL,0.20575846018275323,0,0.7250074506564916
S2B_MSIL2A_20180128T063119_R077_T40QGL_20201014T093448_0001.jpg,S2B_MSIL2A_20180128T063119_R077_T40QGL_20201014T093448,0,2018-01,T40QGL,0.20575846018275323,0,0.7250074506564916
S2B_MSIL2A_20180207T063029_R077_T40QGL_20201013T195609_0000.jpg,S2B_MSIL2A_20180207T063029_R077_T40QGL_20201013T195609,0,2018-02,T40QGL,0.007758258040202168,0,0.7250074506564916
S2B_MSIL2A_20180207T063029_R077_T40QGL_20201013T195609_0001.jpg,S2B_MSIL2A_20180207T063029_R077_T40QGL_20201013T195609,0,2018-02,T40QGL,0.007758258040202168,0,0.7250074506564916
S2B_MSIL2A_20180217T062919_R077_T40QGL_20201013T222428_0000.jpg,S2B_MSIL2A_20180217T062919_R077_T40QGL_20201013T222428,0,2018-02,T40QGL,0.33821571656030025,0,0.7250074506564916
S2B_MSIL2A_20180217T062919_R077_T40QGL_20201013T222428_0001.jpg,S2B_MSIL2A_20180217T062919_R077_T40QGL_20201013T222428,0,2018-02,T40QGL,0.33821571656030025,0,0.7250074506564916
S2B_MSIL2A_20180319T062619_R077_T40QGL_20201013T111702_0000.jpg,S2B_MSIL2A_20180319T062619_R077_T40QGL_20201013T111702,0,2018-03,T40QGL,0.22716085833886795,0,0.7250074506564916
S2B_MSIL2A_20180319T062619_R077_T40QGL_20201013T111702_0001.jpg,S2B_MSIL2A_20180319T062619_R077_T40QGL_20201013T111702,0,2018-03,T40QGL,0.22716085833886795,0,0.7250074506564916
S2B_MSIL2A_20180408T062629_R077_T40QGL_20201012T195312_0000.jpg,S2B_MSIL2A_20180408T062629_R077_T40QGL_20201012T195312,1,2018-04,T40QGL,0.5766051584539995,0,0.7250074506564916
S2B_MSIL2A_20180408T062629_R077_T40QGL_20201012T195312_0001.jpg,S2B_MSIL2A_20180408T062629_R077_T40QGL_20201012T195312,1,2018-04,T40QGL,0.5766051584539995,0,0.7250074506564916
S2A_MSIL2A_20180413T062631_R077_T40QGL_20201012T214132_0000.jpg,S2A_MSIL2A_20180413T062631_R077_T40QGL_20201012T214132,1,2018-04,T40QGL,0.7401349775017335,1,0.7250074506564916
S2A_MSIL2A_20180413T062631_R077_T40QGL_20201012T214132_0001.jpg,S2A_MSIL2A_20180413T062631_R077_T40QGL_20201012T214132,1,2018-04,T40QGL,0.7401349775017335,1,0.7250074506564916
S2A_MSIL2A_20180503T062631_R077_T40QGL_20201012T051456_0000.jpg,S2A_MSIL2A_20180503T062631_R077_T40QGL_20201012T051456,0,2018-05,T40QGL,0.041752840993827506,0,0.7250074506564916
S2A_MSIL2A_20180503T062631_R077_T40QGL_20201012T051456_0001.jpg,S2A_MSIL2A_20180503T062631_R077_T40QGL_20201012T051456,0,2018-05,T40QGL,0.041752840993827506,0,0.7250074506564916
S2A_MSIL2A_20180513T062631_R077_T40QGL_20201012T091424_0000.jpg,S2A_MSIL2A_20180513T062631_R077_T40QGL_20201012T091424,0,2018-05,T40QGL,0.13548365330015447,0,0.7250074506564916
S2A_MSIL2A_20180513T062631_R077_T40QGL_20201012T091424_0001.jpg,S2A_MSIL2A_20180513T062631_R077_T40QGL_20201012T091424,0,2018-05,T40QGL,0.13548365330015447,0,0.7250074506564916
S2A_MSIL2A_20180523T062631_R077_T40QGL_20201012T131340_0000.jpg,S2A_MSIL2A_20180523T062631_R077_T40QGL_20201012T131340,0,2018-05,T40QGL,0.006600481221709006,0,0.7250074506564916
S2A_MSIL2A_20180523T062631_R077_T40QGL_20201012T131340_0001.jpg,S2A_MSIL2A_20180523T062631_R077_T40QGL_20201012T131340,0,2018-05,T40QGL,0.006600481221709006,0,0.7250074506564916
S2A_MSIL2A_20180602T062631_R077_T40QGL_20201026T120848_0000.jpg,S2A_MSIL2A_20180602T062631_R077_T40QGL_20201026T120848,0,2018-06,T40QGL,0.3972256387055098,0,0.7250074506564916
S2A_MSIL2A_20180602T062631_R077_T40QGL_20201026T120848_0001.jpg,S2A_MSIL2A_20180602T062631_R077_T40QGL_20201026T120848,0,2018-06,T40QGL,0.3972256387055098,0,0.7250074506564916
S2B_MSIL2A_20180617T062629_R077_T40QGL_20201011T231555_0000.jpg,S2B_MSIL2A_20180617T062629_R077_T40QGL_20201011T231555,0,2018-06,T40QGL,0.5500498260706348,0,0.7250074506564916
S2B_MSIL2A_20180617T062629_R077_T40QGL_20201011T231555_0001.jpg,S2B_MSIL2A_20180617T062629_R077_T40QGL_20201011T231555,0,2018-06,T40QGL,0.5500498260706348,0,0.7250074506564916
S2B_MSIL2A_20180707T062629_R077_T40QGL_20201011T130506_0000.jpg,S2B_MSIL2A_20180707T062629_R077_T40QGL_20201011T130506,1,2018-07,T40QGL,0.9649319924668671,1,0.7250074506564916
S2B_MSIL2A_20180707T062629_R077_T40QGL_20201011T130506_0001.jpg,S2B_MSIL2A_20180707T062629_R077_T40QGL_20201011T130506,1,2018-07,T40QGL,0.9649319924668671,1,0.7250074506564916
S2B_MSIL2A_20180806T062629_R077_T40QGL_20201010T220237_0000.jpg,S2B_MSIL2A_20180806T062629_R077_T40QGL_20201010T220237,0,2018-08,T40QGL,0.2512410824172578,0,0.7250074506564916
S2B_MSIL2A_20180806T062629_R077_T40QGL_20201010T220237_0001.jpg,S2B_MSIL2A_20180806T062629_R077_T40QGL_20201010T220237,0,2018-08,T40QGL,0.2512410824172578,0,0.7250074506564916
S2A_MSIL2A_20180821T062631_R077_T40QGL_20201011T044753_0000.jpg,S2A_MSIL2A_20180821T062631_R077_T40QGL_20201011T044753,0,2018-08,T40QGL,0.014645703082509101,0,0.7250074506564916
S2A_MSIL2A_20180821T062631_R077_T40QGL_20201011T044753_0001.jpg,S2A_MSIL2A_20180821T062631_R077_T40QGL_20201011T044753,0,2018-08,T40QGL,0.014645703082509101,0,0.7250074506564916
S2A_MSIL2A_20180831T062631_R077_T40QGL_20201103T173702_0000.jpg,S2A_MSIL2A_20180831T062631_R077_T40QGL_20201103T173702,0,2018-08,T40QGL,0.005257583522327641,0,0.7250074506564916
S2A_MSIL2A_20180831T062631_R077_T40QGL_20201103T173702_0001.jpg,S2A_MSIL2A_20180831T062631_R077_T40QGL_20201103T173702,0,2018-08,T40QGL,0.005257583522327641,0,0.7250074506564916
S2B_MSIL2A_20180905T062619_R077_T40QGL_20201011T085713_0000.jpg,S2B_MSIL2A_20180905T062619_R077_T40QGL_20201011T085713,0,2018-09,T40QGL,0.2663146052989298,0,0.7250074506564916
S2B_MSIL2A_20180905T062619_R077_T40QGL_20201011T085713_0001.jpg,S2B_MSIL2A_20180905T062619_R077_T40QGL_20201011T085713,0,2018-09,T40QGL,0.2663146052989298,0,0.7250074506564916
S2B_MSIL2A_20180915T062619_R077_T40QGL_20201009T012730_0000.jpg,S2B_MSIL2A_20180915T062619_R077_T40QGL_20201009T012730,0,2018-09,T40QGL,0.006759671691226857,0,0.7250074506564916
S2B_MSIL2A_20180915T062619_R077_T40QGL_20201009T012730_0001.jpg,S2B_MSIL2A_20180915T062619_R077_T40QGL_20201009T012730,0,2018-09,T40QGL,0.006759671691226857,0,0.7250074506564916
S2A_MSIL2A_20180930T062641_R077_T40QGL_20201009T062820_0000.jpg,S2A_MSIL2A_20180930T062641_R077_T40QGL_20201009T062820,0,2018-09,T40QGL,0.2071787854712067,0,0.7250074506564916
S2A_MSIL2A_20180930T062641_R077_T40QGL_20201009T062820_0001.jpg,S2A_MSIL2A_20180930T062641_R077_T40QGL_20201009T062820,0,2018-09,T40QGL,0.2071787854712067,0,0.7250074506564916
S2B_MSIL2A_20181005T062719_R077_T40QGL_20201009T082717_0000.jpg,S2B_MSIL2A_20181005T062719_R077_T40QGL_20201009T082717,0,2018-10,T40QGL,0.4406657791066317,0,0.7250074506564916
S2B_MSIL2A_20181005T062719_R077_T40QGL_20201009T082717_0001.jpg,S2B_MSIL2A_20181005T062719_R077_T40QGL_20201009T082717,0,2018-10,T40QGL,0.4406657791066317,0,0.7250074506564916
S2A_MSIL2A_20181010T062751_R077_T40QGL_20201009T100248_0000.jpg,S2A_MSIL2A_20181010T062751_R077_T40QGL_20201009T100248,1,2018-10,T40QGL,0.0972234032482404,0,0.7250074506564916
S2A_MSIL2A_20181010T062751_R077_T40QGL_20201009T100248_0001.jpg,S2A_MSIL2A_20181010T062751_R077_T40QGL_20201009T100248,1,2018-10,T40QGL,0.0972234032482404,0,0.7250074506564916
S2B_MSIL2A_20181104T063029_R077_T40QGL_20201008T154613_0000.jpg,S2B_MSIL2A_20181104T063029_R077_T40QGL_20201008T154613,1,2018-11,T40QGL,0.8359399844198728,1,0.7250074506564916
S2B_MSIL2A_20181104T063029_R077_T40QGL_20201008T154613_0001.jpg,S2B_MSIL2A_20181104T063029_R077_T40QGL_20201008T154613,1,2018-11,T40QGL,0.8359399844198728,1,0.7250074506564916
S2B_MSIL2A_20181114T063119_R077_T40QGL_20201008T183306_0000.jpg,S2B_MSIL2A_20181114T063119_R077_T40QGL_20201008T183306,0,2018-11,T40QGL,0.009770342058243266,0,0.7250074506564916
S2B_MSIL2A_20181114T063119_R077_T40QGL_20201008T183306_0001.jpg,S2B_MSIL2A_20181114T063119_R077_T40QGL_20201008T183306,0,2018-11,T40QGL,0.009770342058243266,0,0.7250074506564916
S2A_MSIL2A_20181209T063241_R077_T40QGL_20201008T083422_0000.jpg,S2A_MSIL2A_20181209T063241_R077_T40QGL_20201008T083422,0,2018-12,T40QGL,0.07065340227542838,0,0.7250074506564916
S2A_MSIL2A_20181209T063241_R077_T40QGL_20201008T083422_0001.jpg,S2A_MSIL2A_20181209T063241_R077_T40QGL_20201008T083422,0,2018-12,T40QGL,0.07065340227542838,0,0.7250074506564916
S2B_MSIL2A_20190103T063249_R077_T40QGL_20201007T222958_0000.jpg,S2B_MSIL2A_20190103T063249_R077_T40QGL_20201007T222958,0,2019-01,T40QGL,0.04312751144322348,0,0.7250074506564916
S2B_MSIL2A_20190103T063249_R077_T40QGL_20201007T222958_0001.jpg,S2B_MSIL2A_20190103T063249_R077_T40QGL_20201007T222958,0,2019-01,T40QGL,0.04312751144322348,0,0.7250074506564916
S2A_MSIL2A_20190128T063121_R077_T40QGL_20201008T051649_0000.jpg,S2A_MSIL2A_20190128T063121_R077_T40QGL_20201008T051649,0,2019-01,T40QGL,0.27672478093124425,0,0.7250074506564916
S2A_MSIL2A_20190128T063121_R077_T40QGL_20201008T051649_0001.jpg,S2A_MSIL2A_20190128T063121_R077_T40QGL_20201008T051649,0,2019-01,T40QGL,0.27672478093124425,0,0.7250074506564916
S2B_MSIL2A_20190212T063009_R077_T40QGL_20201007T161347_0000.jpg,S2B_MSIL2A_20190212T063009_R077_T40QGL_20201007T161347,1,2019-02,T40QGL,0.904017790592442,1,0.7250074506564916
S2B_MSIL2A_20190212T063009_R077_T40QGL_20201007T161347_0001.jpg,S2B_MSIL2A_20190212T063009_R077_T40QGL_20201007T161347,1,2019-02,T40QGL,0.904017790592442,1,0.7250074506564916
S2A_MSIL2A_20190227T062821_R077_T40QGL_20201007T210606_0000.jpg,S2A_MSIL2A_20190227T062821_R077_T40QGL_20201007T210606,0,2019-02,T40QGL,0.015489092054594474,0,0.7250074506564916
S2A_MSIL2A_20190227T062821_R077_T40QGL_20201007T210606_0001.jpg,S2A_MSIL2A_20190227T062821_R077_T40QGL_20201007T210606,0,2019-02,T40QGL,0.015489092054594474,0,0.7250074506564916
S2B_MSIL2A_20190304T062749_R077_T40QGL_20201030T140917_0000.jpg,S2B_MSIL2A_20190304T062749_R077_T40QGL_20201030T140917,0,2019-03,T40QGL,0.30256498019361444,0,0.7250074506564916
S2B_MSIL2A_20190304T062749_R077_T40QGL_20201030T140917_0001.jpg,S2B_MSIL2A_20190304T062749_R077_T40QGL_20201030T140917,0,2019-03,T40QGL,0.30256498019361444,0,0.7250074506564916
S2B_MSIL2A_20190314T062629_R077_T40QGL_20201007T063944_0000.jpg,S2B_MSIL2A_20190314T062629_R077_T40QGL_20201007T063944,1,2019-03,T40QGL,0.22095090635174458,0,0.7250074506564916
S2B_MSIL2A_20190314T062629_R077_T40QGL_20201007T063944_0001.jpg,S2B_MSIL2A_20190314T062629_R077_T40QGL_20201007T063944,1,2019-03,T40QGL,0.22095090635174458,0,0.7250074506564916
S2A_MSIL2A_20190408T062631_R077_T40QGL_20201006T233306_0000.jpg,S2A_MSIL2A_20190408T062631_R077_T40QGL_20201006T233306,1,2019-04,T40QGL,0.8624618476895357,1,0.7250074506564916
S2A_MSIL2A_20190408T062631_R077_T40QGL_20201006T233306_0001.jpg,S2A_MSIL2A_20190408T062631_R077_T40QGL_20201006T233306,1,2019-04,T40QGL,0.8624618476895357,1,0.7250074506564916
S2A_MSIL2A_20190428T062631_R077_T40QGL_20201105T205728_0000.jpg,S2A_MSIL2A_20190428T062631_R077_T40QGL_20201105T205728,0,2019-04,T40QGL,0.11525071945034564,0,0.7250074506564916
S2A_MSIL2A_20190428T062631_R077_T40QGL_20201105T205728_0001.jpg,S2A_MSIL2A_20190428T062631_R077_T40QGL_20201105T205728,0,2019-04,T40QGL,0.11525071945034564,0,0.7250074506564916
S2A_MSIL2A_20190528T062631_R077_T40QGL_20201006T191629_0000.jpg,S2A_MSIL2A_20190528T062631_R077_T40QGL_20201006T191629,0,2019-05,T40QGL,0.2552302848726449,0,0.7250074506564916
S2A_MSIL2A_20190528T062631_R077_T40QGL_20201006T191629_0001.jpg,S2A_MSIL2A_20190528T062631_R077_T40QGL_20201006T191629,0,2019-05,T40QGL,0.2552302848726449,0,0.7250074506564916
S2A_MSIL2A_20190607T062631_R077_T40QGL_20201005T230634_0000.jpg,S2A_MSIL2A_20190607T062631_R077_T40QGL_20201005T230634,0,2019-06,T40QGL,0.6726995114721015,0,0.7250074506564916
S2A_MSIL2A_20190607T062631_R077_T40QGL_20201005T230634_0001.jpg,S2A_MSIL2A_20190607T062631_R077_T40QGL_20201005T230634,0,2019-06,T40QGL,0.6726995114721015,0,0.7250074506564916
S2A_MSIL2A_20190627T062631_R077_T40QGL_20201006T065428_0000.jpg,S2A_MSIL2A_20190627T062631_R077_T40QGL_20201006T065428,0,2019-06,T40QGL,0.18214124787968577,0,0.7250074506564916
S2A_MSIL2A_20190627T062631_R077_T40QGL_20201006T065428_0001.jpg,S2A_MSIL2A_20190627T062631_R077_T40QGL_20201006T065428,0,2019-06,T40QGL,0.18214124787968577,0,0.7250074506564916
S2B_MSIL2A_20190702T062639_R077_T40QGL_20201005T081837_0000.jpg,S2B_MSIL2A_20190702T062639_R077_T40QGL_20201005T081837,1,2019-07,T40QGL,0.758314823843228,1,0.7250074506564916
S2B_MSIL2A_20190702T062639_R077_T40QGL_20201005T081837_0001.jpg,S2B_MSIL2A_20190702T062639_R077_T40QGL_20201005T081837,1,2019-07,T40QGL,0.758314823843228,1,0.7250074506564916
S2B_MSIL2A_20190821T062639_R077_T40QGL_20201005T030927_0000.jpg,S2B_MSIL2A_20190821T062639_R077_T40QGL_20201005T030927,0,2019-08,T40QGL,0.16770902777993899,0,0.7250074506564916
S2B_MSIL2A_20190821T062639_R077_T40QGL_20201005T030927_0001.jpg,S2B_MSIL2A_20190821T062639_R077_T40QGL_20201005T030927,0,2019-08,T40QGL,0.16770902777993899,0,0.7250074506564916
S2A_MSIL2A_20190826T062631_R077_T40QGL_20201005T045841_0000.jpg,S2A_MSIL2A_20190826T062631_R077_T40QGL_20201005T045841,0,2019-08,T40QGL,0.18626888394778363,0,0.7250074506564916
S2A_MSIL2A_20190826T062631_R077_T40QGL_20201005T045841_0001.jpg,S2A_MSIL2A_20190826T062631_R077_T40QGL_20201005T045841,0,2019-08,T40QGL,0.18626888394778363,0,0.7250074506564916
S2B_MSIL2A_20190910T062629_R077_T40QGL_20201004T113425_0000.jpg,S2B_MSIL2A_20190910T062629_R077_T40QGL_20201004T113425,1,2019-09,T40QGL,0.886090859215806,1,0.7250074506564916
S2B_MSIL2A_20190910T062629_R077_T40QGL_20201004T113425_0001.jpg,S2B_MSIL2A_20190910T062629_R077_T40QGL_20201004T113425,1,2019-09,T40QGL,0.886090859215806,1,0.7250074506564916
S2B_MSIL2A_20190930T062639_R077_T40QGL_20201004T185142_0000.jpg,S2B_MSIL2A_20190930T062639_R077_T40QGL_20201004T185142,0,2019-09,T40QGL,0.008554344074319662,0,0.7250074506564916
S2B_MSIL2A_20190930T062639_R077_T40QGL_20201004T185142_0001.jpg,S2B_MSIL2A_20190930T062639_R077_T40QGL_20201004T185142,0,2019-09,T40QGL,0.008554344074319662,0,0.7250074506564916
S2B_MSIL2A_20191020T062859_R077_T40QGL_20201004T042518_0000.jpg,S2B_MSIL2A_20191020T062859_R077_T40QGL_20201004T042518,0,2019-10,T40QGL,0.11137656909123353,0,0.7250074506564916
S2B_MSIL2A_20191020T062859_R077_T40QGL_20201004T042518_0001.jpg,S2B_MSIL2A_20191020T062859_R077_T40QGL_20201004T042518,0,2019-10,T40QGL,0.11137656909123353,0,0.7250074506564916
S2B_MSIL2A_20191119T063139_R077_T40QGL_20201003T180524_0000.jpg,S2B_MSIL2A_20191119T063139_R077_T40QGL_20201003T180524,1,2019-11,T40QGL,0.537300641387885,0,0.7250074506564916
S2B_MSIL2A_20191119T063139_R077_T40QGL_20201003T180524_0001.jpg,S2B_MSIL2A_20191119T063139_R077_T40QGL_20201003T180524,1,2019-11,T40QGL,0.537300641387885,0,0.7250074506564916
S2A_MSIL2A_20191214T063251_R077_T40QGL_20201003T044507_0000.jpg,S2A_MSIL2A_20191214T063251_R077_T40QGL_20201003T044507,1,2019-12,T40QGL,0.938310574331788,1,0.7250074506564916
S2A_MSIL2A_20191214T063251_R077_T40QGL_20201003T044507_0001.jpg,S2A_MSIL2A_20191214T063251_R077_T40QGL_20201003T044507,1,2019-12,T40QGL,0.938310574331788,1,0.7250074506564916
S2B_MSIL2A_20200118T063209_R077_T40QGL_20201002T202134_0000.jpg,S2B_MSIL2A_20200118T063209_R077_T40QGL_20201002T202134,1,2020-01,T40QGL,0.9346056117046982,1,0.7250074506564916
S2B_MSIL2A_20200118T063209_R077_T40QGL_20201002T202134_0001.jpg,S2B_MSIL2A_20200118T063209_R077_T40QGL_20201002T202134,1,2020-01,T40QGL,0.9346056117046982,1,0.7250074506564916
S2A_MSIL2A_20200313T062631_R077_T40QGL_20201009T030506_0000.jpg,S2A_MSIL2A_20200313T062631_R077_T40QGL_20201009T030506,1,2020-03,T40QGL,0.20746707621221722,0,0.7250074506564916
S2A_MSIL2A_20200313T062631_R077_T40QGL_20201009T030506_0001.jpg,S2A_MSIL2A_20200313T062631_R077_T40QGL_20201009T030506,1,2020-03,T40QGL,0.20746707621221722,0,0.7250074506564916
S2B_MSIL2A_20200507T062629_R077_T40QGL_20200920T220120_0000.jpg,S2B_MSIL2A_20200507T062629_R077_T40QGL_20200920T220120,0,2020-05,T40QGL,0.007140358420349002,0,0.7250074506564916
S2B_MSIL2A_20200507T062629_R077_T40QGL_20200920T220120_0001.jpg,S2B_MSIL2A_20200507T062629_R077_T40QGL_20200920T220120,0,2020-05,T40QGL,0.007140358420349002,0,0.7250074506564916
S2A_MSIL2A_20200512T062631_R077_T40QGL_20200917T210541_0000.jpg,S2A_MSIL2A_20200512T062631_R077_T40QGL_20200917T210541,0,2020-05,T40QGL,0.02165573452478002,0,0.7250074506564916
S2A_MSIL2A_20200512T062631_R077_T40QGL_20200917T210541_0001.jpg,S2A_MSIL2A_20200512T062631_R077_T40QGL_20200917T210541,0,2020-05,T40QGL,0.02165573452478002,0,0.7250074506564916
S2B_MSIL2A_20200527T062629_R077_T40QGL_20200911T043845_0000.jpg,S2B_MSIL2A_20200527T062629_R077_T40QGL_20200911T043845,1,2020-05,T40QGL,0.876832423488103,1,0.7250074506564916
S2B_MSIL2A_20200527T062629_R077_T40QGL_20200911T043845_0001.jpg,S2B_MSIL2A_20200527T062629_R077_T40QGL_20200911T043845,1,2020-05,T40QGL,0.876832423488103,1,0.7250074506564916
S2B_MSIL2A_20200606T062629_R077_T40QGL_20200909T170242_0000.jpg,S2B_MSIL2A_20200606T062629_R077_T40QGL_20200909T170242,0,2020-06,T40QGL,0.023725170925898924,0,0.7250074506564916
S2B_MSIL2A_20200606T062629_R077_T40QGL_20200909T170242_0001.jpg,S2B_MSIL2A_20200606T062629_R077_T40QGL_20200909T170242,0,2020-06,T40QGL,0.023725170925898924,0,0.7250074506564916
S2A_MSIL2A_20200611T062631_R077_T40QGL_20200909T170247_0000.jpg,S2A_MSIL2A_20200611T062631_R077_T40QGL_20200909T170247,0,2020-06,T40QGL,0.3807334218100224,0,0.7250074506564916
S2A_MSIL2A_20200611T062631_R077_T40QGL_20200909T170247_0001.jpg,S2A_MSIL2A_20200611T062631_R077_T40QGL_20200909T170247,0,2020-06,T40QGL,0.3807334218100224,0,0.7250074506564916
S2A_MSIL2A_20200721T062631_R077_T40QGL_20200816T230029_0000.jpg,S2A_MSIL2A_20200721T062631_R077_T40QGL_20200816T230029,1,2020-07,T40QGL,0.8638655772500599,1,0.7250074506564916
S2A_MSIL2A_20200721T062631_R077_T40QGL_20200816T230029_0001.jpg,S2A_MSIL2A_20200721T062631_R077_T40QGL_20200816T230029,1,2020-07,T40QGL,0.8638655772500599,1,0.7250074506564916
S2B_MSIL2A_20200805T062629_R077_T40QGL_20200815T032732_0000.jpg,S2B_MSIL2A_20200805T062629_R077_T40QGL_20200815T032732,0,2020-08,T40QGL,0.27102417353217517,0,0.7250074506564916
S2B_MSIL2A_20200805T062629_R077_T40QGL_20200815T032732_0001.jpg,S2B_MSIL2A_20200805T062629_R077_T40QGL_20200815T032732,0,2020-08,T40QGL,0.27102417353217517,0,0.7250074506564916
S2A_MSIL2A_20200830T062631_R077_T40QGL_20200907T182438_0000.jpg,S2A_MSIL2A_20200830T062631_R077_T40QGL_20200907T182438,0,2020-08,T40QGL,0.00869756950226473,0,0.7250074506564916
S2A_MSIL2A_20200830T062631_R077_T40QGL_20200907T182438_0001.jpg,S2A_MSIL2A_20200830T062631_R077_T40QGL_20200907T182438,0,2020-08,T40QGL,0.00869756950226473,0,0.7250074506564916
S2B_MSIL2A_20200904T062629_R077_T40QGL_20200919T090132_0000.jpg,S2B_MSIL2A_20200904T062629_R077_T40QGL_20200919T090132,0,2020-09,T40QGL,0.008835572869606206,0,0.7250074506564916
S2B_MSIL2A_20200904T062629_R077_T40QGL_20200919T090132_0001.jpg,S2B_MSIL2A_20200904T062629_R077_T40QGL_20200919T090132,0,2020-09,T40QGL,0.008835572869606206,0,0.7250074506564916
S2A_MSIL2A_20200909T062631_R077_T40QGL_20200919T090136_0000.jpg,S2A_MSIL2A_20200909T062631_R077_T40QGL_20200919T090136,0,2020-09,T40QGL,0.06367130341850066,0,0.7250074506564916
S2A_MSIL2A_20200909T062631_R077_T40QGL_20200919T090136_0001.jpg,S2A_MSIL2A_20200909T062631_R077_T40QGL_20200919T090136,0,2020-09,T40QGL,0.06367130341850066,0,0.7250074506564916
S2A_MSIL2A_20200919T062631_R077_T40QGL_20200922T213558_0000.jpg,S2A_MSIL2A_20200919T062631_R077_T40QGL_20200922T213558,0,2020-09,T40QGL,0.26608566831093844,0,0.7250074506564916
S2A_MSIL2A_20200919T062631_R077_T40QGL_20200922T213558_0001.jpg,S2A_MSIL2A_20200919T062631_R077_T40QGL_20200922T213558,0,2020-09,T40QGL,0.26608566831093844,0,0.7250074506564916
S2B_MSIL2A_20201004T062719_R077_T40QGL_20201006T041206_0000.jpg,S2B_MSIL2A_20201004T062719_R077_T40QGL_20201006T041206,1,2020-10,T40QGL,0.8789539158468179,1,0.7250074506564916
S2B_MSIL2A_20201004T062719_R077_T40QGL_20201006T041206_0001.jpg,S2B_MSIL2A_20201004T062719_R077_T40QGL_20201006T041206,1,2020-10,T40QGL,0.8789539158468179,1,0.7250074506564916
S2A_MSIL2A_20201009T062801_R077_T40QGL_20201011T131957_0000.jpg,S2A_MSIL2A_20201009T062801_R077_T40QGL_20201011T131957,0,2020-10,T40QGL,0.01839739883297764,0,0.7250074506564916
S2A_MSIL2A_20201009T062801_R077_T40QGL_20201011T131957_0001.jpg,S2A_MSIL2A_20201009T062801_R077_T40QGL_20201011T131957,0,2020-10,T40QGL,0.01839739883297764,0,0.7250074506564916
S2B_MSIL2A_20201113T063119_R077_T40QGL_20201115T062038_0000.jpg,S2B_MSIL2A_20201113T063119_R077_T40QGL_20201115T062038,0,2020-11,T40QGL,0.05288704535873012,0,0.7250074506564916
S2B_MSIL2A_20201113T063119_R077_T40QGL_20201115T062038_0001.jpg,S2B_MSIL2A_20201113T063119_R077_T40QGL_20201115T062038,0,2020-11,T40QGL,0.05288704535873012,0,0.7250074506564916
S2B_MSIL2A_20201123T063159_R077_T40QGL_20201124T121724_0000.jpg,S2B_MSIL2A_20201123T063159_R077_T40QGL_20201124T121724,0,2020-11,T40QGL,0.19137866019813282,0,0.7250074506564916
S2B_MSIL2A_20201123T063159_R077_T40QGL_20201124T121724_0001.jpg,S2B_MSIL2A_20201123T063159_R077_T40QGL_20201124T121724,0,2020-11,T40QGL,0.19137866019813282,0,0.7250074506564916
S2B_MSIL2A_20201203T063229_R077_T40QGL_20201204T002719_0000.jpg,S2B_MSIL2A_20201203T063229_R077_T40QGL_20201204T002719,0,2020-12,T40QGL,0.004689586988786697,0,0.7250074506564916
S2B_MSIL2A_20201203T063229_R077_T40QGL_20201204T002719_0001.jpg,S2B_MSIL2A_20201203T063229_R077_T40QGL_20201204T002719,0,2020-12,T40QGL,0.004689586988786697,0,0.7250074506564916
S2A_MSIL2A_20201228T063301_R077_T40QGL_20210113T144450_0000.jpg,S2A_MSIL2A_20201228T063301_R077_T40QGL_20210113T144450,0,2020-12,T40QGL,0.5444904827275044,0,0.7250074506564916
S2A_MSIL2A_20201228T063301_R077_T40QGL_20210113T144450_0001.jpg,S2A_MSIL2A_20201228T063301_R077_T40QGL_20210113T144450,0,2020-12,T40QGL,0.5444904827275044,0,0.7250074506564916
S2B_MSIL2A_20210102T063249_R077_T40QGL_20210102T170534_0000.jpg,S2B_MSIL2A_20210102T063249_R077_T40QGL_20210102T170534,0,2021-01,T40QGL,0.013719236425000107,0,0.7250074506564916
S2B_MSIL2A_20210102T063249_R077_T40QGL_20210102T170534_0001.jpg,S2B_MSIL2A_20210102T063249_R077_T40QGL_20210102T170534,0,2021-01,T40QGL,0.013719236425000107,0,0.7250074506564916
S2B_MSIL2A_20210112T063229_R077_T40QGL_20210112T195729_0000.jpg,S2B_MSIL2A_20210112T063229_R077_T40QGL_20210112T195729,1,2021-01,T40QGL,0.99184937202022,1,0.7250074506564916
S2B_MSIL2A_20210112T063229_R077_T40QGL_20210112T195729_0001.jpg,S2B_MSIL2A_20210112T063229_R077_T40QGL_20210112T195729,1,2021-01,T40QGL,0.99184937202022,1,0.7250074506564916
S2B_MSIL2A_20210201T063059_R077_T40QGL_20210202T030519_0000.jpg,S2B_MSIL2A_20210201T063059_R077_T40QGL_20210202T030519,0,2021-02,T40QGL,0.017999889446714584,0,0.7250074506564916
S2B_MSIL2A_20210201T063059_R077_T40QGL_20210202T030519_0001.jpg,S2B_MSIL2A_20210201T063059_R077_T40QGL_20210202T030519,0,2021-02,T40QGL,0.017999889446714584,0,0.7250074506564916
S2A_MSIL2A_20210216T062931_R077_T40QGL_20210419T220332_0000.jpg,S2A_MSIL2A_20210216T062931_R077_T40QGL_20210419T220332,0,2021-02,T40QGL,0.07880881778007685,0,0.7250074506564916
S2A_MSIL2A_20210216T062931_R077_T40QGL_20210419T220332_0001.jpg,S2A_MSIL2A_20210216T062931_R077_T40QGL_20210419T220332,0,2021-02,T40QGL,0.07880881778007685,0,0.7250074506564916
S2B_MSIL2A_20210221T062859_R077_T40QGL_20210221T175910_0000.jpg,S2B_MSIL2A_20210221T062859_R077_T40QGL_20210221T175910,0,2021-02,T40QGL,0.06775449479399348,0,0.7250074506564916
S2B_MSIL2A_20210221T062859_R077_T40QGL_20210221T175910_0001.jpg,S2B_MSIL2A_20210221T062859_R077_T40QGL_20210221T175910,0,2021-02,T40QGL,0.06775449479399348,0,0.7250074506564916
S2A_MSIL2A_20210226T062831_R077_T40QGL_20210226T174100_0000.jpg,S2A_MSIL2A_20210226T062831_R077_T40QGL_20210226T174100,1,2021-02,T40QGL,0.9300452538644375,1,0.7250074506564916
S2A_MSIL2A_20210226T062831_R077_T40QGL_20210226T174100_0001.jpg,S2A_MSIL2A_20210226T062831_R077_T40QGL_20210226T174100,1,2021-02,T40QGL,0.9300452538644375,1,0.7250074506564916
S2A_MSIL2A_20210318T062631_R077_T40QGL_20210318T222033_0000.jpg,S2A_MSIL2A_20210318T062631_R077_T40QGL_20210318T222033,0,2021-03,T40QGL,0.24413740949845986,0,0.7250074506564916
S2A_MSIL2A_20210318T062631_R077_T40QGL_20210318T222033_0001.jpg,S2A_MSIL2A_20210318T062631_R077_T40QGL_20210318T222033,0,2021-03,T40QGL,0.24413740949845986,0,0.7250074506564916
S2B_MSIL2A_20210402T062629_R077_T40QGL_20210402T233313_0000.jpg,S2B_MSIL2A_20210402T062629_R077_T40QGL_20210402T233313,1,2021-04,T40QGL,0.9070815084474458,1,0.7250074506564916
S2B_MSIL2A_20210402T062629_R077_T40QGL_20210402T233313_0001.jpg,S2B_MSIL2A_20210402T062629_R077_T40QGL_20210402T233313,1,2021-04,T40QGL,0.9070815084474458,1,0.7250074506564916
S2B_MSIL2A_20210412T062629_R077_T40QGL_20210412T184723_0000.jpg,S2B_MSIL2A_20210412T062629_R077_T40QGL_20210412T184723,0,2021-04,T40QGL,0.012364412958888923,0,0.7250074506564916
S2B_MSIL2A_20210412T062629_R077_T40QGL_20210412T184723_0001.jpg,S2B_MSIL2A_20210412T062629_R077_T40QGL_20210412T184723,0,2021-04,T40QGL,0.012364412958888923,0,0.7250074506564916
S2B_MSIL2A_20210422T062619_R077_T40QGL_20210422T195008_0000.jpg,S2B_MSIL2A_20210422T062619_R077_T40QGL_20210422T195008,0,2021-04,T40QGL,0.053012814473754555,0,0.7250074506564916
S2B_MSIL2A_20210422T062619_R077_T40QGL_20210422T195008_0001.jpg,S2B_MSIL2A_20210422T062619_R077_T40QGL_20210422T195008,0,2021-04,T40QGL,0.053012814473754555,0,0.7250074506564916
S2A_MSIL2A_20210517T062631_R077_T40QGL_20210518T194257_0000.jpg,S2A_MSIL2A_20210517T062631_R077_T40QGL_20210518T194257,0,2021-05,T40QGL,0.014984025910196921,0,0.7250074506564916
S2A_MSIL2A_20210517T062631_R077_T40QGL_20210518T194257_0001.jpg,S2A_MSIL2A_20210517T062631_R077_T40QGL_20210518T194257,0,2021-05,T40QGL,0.014984025910196921,0,0.7250074506564916
S2A_MSIL2A_20210527T062631_R077_T40QGL_20210527T194319_0000.jpg,S2A_MSIL2A_20210527T062631_R077_T40QGL_20210527T194319,1,2021-05,T40QGL,0.8075636390466419,1,0.7250074506564916
S2A_MSIL2A_20210527T062631_R077_T40QGL_20210527T194319_0001.jpg,S2A_MSIL2A_20210527T062631_R077_T40QGL_20210527T194319,1,2021-05,T40QGL,0.8075636390466419,1,0.7250074506564916
S2B_MSIL2A_20210601T062629_R077_T40QGL_20210601T190640_0000.jpg,S2B_MSIL2A_20210601T062629_R077_T40QGL_20210601T190640,0,2021-06,T40QGL,0.019340269478741182,0,0.7250074506564916
S2B_MSIL2A_20210601T062629_R077_T40QGL_20210601T190640_0001.jpg,S2B_MSIL2A_20210601T062629_R077_T40QGL_20210601T190640,0,2021-06,T40QGL,0.019340269478741182,0,0.7250074506564916
S2B_MSIL2A_20210621T062629_R077_T40QGL_20210624T121902_0000.jpg,S2B_MSIL2A_20210621T062629_R077_T40QGL_20210624T121902,0,2021-06,T40QGL,0.08685749291754524,0,0.7250074506564916
S2B_MSIL2A_20210621T062629_R077_T40QGL_20210624T121902_0001.jpg,S2B_MSIL2A_20210621T062629_R077_T40QGL_20210624T121902,0,2021-06,T40QGL,0.08685749291754524,0,0.7250074506564916
S2A_MSIL2A_20210626T062631_R077_T40QGL_20210626T143353_0000.jpg,S2A_MSIL2A_20210626T062631_R077_T40QGL_20210626T143353,1,2021-06,T40QGL,0.9352478490863149,1,0.7250074506564916
S2A_MSIL2A_20210626T062631_R077_T40QGL_20210626T143353_0001.jpg,S2A_MSIL2A_20210626T062631_R077_T40QGL_20210626T143353,1,2021-06,T40QGL,0.9352478490863149,1,0.7250074506564916
S2A_MSIL2A_20210815T062631_R077_T40QGL_20210815T125240_0000.jpg,S2A_MSIL2A_20210815T062631_R077_T40QGL_20210815T125240,0,2021-08,T40QGL,0.5574229450672696,0,0.7250074506564916
S2A_MSIL2A_20210815T062631_R077_T40QGL_20210815T125240_0001.jpg,S2A_MSIL2A_20210815T062631_R077_T40QGL_20210815T125240,0,2021-08,T40QGL,0.5574229450672696,0,0.7250074506564916
S2B_MSIL2A_20210820T062629_R077_T40QGL_20210820T125555_0000.jpg,S2B_MSIL2A_20210820T062629_R077_T40QGL_20210820T125555,0,2021-08,T40QGL,0.4906196882120911,0,0.7250074506564916
S2B_MSIL2A_20210820T062629_R077_T40QGL_20210820T125555_0001.jpg,S2B_MSIL2A_20210820T062629_R077_T40QGL_20210820T125555,0,2021-08,T40QGL,0.4906196882120911,0,0.7250074506564916
S2A_MSIL2A_20210825T062631_R077_T40QGL_20210825T175916_0000.jpg,S2A_MSIL2A_20210825T062631_R077_T40QGL_20210825T175916,0,2021-08,T40QGL,0.005407749172523204,0,0.7250074506564916
S2A_MSIL2A_20210825T062631_R077_T40QGL_20210825T175916_0001.jpg,S2A_MSIL2A_20210825T062631_R077_T40QGL_20210825T175916,0,2021-08,T40QGL,0.005407749172523204,0,0.7250074506564916
S2A_MSIL2A_20210904T062631_R077_T40QGL_20210904T162838_0000.jpg,S2A_MSIL2A_20210904T062631_R077_T40QGL_20210904T162838,1,2021-09,T40QGL,0.8674807776666937,1,0.7250074506564916
S2A_MSIL2A_20210904T062631_R077_T40QGL_20210904T162838_0001.jpg,S2A_MSIL2A_20210904T062631_R077_T40QGL_20210904T162838,1,2021-09,T40QGL,0.8674807776666937,1,0.7250074506564916
S2A_MSIL2A_20210924T062631_R077_T40QGL_20210925T024150_0000.jpg,S2A_MSIL2A_20210924T062631_R077_T40QGL_20210925T024150,1,2021-09,T40QGL,0.7884219365692893,1,0.7250074506564916
S2A_MSIL2A_20210924T062631_R077_T40QGL_20210925T024150_0001.jpg,S2A_MSIL2A_20210924T062631_R077_T40QGL_20210925T024150,1,2021-09,T40QGL,0.7884219365692893,1,0.7250074506564916
S2B_MSIL2A_20211019T062859_R077_T40QGL_20211020T001424_0000.jpg,S2B_MSIL2A_20211019T062859_R077_T40QGL_20211020T001424,0,2021-10,T40QGL,0.14763893867509312,0,0.7250074506564916
S2B_MSIL2A_20211019T062859_R077_T40QGL_20211020T001424_0001.jpg,S2B_MSIL2A_20211019T062859_R077_T40QGL_20211020T001424,0,2021-10,T40QGL,0.14763893867509312,0,0.7250074506564916
S2B_MSIL2A_20211029T062959_R077_T40QGL_20211029T195714_0000.jpg,S2B_MSIL2A_20211029T062959_R077_T40QGL_20211029T195714,0,2021-10,T40QGL,0.011261595516283014,0,0.7250074506564916
S2B_MSIL2A_20211029T062959_R077_T40QGL_20211029T195714_0001.jpg,S2B_MSIL2A_20211029T062959_R077_T40QGL_20211029T195714,0,2021-10,T40QGL,0.011261595516283014,0,0.7250074506564916
S2B_MSIL2A_20211108T063049_R077_T40QGL_20211109T065345_0000.jpg,S2B_MSIL2A_20211108T063049_R077_T40QGL_20211109T065345,0,2021-11,T40QGL,0.17300563277462228,0,0.7250074506564916
S2B_MSIL2A_20211108T063049_R077_T40QGL_20211109T065345_0001.jpg,S2B_MSIL2A_20211108T063049_R077_T40QGL_20211109T065345,0,2021-11,T40QGL,0.17300563277462228,0,0.7250074506564916
S2A_MSIL2A_20211113T063121_R077_T40QGL_20211113T133201_0000.jpg,S2A_MSIL2A_20211113T063121_R077_T40QGL_20211113T133201,0,2021-11,T40QGL,0.023933436570640957,0,0.7250074506564916
S2A_MSIL2A_20211113T063121_R077_T40QGL_20211113T133201_0001.jpg,S2A_MSIL2A_20211113T063121_R077_T40QGL_20211113T133201,0,2021-11,T40QGL,0.023933436570640957,0,0.7250074506564916
S2B_MSIL2A_20211118T063139_R077_T40QGL_20211118T164048_0000.jpg,S2B_MSIL2A_20211118T063139_R077_T40QGL_20211118T164048,0,2021-11,T40QGL,0.024932208454695175,0,0.7250074506564916
S2B_MSIL2A_20211118T063139_R077_T40QGL_20211118T164048_0001.jpg,S2B_MSIL2A_20211118T063139_R077_T40QGL_20211118T164048,0,2021-11,T40QGL,0.024932208454695175,0,0.7250074506564916
S2B_MSIL2A_20211128T063219_R077_T40QGL_20211129T031625_0000.jpg,S2B_MSIL2A_20211128T063219_R077_T40QGL_20211129T031625,1,2021-11,T40QGL,0.8283388014157188,1,0.7250074506564916
S2B_MSIL2A_20211128T063219_R077_T40QGL_20211129T031625_0001.jpg,S2B_MSIL2A_20211128T063219_R077_T40QGL_20211129T031625,1,2021-11,T40QGL,0.8283388014157188,1,0.7250074506564916
S2A_MSIL2A_20211203T063231_R077_T40QGL_20230126T013843_0000.jpg,S2A_MSIL2A_20211203T063231_R077_T40QGL_20230126T013843,0,2021-12,T40QGL,0.03413237365688135,0,0.7250074506564916
S2A_MSIL2A_20211203T063231_R077_T40QGL_20230126T013843_0001.jpg,S2A_MSIL2A_20211203T063231_R077_T40QGL_20230126T013843,0,2021-12,T40QGL,0.03413237365688135,0,0.7250074506564916
S2A_MSIL2A_20211213T063251_R077_T40QGL_20211213T193032_0000.jpg,S2A_MSIL2A_20211213T063251_R077_T40QGL_20211213T193032,1,2021-12,T40QGL,0.9640475925193763,1,0.7250074506564916
S2A_MSIL2A_20211213T063251_R077_T40QGL_20211213T193032_0001.jpg,S2A_MSIL2A_20211213T063251_R077_T40QGL_20211213T193032,1,2021-12,T40QGL,0.9640475925193763,1,0.7250074506564916
S2A_MSIL2A_20220112T063231_R077_T40QGL_20220113T005232_0000.jpg,S2A_MSIL2A_20220112T063231_R077_T40QGL_20220113T005232,0,2022-01,T40QGL,0.016268890316146374,0,0.7250074506564916
S2A_MSIL2A_20220112T063231_R077_T40QGL_20220113T005232_0001.jpg,S2A_MSIL2A_20220112T063231_R077_T40QGL_20220113T005232,0,2022-01,T40QGL,0.016268890316146374,0,0.7250074506564916
S2B_MSIL2A_20220117T063209_R077_T40QGL_20220117T220547_0000.jpg,S2B_MSIL2A_20220117T063209_R077_T40QGL_20220117T220547,1,2022-01,T40QGL,0.9718579433226966,1,0.7250074506564916
S2B_MSIL2A_20220117T063209_R077_T40QGL_20220117T220547_0001.jpg,S2B_MSIL2A_20220117T063209_R077_T40QGL_20220117T220547,1,2022-01,T40QGL,0.9718579433226966,1,0.7250074506564916
S2B_MSIL2A_20220216T062929_R077_T40QGL_20220224T005721_0000.jpg,S2B_MSIL2A_20220216T062929_R077_T40QGL_20220224T005721,1,2022-02,T40QGL,0.6947305350216715,0,0.7250074506564916
S2B_MSIL2A_20220216T062929_R077_T40QGL_20220224T005721_0001.jpg,S2B_MSIL2A_20220216T062929_R077_T40QGL_20220224T005721,1,2022-02,T40QGL,0.6947305350216715,0,0.7250074506564916
S2B_MSIL2A_20220226T062819_R077_T40QGL_20240530T061418_0000.jpg,S2B_MSIL2A_20220226T062819_R077_T40QGL_20240530T061418,0,2022-02,T40QGL,0.08343714817090676,0,0.7250074506564916
S2B_MSIL2A_20220226T062819_R077_T40QGL_20240530T061418_0001.jpg,S2B_MSIL2A_20220226T062819_R077_T40QGL_20240530T061418,0,2022-02,T40QGL,0.08343714817090676,0,0.7250074506564916
S2B_MSIL2A_20220407T062629_R077_T40QGL_20240524T024647_0000.jpg,S2B_MSIL2A_20220407T062629_R077_T40QGL_20240524T024647,0,2022-04,T40QGL,0.07254210638655201,0,0.7250074506564916
S2B_MSIL2A_20220407T062629_R077_T40QGL_20240524T024647_0001.jpg,S2B_MSIL2A_20220407T062629_R077_T40QGL_20240524T024647,0,2022-04,T40QGL,0.07254210638655201,0,0.7250074506564916
S2A_MSIL2A_20220502T062631_R077_T40QGL_20240524T172347_0000.jpg,S2A_MSIL2A_20220502T062631_R077_T40QGL_20240524T172347,0,2022-05,T40QGL,0.03761049730914986,0,0.7250074506564916
S2A_MSIL2A_20220502T062631_R077_T40QGL_20240524T172347_0001.jpg,S2A_MSIL2A_20220502T062631_R077_T40QGL_20240524T172347,0,2022-05,T40QGL,0.03761049730914986,0,0.7250074506564916
S2A_MSIL2A_20220512T062631_R077_T40QGL_20220514T054750_0000.jpg,S2A_MSIL2A_20220512T062631_R077_T40QGL_20220514T054750,0,2022-05,T40QGL,0.025085710364531177,0,0.7250074506564916
S2A_MSIL2A_20220512T062631_R077_T40QGL_20220514T054750_0001.jpg,S2A_MSIL2A_20220512T062631_R077_T40QGL_20220514T054750,0,2022-05,T40QGL,0.025085710364531177,0,0.7250074506564916
S2A_MSIL2A_20220522T062631_R077_T40QGL_20220523T071159_0000.jpg,S2A_MSIL2A_20220522T062631_R077_T40QGL_20220523T071159,0,2022-05,T40QGL,0.08861180754358929,0,0.7250074506564916
S2A_MSIL2A_20220522T062631_R077_T40QGL_20220523T071159_0001.jpg,S2A_MSIL2A_20220522T062631_R077_T40QGL_20220523T071159,0,2022-05,T40QGL,0.08861180754358929,0,0.7250074506564916
S2B_MSIL2A_20220527T062629_R077_T40QGL_20240613T145757_0000.jpg,S2B_MSIL2A_20220527T062629_R077_T40QGL_20240613T145757,0,2022-05,T40QGL,0.3136125735629541,0,0.7250074506564916
S2B_MSIL2A_20220527T062629_R077_T40QGL_20240613T145757_0001.jpg,S2B_MSIL2A_20220527T062629_R077_T40QGL_20240613T145757,0,2022-05,T40QGL,0.3136125735629541,0,0.7250074506564916
S2A_MSIL2A_20220621T062641_R077_T40QGL_20220622T012510_0000.jpg,S2A_MSIL2A_20220621T062641_R077_T40QGL_20220622T012510,0,2022-06,T40QGL,0.13492819001100695,0,0.7250074506564916
S2A_MSIL2A_20220621T062641_R077_T40QGL_20220622T012510_0001.jpg,S2A_MSIL2A_20220621T062641_R077_T40QGL_20220622T012510,0,2022-06,T40QGL,0.13492819001100695,0,0.7250074506564916
S2A_MSIL2A_20220721T062641_R077_T40QGL_20220723T060616_0000.jpg,S2A_MSIL2A_20220721T062641_R077_T40QGL_20220723T060616,1,2022-07,T40QGL,0.9083552050983329,1,0.7250074506564916
S2A_MSIL2A_20220721T062641_R077_T40QGL_20220723T060616_0001.jpg,S2A_MSIL2A_20220721T062641_R077_T40QGL_20220723T060616,1,2022-07,T40QGL,0.9083552050983329,1,0.7250074506564916
S2A_MSIL2A_20220731T062641_R077_T40QGL_20220801T054652_0000.jpg,S2A_MSIL2A_20220731T062641_R077_T40QGL_20220801T054652,0,2022-07,T40QGL,0.22101398140176903,0,0.7250074506564916
S2A_MSIL2A_20220731T062641_R077_T40QGL_20220801T054652_0001.jpg,S2A_MSIL2A_20220731T062641_R077_T40QGL_20220801T054652,0,2022-07,T40QGL,0.22101398140176903,0,0.7250074506564916
S2A_MSIL2A_20220820T062641_R077_T40QGL_20220820T144542_0000.jpg,S2A_MSIL2A_20220820T062641_R077_T40QGL_20220820T144542,1,2022-08,T40QGL,0.8267346599425955,1,0.7250074506564916
S2A_MSIL2A_20220820T062641_R077_T40QGL_20220820T144542_0001.jpg,S2A_MSIL2A_20220820T062641_R077_T40QGL_20220820T144542,1,2022-08,T40QGL,0.8267346599425955,1,0.7250074506564916
S2A_MSIL2A_20220909T062641_R077_T40QGL_20220909T171558_0000.jpg,S2A_MSIL2A_20220909T062641_R077_T40QGL_20220909T171558,0,2022-09,T40QGL,0.023611503231919174,0,0.7250074506564916
S2A_MSIL2A_20220909T062641_R077_T40QGL_20220909T171558_0001.jpg,S2A_MSIL2A_20220909T062641_R077_T40QGL_20220909T171558,0,2022-09,T40QGL,0.023611503231919174,0,0.7250074506564916
S2A_MSIL2A_20220929T062651_R077_T40QGL_20220929T190714_0000.jpg,S2A_MSIL2A_20220929T062651_R077_T40QGL_20220929T190714,0,2022-09,T40QGL,0.2473327310900926,0,0.7250074506564916
S2A_MSIL2A_20220929T062651_R077_T40QGL_20220929T190714_0001.jpg,S2A_MSIL2A_20220929T062651_R077_T40QGL_20220929T190714,0,2022-09,T40QGL,0.2473327310900926,0,0.7250074506564916
S2B_MSIL2A_20221004T062709_R077_T40QGL_20221004T215420_0000.jpg,S2B_MSIL2A_20221004T062709_R077_T40QGL_20221004T215420,0,2022-10,T40QGL,0.1674466373348793,0,0.7250074506564916
S2B_MSIL2A_20221004T062709_R077_T40QGL_20221004T215420_0001.jpg,S2B_MSIL2A_20221004T062709_R077_T40QGL_20221004T215420,0,2022-10,T40QGL,0.1674466373348793,0,0.7250074506564916
S2B_MSIL2A_20221024T062929_R077_T40QGL_20240724T101405_0000.jpg,S2B_MSIL2A_20221024T062929_R077_T40QGL_20240724T101405,0,2022-10,T40QGL,0.001366103674222923,0,0.7250074506564916
S2B_MSIL2A_20221024T062929_R077_T40QGL_20240724T101405_0001.jpg,S2B_MSIL2A_20221024T062929_R077_T40QGL_20240724T101405,0,2022-10,T40QGL,0.001366103674222923,0,0.7250074506564916
S2A_MSIL2A_20221029T063001_R077_T40QGL_20240716T225017_0000.jpg,S2A_MSIL2A_20221029T063001_R077_T40QGL_20240716T225017,0,2022-10,T40QGL,0.0019536006967979793,0,0.7250074506564916
S2A_MSIL2A_20221029T063001_R077_T40QGL_20240716T225017_0001.jpg,S2A_MSIL2A_20221029T063001_R077_T40QGL_20240716T225017,0,2022-10,T40QGL,0.0019536006967979793,0,0.7250074506564916
S2A_MSIL2A_20221118T063141_R077_T40QGL_20240804T234922_0000.jpg,S2A_MSIL2A_20221118T063141_R077_T40QGL_20240804T234922,0,2022-11,T40QGL,0.06952748927190193,0,0.7250074506564916
S2A_MSIL2A_20221118T063141_R077_T40QGL_20240804T234922_0001.jpg,S2A_MSIL2A_20221118T063141_R077_T40QGL_20240804T234922,0,2022-11,T40QGL,0.06952748927190193,0,0.7250074506564916
S2A_MSIL2A_20221218T063301_R077_T40QGL_20221218T225913_0000.jpg,S2A_MSIL2A_20221218T063301_R077_T40QGL_20221218T225913,0,2022-12,T40QGL,0.143953940349769,0,0.7250074506564916
S2A_MSIL2A_20221218T063301_R077_T40QGL_20221218T225913_0001.jpg,S2A_MSIL2A_20221218T063301_R077_T40QGL_20221218T225913,0,2022-12,T40QGL,0.143953940349769,0,0.7250074506564916
S2A_MSIL2A_20230107T063241_R077_T40QGL_20230107T194831_0000.jpg,S2A_MSIL2A_20230107T063241_R077_T40QGL_20230107T194831,0,2023-01,T40QGL,0.17211236033084285,0,0.7250074506564916
S2A_MSIL2A_20230107T063241_R077_T40QGL_20230107T194831_0001.jpg,S2A_MSIL2A_20230107T063241_R077_T40QGL_20230107T194831,0,2023-01,T40QGL,0.17211236033084285,0,0.7250074506564916
S2A_MSIL2A_20230318T062631_R077_T40QGL_20240823T221610_0000.jpg,S2A_MSIL2A_20230318T062631_R077_T40QGL_20240823T221610,0,2023-03,T40QGL,0.1853409216711933,0,0.7250074506564916
S2A_MSIL2A_20230318T062631_R077_T40QGL_20240823T221610_0001.jpg,S2A_MSIL2A_20230318T062631_R077_T40QGL_20240823T221610,0,2023-03,T40QGL,0.1853409216711933,0,0.7250074506564916
S2B_MSIL2A_20230422T062629_R077_T40QGL_20240809T053615_0000.jpg,S2B_MSIL2A_20230422T062629_R077_T40QGL_20240809T053615,0,2023-04,T40QGL,0.14892260581780511,0,0.7250074506564916
S2B_MSIL2A_20230422T062629_R077_T40QGL_20240809T053615_0001.jpg,S2B_MSIL2A_20230422T062629_R077_T40QGL_20240809T053615,0,2023-04,T40QGL,0.14892260581780511,0,0.7250074506564916
S2A_MSIL2A_20230427T062631_R077_T40QGL_20230427T122322_0000.jpg,S2A_MSIL2A_20230427T062631_R077_T40QGL_20230427T122322,0,2023-04,T40QGL,0.42290403938265775,0,0.7250074506564916
S2A_MSIL2A_20230427T062631_R077_T40QGL_20230427T122322_0001.jpg,S2A_MSIL2A_20230427T062631_R077_T40QGL_20230427T122322,0,2023-04,T40QGL,0.42290403938265775,0,0.7250074506564916
S2B_MSIL2A_20230502T062629_R077_T40QGL_20240812T054336_0000.jpg,S2B_MSIL2A_20230502T062629_R077_T40QGL_20240812T054336,0,2023-05,T40QGL,0.20468833725074503,0,0.7250074506564916
S2B_MSIL2A_20230502T062629_R077_T40QGL_20240812T054336_0001.jpg,S2B_MSIL2A_20230502T062629_R077_T40QGL_20240812T054336,0,2023-05,T40QGL,0.20468833725074503,0,0.7250074506564916
S2B_MSIL2A_20230512T062629_R077_T40QGL_20230512T112648_0000.jpg,S2B_MSIL2A_20230512T062629_R077_T40QGL_20230512T112648,0,2023-05,T40QGL,0.05202307642502452,0,0.7250074506564916
S2B_MSIL2A_20230512T062629_R077_T40QGL_20230512T112648_0001.jpg,S2B_MSIL2A_20230512T062629_R077_T40QGL_20230512T112648,0,2023-05,T40QGL,0.05202307642502452,0,0.7250074506564916
S2A_MSIL2A_20230517T062631_R077_T40QGL_20230517T122121_0000.jpg,S2A_MSIL2A_20230517T062631_R077_T40QGL_20230517T122121,0,2023-05,T40QGL,0.005473114904767265,0,0.7250074506564916
S2A_MSIL2A_20230517T062631_R077_T40QGL_20230517T122121_0001.jpg,S2A_MSIL2A_20230517T062631_R077_T40QGL_20230517T122121,0,2023-05,T40QGL,0.005473114904767265,0,0.7250074506564916
S2B_MSIL2A_20230601T062629_R077_T40QGL_20241002T090907_0000.jpg,S2B_MSIL2A_20230601T062629_R077_T40QGL_20241002T090907,0,2023-06,T40QGL,0.04534569807185803,0,0.7250074506564916
S2B_MSIL2A_20230601T062629_R077_T40QGL_20241002T090907_0001.jpg,S2B_MSIL2A_20230601T062629_R077_T40QGL_20241002T090907,0,2023-06,T40QGL,0.04534569807185803,0,0.7250074506564916
S2A_MSIL2A_20230616T062631_R077_T40QGL_20240812T142657_0000.jpg,S2A_MSIL2A_20230616T062631_R077_T40QGL_20240812T142657,0,2023-06,T40QGL,0.05081339226497153,0,0.7250074506564916
S2A_MSIL2A_20230616T062631_R077_T40QGL_20240812T142657_0001.jpg,S2A_MSIL2A_20230616T062631_R077_T40QGL_20240812T142657,0,2023-06,T40QGL,0.05081339226497153,0,0.7250074506564916
S2B_MSIL2A_20230701T062629_R077_T40QGL_20240817T022544_0000.jpg,S2B_MSIL2A_20230701T062629_R077_T40QGL_20240817T022544,0,2023-07,T40QGL,0.1346961899135856,0,0.7250074506564916
S2B_MSIL2A_20230701T062629_R077_T40QGL_20240817T022544_0001.jpg,S2B_MSIL2A_20230701T062629_R077_T40QGL_20240817T022544,0,2023-07,T40QGL,0.1346961899135856,0,0.7250074506564916
S2A_MSIL2A_20230805T062631_R077_T40QGL_20241026T103934_0000.jpg,S2A_MSIL2A_20230805T062631_R077_T40QGL_20241026T103934,0,2023-08,T40QGL,0.037324764912730055,0,0.7250074506564916
S2A_MSIL2A_20230805T062631_R077_T40QGL_20241026T103934_0001.jpg,S2A_MSIL2A_20230805T062631_R077_T40QGL_20241026T103934,0,2023-08,T40QGL,0.037324764912730055,0,0.7250074506564916
S2B_MSIL2A_20230810T062629_R077_T40QGL_20240912T065804_0000.jpg,S2B_MSIL2A_20230810T062629_R077_T40QGL_20240912T065804,0,2023-08,T40QGL,0.026085086279916143,0,0.7250074506564916
S2B_MSIL2A_20230810T062629_R077_T40QGL_20240912T065804_0001.jpg,S2B_MSIL2A_20230810T062629_R077_T40QGL_20240912T065804,0,2023-08,T40QGL,0.026085086279916143,0,0.7250074506564916
S2B_MSIL2A_20230820T062629_R077_T40QGL_20241022T060250_0000.jpg,S2B_MSIL2A_20230820T062629_R077_T40QGL_20241022T060250,0,2023-08,T40QGL,0.4737095917223412,0,0.7250074506564916
S2B_MSIL2A_20230820T062629_R077_T40QGL_20241022T060250_0001.jpg,S2B_MSIL2A_20230820T062629_R077_T40QGL_20241022T060250,0,2023-08,T40QGL,0.4737095917223412,0,0.7250074506564916
S2A_MSIL2A_20230904T062631_R077_T40QGL_20230904T124230_0000.jpg,S2A_MSIL2A_20230904T062631_R077_T40QGL_20230904T124230,1,2023-09,T40QGL,0.9730072274190755,1,0.7250074506564916
S2A_MSIL2A_20230904T062631_R077_T40QGL_20230904T124230_0001.jpg,S2A_MSIL2A_20230904T062631_R077_T40QGL_20230904T124230,1,2023-09,T40QGL,0.9730072274190755,1,0.7250074506564916
S2B_MSIL2A_20230909T062629_R077_T40QGL_20241104T211949_0000.jpg,S2B_MSIL2A_20230909T062629_R077_T40QGL_20241104T211949,0,2023-09,T40QGL,0.012375839619676213,0,0.7250074506564916
S2B_MSIL2A_20230909T062629_R077_T40QGL_20241104T211949_0001.jpg,S2B_MSIL2A_20230909T062629_R077_T40QGL_20241104T211949,0,2023-09,T40QGL,0.012375839619676213,0,0.7250074506564916
S2A_MSIL2A_20230924T062631_R077_T40QGL_20230924T121039_0000.jpg,S2A_MSIL2A_20230924T062631_R077_T40QGL_20230924T121039,0,2023-09,T40QGL,0.012261399296235166,0,0.7250074506564916
S2A_MSIL2A_20230924T062631_R077_T40QGL_20230924T121039_0001.jpg,S2A_MSIL2A_20230924T062631_R077_T40QGL_20230924T121039,0,2023-09,T40QGL,0.012261399296235166,0,0.7250074506564916
S2B_MSIL2A_20230929T062639_R077_T40QGL_20230929T121633_0000.jpg,S2B_MSIL2A_20230929T062639_R077_T40QGL_20230929T121633,0,2023-09,T40QGL,0.012862150950345961,0,0.7250074506564916
S2B_MSIL2A_20230929T062639_R077_T40QGL_20230929T121633_0001.jpg,S2B_MSIL2A_20230929T062639_R077_T40QGL_20230929T121633,0,2023-09,T40QGL,0.012862150950345961,0,0.7250074506564916
S2B_MSIL2A_20231009T062749_R077_T40QGL_20231009T110724_0000.jpg,S2B_MSIL2A_20231009T062749_R077_T40QGL_20231009T110724,0,2023-10,T40QGL,0.06125634543583014,0,0.7250074506564916
S2B_MSIL2A_20231009T062749_R077_T40QGL_20231009T110724_0001.jpg,S2B_MSIL2A_20231009T062749_R077_T40QGL_20231009T110724,0,2023-10,T40QGL,0.06125634543583014,0,0.7250074506564916
S2A_MSIL2A_20231103T063021_R077_T40QGL_20240830T224845_0000.jpg,S2A_MSIL2A_20231103T063021_R077_T40QGL_20240830T224845,0,2023-11,T40QGL,0.021365976139055328,0,0.7250074506564916
S2A_MSIL2A_20231103T063021_R077_T40QGL_20240830T224845_0001.jpg,S2A_MSIL2A_20231103T063021_R077_T40QGL_20240830T224845,0,2023-11,T40QGL,0.021365976139055328,0,0.7250074506564916
S2B_MSIL2A_20231128T063219_R077_T40QGL_20231128T101100_0000.jpg,S2B_MSIL2A_20231128T063219_R077_T40QGL_20231128T101100,0,2023-11,T40QGL,0.45655346165439814,0,0.7250074506564916
S2B_MSIL2A_20231128T063219_R077_T40QGL_20231128T101100_0001.jpg,S2B_MSIL2A_20231128T063219_R077_T40QGL_20231128T101100,0,2023-11,T40QGL,0.45655346165439814,0,0.7250074506564916
S2A_MSIL2A_20231203T063231_R077_T40QGL_20231203T112021_0000.jpg,S2A_MSIL2A_20231203T063231_R077_T40QGL_20231203T112021,0,2023-12,T40QGL,0.12443174067858163,0,0.7250074506564916
S2A_MSIL2A_20231203T063231_R077_T40QGL_20231203T112021_0001.jpg,S2A_MSIL2A_20231203T063231_R077_T40QGL_20231203T112021,0,2023-12,T40QGL,0.12443174067858163,0,0.7250074506564916
S2A_MSIL2A_20231223T063301_R077_T40QGL_20231223T102255_0000.jpg,S2A_MSIL2A_20231223T063301_R077_T40QGL_20231223T102255,0,2023-12,T40QGL,0.01663698511371529,0,0.7250074506564916
S2A_MSIL2A_20231223T063301_R077_T40QGL_20231223T102255_0001.jpg,S2A_MSIL2A_20231223T063301_R077_T40QGL_20231223T102255,0,2023-12,T40QGL,0.01663698511371529,0,0.7250074506564916
S2B_MSIL2A_20231228T063259_R077_T40QGL_20231228T093910_0000.jpg,S2B_MSIL2A_20231228T063259_R077_T40QGL_20231228T093910,1,2023-12,T40QGL,0.9268029362827283,1,0.7250074506564916
S2B_MSIL2A_20231228T063259_R077_T40QGL_20231228T093910_0001.jpg,S2B_MSIL2A_20231228T063259_R077_T40QGL_20231228T093910,1,2023-12,T40QGL,0.9268029362827283,1,0.7250074506564916
S2A_MSIL2A_20240112T063231_R077_T40QGL_20240112T101206_0000.jpg,S2A_MSIL2A_20240112T063231_R077_T40QGL_20240112T101206,1,2024-01,T40QGL,0.8761992965103943,1,0.7250074506564916
S2A_MSIL2A_20240112T063231_R077_T40QGL_20240112T101206_0001.jpg,S2A_MSIL2A_20240112T063231_R077_T40QGL_20240112T101206,1,2024-01,T40QGL,0.8761992965103943,1,0.7250074506564916
S2B_MSIL2A_20240127T063129_R077_T40QGL_20240127T101326_0000.jpg,S2B_MSIL2A_20240127T063129_R077_T40QGL_20240127T101326,1,2024-01,T40QGL,0.9357872048028326,1,0.7250074506564916
S2B_MSIL2A_20240127T063129_R077_T40QGL_20240127T101326_0001.jpg,S2B_MSIL2A_20240127T063129_R077_T40QGL_20240127T101326,1,2024-01,T40QGL,0.9357872048028326,1,0.7250074506564916
S2A_MSIL2A_20240211T063011_R077_T40QGL_20240211T102241_0000.jpg,S2A_MSIL2A_20240211T063011_R077_T40QGL_20240211T102241,0,2024-02,T40QGL,0.19787216301753072,0,0.7250074506564916
S2A_MSIL2A_20240211T063011_R077_T40QGL_20240211T102241_0001.jpg,S2A_MSIL2A_20240211T063011_R077_T40QGL_20240211T102241,0,2024-02,T40QGL,0.19787216301753072,0,0.7250074506564916
S2B_MSIL2A_20240317T062629_R077_T40QGL_20240317T102443_0000.jpg,S2B_MSIL2A_20240317T062629_R077_T40QGL_20240317T102443,0,2024-03,T40QGL,0.23755763351970646,0,0.7250074506564916
S2B_MSIL2A_20240317T062629_R077_T40QGL_20240317T102443_0001.jpg,S2B_MSIL2A_20240317T062629_R077_T40QGL_20240317T102443,0,2024-03,T40QGL,0.23755763351970646,0,0.7250074506564916
S2B_MSIL2A_20240426T062629_R077_T40QGL_20240426T111128_0000.jpg,S2B_MSIL2A_20240426T062629_R077_T40QGL_20240426T111128,0,2024-04,T40QGL,0.31124893423984507,0,0.7250074506564916
S2B_MSIL2A_20240426T062629_R077_T40QGL_20240426T111128_0001.jpg,S2B_MSIL2A_20240426T062629_R077_T40QGL_20240426T111128,0,2024-04,T40QGL,0.31124893423984507,0,0.7250074506564916
S2B_MSIL2A_20240516T062629_R077_T40QGL_20240516T102256_0000.jpg,S2B_MSIL2A_20240516T062629_R077_T40QGL_20240516T102256,0,2024-05,T40QGL,0.13487691958803202,0,0.7250074506564916
S2B_MSIL2A_20240516T062629_R077_T40QGL_20240516T102256_0001.jpg,S2B_MSIL2A_20240516T062629_R077_T40QGL_20240516T102256,0,2024-05,T40QGL,0.13487691958803202,0,0.7250074506564916
S2B_MSIL2A_20240605T062629_R077_T40QGL_20240605T101404_0000.jpg,S2B_MSIL2A_20240605T062629_R077_T40QGL_20240605T101404,1,2024-06,T40QGL,0.9790449898197876,1,0.7250074506564916
S2B_MSIL2A_20240605T062629_R077_T40QGL_20240605T101404_0001.jpg,S2B_MSIL2A_20240605T062629_R077_T40QGL_20240605T101404,1,2024-06,T40QGL,0.9790449898197876,1,0.7250074506564916
S2A_MSIL2A_20240620T062631_R077_T40QGL_20240620T123054_0000.jpg,S2A_MSIL2A_20240620T062631_R077_T40QGL_20240620T123054,0,2024-06,T40QGL,0.010483812541670893,0,0.7250074506564916
S2A_MSIL2A_20240620T062631_R077_T40QGL_20240620T123054_0001.jpg,S2A_MSIL2A_20240620T062631_R077_T40QGL_20240620T123054,0,2024-06,T40QGL,0.010483812541670893,0,0.7250074506564916
S2B_MSIL2A_20240625T062629_R077_T40QGL_20240625T102033_0000.jpg,S2B_MSIL2A_20240625T062629_R077_T40QGL_20240625T102033,0,2024-06,T40QGL,0.0923394713643579,0,0.7250074506564916
S2B_MSIL2A_20240625T062629_R077_T40QGL_20240625T102033_0001.jpg,S2B_MSIL2A_20240625T062629_R077_T40QGL_20240625T102033,0,2024-06,T40QGL,0.0923394713643579,0,0.7250074506564916
S2B_MSIL2A_20240715T062629_R077_T40QGL_20240715T114701_0000.jpg,S2B_MSIL2A_20240715T062629_R077_T40QGL_20240715T114701,1,2024-07,T40QGL,0.9401892363291368,1,0.7250074506564916
S2B_MSIL2A_20240715T062629_R077_T40QGL_20240715T114701_0001.jpg,S2B_MSIL2A_20240715T062629_R077_T40QGL_20240715T114701,1,2024-07,T40QGL,0.9401892363291368,1,0.7250074506564916
S2B_MSIL2A_20240814T062629_R077_T40QGL_20240814T093442_0000.jpg,S2B_MSIL2A_20240814T062629_R077_T40QGL_20240814T093442,0,2024-08,T40QGL,0.03485335707464451,0,0.7250074506564916
S2B_MSIL2A_20240814T062629_R077_T40QGL_20240814T093442_0001.jpg,S2B_MSIL2A_20240814T062629_R077_T40QGL_20240814T093442,0,2024-08,T40QGL,0.03485335707464451,0,0.7250074506564916
S2B_MSIL2A_20240824T062629_R077_T40QGL_20240824T100609_0000.jpg,S2B_MSIL2A_20240824T062629_R077_T40QGL_20240824T100609,1,2024-08,T40QGL,0.9854981430331121,1,0.7250074506564916
S2B_MSIL2A_20240824T062629_R077_T40QGL_20240824T100609_0001.jpg,S2B_MSIL2A_20240824T062629_R077_T40QGL_20240824T100609,1,2024-08,T40QGL,0.9854981430331121,1,0.7250074506564916
S2A_MSIL2A_20240908T062631_R077_T40QGL_20240908T111753_0000.jpg,S2A_MSIL2A_20240908T062631_R077_T40QGL_20240908T111753,1,2024-09,T40QGL,0.8827136243432778,1,0.7250074506564916
S2A_MSIL2A_20240908T062631_R077_T40QGL_20240908T111753_0001.jpg,S2A_MSIL2A_20240908T062631_R077_T40QGL_20240908T111753,1,2024-09,T40QGL,0.8827136243432778,1,0.7250074506564916
S2A_MSIL2A_20240928T062641_R077_T40QGL_20240928T091150_0000.jpg,S2A_MSIL2A_20240928T062641_R077_T40QGL_20240928T091150,0,2024-09,T40QGL,0.15143661711303127,0,0.7250074506564916
S2A_MSIL2A_20240928T062641_R077_T40QGL_20240928T091150_0001.jpg,S2A_MSIL2A_20240928T062641_R077_T40QGL_20240928T091150,0,2024-09,T40QGL,0.15143661711303127,0,0.7250074506564916
S2B_MSIL2A_20241003T062629_R077_T40QGL_20241003T090945_0000.jpg,S2B_MSIL2A_20241003T062629_R077_T40QGL_20241003T090945,0,2024-10,T40QGL,0.13329359967370394,0,0.7250074506564916
S2B_MSIL2A_20241003T062629_R077_T40QGL_20241003T090945_0001.jpg,S2B_MSIL2A_20241003T062629_R077_T40QGL_20241003T090945,0,2024-10,T40QGL,0.13329359967370394,0,0.7250074506564916
S2B_MSIL2A_20241023T062829_R077_T40QGL_20241023T083127_0000.jpg,S2B_MSIL2A_20241023T062829_R077_T40QGL_20241023T083127,0,2024-10,T40QGL,0.04054383139998108,0,0.7250074506564916
S2B_MSIL2A_20241023T062829_R077_T40QGL_20241023T083127_0001.jpg,S2B_MSIL2A_20241023T062829_R077_T40QGL_20241023T083127,0,2024-10,T40QGL,0.04054383139998108,0,0.7250074506564916
S2A_MSIL2A_20241207T063241_R077_T40QGL_20241207T092856_0000.jpg,S2A_MSIL2A_20241207T063241_R077_T40QGL_20241207T092856,1,2024-12,T40QGL,0.9663636243358816,1,0.7250074506564916
S2A_MSIL2A_20241207T063241_R077_T40QGL_20241207T092856_0001.jpg,S2A_MSIL2A_20241207T063241_R077_T40QGL_20241207T092856,1,2024-12,T40QGL,0.9663636243358816,1,0.7250074506564916
S2B_MSIL2A_20241212T063159_R077_T40QGL_20241212T090100_0000.jpg,S2B_MSIL2A_20241212T063159_R077_T40QGL_20241212T090100,0,2024-12,T40QGL,0.03176606638554653,0,0.7250074506564916
S2B_MSIL2A_20241212T063159_R077_T40QGL_20241212T090100_0001.jpg,S2B_MSIL2A_20241212T063159_R077_T40QGL_20241212T090100,0,2024-12,T40QGL,0.03176606638554653,0,0.7250074506564916
S2A_MSIL2A_20241227T063301_R077_T40QGL_20241227T094051_0000.jpg,S2A_MSIL2A_20241227T063301_R077_T40QGL_20241227T094051,0,2024-12,T40QGL,0.012387642236515685,0,0.7250074506564916
S2A_MSIL2A_20241227T063301_R077_T40QGL_20241227T094051_0001.jpg,S2A_MSIL2A_20241227T063301_R077_T40QGL_20241227T094051,0,2024-12,T40QGL,0.012387642236515685,0,0.7250074506564916
