pid,lon,lat,time
35,59.452972999999986,22.622075,1488176891026
35,59.45375058792831,22.62748951241401,1488263291026
35,59.46461816369654,22.631515796686323,1488349691026
35,59.46290947312155,22.634016970432903,1488436091026
35,59.452809539350426,22.633920206091062,1488522491026
35,59.46005747016514,22.619193928113734,1488608891026
35,59.464634418199296,22.619861571475404,1488695291026
35,59.45875426102441,22.61511866869946,1488781691026
35,59.46398594593339,22.616606789473096,1488868091026
35,59.46060595592971,22.61316546766841,1488954491026
35,59.46228879669556,22.609316010257125,1489040891026
35,59.46359934267011,22.607890641377026,1489127291026
35,59.45521522970466,22.614076161830912,1489213691026
35,59.45342675218478,22.60737314862601,1489300091026
42,59.452972999999986,22.622075,1488176891026
42,59.45745232400011,22.627257145701844,1488263291026
42,59.453543852915175,22.629714830007178,1488349691026
42,59.46044011021854,22.633068868907166,1488436091026
42,59.47488833853575,22.63546491207027,1488522491026
42,59.47987762914187,22.637389698101032,1488608891026
42,59.522393629849944,22.612745928049975,1488695291026
42,59.515023726601214,22.620692466383957,1488781691026
42,59.51720955155031,22.62299257447746,1488868091026
42,59.55120441556875,22.59482823610425,1488954491026
42,59.54116486434654,22.595986859313523,1489040891026
42,59.53795536247077,22.60275498012592,1489127291026
42,59.53412663363497,22.604029254101103,1489213691026
42,59.537599150913024,22.60665515104957,1489300091026
42,59.53687219637643,22.604074307674622,1489386491026
57,59.452972999999986,22.622075,1488176891026
57,59.44991550450524,22.61759142882996,1488263291026
57,59.45193036767648,22.62534610636668,1488349691026
57,59.45313792993576,22.629998340295213,1488436091026
57,59.44992190415047,22.636322341549658,1488522491026
57,59.45618490403672,22.630945188126855,1488608891026
57,59.460508311274,22.63129230666807,1488695291026
57,59.454808928413115,22.63665808446373,1488781691026
57,59.468429077716706,22.63829725473232,1488868091026
57,59.47174859449373,22.639273895908445,1488954491026
57,59.47989021925696,22.637969997846355,1489040891026
57,59.51576409999515,22.61321675314674,1489127291026
57,59.52009036373519,22.62105200592669,1489213691026
57,59.52070071295503,22.61486494942332,1489300091026
57,59.52076802420584,22.614324602211926,1489386491026
59,59.452972999999986,22.622075,1488176891026
59,59.45229286572254,22.617446064637985,1488263291026
59,59.44005612598741,22.61717764519511,1488349691026
59,59.44517001106229,22.62181574629048,1488436091026
59,59.43510376949496,22.61726354333917,1488522491026
59,59.43378150187121,22.620830932109445,1488608891026
59,59.43370797063358,22.61961348814609,1488695291026
59,59.429157864440185,22.614879597220177,1488781691026
59,59.428047976642006,22.61094819235972,1488868091026
59,59.43536538630494,22.595151834866428,1488954491026
59,59.438654718464846,22.597330936187007,1489040891026
59,59.435171449652216,22.594419513765583,1489127291026
59,59.42318906364807,22.595889126289123,1489213691026
59,59.43010533316004,22.611632500439462,1489300091026
59,59.43065848005256,22.607399159650445,1489386491026
103,59.452972999999986,22.622075,1491632791026
103,59.46142033370461,22.62365389788858,1491719191026
103,59.46643211526725,22.619051706362978,1491805591026
103,59.476676943876214,22.622123851610127,1491891991026
103,59.467067484106394,22.625946179214075,1491978391026
103,59.46838170492384,22.623690270980493,1492064791026
103,59.472409589053655,22.614916067775596,1492151191026
103,59.47325628466603,22.61275348074935,1492237591026
103,59.47045894205445,22.609303997673955,1492323991026
103,59.472913084826416,22.598115940097692,1492410391026
103,59.47134647427458,22.5932591247359,1492496791026
103,59.47058632981589,22.582790526162864,1492583191026
103,59.480585003419776,22.588960333012476,1492669591026
103,59.48587786713,22.58799632220281,1492755991026
103,59.49106426147696,22.585037767399147,1492842391026
115,59.452972999999986,22.622075,1491632791026
115,59.45467914231256,22.621872045686516,1491719191026
115,59.45475100438364,22.63054500239632,1491805591026
115,59.46036016403809,22.623828601382034,1491891991026
115,59.46034761159265,22.625661446965704,1491978391026
115,59.473936098343074,22.620555974583542,1492064791026
115,59.46474206736025,22.62639109701144,1492151191026
115,59.46047992568453,22.62699609043287,1492237591026
115,59.462627932312984,22.623205719318687,1492323991026
115,59.46905930537167,22.60735065079726,1492410391026
115,59.47688812443499,22.60186623646966,1492496791026
115,59.47736999619218,22.597359452517495,1492583191026
115,59.48289098298619,22.595169395291123,1492669591026
115,59.489811149476225,22.596814204231407,1492755991026
115,59.49142766972139,22.603635925689492,1492842391026
251,59.452972999999986,22.622075,1496816791026
251,59.45055803564543,22.627144877455205,1496903191026
251,59.4463365630624,22.62571855492743,1496989591026
251,59.44414076875481,22.63046900496106,1497075991026
251,59.448593359038455,22.632926834448444,1497162391026
251,59.44640581292364,22.63047700100931,1497248791026
251,59.43934543580701,22.621244049697047,1497335191026
251,59.446564286977605,22.617208722984277,1497421591026
251,59.45893297941771,22.61768230979099,1497507991026
251,59.45850349208979,22.61809718495423,1497594391026
251,59.46024512053782,22.618384148364957,1497680791026
251,59.47064210899555,22.6215546333792,1497767191026
251,59.470043428462105,22.61587027916436,1497853591026
251,59.471551155745885,22.614901133806686,1497939991026
251,59.4703839634364,22.617039779876553,1498026391026
251,59.46291181824472,22.616986430378855,1498112791026
313,59.452972999999986,22.622075,1499840789027
313,59.450125463355846,22.630194971615857,1499927189027
313,59.453181579561374,22.634226338331217,1500013589027
313,59.44737266265551,22.625159898794426,1500099989027
313,59.448035387706085,22.63674703075034,1500186389027
313,59.44782909897114,22.62282848257812,1500272789027
313,59.44495679808432,22.630151373680047,1500359189027
313,59.445514324094745,22.631726002424394,1500445589027
313,59.443599083819294,22.62784141366726,1500531989027
313,59.437966162850785,22.62489275062625,1500618389027
313,59.437944121657665,22.62772068595801,1500704789027
313,59.445994019821114,22.62485278448341,1500791189027
313,59.447248329413895,22.6277140092446,1500877589027
313,59.45943829487794,22.62862510046188,1500963989027
313,59.452269904514026,22.62040128349873,1501050389027
313,59.44195036114195,22.624527134567465,1501136789027
322,59.452972999999986,22.622075,1499840789027
322,59.45171688303557,22.626048084177675,1499927189027
322,59.4514997481443,22.618841285325445,1500013589027
322,59.44758385173401,22.61549742663291,1500099989027
322,59.448438625881295,22.615697011025613,1500186389027
322,59.451431780690854,22.61653349123285,1500272789027
322,59.449122969038314,22.61465821864923,1500359189027
322,59.44308371622469,22.612280521902083,1500445589027
322,59.44831075975264,22.62077343440285,1500531989027
322,59.43391484474196,22.613078272962444,1500618389027
322,59.43189284884022,22.59696013392192,1500704789027
322,59.435490854433056,22.595331212118168,1500791189027
322,59.43224550731418,22.59397585928333,1500877589027
322,59.43254507640714,22.5931932871307,1500963989027
322,59.43136563364811,22.604266812155146,1501050389027
322,59.43377111772645,22.610113173059332,1501136789027
326,59.452972999999986,22.622075,1499840789027
326,59.46384219216151,22.621240701870516,1499927189027
326,59.46718261156212,22.61337473321252,1500013589027
326,59.46602476736609,22.61921992161888,1500099989027
326,59.453199620195875,22.62188272094334,1500186389027
326,59.44163765052855,22.61090974279574,1500272789027
326,59.433940830797354,22.621368009103985,1500359189027
326,59.45017300988772,22.62285289947062,1500445589027
326,59.45621388508502,22.62537763379427,1500531989027
326,59.46279457882281,22.629652918179097,1500618389027
326,59.46129988115271,22.631190201799267,1500704789027
326,59.46027948929736,22.62637337740656,1500791189027
326,59.46772512489423,22.613000263934843,1500877589027
326,59.4827803576502,22.617022996320664,1500963989027
326,59.47258145515232,22.61413089861963,1501050389027
326,59.47371015120095,22.620054012773064,1501136789027
344,59.452972999999986,22.622075,1499840789027
344,59.455760341602314,22.611293616137537,1499927189027
344,59.45576399152776,22.610329738930087,1500013589027
344,59.46119894757652,22.61471612908702,1500099989027
344,59.47626091603172,22.611517431685417,1500186389027
344,59.47266496302231,22.62348686091134,1500272789027
344,59.48336951286234,22.616946534923148,1500359189027
344,59.48305362201614,22.61274550936227,1500445589027
344,59.475910156871464,22.61537398810886,1500531989027
344,59.46677447638339,22.619591799371705,1500618389027
344,59.46214546730613,22.61005081335196,1500704789027
344,59.46810559244412,22.608822744892063,1500791189027
344,59.45965105479371,22.59843367564132,1500877589027
344,59.45596388932464,22.59928342150598,1500963989027
344,59.4542232369339,22.5882593706456,1501050389027
344,59.4558743492903,22.584721979375267,1501136789027
346,59.452972999999986,22.622075,1499840789027
346,59.447123649767946,22.629413111382295,1499927189027
346,59.43824800293294,22.632008111007295,1500013589027
346,59.44276011848768,22.63008101887096,1500099989027
346,59.44341833396052,22.627993831417793,1500186389027
346,59.455527885579414,22.625140126895076,1500272789027
346,59.465732931153866,22.623871788503234,1500359189027
346,59.456011623858416,22.637175513418185,1500445589027
346,59.47005729184343,22.63081031373623,1500531989027
346,59.47887889061644,22.643173435486165,1500618389027
346,59.51478553492194,22.621843674767415,1500704789027
346,59.54122621290878,22.59322205179779,1500791189027
346,59.54332916030097,22.590163725624414,1500877589027
346,59.54241848343199,22.579694096710952,1500963989027
346,59.545900257416974,22.5840089954854,1501050389027
346,59.560494334309425,22.577310445055296,1501136789027
351,59.452972999999986,22.622075,1499840789027
351,59.446568352472184,22.625979843658023,1499927189027
351,59.452805954717746,22.623305451608264,1500013589027
351,59.45243270527397,22.626680968078787,1500099989027
351,59.444848705427205,22.63155728836697,1500186389027
351,59.45009137947971,22.624339511901933,1500272789027
351,59.45801656683062,22.617531690475932,1500359189027
351,59.45640606136024,22.61263420559482,1500445589027
351,59.44836330604426,22.625458929194885,1500531989027
351,59.44769321667948,22.631400811549387,1500618389027
351,59.44688212612729,22.650876597880217,1500704789027
351,59.45547967418727,22.647449715181494,1500791189027
351,59.45322252102514,22.650212204206237,1500877589027
351,59.44555412038136,22.64374155929451,1500963989027
351,59.435459295012095,22.654127134311192,1501050389027
351,59.43904296550067,22.65038912058989,1501136789027
379,59.452972999999986,22.622075,1502000791026
379,59.449834547333694,22.63164017504162,1502087191026
379,59.46595722987339,22.632765436090835,1502173591026
379,59.46144617798478,22.62930138024185,1502259991026
379,59.45412393484549,22.62365190880374,1502346391026
379,59.44514163484919,22.621076513471156,1502432791026
379,59.43386699910175,22.623485090334803,1502519191026
379,59.44007425117718,22.622364349354218,1502605591026
379,59.445551738685595,22.624525749694165,1502691991026
379,59.447056367475,22.616708792551034,1502778391026
379,59.44282263733382,22.61470900618766,1502864791026
379,59.43499444498357,22.617725028379628,1502951191026
379,59.42350936965917,22.612697193192055,1503037591026
379,59.42915867318786,22.616267613108903,1503123991026
379,59.44054464860653,22.620156912366063,1503210391026
379,59.44620633818684,22.619951360241007,1503296791026
385,59.452972999999986,22.622075,1502000791026
385,59.45390879111204,22.635709633326044,1502087191026
385,59.46204063286524,22.6328990051456,1502173591026
385,59.46087511533915,22.626030439873393,1502259991026
385,59.46694267679021,22.619381232272215,1502346391026
385,59.467253784396064,22.620284818958943,1502432791026
385,59.47822504917286,22.632685291387467,1502519191026
385,59.50646407952888,22.621734099296795,1502605591026
385,59.53279804373915,22.599664431198416,1502691991026
385,59.53038250188288,22.59479911794423,1502778391026
385,59.53488838704422,22.58877545601309,1502864791026
385,59.53570677097832,22.59189581417587,1502951191026
385,59.53496444307143,22.596655871364923,1503037591026
385,59.5314439773835,22.60368940773087,1503123991026
385,59.54140461150055,22.60623353076312,1503210391026
385,59.54582834013576,22.612678259997914,1503296791026
438,59.452972999999986,22.622075,1502000791026
438,59.451418180965504,22.62621291303227,1502087191026
438,59.44848182458699,22.622766262313835,1502173591026
438,59.44942369146068,22.614246036994658,1502259991026
438,59.437859668983066,22.60937446393512,1502346391026
438,59.44217334384618,22.610761486917763,1502432791026
438,59.43027744082861,22.599815429427323,1502519191026
438,59.42326852015165,22.60141983403475,1502605591026
438,59.41391294566475,22.595711511081053,1502691991026
438,59.404316644422806,22.59617377073942,1502778391026
438,59.401974522734974,22.59613860951868,1502864791026
438,59.40099256363874,22.60039509848459,1502951191026
438,59.40635072150167,22.60446480252326,1503037591026
438,59.41269398508973,22.599941124178685,1503123991026
438,59.41509685654728,22.597425714926388,1503210391026
438,59.41636204756429,22.596684838845604,1503296791026
466,59.452972999999986,22.622075,1502000791026
466,59.46161564418619,22.632983765311053,1502087191026
466,59.459026823581496,22.640066760852644,1502173591026
466,59.46373186271538,22.63560565329689,1502259991026
466,59.45823872039614,22.617934525017407,1502346391026
466,59.44915321248155,22.616177504640294,1502432791026
466,59.43527894330947,22.625946721786345,1502519191026
466,59.43254702482881,22.632047236711593,1502605591026
466,59.42549115041933,22.63408709940624,1502691991026
466,59.43832723660441,22.62369511976628,1502778391026
466,59.434658132713906,22.616726718165527,1502864791026
466,59.42634229827701,22.61409635875769,1502951191026
466,59.43099339432558,22.611305486563055,1503037591026
466,59.42662629334066,22.613619508595992,1503123991026
466,59.43028651345969,22.619609861314025,1503210391026
466,59.45093403321928,22.608803028084523,1503296791026
467,59.452972999999986,22.622075,1502000791026
467,59.45384278992873,22.62676696451912,1502087191026
467,59.45738307298129,22.63371317649107,1502173591026
467,59.44409526283346,22.63021614303501,1502259991026
467,59.43707966221646,22.633203800314913,1502346391026
467,59.43812034560088,22.639805769832364,1502432791026
467,59.43676241579658,22.647464123072968,1502519191026
467,59.44403602951997,22.641759055628356,1502605591026
467,59.45200915885579,22.640357928339856,1502691991026
467,59.46343443794757,22.64091107602593,1502778391026
467,59.45303572990312,22.640205730090223,1502864791026
467,59.45330054178663,22.635713986378025,1502951191026
467,59.459033276564014,22.636987086318022,1503037591026
467,59.45868637840226,22.64204395924591,1503123991026
467,59.45807444525741,22.64089424337712,1503210391026
467,59.44344121341311,22.640848810008364,1503296791026
733,59.452972999999986,22.622075,1508480929027
733,59.44446374217421,22.616490617690996,1508567329027
733,59.458392319546675,22.609016567334464,1508653729027
733,59.45873461938464,22.606633746866606,1508740129027
733,59.45716311069748,22.599545791046104,1508826529027
733,59.44982234522712,22.60763035643892,1508912929027
733,59.45262550460046,22.615271939037054,1508999329027
733,59.45467895782588,22.61099386010096,1509085729027
733,59.45147944429445,22.61733949653118,1509172129027
733,59.44976347684752,22.61686110021335,1509258529027
733,59.463141136549496,22.623363604573733,1509344929027
733,59.46130507785483,22.628278785402593,1509431329027
733,59.4582505853337,22.630698846738905,1509517729027
733,59.450148376329594,22.64215077773311,1509604129027
733,59.44129029529378,22.644818679104585,1509690529027
736,59.452972999999986,22.622075,1508480929027
736,59.452905646909585,22.615020314485296,1508567329027
736,59.45471436567499,22.607753211042183,1508653729027
736,59.45610017226886,22.6090804777171,1508740129027
736,59.45550421248967,22.60759200705114,1508826529027
736,59.47052469581638,22.612756283318777,1508912929027
736,59.46503735989344,22.60706234483413,1508999329027
736,59.465070696285295,22.6049991673396,1509085729027
736,59.45639760768745,22.594875304480663,1509172129027
736,59.457087369434106,22.59338763377,1509258529027
736,59.456819735103494,22.601547852096328,1509344929027
736,59.44998964319487,22.59485054756208,1509431329027
736,59.45606225010721,22.599620133023304,1509517729027
736,59.45195227003413,22.604468990858813,1509604129027
736,59.45229567513678,22.60241825917635,1509690529027
795,59.452972999999986,22.622075,1510209039027
795,59.46056034196303,22.631220826773795,1510295439027
795,59.45803619592888,22.636573152650772,1510381839027
795,59.4548580659897,22.63330663102169,1510468239027
795,59.452020287237474,22.63395367945106,1510554639027
795,59.45430329705397,22.62661370304089,1510641039027
795,59.456096818036826,22.622737822394782,1510727439027
795,59.46010127127826,22.629530446842676,1510813839027
795,59.46331498045808,22.63801356339243,1510900239027
795,59.4709298870726,22.633536974994048,1510986639027
795,59.48757761725801,22.625198642902788,1511073039027
795,59.48857092488163,22.62350142926349,1511073089027
795,59.52141330072482,22.59628287700831,1511159489027
795,59.52029476712403,22.603144252437428,1511245889027
795,59.5192244369407,22.61069019815639,1511332289027
795,59.51053231976914,22.614947737783623,1511418689027
828,59.452972999999986,22.622075,1510209039027
828,59.456878603410075,22.632615822551333,1510295439027
828,59.452181073600855,22.633913351297064,1510381839027
828,59.4502266339758,22.64190374736566,1510468239027
828,59.44967391342752,22.641422447138904,1510554639027
828,59.44313678762887,22.641349634375253,1510641039027
828,59.44750720446774,22.65150766846375,1510727439027
828,59.43675333663611,22.65627753996645,1510813839027
828,59.43380408762164,22.654652009655763,1510900239027
828,59.442409870990275,22.653778209453243,1510986639027
828,59.44704786514694,22.660269836940447,1511073039027
828,59.45516887305149,22.66419784543443,1511073089027
828,59.46739117481371,22.660344913154248,1511159489027
828,59.4665814206864,22.665596907617243,1511245889027
828,59.4614658170473,22.66188887500854,1511332289027
828,59.46934860848833,22.661306570173764,1511418689027
878,59.452972999999986,22.622075,1511073089027
878,59.45583721946983,22.613311753859495,1511159489027
878,59.46464716456103,22.616575315100174,1511245889027
878,59.46884292229592,22.60524906580632,1511332289027
878,59.45727477797084,22.608843910696464,1511418689027
878,59.46227280840782,22.60940278399308,1511505089027
878,59.46034001964762,22.6104055211483,1511591489027
878,59.45858285494418,22.622102642293623,1511677889027
878,59.46382876595629,22.630457162957015,1511764289027
878,59.47951619192105,22.642153874150026,1511850689027
878,59.50932187535955,22.624343455366663,1511937089027
878,59.4988336088781,22.6345730481606,1511937129027
878,59.52848552369758,22.610763452054464,1512023529027
878,59.5279595964507,22.620902398192943,1512109929027
878,59.52540398706452,22.620441174203265,1512196329027
878,59.51127838309728,22.620793485499995,1512282729027
928,59.452972999999986,22.622075,1511937129027
928,59.46104554638299,22.626477955733257,1512023529027
928,59.457911807126834,22.627671186637144,1512109929027
928,59.45940650859552,22.624160927217098,1512196329027
928,59.45220937600993,22.627476744448472,1512282729027
928,59.455097812755696,22.639093840757177,1512369129027
928,59.458679988916344,22.643201461305676,1512455529027
928,59.459132164638106,22.6337669126594,1512541929027
928,59.45148228526094,22.626215633615764,1512628329027
928,59.45383410706057,22.623210332992873,1512714729027
928,59.45870395524702,22.621865973331957,1512801129027
928,59.47389445053932,22.625050543658126,1512887529027
928,59.471949124731736,22.625663595128884,1512973929027
928,59.48096979761081,22.625316289287785,1513060329027
928,59.515704842786135,22.60271319260958,1513146729027
936,59.452972999999986,22.622075,1511937129027
936,59.45366783273528,22.618869651575757,1512023529027
936,59.43891845556371,22.625222601088137,1512109929027
936,59.43158146437719,22.641347563492776,1512196329027
936,59.43213223650514,22.642799279594087,1512282729027
936,59.42398319758843,22.64686973432051,1512369129027
936,59.41518327033046,22.65418733454003,1512455529027
936,59.42655150154383,22.652896269272055,1512541929027
936,59.44404105764488,22.647547366466373,1512628329027
936,59.43990923468317,22.64860172545661,1512714729027
936,59.43443857823467,22.65109334937485,1512801129027
936,59.42878311695435,22.6467433270054,1512887529027
936,59.43200667516112,22.639869440859815,1512973929027
936,59.42571993088637,22.641308697398568,1513060329027
936,59.42452945299027,22.637435314213217,1513146729027
970,59.452972999999986,22.622075,1511937129027
970,59.45470371646789,22.61959340455415,1512023529027
970,59.45678730814538,22.625058544267915,1512109929027
970,59.46814469922288,22.63032340674285,1512196329027
970,59.46578984059482,22.621723071728123,1512282729027
970,59.45793584804304,22.62459443395423,1512369129027
970,59.45714927428361,22.62060467992414,1512455529027
970,59.45039978676431,22.63065374031936,1512541929027
970,59.450139369647815,22.63096737376381,1512628329027
970,59.4574520083419,22.63392582288953,1512714729027
970,59.45724028751195,22.63551831392235,1512801129027
970,59.45709915304792,22.638804080981995,1512887529027
970,59.44971104500792,22.630972105781225,1512973929027
970,59.436356350249554,22.632850560136635,1513060329027
970,59.43962554447512,22.62623249075131,1513146729027
970,59.429503324593384,22.622210634335428,1513233129027
977,59.452972999999986,22.622075,1511937129027
977,59.44244153576864,22.61562722686679,1512023529027
977,59.44824641353108,22.627805935459904,1512109929027
977,59.452777690036584,22.62284422923428,1512196329027
977,59.4490056600265,22.623062190963665,1512282729027
977,59.45308969079963,22.614640267456075,1512369129027
977,59.46411281195989,22.621819501177832,1512455529027
977,59.46327565472191,22.627823084679296,1512541929027
977,59.46178445012424,22.625277389857253,1512628329027
977,59.46581773518665,22.613688332802816,1512714729027
977,59.46331524032723,22.620230695544283,1512801129027
977,59.460190625015855,22.627294842787737,1512887529027
977,59.4677949409099,22.629513974828235,1512973929027
977,59.46754337673781,22.63754770618553,1513060329027
977,59.46794478992069,22.647360770407456,1513146729027
977,59.471525147676374,22.65708074781147,1513233129027
1034,59.452972999999986,22.622075,1514097171026
1034,59.44010599944232,22.626358324283395,1514183571026
1034,59.43041195981215,22.63689170851161,1514269971026
1034,59.4344327376574,22.634843765494097,1514356371026
1034,59.443894025137126,22.63013935504224,1514442771026
1034,59.441636027260415,22.633250161406227,1514529171026
1034,59.43700896007735,22.630135150491043,1514615571026
1034,59.44049379108702,22.62194701527411,1514701971026
1034,59.4409518963426,22.628450464661615,1514788371026
1034,59.44147561032375,22.625828006499255,1514874771026
1034,59.43809134476811,22.626285178387334,1514961171026
1034,59.43212406993098,22.61453105328358,1515047571026
1034,59.42420217708934,22.61410235560256,1515133971026
1034,59.43074550218489,22.621494489042355,1515220371026
1034,59.44310104688245,22.61895739957936,1515306771026
1034,59.44045252449331,22.625748246124232,1515393149027
1084,59.452972999999986,22.622075,1514097171026
1084,59.45468081459302,22.62327660799949,1514183571026
1084,59.44135920378454,22.624659095418668,1514269971026
1084,59.44709227945333,22.623342873525857,1514356371026
1084,59.43663015768146,22.62889126606718,1514442771026
1084,59.43991155576276,22.627102977270233,1514529171026
1084,59.44534236784656,22.632568067702607,1514615571026
1084,59.450733132419,22.641869102093203,1514701971026
1084,59.4582725666811,22.641793827372464,1514788371026
1084,59.456001339577654,22.630908558153017,1514874771026
1084,59.456324740852835,22.61814453996831,1514961171026
1084,59.45392509154547,22.615269803323553,1515047571026
1084,59.45824593613784,22.624055058466556,1515133971026
1084,59.461154976014,22.618064615968784,1515220371026
1084,59.45481068887858,22.61128194576975,1515306771026
1084,59.450663227358575,22.608287891224094,1515393149027
1084,59.44592843402418,22.605348988501596,1515479549027
1157,59.452972999999986,22.622075,1515393149027
1157,59.44225882830412,22.62156923216747,1515479549027
1157,59.4385162204257,22.61929764668253,1515565949027
1157,59.44401905815556,22.62049506665661,1515652349027
1157,59.44612585344845,22.61932050750713,1515738749027
1157,59.440331522664934,22.624113851502628,1515825149027
1157,59.44317425519287,22.63247138104027,1515911549027
1157,59.443871512613384,22.63432743258275,1515997949027
1157,59.438070547795746,22.63552830061283,1516084349027
1157,59.451154506279295,22.635608988699172,1516170749027
1157,59.44671955677904,22.635277415345975,1516257149027
1157,59.44674006626266,22.636341297629013,1516343549027
1157,59.44175336025063,22.646790601719616,1516429949027
1157,59.429639274225906,22.647729749543725,1516516349027
1157,59.42378726561799,22.64377416348973,1516602749027
1162,59.452972999999986,22.622075,1515393149027
1162,59.45997998930105,22.61826775362075,1515479549027
1162,59.45769937924871,22.625055707388547,1515565949027
1162,59.46440858023155,22.613656681551117,1515652349027
1162,59.46502709551285,22.60026033882505,1515738749027
1162,59.4585124918795,22.602833863123344,1515825149027
1162,59.44715379394489,22.60016767684626,1515911549027
1162,59.439293612696645,22.608599672487788,1515997949027
1162,59.43107049766411,22.611336710340513,1516084349027
1162,59.42844026908245,22.608016272412694,1516170749027
1162,59.42990931006236,22.602086739009863,1516257149027
1162,59.42410141348648,22.595705979167956,1516343549027
1162,59.4263132420254,22.58936174574012,1516429949027
1162,59.416680346132296,22.594990711655655,1516516349027
1162,59.416842941637725,22.583474608570036,1516602749027
1163,59.452972999999986,22.622075,1515393149027
1163,59.4564984559635,22.616331567446093,1515479549027
1163,59.46660945369024,22.6162950715594,1515565949027
1163,59.46261743619132,22.613128415978277,1515652349027
1163,59.4628541961537,22.61606390550288,1515738749027
1163,59.46985105273845,22.60976780680541,1515825149027
1163,59.46108928289621,22.609520659233336,1515911549027
1163,59.4738993184518,22.605219747994568,1515997949027
1163,59.483039525348886,22.605866566751743,1516084349027
1163,59.47576209034031,22.60646156393626,1516170749027
1163,59.47129140593904,22.59773263257975,1516257149027
1163,59.46814925513527,22.60413582283648,1516343549027
1163,59.47812792676541,22.60292982176051,1516429949027
1163,59.48426356570246,22.60676845956188,1516516349027
1163,59.480565233915286,22.6083689257251,1516602749027
1261,59.452972999999986,22.622075,1517121079027
1261,59.43676895299302,22.619381054837564,1517207479027
1261,59.42151270298314,22.62274319792225,1517293879027
1261,59.41072474877893,22.62177421521652,1517380279027
1261,59.403566113097014,22.61802403438545,1517466679027
1261,59.407717897653555,22.612817436300315,1517553079027
1261,59.41053161619266,22.613800199882753,1517639479027
1261,59.41765751787807,22.611245726353495,1517725879027
1261,59.4229221267571,22.61415430713383,1517812279027
1261,59.42614109826735,22.6097556124982,1517898679027
1261,59.42082250342057,22.607928770842456,1517985029027
1261,59.42095857487226,22.609228185180633,1518071429027
1261,59.42543677760983,22.611650918881622,1518157829027
1261,59.406746217186395,22.6069283362275,1518244229027
1261,59.40877302477861,22.604391962720364,1518330629027
1272,59.452972999999986,22.622075,1517121079027
1272,59.45419761372952,22.6178327511361,1517207479027
1272,59.45339282735608,22.62174785714572,1517293879027
1272,59.459588711737325,22.608302913484184,1517380279027
1272,59.46497182437966,22.593870177395143,1517466679027
1272,59.46504010948706,22.59660460128225,1517553079027
1272,59.461590369812114,22.605392351488373,1517639479027
1272,59.46338293873515,22.606099845101284,1517725879027
1272,59.46114652892405,22.605095951333944,1517812279027
1272,59.466391638499346,22.608133846908732,1517898679027
1272,59.45731568003785,22.615991537321907,1517985029027
1272,59.45083974546501,22.61435303000411,1518071429027
1272,59.45172718636553,22.61874955352439,1518157829027
1272,59.45933156044117,22.613482486974032,1518244229027
1272,59.45548068214464,22.599047183052164,1518330629027
1328,59.452972999999986,22.622075,1517985029027
1328,59.44322461286373,22.616358517559863,1518071429027
1328,59.442971608592046,22.614606045970465,1518157829027
1328,59.4243708572844,22.614679106549428,1518244229027
1328,59.43326461321874,22.615263296429585,1518330629027
1328,59.42815293435038,22.617096883566056,1518417029027
1328,59.427786472982575,22.626056160456855,1518503429027
1328,59.43269499200491,22.62479568278078,1518589829027
1328,59.43073853894927,22.631117732391925,1518676229027
1328,59.43699117938985,22.63386854096689,1518762629027
1328,59.44695650717543,22.642135026318897,1518848959027
1328,59.442018597798835,22.64379149180757,1518935359027
1328,59.43827012816183,22.65108942874098,1519021759027
1328,59.430391852860794,22.65490244463132,1519108159027
1328,59.42992842196389,22.650154564165184,1519194559027
1328,59.429995928606814,22.648937903620464,1519280959027
1328,59.43062779859852,22.64282102047359,1519367359027
1347,59.452972999999986,22.622075,1517985029027
1347,59.445379419321455,22.623702220029337,1518071429027
1347,59.442444921621984,22.631640367053325,1518157829027
1347,59.42964088237213,22.632589676345145,1518244229027
1347,59.43834488451853,22.634632745805774,1518330629027
1347,59.42205979807872,22.62872360729538,1518417029027
1347,59.426991429917706,22.627473385172408,1518503429027
1347,59.41965417501402,22.632515480651,1518589829027
1347,59.42218705383439,22.62840485041965,1518676229027
1347,59.42458720125387,22.62028018432868,1518762629027
1347,59.4315014654602,22.618757068875315,1518848959027
1347,59.42760895394696,22.612460228576087,1518935359027
1347,59.43006867704847,22.60368699825716,1519021759027
1347,59.4376306682114,22.60581326024537,1519108159027
1347,59.42889638990414,22.60586035071496,1519194559027
1347,59.428145283379195,22.61136913416077,1519280959027
1347,59.43406010984327,22.611067677445888,1519367359027
1350,59.452972999999986,22.622075,1517985029027
1350,59.445388665383746,22.628024752116087,1518071429027
1350,59.443114373587065,22.629660740924702,1518157829027
1350,59.42458214997319,22.641406035920436,1518244229027
1350,59.42267219247728,22.646617902987057,1518330629027
1350,59.41581920713989,22.65451388137256,1518417029027
1350,59.40994982132088,22.64511190701781,1518503429027
1350,59.39817391371113,22.632645909654347,1518589829027
1350,59.39648815317551,22.63581770950439,1518676229027
1350,59.399944219665855,22.63500399736251,1518762629027
1350,59.40136971612813,22.63099024958819,1518848959027
1350,59.39247088936759,22.63371018062131,1518935359027
1350,59.395324475225095,22.63376944028813,1519021759027
1350,59.388308816684685,22.633865612698855,1519108159027
1350,59.388312417308725,22.637014373490192,1519194559027
1350,59.39164964618146,22.63068583081351,1519280959027
1350,59.38529924567723,22.629939579411467,1519367359027
1383,59.452972999999986,22.622075,1517985029027
1383,59.4674891592758,22.617889402274265,1518071429027
1383,59.477852387105145,22.612254419464524,1518157829027
1383,59.48681965698515,22.600483462818943,1518244229027
1383,59.48561567033741,22.59055534661761,1518330629027
1383,59.48855437003033,22.5955673198653,1518417029027
1383,59.491793353446894,22.59583461252139,1518503429027
1383,59.48481016179625,22.60008376578083,1518589829027
1383,59.502326217181235,22.60493367714856,1518676229027
1383,59.50180556859635,22.597712060349693,1518762629027
1383,59.50119434782113,22.597112801758296,1518848959027
1383,59.51367396301339,22.590743422868883,1518935359027
1383,59.512403753221434,22.58917541196518,1519021759027
1383,59.51151779504369,22.58912782582257,1519108159027
1383,59.52054638309846,22.59268594036895,1519194559027
1383,59.51320263825994,22.589455665702317,1519280959027
1383,59.51062651644915,22.595819085242866,1519367359027
1396,59.452972999999986,22.622075,1517985029027
1396,59.46246523754613,22.619987490874472,1518071429027
1396,59.46316922308134,22.609115463287463,1518157829027
1396,59.476066934887285,22.61585501572521,1518244229027
1396,59.469924271168395,22.626498290287156,1518330629027
1396,59.478688261551554,22.62310969810224,1518417029027
1396,59.54077631870567,22.63387613625541,1518503429027
1396,59.60661582824258,22.63693390211098,1518589829027
1396,59.75024072816515,22.62066666731183,1518676229027
1396,59.73144869975994,22.61306911159599,1518762629027
1396,59.72624318015488,22.600399024047093,1518848959027
1396,59.7137102726806,22.585111720092588,1518935359027
1396,59.80922602045894,22.56879419986552,1519021759027
1396,59.95776339526674,22.54682523957487,1519108159027
1396,60.1077379406602,22.41859597102836,1519194559027
1396,60.04863483572831,22.49093210159365,1519280959027
1396,60.05875493088749,22.6141315616236,1519367359027
1493,59.452972999999986,22.622075,1518848959027
1493,59.452751474128405,22.623120221677063,1518935359027
1493,59.450943744608765,22.629714740209725,1519021759027
1493,59.44039502598298,22.629452442679955,1519108159027
1493,59.44897134686602,22.621696119909227,1519194559027
1493,59.456185252227726,22.620922735543868,1519280959027
1493,59.447634566989706,22.63029231037747,1519367359027
1493,59.44499575958082,22.624797868361124,1519453759027
1493,59.43355640704945,22.61707545080287,1519540159027
1493,59.44070265768261,22.60668015370692,1519626559027
1493,59.444560852345745,22.606190231967297,1519712959027
1493,59.44871328894516,22.60667846161212,1519799359027
1493,59.44480425606045,22.599443535684344,1519885759027
1493,59.45648592315209,22.59934284540455,1519972159027
1493,59.45038591819406,22.603931821957733,1520058559027
1554,59.452972999999986,22.622075,1521440779027
1554,59.447550031169555,22.62885970127143,1521527179027
1554,59.45093780204621,22.63605937273181,1521613579027
1554,59.45673923372644,22.63603965284609,1521699979027
1554,59.44699598830178,22.629463268088735,1521786379027
1554,59.453671380714525,22.62456293530506,1521872779027
1554,59.45522116082773,22.619018972519356,1521959179027
1554,59.45618975636444,22.615582485175157,1522045579027
1554,59.45978537626942,22.61060158269773,1522131979027
1554,59.452731041097564,22.613019184188968,1522218379027
1554,59.453817828961974,22.612238127708043,1522304779027
1554,59.45696607257398,22.615633545140103,1522391179027
1554,59.46113209101145,22.61457343836637,1522477579027
1554,59.46906124399419,22.615886908984432,1522563979027
1554,59.47106827272398,22.623815740183975,1522650379027
1624,59.452972999999986,22.622075,1523168789027
1624,59.44693881962718,22.63343424544716,1523255189027
1624,59.458192523737296,22.63852963314565,1523341589027
1624,59.45305713980338,22.639221164987212,1523427989027
1624,59.45414221344481,22.640276401825616,1523514389027
1624,59.46225196822425,22.63903306488151,1523600789027
1624,59.47043634318561,22.637857123533113,1523600791026
1624,59.461253740471506,22.64983752396527,1523687191026
1624,59.47013563434089,22.651057111972555,1523773591026
1624,59.45804215568373,22.647490667492647,1523859991026
1624,59.46355001818671,22.644114653473128,1523946391026
1624,59.4778858075193,22.65278534731906,1524032791026
1624,59.51525518915645,22.665604967271175,1524119191026
1624,59.529461974270845,22.600478526827235,1524205591026
1624,59.525253926686105,22.60487710825164,1524291991026
1624,59.53418006284642,22.59150098410549,1524378391026
1664,59.452972999999986,22.622075,1523168789027
1664,59.4547872153438,22.626338598286303,1523255189027
1664,59.44960630408423,22.633478228694507,1523341589027
1664,59.44457622768428,22.639727390307808,1523427989027
1664,59.44068432016556,22.64255996812667,1523514389027
1664,59.44334068488482,22.63794452940365,1523600789027
1664,59.44311636086832,22.629272072342182,1523600791026
1664,59.44763697971808,22.637495954312676,1523687191026
1664,59.45337769085231,22.65048187224414,1523773591026
1664,59.443973472363325,22.65144843110399,1523859991026
1664,59.44634459537852,22.644585123710268,1523946391026
1664,59.452987021732866,22.64507569748516,1524032791026
1664,59.453818748025185,22.648891329067343,1524119191026
1664,59.456331762062575,22.64212888770586,1524205591026
1664,59.45836845551253,22.635732427130723,1524291991026
1664,59.45516009735215,22.644193497585515,1524378391026
1768,59.452972999999986,22.622075,1523600791026
1768,59.45744823467339,22.62436322364548,1523687191026
1768,59.457915349371376,22.63023457278022,1523773591026
1768,59.45825888246583,22.629427280342323,1523859991026
1768,59.45785356855296,22.630442977390775,1523946391026
1768,59.46484216512388,22.617544539219946,1524032791026
1768,59.472727156141275,22.617148815799844,1524119191026
1768,59.47748816272713,22.62363625423683,1524205591026
1768,59.49842419738104,22.55314943246677,1524291991026
1768,59.49925510092939,22.552651750576217,1524378391026
1768,59.5010666765024,22.557726933060152,1524464791026
1768,59.51298514944028,22.563742064148908,1524551191026
1768,59.514424551368336,22.558372671244857,1524637591026
1768,59.514775671255336,22.55457359563165,1524723991026
1768,59.509736012529515,22.55266001549,1524810391026
1768,59.520275980907144,22.55162634007151,1524896791026
1838,59.452972999999986,22.622075,1525328791024
1838,59.4425048891909,22.616093586667763,1525415191024
1838,59.4341817476907,22.620258625938902,1525501591024
1838,59.43558377065981,22.620117249720355,1525587991024
1838,59.43831827169396,22.613155589007665,1525674391024
1838,59.44105580877445,22.61252085312316,1525760791024
1838,59.43281891834195,22.615611038883685,1525847191024
1838,59.441294829643454,22.620560933015916,1525933591024
1838,59.43804817789655,22.61273702873336,1526019991024
1838,59.439492772759934,22.61980581559271,1526106391024
1838,59.426440999272074,22.61216194673564,1526192791024
1838,59.44562899854171,22.611519081580425,1526279191024
1838,59.43952678642614,22.618526499575843,1526365591024
1838,59.43614151633474,22.62525175602653,1526451991024
1838,59.44190710932719,22.630109474999237,1526538391024
1901,59.452972999999986,22.622075,1526192791024
1901,59.449359787278695,22.622675598162353,1526279191024
1901,59.440931666290936,22.631377861158647,1526365591024
1901,59.436694234408435,22.62229341554428,1526451991024
1901,59.438087326893765,22.61576923348385,1526538391024
1901,59.43551534123904,22.60432477286746,1526624791024
1901,59.435435079694486,22.604416961589564,1526711191024
1901,59.43717884498992,22.609335643810365,1526797591024
1901,59.42653253118684,22.59269078058168,1526883991024
1901,59.438569530238226,22.592275482761455,1526970391024
1901,59.44667785422507,22.59442617664349,1527056791024
1901,59.43223271394618,22.597740276059408,1527143191024
1901,59.44442013631439,22.59066799530145,1527229591024
1901,59.445414674545674,22.59417803024912,1527315991024
1901,59.45033426175428,22.591861717188767,1527402391024
1901,59.43914710079213,22.601766594664365,1527488789024
1905,59.452972999999986,22.622075,1526192791024
1905,59.44534367314114,22.624207650917857,1526279191024
1905,59.45279635541428,22.6299711002794,1526365591024
1905,59.45715570778202,22.625726318595095,1526451991024
1905,59.460882106507995,22.61859725806628,1526538391024
1905,59.46306609756997,22.6184629658165,1526624791024
1905,59.472470193980485,22.62016992784882,1526711191024
1905,59.4618502382815,22.626049903173737,1526797591024
1905,59.465258638186015,22.62338188649446,1526883991024
1905,59.47178972601972,22.61862331227949,1526970391024
1905,59.46464613997867,22.626091184430464,1527056791024
1905,59.46178305598332,22.63055341671334,1527143191024
1905,59.46322072375406,22.632917481511537,1527229591024
1905,59.44440672816057,22.631651630120334,1527315991024
1905,59.4199875086085,22.62839198223634,1527402391024
1905,59.4274479489458,22.63186027820512,1527488789024
1911,59.452972999999986,22.622075,1526192791024
1911,59.452029006367354,22.617625483103613,1526279191024
1911,59.44649708068903,22.61392450369254,1526365591024
1911,59.442007932064115,22.627173532205916,1526451991024
1911,59.44147201634843,22.620597727481982,1526538391024
1911,59.45135958117774,22.614372978592368,1526624791024
1911,59.45402892383029,22.6026670082365,1526711191024
1911,59.454163739807456,22.59724475233223,1526797591024
1911,59.45594150689567,22.598525964183576,1526883991024
1911,59.45478558364209,22.590130373801365,1526970391024
1911,59.45278930368454,22.59499042692021,1527056791024
1911,59.463959592536554,22.593536331377592,1527143191024
1911,59.46606552509948,22.597266434541215,1527229591024
1911,59.4708010366856,22.6041044180859,1527315991024
1911,59.470028250488355,22.599180810135028,1527402391024
1911,59.47068298406839,22.6078894752293,1527488789024
2008,59.452972999999986,22.622075,1527056791024
2008,59.45724488941448,22.619471471925127,1527143191024
2008,59.443856209261696,22.617767930645535,1527229591024
2008,59.442399350668126,22.62284920799792,1527315991024
2008,59.44535225526775,22.626863218162452,1527402391024
2008,59.438283605613975,22.638148398809296,1527488789024
2008,59.44018836992905,22.646815891036127,1527575189024
2008,59.44138555480703,22.63553191194149,1527661589024
2008,59.43048877230083,22.63972801098844,1527747989024
2008,59.42354878684691,22.639378187819087,1527834389024
2008,59.42302620183273,22.63978444707236,1527920789024
2008,59.4333273745938,22.638107598141875,1527920791024
2008,59.4344064771397,22.639112377113236,1528007191024
2008,59.431067719270885,22.63799984396149,1528093591024
2008,59.43496614316905,22.642035183318452,1528179991024
2008,59.4246091935147,22.638106353496745,1528266391024
2008,59.43140227056236,22.643734526662257,1528352791024
2008,59.43652980842265,22.654418401888822,1528439191024
2026,59.452972999999986,22.622075,1527056791024
2026,59.45112249798882,22.624759653916524,1527143191024
2026,59.44313409845938,22.63799659675052,1527229591024
2026,59.44482865372254,22.638561867870763,1527315991024
2026,59.44544930696975,22.644393088680673,1527402391024
2026,59.4532902684621,22.64899903495111,1527488789024
2026,59.45904982562405,22.648392969008047,1527575189024
2026,59.44730665398839,22.634852543511613,1527661589024
2026,59.44470424719003,22.62949795631924,1527747989024
2026,59.44396415370082,22.62775062321496,1527834389024
2026,59.449452726516,22.630176188757304,1527920789024
2026,59.449905961952425,22.630084883802382,1527920791024
2026,59.45122125188314,22.64301192951856,1528007191024
2026,59.44574594674572,22.64313741313811,1528093591024
2026,59.43611367396292,22.6534398638161,1528179991024
2026,59.437593657755826,22.64595293032067,1528266391024
2026,59.43350327223126,22.642004003291163,1528352791024
2026,59.44376820136296,22.646131959826555,1528439191024
2129,59.452972999999986,22.622075,1527488789024
2129,59.45444990136906,22.612861857987987,1527575189024
2129,59.448102361449344,22.61039781747,1527661589024
2129,59.45207197991408,22.609715426965607,1527747989024
2129,59.45550559363386,22.609066759232014,1527834389024
2129,59.45739717421509,22.612646182592805,1527920789024
2129,59.457874991065694,22.61902807516947,1527920791024
2129,59.45817517593392,22.62357056327304,1528007191024
2129,59.47007278114708,22.604884245370588,1528093591024
2129,59.46834424042035,22.601904604808897,1528179991024
2129,59.46252009721093,22.60778908134247,1528266391024
2129,59.465917201337646,22.60015850158541,1528352791024
2129,59.450667542462895,22.592352020753843,1528439191024
2129,59.43807006310618,22.585382313845013,1528525591024
2129,59.43940764133299,22.588112903689915,1528611991024
2129,59.42960640540775,22.586253360995403,1528698391024
2129,59.43059430484902,22.593663193790103,1528784791024
2140,59.452972999999986,22.622075,1527488789024
2140,59.44850863652471,22.60878776314789,1527575189024
2140,59.447334064763595,22.612730620090883,1527661589024
2140,59.45814252888701,22.610210076032836,1527747989024
2140,59.4659710436672,22.620851147412473,1527834389024
2140,59.46110598139052,22.619200124097233,1527920789024
2140,59.45474315441467,22.626525082173416,1527920791024
2140,59.450432980685946,22.622554678262095,1528007191024
2140,59.449030835701166,22.62261004450183,1528093591024
2140,59.44722303878709,22.640152228969225,1528179991024
2140,59.45246554250872,22.62858083266368,1528266391024
2140,59.448764336490086,22.63106769248127,1528352791024
2140,59.460989480313856,22.63011225620212,1528439191024
2140,59.46133650875785,22.634278321407702,1528525591024
2140,59.46522310872791,22.640489604050984,1528611991024
2140,59.45393783224657,22.62548203706749,1528698391024
2140,59.45991838706695,22.639993521654535,1528784791024
2221,59.452972999999986,22.622075,1527920791024
2221,59.447234865752534,22.6179925682709,1528007191024
2221,59.44778223561465,22.617137918411647,1528093591024
2221,59.447969041492826,22.627022564828746,1528179991024
2221,59.44242016681628,22.626755843571427,1528266391024
2221,59.44857785304089,22.632060071568823,1528352791024
2221,59.43320672953987,22.623603156660373,1528439191024
2221,59.44167399645289,22.61614037295115,1528525591024
2221,59.44921276652565,22.622166428085052,1528611991024
2221,59.45454875057692,22.621470196781647,1528698391024
2221,59.45072335605556,22.60706459636686,1528784791024
2221,59.44864494884612,22.596273081580343,1528871191024
2221,59.45407152267802,22.58773023491498,1528957591024
2221,59.441659637611735,22.581673728895,1529043991024
2221,59.4501058015594,22.571252294124942,1529130391024
2221,59.44871749891777,22.568450344622423,1529216789024
2270,59.452972999999986,22.622075,1527920791024
2270,59.4506257207905,22.61676534411256,1528007191024
2270,59.46380226213253,22.607967130748932,1528093591024
2270,59.45469128343757,22.61512607254472,1528179991024
2270,59.450371018919725,22.625181660931037,1528266391024
2270,59.43571621284386,22.62646941414753,1528352791024
2270,59.45542319894139,22.61865182438787,1528439191024
2270,59.45996959480425,22.626481773821283,1528525591024
2270,59.45405156462931,22.61198616129691,1528611991024
2270,59.45855307748979,22.62081546862577,1528698391024
2270,59.45759131264566,22.611925807699237,1528784791024
2270,59.46350711211784,22.610537610219545,1528871191024
2270,59.47063766905546,22.61057063147858,1528957591024
2270,59.476718447275374,22.610009798175337,1529043991024
2270,59.46153085188101,22.608936707011978,1529130391024
2270,59.45895756721623,22.609658875326407,1529216789024
2270,59.45168588270582,22.624581414407015,1529303189024
2300,59.452972999999986,22.622075,1527920791024
2300,59.45130439277699,22.625328351051735,1528007191024
2300,59.45965393504187,22.63846481808977,1528093591024
2300,59.46722592377162,22.643964141882368,1528179991024
2300,59.47962293447779,22.634013348745327,1528266391024
2300,59.52855023571624,22.59656643587528,1528352791024
2300,59.539109523319695,22.600917190899313,1528439191024
2300,59.53305088259333,22.59843349724235,1528525591024
2300,59.520377021133015,22.59184500570163,1528611991024
2300,59.5106307193164,22.590824416224617,1528698391024
2300,59.516416976496146,22.591696645677224,1528784791024
2300,59.52686652177084,22.6039782815559,1528871191024
2300,59.52441681163086,22.59392253258486,1528957591024
2300,59.51662691740057,22.594561901918855,1529043991024
2300,59.51599511800549,22.59539500645772,1529130391024
2300,59.51468637392466,22.600953254857203,1529216789024
2300,59.519521017568536,22.593807386459105,1529303189024
2312,59.452972999999986,22.622075,1527920791024
2312,59.456285609674325,22.62335155059934,1528007191024
2312,59.457125585863565,22.63645066310117,1528093591024
2312,59.44242436812203,22.660839641531595,1528179991024
2312,59.45429900803225,22.65577806647485,1528266391024
2312,59.4524742750869,22.658776929002965,1528352791024
2312,59.45021585519851,22.6563314298222,1528439191024
2312,59.44999725652042,22.66173698349512,1528525591024
2312,59.45234936144496,22.670053664196548,1528611991024
2312,59.44741202773173,22.67341615238363,1528698391024
2312,59.43776569057528,22.675438657199468,1528784791024
2312,59.44125130032867,22.678445105156996,1528871191024
2312,59.45203357596398,22.687261526089333,1528957591024
2312,59.4515768944602,22.689062989368708,1529043991024
2312,59.45121724319861,22.68771026100713,1529130391024
2312,59.45808793316306,22.671172732726298,1529216789024
2312,59.45529471307165,22.666975537195373,1529303189024
2393,59.452972999999986,22.622075,1529216789024
2393,59.449967156252,22.6127261029667,1529303189024
2393,59.45088000514866,22.616316713424023,1529389589024
2393,59.452638574733385,22.61828692045138,1529475989024
2393,59.45542847667136,22.612038242942273,1529562389024
2393,59.45303837001538,22.614896947391955,1529648789024
2393,59.45154190059196,22.61504148022336,1529735189024
2393,59.45668274152385,22.62872311840631,1529821589024
2393,59.456707270529535,22.618820154928617,1529907989024
2393,59.4453864281613,22.61491599915291,1529994389024
2393,59.444804198165514,22.61871426245021,1530080789024
2393,59.45018087455611,22.624299172181207,1530167189024
2393,59.448791600934555,22.630075729569025,1530253589024
2393,59.44555867913917,22.62926172521966,1530339989024
2393,59.45463610954812,22.620665476594695,1530426389024
2393,59.450626671514215,22.615845236366336,1530512789024
2485,59.452972999999986,22.622075,1530944789024
2485,59.454917951127925,22.620143675012493,1531031189024
2485,59.456593962477115,22.62871845452628,1531117589024
2485,59.44279880243403,22.626750487147852,1531203989024
2485,59.42567996114411,22.63370079129192,1531290389024
2485,59.43321842300875,22.625612513920323,1531376789024
2485,59.43684673291611,22.61518987783597,1531463189024
2485,59.44154050190565,22.611236140081935,1531549589024
2485,59.44885033970871,22.610797294660134,1531635989024
2485,59.44676912127923,22.617904004991388,1531722389024
2485,59.45815070733818,22.60779918159114,1531808789024
2485,59.43728831836222,22.607638999609087,1531895189024
2485,59.43531979474736,22.60311608627977,1531981589024
2485,59.434392125971584,22.59564298547206,1532067989024
2485,59.42944686626811,22.601843587958424,1532154389024
2485,59.43392744433365,22.603197923662425,1532240789024
2485,59.42159677699283,22.604080629821752,1532327189024
2485,59.4302071644006,22.606705668005365,1532413589024
2485,59.41275997401908,22.61024535902526,1532499989024
2516,59.452972999999986,22.622075,1530944789024
2516,59.466223353251934,22.623898434412787,1531031189024
2516,59.461437194835355,22.627904458289724,1531117589024
2516,59.45598082346754,22.621428252289736,1531203989024
2516,59.46734292883454,22.610483092906833,1531290389024
2516,59.46361153967291,22.61435173884507,1531376789024
2516,59.46030992997669,22.608779654948087,1531463189024
2516,59.461975662892456,22.614519652656355,1531549589024
2516,59.45954318755932,22.637118376259835,1531635989024
2516,59.45265051103601,22.624281986910574,1531722389024
2516,59.453732184855255,22.62355151465656,1531808789024
2516,59.4542216152351,22.61970867680074,1531895189024
2516,59.44719667627513,22.629339124989944,1531981589024
2516,59.46122142133663,22.6229558568028,1532067989024
2516,59.44745636160491,22.620274553620884,1532154389024
2516,59.44821723646041,22.598170436739224,1532240789024
2516,59.44063969177881,22.59425425099604,1532327189024
2516,59.42812686445282,22.59010318298519,1532413589024
2516,59.43179209806766,22.581534835605627,1532499989024
2578,59.452972999999986,22.622075,1533536789024
2578,59.45833330004379,22.62059316751366,1533623189024
2578,59.452905507005426,22.623085263025963,1533709589024
2578,59.44512762718281,22.62108901370379,1533795989024
2578,59.44620910921307,22.63000860828788,1533882389024
2578,59.45765115673737,22.639922708241933,1533968789024
2578,59.45470933765819,22.632298836770538,1533968791025
2578,59.46282356242224,22.63162110935852,1534055191025
2578,59.46016327260068,22.632291029917827,1534141591025
2578,59.44560959434227,22.63436748524903,1534227991025
2578,59.44450151360223,22.644217914627628,1534314391025
2578,59.43930191148425,22.63700697298883,1534400791025
2578,59.454997465138746,22.6382702488046,1534487191025
2578,59.46971546269168,22.639556964063186,1534573591025
2578,59.479160913417815,22.64348008001797,1534659991025
2578,59.480211053789674,22.656776100748004,1534746391025
2578,59.496240469616,22.645959634974147,1534832791024
2578,59.51365054129417,22.63176150586631,1534919191024
2579,59.452972999999986,22.622075,1533536789024
2579,59.45189221863069,22.618840298718155,1533623189024
2579,59.44564640970475,22.626187503477546,1533709589024
2579,59.46569906061097,22.639879956963703,1533795989024
2579,59.478330222217096,22.635937495958572,1533882389024
2579,59.494452840370144,22.620938967658077,1533968789024
2579,59.49029825635443,22.628530751638785,1533968791025
2579,59.52074763084602,22.60010727896097,1534055191025
2579,59.52561423504815,22.60398616316936,1534141591025
2579,59.522867882166025,22.605225336518437,1534227991025
2579,59.51069012137995,22.609692834413273,1534314391025
2579,59.50308213268957,22.596042453785813,1534400791025
2579,59.509880947356834,22.593055897419173,1534487191025
2579,59.52200709699062,22.59796335821105,1534573591025
2579,59.53807072251715,22.599431098141668,1534659991025
2579,59.53280416046715,22.594138936434216,1534746391025
2579,59.52963193465433,22.58448826660929,1534832791024
2579,59.52227267695457,22.582336280722252,1534919191024
2605,59.452972999999986,22.622075,1533536789024
2605,59.44898716300037,22.630327201103995,1533623189024
2605,59.45540830278259,22.633377668301005,1533709589024
2605,59.45878064383922,22.619545631383065,1533795989024
2605,59.46326995984504,22.621928167999297,1533882389024
2605,59.457523924717805,22.62412886358463,1533968789024
2605,59.44047579427203,22.63375680664231,1533968791025
2605,59.428636480902554,22.625111042435755,1534055191025
2605,59.42631823471237,22.61823944079157,1534141591025
2605,59.4198127542777,22.62511207416561,1534227991025
2605,59.41109137808712,22.6306565773544,1534314391025
2605,59.40607371792623,22.627287932831965,1534400791025
2605,59.420348804947224,22.621630419571627,1534487191025
2605,59.422143548046705,22.631652422180284,1534573591025
2605,59.402248246903014,22.634482913558134,1534659991025
2605,59.41644055986143,22.62965694782847,1534746391025
2605,59.3992147629815,22.63280663475535,1534832791024
2605,59.402704572520975,22.629041119207574,1534919191024
2616,59.452972999999986,22.622075,1533536789024
2616,59.45830730604462,22.61845436816594,1533623189024
2616,59.47061811979765,22.626335506014623,1533709589024
2616,59.46259169107009,22.634899909262664,1533795989024
2616,59.47395162836898,22.63760136246672,1533882389024
2616,59.46679466996312,22.633754616004857,1533968789024
2616,59.47138081144473,22.637832115597977,1533968791025
2616,59.47044586253082,22.626297708763477,1534055191025
2616,59.45324544298518,22.630279897519777,1534141591025
2616,59.45437970292494,22.639297417794275,1534227991025
2616,59.44942179747392,22.63430519363557,1534314391025
2616,59.44679684077025,22.63651091051737,1534400791025
2616,59.447757130853745,22.63142418530924,1534487191025
2616,59.44137007727443,22.65969253651921,1534573591025
2616,59.431312740545934,22.667024924268347,1534659991025
2616,59.42833077290925,22.657194490102103,1534746391025
2616,59.42644255731071,22.654208623350996,1534832791024
2616,59.43202042777148,22.652029563331997,1534919191024
2641,59.452972999999986,22.622075,1533536789024
2641,59.451345539244755,22.625093544692888,1533623189024
2641,59.44463280412879,22.62156009904412,1533709589024
2641,59.43807176645038,22.62850510108963,1533795989024
2641,59.44872826958468,22.624156116832356,1533882389024
2641,59.45144906724027,22.625439851276937,1533968789024
2641,59.451093311419925,22.625137536816183,1533968791025
2641,59.44501203558218,22.62282798971609,1534055191025
2641,59.43751484095998,22.63452818372286,1534141591025
2641,59.44753871314532,22.650883336193203,1534227991025
2641,59.4484127679772,22.651479045900956,1534314391025
2641,59.43931957144264,22.65502620037313,1534400791025
2641,59.45031483039213,22.6491133257872,1534487191025
2641,59.4734381178302,22.65111839931906,1534573591025
2641,59.46841861561282,22.657161479275132,1534659991025
2641,59.47800476342897,22.658650508305502,1534746391025
2641,59.4829970224574,22.6605504482345,1534832791024
2641,59.51297802319104,22.649466025915817,1534919191024
2641,59.53788628871334,22.639768736169195,1535005591024
2662,59.452972999999986,22.622075,1533536789024
2662,59.46678717019197,22.602926198360095,1533623189024
2662,59.46773034607702,22.60384530568863,1533709589024
2662,59.46600168692953,22.602537199560945,1533795989024
2662,59.47659200544396,22.5968910881806,1533882389024
2662,59.47794958234192,22.60156179151294,1533968789024
2662,59.47664954038919,22.609021237245244,1533968791025
2662,59.46714760099496,22.61343704945573,1534055191025
2662,59.46299445684039,22.612769690796902,1534141591025
2662,59.458781803471254,22.612327548981636,1534227991025
2662,59.47188941102348,22.605158076525573,1534314391025
2662,59.46215399520321,22.598004006597513,1534400791025
2662,59.45199197385543,22.592463876578936,1534487191025
2662,59.45456666082853,22.589562461285364,1534573591025
2662,59.460107714662115,22.60070932081072,1534659991025
2662,59.46061498290078,22.59860317205687,1534746391025
2662,59.451361465276136,22.589822807319553,1534832791024
2662,59.451535925467056,22.58620211358007,1534919191024
2662,59.44881570706991,22.582564867810973,1535005591024
2740,59.452972999999986,22.622075,1533968791025
2740,59.446111220104086,22.630066825815845,1534055191025
2740,59.447761354044246,22.621286146322024,1534141591025
2740,59.449786056338496,22.6103520331548,1534227991025
2740,59.44859334968274,22.613843453837465,1534314391025
2740,59.458976473557016,22.608391031683812,1534400791025
2740,59.46391800739474,22.592246969259477,1534487191025
2740,59.46239646246963,22.58975863781212,1534573591025
2740,59.462105129753496,22.59904795017081,1534659991025
2740,59.45732635918901,22.60768517472498,1534746391025
2740,59.46979262074305,22.608921543949613,1534832791024
2740,59.46994648152767,22.61055797629704,1534919191024
2740,59.4700011408288,22.619682491716983,1535005591024
2740,59.46661826063007,22.620821746323347,1535091991024
2740,59.46328189113896,22.626835543282233,1535178391024
2740,59.4543595869402,22.61312111907606,1535264791024
2740,59.44860706200353,22.611593762477856,1535351191024
2740,59.45190237822575,22.609984946192608,1535437591024
2751,59.452972999999986,22.622075,1533968791025
2751,59.44883423162861,22.62901263435087,1534055191025
2751,59.440431466274305,22.62206030598301,1534141591025
2751,59.423504812431304,22.62333878944372,1534227991025
2751,59.4129238503817,22.630660169464473,1534314391025
2751,59.4153380967897,22.638038976784713,1534400791025
2751,59.410520845722885,22.636170758226324,1534487191025
2751,59.39912433748381,22.635750283070276,1534573591025
2751,59.387465732578704,22.64733115057972,1534659991025
2751,59.39203138100103,22.65231796561992,1534746391025
2751,59.38908012427217,22.658302432112308,1534832791024
2751,59.39065668119727,22.65450459336142,1534919191024
2751,59.397936975026965,22.656874766180373,1535005591024
2751,59.39856691304058,22.657257860803934,1535091991024
2751,59.38364023197613,22.656899975395483,1535178391024
2751,59.38301080656325,22.65457950272224,1535264791024
2751,59.39917660639509,22.662601212959796,1535351191024
2751,59.3907537234069,22.658546358505035,1535437591024
2848,59.452972999999986,22.622075,1534832791024
2848,59.44499885499221,22.61232776639083,1534919191024
2848,59.443477445879665,22.60659947025701,1535005591024
2848,59.44686394050535,22.60771278088853,1535091991024
2848,59.44155487144417,22.605514854218907,1535178391024
2848,59.43695812432745,22.600854163063424,1535264791024
2848,59.43537759247374,22.60310517660755,1535351191024
2848,59.425021181883835,22.606412791147747,1535437591024
2848,59.42679054693082,22.607090396892445,1535523991024
2848,59.43748072779772,22.616965501340353,1535610391024
2848,59.43245943886885,22.61358473223185,1535696791024
2848,59.438290969919166,22.60644869864022,1535783191024
2848,59.43304977516539,22.60839442676996,1535869591024
2848,59.430344107244025,22.604642683949248,1535955991024
2848,59.43610227176751,22.602664301185484,1536042391024
2859,59.452972999999986,22.622075,1534832791024
2859,59.454428253944144,22.619266642170697,1534919191024
2859,59.45591148667975,22.61274615988219,1535005591024
2859,59.44958587254047,22.62192781001202,1535091991024
2859,59.45163110873801,22.61650720387884,1535178391024
2859,59.4609406967696,22.618952935538996,1535264791024
2859,59.4533921213546,22.610665170248573,1535351191024
2859,59.4522622596798,22.62283266704705,1535437591024
2859,59.458705694882525,22.634902796052195,1535523991024
2859,59.455544233686425,22.62630997856169,1535610391024
2859,59.45014171396136,22.625895838466523,1535696791024
2859,59.45748025480137,22.62118623519157,1535783191024
2859,59.45874556806683,22.628562438134026,1535869591024
2859,59.44413783698303,22.64045344197717,1535955991024
2859,59.45176563581177,22.639804940832715,1536042391024
2932,59.452972999999986,22.622075,1535696791024
2932,59.46192650934702,22.62575153525982,1535783191024
2932,59.47446233761684,22.62512662686587,1535869591024
2932,59.46982643553429,22.63387385167793,1535955991024
2932,59.47921268477032,22.634207581031667,1536042391024
2932,59.49982057283111,22.632703783121407,1536128779024
2932,59.5396149699414,22.63359373678379,1536215179024
2932,59.56108528385144,22.625514781684807,1536301579024
2932,59.59116992154944,22.610252920950224,1536387979024
2932,59.639317674126175,22.594580760411397,1536474379024
2932,59.68691849967507,22.578455448179177,1536560779024
2932,59.8333250862147,22.533740085789248,1536647179024
2932,59.97427878865636,22.464412534575978,1536733579024
2932,60.03653451240768,22.53674260168178,1536819979024
2932,60.18486196377,22.40361858049933,1536906379024
3043,59.452972999999986,22.622075,1536128779024
3043,59.452488808374085,22.62069643699944,1536215179024
3043,59.43602004951197,22.619620251913123,1536301579024
3043,59.4441571964104,22.617419645619098,1536387979024
3043,59.45064724375442,22.622160832149167,1536474379024
3043,59.44521717179197,22.613887493966864,1536560779024
3043,59.4476508944075,22.622745413270867,1536647179024
3043,59.44661793239527,22.616057559700305,1536733579024
3043,59.440867807881006,22.611505694695047,1536819979024
3043,59.43808019001281,22.615429024421196,1536906379024
3043,59.43222420839669,22.614070885340915,1536992779024
3043,59.42137634059719,22.609287092425287,1537079179024
3043,59.42275529952491,22.612206476698542,1537165579024
3043,59.41797380960048,22.603103180528382,1537251979024
3043,59.41958023696114,22.597088974572152,1537338379024
3043,59.41518811764897,22.595121506060412,1537424779024
3062,59.452972999999986,22.622075,1536128779024
3062,59.45078742670571,22.616165417677713,1536215179024
3062,59.44765906459472,22.60944366586684,1536301579024
3062,59.445858744385106,22.599800699966956,1536387979024
3062,59.44827511447082,22.59710717341035,1536474379024
3062,59.439681458412736,22.601490380621144,1536560779024
3062,59.446054903086775,22.60099173974672,1536647179024
3062,59.442935772405406,22.602434275804775,1536733579024
3062,59.43782785665866,22.60775434458428,1536819979024
3062,59.43488645025178,22.618472251325805,1536906379024
3062,59.43014544859852,22.623091386402827,1536992779024
3062,59.42512707702639,22.618219956240615,1537079179024
3062,59.41692373035616,22.621698528202543,1537165579024
3062,59.40350362094,22.624281643143775,1537251979024
3062,59.40120831280643,22.62445498232332,1537338379024
3062,59.388980672923026,22.614962296256863,1537424779024
3128,59.452972999999986,22.622075,1536992779024
3128,59.46136690455748,22.629513945111647,1537079179024
3128,59.45944293918606,22.63139809947303,1537165579024
3128,59.45864390652338,22.63347376913164,1537251979024
3128,59.45585955437025,22.627062668112007,1537338379024
3128,59.45376610388354,22.625736674633163,1537424779024
3128,59.46116694626778,22.63180903120872,1537511179024
3128,59.46296843615323,22.634435487136948,1537597579024
3128,59.45419942992859,22.638088626548463,1537683979024
3128,59.45255419201095,22.628967886891033,1537770379024
3128,59.4419752356539,22.619394358196782,1537856779024
3128,59.44516611117379,22.62837172471791,1537943179024
3128,59.45499673594938,22.62372214610483,1538029579024
3128,59.44853846561125,22.62714571195273,1538115979024
3128,59.45197982361245,22.63289504893039,1538202379024
3184,59.452972999999986,22.622075,1536992779024
3184,59.45682562278802,22.62410366979786,1537079179024
3184,59.45611063469187,22.610075932104586,1537165579024
3184,59.44830321779344,22.603899453320565,1537251979024
3184,59.44338905169022,22.601980770490503,1537338379024
3184,59.434966721459546,22.588501915141915,1537424779024
3184,59.441580967493195,22.601543629208813,1537511179024
3184,59.43853022492834,22.603096420390223,1537597579024
3184,59.43829925757183,22.593865917655844,1537683979024
3184,59.44327753695873,22.599612627203346,1537770379024
3184,59.44642961670678,22.600920230950805,1537856779024
3184,59.4386973202142,22.609512635937037,1537943179024
3184,59.42940252733953,22.608270979584255,1538029579024
3184,59.42889691909181,22.611128468472742,1538115979024
3184,59.43308603417355,22.60827180358618,1538202379024
3200,59.452972999999986,22.622075,1538288801024
3200,59.44603068339927,22.624582171930815,1538375201024
3200,59.45338938329243,22.62513857914321,1538461601024
3200,59.443087407178496,22.635717643176868,1538548001024
3200,59.42650233317676,22.6410517529265,1538634401024
3200,59.42268962209451,22.634837659594012,1538720801024
3200,59.42080454022408,22.633376270014423,1538720839024
3200,59.42167385828617,22.63362749997949,1538807239024
3200,59.420895674488094,22.62664630374324,1538893639024
3200,59.41683402658893,22.612958141067235,1538980039024
3200,59.4213257762857,22.613547958113212,1539066439024
3200,59.43339784206512,22.60738435211092,1539152839024
3200,59.43724899986887,22.60926597464337,1539152871024
3200,59.44477833149256,22.599665208995575,1539239271024
3200,59.444900717238056,22.607107412428096,1539325671024
3200,59.44795085709717,22.609012369390815,1539412071024
3200,59.44423875245917,22.606731293852793,1539498471024
3242,59.452972999999986,22.622075,1538288801024
3242,59.449565631422104,22.61263172980555,1538375201024
3242,59.45671624442596,22.611852609387576,1538461601024
3242,59.44990688166462,22.611347832605627,1538548001024
3242,59.46096437736543,22.6185699563944,1538634401024
3242,59.46817466506809,22.623416041402077,1538720801024
3242,59.45622674087059,22.632097946099737,1538720839024
3242,59.44657780587315,22.632031811045326,1538807239024
3242,59.437282148986526,22.635827485544784,1538893639024
3242,59.44081206222302,22.635665483107527,1538980039024
3242,59.442125838798574,22.636883106009357,1539066439024
3242,59.44432682720509,22.63312843697051,1539152839024
3242,59.43894942223864,22.633902262123776,1539152871024
3242,59.43002819598467,22.634841227697834,1539239271024
3242,59.414513895810046,22.634861914504892,1539325671024
3242,59.41433112387466,22.639393403436554,1539412071024
3242,59.41155579108241,22.62846935546116,1539498471024
3263,59.452972999999986,22.622075,1538288801024
3263,59.45755731152124,22.621411858461123,1538375201024
3263,59.451097720229654,22.615055660376964,1538461601024
3263,59.455842556467985,22.620746428233527,1538548001024
3263,59.443481503854514,22.627679256618396,1538634401024
3263,59.44420944015414,22.61345867772876,1538720801024
3263,59.447001990751886,22.605720900552136,1538720839024
3263,59.455376532972224,22.598955825909503,1538807239024
3263,59.45299322770779,22.59623869405565,1538893639024
3263,59.45017877087318,22.596948448915317,1538980039024
3263,59.442886872364,22.59894747028654,1539066439024
3263,59.44713377954076,22.59949237431396,1539152839024
3263,59.45725509435866,22.59145450509734,1539152871024
3263,59.46651977759714,22.58825074660005,1539239271024
3263,59.46513842410047,22.581738702458516,1539325671024
3263,59.46633727820219,22.59364552032403,1539412071024
3263,59.4704829216239,22.589025670870235,1539498471024
3263,59.4671999661164,22.58709111836335,1539584871024
3265,59.452972999999986,22.622075,1538288801024
3265,59.45447483166413,22.6229499541543,1538375201024
3265,59.46408253656051,22.616148628752818,1538461601024
3265,59.45787893389968,22.612334364450536,1538548001024
3265,59.462821666402675,22.607692549411716,1538634401024
3265,59.48427786183015,22.60296370859047,1538720801024
3265,59.48971701657612,22.60716161962955,1538720839024
3265,59.48761997399316,22.60618235101332,1538807239024
3265,59.4832539415556,22.609103747498622,1538893639024
3265,59.47959934007713,22.60664424677585,1538980039024
3265,59.487069837949264,22.60385760387947,1539066439024
3265,59.47856706649148,22.602573805494572,1539152839024
3265,59.46303164227754,22.59602827910845,1539152871024
3265,59.469459719316774,22.595944645395505,1539239271024
3265,59.468860028165835,22.60652360401979,1539325671024
3265,59.476704138654554,22.6026736795917,1539412071024
3265,59.484338306978486,22.60493953236347,1539498471024
3265,59.4858496338062,22.60936622267229,1539584871024
3274,59.452972999999986,22.622075,1538288801024
3274,59.455830236150746,22.629376440786036,1538375201024
3274,59.46086784538559,22.63396290677282,1538461601024
3274,59.45867738435004,22.628993389118136,1538548001024
3274,59.47162446970313,22.63309738077813,1538634401024
3274,59.4659036512208,22.63229286735935,1538720801024
3274,59.45946387395301,22.633154686797663,1538720839024
3274,59.46097060023004,22.63718969940997,1538807239024
3274,59.47306466272818,22.6263209930989,1538893639024
3274,59.484175587343344,22.627452437052614,1538980039024
3274,59.57452357694274,22.526862838588784,1539066439024
3274,59.57772752604788,22.528729185614072,1539152839024
3274,59.5736906356297,22.52245078947472,1539152871024
3274,59.57560879650316,22.52843998065515,1539239271024
3274,59.5737085743724,22.5291953258013,1539325671024
3274,59.57155846136829,22.53358991223904,1539412071024
3274,59.571213372277725,22.52723960477528,1539498471024
3274,59.567721815256505,22.530643391982075,1539584871024
3393,59.452972999999986,22.622075,1539152871024
3393,59.46590805949699,22.62933066878928,1539239271024
3393,59.468488102259215,22.628264353612355,1539325671024
3393,59.46557822837903,22.63145092210939,1539412071024
3393,59.45711892273056,22.626887612438505,1539498471024
3393,59.453708320319976,22.63508072502069,1539584871024
3393,59.45391954470426,22.63476986326479,1539671271024
3393,59.45234931552835,22.645225734206925,1539757671024
3393,59.45448545495762,22.640177840047816,1539844071024
3393,59.44541631589135,22.643641215812647,1539930471024
3393,59.451457367404544,22.646171116963117,1540016871024
3393,59.45594788769717,22.643650145479196,1540103271024
3393,59.45281411543888,22.64480580988034,1540189671024
3393,59.45864494862701,22.63832652134864,1540276071024
3393,59.45864599423896,22.643014447780043,1540362471024
3472,59.452972999999986,22.622075,1541313029024
3472,59.443463249906586,22.620295820146545,1541399429024
3472,59.45658184406315,22.62598643398495,1541485829024
3472,59.461866738093704,22.6234096293175,1541572229024
3472,59.46197067335413,22.622676526070205,1541658629024
3472,59.4519733139723,22.62420413589805,1541745029024
3472,59.45034547739104,22.634229802075932,1541831429024
3472,59.443148814725475,22.63670743212202,1541917829024
3472,59.44990628464757,22.631748609352552,1542004229024
3472,59.45035142538472,22.629438009164108,1542090629024
3472,59.449249316060275,22.624653664851493,1542177029024
3472,59.44856857638308,22.63053587938387,1542177079024
3472,59.45249554031841,22.629702352269877,1542263479024
3472,59.45633626918504,22.626294714270248,1542349879024
3472,59.46407550130752,22.618533676430612,1542436279024
3498,59.452972999999986,22.622075,1541313029024
3498,59.45599413025661,22.629044207314188,1541399429024
3498,59.46037459294524,22.623870637467544,1541485829024
3498,59.46534651567856,22.614648985670563,1541572229024
3498,59.468353463518696,22.611418340200775,1541658629024
3498,59.47214296552497,22.605324054783924,1541745029024
3498,59.47315706587662,22.60372190725619,1541831429024
3498,59.469766364392,22.604691938846823,1541917829024
3498,59.46286845836721,22.59796814055661,1542004229024
3498,59.45955182121872,22.601078720259707,1542090629024
3498,59.465828608476414,22.60340625502696,1542177029024
3498,59.472917065220486,22.59545794699249,1542177079024
3498,59.47500390221296,22.593196283268828,1542263479024
3498,59.48248224713774,22.579943118863586,1542349879024
3498,59.481428014551256,22.575343735225243,1542436279024
3511,59.452972999999986,22.622075,1541313029024
3511,59.457572341593306,22.616050388742995,1541399429024
3511,59.46429869274752,22.60899890702046,1541485829024
3511,59.4571661235791,22.603912876511668,1541572229024
3511,59.46196038436267,22.60255934329507,1541658629024
3511,59.45652477187218,22.60528605613568,1541745029024
3511,59.46499125456913,22.60074273092427,1541831429024
3511,59.46557742542285,22.602249418076983,1541917829024
3511,59.457040204092976,22.599734968195396,1542004229024
3511,59.46064466911514,22.597821574289817,1542090629024
3511,59.45531065888656,22.60197794728467,1542177029024
3511,59.45392260613528,22.598857185124192,1542177079024
3511,59.47191383814595,22.60077812573251,1542263479024
3511,59.47693208373465,22.601434440690586,1542349879024
3511,59.4782119321259,22.600824781454623,1542436279024
3511,59.47386203629651,22.597484188682568,1542522679024
3525,59.452972999999986,22.622075,1541313029024
3525,59.45836424378973,22.636980211468273,1541399429024
3525,59.44566942156615,22.64480428503292,1541485829024
3525,59.44219141866884,22.637236763878988,1541572229024
3525,59.44274266454153,22.646362140255818,1541658629024
3525,59.44230615613776,22.65102121365091,1541745029024
3525,59.44259639799705,22.652657166553706,1541831429024
3525,59.43331373563131,22.652979668993556,1541917829024
3525,59.42906427146079,22.648139309409252,1542004229024
3525,59.428887317470554,22.651192730549525,1542090629024
3525,59.4262798683105,22.65039386134822,1542177029024
3525,59.43223278849271,22.645514876281297,1542177079024
3525,59.4278528590018,22.649809563143247,1542263479024
3525,59.424161566517256,22.648638045181468,1542349879024
3525,59.42877371609444,22.645236082907203,1542436279024
3525,59.423414339146944,22.645304437975664,1542522679024
3528,59.452972999999986,22.622075,1541313029024
3528,59.4462031434241,22.62467861217179,1541399429024
3528,59.44546478609442,22.61769715131657,1541485829024
3528,59.45730349129019,22.618837099890985,1541572229024
3528,59.45799526868109,22.61267340083829,1541658629024
3528,59.46763508497827,22.611724618660233,1541745029024
3528,59.48018408244496,22.60733924386457,1541831429024
3528,59.483856342032965,22.60391297417681,1541917829024
3528,59.48961637932422,22.592966134254677,1542004229024
3528,59.487920769736775,22.593203104954064,1542090629024
3528,59.49156493667908,22.59204497688065,1542177029024
3528,59.4954399819492,22.58810587533667,1542177079024
3528,59.49958960725991,22.595542200082644,1542263479024
3528,59.49826423673048,22.596859504021147,1542349879024
3528,59.494012718487255,22.599098391697257,1542436279024
3528,59.49445090781626,22.600785894623677,1542522679024
3547,59.452972999999986,22.622075,1541313029024
3547,59.44835279228715,22.620448501780917,1541399429024
3547,59.44266058176743,22.627694880718547,1541485829024
3547,59.44042896956563,22.632037501984588,1541572229024
3547,59.439055573053594,22.640235237076073,1541658629024
3547,59.43764517849982,22.6382518681822,1541745029024
3547,59.45070833954264,22.63543816579804,1541831429024
3547,59.44635246398454,22.640180899148326,1541917829024
3547,59.44218815832053,22.644139422814742,1542004229024
3547,59.44736548136228,22.646951691111926,1542090629024
3547,59.45091205822752,22.638571010976232,1542177029024
3547,59.45083567161075,22.630780186443257,1542177079024
3547,59.45267746276184,22.632994800660445,1542263479024
3547,59.44716433623242,22.634838668270675,1542349879024
3547,59.45399291251477,22.632611836968344,1542436279024
3547,59.45796468763734,22.63196064927057,1542522679024
3585,59.452972999999986,22.622075,1542177079024
3585,59.464702179447016,22.624736941029852,1542263479024
3585,59.448509933455625,22.632243078049324,1542349879024
3585,59.44844345816216,22.625492755135557,1542436279024
3585,59.44224998413523,22.619438466106104,1542522679024
3585,59.43840865086213,22.62221944156212,1542609079024
3585,59.44562497384953,22.625378708885982,1542695479024
3585,59.44568815976697,22.62881553986318,1542781879024
3585,59.452226789264415,22.63125399444195,1542868279024
3585,59.46246555589258,22.63061905187581,1542954679024
3585,59.46005243123727,22.629458287437167,1543041079024
3585,59.46130893709997,22.626686070964425,1543127479024
3585,59.462494847154915,22.623357242375754,1543213879024
3585,59.45324666298501,22.630161171168673,1543300279024
3585,59.47506057943585,22.62901692632263,1543386679024
3588,59.452972999999986,22.622075,1542177079024
3588,59.446868624703825,22.623739940644203,1542263479024
3588,59.45116488821449,22.625950885831212,1542349879024
3588,59.455994846931105,22.61606835602166,1542436279024
3588,59.45360084873033,22.606101851829052,1542522679024
3588,59.45534583095633,22.60748921887008,1542609079024
3588,59.45389828205765,22.605267862322503,1542695479024
3588,59.460677852242895,22.60750539292806,1542781879024
3588,59.46304216227671,22.606263440168867,1542868279024
3588,59.46819543348701,22.616391431316185,1542954679024
3588,59.46147741164975,22.61302174929739,1543041079024
3588,59.46587265408269,22.617185714266665,1543127479024
3588,59.4641031743852,22.62069617382501,1543213879024
3588,59.45266257030429,22.62035030948598,1543300279024
3588,59.45663382229969,22.616925359111523,1543386679024
3616,59.452972999999986,22.622075,1542177079024
3616,59.45754756648785,22.6217688105751,1542263479024
3616,59.45024428369379,22.6296632589133,1542349879024
3616,59.44250397976322,22.63028539925929,1542436279024
3616,59.43756459945181,22.63976155188013,1542522679024
3616,59.44287449583791,22.639035027430616,1542609079024
3616,59.442074205089455,22.64594463489525,1542695479024
3616,59.441767478166554,22.649638078891435,1542781879024
3616,59.44084720999538,22.65549317968506,1542868279024
3616,59.44284844112042,22.656866893586113,1542954679024
3616,59.44357248590356,22.655608513883745,1543041079024
3616,59.44224807703495,22.65321525858083,1543127479024
3616,59.42982283369511,22.655054581165665,1543213879024
3616,59.445829414837846,22.661467578662904,1543300279024
3616,59.44621632014227,22.666017371161317,1543386679024
3702,59.452972999999986,22.622075,1544337161024
3702,59.4487242174593,22.624745106623863,1544423561024
3702,59.447050772216784,22.637855538634817,1544509961024
3702,59.44741652052514,22.64351811070439,1544596361024
3702,59.44918862452772,22.63965995625791,1544682761024
3702,59.441184717973954,22.645160713354553,1544769161024
3702,59.43963679587216,22.638385250779976,1544855561024
3702,59.45030591336621,22.657713058375943,1544941961024
3702,59.45201777600457,22.65054873876825,1545028361024
3702,59.45592370991716,22.67502785755513,1545114761024
3702,59.45445305923124,22.679308488877595,1545201161024
3702,59.450977075417114,22.67600472408449,1545287561024
3702,59.458224960960735,22.67426551223591,1545373961024
3702,59.45290873694941,22.666427938920656,1545460361024
3702,59.4469778704007,22.651565044278108,1545546761024
3702,59.44064636178172,22.644861831166768,1545633161024
3702,59.42850182428543,22.647291880428902,1545719561024
3844,59.452972999999986,22.622075,1546497169024
3844,59.44850664103913,22.62961377278637,1546583569024
3844,59.44832728476598,22.6255262826851,1546669969024
3844,59.44891293013592,22.616519398333544,1546756369024
3844,59.44968106229345,22.610950887686357,1546842769024
3844,59.45034324363513,22.60431691006808,1546929169024
3844,59.457173906076235,22.60958117303364,1547015569024
3844,59.445838424910505,22.59552232865143,1547101969024
3844,59.44849859016958,22.59597409078482,1547188369024
3844,59.45550861296999,22.596563642667345,1547274769024
3844,59.45039033868147,22.595812207167487,1547361169024
3844,59.46082875545369,22.59437658601639,1547447569024
3844,59.46329573159372,22.586851863434408,1547533969024
3844,59.46633296487147,22.579672167954136,1547620369024
3844,59.47930784168153,22.583735291445148,1547706769024
3844,59.47635419826747,22.576666962578443,1547793169024
3844,59.48328719929225,22.572250637658307,1547879569024
3978,59.452972999999986,22.622075,1549953009024
3978,59.451006322823446,22.62557158913149,1550039409024
3978,59.44344896942556,22.61882095682691,1550125809024
3978,59.43768297281915,22.619488307303207,1550212209024
3978,59.438562435447295,22.622088995324297,1550298609024
3978,59.43281146465705,22.615114409223334,1550385009024
3978,59.434128738603505,22.608795370462108,1550471409024
3978,59.43851515315575,22.599065700312455,1550557809024
3978,59.444002935555034,22.594864638668064,1550644209024
3978,59.44193096233937,22.60561036993548,1550730609024
3978,59.43813631017406,22.604226979726032,1550817009024
3978,59.43565721768965,22.608227448658745,1550903409024
3978,59.433703680195094,22.61329137404021,1550989809024
3978,59.43642364111807,22.60952636603487,1551076209024
3999,59.452972999999986,22.622075,1549953009024
3999,59.455412682263784,22.61988358062679,1550039409024
3999,59.452331812780216,22.618146208595245,1550125809024
3999,59.45172871624638,22.62292735318724,1550212209024
3999,59.44736250522675,22.6255931953286,1550298609024
3999,59.453634779705936,22.62394137804016,1550385009024
3999,59.44717914510892,22.618259382195827,1550471409024
3999,59.44340905716595,22.618206250304706,1550557809024
3999,59.44297183894935,22.61448644698909,1550644209024
3999,59.438847004777216,22.607313587429623,1550730609024
3999,59.45036720058605,22.61328561665148,1550817009024
3999,59.452174547106125,22.61631217280262,1550903409024
3999,59.4459626600534,22.610503667343064,1550989809024
3999,59.443637878653306,22.61086635948405,1551076209024
4013,59.452972999999986,22.622075,1549953009024
4013,59.46063962726888,22.630924348694045,1550039409024
4013,59.45499835985504,22.628563781834817,1550125809024
4013,59.448376468455024,22.629661039409765,1550212209024
4013,59.44636982333182,22.62745953460383,1550298609024
4013,59.43897477730977,22.628161426256018,1550385009024
4013,59.43529233046408,22.63141114286088,1550471409024
4013,59.42582289991719,22.627252958031487,1550557809024
4013,59.43083315302238,22.620725849279054,1550644209024
4013,59.43551487604623,22.621380578651923,1550730609024
4013,59.433542291110285,22.615750012632407,1550817009024
4013,59.42811530324235,22.607589427514966,1550903409024
4013,59.42431922734946,22.6025754481791,1550989809024
4013,59.43201612584858,22.60207415489615,1551076209024
4037,59.452972999999986,22.622075,1551248901024
4037,59.461074587675625,22.630720893688913,1551335301024
4037,59.46395873074533,22.62930425396282,1551421701024
4037,59.45625938239118,22.62375885523695,1551508101024
4037,59.466272530099985,22.62242346013298,1551594501024
4037,59.470510617491755,22.61759654737375,1551680869024
4037,59.47714322314849,22.613745430465887,1551767269024
4037,59.48631168618749,22.60845664647634,1551853669024
4037,59.48550822195995,22.60985248947013,1551940069024
4037,59.48264783747476,22.61245600517659,1552026469024
4037,59.48930797719811,22.607507787845368,1552112869024
4037,59.49127041229431,22.61052098976342,1552199269024
4037,59.4873471819686,22.605228517480754,1552285669024
4037,59.48441533350609,22.59867534397251,1552372069024
4045,59.452972999999986,22.622075,1551248901024
4045,59.44924951603511,22.62432914371645,1551335301024
4045,59.45297441538693,22.62812187136394,1551421701024
4045,59.46860904944322,22.625317687016302,1551508101024
4045,59.47206028987307,22.62281214477722,1551594501024
4045,59.462229550718575,22.61876136598331,1551680869024
4045,59.47435925204917,22.61149082740333,1551767269024
4045,59.47810620729223,22.60571879908176,1551853669024
4045,59.47280742617244,22.613976817296663,1551940069024
4045,59.47356502003365,22.615634977417677,1552026469024
4045,59.46880238403986,22.615260894325058,1552112869024
4045,59.473595523745985,22.626337132413212,1552199269024
4045,59.47192561753849,22.62629673602131,1552285669024
4045,59.46834640814461,22.62076135130071,1552372069024
4046,59.452972999999986,22.622075,1551248901024
4046,59.45758539497038,22.625591329996137,1551335301024
4046,59.45948352933803,22.628992568304152,1551421701024
4046,59.463299240811125,22.63247605148264,1551508101024
4046,59.46518748144947,22.63994438355313,1551594501024
4046,59.45851007874438,22.64304447703754,1551680869024
4046,59.46849143365449,22.653745947485657,1551767269024
4046,59.46870593434232,22.662046496825152,1551853669024
4046,59.47289311123723,22.664359439392843,1551940069024
4046,59.46994247332324,22.671531136473465,1552026469024
4046,59.47357836297374,22.678664381888648,1552112869024
4046,59.47357637826741,22.6665553963631,1552199269024
4046,59.47093328591586,22.667034004365163,1552285669024
4046,59.48112925691754,22.668316731497907,1552372069024
4101,59.452972999999986,22.622075,1551248901024
4101,59.455109816728395,22.61957197162492,1551335301024
4101,59.45181791444688,22.609348527278293,1551421701024
4101,59.45331420594096,22.61125093783102,1551508101024
4101,59.4657955107607,22.610175050405687,1551594501024
4101,59.463177745338925,22.60403877283528,1551680869024
4101,59.46393978149999,22.59903385056387,1551767269024
4101,59.46607974781077,22.599158107587677,1551853669024
4101,59.46364456043452,22.60408332121975,1551940069024
4101,59.47112444140973,22.60696217485897,1552026469024
4101,59.47801133268942,22.60941526244843,1552112869024
4101,59.4775500465264,22.607328843307,1552199269024
4101,59.4692750771988,22.6145114069444,1552285669024
4101,59.47156691789061,22.609331904514395,1552372069024
4101,59.47042114196748,22.610264122589697,1552458469024
4104,59.452972999999986,22.622075,1551248901024
4104,59.449557792883525,22.62094084334365,1551335301024
4104,59.443770431047625,22.611433150201133,1551421701024
4104,59.4280823593316,22.61203812693188,1551508101024
4104,59.42946258016027,22.611549404454117,1551594501024
4104,59.42199722661596,22.611827819396105,1551680869024
4104,59.43517372572862,22.611092613763844,1551767269024
4104,59.44335462605352,22.615607128375277,1551853669024
4104,59.44934940553662,22.60824532246231,1551940069024
4104,59.460143935304245,22.604069397166715,1552026469024
4104,59.45886735096013,22.603065986397723,1552112869024
4104,59.45414726858826,22.597456975831285,1552199269024
4104,59.458994480398246,22.58985436919492,1552285669024
4104,59.45754866448817,22.588323366705858,1552372069024
4104,59.4572763743368,22.58603489660665,1552458469024
4140,59.452972999999986,22.622075,1551680869024
4140,59.45588072668565,22.630157057534312,1551767269024
4140,59.44909934680189,22.632015214439793,1551853669024
4140,59.435755917746434,22.635406978839413,1551940069024
4140,59.434471254532696,22.641062677916494,1552026469024
4140,59.434248910269815,22.639825892563092,1552112869024
4140,59.44083172537256,22.64055216998871,1552199269024
4140,59.43772026997013,22.64260396882521,1552285669024
4140,59.43547486698722,22.650525483796947,1552372069024
4140,59.42600612401531,22.6472079411015,1552458469024
4140,59.42919389302986,22.656314053418093,1552544789024
4140,59.42742793317689,22.647306029018974,1552631189024
4140,59.42916721946739,22.64227769967701,1552717589024
4140,59.43073560115843,22.634358957051155,1552803989024
4140,59.44062398658724,22.629466442762393,1552890389024
4246,59.452972999999986,22.622075,1552544789024
4246,59.45164114665272,22.616041411917916,1552631189024
4246,59.45039923628062,22.61170647028337,1552717589024
4246,59.447540690129244,22.596263313850876,1552803989024
4246,59.451093434802715,22.59074667164574,1552890389024
4246,59.44475501649774,22.585936518959336,1552976789024
4246,59.45235830766569,22.5916671948016,1553063189024
4246,59.44430764599588,22.579779951279317,1553149589024
4246,59.44310279358774,22.58703099839207,1553235989024
4246,59.43858415121696,22.58213013418115,1553322389024
4246,59.42724208665442,22.58212204145102,1553408789024
4246,59.41830353605508,22.584349163088905,1553495189024
4246,59.427541074802264,22.586718490767787,1553581589024
4246,59.415465451692086,22.58671129967985,1553667989024
4246,59.415915745597715,22.577438137643068,1553754389024
4265,59.452972999999986,22.622075,1552544789024
4265,59.457987233527575,22.63152124896643,1552631189024
4265,59.46500463690353,22.62274309651058,1552717589024
4265,59.4770194359817,22.624731270780035,1552803989024
4265,59.48845915936698,22.64576451690085,1552890389024
4265,59.50732339183577,22.590708427099596,1552976789024
4265,59.5073217538872,22.592052968494972,1553063189024
4265,59.51500720819959,22.58228774847464,1553149589024
4265,59.51867022753652,22.583827450886453,1553235989024
4265,59.51007111944705,22.59164982430712,1553322389024
4265,59.50659307459708,22.593859567918408,1553408789024
4265,59.50917310645161,22.591343065998267,1553495189024
4265,59.50990466243735,22.589893881409232,1553581589024
4265,59.51839318670977,22.59285396598106,1553667989024
4265,59.51601807482376,22.589959721593,1553754389024
4269,59.452972999999986,22.622075,1552544789024
4269,59.44283675014836,22.619969038080164,1552631189024
4269,59.43435323688854,22.616490860600596,1552717589024
4269,59.43885150023581,22.61674210172803,1552803989024
4269,59.429767360454605,22.60126235410817,1552890389024
4269,59.42101800489402,22.596604511811236,1552976789024
4269,59.42827819039488,22.594630707443248,1553063189024
4269,59.43247220312526,22.594518645998335,1553149589024
4269,59.4274193042134,22.59789451437985,1553235989024
4269,59.42541917986256,22.60089331318916,1553322389024
4269,59.42684066784241,22.596090824331945,1553408789024
4269,59.42707124288003,22.59248848241889,1553495189024
4269,59.427225981644824,22.586110418550124,1553581589024
4269,59.43535255900383,22.587707988023613,1553667989024
4269,59.44370292941588,22.57928322114112,1553754389024
4291,59.452972999999986,22.622075,1554704791024
4291,59.452341679445425,22.625976829973776,1554791191024
4291,59.43343496726021,22.626784075158064,1554877591024
4291,59.42008183623386,22.624815642703133,1554963991024
4291,59.40410653336437,22.62766611574046,1555050391024
4291,59.39930806978856,22.627227366308095,1555136791024
4291,59.39759503952351,22.62084266564302,1555223191024
4291,59.40436550924554,22.6185576914119,1555309591024
4291,59.41449312980646,22.619414575922235,1555395991024
4291,59.41680876430269,22.610582415372292,1555482391024
4291,59.40988225741364,22.613707180531897,1555568791024
4291,59.4046352973964,22.619713262447075,1555655191024
4291,59.4036636274333,22.62466632462346,1555741591024
4291,59.39960497680454,22.630926270546293,1555827991024
4291,59.38622220084085,22.626997390523975,1555914391024
4293,59.452972999999986,22.622075,1554704791024
4293,59.46310622514349,22.616352472852657,1554791191024
4293,59.46683926858506,22.618090270375248,1554877591024
4293,59.47214799984309,22.616206926994,1554963991024
4293,59.47516675435287,22.616247535480134,1555050391024
4293,59.48050214258808,22.61599593668593,1555136791024
4293,59.47189352053147,22.624657467368483,1555223191024
4293,59.463377669062055,22.62606261669756,1555309591024
4293,59.46807625139499,22.620298420596768,1555395991024
4293,59.480135293923496,22.612333188271567,1555482391024
4293,59.47409237193966,22.610109646468025,1555568791024
4293,59.46526162723933,22.613413486019233,1555655191024
4293,59.45646935604594,22.60732737347854,1555741591024
4293,59.449985135149944,22.60582273035875,1555827991024
4293,59.459854570476466,22.60423738459115,1555914391024
4338,59.452972999999986,22.622075,1554704791024
4338,59.45845916148923,22.61983059519208,1554791191024
4338,59.452940914582626,22.611560789319064,1554877591024
4338,59.447595939200056,22.60441814293407,1554963991024
4338,59.44490722328459,22.610519259376208,1555050391024
4338,59.45265908802784,22.603453806163955,1555136791024
4338,59.454587750107976,22.598123270634183,1555223191024
4338,59.441923636683555,22.594626015872596,1555309591024
4338,59.44042484365127,22.593047093193157,1555395991024
4338,59.43996551118562,22.59284965439467,1555482391024
4338,59.45152750567621,22.588617253730447,1555568791024
4338,59.44176162307125,22.58816032512982,1555655191024
4338,59.44722991992063,22.590706512892872,1555741591024
4338,59.45173790933069,22.58154206829715,1555827991024
4338,59.43424404234287,22.577227744329708,1555914391024
4344,59.452972999999986,22.622075,1554704791024
4344,59.450715394383906,22.63540281652282,1554791191024
4344,59.44824157006272,22.63786055898025,1554877591024
4344,59.44900282792378,22.62297943990429,1554963991024
4344,59.44411041934518,22.62523788286649,1555050391024
4344,59.44042351250005,22.60892330609242,1555136791024
4344,59.43494494907671,22.610232858340837,1555223191024
4344,59.43847999223132,22.598677884821686,1555309591024
4344,59.432339502914715,22.598322738931433,1555395991024
4344,59.42895960584815,22.60686118817769,1555482391024
4344,59.43379243606819,22.599196249017115,1555568791024
4344,59.43060086558194,22.593733725529987,1555655191024
4344,59.4278821471587,22.596843462085925,1555741591024
4344,59.42803551871182,22.599718718564805,1555827991024
4344,59.42175762552739,22.61495167284508,1555914391024
4351,59.452972999999986,22.622075,1554704791024
4351,59.45793368185147,22.629028341612717,1554791191024
4351,59.449891809917915,22.630417131275323,1554877591024
4351,59.44646381898309,22.632564270491432,1554963991024
4351,59.44618644491189,22.63274166539703,1555050391024
4351,59.45042053528215,22.62759256606362,1555136791024
4351,59.44706397635099,22.619630169851064,1555223191024
4351,59.449817800122275,22.62259862188063,1555309591024
4351,59.44994794697479,22.63052466938232,1555395991024
4351,59.45397683522569,22.62618312882213,1555482391024
4351,59.449298107327394,22.62976550573017,1555568791024
4351,59.446000060186066,22.632809826090575,1555655191024
4351,59.443012962534,22.640435669750932,1555741591024
4351,59.44213035571056,22.640449416350336,1555827991024
4351,59.44505783186102,22.639742161796807,1555914391024
4371,59.452972999999986,22.622075,1554704791024
4371,59.4509997055485,22.61917143760434,1554791191024
4371,59.44172030391266,22.620482583405135,1554877591024
4371,59.44401249058927,22.618631328149643,1554963991024
4371,59.45056082053031,22.617004528875576,1555050391024
4371,59.459751312223034,22.60508818467772,1555136791024
4371,59.45641330770121,22.6097478848514,1555223191024
4371,59.46553760012685,22.607561883454764,1555309591024
4371,59.45761673375566,22.608648567717367,1555395991024
4371,59.44473426950793,22.608159271946462,1555482391024
4371,59.447271722897426,22.605719120115907,1555568791024
4371,59.44381649951393,22.604183143514486,1555655191024
4371,59.44308784088645,22.607460229410183,1555741591024
4371,59.44295286609861,22.614038898265285,1555827991024
4371,59.446721907910614,22.61011043233339,1555914391024
4391,59.452972999999986,22.622075,1555568791024
4391,59.45391655775518,22.621479285849585,1555655191024
4391,59.44886327129973,22.62763149500115,1555741591024
4391,59.44632183006328,22.631068968444733,1555827991024
4391,59.448665917151345,22.633726305917616,1555914391024
4391,59.45035368708832,22.640020323999817,1556000791024
4391,59.449125004700875,22.640372855426538,1556087191024
4391,59.45587238631094,22.643988363129925,1556173591024
4391,59.46657771690377,22.646871537181415,1556259991024
4391,59.46922271321358,22.638267498343396,1556346391024
4391,59.47028185169998,22.62796805637228,1556432791024
4391,59.46069064758308,22.637045438547723,1556519191024
4391,59.46617151495673,22.62322954540513,1556605591024
4391,59.45772391525895,22.62906474896799,1556691991024
4391,59.45307346817805,22.63182479604743,1556778391024
4488,59.452972999999986,22.622075,1556432791024
4488,59.451437086024555,22.61723220620568,1556519191024
4488,59.457286832532134,22.62283420408058,1556605591024
4488,59.45676457124543,22.62869127408389,1556691991024
4488,59.466610089497465,22.62191074493747,1556778391024
4488,59.46401301239092,22.61997932866665,1556864791024
4488,59.458206497290746,22.628035117745643,1556864799024
4488,59.46486809617352,22.629433917400977,1556951199024
4488,59.472252420393716,22.620857168666628,1557037599024
4488,59.46999805602354,22.618882866641343,1557123999024
4488,59.47070680575763,22.628312993856216,1557210399024
4488,59.46907705658967,22.627187491108092,1557296799024
4488,59.47275937022164,22.6189301169527,1557383199024
4488,59.47598332881449,22.62811817123923,1557469599024
4488,59.47616047281613,22.630682564580596,1557555999024
4488,59.47710258457414,22.635658341382097,1557642399024
4488,59.51391379836517,22.664339228059102,1557728799024
4501,59.452972999999986,22.622075,1556432791024
4501,59.457430516718205,22.627524913577144,1556519191024
4501,59.46089625103977,22.621929531304556,1556605591024
4501,59.45549461315386,22.6160251167098,1556691991024
4501,59.454436795547934,22.61081268050043,1556778391024
4501,59.45622379745072,22.60234392346162,1556864791024
4501,59.45325658469696,22.59685793427432,1556864799024
4501,59.45999717334132,22.594911149608578,1556951199024
4501,59.46040330167449,22.599326822549408,1557037599024
4501,59.46020132127256,22.60547658889943,1557123999024
4501,59.46437285247709,22.598297532129862,1557210399024
4501,59.46725736232324,22.60106795997605,1557296799024
4501,59.46580887795204,22.609101698991385,1557383199024
4501,59.463615085853064,22.606547548547287,1557469599024
4501,59.46726917363421,22.603146296371957,1557555999024
4501,59.44817935769166,22.61850794916872,1557642399024
4501,59.44239201284233,22.616543187329057,1557728799024
4554,59.452972999999986,22.622075,1556432791024
4554,59.45863663245774,22.624215184883727,1556519191024
4554,59.451851299106835,22.612427810201417,1556605591024
4554,59.44474793863981,22.61931586234222,1556691991024
4554,59.449813791152536,22.615026449881064,1556778391024
4554,59.4402446636044,22.607032263632483,1556864791024
4554,59.443470700727744,22.605639866288183,1556864799024
4554,59.44089113360553,22.60571082160675,1556951199024
4554,59.43461233911722,22.611894374266065,1557037599024
4554,59.44342864053482,22.609699073865016,1557123999024
4554,59.45603886956846,22.60785266839091,1557210399024
4554,59.457111021690935,22.602919390126768,1557296799024
4554,59.46545558385972,22.599664545928572,1557383199024
4554,59.45781999065454,22.596653096634995,1557469599024
4554,59.459110009487915,22.594994749288016,1557555999024
4554,59.45146534563801,22.59221543570091,1557642399024
4554,59.43847820124927,22.587605011226636,1557728799024
4590,59.452972999999986,22.622075,1556864799024
4590,59.45263910354686,22.61962329478118,1556951199024
4590,59.45319894188091,22.621656891622468,1557037599024
4590,59.45601276872759,22.62147933000065,1557123999024
4590,59.46223907134501,22.625178697336544,1557210399024
4590,59.46224394630295,22.631809392019527,1557296799024
4590,59.45170037711614,22.631987708185953,1557383199024
4590,59.448954482185314,22.625456069138927,1557469599024
4590,59.45763511023958,22.62598627548195,1557555999024
4590,59.45983836694694,22.63185400804275,1557642399024
4590,59.45533487253997,22.624277954952955,1557728799024
4590,59.463620266473185,22.62560940234242,1557815199024
4590,59.46703504764292,22.629469093730066,1557901599024
4590,59.459467865325166,22.632506482832305,1557987999024
4590,59.452215358152614,22.62910628920435,1558074399024
4625,59.452972999999986,22.622075,1556864799024
4625,59.451916380657224,22.625024577993656,1556951199024
4625,59.4600990241658,22.62392965023802,1557037599024
4625,59.45423482830728,22.618482689781175,1557123999024
4625,59.4441002814105,22.612204620262652,1557210399024
4625,59.44838156300551,22.62464649392357,1557296799024
4625,59.44681890987647,22.622226091748487,1557383199024
4625,59.442341879050815,22.619762841436312,1557469599024
4625,59.446180339975285,22.6222084492188,1557555999024
4625,59.455970718207766,22.624686523591617,1557642399024
4625,59.451212511950985,22.61750973281379,1557728799024
4625,59.44237754060504,22.610282992702473,1557815199024
4625,59.437121082520264,22.614436857771448,1557901599024
4625,59.436802945581235,22.62209936732441,1557987999024
4625,59.436960219843854,22.630863143780513,1558074399024
4639,59.452972999999986,22.622075,1556864799024
4639,59.4557713900509,22.622558144588943,1556951199024
4639,59.44938961895528,22.63099409757922,1557037599024
4639,59.44813587911855,22.628903466190085,1557123999024
4639,59.43571845423256,22.635397856778837,1557210399024
4639,59.440586285048255,22.637684356058497,1557296799024
4639,59.433219412886984,22.636841750771712,1557383199024
4639,59.43100360348296,22.639450447221517,1557469599024
4639,59.42767015182497,22.6283032332518,1557555999024
4639,59.419033412208194,22.621630563648836,1557642399024
4639,59.41863843694432,22.62060505620112,1557728799024
4639,59.41755011895128,22.621097635812554,1557815199024
4639,59.40497799582843,22.62515516439244,1557901599024
4639,59.39175610251297,22.62522396498526,1557987999024
4639,59.382851255434105,22.63764250808981,1558074399024
4667,59.452972999999986,22.622075,1559024791024
4667,59.455629359944,22.614960725310297,1559111191024
4667,59.45783085955338,22.61414634726172,1559197591024
4667,59.447402296798174,22.615153887815843,1559283991024
4667,59.438088171885,22.61874543166767,1559370391024
4667,59.435790300459075,22.617867036821348,1559456791024
4667,59.43770178004945,22.612698216648763,1559543191024
4667,59.44668599149523,22.61118364244242,1559629591024
4667,59.44578647087616,22.61424622369868,1559715991024
4667,59.44134659323862,22.614343251191983,1559802391024
4667,59.437435275261095,22.61595432175541,1559888791024
4667,59.449347398040146,22.620680774538087,1559975191024
4667,59.44968941210175,22.620830168976568,1560061591024
4667,59.44662488444334,22.626530426835192,1560147991024
4667,59.45274692982417,22.62539078979069,1560234391024
4751,59.452972999999986,22.622075,1559888791024
4751,59.45157535496355,22.618260973235184,1559975191024
4751,59.44660210212152,22.61767080625829,1560061591024
4751,59.451615560917986,22.61230899262091,1560147991024
4751,59.45587102047014,22.614647068439034,1560234391024
4751,59.45135287865628,22.617238794572213,1560320791024
4751,59.45645166794307,22.602874611507755,1560320799024
4751,59.45449349817568,22.60749458474703,1560407199024
4751,59.452168498926966,22.602676633424768,1560493599024
4751,59.45881517598775,22.597336399291425,1560579999024
4751,59.46155667866597,22.596807366593467,1560666399024
4751,59.4542414674317,22.59321827656128,1560752799024
4751,59.455675038664566,22.594567130913426,1560839199024
4751,59.455931384452015,22.599709580206778,1560925599024
4751,59.46654655364304,22.605258177325368,1561011999024
4751,59.46819823741106,22.617133033305564,1561098399024
4751,59.46882580438523,22.629156303792215,1561184799024
4871,59.452972999999986,22.622075,1560320799024
4871,59.444465897695096,22.62523236167959,1560407199024
4871,59.443120162865085,22.623383579030246,1560493599024
4871,59.44299516566838,22.6194731426398,1560579999024
4871,59.434155308064334,22.617419266137944,1560666399024
4871,59.445237698110446,22.612333641537376,1560752799024
4871,59.44319670241896,22.612785171156464,1560839199024
4871,59.4664726106235,22.612917628679984,1560925599024
4871,59.46877205102908,22.629109645708393,1561011999024
4871,59.46012770506823,22.637526765439677,1561098399024
4871,59.464209137614205,22.631162941328345,1561184799024
4871,59.4619974551793,22.633766315967716,1561271199024
4871,59.45559730997016,22.640658632854983,1561357599024
4871,59.45264028012903,22.639766089711703,1561443999024
4871,59.44616653207606,22.640761161083816,1561530399024
4871,59.43497060743897,22.641788489326643,1561616791024
4877,59.452972999999986,22.622075,1560320799024
4877,59.45547091313557,22.61575127814,1560407199024
4877,59.461617327106666,22.6211740148129,1560493599024
4877,59.477216326795286,22.616705577299996,1560579999024
4877,59.48120349017455,22.61481035332623,1560666399024
4877,59.48123787916643,22.62832202592765,1560752799024
4877,59.4937025609743,22.577382255616293,1560839199024
4877,59.50270811240816,22.573623643595116,1560925599024
4877,59.49975315802851,22.57883628525305,1561011999024
4877,59.50225848407592,22.574559037677133,1561098399024
4877,59.500188015867934,22.561005604382867,1561184799024
4877,59.4914272407315,22.57329307958291,1561271199024
4877,59.48729430696932,22.579581975406818,1561357599024
4877,59.48463298022452,22.585444834609092,1561443999024
4877,59.4762547158048,22.58878706344379,1561530399024
4877,59.47239213339384,22.57489628561185,1561616791024
4880,59.452972999999986,22.622075,1560320799024
4880,59.4629520689972,22.620068230840953,1560407199024
4880,59.47506301046019,22.615773678416087,1560493599024
4880,59.471605860284825,22.625368716706244,1560579999024
4880,59.46619061570266,22.63011064156727,1560666399024
4880,59.47708125171624,22.634234960570215,1560752799024
4880,59.49145872758655,22.588733148718617,1560839199024
4880,59.50111272242592,22.587032436091885,1560925599024
4880,59.517792136104646,22.583622347876563,1561011999024
4880,59.51248273276951,22.574799986713312,1561098399024
4880,59.501805919937,22.575655634038856,1561184799024
4880,59.50499135479086,22.569516193382366,1561271199024
4880,59.50870153011209,22.567584765511295,1561357599024
4880,59.518613137620605,22.565403197347347,1561443999024
4880,59.52020421221073,22.581800023918824,1561530399024
4880,59.51994032093364,22.58322570358665,1561616791024
4894,59.452972999999986,22.622075,1560320799024
4894,59.460686797368425,22.621577019418957,1560407199024
4894,59.466597976976914,22.628119361213457,1560493599024
4894,59.46431398345083,22.64154739226094,1560579999024
4894,59.47453123287073,22.64774913468877,1560666399024
4894,59.47533130537607,22.64782025894785,1560752799024
4894,59.48599220434812,22.653727641118213,1560839199024
4894,59.508511739819454,22.60759539484181,1560925599024
4894,59.50506465655434,22.61620252481023,1561011999024
4894,59.4966377772198,22.616334468906647,1561098399024
4894,59.487897122988414,22.61991037214816,1561184799024
4894,59.489977234174034,22.62333389077203,1561271199024
4894,59.53566318698009,22.573808240739876,1561357599024
4894,59.52881878939576,22.57038010963414,1561443999024
4894,59.51967402135719,22.56466128781059,1561530399024
4894,59.52291448082781,22.5512984241091,1561616791024
4903,59.452972999999986,22.622075,1560320799024
4903,59.4569044692816,22.622873230218836,1560407199024
4903,59.454194577747046,22.622111012915436,1560493599024
4903,59.443832016535254,22.6165988759624,1560579999024
4903,59.4492444384442,22.61528961660315,1560666399024
4903,59.43693554788624,22.62018174952338,1560752799024
4903,59.43245843025338,22.616571754758994,1560839199024
4903,59.43273767909372,22.61326896916755,1560925599024
4903,59.44564170293688,22.604945349892567,1561011999024
4903,59.45093084648042,22.601199762353968,1561098399024
4903,59.45431812161945,22.603446562341897,1561184799024
4903,59.44529487785161,22.598886752403395,1561271199024
4903,59.44223567968842,22.600055194724767,1561357599024
4903,59.44188902364303,22.60544736136208,1561443999024
4903,59.43875310064914,22.610164886541497,1561530399024
4903,59.42785858582158,22.60388444396279,1561616791024
4907,59.452972999999986,22.622075,1560320799024
4907,59.453489740945,22.61067592549534,1560407199024
4907,59.45961508798743,22.62541943807166,1560493599024
4907,59.458125815688874,22.61924902489391,1560579999024
4907,59.44702706409379,22.624910736193932,1560666399024
4907,59.4436616937885,22.61720222834998,1560752799024
4907,59.43628783800554,22.617899038564985,1560839199024
4907,59.43711541583008,22.629912534904875,1560925599024
4907,59.43287372138121,22.632303376874145,1561011999024
4907,59.430205909048595,22.633724592936428,1561098399024
4907,59.43491867855781,22.62689598038933,1561184799024
4907,59.4434978825243,22.62965827329831,1561271199024
4907,59.44618393256883,22.631497001932367,1561357599024
4907,59.44478445288331,22.63060329093979,1561443999024
4907,59.44460905780804,22.631118994638065,1561530399024
4907,59.45229016755164,22.63261925553357,1561616791024
4941,59.452972999999986,22.622075,1560320799024
4941,59.45639324092758,22.63144216262784,1560407199024
4941,59.45952700784247,22.63940954194227,1560493599024
4941,59.44607926893681,22.635238234098395,1560579999024
4941,59.43784961209701,22.63271806405156,1560666399024
4941,59.45285189112701,22.623612756853596,1560752799024
4941,59.45953432941138,22.6349743114198,1560839199024
4941,59.46234941264768,22.63893180926291,1560925599024
4941,59.46324967047207,22.635026492549585,1561011999024
4941,59.46161737361234,22.62376431855407,1561098399024
4941,59.46588175560257,22.62194109259618,1561184799024
4941,59.46781702561248,22.62957874714879,1561271199024
4941,59.471364243601585,22.616067327583224,1561357599024
4941,59.480986849485674,22.612602303992748,1561443999024
4941,59.482429878644666,22.61570476022869,1561530399024
4941,59.485307888050386,22.60662870600005,1561616791024
4973,59.452972999999986,22.622075,1561616791024
4973,59.44644427816087,22.61368737469615,1561703191024
4973,59.43700096123271,22.61411511908165,1561789591024
4973,59.43148757138397,22.61664512555263,1561875991024
4973,59.42101347388996,22.618781991716418,1561962391024
4973,59.41772797340991,22.60926947629497,1562048791024
4973,59.41850599741585,22.609022663035837,1562048799024
4973,59.425249726044115,22.605382551392005,1562135199024
4973,59.42437752298014,22.606923588445127,1562221599024
4973,59.42888408118645,22.6091228041325,1562307999024
4973,59.41788794543399,22.60275678298249,1562394399024
4973,59.4160102225959,22.606715978879564,1562480799024
4973,59.412858638932136,22.60470106124147,1562567199024
4973,59.409780877628435,22.61211024100672,1562653599024
4973,59.42561903753312,22.619351157028643,1562739999024
4973,59.41842186887152,22.6148756514954,1562826399024
4973,59.42186830453045,22.61805948989532,1562912799024
4973,59.424963571080184,22.61982166526941,1562999199024
5000,59.452972999999986,22.622075,1561616791024
5000,59.434135545477346,22.625652689311817,1561703191024
5000,59.43758761953944,22.61003742812971,1561789591024
5000,59.43351796475406,22.61237986187356,1561875991024
5000,59.44051532976391,22.631458445864688,1561962391024
5000,59.427462282892066,22.624431923413255,1562048791024
5000,59.43369580126037,22.626414756281303,1562048799024
5000,59.424125077025536,22.62193198323216,1562135199024
5000,59.42483230975637,22.614625329363896,1562221599024
5000,59.42528483834775,22.626296852688498,1562307999024
5000,59.4343408033989,22.628661704126426,1562394399024
5000,59.43014901293907,22.632814593924945,1562480799024
5000,59.43805987969307,22.629079750459297,1562567199024
5000,59.432014999065814,22.636220183398212,1562653599024
5000,59.44881666837679,22.65294417005935,1562739999024
5000,59.453414370908746,22.647085153852434,1562826399024
5000,59.45715764240228,22.64504176082398,1562912799024
5000,59.4510686720709,22.63295535394691,1562999199024
5099,59.452972999999986,22.622075,1562048799024
5099,59.45328175791482,22.62315530366267,1562135199024
5099,59.45790808608078,22.617748358402135,1562221599024
5099,59.45353696395418,22.618008459811033,1562307999024
5099,59.45936104403927,22.615747645887296,1562394399024
5099,59.45780049672905,22.606196734417665,1562480799024
5099,59.46488635586692,22.609492971370894,1562567199024
5099,59.45729461045215,22.610726333996553,1562653599024
5099,59.45235101026955,22.619964306731692,1562739999024
5099,59.462053105571215,22.619630238645723,1562826399024
5099,59.462722725180754,22.616395341189712,1562912799024
5099,59.451697075896305,22.63076734635943,1562999199024
5099,59.44178217809264,22.633989174690942,1563085599024
5099,59.44541237108655,22.635518470396732,1563171999024
5099,59.44437671294028,22.632880737341853,1563258399024
5099,59.43203118634926,22.630072512653697,1563344799024
5099,59.42406415371039,22.638691988698856,1563431199024
5100,59.452972999999986,22.622075,1562048799024
5100,59.46873047275287,22.61946343464515,1562135199024
5100,59.45794220324382,22.617652258079794,1562221599024
5100,59.46040886429074,22.627993968425248,1562307999024
5100,59.44134751316699,22.623484076388312,1562394399024
5100,59.43804932480967,22.622406273152617,1562480799024
5100,59.45433745476194,22.629332434322723,1562567199024
5100,59.46675649564355,22.629712644174337,1562653599024
5100,59.472498144527435,22.620431459966724,1562739999024
5100,59.47364573229544,22.62761243773708,1562826399024
5100,59.477769646950975,22.630287116474666,1562912799024
5100,59.5450793336544,22.547107776252066,1562999199024
5100,59.53513649074441,22.54315553940102,1563085599024
5100,59.53833481101793,22.55715854777401,1563171999024
5100,59.547854909518975,22.5513257251673,1563258399024
5100,59.55276955067063,22.54975650685092,1563344799024
5100,59.54257505935783,22.548121694135915,1563431199024
5203,59.452972999999986,22.622075,1565936791024
5203,59.45181587302349,22.616756155341974,1566023191024
5203,59.44564334765366,22.605334618806317,1566109591024
5203,59.45201019475604,22.614539968789224,1566195991024
5203,59.447833590134934,22.60730280175754,1566282391024
5203,59.45788547212004,22.608213715385396,1566368791024
5203,59.44595741779534,22.594599187883276,1566368799024
5203,59.44146213549382,22.591447724935804,1566455199024
5203,59.4386016994784,22.58849798973682,1566541599024
5203,59.44564844011256,22.584484759587937,1566627999024
5203,59.438696839386296,22.579480905204218,1566714399024
5203,59.43780493443791,22.585831192432064,1566800791024
5203,59.43802254002722,22.5756806270844,1566887191024
5203,59.43030355474178,22.581727171913673,1566973591024
5203,59.43735081071043,22.59166390599255,1567059991024
5203,59.449099332426954,22.586622544582593,1567146391024
5203,59.444775644711,22.58578232424168,1567232791024
5203,59.45082580983092,22.588137567085695,1567319191024
5259,59.452972999999986,22.622075,1565936791024
5259,59.45956344396734,22.62241058575145,1566023191024
5259,59.459182877471534,22.615528653040716,1566109591024
5259,59.468099109245344,22.613386614984428,1566195991024
5259,59.47022352472379,22.607413850930424,1566282391024
5259,59.47832333306792,22.612813736815177,1566368791024
5259,59.491525974207775,22.61087675473249,1566368799024
5259,59.4907401355166,22.61283676289881,1566455199024
5259,59.485744735957354,22.615918406640738,1566541599024
5259,59.485656032806105,22.61099363081781,1566627999024
5259,59.4955026398157,22.6035882677088,1566714399024
5259,59.491468371933394,22.5984537618177,1566800791024
5259,59.49356428978027,22.606143612253184,1566887191024
5259,59.4849844705941,22.60637920136376,1566973591024
5259,59.49179747766999,22.598710960412195,1567059991024
5259,59.48170969203565,22.594283415008626,1567146391024
5259,59.48145042583508,22.590476278080683,1567232791024
5259,59.477492689933285,22.591194785714,1567319191024
5259,59.47747699101001,22.59508168532378,1567405591024
5321,59.452972999999986,22.622075,1566368799024
5321,59.44636513378191,22.61707973277585,1566455199024
5321,59.45468798169185,22.61818786784981,1566541599024
5321,59.456681916078935,22.62300013075286,1566627999024
5321,59.44977615341969,22.625074788935287,1566714399024
5321,59.44697695994199,22.635835153193,1566800791024
5321,59.45074154922355,22.62308742758432,1566887191024
5321,59.45125296074053,22.622110189998352,1566973591024
5321,59.458006927670425,22.63368192183175,1567059991024
5321,59.46119679060567,22.62478501895256,1567146391024
5321,59.45611487031911,22.623022689317725,1567232791024
5321,59.46239239418352,22.623003062182487,1567319191024
5321,59.460162207123574,22.622624598870345,1567405591024
5321,59.47155601343215,22.63457318134628,1567491991024
5343,59.452972999999986,22.622075,1566368799024
5343,59.45047838135755,22.625054757451142,1566455199024
5343,59.44916645796519,22.61870710571166,1566541599024
5343,59.44858022047933,22.61587768155036,1566627999024
5343,59.43429248918582,22.612396142010148,1566714399024
5343,59.44377387970653,22.618993660306305,1566800791024
5343,59.43966054219399,22.627236184282484,1566887191024
5343,59.44227242325451,22.629081123934867,1566973591024
5343,59.43813264124134,22.633702637342196,1567059991024
5343,59.43993228840591,22.63583753721582,1567146391024
5343,59.43091527045098,22.633883542437,1567232791024
5343,59.43630005957567,22.63661811899483,1567319191024
5343,59.445456386404146,22.6366436921278,1567405591024
5343,59.44319042057273,22.63058212649686,1567491991024
5359,59.452972999999986,22.622075,1566368799024
5359,59.46038702048713,22.61990082137668,1566455199024
5359,59.45466684093515,22.6092535362404,1566541599024
5359,59.45568262785599,22.600956771346578,1566627999024
5359,59.448629296892534,22.60449764636221,1566714399024
5359,59.44896219189815,22.592590067426777,1566800791024
5359,59.454880787313726,22.594536000173175,1566887191024
5359,59.45811859417347,22.604628173929203,1566973591024
5359,59.44421765914728,22.602255933237565,1567059991024
5359,59.44092545837077,22.603243767210955,1567146391024
5359,59.444640093746415,22.59775538819503,1567232791024
5359,59.43448068500612,22.601898637221648,1567319191024
5359,59.439504226434536,22.61358591739316,1567405591024
5359,59.45388484197622,22.610551204249383,1567491991024
5359,59.454215066873985,22.606064554760675,1567578391024
5363,59.452972999999986,22.622075,1566368799024
5363,59.452913456829435,22.62353894414447,1566455199024
5363,59.452623794590494,22.627062497371032,1566541599024
5363,59.45471370759128,22.63008688140549,1566627999024
5363,59.461569254794824,22.630970340752025,1566714399024
5363,59.46669470026765,22.626777132602143,1566800791024
5363,59.46648369390482,22.62724452681618,1566887191024
5363,59.48241986602301,22.624412051966,1566973591024
5363,59.50745121377568,22.604398518029953,1567059991024
5363,59.501966240231894,22.599998248324063,1567146391024
5363,59.499144094832445,22.59453402078226,1567232791024
5363,59.505423154118745,22.587607770474783,1567319191024
5363,59.51222572598931,22.592195837452717,1567405591024
5363,59.513145264783304,22.591790366451622,1567491991024
5363,59.5198545224863,22.59787531276982,1567578391024
5453,59.452972999999986,22.622075,1566800791024
5453,59.447744152335645,22.617862314142428,1566887191024
5453,59.46210624091046,22.630345144695987,1566973591024
5453,59.45573916600824,22.63131418131725,1567059991024
5453,59.44861099566245,22.622471096390257,1567146391024
5453,59.45023796773822,22.621139592233845,1567232791024
5453,59.44934164233183,22.624448397127058,1567319191024
5453,59.45415810136552,22.631909239282887,1567405591024
5453,59.44324286496857,22.631436441790992,1567491991024
5453,59.445636143539474,22.64266060753913,1567578391024
5453,59.446901394751706,22.649879740440262,1567664791024
5453,59.45458203531098,22.646507678487193,1567751191024
5453,59.4584942757798,22.647308913834035,1567837591024
5453,59.45540645556977,22.651519321071348,1567923991024
5453,59.45793652347737,22.649106333282493,1568010391024
5478,59.452972999999986,22.622075,1566800791024
5478,59.449983718173144,22.620532606553,1566887191024
5478,59.436904916651685,22.61756015201443,1566973591024
5478,59.43450774298012,22.622181873473252,1567059991024
5478,59.4353396468446,22.618561544205363,1567146391024
5478,59.42713042275702,22.618872138768204,1567232791024
5478,59.42715891214394,22.61031102445963,1567319191024
5478,59.435857863038166,22.617119196973434,1567405591024
5478,59.43340673585908,22.61654526989813,1567491991024
5478,59.43635789307493,22.61774142234227,1567578391024
5478,59.43503871988679,22.623528611913283,1567664791024
5478,59.432369840806444,22.61256814789013,1567751191024
5478,59.43801637338157,22.61458597478173,1567837591024
5478,59.445791597787206,22.62816454308993,1567923991024
5478,59.44773526606724,22.62167637370848,1568010391024
5502,59.452972999999986,22.622075,1568096789024
5502,59.44803881340425,22.623966802687093,1568183189024
5502,59.44761886235534,22.62980011132031,1568269589024
5502,59.45206216706168,22.631433797250292,1568355989024
5502,59.44591744173988,22.626557037286055,1568442389024
5502,59.43746569156371,22.62811534243988,1568528789024
5502,59.43911763422608,22.61562590013056,1568615189024
5502,59.43874591216087,22.613398912866625,1568701589024
5502,59.43456066319053,22.60988392746517,1568787989024
5502,59.44231425602624,22.60774327559097,1568874389024
5502,59.434918644368054,22.607100549109212,1568960789024
5502,59.442293017601855,22.597943831593245,1569047189024
5502,59.434132017087904,22.588216190153094,1569133589024
5502,59.43571346559099,22.589002676290967,1569219989024
5502,59.435476138573165,22.60091313634206,1569306389024
5535,59.452972999999986,22.622075,1568096789024
5535,59.45461984065776,22.612313579854497,1568183189024
5535,59.45509808786542,22.614101165691046,1568269589024
5535,59.45097777780387,22.60990305426845,1568355989024
5535,59.44828397885067,22.6056609052894,1568442389024
5535,59.45072808872004,22.610741920359793,1568528789024
5535,59.454379438315755,22.604399650259513,1568615189024
5535,59.450359935027734,22.609386486721174,1568701589024
5535,59.44930605167556,22.600630469171733,1568787989024
5535,59.44617265035498,22.592602028524855,1568874389024
5535,59.448601577261,22.60249375193562,1568960789024
5535,59.449700619840485,22.60138084438112,1569047189024
5535,59.44487151042978,22.59246580918849,1569133589024
5535,59.44600223490005,22.58698085298461,1569219989024
5535,59.45263761077584,22.582325811923575,1569306389024
5535,59.44865224196607,22.5805157119754,1569392789024
5597,59.452972999999986,22.622075,1569824799024
5597,59.44816433443381,22.625646905841823,1569911199024
5597,59.458970671231896,22.625680819276532,1569997599024
5597,59.4642671892106,22.625226540663235,1570083999024
5597,59.46488403927873,22.61860492045956,1570170399024
5597,59.45519513473306,22.61473140552592,1570256799024
5597,59.45128237509758,22.609114806326193,1570343199024
5597,59.45338462562427,22.610058342606074,1570429599024
5597,59.4450293804787,22.60698766988096,1570515999024
5597,59.45092379945888,22.593300915116643,1570602399024
5597,59.44912549377284,22.5979725834234,1570688799024
5597,59.45392281555306,22.593452955657003,1570775199024
5597,59.4498676270548,22.596160995976852,1570861599024
5597,59.44676516283505,22.596122280523986,1570947999024
5597,59.43892653123626,22.598758286020793,1571034399024
5671,59.452972999999986,22.622075,1569824799024
5671,59.45100576963327,22.617597482507456,1569911199024
5671,59.44463975081706,22.622012133689186,1569997599024
5671,59.44406956307216,22.630969523222728,1570083999024
5671,59.43902915525797,22.62104529144899,1570170399024
5671,59.43964019174129,22.631277578664,1570256799024
5671,59.45328931896787,22.626804302035428,1570343199024
5671,59.457805907678505,22.629981143711824,1570429599024
5671,59.45475214391789,22.633070746160374,1570515999024
5671,59.45332577818664,22.62635173295964,1570602399024
5671,59.44887410891255,22.631952045957227,1570688799024
5671,59.4460102426541,22.636137816114985,1570775199024
5671,59.444540392443685,22.631061233434004,1570861599024
5671,59.45299241728708,22.623619677327973,1570947999024
5671,59.44310004209987,22.619924156477783,1571034399024
5687,59.452972999999986,22.622075,1571120911024
5687,59.45663107411963,22.61899671859941,1571207311024
5687,59.45058394403256,22.614020030392528,1571293711024
5687,59.4470033782743,22.61788478689735,1571380111024
5687,59.45201094859928,22.626071500843704,1571466511024
5687,59.462973780513465,22.63421328864325,1571552911024
5687,59.46486131567204,22.630170053797137,1571552939024
5687,59.465713557813274,22.619570179290047,1571639339024
5687,59.46459612893369,22.61959874783388,1571725739024
5687,59.4598154500801,22.624213419323222,1571812139024
5687,59.46622910719876,22.624521998192304,1571898539024
5687,59.46149729958529,22.621671445108497,1571984939024
5687,59.451493943911856,22.621338887063686,1571984971024
5687,59.44776783125826,22.61741295957257,1572071371024
5687,59.442455258042855,22.614997986667262,1572157771024
5687,59.45308445179165,22.617323741371944,1572244171024
5687,59.455081230794065,22.60638265253345,1572330571024
5687,59.4547788528792,22.606364693470944,1572416971024
5709,59.452972999999986,22.622075,1571120911024
5709,59.454016059140855,22.616019935526975,1571207311024
5709,59.45446352170589,22.60808640958308,1571293711024
5709,59.46258041004103,22.613713823646673,1571380111024
5709,59.467784270899415,22.62130721315593,1571466511024
5709,59.47026825674794,22.617094600663695,1571552911024
5709,59.4637953054102,22.626090208093157,1571552939024
5709,59.45948459987059,22.62921490770579,1571639339024
5709,59.461870209778255,22.63575132898423,1571725739024
5709,59.46573110041831,22.63624998406789,1571812139024
5709,59.46594544026675,22.644112833579893,1571898539024
5709,59.46829573820901,22.650300222602553,1571984939024
5709,59.45588865646346,22.660629918183,1571984971024
5709,59.45097261032666,22.660381850937164,1572071371024
5709,59.44632598765011,22.65422061154468,1572157771024
5709,59.45422767635648,22.649841470401963,1572244171024
5709,59.451357953013485,22.65096817780511,1572330571024
5709,59.45530919572337,22.65539029489919,1572416971024
5817,59.452972999999986,22.622075,1571552939024
5817,59.45088201217064,22.61084618244636,1571639339024
5817,59.45926488245874,22.608398774099545,1571725739024
5817,59.45685902062024,22.606258216260585,1571812139024
5817,59.45691017514372,22.614829472195865,1571898539024
5817,59.468168316305565,22.614444247042133,1571984939024
5817,59.46940505696904,22.617247928622735,1571984971024
5817,59.4891151705645,22.619091140877433,1572071371024
5817,59.492152323039534,22.611153436937705,1572157771024
5817,59.49274568689961,22.61213646451461,1572244171024
5817,59.494213759068174,22.615352339345144,1572330571024
5817,59.488321296544854,22.622839792439265,1572416971024
5817,59.47933179652625,22.542588643616885,1572503371024
5817,59.48362745100809,22.54471081025072,1572589771024
5817,59.48300346183652,22.542052666450143,1572676171024
5817,59.47439842558555,22.53803280366656,1572762571024
5859,59.452972999999986,22.622075,1571984971024
5859,59.45310125436498,22.62273275169288,1572071371024
5859,59.45677601652241,22.618514138023563,1572157771024
5859,59.45909299887319,22.63144092032052,1572244171024
5859,59.46556779110924,22.637115939928343,1572330571024
5859,59.46107374427265,22.640461849116708,1572416971024
5859,59.46001881306955,22.650503568061392,1572503371024
5859,59.46692844423811,22.655564274838845,1572589771024
5859,59.45856315199791,22.648825536421445,1572676171024
5859,59.449823099883304,22.63898153915401,1572762571024
5859,59.447210146043574,22.63891469941808,1572848971024
5859,59.447715843463016,22.64370863788692,1572935371024
5859,59.44552407036238,22.644924109274992,1573021771024
5859,59.433418428349256,22.643221258049056,1573108171024
5859,59.43983227666132,22.63998810835664,1573194571024
5887,59.452972999999986,22.622075,1571984971024
5887,59.44590047128952,22.626880216826617,1572071371024
5887,59.441263672917785,22.627709838594168,1572157771024
5887,59.44815311818002,22.62713953934533,1572244171024
5887,59.45338202442113,22.632361692542755,1572330571024
5887,59.450755321602514,22.62639639800008,1572416971024
5887,59.44289882725343,22.631131562188457,1572503371024
5887,59.44749062256275,22.63451899599969,1572589771024
5887,59.457355762626605,22.625582695087303,1572676171024
5887,59.46148982293724,22.62916034799369,1572762571024
5887,59.46541489194925,22.62029951698195,1572848971024
5887,59.46089641821456,22.6189152590548,1572935371024
5887,59.45848805790851,22.61775988123652,1573021771024
5887,59.45836045638748,22.617234289836514,1573108171024
5887,59.45677511206395,22.62072402757035,1573194571024
5900,59.452972999999986,22.622075,1571984971024
5900,59.466440267992624,22.63030069066346,1572071371024
5900,59.46786590157194,22.62604051649714,1572157771024
5900,59.461494782589,22.627800412487655,1572244171024
5900,59.454552615465246,22.636980805248363,1572330571024
5900,59.454123086561026,22.629148383975128,1572416971024
5900,59.45140360220029,22.627292714858932,1572503371024
5900,59.4483321896935,22.636983652537932,1572589771024
5900,59.44815387534749,22.6237540186552,1572676171024
5900,59.452624625975375,22.628321160518713,1572762571024
5900,59.45618237442977,22.629688701470325,1572848971024
5900,59.45401124147707,22.625084227776647,1572935371024
5900,59.44531437023056,22.628047460111283,1573021771024
5900,59.43823886309275,22.620908200514194,1573108171024
5900,59.440213408830715,22.61731639884246,1573194571024
5922,59.452972999999986,22.622075,1571984971024
5922,59.460857733443845,22.607904773997216,1572071371024
5922,59.45411927023585,22.611156475689253,1572157771024
5922,59.455536488570914,22.609694362688447,1572244171024
5922,59.457743482723515,22.61473253743579,1572330571024
5922,59.45131561621454,22.607055657089436,1572416971024
5922,59.454340116983786,22.60185867820934,1572503371024
5922,59.45229087474115,22.600907337382303,1572589771024
5922,59.452033729739384,22.60439410576405,1572676171024
5922,59.455123704012635,22.60783014708311,1572762571024
5922,59.46125976373333,22.60351381658016,1572848971024
5922,59.460734895403306,22.607896785414415,1572935371024
5922,59.45718297312598,22.60834685452009,1573021771024
5922,59.46159816635404,22.604966780832843,1573108171024
5922,59.45888226279399,22.61446460770173,1573194571024
5933,59.452972999999986,22.622075,1571984971024
5933,59.4472968011892,22.616904315202113,1572071371024
5933,59.447138746243525,22.606577167760246,1572157771024
5933,59.44323378089817,22.61104507505416,1572244171024
5933,59.43523071505959,22.621007909818083,1572330571024
5933,59.436471765858585,22.627533274358782,1572416971024
5933,59.4245605695595,22.628686038486418,1572503371024
5933,59.42751570225994,22.63091715492568,1572589771024
5933,59.417406684758475,22.64194520200508,1572676171024
5933,59.412551500617326,22.64318442699798,1572762571024
5933,59.413600420745155,22.64479829985104,1572848971024
5933,59.42088766822167,22.650863754773766,1572935371024
5933,59.422172395661846,22.63324533846343,1573021771024
5933,59.41879560800834,22.624736634962133,1573108171024
5933,59.430216859293296,22.628347663166156,1573194571024
5948,59.452972999999986,22.622075,1574145099024
5948,59.45485228661752,22.62883662619645,1574231499024
5948,59.452261842768195,22.623763929317377,1574317899024
5948,59.44704244104315,22.626976278995865,1574404299024
5948,59.44010693554313,22.6298239995595,1574490699024
5948,59.43632849540862,22.63265114365288,1574577099024
5948,59.43359816900943,22.62679767753269,1574663499024
5948,59.42850039488411,22.624010166246364,1574749899024
5948,59.43083466740998,22.6073992990396,1574836299024
5948,59.43922971416325,22.61637739591052,1574922699024
5948,59.443886020970695,22.62278900901323,1575009099024
5948,59.43656315434493,22.612718225834865,1575095499024
5948,59.43025394211358,22.611376689294804,1575181899024
5948,59.44417802407594,22.61886154862351,1575268299024
5948,59.43835688704107,22.627307337534734,1575354699024
5948,59.45074785849545,22.62257014767679,1575441099024
5971,59.452972999999986,22.622075,1574145099024
5971,59.458271601457426,22.624653408019025,1574231499024
5971,59.45493334730753,22.631494232974884,1574317899024
5971,59.45592655696149,22.644193282481055,1574404299024
5971,59.466086610784544,22.641271366090496,1574490699024
5971,59.46856439585102,22.636629202188445,1574577099024
5971,59.46421541250555,22.641542751093866,1574663499024
5971,59.46085459609458,22.643462596947867,1574749899024
5971,59.448274807915425,22.63348626340147,1574836299024
5971,59.45677220230601,22.64403763990642,1574922699024
5971,59.45887032369277,22.65941524679127,1575009099024
5971,59.463479347509576,22.661949134192675,1575095499024
5971,59.47037782256973,22.650441066911252,1575181899024
5971,59.46803075193128,22.643669904332572,1575268299024
5971,59.45929741758502,22.650160791460415,1575354699024
5971,59.45046399668735,22.65918003441657,1575441099024
6013,59.452972999999986,22.622075,1574145099024
6013,59.45652652865496,22.625429058099865,1574231499024
6013,59.465758383304944,22.62231897529579,1574317899024
6013,59.46961016856426,22.61690166078434,1574404299024
6013,59.4631319130504,22.614094388994346,1574490699024
6013,59.46696091317256,22.61768981412161,1574577099024
6013,59.47023572914486,22.61375293806478,1574663499024
6013,59.46696866128485,22.608378659677417,1574749899024
6013,59.46145338302196,22.6150261592052,1574836299024
6013,59.46746420304311,22.620797112648265,1574922699024
6013,59.47367936371603,22.623123294773944,1575009099024
6013,59.47655714094219,22.63855950300721,1575095499024
6013,59.471858607026775,22.637827086516495,1575181899024
6013,59.46783118453325,22.633663781587533,1575268299024
6013,59.46881794156232,22.627428653551725,1575354699024
6013,59.47493086851375,22.626990407185737,1575441099024
6064,59.452972999999986,22.622075,1576305171024
6064,59.445701169846586,22.623091361055614,1576391571024
6064,59.44985262464985,22.632325834286323,1576477971024
6064,59.447361408313185,22.639127423927725,1576564371024
6064,59.4482216682369,22.62727386808806,1576650771024
6064,59.435052900303134,22.624262259915273,1576737171024
6064,59.43292582914808,22.62222299022925,1576823571024
6064,59.43040892391542,22.61568260657112,1576909971024
6064,59.427199010279594,22.62630909874425,1576996371024
6064,59.419998625960915,22.62204392048692,1577082771024
6064,59.420122076479686,22.62068566900829,1577169171024
6064,59.42787896565926,22.623468645165,1577255571024
6064,59.41368249471486,22.617988362351923,1577341971024
6064,59.41064819342313,22.61604006226352,1577428371024
6064,59.41147837452306,22.616208741453736,1577514771024
6074,59.452972999999986,22.622075,1576305171024
6074,59.45297722760978,22.629651622813103,1576391571024
6074,59.44896871110828,22.63692315624758,1576477971024
6074,59.44655724428392,22.634389030992207,1576564371024
6074,59.460939932903585,22.63215471351682,1576650771024
6074,59.46268704620471,22.630085600684836,1576737171024
6074,59.46254146754217,22.62482061607275,1576823571024
6074,59.453647899647706,22.624903767988517,1576909971024
6074,59.44738163859421,22.62602651430017,1576996371024
6074,59.450033517379325,22.621294716213615,1577082771024
6074,59.44933480273673,22.62097134873263,1577169171024
6074,59.44422964757558,22.60982872249472,1577255571024
6074,59.44796621100557,22.605357888167823,1577341971024
6074,59.4531552400114,22.591811138509165,1577428371024
6074,59.45431772513058,22.592155126767747,1577514771024
6095,59.452972999999986,22.622075,1576305171024
6095,59.46144274743378,22.61919874187639,1576391571024
6095,59.46325414094582,22.62506170077215,1576477971024
6095,59.44895760639773,22.617584321259933,1576564371024
6095,59.445799556203696,22.610600706515676,1576650771024
6095,59.43682709005412,22.602947118765773,1576737171024
6095,59.44660840357244,22.6057176815609,1576823571024
6095,59.44814189620163,22.596250316197978,1576909971024
6095,59.451738419180174,22.588698515622475,1576996371024
6095,59.4590609185158,22.579020653174144,1577082771024
6095,59.4629953309867,22.580457762213204,1577169171024
6095,59.46424281095841,22.57765371984119,1577255571024
6095,59.46163067132389,22.577524549620662,1577341971024
6095,59.45169534226727,22.56675634343726,1577428371024
6095,59.4553276906494,22.56836145070356,1577514771024
6095,59.44575138868464,22.56410665818389,1577601171024
6113,59.452972999999986,22.622075,1576305171024
6113,59.44571164531919,22.616401108631493,1576391571024
6113,59.459935995559675,22.618897680232955,1576477971024
6113,59.46579201515675,22.62236147867616,1576564371024
6113,59.47206569545384,22.60731019307052,1576650771024
6113,59.461003511048204,22.602816155249613,1576737171024
6113,59.46180932878636,22.6023665659137,1576823571024
6113,59.45857914466302,22.598189839633513,1576909971024
6113,59.46224763242719,22.5967133982834,1576996371024
6113,59.4663418327068,22.589893968346065,1577082771024
6113,59.45607188889082,22.597552659534728,1577169171024
6113,59.453393675962275,22.605601269209927,1577255571024
6113,59.45144804559678,22.60475223240607,1577341971024
6113,59.452385413880705,22.60235065983244,1577428371024
6113,59.4535555512889,22.601799118718812,1577514771024
6113,59.448394221276,22.608211574947703,1577601171024
6133,59.452972999999986,22.622075,1576305171024
6133,59.45504627169248,22.620497547338353,1576391571024
6133,59.46069164725702,22.631402407107945,1576477971024
6133,59.46417017630799,22.633625467367395,1576564371024
6133,59.464472933637694,22.64400468607604,1576650771024
6133,59.46050019483147,22.646173918116396,1576737171024
6133,59.46867247781637,22.641006279395132,1576823571024
6133,59.4741598388521,22.64373134806145,1576909971024
6133,59.482340124994835,22.644644008104727,1576996371024
6133,59.51480877161964,22.580796327870967,1577082771024
6133,59.516921388419405,22.58151710005491,1577169171024
6133,59.52100080267803,22.574876771229125,1577255571024
6133,59.51484954791266,22.569181755443065,1577341971024
6133,59.51016177329325,22.567340544795012,1577428371024
6133,59.50827942411078,22.570112999319356,1577514771024
6133,59.50032499385165,22.57215314735434,1577601171024
6147,59.452972999999986,22.622075,1579329129024
6147,59.446372680309594,22.621864405602697,1579415529024
6147,59.44002117419899,22.6265592432839,1579501929024
6147,59.43137351953965,22.641474202518825,1579588329024
6147,59.43108116846412,22.638786273739413,1579674729024
6147,59.421145789362754,22.63558786693267,1579761129024
6147,59.419053671933,22.6274233239091,1579847529024
6147,59.4145151315432,22.638325302429035,1579933929024
6147,59.415549108197354,22.638792678614134,1580020329024
6147,59.41847211843259,22.64091200324752,1580106729024
6147,59.41295419187321,22.63474235647741,1580193129024
6147,59.42484770926538,22.640970295575546,1580279529024
6147,59.43955101953145,22.65000552421531,1580365929024
6147,59.43405373656094,22.649491526704605,1580452329024
6147,59.42577388932014,22.646167274980947,1580538729024
6147,59.41684871238565,22.637872680505975,1580625129024
6162,59.452972999999986,22.622075,1579329129024
6162,59.454933537238475,22.62081562910043,1579415529024
6162,59.457245133031165,22.62383150028015,1579501929024
6162,59.451996282473374,22.63338524523976,1579588329024
6162,59.4357184584108,22.631852806385403,1579674729024
6162,59.44746756567855,22.637933254930324,1579761129024
6162,59.42832994441801,22.645324104140517,1579847529024
6162,59.42793513906054,22.639235424349152,1579933929024
6162,59.43215078748844,22.65687320343873,1580020329024
6162,59.43722016152927,22.653486428130694,1580106729024
6162,59.44041041391213,22.654156645165767,1580193129024
6162,59.449779115356165,22.65314089537336,1580279529024
6162,59.43928159754245,22.64985687995345,1580365929024
6162,59.43782366914786,22.647531696150843,1580452329024
6162,59.44437969118701,22.648601342322326,1580538729024
6162,59.42649708978087,22.645971527508063,1580625129024
6177,59.452972999999986,22.622075,1579329129024
6177,59.446703035689325,22.61524021765417,1579415529024
6177,59.44822481325065,22.61053061361857,1579501929024
6177,59.45254566341973,22.60839384055603,1579588329024
6177,59.45522691049632,22.60807960240936,1579674729024
6177,59.45274854041958,22.613787022165702,1579761129024
6177,59.45429995280449,22.62542709530779,1579847529024
6177,59.44387800315636,22.625243005639923,1579933929024
6177,59.44969280949272,22.620307412702967,1580020329024
6177,59.45007246426229,22.61611758824286,1580106729024
6177,59.445562391638816,22.61022377847227,1580193129024
6177,59.45576528273318,22.618085661601057,1580279529024
6177,59.463830111657956,22.619256238025383,1580365929024
6177,59.46953155918601,22.61717548455893,1580452329024
6177,59.457961139013435,22.622180718472773,1580538729024
6177,59.46243763981147,22.637129684879252,1580625129024
6195,59.452972999999986,22.622075,1579329129024
6195,59.45466750703093,22.616734758878604,1579415529024
6195,59.4419238700375,22.61127889692396,1579501929024
6195,59.448188664742105,22.60680551579857,1579588329024
6195,59.44553815911792,22.601246296978765,1579674729024
6195,59.44362892460214,22.597507905105477,1579761129024
6195,59.4523717986292,22.596245812682255,1579847529024
6195,59.45243865306216,22.590322346670252,1579933929024
6195,59.45358574048083,22.594859392364263,1580020329024
6195,59.453575442550346,22.593194900696453,1580106729024
6195,59.45296101970348,22.596016138739408,1580193129024
6195,59.447689933606256,22.59750751273788,1580279529024
6195,59.44002943144682,22.59092188141989,1580365929024
6195,59.4357386824494,22.58676638105503,1580452329024
6195,59.43664452130207,22.58762982068556,1580538729024
6195,59.43598548618837,22.58312951673134,1580625129024
6266,59.452972999999986,22.622075,1583216861024
6266,59.45270169015535,22.633652519232648,1583303261024
6266,59.45121718122658,22.638689532580592,1583389661024
6266,59.4479232378572,22.6376525854487,1583476061024
6266,59.461141874877455,22.628652662608314,1583562461024
6266,59.45372997723976,22.630012214329692,1583648861024
6266,59.44362202015071,22.628490669013697,1583735261024
6266,59.44959373922478,22.6270132599359,1583821661024
6266,59.45078770504273,22.62894721171317,1583908061024
6266,59.456611269082,22.626606645484692,1583994461024
6266,59.45548293362748,22.631064901680023,1584080791024
6266,59.45523330214928,22.63346866970755,1584167191024
6266,59.45724339169416,22.626001679591653,1584253591024
6266,59.45718119871597,22.623566741796765,1584339991024
6266,59.463595576507686,22.623622376918384,1584426391024
6345,59.452972999999986,22.622075,1584080791024
6345,59.450185595895505,22.61982500445209,1584167191024
6345,59.445182006875456,22.63176471583293,1584253591024
6345,59.44482137752328,22.6221086286404,1584339991024
6345,59.45178951498622,22.609535433050237,1584426391024
6345,59.45853860046043,22.60570787899281,1584512791024
6345,59.466280973507935,22.603022484693856,1584599191024
6345,59.46297149658028,22.604084214705917,1584685591024
6345,59.4653617334215,22.60727763006691,1584771991024
6345,59.46693509991195,22.60063381179816,1584858391024
6345,59.46868767038117,22.591476260234177,1584944791024
6345,59.47040334061879,22.58341413430279,1585031191024
6345,59.46335990956976,22.59523144854099,1585117591024
6345,59.4733655476883,22.58735686284896,1585203991024
6345,59.46470005313674,22.57848630720639,1585290391024
6355,59.452972999999986,22.622075,1584080791024
6355,59.45245410282422,22.611788946236004,1584167191024
6355,59.45721525858619,22.621575068842333,1584253591024
6355,59.45059047613651,22.63384810265272,1584339991024
6355,59.45074367659791,22.6456401047139,1584426391024
6355,59.45207004373901,22.64664264220332,1584512791024
6355,59.45725487432179,22.647345548076967,1584599191024
6355,59.45750722897969,22.659178765501537,1584685591024
6355,59.45908537428335,22.653751330034847,1584771991024
6355,59.465003280978635,22.653223408452803,1584858391024
6355,59.46719494365428,22.65654332978167,1584944791024
6355,59.46339673289293,22.658299923517244,1585031191024
6355,59.453788244150815,22.666059045092812,1585117591024
6355,59.4456593358488,22.657531852036932,1585203991024
6355,59.45125784416393,22.64720713244489,1585290391024
6356,59.452972999999986,22.622075,1584080791024
6356,59.45461723545955,22.615889219732587,1584167191024
6356,59.456009644765345,22.603452074603073,1584253591024
6356,59.460971993508906,22.60208921100541,1584339991024
6356,59.45223161371777,22.597357986540903,1584426391024
6356,59.44874308081677,22.597260958424556,1584512791024
6356,59.44683605340077,22.596106830962995,1584599191024
6356,59.43949280034377,22.59587731276438,1584685591024
6356,59.44144193353856,22.593688139437784,1584771991024
6356,59.447782502585426,22.60385972811623,1584858391024
6356,59.43779840385122,22.600342485241107,1584944791024
6356,59.44291601443558,22.59902494661873,1585031191024
6356,59.44593761132194,22.592984717253145,1585117591024
6356,59.44744615575263,22.57992745585265,1585203991024
6356,59.443886462950616,22.58717714212053,1585290391024
6407,59.452972999999986,22.622075,1584080791024
6407,59.46038446891867,22.626864087121312,1584167191024
6407,59.45615693663348,22.622074027861668,1584253591024
6407,59.47044625717402,22.631926885657933,1584339991024
6407,59.470140255861736,22.630095795021703,1584426391024
6407,59.46607778144593,22.62727860418473,1584512791024
6407,59.46962007447584,22.629345369611837,1584599191024
6407,59.476207009809656,22.62132083594073,1584685591024
6407,59.47545545274161,22.60568355468391,1584771991024
6407,59.47983557304002,22.598995086507504,1584858391024
6407,59.47945832953346,22.6108963640462,1584944791024
6407,59.48122843023958,22.607254006197625,1585031191024
6407,59.47554634320744,22.617027748298444,1585117591024
6407,59.47411232498544,22.61376341930268,1585203991024
6407,59.47332367279586,22.615609824110525,1585290391024
6421,59.452972999999986,22.622075,1585376789024
6421,59.457885941261566,22.632003982063495,1585463189024
6421,59.44942086379035,22.62216077988945,1585549589024
6421,59.45197802589374,22.63118577728217,1585635989024
6421,59.45156892664602,22.62926566582436,1585722389024
6421,59.45996280725481,22.624244476811047,1585808781024
6421,59.45990703436482,22.618529506283487,1585895181024
6421,59.463765485110514,22.627016252450943,1585981581024
6421,59.45682073258013,22.628232809043375,1586067981024
6421,59.46622002962988,22.627063716851744,1586154381024
6421,59.47307462662147,22.63118066431,1586240781024
6421,59.470857214370994,22.627478566894133,1586327181024
6421,59.46140809110727,22.629469526008748,1586413581024
6421,59.46346067445483,22.638509535491465,1586499981024
6421,59.46264245755805,22.62824107686874,1586586381024
6427,59.452972999999986,22.622075,1585376789024
6427,59.45740435954309,22.61911987531248,1585463189024
6427,59.45977457974408,22.619385205252502,1585549589024
6427,59.453454163351296,22.6259715375364,1585635989024
6427,59.44943520070112,22.628205469605163,1585722389024
6427,59.44328715454725,22.637616253914068,1585808781024
6427,59.444844463130664,22.630125473738495,1585895181024
6427,59.443217602561646,22.63156738899599,1585981581024
6427,59.44965882627994,22.634546976383294,1586067981024
6427,59.44436937937209,22.632655272125675,1586154381024
6427,59.44114689287724,22.619103291890568,1586240781024
6427,59.44764308507314,22.628091721895036,1586327181024
6427,59.44257998532317,22.645377933907792,1586413581024
6427,59.44782403501807,22.64723684433706,1586499981024
6427,59.44501529371112,22.657535449415164,1586586381024
6434,59.452972999999986,22.622075,1585376789024
6434,59.44382872732311,22.624881860030115,1585463189024
6434,59.44710981451408,22.62957593351634,1585549589024
6434,59.44419050861825,22.63865527019225,1585635989024
6434,59.43859313893273,22.63689224962731,1585722389024
6434,59.43889004939848,22.634385679894407,1585808781024
6434,59.43222864641069,22.639259567709637,1585895181024
6434,59.42421496357798,22.640059516976855,1585981581024
6434,59.41879570287455,22.642588285745756,1586067981024
6434,59.41475310952521,22.639861244315444,1586154381024
6434,59.41876824710795,22.63894436616736,1586240781024
6434,59.418574215221014,22.638425882949125,1586327181024
6434,59.418627116593655,22.655617912347104,1586413581024
6434,59.422501998668565,22.66302601279735,1586499981024
6434,59.41024810904773,22.66895392794508,1586586381024
6442,59.452972999999986,22.622075,1585376789024
6442,59.460782860418334,22.613961079140253,1585463189024
6442,59.46390890396819,22.61061298843071,1585549589024
6442,59.46555939341994,22.60303926062768,1585635989024
6442,59.452445154676695,22.598888443615543,1585722389024
6442,59.449886606305256,22.580887918708296,1585808781024
6442,59.46016064703005,22.58771191384586,1585895181024
6442,59.45521905471895,22.590360369139397,1585981581024
6442,59.45549627318215,22.58771161240961,1586067981024
6442,59.45195883750449,22.586130148731556,1586154381024
6442,59.46002740298499,22.586537446464508,1586240781024
6442,59.46635511675001,22.59769119765795,1586327181024
6442,59.46761697685068,22.60018942193051,1586413581024
6442,59.46984804655034,22.60247476612797,1586499981024
6442,59.472803727482926,22.591231246457927,1586586381024
6455,59.452972999999986,22.622075,1585376789024
6455,59.458071796794115,22.620817075969125,1585463189024
6455,59.4551269073294,22.617609494607755,1585549589024
6455,59.45447072041975,22.616666238382617,1585635989024
6455,59.44483684081251,22.610385060755444,1585722389024
6455,59.44680973260756,22.60644047931576,1585808781024
6455,59.44105208287539,22.605026307460232,1585895181024
6455,59.44759697998967,22.60731812940224,1585981581024
6455,59.44426236414648,22.605993471338884,1586067981024
6455,59.438836707462144,22.61514829222924,1586154381024
6455,59.43256492551728,22.611486690360792,1586240781024
6455,59.43287182919761,22.609877165008943,1586327181024
6455,59.4250089783032,22.606318088137623,1586413581024
6455,59.4162124422441,22.60912719030317,1586499981024
6455,59.41699960731788,22.60736396967227,1586586381024
6459,59.452972999999986,22.622075,1585376789024
6459,59.44873895908037,22.62051422015282,1585463189024
6459,59.45436787018045,22.621254547436877,1585549589024
6459,59.45878399157198,22.62613580070142,1585635989024
6459,59.46308008507796,22.62403324036231,1585722389024
6459,59.46230607458338,22.628923602726974,1585808781024
6459,59.45791604707512,22.631048826469225,1585895181024
6459,59.43941989490986,22.640477521678367,1585981581024
6459,59.44886192600632,22.638812052779148,1586067981024
6459,59.45875036826888,22.640232768292673,1586154381024
6459,59.46645801414445,22.635725794832208,1586240781024
6459,59.47207236836962,22.64118659078452,1586327181024
6459,59.47372084555829,22.63815483036316,1586413581024
6459,59.46177996518679,22.651709927195704,1586499981024
6459,59.46314485187014,22.65395097450878,1586586381024
6482,59.452972999999986,22.622075,1585376789024
6482,59.45048568783153,22.61714770435621,1585463189024
6482,59.4524213308423,22.612085551172783,1585549589024
6482,59.443435602515024,22.610595158434048,1585635989024
6482,59.44192846430727,22.612116608271773,1585722389024
6482,59.43533748477629,22.62082356715721,1585808781024
6482,59.42398239955992,22.61726097487979,1585895181024
6482,59.4329572028758,22.623542215897967,1585981581024
6482,59.43226427195674,22.628536430976688,1586067981024
6482,59.43434771163013,22.622605598184723,1586154381024
6482,59.42412236379684,22.627295864258937,1586240781024
6482,59.41924038023055,22.62533770319352,1586327181024
6482,59.431113363886766,22.62977198633902,1586413581024
6482,59.41853455172864,22.63796702012189,1586499981024
6482,59.41717029419624,22.648395816990423,1586586381024
6545,59.452972999999986,22.622075,1585808781024
6545,59.440221752819866,22.61918678962484,1585895181024
6545,59.44131912548923,22.61977026962094,1585981581024
6545,59.44227574952879,22.609147914874352,1586067981024
6545,59.449921765624936,22.609902001383233,1586154381024
6545,59.448796669504105,22.620502679014376,1586240781024
6545,59.44530918647155,22.619889794854995,1586327181024
6545,59.44314961579556,22.62027829282134,1586413581024
6545,59.43984949128418,22.628031064885633,1586499981024
6545,59.429019606368115,22.62840987304012,1586586381024
6545,59.434212857961654,22.617401897314217,1586672781024
6545,59.43740206788212,22.615396673160337,1586759181024
6545,59.435551762090995,22.597488651107597,1586845581024
6545,59.43857887485453,22.598942387910434,1586931981024
6545,59.4341334378056,22.59782473807839,1587018381024
6577,59.452972999999986,22.622075,1585808781024
6577,59.45192356155718,22.620218755606313,1585895181024
6577,59.452695991375094,22.61328991598605,1585981581024
6577,59.45153952165066,22.619310166192804,1586067981024
6577,59.448521997850435,22.615220993395035,1586154381024
6577,59.45560498842752,22.615718883916266,1586240781024
6577,59.4566423272438,22.61521227281512,1586327181024
6577,59.45140289298524,22.62201477372669,1586413581024
6577,59.457118484452224,22.614016902230627,1586499981024
6577,59.453215362441256,22.606804996406424,1586586381024
6577,59.443223923432754,22.612155794219007,1586672781024
6577,59.454929842742274,22.61454207345256,1586759181024
6577,59.452078475776545,22.624182739844304,1586845581024
6577,59.45743036824052,22.616825922825523,1586931981024
6577,59.45774161732729,22.620660770364275,1587018381024
6577,59.45723123376408,22.625337579483176,1587104781024
6661,59.452972999999986,22.622075,1588832789024
6661,59.4597716158512,22.613655564588925,1588919189024
6661,59.44905857105337,22.61317817165106,1589005589024
6661,59.44493243303839,22.61309347431524,1589091989024
6661,59.44961368456728,22.618578409285035,1589178389024
6661,59.4581554692474,22.588617944957633,1589264789024
6661,59.45439636207308,22.588429865013108,1589264791024
6661,59.44152239041122,22.581259627557248,1589351191024
6661,59.446177921871,22.57274661060038,1589437591024
6661,59.451211314425194,22.57945917706109,1589523991024
6661,59.45519980534152,22.581109860003384,1589610391024
6661,59.45831689322503,22.58023852522444,1589696791024
6661,59.438939027227974,22.58399282031588,1589783191024
6661,59.44407532615199,22.58749508085741,1589869591024
6661,59.45023146658155,22.59155596827976,1589955991024
6661,59.455185279659304,22.596846699879208,1590042391024
6661,59.45669489814625,22.59474462593358,1590128791024
6682,59.452972999999986,22.622075,1588832789024
6682,59.46203697589402,22.62598673489746,1588919189024
6682,59.47487404294486,22.636140136380433,1589005589024
6682,59.48238026192331,22.63196386530505,1589091989024
6682,59.48556187861834,22.60907378668118,1589178389024
6682,59.482879027791654,22.608491508153513,1589264789024
6682,59.48162036090247,22.60260208244052,1589264791024
6682,59.47590791622497,22.598933232132847,1589351191024
6682,59.495794105837035,22.595951730873026,1589437591024
6682,59.493408148530335,22.583797683789808,1589523991024
6682,59.47913053503049,22.590029414148244,1589610391024
6682,59.47405738507729,22.58071602543199,1589696791024
6682,59.471664249933525,22.579608872937545,1589783191024
6682,59.47962492368222,22.576586257643747,1589869591024
6682,59.48010928545892,22.561358453514828,1589955991024
6682,59.48891454409903,22.555063574664388,1590042391024
6682,59.48159904281337,22.560374619273137,1590128791024
6699,59.452972999999986,22.622075,1588832789024
6699,59.449129661170986,22.620673112845942,1588919189024
6699,59.44054618758145,22.615864268454757,1589005589024
6699,59.44902277244168,22.610290778464275,1589091989024
6699,59.44023314989283,22.61852019132521,1589178389024
6699,59.439803613130806,22.62250253295218,1589264789024
6699,59.43743343307236,22.62042624266557,1589264791024
6699,59.42973470615769,22.624103310400947,1589351191024
6699,59.42766930134263,22.62397418293426,1589437591024
6699,59.435948717656,22.621119622677487,1589523991024
6699,59.42178703422957,22.612991647324492,1589610391024
6699,59.427762108071875,22.614534749781427,1589696791024
6699,59.4356153361058,22.602116141859163,1589783191024
6699,59.441649243582106,22.601391757651683,1589869591024
6699,59.44280939673507,22.61354489938869,1589955991024
6699,59.44673015886397,22.614157606355807,1590042391024
6699,59.465906412823216,22.62354389797617,1590128791024
6706,59.452972999999986,22.622075,1589264791024
6706,59.462751548774776,22.61831013106131,1589351191024
6706,59.47233025788296,22.621282753269657,1589437591024
6706,59.47205271966308,22.627372112374275,1589523991024
6706,59.461419268092385,22.637325765096893,1589610391024
6706,59.461401698224165,22.64100929213046,1589696791024
6706,59.47241689392936,22.650967415624,1589783191024
6706,59.45563326606691,22.648875549462005,1589869591024
6706,59.45508107711856,22.646613946020572,1589955991024
6706,59.457761616706335,22.654586659489254,1590042391024
6706,59.457979130951514,22.653042848278695,1590128791024
6706,59.46282035971274,22.652728247025212,1590215191024
6706,59.46369485978124,22.65016475432207,1590301591024
6706,59.458482180793766,22.65389850804959,1590387991024
6706,59.45700190859611,22.65842597252636,1590474391024
6706,59.45868500702187,22.669464492717456,1590560789024
6725,59.452972999999986,22.622075,1589264791024
6725,59.45985671952343,22.62935669635749,1589351191024
6725,59.459231610953736,22.6314410770292,1589437591024
6725,59.45466585490004,22.634736572824533,1589523991024
6725,59.452214933910255,22.63436234047557,1589610391024
6725,59.459562575584016,22.649940629448107,1589696791024
6725,59.46665260854127,22.642791759793948,1589783191024
6725,59.47247745489409,22.643013897164536,1589869591024
6725,59.47667161565602,22.652112381321672,1589955991024
6725,59.47621679800386,22.65182501385796,1590042391024
6725,59.49155842765663,22.649172143175807,1590128791024
6725,59.49473193696804,22.620010628502705,1590215191024
6725,59.497073753266704,22.619004222253793,1590301591024
6725,59.47913660472068,22.608899896402676,1590387991024
6725,59.49040580905361,22.607058446252243,1590474391024
6725,59.50122530490617,22.61530745445388,1590560789024
6730,59.452972999999986,22.622075,1589264791024
6730,59.45100877163182,22.62171183944794,1589351191024
6730,59.450730795480325,22.627988585012496,1589437591024
6730,59.44576614697982,22.62129844276146,1589523991024
6730,59.42713451018986,22.620363053636833,1589610391024
6730,59.428593792839536,22.617844519983112,1589696791024
6730,59.42310543732367,22.618261934570857,1589783191024
6730,59.422435767849834,22.6156844848598,1589869591024
6730,59.410597950864,22.61456027720928,1589955991024
6730,59.41602509110402,22.612859430355652,1590042391024
6730,59.418361734887185,22.619300292140267,1590128791024
6730,59.41964183815173,22.623307660522347,1590215191024
6730,59.4163337462324,22.6206477076789,1590301591024
6730,59.423218412659935,22.62599969752771,1590387991024
6730,59.4205195130875,22.626471484817824,1590474391024
6730,59.42321184787181,22.62379815425852,1590560789024
6741,59.452972999999986,22.622075,1589264791024
6741,59.45536799345663,22.61986458380797,1589351191024
6741,59.46125586505343,22.62550278953901,1589437591024
6741,59.461185865220926,22.633020034899967,1589523991024
6741,59.459230158642015,22.63512197715758,1589610391024
6741,59.45863881237062,22.636269296226093,1589696791024
6741,59.458645583499674,22.63743046332577,1589783191024
6741,59.46097695094636,22.633631064517523,1589869591024
6741,59.46583419831365,22.63549621133283,1589955991024
6741,59.452214028344,22.641008717773897,1590042391024
6741,59.45968831370493,22.64390233099922,1590128791024
6741,59.46014864783922,22.640955129756023,1590215191024
6741,59.46078083536824,22.640207374436567,1590301591024
6741,59.455323255687176,22.645563164196528,1590387991024
6741,59.448660785861904,22.64080592864845,1590474391024
6741,59.45486209828769,22.645926703225847,1590560789024
6779,59.452972999999986,22.622075,1589264791024
6779,59.4540776180385,22.62805245485544,1589351191024
6779,59.45801003782293,22.619767734839066,1589437591024
6779,59.460782676359514,22.62367188999095,1589523991024
6779,59.454631561735255,22.623610379309316,1589610391024
6779,59.4587001781818,22.63026445967284,1589696791024
6779,59.45380391634728,22.62764120500019,1589783191024
6779,59.46052153106788,22.622194619171225,1589869591024
6779,59.45545592339141,22.607462078546853,1589955991024
6779,59.44590995603272,22.605927931993385,1590042391024
6779,59.44035529755908,22.59402789118925,1590128791024
6779,59.44830544941678,22.596396021884186,1590215191024
6779,59.459884821947185,22.59321858076139,1590301591024
6779,59.4601061772118,22.601552851951844,1590387991024
6779,59.469808579767744,22.604208631751497,1590474391024
6779,59.465563742673226,22.603619175499876,1590560789024
6824,59.452972999999986,22.622075,1590128791024
6824,59.4523392071643,22.62022678182922,1590215191024
6824,59.44800093330937,22.622312081663996,1590301591024
6824,59.443233223050896,22.628300242288702,1590387991024
6824,59.44902248098791,22.63155549247775,1590474391024
6824,59.436324514298605,22.637377225569836,1590560789024
6824,59.434203000463526,22.640877643139532,1590647189024
6824,59.43337552466309,22.646753658765167,1590733589024
6824,59.43942008319527,22.64471536101162,1590819989024
6824,59.42881340026935,22.65122558511706,1590906389024
6824,59.41855504184281,22.6567628367092,1590992789024
6824,59.42116950277986,22.65926404295191,1591079189024
6824,59.41975257025092,22.66145186760087,1591165589024
6824,59.427000862299565,22.6730020143282,1591251989024
6824,59.42515830805704,22.67486552857019,1591338389024
6824,59.43042441258393,22.66914532157325,1591424789024
6847,59.452972999999986,22.622075,1590128791024
6847,59.45720516968814,22.614707041429146,1590215191024
6847,59.458843232039214,22.61658713725826,1590301591024
6847,59.46413492169688,22.621451376374743,1590387991024
6847,59.46687809521307,22.617388397170032,1590474391024
6847,59.45972870666782,22.62559373738495,1590560789024
6847,59.4648254594635,22.61122374417613,1590647189024
6847,59.4609502020686,22.61204510515494,1590733589024
6847,59.46291800598107,22.60423928387148,1590819989024
6847,59.4569171269695,22.605545534928787,1590906389024
6847,59.457931554162656,22.61112783187846,1590992789024
6847,59.45436771649787,22.606906979901147,1591079189024
6847,59.454524294926046,22.60819386454384,1591165589024
6847,59.453230526717846,22.611044935784907,1591251989024
6847,59.44735384338725,22.60879564719674,1591338389024
6847,59.45531120138506,22.62469059083858,1591424789024
6863,59.452972999999986,22.622075,1590128791024
6863,59.45815288725808,22.62552021539959,1590215191024
6863,59.43891540385903,22.623332167285763,1590301591024
6863,59.440574283563194,22.62559644858032,1590387991024
6863,59.44540932109112,22.627794333806342,1590474391024
6863,59.44663203321599,22.638907990000597,1590560789024
6863,59.45102025024673,22.63787011693022,1590647189024
6863,59.451107005306994,22.6467680828188,1590733589024
6863,59.44243545573687,22.656574000752848,1590819989024
6863,59.443577676045976,22.66562340727306,1590906389024
6863,59.44709021857537,22.67153047338716,1590992789024
6863,59.45201878574758,22.660927377186077,1591079189024
6863,59.44909891027629,22.67288022248128,1591165589024
6863,59.455587856794466,22.675995560493007,1591251989024
6863,59.457264124048066,22.67351205862855,1591338389024
6863,59.46348189156305,22.677501960027055,1591424789024
6872,59.452972999999986,22.622075,1590128791024
6872,59.453307137148215,22.63268589015733,1590215191024
6872,59.45498981824065,22.633492901340723,1590301591024
6872,59.4598397472964,22.62711262285929,1590387991024
6872,59.46549137493801,22.627343328171253,1590474391024
6872,59.462259278913336,22.638792478841545,1590560789024
6872,59.467376808636345,22.635299396562047,1590647189024
6872,59.46917389430163,22.6432631428903,1590733589024
6872,59.47721599880907,22.645792860614147,1590819989024
6872,59.48876477836916,22.623600532693818,1590906389024
6872,59.4883198457226,22.595786852959137,1590992789024
6872,59.49795007757524,22.597519270169787,1591079189024
6872,59.49995075287799,22.603096523925583,1591165589024
6872,59.50681434111294,22.592457428845055,1591251989024
6872,59.51684905634173,22.58163848173588,1591338389024
6872,59.5180310012332,22.581509305283852,1591424789024
6950,59.452972999999986,22.622075,1590560789024
6950,59.44590256782072,22.62312554725045,1590647189024
6950,59.447439954945565,22.622240134083626,1590733589024
6950,59.44149687560048,22.62254189822638,1590819989024
6950,59.4459767615333,22.62973152329739,1590906389024
6950,59.452669306821434,22.634684306586127,1590992789024
6950,59.45406425667312,22.641403047293075,1591079189024
6950,59.45402905807978,22.64165173077441,1591165589024
6950,59.446818087004175,22.64576562201607,1591251989024
6950,59.44949619538801,22.64713327211581,1591338389024
6950,59.44047322406948,22.641157309352227,1591424789024
6950,59.443624540636506,22.635297888135813,1591511189024
6950,59.447530924282916,22.634843558105462,1591597589024
6950,59.44875505097852,22.63875000284849,1591683989024
6950,59.43911333060049,22.636329428196905,1591770389024
6950,59.433921444959026,22.63064223115804,1591856789024
6950,59.42857129965984,22.632655510857237,1591856791024
7007,59.452972999999986,22.622075,1590560789024
7007,59.45480569092592,22.622897796259448,1590647189024
7007,59.46237680289977,22.642900130386895,1590733589024
7007,59.47112912129512,22.638942285925424,1590819989024
7007,59.466311819123575,22.633676606854745,1590906389024
7007,59.47412919795292,22.636674318435947,1590992789024
7007,59.4724243556152,22.632486737040814,1591079189024
7007,59.46414704323951,22.6280560657055,1591165589024
7007,59.46994522152599,22.623858543557827,1591251989024
7007,59.47229573054477,22.618373213318957,1591338389024
7007,59.47019363990887,22.624640323535843,1591424789024
7007,59.47188646108626,22.628390791874445,1591511189024
7007,59.47705590497747,22.629350831144865,1591597589024
7007,59.476473150061,22.599583230621977,1591683989024
7007,59.46744689102371,22.59254006120488,1591770389024
7007,59.46705089782694,22.59548073092818,1591856789024
7007,59.464203577741614,22.600616430806287,1591856791024
7049,59.452972999999986,22.622075,1591424789024
7049,59.44721396207197,22.6223682545534,1591511189024
7049,59.45956431297125,22.6210524264188,1591597589024
7049,59.46422483431172,22.62924404064696,1591683989024
7049,59.469393875669795,22.630980018144513,1591770389024
7049,59.45673053506175,22.62943288173855,1591856789024
7049,59.4671994263515,22.63299784912129,1591856791024
7049,59.46727602829631,22.628680112955234,1591943191024
7049,59.47122937515138,22.61549331318519,1592029591024
7049,59.48038297238395,22.603440905392628,1592115991024
7049,59.48154797963551,22.60647830836532,1592202391024
7049,59.48595409545322,22.607905725162365,1592288791024
7049,59.488192311882614,22.606686829340855,1592375191024
7049,59.49112538181157,22.60247839214637,1592461591024
7049,59.49920604468875,22.595820967415847,1592547991024
7049,59.505777857461794,22.59714610775042,1592634391024
7085,59.452972999999986,22.622075,1591424789024
7085,59.44922505228533,22.621399508550105,1591511189024
7085,59.44441132201578,22.627232981083125,1591597589024
7085,59.44821692365298,22.632967505647947,1591683989024
7085,59.449920796296055,22.63898681879374,1591770389024
7085,59.45335570272451,22.629702311272432,1591856789024
7085,59.45983080419728,22.625643363978213,1591856791024
7085,59.459847819037634,22.625677378151725,1591943191024
7085,59.45493861715386,22.62365414829203,1592029591024
7085,59.45361022551498,22.626865885392633,1592115991024
7085,59.4555677730628,22.63138953337718,1592202391024
7085,59.45407382937191,22.63121221290939,1592288791024
7085,59.45349755805418,22.640857339847116,1592375191024
7085,59.454242925446465,22.640359554064048,1592461591024
7085,59.457463826143226,22.64116748832081,1592547991024
7085,59.47376436719318,22.65442181648199,1592634391024
7085,59.46378628770876,22.658890860007435,1592720791024
7087,59.452972999999986,22.622075,1591424789024
7087,59.45112045721089,22.613923293551956,1591511189024
7087,59.452968661756586,22.60420795384479,1591597589024
7087,59.4529799553801,22.603139317626223,1591683989024
7087,59.454273635238565,22.601670769150857,1591770389024
7087,59.46896833444103,22.59683504748251,1591856789024
7087,59.45221245896192,22.59445746796204,1591856791024
7087,59.45002554818518,22.59431290834089,1591943191024
7087,59.454664875970195,22.589787536863707,1592029591024
7087,59.45706297524276,22.589855191614227,1592115991024
7087,59.462615856296736,22.593869410193182,1592202391024
7087,59.46394136253224,22.594062630691713,1592288791024
7087,59.452340509822875,22.590438432582996,1592375191024
7087,59.453192870652344,22.592770739775556,1592461591024
7087,59.44707721499094,22.594150474411567,1592547991024
7087,59.44031829770117,22.591543820849942,1592634391024
7087,59.443829880443246,22.590413398206532,1592720791024
7092,59.452972999999986,22.622075,1591424789024
7092,59.44953141716721,22.621668681318333,1591511189024
7092,59.44485881857321,22.6279723118747,1591597589024
7092,59.42720550902922,22.631793998003964,1591683989024
7092,59.42013170486089,22.631842224004306,1591770389024
7092,59.41905395629243,22.61762191435052,1591856789024
7092,59.40851657297131,22.616388143184217,1591856791024
7092,59.410376454442286,22.601452304567907,1591943191024
7092,59.40830787207358,22.603959454817975,1592029591024
7092,59.4106909921469,22.608951332718703,1592115991024
7092,59.39940241166136,22.60762965010351,1592202391024
7092,59.40292924430639,22.613603712486984,1592288791024
7092,59.39464005189535,22.614034211050154,1592375191024
7092,59.40705198925448,22.611302227075555,1592461591024
7092,59.39794914608473,22.612054046583967,1592547991024
7092,59.39584470854305,22.624754574760704,1592634391024
7092,59.37988566346337,22.622855364454864,1592720791024
7181,59.452972999999986,22.622075,1591856791024
7181,59.44834601500224,22.62698307581636,1591943191024
7181,59.45285512997836,22.640633105604717,1592029591024
7181,59.456782492915295,22.64753208734573,1592115991024
7181,59.449721274896774,22.656180433035644,1592202391024
7181,59.43948208254528,22.656644095726545,1592288791024
7181,59.4433582215824,22.65603177935554,1592375191024
7181,59.444856255526474,22.652221876779382,1592461591024
7181,59.44496722941605,22.65685345333439,1592547991024
7181,59.43414900451518,22.657323512051796,1592634391024
7181,59.428859265137305,22.662636190067403,1592720791024
7181,59.428593185061175,22.669216239705413,1592807191024
7181,59.434697027392446,22.681441437524352,1592893591024
7181,59.42353781082309,22.677176733046423,1592979991024
7181,59.42829218608878,22.673491159567256,1593066391024
7181,59.41819457885407,22.679195934645517,1593152791024
7207,59.452972999999986,22.622075,1593584791024
7207,59.45393498996188,22.622955448917175,1593671191024
7207,59.46178686317907,22.614311035464866,1593757591024
7207,59.46330146748954,22.613094753348236,1593843991024
7207,59.4645400162747,22.62110579980718,1593930391024
7207,59.45703051234119,22.626267806146735,1594016791024
7207,59.452089560286424,22.6198501692658,1594103191024
7207,59.45578723018457,22.62302383559261,1594189591024
7207,59.45597564328696,22.629987584022413,1594275991024
7207,59.45494853942603,22.629161481714014,1594362391024
7207,59.45139804426958,22.626350590365064,1594448791024
7207,59.454090772049625,22.622252750162584,1594535191024
7207,59.44675608513532,22.619163335619422,1594621591024
7207,59.4477922048375,22.624428957392908,1594707991024
7207,59.44990002660475,22.6233753829413,1594794391024
7207,59.44849332478785,22.630209813316664,1594880791024
7267,59.452972999999986,22.622075,1593584791024
7267,59.47374078733747,22.62366222767083,1593671191024
7267,59.47912915826552,22.62311269363767,1593757591024
7267,59.473987427533984,22.593580130744623,1593843991024
7267,59.46941258695739,22.582990262018487,1593930391024
7267,59.466475174494974,22.575679140399913,1594016791024
7267,59.46842509939404,22.579975294151065,1594103191024
7267,59.453038579768645,22.57831993571663,1594189591024
7267,59.44422002324049,22.58182810055437,1594275991024
7267,59.45686657907237,22.575393197487436,1594362391024
7267,59.43810494717715,22.581690176764877,1594448791024
7267,59.44140590591297,22.576073734514015,1594535191024
7267,59.434338177003355,22.57943471249379,1594621591024
7267,59.43371242783755,22.570104877912016,1594707991024
7267,59.43694360405627,22.5694713825643,1594794391024
7267,59.43592910882455,22.5778938500833,1594880791024
7278,59.452972999999986,22.622075,1593584791024
7278,59.45889121611907,22.623585971955013,1593671191024
7278,59.46043865819104,22.626436145888366,1593757591024
7278,59.455795426183954,22.619958557218816,1593843991024
7278,59.45766963761406,22.615115598816782,1593930391024
7278,59.45374898438354,22.612515495744898,1594016791024
7278,59.456477337954794,22.618966391784596,1594103191024
7278,59.44245294004491,22.61721465418593,1594189591024
7278,59.43226443105888,22.61383058469562,1594275991024
7278,59.411350426282866,22.61215085108624,1594362391024
7278,59.41405197995715,22.61465932598226,1594448791024
7278,59.41791539367091,22.612487411296534,1594535191024
7278,59.419808810464474,22.606765593848493,1594621591024
7278,59.41415167265146,22.607036347896653,1594707991024
7278,59.41281530616345,22.609366794511647,1594794391024
7278,59.42197047044732,22.601503707989632,1594880791024
7293,59.452972999999986,22.622075,1593584791024
7293,59.45873763800088,22.63010554681772,1593671191024
7293,59.45424969200212,22.614496624906483,1593757591024
7293,59.45642454324076,22.60806305275662,1593843991024
7293,59.457480417944254,22.610547559194725,1593930391024
7293,59.45606101588013,22.61141542058725,1594016791024
7293,59.46469131886934,22.601220814604755,1594103191024
7293,59.46926679364714,22.59864551808733,1594189591024
7293,59.45970516034791,22.59845681624741,1594275991024
7293,59.47328438721027,22.59791286912443,1594362391024
7293,59.480245924482375,22.59314273483004,1594448791024
7293,59.47619873311626,22.58138555852602,1594535191024
7293,59.458499489144714,22.576838149479208,1594621591024
7293,59.46992885662024,22.56149888570189,1594707991024
7293,59.46449470603068,22.564744141987124,1594794391024
7293,59.46108145764657,22.569672424099934,1594880791024
7417,59.452972999999986,22.622075,1596608789024
7417,59.44599591322583,22.623014715943995,1596695189024
7417,59.441429924581314,22.615033017351596,1596781589024
7417,59.44234808928172,22.61734716612596,1596867989024
7417,59.44519506340061,22.610722766385656,1596954389024
7417,59.44281139735287,22.611519275751935,1597040789024
7417,59.45183591173375,22.61352376392589,1597127189024
7417,59.44116125296563,22.60334930036878,1597213589024
7417,59.42753037282492,22.620786434288274,1597299989024
7417,59.40680552848869,22.626353321843144,1597386389024
7417,59.41657797278924,22.62692006036484,1597472789024
7417,59.42260020747494,22.619483526633367,1597559189024
7417,59.417475293975514,22.611475685316897,1597645589024
7417,59.41507572352617,22.618026565527817,1597731989024
7417,59.410873290660106,22.61785002824931,1597818389024
7417,59.4169640543856,22.622402775672416,1597904789024
7459,59.452972999999986,22.622075,1596608789024
7459,59.45039997890268,22.614462797056436,1596695189024
7459,59.46911304644465,22.62344585194726,1596781589024
7459,59.45347131255775,22.63022065516136,1596867989024
7459,59.45156604472001,22.62778020132559,1596954389024
7459,59.44397436817232,22.635020187698704,1597040789024
7459,59.455651096167,22.63701735670761,1597127189024
7459,59.44793574476978,22.644457590256035,1597213589024
7459,59.44945573356745,22.637410292381716,1597299989024
7459,59.44583425356274,22.63912713171718,1597386389024
7459,59.437331051556214,22.657241769693247,1597472789024
7459,59.4330746671217,22.660821943797437,1597559189024
7459,59.42504385880804,22.66539601586174,1597645589024
7459,59.42233660296793,22.66495116533427,1597731989024
7459,59.42798347286708,22.66543022759537,1597818389024
7459,59.42102850262302,22.658285551723935,1597904789024
7475,59.452972999999986,22.622075,1596608789024
7475,59.44963112536681,22.626650739744747,1596695189024
7475,59.45236695362328,22.63166638377202,1596781589024
7475,59.45304083880734,22.62832529787364,1596867989024
7475,59.44059449870437,22.62187196934325,1596954389024
7475,59.4511148728389,22.6195540892574,1597040789024
7475,59.45152659051266,22.614577748887992,1597127189024
7475,59.45018429118443,22.606013233682543,1597213589024
7475,59.45731049884856,22.607360324432253,1597299989024
7475,59.45097371082764,22.60069124877016,1597386389024
7475,59.44685847298041,22.592386355255535,1597472789024
7475,59.44925143117257,22.588861842266535,1597559189024
7475,59.45235370153017,22.587142751160705,1597645589024
7475,59.4626385148884,22.58368214562065,1597731989024
7475,59.47548269786449,22.58870048981717,1597818389024
7475,59.46612016819989,22.57505544629639,1597904789024
7477,59.452972999999986,22.622075,1596608789024
7477,59.45088870940134,22.61358068017275,1596695189024
7477,59.447272950918745,22.60988890426819,1596781589024
7477,59.44096231680132,22.608837867315454,1596867989024
7477,59.442027686245126,22.6190283679531,1596954389024
7477,59.44731329557234,22.621600612943418,1597040789024
7477,59.45524937275965,22.618319694144972,1597127189024
7477,59.46924895760367,22.60503132880149,1597213589024
7477,59.47243294842659,22.60767868564503,1597299989024
7477,59.465101622015794,22.595217668022457,1597386389024
7477,59.46334213814316,22.590319308012045,1597472789024
7477,59.47825369285505,22.60431151204507,1597559189024
7477,59.47752215623515,22.60980332990931,1597645589024
7477,59.47238437502551,22.609122343238813,1597731989024
7477,59.470543766946264,22.593618841920264,1597818389024
7477,59.47877040224455,22.60317412392304,1597904789024
7488,59.452972999999986,22.622075,1596608789024
7488,59.44593270788374,22.619995968355155,1596695189024
7488,59.43981577684255,22.61131162189716,1596781589024
7488,59.43517996963516,22.611192928669468,1596867989024
7488,59.43271660780678,22.621140550605514,1596954389024
7488,59.436831259459666,22.612721782030505,1597040789024
7488,59.447405087148184,22.612349592425247,1597127189024
7488,59.448015488734995,22.614451596756084,1597213589024
7488,59.45372368904111,22.611283701361543,1597299989024
7488,59.45698689300161,22.614994438402675,1597386389024
7488,59.46637373606765,22.61491380337264,1597472789024
7488,59.46959408151437,22.612590253200803,1597559189024
7488,59.4877494285596,22.5986725428476,1597645589024
7488,59.48794665886874,22.6057809588236,1597731989024
7488,59.480472601421695,22.602239186302594,1597818389024
7488,59.47867987377791,22.611976179228073,1597904789024
7510,59.452972999999986,22.622075,1598768791024
7510,59.455622332754615,22.625240776425784,1598855191024
7510,59.46318039031112,22.620167417798513,1598941591024
7510,59.4563805373852,22.62144087433747,1599027991024
7510,59.473205691215526,22.629480019063656,1599114391024
7510,59.4678730755696,22.620024862116164,1599200789024
7510,59.460275389262165,22.617597333347735,1599287189024
7510,59.452563569320205,22.606342560640147,1599373589024
7510,59.45862561920677,22.59571307382714,1599459989024
7510,59.4521607462373,22.602460609540536,1599546389024
7510,59.446080546014,22.61941749122539,1599632789024
7510,59.44501599293173,22.620080648336582,1599632791024
7510,59.44759075970512,22.616079155870302,1599719191024
7510,59.45078795785224,22.61768234358676,1599805591024
7510,59.450252445857245,22.623488050085832,1599891991024
7510,59.43931577975874,22.632636356598695,1599978391024
7510,59.44570520889414,22.62726844336762,1600064791024
7510,59.448283687678895,22.624238036899936,1600151191024
7513,59.452972999999986,22.622075,1598768791024
7513,59.43829249633046,22.623490282115124,1598855191024
7513,59.44458339625149,22.607216002684165,1598941591024
7513,59.449959777911005,22.60834362081836,1599027991024
7513,59.45353066106296,22.606904784365188,1599114391024
7513,59.45459914777359,22.605913254430515,1599200789024
7513,59.45752694733332,22.606279856049532,1599287189024
7513,59.46255355559933,22.60550596599488,1599373589024
7513,59.45497115822997,22.615976636063145,1599459989024
7513,59.45733109126655,22.61046677622813,1599546389024
7513,59.46144918940291,22.59780731505997,1599632789024
7513,59.45456803767621,22.587821108228496,1599632791024
7513,59.4460357108413,22.57523055348962,1599719191024
7513,59.44345825337342,22.581623130307076,1599805591024
7513,59.438933816905376,22.57816083841476,1599891991024
7513,59.44474924499048,22.577101597514257,1599978391024
7513,59.44683404934685,22.58264002351228,1600064791024
7513,59.44861044079522,22.573581469680654,1600151191024
7553,59.452972999999986,22.622075,1598768791024
7553,59.45979368086017,22.615119290676827,1598855191024
7553,59.46315777946188,22.62217183672231,1598941591024
7553,59.46107306306868,22.629560915223426,1599027991024
7553,59.45040989310951,22.620239948368308,1599114391024
7553,59.442611647339334,22.6227687412716,1599200789024
7553,59.43866068651005,22.628449316239607,1599287189024
7553,59.44064984944728,22.627619603502463,1599373589024
7553,59.43708903199624,22.626708968800852,1599459989024
7553,59.43705339269064,22.62779417900099,1599546389024
7553,59.43765889681595,22.629823783600035,1599632789024
7553,59.435252952266296,22.630846915875907,1599632791024
7553,59.43015216601805,22.63031960816273,1599719191024
7553,59.43940071165963,22.632821543147553,1599805591024
7553,59.439873940185265,22.62610366067283,1599891991024
7553,59.43831063503211,22.632212339613393,1599978391024
7553,59.455471124956546,22.630202285031597,1600064791024
7553,59.463727535464386,22.62505468828837,1600151191024
7555,59.452972999999986,22.622075,1598768791024
7555,59.45550348611516,22.61377225580812,1598855191024
7555,59.45463128861536,22.61182000672326,1598941591024
7555,59.45845711229353,22.62127543114468,1599027991024
7555,59.46170606488249,22.625486748321784,1599114391024
7555,59.443606438924974,22.632619963322217,1599200789024
7555,59.43381490549746,22.62704069198611,1599287189024
7555,59.426609211331595,22.608846491177953,1599373589024
7555,59.42109499519063,22.599383633068847,1599459989024
7555,59.41695841836344,22.606870676330168,1599546389024
7555,59.41098993569432,22.61053508300203,1599632789024
7555,59.40021016247468,22.60392506678913,1599632791024
7555,59.39868827288879,22.60454047682049,1599719191024
7555,59.40489932733752,22.608968851392767,1599805591024
7555,59.40069013075899,22.609525745413233,1599891991024
7555,59.3949168112282,22.614150160930784,1599978391024
7555,59.39128947261631,22.62588604257043,1600064791024
7555,59.38510691387313,22.633056157094867,1600151191024
7608,59.452972999999986,22.622075,1598768791024
7608,59.46361109056994,22.62637478662875,1598855191024
7608,59.47427789493176,22.6261030247091,1598941591024
7608,59.46438695506177,22.62365991623147,1599027991024
7608,59.47348966300456,22.614825729207592,1599114391024
7608,59.48308183178972,22.6204794679054,1599200789024
7608,59.48550485497435,22.62023141134908,1599287189024
7608,59.48153050360716,22.610067100448756,1599373589024
7608,59.48354951758006,22.620512674270312,1599459989024
7608,59.467974466564726,22.61939256336339,1599546389024
7608,59.47300868389357,22.610199705529787,1599632789024
7608,59.466957268924205,22.610336230746867,1599632791024
7608,59.46782787273875,22.60837376650198,1599719191024
7608,59.463732994761074,22.606044688792608,1599805591024
7608,59.45773649976013,22.60917257838771,1599891991024
7608,59.46190997665349,22.610843856962777,1599978391024
7608,59.45884282795774,22.61534156351982,1600064791024
7608,59.455701315183745,22.623024066386115,1600151191024
7639,59.452972999999986,22.622075,1599200789024
7639,59.44637628332575,22.624775176088768,1599287189024
7639,59.43452691428888,22.62083815113066,1599373589024
7639,59.42857495568299,22.615319822732356,1599459989024
7639,59.442827867176646,22.615357209373535,1599546389024
7639,59.45062505457918,22.607030716642793,1599632789024
7639,59.43367389605322,22.60786488595581,1599632791024
7639,59.44566964612187,22.60849324223962,1599719191024
7639,59.45617610218062,22.6142075698922,1599805591024
7639,59.45313152857048,22.627622802370222,1599891991024
7639,59.45266131679645,22.630507020581373,1599978391024
7639,59.45470477131181,22.63989904676273,1600064791024
7639,59.44679420761443,22.635713513346605,1600151191024
7639,59.45898608140044,22.642978400087024,1600237591024
7639,59.455870258841,22.649619279292637,1600323991024
7639,59.449348830742906,22.648698991168885,1600410391024
7639,59.454971473489195,22.646635743888073,1600496791024
7639,59.44817687223559,22.656002461606615,1600583191024
7828,59.452972999999986,22.622075,1599632791024
7828,59.45689425151281,22.62484386050675,1599719191024
7828,59.461621765456414,22.620509220017045,1599805591024
7828,59.45903806294956,22.60486690336702,1599891991024
7828,59.46134698156334,22.602181279198373,1599978391024
7828,59.4648554950391,22.60563750004573,1600064791024
7828,59.45819958856319,22.606795786779895,1600151191024
7828,59.44882570511504,22.60900608822204,1600237591024
7828,59.452394018904016,22.608568585058254,1600323991024
7828,59.451458525015056,22.60787163301639,1600410391024
7828,59.45344689768734,22.608592710907637,1600496791024
7828,59.45246107848661,22.600669046414843,1600583191024
7828,59.45609027646398,22.59996354655126,1600669591024
7828,59.454880606429754,22.595757958947907,1600755991024
7828,59.453707964693024,22.59332871765455,1600842391024
7881,59.452972999999986,22.622075,1600496791024
7881,59.455373839807834,22.625498756465685,1600583191024
7881,59.4566019389425,22.62983085775269,1600669591024
7881,59.455901866605785,22.631131226822166,1600755991024
7881,59.45674721936675,22.63218519957287,1600842391024
7881,59.46610856795053,22.631545238499765,1600928791024
7881,59.459076861952326,22.63226644316606,1601015191024
7881,59.46411256374435,22.635703712330233,1601101591024
7881,59.47000191773114,22.625628188454105,1601187991024
7881,59.48090501860642,22.631413469038083,1601274391024
7881,59.47532663491887,22.60083975001797,1601360791024
7881,59.48133332121648,22.611102777946787,1601360811024
7881,59.48161613160681,22.60856108494213,1601447211024
7881,59.48637274938878,22.603214604173004,1601533611024
7881,59.48726149975528,22.608705487214316,1601620011024
7881,59.494415446287746,22.610443564792615,1601706411024
7899,59.452972999999986,22.622075,1600496791024
7899,59.453909024400275,22.619545192314515,1600583191024
7899,59.44908130265236,22.637429903158026,1600669591024
7899,59.45052788146677,22.632821621060938,1600755991024
7899,59.44641062472263,22.643672972545257,1600842391024
7899,59.45001386035082,22.64489846846155,1600928791024
7899,59.44744218084463,22.644629042610816,1601015191024
7899,59.45704650670547,22.643465595043015,1601101591024
7899,59.449701046006794,22.64489796089318,1601187991024
7899,59.448404180650954,22.656874847866565,1601274391024
7899,59.457937154019135,22.656377419744217,1601360791024
7899,59.457430542769174,22.65757243358816,1601360811024
7899,59.44622826460949,22.65562211529079,1601447211024
7899,59.43702804732379,22.65283142934155,1601533611024
7899,59.44057083181696,22.65287643451299,1601620011024
7899,59.45053898958815,22.663019586402232,1601706411024
7899,59.44459315246172,22.659571660038072,1601792811024
7899,59.44783694974302,22.65555532517252,1601792839024
7908,59.452972999999986,22.622075,1600496791024
7908,59.44715372968005,22.61927335542172,1600583191024
7908,59.44134896608526,22.625545932126112,1600669591024
7908,59.46208102425405,22.624157374635516,1600755991024
7908,59.45519199025256,22.62941498434324,1600842391024
7908,59.46584700698816,22.624225527972172,1600928791024
7908,59.46615147942521,22.629822656393888,1601015191024
7908,59.47213846426888,22.619994729379727,1601101591024
7908,59.46944217322832,22.627030578826037,1601187991024
7908,59.46784353958495,22.63224005609011,1601274391024
7908,59.47667683430615,22.635101572366807,1601360791024
7908,59.48621391503204,22.630880559195028,1601360811024
7908,59.489070048342626,22.60985446233001,1601447211024
7908,59.48056986260826,22.607529716743574,1601533611024
7908,59.487848358975384,22.60057326815864,1601620011024
7908,59.489017147080176,22.59571679125669,1601706411024
7908,59.49114823675967,22.59036746363805,1601792811024
7908,59.50012475547044,22.59927462850265,1601792839024
7916,59.452972999999986,22.622075,1600496791024
7916,59.45806401389615,22.625197192584633,1600583191024
7916,59.460625435322214,22.618754246332532,1600669591024
7916,59.47789196504061,22.62947551461626,1600755991024
7916,59.48629415797876,22.599321141498105,1600842391024
7916,59.49131049956827,22.594196854527553,1600928791024
7916,59.48723166440905,22.596267394065247,1601015191024
7916,59.47921612340082,22.592861933041167,1601101591024
7916,59.480405700060516,22.59414681546421,1601187991024
7916,59.493382418300854,22.5928599543475,1601274391024
7916,59.49702925640122,22.596391184815317,1601360791024
7916,59.495624386922344,22.577832748322436,1601360811024
7916,59.50027178549095,22.574430654928843,1601447211024
7916,59.50143240000287,22.569481350847397,1601533611024
7916,59.502970592066674,22.56819655343505,1601620011024
7916,59.50984555404247,22.55680842212619,1601706411024
7916,59.508780517633,22.558154910930018,1601792811024
7916,59.50296281431389,22.56026014526548,1601792839024
7917,59.452972999999986,22.622075,1600496791024
7917,59.44653622716373,22.620130228983616,1600583191024
7917,59.45483643957573,22.613218084552575,1600669591024
7917,59.44471601476084,22.612825504053255,1600755991024
7917,59.44167404934922,22.613599805809457,1600842391024
7917,59.43706656158196,22.61359274511875,1600928791024
7917,59.437516621086786,22.61413195790044,1601015191024
7917,59.44010574907318,22.611160121542923,1601101591024
7917,59.43282078229779,22.604577547586008,1601187991024
7917,59.434433744247826,22.60572180647785,1601274391024
7917,59.43269360155827,22.59981505457049,1601360791024
7917,59.436520148814225,22.605467985248243,1601360811024
7917,59.43259975434955,22.608876109615167,1601447211024
7917,59.433099965407166,22.61947473628593,1601533611024
7917,59.43423804604831,22.63019855979268,1601620011024
7917,59.42361213536455,22.63616506230045,1601706411024
7917,59.423364830522814,22.641353744675342,1601792811024
7917,59.43688965492902,22.64079526167484,1601792839024
7971,59.452972999999986,22.622075,1601360811024
7971,59.45215258784927,22.62877705395105,1601447211024
7971,59.459754686102826,22.62596271501616,1601533611024
7971,59.465622923587205,22.62690937316799,1601620011024
7971,59.465186908308965,22.63352262121706,1601706411024
7971,59.4610355853805,22.640003076643445,1601792811024
7971,59.47230417434491,22.63366221090568,1601792839024
7971,59.478143621523856,22.637761992713777,1601879239024
7971,59.4929442536843,22.607974521930785,1601965639024
7971,59.490423856748805,22.60045335101215,1602052039024
7971,59.49152413362384,22.594982759377697,1602138439024
7971,59.48616395112225,22.590980627059203,1602224839024
7971,59.48684187626285,22.588631167707497,1602224881024
7971,59.48642128301469,22.600534956931877,1602311281024
7971,59.491946051864005,22.60871227997083,1602397681024
7971,59.49764713110852,22.602586682848703,1602484081024
7971,59.49860937957567,22.604190341237373,1602570481024
8008,59.452972999999986,22.622075,1601360811024
8008,59.45133193326285,22.631952956863188,1601447211024
8008,59.44770315552739,22.6216491518559,1601533611024
8008,59.45730379154068,22.63044655083671,1601620011024
8008,59.45403963621507,22.633532577893025,1601706411024
8008,59.45689004046653,22.619935684167068,1601792811024
8008,59.45739961843259,22.604301576484463,1601792839024
8008,59.45519314924857,22.598797376958515,1601879239024
8008,59.453856559260856,22.59875020261182,1601965639024
8008,59.45952515342128,22.590327752192167,1602052039024
8008,59.45833938073932,22.593058119934508,1602138439024
8008,59.45962074242345,22.592578432791488,1602224839024
8008,59.45402228813978,22.5933978126629,1602224881024
8008,59.441241610120755,22.590473075126624,1602311281024
8008,59.436741018191015,22.594459479065975,1602397681024
8008,59.43527969106006,22.60001406303489,1602484081024
8008,59.42141543978502,22.60551579140387,1602570481024
8054,59.452972999999986,22.622075,1601792839024
8054,59.453326274238464,22.631659156010432,1601879239024
8054,59.45654132953615,22.632917249819045,1601965639024
8054,59.46043694451731,22.640391430467297,1602052039024
8054,59.46764875862243,22.638012877290095,1602138439024
8054,59.46650964783305,22.631648070405063,1602224839024
8054,59.46764052077663,22.630068842271964,1602224881024
8054,59.47190877384361,22.635525934518384,1602311281024
8054,59.46472064737668,22.638941812018693,1602397681024
8054,59.46557903996611,22.638127856440175,1602484081024
8054,59.468155570581786,22.636106752031253,1602570481024
8054,59.46669490843635,22.63896340949774,1602656881024
8054,59.46256067735982,22.637926927110104,1602743281024
8054,59.46114121654051,22.633884536797428,1602829681024
8054,59.467719004223994,22.637558562128124,1602916081024
8054,59.47451251148499,22.645179421403004,1603002481024
8157,59.452972999999986,22.622075,1602224881024
8157,59.45278430564841,22.61852896865679,1602311281024
8157,59.45957378602236,22.61528431391313,1602397681024
8157,59.45706861254163,22.618808447071295,1602484081024
8157,59.459562364977955,22.621809708640093,1602570481024
8157,59.45808522219147,22.630221282401948,1602656881024
8157,59.46173242943047,22.623055649992377,1602743281024
8157,59.45344736784557,22.61419668177244,1602829681024
8157,59.46222444276009,22.614424213201595,1602916081024
8157,59.45895254983907,22.619221861325045,1603002481024
8157,59.45595975901654,22.627429497339712,1603088881024
8157,59.47342853709742,22.633648738303577,1603175281024
8157,59.4684569417584,22.62743677526868,1603261681024
8157,59.46164395297143,22.626802075517386,1603348081024
8157,59.45908158195988,22.620012412236072,1603434481024
8157,59.460554243659175,22.62680443566548,1603520881024
8170,59.452972999999986,22.622075,1602224881024
8170,59.45820384655667,22.62578132448204,1602311281024
8170,59.464106954242254,22.63453935250606,1602397681024
8170,59.46320606007498,22.62489721089107,1602484081024
8170,59.45674381651938,22.622438034645736,1602570481024
8170,59.46360466231872,22.623396825213437,1602656881024
8170,59.45601671700007,22.625637430373363,1602743281024
8170,59.44500737976986,22.628889402860977,1602829681024
8170,59.44450914276342,22.619730078808484,1602916081024
8170,59.44368703623212,22.616160676960504,1603002481024
8170,59.45086322395059,22.60747573619396,1603088881024
8170,59.46043146347989,22.61044267006302,1603175281024
8170,59.4437653127527,22.621211916074273,1603261681024
8170,59.443898155895795,22.622098702007047,1603348081024
8170,59.451670462464705,22.628001080751883,1603434481024
8170,59.448863502704626,22.634017355050624,1603520881024
8188,59.452972999999986,22.622075,1602224881024
8188,59.44963680988357,22.625982200321136,1602311281024
8188,59.452136399877304,22.620463136309976,1602397681024
8188,59.44778273970161,22.611694400828032,1602484081024
8188,59.45472342498075,22.60475588565815,1602570481024
8188,59.4454039580483,22.607209282871803,1602656881024
8188,59.446907296764834,22.60665920409694,1602743281024
8188,59.43301131128533,22.61236322243893,1602829681024
8188,59.436636084503675,22.613360739622852,1602916081024
8188,59.42734239223972,22.607329973140903,1603002481024
8188,59.41820024869384,22.61164012749143,1603088881024
8188,59.421529054710675,22.623887512799143,1603175281024
8188,59.41075295144282,22.62838003572012,1603261681024
8188,59.40505774204928,22.63108256398234,1603348081024
8188,59.41404582740677,22.64195018829421,1603434481024
8188,59.41419248150953,22.64561818081422,1603520881024
8218,59.452972999999986,22.622075,1605249079024
8218,59.44977389977612,22.6259581088387,1605335479024
8218,59.44548136594898,22.61766872028371,1605421879024
8218,59.44899221333688,22.609538478145307,1605508279024
8218,59.43655522481015,22.612928998826735,1605594679024
8218,59.44209718589295,22.610563706609813,1605681079024
8218,59.4533614800832,22.613903887680824,1605767479024
8218,59.44639254310789,22.61119570917357,1605853879024
8218,59.444203962658776,22.60954404935646,1605940279024
8218,59.44962071362261,22.603667573613613,1606026679024
8218,59.45294574354577,22.59925707126005,1606113079024
8218,59.454899819023325,22.604498977301912,1606113119024
8218,59.45590218827988,22.610495264734656,1606199519024
8218,59.4464307829349,22.612528603997102,1606285919024
8218,59.44958884507719,22.613168373382734,1606372319024
8218,59.44117756003902,22.61939902297435,1606458719024
8239,59.452972999999986,22.622075,1605249079024
8239,59.4459351241299,22.627599887567804,1605335479024
8239,59.44558847196646,22.62568631223361,1605421879024
8239,59.45102846737032,22.629274034762418,1605508279024
8239,59.45040467940533,22.62832761652275,1605594679024
8239,59.44497102474159,22.62377184137842,1605681079024
8239,59.44789165919252,22.624908042618408,1605767479024
8239,59.45449292002101,22.618547229957816,1605853879024
8239,59.460820684609985,22.624027582220876,1605940279024
8239,59.45764805275843,22.630224180776203,1606026679024
8239,59.47253301758286,22.6388538032789,1606113079024
8239,59.477207339831125,22.631800891691423,1606113119024
8239,59.47706572163236,22.605141426066552,1606199519024
8239,59.47977878508982,22.599233779055425,1606285919024
8239,59.48255490162904,22.59868089135199,1606372319024
8239,59.482043713312066,22.603198760969537,1606458719024
8284,59.452972999999986,22.622075,1605249079024
8284,59.45457538674572,22.62614227287584,1605335479024
8284,59.44998317360239,22.62572946609787,1605421879024
8284,59.44146080371203,22.62754417845889,1605508279024
8284,59.45052212291486,22.626455447004936,1605594679024
8284,59.44734950544975,22.627308369693747,1605681079024
8284,59.44514907586802,22.63188378228536,1605767479024
8284,59.444401792322225,22.63131125598712,1605853879024
8284,59.447512138114206,22.631580999346205,1605940279024
8284,59.45254328876348,22.625903058142587,1606026679024
8284,59.4616075068638,22.634952175982797,1606113079024
8284,59.45860965264066,22.63564009567244,1606113119024
8284,59.461122393722746,22.63700870225011,1606199519024
8284,59.46424200858104,22.63719499031999,1606285919024
8284,59.463641438919126,22.63628014969623,1606372319024
8284,59.46662605621787,22.640436257849167,1606458719024
8299,59.452972999999986,22.622075,1606113119024
8299,59.45960661820166,22.6107558816466,1606199519024
8299,59.454746516674675,22.606758578665502,1606285919024
8299,59.44024807057019,22.613645371161233,1606372319024
8299,59.44497789662901,22.60610843850925,1606458719024
8299,59.439623945670235,22.60127806712442,1606545119024
8299,59.45450168059733,22.587867195516267,1606631519024
8299,59.44851049813144,22.59113004217768,1606717919024
8299,59.45401024102975,22.594047411112616,1606804319024
8299,59.45086247803346,22.59729387996421,1606890719024
8299,59.452229464919014,22.60122534629767,1606977119024
8299,59.45320693703263,22.613173796981823,1606977149024
8299,59.46477589317709,22.615991561494734,1607063549024
8299,59.47352235254337,22.619023277747697,1607149949024
8299,59.47040437515972,22.62590261287683,1607236349024
8299,59.472528731765664,22.631808764682496,1607322749024
8317,59.452972999999986,22.622075,1606113119024
8317,59.438298122189025,22.621694601825485,1606199519024
8317,59.44259990090609,22.613246612967796,1606285919024
8317,59.43947353782377,22.611671240510084,1606372319024
8317,59.435367817613326,22.608441797050386,1606458719024
8317,59.43910712371781,22.604806553836127,1606545119024
8317,59.43318613049149,22.609137270654983,1606631519024
8317,59.43338901107134,22.613857113108356,1606717919024
8317,59.428448262622624,22.61990338584835,1606804319024
8317,59.4264205363618,22.62375279832198,1606890719024
8317,59.41923944682924,22.614676363460596,1606977119024
8317,59.42826013287856,22.625306719749204,1606977149024
8317,59.42866088311942,22.63142864738169,1607063549024
8317,59.43531807920195,22.62990200533826,1607149949024
8317,59.44209608444177,22.6289617559812,1607236349024
8317,59.44051003718147,22.618970616603885,1607322749024
8394,59.452972999999986,22.622075,1606977149024
8394,59.44395448251453,22.61671238704379,1607063549024
8394,59.43517400250184,22.6288059452287,1607149949024
8394,59.450028377373656,22.632566526275113,1607236349024
8394,59.450562724332485,22.645041521667217,1607322749024
8394,59.4456156873309,22.63866864351841,1607409149024
8394,59.44802740938283,22.64355167215708,1607495549024
8394,59.4575542532848,22.643488783097336,1607581949024
8394,59.46141464834923,22.638565824227964,1607668349024
8394,59.45158287645714,22.63197750208846,1607754749024
8394,59.44269177335187,22.639050271069937,1607841149024
8394,59.44737682326823,22.643957930177457,1607841169024
8394,59.437041887906304,22.64499356227212,1607927569024
8394,59.43307674010126,22.639950113165604,1608013969024
8394,59.436842838658805,22.63109505762144,1608100369024
8394,59.440230040121435,22.641248078680263,1608186769024
8409,59.452972999999986,22.622075,1606977149024
8409,59.44586476044287,22.621254952240772,1607063549024
8409,59.443395843456074,22.63224760369509,1607149949024
8409,59.44381478739621,22.641519122643903,1607236349024
8409,59.443455599957275,22.64788331412123,1607322749024
8409,59.441492036426325,22.645433678900005,1607409149024
8409,59.45140105101259,22.650546198389662,1607495549024
8409,59.450202100989486,22.648113157174823,1607581949024
8409,59.45488800925713,22.63764042402239,1607668349024
8409,59.45599472901202,22.631292004331986,1607754749024
8409,59.45541757954672,22.649307298779863,1607841149024
8409,59.45528255106447,22.64937979967133,1607841169024
8409,59.46161512051626,22.652085752287945,1607927569024
8409,59.45365384051908,22.649894716002564,1608013969024
8409,59.4684638911603,22.65386295863039,1608100369024
8409,59.47639100050486,22.665046925800446,1608186769024
8470,59.452972999999986,22.622075,1606977149024
8470,59.44628473483874,22.62511843488878,1607063549024
8470,59.44127166341249,22.62636104520674,1607149949024
8470,59.44512138003853,22.6252363950241,1607236349024
8470,59.45477501113584,22.619752862189923,1607322749024
8470,59.45678338023464,22.616903386134915,1607409149024
8470,59.455575616716175,22.618416458900928,1607495549024
8470,59.45108136447911,22.62318611588507,1607581949024
8470,59.447461536510616,22.607361738024427,1607668349024
8470,59.439293999327845,22.60809911986819,1607754749024
8470,59.43835618901903,22.609738188575683,1607841149024
8470,59.43571113228171,22.602101080365273,1607841169024
8470,59.43599215513024,22.613947183286044,1607927569024
8470,59.44784985565346,22.60491698123118,1608013969024
8470,59.45270935407555,22.6025506622047,1608100369024
8470,59.45353748514836,22.60441392715388,1608186769024
8500,59.452972999999986,22.622075,1607841169024
8500,59.44931232890886,22.615779843805417,1607927569024
8500,59.44138741156874,22.606973561492868,1608013969024
8500,59.43068755394097,22.616680277303228,1608100369024
8500,59.42994310728474,22.619674134325216,1608186769024
8500,59.42600713934098,22.618934581828757,1608273169024
8500,59.42689655585238,22.61685735807771,1608359569024
8500,59.429901801546066,22.611176397902717,1608445969024
8500,59.42271724971863,22.610233005678115,1608532369024
8500,59.42866787783498,22.61612408782688,1608618769024
8500,59.430584825294346,22.607098500000323,1608705169024
8500,59.42126414152102,22.601056951294815,1608791569024
8500,59.41788328939228,22.590378919336157,1608877969024
8500,59.4131211057059,22.589456624655867,1608964369024
8500,59.4192840697215,22.588098252309727,1609050769024
8530,59.452972999999986,22.622075,1607841169024
8530,59.44764466218729,22.618708674554465,1607927569024
8530,59.44331849428539,22.620344615704493,1608013969024
8530,59.443675848623826,22.6180536163002,1608100369024
8530,59.442011224926034,22.617173155115196,1608186769024
8530,59.43758900591553,22.620894776808314,1608273169024
8530,59.433678593620925,22.62127597807132,1608359569024
8530,59.43886500690212,22.627149978935673,1608445969024
8530,59.45179839020685,22.62634832237851,1608532369024
8530,59.46167397983274,22.61475288604072,1608618769024
8530,59.46082543407147,22.608394048287316,1608705169024
8530,59.46456785516523,22.60768127662273,1608791569024
8530,59.476741337709115,22.60393157157369,1608877969024
8530,59.47760867519824,22.60246156146991,1608964369024
8530,59.47812326739921,22.600031124567263,1609050769024
8619,59.452972999999986,22.622075,1609137181024
8619,59.451798934485026,22.62199171860529,1609223581024
8619,59.454939717524496,22.61701240723036,1609309981024
8619,59.45398363644671,22.61518997651876,1609396381024
8619,59.46257762342896,22.6084794956608,1609482781024
8619,59.45949557628845,22.60999204025516,1609569169024
8619,59.47249830111983,22.605986965302925,1609655569024
8619,59.47853424135547,22.598997180821584,1609741969024
8619,59.486075483189154,22.6010242550822,1609828369024
8619,59.48306956337751,22.60340666787195,1609914769024
8619,59.48311390195039,22.601009064741216,1610001169024
8619,59.49528133692996,22.60254317599957,1610087569024
8619,59.4954280535666,22.608779829853173,1610173969024
8619,59.47987833927448,22.610584789239073,1610260369024
8619,59.48230962405654,22.60937845832278,1610346769024
8620,59.452972999999986,22.622075,1609137181024
8620,59.44986786619836,22.636102333331557,1609223581024
8620,59.44793092895773,22.633952031275506,1609309981024
8620,59.451182262505995,22.639352783896825,1609396381024
8620,59.45399452053931,22.63840677612665,1609482781024
8620,59.445901691383995,22.639374044566285,1609569169024
8620,59.44212842777125,22.644073071178568,1609655569024
8620,59.44108889910012,22.64614265814402,1609741969024
8620,59.446015598416835,22.65089765289697,1609828369024
8620,59.4583395883856,22.64373666434985,1609914769024
8620,59.45506615758529,22.64583501749089,1610001169024
8620,59.45741793697371,22.65437111076505,1610087569024
8620,59.451805395756566,22.643908595464303,1610173969024
8620,59.45076655161998,22.65288365878284,1610260369024
8620,59.44343285053037,22.649749930911497,1610346769024
8675,59.452972999999986,22.622075,1609569169024
8675,59.45191157762042,22.625070941864827,1609655569024
8675,59.4575890062261,22.62355743555964,1609741969024
8675,59.46650663958383,22.626566783430647,1609828369024
8675,59.462324145575394,22.62487417129605,1609914769024
8675,59.46826891729927,22.63847807676185,1610001169024
8675,59.463968106475704,22.645370098679955,1610087569024
8675,59.46421032833976,22.6541697386419,1610173969024
8675,59.45167813122052,22.654086507551003,1610260369024
8675,59.45639847292563,22.655289150703467,1610346769024
8675,59.45803091569539,22.640569885706892,1610433149024
8675,59.46060551816521,22.64259107637744,1610519549024
8675,59.456575049054464,22.630397533190155,1610605949024
8675,59.45130736592853,22.627608397981128,1610692349024
8675,59.44719089175334,22.64160559085167,1610778749024
8698,59.452972999999986,22.622075,1609569169024
8698,59.4627638713533,22.627975394885556,1609655569024
8698,59.46189030804731,22.629538994626444,1609741969024
8698,59.46395280253154,22.640964660221904,1609828369024
8698,59.46629793007327,22.637101023670574,1609914769024
8698,59.47468553039445,22.6362117976726,1610001169024
8698,59.47042902656466,22.637933303877382,1610087569024
8698,59.46705949794935,22.64323507064562,1610173969024
8698,59.46402500580368,22.638948937476787,1610260369024
8698,59.46424324347347,22.64618927992627,1610346769024
8698,59.46455236376076,22.642722870202903,1610433149024
8698,59.47758360033867,22.641885174946413,1610519549024
8698,59.478130416854526,22.606784322218385,1610605949024
8698,59.47062333894959,22.611531841084425,1610692349024
8698,59.476194225798366,22.623796117244083,1610778749024
8727,59.452972999999986,22.622075,1609569169024
8727,59.45869109744493,22.623158211695447,1609655569024
8727,59.446049347271185,22.628152209227007,1609741969024
8727,59.454824818572376,22.623508555921784,1609828369024
8727,59.455652115706016,22.61994474275296,1609914769024
8727,59.45200714418388,22.621232830238757,1610001169024
8727,59.44863910558186,22.62059007375759,1610087569024
8727,59.45489049376346,22.63009346112907,1610173969024
8727,59.449179027475566,22.624525528632056,1610260369024
8727,59.441526998738425,22.62372184651514,1610346769024
8727,59.43735128210429,22.618577675984085,1610433149024
8727,59.439124953740816,22.612608453362228,1610519549024
8727,59.43201387571614,22.615045046992595,1610605949024
8727,59.427788829544056,22.62061663106017,1610692349024
8727,59.42616901623404,22.61711405506978,1610778749024
8766,59.452972999999986,22.622075,1610433149024
8766,59.451375458262305,22.613056063623553,1610519549024
8766,59.45355829284949,22.60704674861985,1610605949024
8766,59.471128185835255,22.60867080048711,1610692349024
8766,59.481187482742314,22.61579997084721,1610778749024
8766,59.47365027436288,22.61934882029643,1610865149024
8766,59.47459491613503,22.616713697322595,1610951549024
8766,59.4629948094597,22.6144759386014,1611037949024
8766,59.462674518145974,22.61684815382163,1611124349024
8766,59.480929286229355,22.61912306789822,1611210749024
8766,59.47559522058464,22.616178508290364,1611297149024
8766,59.47286640480141,22.62307207156204,1611383549024
8766,59.461558485501484,22.619002670554195,1611469949024
8766,59.4483149928613,22.6287289140405,1611556349024
8766,59.433074140838755,22.64648460862344,1611642749024
8766,59.4263561681708,22.6265369498651,1611729149024
8766,59.43573668180716,22.633473085770383,1611815549024
8766,59.43288007215284,22.62782816395054,1611901949024
8766,59.44622974843469,22.621750759549933,1611988349024
8774,59.452972999999986,22.622075,1610433149024
8774,59.45747262389935,22.63241901970341,1610519549024
8774,59.45008357823264,22.63039170784749,1610605949024
8774,59.44657139526248,22.612750560953835,1610692349024
8774,59.45558353882899,22.603396648678174,1610778749024
8774,59.44540916127826,22.598799364766748,1610865149024
8774,59.45416534739928,22.60022013307109,1610951549024
8774,59.46082362822318,22.60932088513005,1611037949024
8774,59.46352529317102,22.599776225136296,1611124349024
8774,59.46472756655601,22.593173600913968,1611210749024
8774,59.46798617640155,22.602778465187004,1611297149024
8774,59.46239122172034,22.597742872091377,1611383549024
8774,59.46119515227093,22.61566201088579,1611469949024
8774,59.45095994639499,22.617833886076316,1611556349024
8774,59.455929393639195,22.626752504217333,1611642749024
8774,59.45054087790422,22.620420328360527,1611729149024
8774,59.43609277186812,22.608817247795688,1611815549024
8774,59.452764244521035,22.604005231352172,1611901949024
8774,59.457146408533816,22.593450428821768,1611988349024
8814,59.452972999999986,22.622075,1610433149024
8814,59.45234045159515,22.622975292943256,1610519549024
8814,59.448245878659975,22.623151944934765,1610605949024
8814,59.43771702744783,22.625973681773896,1610692349024
8814,59.44587212722777,22.615590099514204,1610778749024
8814,59.444514348418096,22.62375270855548,1610865149024
8814,59.44424271710386,22.613143733502017,1610951549024
8814,59.462253230215595,22.605613729034612,1611037949024
8814,59.467903143202136,22.600726363097813,1611124349024
8814,59.47004300412348,22.620147428651137,1611210749024
8814,59.462856785742275,22.63216360834152,1611297149024
8814,59.46825772220325,22.621651905737146,1611383549024
8814,59.46526186177786,22.617097832917427,1611469949024
8814,59.46523517357582,22.623754665199893,1611556349024
8814,59.45746066452125,22.635423741374822,1611642749024
8814,59.45812129916342,22.636015496654245,1611729149024
8814,59.47193197651407,22.640792855861875,1611815549024
8814,59.467946074090406,22.639177676521292,1611901949024
8814,59.47271248847801,22.642947202369708,1611988349024
8914,59.452972999999986,22.622075,1612161059024
8914,59.45953900851865,22.61808861714024,1612247459024
8914,59.45336158286034,22.631138020445565,1612333859024
8914,59.451521932129594,22.6298466307027,1612420259024
8914,59.457885839161946,22.62920048111324,1612506659024
8914,59.453714694492135,22.642049728234003,1612593059024
8914,59.44699625136241,22.641099264869364,1612679459024
8914,59.44535953324066,22.634588052429255,1612765859024
8914,59.43906660919748,22.640130612106574,1612852259024
8914,59.4423419318033,22.63718511614618,1612938659024
8914,59.44108444164635,22.63959608551186,1613025059024
8914,59.44252450904969,22.63541644588432,1613111459024
8914,59.44483190217616,22.633454854865413,1613197859024
8914,59.45323614599331,22.633140993911496,1613284259024
8914,59.463906691273706,22.632295669248204,1613370659024
8914,59.46858893044853,22.6321958827958,1613456971024
8952,59.452972999999986,22.622075,1612161059024
8952,59.450308044102115,22.614536243782556,1612247459024
8952,59.45029925082156,22.60990012339172,1612333859024
8952,59.44682480214857,22.619117378872343,1612420259024
8952,59.44532919291157,22.6134488737161,1612506659024
8952,59.44464311294837,22.61846168714368,1612593059024
8952,59.450423392914445,22.60441919292062,1612679459024
8952,59.4543871044973,22.600183699371556,1612765859024
8952,59.46122681122384,22.59700959221151,1612852259024
8952,59.448829299371454,22.591812889977927,1612938659024
8952,59.445815777964754,22.588733652506807,1613025059024
8952,59.43625185089488,22.593650545473135,1613111459024
8952,59.42579813208414,22.59503955940131,1613197859024
8952,59.42999655385228,22.589296555530535,1613284259024
8952,59.430912771420935,22.58892681798337,1613370659024
8952,59.42054402897094,22.591827760208215,1613456971024
8952,59.417605398052274,22.5958201947222,1613543371024
8977,59.452972999999986,22.622075,1612161059024
8977,59.454037948517,22.62149214473028,1612247459024
8977,59.466759926410845,22.634258708096382,1612333859024
8977,59.47452915865577,22.63876743648452,1612420259024
8977,59.47001048865917,22.634563394645703,1612506659024
8977,59.46271205104614,22.646525782284513,1612593059024
8977,59.4740648592998,22.658841615864738,1612679459024
8977,59.4685182881455,22.65447384638379,1612765859024
8977,59.459411594994634,22.645777935165505,1612852259024
8977,59.459588566760544,22.643582339909845,1612938659024
8977,59.45656125074214,22.63207377583232,1613025059024
8977,59.44414754121408,22.635822069917456,1613111459024
8977,59.445359448383954,22.632538833949404,1613197859024
8977,59.43944637060724,22.62464913777547,1613284259024
8977,59.43882682544751,22.628782248454893,1613370659024
8977,59.44273658931826,22.62561393435974,1613456971024
8977,59.44599494249684,22.63224231010154,1613543371024
8999,59.452972999999986,22.622075,1613456971024
8999,59.45212304729364,22.616624569338832,1613543371024
8999,59.44745211506577,22.620995921507863,1613629771024
8999,59.44402892841981,22.616953216666523,1613716171024
8999,59.44447039564582,22.61824039988107,1613802571024
8999,59.44779843509673,22.61641452696951,1613888939024
8999,59.45566463853103,22.61322640329409,1613975339024
8999,59.44798535670665,22.613561175947893,1614061739024
8999,59.449766088097334,22.609326956060716,1614148139024
8999,59.446959106426874,22.608776832369895,1614234539024
8999,59.44384993965443,22.612559008144668,1614320911024
8999,59.44505645898624,22.621177487327657,1614407311024
8999,59.44537217298881,22.62399265943911,1614493711024
8999,59.45049355429521,22.627418879229445,1614580111024
9020,59.452972999999986,22.622075,1613456971024
9020,59.450785782183544,22.617540541763656,1613543371024
9020,59.43988979096778,22.61611025921016,1613629771024
9020,59.45007539191474,22.61413340000363,1613716171024
9020,59.44900508867789,22.618925757516553,1613802571024
9020,59.45279294526986,22.605853468382943,1613888939024
9020,59.45107333609221,22.601509580391312,1613975339024
9020,59.45670787231148,22.61200807678033,1614061739024
9020,59.45077331625561,22.603025375908796,1614148139024
9020,59.45091985114209,22.604289258235845,1614234539024
9020,59.44118606365728,22.60444505716408,1614320911024
9020,59.43244895952674,22.587760033028257,1614407311024
9020,59.42863152542844,22.58567308907465,1614493711024
9020,59.4207562608251,22.58258400181615,1614580111024
9029,59.452972999999986,22.622075,1613456971024
9029,59.453057079886634,22.62646429881983,1613543371024
9029,59.45745225328056,22.617470759400405,1613629771024
9029,59.45421596755324,22.61375415650902,1613716171024
9029,59.44510382850052,22.604922129359593,1613802571024
9029,59.439569354221845,22.6077606042918,1613888939024
9029,59.43978333519908,22.6134248973038,1613975339024
9029,59.453617095026885,22.620438738459896,1614061739024
9029,59.45359278625821,22.61335173695336,1614148139024
9029,59.45645659310918,22.62431543570357,1614234539024
9029,59.45050284656148,22.623521834313134,1614320911024
9029,59.44582428746923,22.630555974693753,1614407311024
9029,59.44283920903425,22.632890681958763,1614493711024
9029,59.44405462479864,22.625484906635425,1614580111024
9056,59.452972999999986,22.622075,1613456971024
9056,59.4494743834108,22.61423513881248,1613543371024
9056,59.45155309398527,22.60463353516384,1613629771024
9056,59.444074614249104,22.595925785215066,1613716171024
9056,59.44376232756915,22.60718642457928,1613802571024
9056,59.44798438403234,22.61305042533033,1613888939024
9056,59.44026072438655,22.617489882693594,1613975339024
9056,59.44188782292403,22.60859323371555,1614061739024
9056,59.44028959799752,22.605483166392503,1614148139024
9056,59.43709565451613,22.603993896791685,1614234539024
9056,59.44504693684934,22.597680898096044,1614320911024
9056,59.44631594950073,22.597574518433195,1614407311024
9056,59.44180299607538,22.59914082191565,1614493711024
9056,59.44612933657089,22.598185086770226,1614580111024
9056,59.4658263693301,22.591247889383503,1614666511024
9097,59.452972999999986,22.622075,1613888939024
9097,59.45767879039187,22.61759087267857,1613975339024
9097,59.455696022905215,22.61486855900638,1614061739024
9097,59.449495148883926,22.615181727588244,1614148139024
9097,59.441654096060006,22.615956090100532,1614234539024
9097,59.44384426822228,22.610066020884336,1614320911024
9097,59.439826509083815,22.608305249837972,1614407311024
9097,59.43306237934024,22.610334584074813,1614493711024
9097,59.43536491655561,22.604783748837157,1614580111024
9097,59.44446379749314,22.608180973660257,1614666511024
9097,59.43649220357534,22.61991669703256,1614752869024
9097,59.4368264878222,22.623376569582625,1614839269024
9097,59.43932181481463,22.629016820503058,1614925669024
9097,59.43731625428862,22.63337225579533,1615012069024
9097,59.447762136358136,22.631504532815768,1615098469024
9100,59.452972999999986,22.622075,1613888939024
9100,59.45171374206669,22.61602690930999,1613975339024
9100,59.45636927094759,22.611385262832236,1614061739024
9100,59.45590174397273,22.60731047497531,1614148139024
9100,59.44512478373099,22.60011461946187,1614234539024
9100,59.44207598397776,22.59951324772832,1614320911024
9100,59.44556182592015,22.599263837843427,1614407311024
9100,59.44801737625363,22.58899936881748,1614493711024
9100,59.442604641775006,22.595374973960023,1614580111024
9100,59.43944026528558,22.59729591987094,1614666511024
9100,59.4360419710315,22.59283566268676,1614752869024
9100,59.440780258819814,22.59499915291338,1614839269024
9100,59.430362916073534,22.59489019307499,1614925669024
9100,59.43394675178382,22.596513054738832,1615012069024
9100,59.4312278709522,22.593232424261217,1615098469024
9157,59.452972999999986,22.622075,1613888939024
9157,59.45207956110738,22.618151685176706,1613975339024
9157,59.45771797872905,22.61724163844906,1614061739024
9157,59.45422026585504,22.61696021669912,1614148139024
9157,59.45513139674216,22.61905885629346,1614234539024
9157,59.462463800584,22.622196912650537,1614320911024
9157,59.46887360555448,22.622511143335977,1614407311024
9157,59.47241543250246,22.62778024666008,1614493711024
9157,59.469865863138864,22.62310691116879,1614580111024
9157,59.47455446582234,22.620222603070644,1614666511024
9157,59.478893399953904,22.618018649272152,1614752869024
9157,59.48472202524175,22.62253602987728,1614839269024
9157,59.4830485667236,22.60557122333199,1614925669024
9157,59.48826101536477,22.596573275997734,1615012069024
9157,59.49256488597504,22.600938345590876,1615098469024
9159,59.452972999999986,22.622075,1613888939024
9159,59.452191400259835,22.621930708118168,1613975339024
9159,59.44772534747915,22.626128186830588,1614061739024
9159,59.449681749487866,22.63344735039732,1614148139024
9159,59.45822902459602,22.630617047828025,1614234539024
9159,59.45671515172205,22.632634595388012,1614320911024
9159,59.44668867659112,22.63162223815774,1614407311024
9159,59.440074582868846,22.622714982263844,1614493711024
9159,59.447401345584126,22.625559136609528,1614580111024
9159,59.4353066988113,22.619627379690073,1614666511024
9159,59.43095125916656,22.630375953888127,1614752869024
9159,59.433065286640726,22.63473116248539,1614839269024
9159,59.43649750435054,22.62613027753435,1614925669024
9159,59.42439771314275,22.623978064234755,1615012069024
9159,59.42321533720758,22.617769566613735,1615098469024
9162,59.452972999999986,22.622075,1613888939024
9162,59.45406066759577,22.627607290301004,1613975339024
9162,59.44100864533959,22.635079310217627,1614061739024
9162,59.43345519314903,22.643719737774056,1614148139024
9162,59.42615470861472,22.638657827580793,1614234539024
9162,59.40804608480971,22.63729915385713,1614320911024
9162,59.405242488604074,22.63375048723523,1614407311024
9162,59.40147994708383,22.63733239855362,1614493711024
9162,59.40738781368762,22.638602267865625,1614580111024
9162,59.4000401552446,22.640194729468774,1614666511024
9162,59.40118982137693,22.65247200213585,1614752869024
9162,59.40538332356931,22.652770180802317,1614839269024
9162,59.404681317358126,22.648625378593515,1614925669024
9162,59.40792859088327,22.658559824120427,1615012069024
9162,59.40145854656697,22.66070387256417,1615098469024
9234,59.452972999999986,22.622075,1614320911024
9234,59.45180095810301,22.62665464118471,1614407311024
9234,59.44963034303143,22.63005906831803,1614493711024
9234,59.454460139938874,22.62599181653401,1614580111024
9234,59.471413699555995,22.621004774060044,1614666511024
9234,59.46502606531283,22.6264471729498,1614752869024
9234,59.45986171933134,22.620102819226357,1614839269024
9234,59.45914180861706,22.61766307778855,1614925669024
9234,59.45182755965172,22.615077703393357,1615012069024
9234,59.45289007856246,22.607608696652015,1615098469024
9234,59.45272781942367,22.605384415370104,1615184869024
9234,59.457075113394694,22.606076204834316,1615271269024
9234,59.46157926063327,22.61117655249487,1615357669024
9234,59.46411328655822,22.608292462123913,1615444069024
9234,59.456023822644624,22.607361496438234,1615530469024
9234,59.45433425420225,22.602675751966647,1615616869024
9236,59.452972999999986,22.622075,1614320911024
9236,59.46186590958473,22.620387470325,1614407311024
9236,59.462110889472314,22.612423775999545,1614493711024
9236,59.45831310145948,22.617669358975892,1614580111024
9236,59.45981265600963,22.62551365374114,1614666511024
9236,59.47305703062233,22.62996829958039,1614752869024
9236,59.4809647644833,22.626457490924967,1614839269024
9236,59.473558830864704,22.59888268867668,1614925669024
9236,59.47643819089038,22.598428088625596,1615012069024
9236,59.485358972917965,22.602342775789555,1615098469024
9236,59.48552754399475,22.600479961008897,1615184869024
9236,59.496368268407565,22.609271365635085,1615271269024
9236,59.501766657198,22.61449866633268,1615357669024
9236,59.50423207694607,22.618082609571896,1615444069024
9236,59.512554761991254,22.61964955507054,1615530469024
9236,59.517797587811486,22.62353576924522,1615616869024
9315,59.452972999999986,22.622075,1614752869024
9315,59.455512347801175,22.622935292966723,1614839269024
9315,59.447457619166954,22.624813175088324,1614925669024
9315,59.441693434588075,22.622688333478735,1615012069024
9315,59.432887387207415,22.62056314911637,1615098469024
9315,59.43708002134707,22.61027937437971,1615184869024
9315,59.441004566841286,22.60445185852474,1615271269024
9315,59.43580707356779,22.60619651214712,1615357669024
9315,59.43315903139876,22.605556348230415,1615444069024
9315,59.4388012286708,22.592873040027047,1615530469024
9315,59.43075828429892,22.597267963324946,1615616869024
9315,59.43820199766168,22.59081051029195,1615703269024
9315,59.430593331581605,22.596965233671543,1615789669024
9315,59.43371286806993,22.58641657743161,1615876069024
9315,59.43063249554558,22.58811064202099,1615962469024
9315,59.434150365435954,22.589777600614365,1616048791024
9384,59.452972999999986,22.622075,1616048791024
9384,59.45739190438016,22.627760328537413,1616135191024
9384,59.453904660095304,22.629431595117744,1616221591024
9384,59.45726131097976,22.62604079716696,1616307991024
9384,59.44987905666815,22.63952208858436,1616394391024
9384,59.43829711398939,22.644382402968805,1616480791024
9384,59.44785167162525,22.643270573927172,1616567191024
9384,59.44048567563323,22.64710868519715,1616653591024
9384,59.449445689296056,22.652354617787573,1616739991024
9384,59.45150390270081,22.639850975519764,1616826391024
9384,59.4589436465252,22.64119298021937,1616912791024
9384,59.45942337489768,22.641158947047913,1616999191024
9384,59.44774063923654,22.63029187360042,1617085591024
9384,59.4501289175889,22.632351351392693,1617171991024
9384,59.44189787233782,22.637526477080826,1617258391024
9414,59.452972999999986,22.622075,1616048791024
9414,59.459505892270926,22.624063434117303,1616135191024
9414,59.46770282300341,22.6309384791128,1616221591024
9414,59.46691694410433,22.629186112787252,1616307991024
9414,59.465960614204704,22.623262779361944,1616394391024
9414,59.46850948048524,22.61806270456094,1616480791024
9414,59.47011644429256,22.61854443946667,1616567191024
9414,59.46786632704723,22.611043299964336,1616653591024
9414,59.46676155880397,22.61115567638543,1616739991024
9414,59.46281884417718,22.611156229946012,1616826391024
9414,59.466184631249575,22.614565353485144,1616912791024
9414,59.46501074211375,22.621287246377776,1616999191024
9414,59.47094427224687,22.62285766282758,1617085591024
9414,59.48301383297158,22.613290801203487,1617171991024
9414,59.486328582260626,22.616163970001832,1617258391024
9507,59.452972999999986,22.622075,1617344789024
9507,59.466237020222934,22.613247948564386,1617431189024
9507,59.45908339771088,22.613511657252552,1617517589024
9507,59.46120296070143,22.61661392734952,1617603989024
9507,59.472351761107234,22.602521865131745,1617690389024
9507,59.46950700075848,22.61048564809429,1617776789024
9507,59.47421895701092,22.615685011364366,1617863189024
9507,59.46781935589547,22.610656970940475,1617949589024
9507,59.463188846430285,22.608479162792875,1618035989024
9507,59.46944691869325,22.605120471255788,1618122389024
9507,59.46216475597211,22.601117325919493,1618208789024
9507,59.468376809437785,22.60116567909014,1618295189024
9507,59.479126793486046,22.601677185974474,1618381589024
9507,59.47281469862821,22.5944663216353,1618467989024
9507,59.46649273149515,22.60175911442974,1618554389024
9542,59.452972999999986,22.622075,1618208789024
9542,59.4600855747924,22.629504303237727,1618295189024
9542,59.451663840585326,22.631659722820768,1618381589024
9542,59.45387026848044,22.642689982837993,1618467989024
9542,59.462339108831486,22.652943630756113,1618554389024
9542,59.448371910824875,22.652202617820684,1618640789024
9542,59.450051993809495,22.65542564845794,1618727189024
9542,59.44706867160312,22.662218505184423,1618813589024
9542,59.44795484725665,22.667483621651233,1618899989024
9542,59.44347808621674,22.66490308478539,1618986389024
9542,59.44077492744225,22.667088315037756,1619072779024
9542,59.44174173020377,22.662470524685016,1619159179024
9542,59.440840772752495,22.659745820499698,1619245579024
9542,59.43300404910383,22.65384786448608,1619331979024
9542,59.4396079557294,22.653053179192852,1619418379024
9575,59.452972999999986,22.622075,1618208789024
9575,59.45409101427654,22.62405183822278,1618295189024
9575,59.44906333835354,22.623090219793436,1618381589024
9575,59.44280749490193,22.619546852091815,1618467989024
9575,59.43666121125818,22.62680921009651,1618554389024
9575,59.434441291400134,22.63316601550327,1618640789024
9575,59.43898083404264,22.636604368802537,1618727189024
9575,59.45368801748267,22.649300330659766,1618813589024
9575,59.45692281270871,22.648513705449226,1618899989024
9575,59.46692884259664,22.643773508613616,1618986389024
9575,59.46782696752024,22.64288783570756,1619072779024
9575,59.46619228290129,22.644371019257488,1619159179024
9575,59.46519991850283,22.6416627029946,1619245579024
9575,59.46200637543865,22.64037836509823,1619331979024
9575,59.474221469186375,22.63805096252906,1619418379024
9636,59.452972999999986,22.622075,1619072779024
9636,59.457721265508326,22.629116309910145,1619159179024
9636,59.450850862035054,22.62749725374059,1619245579024
9636,59.45720676161443,22.635748295461024,1619331979024
9636,59.45498487052319,22.63489382316573,1619418379024
9636,59.45742656787883,22.63005787178409,1619504779024
9636,59.460396786216194,22.621145488585775,1619591179024
9636,59.47458371649873,22.620991367132987,1619677579024
9636,59.47146308175391,22.628560872737346,1619763979024
9636,59.476070098726154,22.62969639059625,1619850379024
9636,59.47934536924021,22.62260032334023,1619936779024
9636,59.489511345801816,22.594259312067297,1620023179024
9636,59.49300473196959,22.588050145599393,1620109579024
9636,59.49161812448216,22.591556397660906,1620195979024
9636,59.482783553015054,22.59811862351707,1620282379024
9698,59.452972999999986,22.622075,1619072779024
9698,59.45524126742441,22.616821008304623,1619159179024
9698,59.45578119585036,22.60015503630634,1619245579024
9698,59.4606461484768,22.59065086808743,1619331979024
9698,59.45575973852112,22.588738289100228,1619418379024
9698,59.45159237569732,22.5857672740936,1619504779024
9698,59.448603231053085,22.58471855424242,1619591179024
9698,59.453881669187695,22.58861201951743,1619677579024
9698,59.44425650308844,22.590888115193263,1619763979024
9698,59.44493885489314,22.584298282384125,1619850379024
9698,59.44155451325679,22.58305552391615,1619936779024
9698,59.44438790843779,22.58596357754966,1620023179024
9698,59.43821586303318,22.585045979688715,1620109579024
9698,59.42825658218652,22.583965639062352,1620195979024
9698,59.429772539043086,22.59241620463849,1620282379024
9708,59.452972999999986,22.622075,1619072779024
9708,59.4629304784074,22.62911258528139,1619159179024
9708,59.47355082449445,22.622203788569298,1619245579024
9708,59.46928391009749,22.633145943951067,1619331979024
9708,59.47769668115541,22.641034926029175,1619418379024
9708,59.499760754860176,22.610901278392216,1619504779024
9708,59.4911988942263,22.6217243046557,1619591179024
9708,59.498358366341904,22.596403047612498,1619677579024
9708,59.505405646508706,22.59533834765728,1619763979024
9708,59.506146323799584,22.5966793482025,1619850379024
9708,59.49642671642991,22.60154923570593,1619936779024
9708,59.48836998273816,22.588789449196177,1620023179024
9708,59.4923349630935,22.584939253233905,1620109579024
9708,59.485782144611306,22.593082466058355,1620195979024
9708,59.49892822561819,22.586387806063872,1620282379024
9734,59.452972999999986,22.622075,1621232791024
9734,59.447432684723594,22.623185426072418,1621319191024
9734,59.44588986958999,22.610567055370204,1621405591024
9734,59.44445319711804,22.600249114999507,1621491991024
9734,59.44739025292253,22.604294403106927,1621578391024
9734,59.44349601454408,22.607837666329484,1621664791024
9734,59.44056069207363,22.619080020252376,1621751191024
9734,59.43384974817906,22.60982362091487,1621837591024
9734,59.43798500717634,22.60562582016895,1621923991024
9734,59.4286821696638,22.60257951100498,1622010391024
9734,59.43249915358564,22.596502329855443,1622096791024
9734,59.43645456403357,22.60624787159785,1622183191024
9734,59.4341123295618,22.60778907468509,1622269591024
9734,59.44494062752261,22.608565648369815,1622355991024
9734,59.44379675760746,22.616132907492396,1622442391024
9734,59.44574742320418,22.61414711227325,1622528789024
9771,59.452972999999986,22.622075,1621232791024
9771,59.44687189961854,22.62305635609225,1621319191024
9771,59.449306220308074,22.627567805948708,1621405591024
9771,59.45267018738522,22.62322921629344,1621491991024
9771,59.45543096871069,22.62249296112231,1621578391024
9771,59.46172582482029,22.616376287000023,1621664791024
9771,59.45486283400652,22.623683692491028,1621751191024
9771,59.45598489375334,22.62491039421028,1621837591024
9771,59.463063601383226,22.629321245565254,1621923991024
9771,59.45762753257912,22.627199774373167,1622010391024
9771,59.45520832790436,22.618994444301364,1622096791024
9771,59.45352352337403,22.61637902680287,1622183191024
9771,59.460548161893,22.614398057197967,1622269591024
9771,59.46467404340791,22.612672876870025,1622355991024
9771,59.47165889021164,22.6143679464679,1622442391024
9771,59.47658791416126,22.610187303135508,1622528789024
9809,59.452972999999986,22.622075,1621232791024
9809,59.456528944146584,22.633700267881032,1621319191024
9809,59.44591506605926,22.63519397420795,1621405591024
9809,59.44101283371992,22.640163287780908,1621491991024
9809,59.438188804252434,22.62918420863907,1621578391024
9809,59.43416437146192,22.6217462227731,1621664791024
9809,59.4336765181028,22.615535781209445,1621751191024
9809,59.42558243998877,22.60601818794325,1621837591024
9809,59.429934145449096,22.599248531811423,1621923991024
9809,59.41884111217763,22.606754499360868,1622010391024
9809,59.4255186561893,22.601105098334305,1622096791024
9809,59.42817872643633,22.600844439160916,1622183191024
9809,59.43471317718945,22.593953827587896,1622269591024
9809,59.41551093450599,22.584933503929356,1622355991024
9809,59.421333963619134,22.594730832922306,1622442391024
9809,59.42696657005786,22.592404436582953,1622528789024
9815,59.452972999999986,22.622075,1622096791024
9815,59.44575599953805,22.61815468746664,1622183191024
9815,59.439690778210746,22.608526711729265,1622269591024
9815,59.41808764303107,22.61071698442565,1622355991024
9815,59.42166066339547,22.617488865979062,1622442391024
9815,59.42497666873754,22.615720708763508,1622528789024
9815,59.43183558391087,22.610901555024093,1622615189024
9815,59.43733008552647,22.607800386566417,1622701589024
9815,59.43033644482085,22.594944119580695,1622787989024
9815,59.43917219297245,22.585288402592372,1622874389024
9815,59.44666122173726,22.582923371203854,1622960789024
9815,59.441605472147984,22.57907591043594,1623047189024
9815,59.45035495565992,22.573226888856652,1623133589024
9815,59.45659590324345,22.579002029404194,1623219989024
9815,59.44859524997824,22.5756495150968,1623306389024
9840,59.452972999999986,22.622075,1622096791024
9840,59.45052337355765,22.631140811903496,1622183191024
9840,59.45343141879368,22.63042736322773,1622269591024
9840,59.46234019014332,22.633702285340817,1622355991024
9840,59.45693086939886,22.63230924085556,1622442391024
9840,59.4679790435537,22.62959334188301,1622528789024
9840,59.46975274979465,22.63796990485488,1622615189024
9840,59.47409101028285,22.639755727751982,1622701589024
9840,59.470040817507254,22.63709335415285,1622787989024
9840,59.461803806992066,22.635490659239196,1622874389024
9840,59.45821307260189,22.63671607179753,1622960789024
9840,59.467322950370146,22.635655508378395,1623047189024
9840,59.46991310897917,22.638020136166094,1623133589024
9840,59.46039917012061,22.640991675850593,1623219989024
9840,59.45513036090506,22.64548960726287,1623306389024
9841,59.452972999999986,22.622075,1622096791024
9841,59.452293446572185,22.613322647607077,1622183191024
9841,59.45845905188412,22.618969611911776,1622269591024
9841,59.45719223974257,22.620085274056414,1622355991024
9841,59.46268506194912,22.623758240435016,1622442391024
9841,59.46373794731457,22.614802005403934,1622528789024
9841,59.47597636486114,22.60425337809392,1622615189024
9841,59.484514618329854,22.602304178419356,1622701589024
9841,59.478535966483435,22.601154648979108,1622787989024
9841,59.483860581669745,22.59741954741419,1622874389024
9841,59.48646605607453,22.597498814196015,1622960789024
9841,59.47774957321474,22.58963553695222,1623047189024
9841,59.47478074643004,22.584490754717276,1623133589024
9841,59.47068256996545,22.58539303382726,1623219989024
9841,59.46233381599441,22.588113188680182,1623306389024
9849,59.452972999999986,22.622075,1622096791024
9849,59.45678838058578,22.620083221653964,1622183191024
9849,59.44974815669735,22.62023792276531,1622269591024
9849,59.45705908526935,22.61296346960413,1622355991024
9849,59.442539136897494,22.605846999948067,1622442391024
9849,59.449693103354264,22.608672890644502,1622528789024
9849,59.43428764486663,22.60701605038395,1622615189024
9849,59.43304027016816,22.608648913639396,1622701589024
9849,59.42927182064682,22.60391288927347,1622787989024
9849,59.435477021537025,22.6104759418897,1622874389024
9849,59.439531000666875,22.605050635032818,1622960789024
9849,59.441362435244685,22.597126664207313,1623047189024
9849,59.4332846660395,22.608794072674513,1623133589024
9849,59.43049270373166,22.607956909790214,1623219989024
9849,59.428352824574034,22.602908086045204,1623306389024
9862,59.452972999999986,22.622075,1622096791024
9862,59.459064068563066,22.61566377422871,1622183191024
9862,59.45639900812901,22.62258966802919,1622269591024
9862,59.45721131696692,22.631953002415493,1622355991024
9862,59.454458962015366,22.625456902234507,1622442391024
9862,59.45807859836697,22.628654802180144,1622528789024
9862,59.45907641287474,22.63151382384171,1622615189024
9862,59.46458764946078,22.623394268202148,1622701589024
9862,59.465461199730214,22.61675397774664,1622787989024
9862,59.465004834188136,22.621912276753623,1622874389024
9862,59.45973419127006,22.629768103122696,1622960789024
9862,59.45618503325014,22.61697897462892,1623047189024
9862,59.463183664106225,22.615864922426123,1623133589024
9862,59.46639119047552,22.612899437852576,1623219989024
9862,59.450534141577066,22.60152745846403,1623306389024
9862,59.45473432291479,22.600461804062576,1623392789024
9877,59.452972999999986,22.622075,1622096791024
9877,59.45580471267209,22.62785970625779,1622183191024
9877,59.45357375146318,22.6343916959318,1622269591024
9877,59.45761451105096,22.64065664143987,1622355991024
9877,59.4698566319276,22.631132021992432,1622442391024
9877,59.471044917757865,22.629236417719643,1622528789024
9877,59.47968989679472,22.632834599587508,1622615189024
9877,59.48655820880907,22.60538056177395,1622701589024
9877,59.47909162026065,22.611510108366364,1622787989024
9877,59.47620341795496,22.596435867649756,1622874389024
9877,59.47806894665959,22.597526275158035,1622960789024
9877,59.47378436940326,22.599609436752687,1623047189024
9877,59.460257483874386,22.6019326550628,1623133589024
9877,59.46162816003874,22.60653030944933,1623219989024
9877,59.459702628475895,22.601281490027496,1623306389024
9877,59.46639261324569,22.606517232799877,1623392789024
9936,59.452972999999986,22.622075,1622528789024
9936,59.44798167145254,22.622694094112372,1622615189024
9936,59.43939494909259,22.628911686796148,1622701589024
9936,59.43649567189365,22.632237958628092,1622787989024
9936,59.435402284730515,22.62512106552082,1622874389024
9936,59.42939265379209,22.62526876050069,1622960789024
9936,59.41816069207647,22.63469521315362,1623047189024
9936,59.4283821507525,22.646221994967895,1623133589024
9936,59.43457013591387,22.634693744155644,1623219989024
9936,59.43867126309368,22.630023808779885,1623306389024
9936,59.42757753722128,22.626522551128367,1623392789024
9936,59.425902461282675,22.62301652552943,1623479189024
9936,59.436229629402845,22.624070314506874,1623565589024
9936,59.44079041694232,22.631031099741495,1623651989024
9936,59.445899722431534,22.61945941791747,1623738389024
9937,59.452972999999986,22.622075,1622528789024
9937,59.45034170455955,22.628290623476076,1622615189024
9937,59.44367449775061,22.634220656232685,1622701589024
9937,59.45369138332654,22.633476320069867,1622787989024
9937,59.44785457876793,22.627648316265475,1622874389024
9937,59.44513856094051,22.614715132677436,1622960789024
9937,59.44958068884057,22.63208889547823,1623047189024
9937,59.4494586374752,22.626866436490047,1623133589024
9937,59.43982283931382,22.628240327134883,1623219989024
9937,59.43995609177287,22.63590907959799,1623306389024
9937,59.42916699133855,22.630777633853715,1623392789024
9937,59.42578957809954,22.630391731018623,1623479189024
9937,59.42676356623673,22.62605704491418,1623565589024
9937,59.42561770958022,22.618459309124265,1623651989024
9937,59.421127091930146,22.61809813143987,1623738389024
9950,59.452972999999986,22.622075,1622528789024
9950,59.45322467315793,22.61921828078642,1622615189024
9950,59.4490220959934,22.615708012497297,1622701589024
9950,59.447406700847694,22.615234671506315,1622787989024
9950,59.43952758601489,22.610744302139896,1622874389024
9950,59.43841875813641,22.61624158282099,1622960789024
9950,59.447469757552966,22.62020286727448,1623047189024
9950,59.444354802842355,22.626255802676816,1623133589024
9950,59.43820690449712,22.627368589180634,1623219989024
9950,59.437731905966814,22.628146339547538,1623306389024
9950,59.44246172403484,22.629611128905907,1623392789024
9950,59.43965623182336,22.64312277624634,1623479189024
9950,59.44858131686328,22.634847713481097,1623565589024
9950,59.45943404840224,22.628904575887375,1623651989024
9950,59.46098865586424,22.6315856912589,1623738389024
9950,59.457989945211466,22.633258623394255,1623824789024
10029,59.452972999999986,22.622075,1624256789024
10029,59.45297913239224,22.63266442704747,1624343189024
10029,59.43618853633896,22.624398947850704,1624429589024
10029,59.433191875828385,22.614280772108163,1624515989024
10029,59.43484586476734,22.607600691900014,1624602389024
10029,59.424007055219846,22.617573997001205,1624688789024
10029,59.42803481727748,22.60078497366912,1624688791024
10029,59.43272747470024,22.59880515145537,1624775191024
10029,59.43481987019299,22.604594330187965,1624861591024
10029,59.42982243636291,22.61051454367795,1624947991024
10029,59.43206969018797,22.610020277031076,1625034391024
10029,59.43356335404502,22.613902039905245,1625120791024
10029,59.42480014846254,22.61245702061213,1625207191024
10029,59.42706641835653,22.61999910219229,1625293591024
10029,59.42285307715457,22.63070380840273,1625379991024
10029,59.4158957278824,22.629927502165636,1625466391024
10029,59.42306349758405,22.635169930032415,1625552791024
10038,59.452972999999986,22.622075,1624256789024
10038,59.460634552000215,22.63081521211471,1624343189024
10038,59.455055680047394,22.63033877838828,1624429589024
10038,59.46499797657418,22.63077718316932,1624515989024
10038,59.45748732062026,22.633307142624204,1624602389024
10038,59.4530664146404,22.626703042873498,1624688789024
10038,59.459377335233,22.625902202582676,1624688791024
10038,59.4668229677803,22.628881508548968,1624775191024
10038,59.469701117431555,22.638090413635897,1624861591024
10038,59.46804190098604,22.632281731434396,1624947991024
10038,59.45168472331886,22.625108532719707,1625034391024
10038,59.4503035084515,22.62890104478043,1625120791024
10038,59.4547262539358,22.62770672052112,1625207191024
10038,59.45725285169837,22.624324355511483,1625293591024
10038,59.45985131938673,22.633845170548984,1625379991024
10038,59.45304279236518,22.63025141400469,1625466391024
10038,59.4505861318404,22.622312534881512,1625552791024
10056,59.452972999999986,22.622075,1624256789024
10056,59.455624160656555,22.629581547316707,1624343189024
10056,59.455640373945954,22.62243778264296,1624429589024
10056,59.451053999775354,22.614238592970537,1624515989024
10056,59.44592297301699,22.615478510701507,1624602389024
10056,59.44098612670712,22.61977075226273,1624688789024
10056,59.44183339985332,22.61551529568284,1624688791024
10056,59.43799476661337,22.61425762099923,1624775191024
10056,59.43726120410625,22.620235981890445,1624861591024
10056,59.43783901894113,22.61967182944429,1624947991024
10056,59.42974044221256,22.611370043726215,1625034391024
10056,59.42650468511235,22.60070472065907,1625120791024
10056,59.41929318349264,22.599553890474777,1625207191024
10056,59.425704885283864,22.606517542567204,1625293591024
10056,59.42946841825966,22.6145579411895,1625379991024
10056,59.4166548979602,22.6156663332074,1625466391024
10056,59.41187486777807,22.613991527885993,1625552791024
10056,59.40808276345368,22.615785937825603,1625639191024
10091,59.452972999999986,22.622075,1624256789024
10091,59.45875262337188,22.61919665426803,1624343189024
10091,59.457204049919056,22.615455842022556,1624429589024
10091,59.47021633066606,22.60806583386005,1624515989024
10091,59.47131858740167,22.60686776383448,1624602389024
10091,59.46943150461749,22.61681676092729,1624688789024
10091,59.46344838854864,22.620982131089672,1624688791024
10091,59.46113401551321,22.62584523167837,1624775191024
10091,59.47257576182636,22.620079747179993,1624861591024
10091,59.468609660950165,22.618800249688302,1624947991024
10091,59.468594965907755,22.62642698443614,1625034391024
10091,59.476779617862235,22.620241304767756,1625120791024
10091,59.47638457438174,22.62409839609591,1625207191024
10091,59.46480325792311,22.634429736792903,1625293591024
10091,59.47049129718681,22.63875526918134,1625379991024
10091,59.47751093335819,22.638106753013453,1625466391024
10091,59.49549664507788,22.61391629139521,1625552791024
10091,59.49283217010418,22.621084996063157,1625639191024
10108,59.452972999999986,22.622075,1624256789024
10108,59.4467784649336,22.630809794450705,1624343189024
10108,59.43203934898497,22.642709446048155,1624429589024
10108,59.42602160462093,22.629720501632047,1624515989024
10108,59.40953867202856,22.624492566132933,1624602389024
10108,59.406863843836135,22.61875310572263,1624688789024
10108,59.38831541983811,22.6176435975034,1624688791024
10108,59.391460982397405,22.619829211505845,1624775191024
10108,59.38628563226536,22.61905676856274,1624861591024
10108,59.37256370782799,22.62590587220149,1624947991024
10108,59.36575186756917,22.627364388263384,1625034391024
10108,59.3653182936315,22.623931385624672,1625120791024
10108,59.373159201411056,22.62863088961469,1625207191024
10108,59.36027328025432,22.630819537563923,1625293591024
10108,59.36984090179601,22.63144689072976,1625379991024
10108,59.37480727181122,22.631133495862336,1625466391024
10108,59.380636507605175,22.629517393499167,1625552791024
10108,59.373848383542054,22.627134168332734,1625639191024
10128,59.452972999999986,22.622075,1624688791024
10128,59.45164251193674,22.615519114272832,1624775191024
10128,59.44537874546904,22.61356881052845,1624861591024
10128,59.45033495871937,22.620376172085905,1624947991024
10128,59.431751658759794,22.61748014695829,1625034391024
10128,59.42787744293605,22.613460019930947,1625120791024
10128,59.43055304692649,22.615829496469996,1625207191024
10128,59.427845602184846,22.621280777980814,1625293591024
10128,59.4223180034011,22.61824490861693,1625379991024
10128,59.43697929343941,22.62773460802487,1625466391024
10128,59.43029332262884,22.633137983766336,1625552791024
10128,59.429102953352185,22.636310161152434,1625639191024
10128,59.412881413941705,22.64096734430507,1625725591024
10128,59.39980345465199,22.637100463495624,1625811991024
10128,59.38927271065435,22.646775726083504,1625898391024
10182,59.452972999999986,22.622075,1624688791024
10182,59.451206221208395,22.621438596608357,1624775191024
10182,59.43795725922888,22.619029336835997,1624861591024
10182,59.43409102265886,22.614649903614342,1624947991024
10182,59.42781883637298,22.60791035261013,1625034391024
10182,59.41905923563226,22.610846811137087,1625120791024
10182,59.43088332899663,22.6138719705362,1625207191024
10182,59.4305987139316,22.61192760906291,1625293591024
10182,59.43547937941463,22.61729691477041,1625379991024
10182,59.41667396739712,22.621135404145516,1625466391024
10182,59.41133641985138,22.623098360175653,1625552791024
10182,59.40883012730126,22.61888313245497,1625639191024
10182,59.40617620070361,22.613342644372157,1625725591024
10182,59.41243023043461,22.613764033672,1625811991024
10182,59.41796988904622,22.6167092011082,1625898391024
10182,59.415239593653325,22.629149389843384,1625984791024
10264,59.452972999999986,22.622075,1625552791024
10264,59.45848978633313,22.625877119234634,1625639191024
10264,59.456395205776005,22.623981313690667,1625725591024
10264,59.46100636528166,22.622169035963253,1625811991024
10264,59.469986006084355,22.624826487285855,1625898391024
10264,59.46768284494644,22.619470198975492,1625984791024
10264,59.46791845465668,22.626357686098537,1626071191024
10264,59.45610949014855,22.61877120112108,1626157591024
10264,59.45130694321409,22.620747043222988,1626243991024
10264,59.45128704661656,22.62291667451388,1626330391024
10264,59.453576908479874,22.626839577698544,1626416791024
10264,59.452328931107274,22.615572600298712,1626503191024
10264,59.45386971659136,22.62052674523319,1626589591024
10264,59.44840838149338,22.62175666275582,1626675991024
10264,59.4548617987879,22.61982306330992,1626762391024
10279,59.452972999999986,22.622075,1625552791024
10279,59.464975841832086,22.621085048266348,1625639191024
10279,59.463855363496606,22.636762931248953,1625725591024
10279,59.459312392333345,22.635786373420892,1625811991024
10279,59.45414301448895,22.64757866571985,1625898391024
10279,59.45769538761576,22.647269789821507,1625984791024
10279,59.45958445389914,22.658962034525935,1626071191024
10279,59.4640646280792,22.65688169463516,1626157591024
10279,59.46665922326855,22.664835964032,1626243991024
10279,59.46813545002638,22.665014654446853,1626330391024
10279,59.46714248923664,22.666124043864976,1626416791024
10279,59.46151069320345,22.665582479520673,1626503191024
10279,59.457896972200786,22.67232581724892,1626589591024
10279,59.4549656695001,22.670071526035,1626675991024
10279,59.4468076355889,22.669103593910197,1626762391024
10289,59.452972999999986,22.622075,1625552791024
10289,59.44531220009048,22.61721592132643,1625639191024
10289,59.44907683208828,22.611746416953476,1625725591024
10289,59.448408021113806,22.610303537601578,1625811991024
10289,59.44301604030653,22.60631986405961,1625898391024
10289,59.45088788304054,22.61044493603142,1625984791024
10289,59.449475407597674,22.60858792989002,1626071191024
10289,59.446929108301845,22.611533187491787,1626157591024
10289,59.44881416662588,22.61707554399085,1626243991024
10289,59.45126445997758,22.618709319026145,1626330391024
10289,59.45744749871113,22.61992160516421,1626416791024
10289,59.45183747894168,22.619651489732657,1626503191024
10289,59.46273199846556,22.631664931884316,1626589591024
10289,59.46415933375104,22.63586107248927,1626675991024
10289,59.47021225051574,22.63032864787443,1626762391024
10359,59.452972999999986,22.622075,1629008791024
10359,59.45749227101899,22.624381537880787,1629095191024
10359,59.45182837222862,22.629003849867846,1629181591024
10359,59.447975579638126,22.62468010641937,1629267991024
10359,59.44668537265392,22.61589869084743,1629354391024
10359,59.4434028846016,22.623840409224456,1629440789024
10359,59.4321509441136,22.62453670927815,1629527189024
10359,59.4288183508836,22.61467304618866,1629613589024
10359,59.42630500206971,22.616506068723883,1629699989024
10359,59.43917299796516,22.613524006881107,1629786389024
10359,59.43993440597393,22.622469782063327,1629872789024
10359,59.42792334005327,22.6224510258663,1629872791024
10359,59.418516501167176,22.621672907457025,1629959191024
10359,59.42335740758776,22.631722184806552,1630045591024
10359,59.4282603342412,22.63076559135265,1630131991024
10359,59.438048567388535,22.63031800609293,1630218391024
10359,59.45242598615175,22.634765804036068,1630304791024
10373,59.452972999999986,22.622075,1629008791024
10373,59.44961384128317,22.62512143365132,1629095191024
10373,59.457731041927445,22.62300574461412,1629181591024
10373,59.46988852315479,22.632242629980286,1629267991024
10373,59.46151924102466,22.62792592007214,1629354391024
10373,59.44670640256294,22.638106368106676,1629440789024
10373,59.45134093682845,22.635350746506457,1629527189024
10373,59.451590794577555,22.62944442181688,1629613589024
10373,59.44786324794788,22.63303446139243,1629699989024
10373,59.45016070593607,22.64040886175887,1629786389024
10373,59.44449457532619,22.63867234771453,1629872789024
10373,59.44975138043429,22.650022585175964,1629872791024
10373,59.450211742590255,22.648311826098706,1629959191024
10373,59.441803666611406,22.649308857764645,1630045591024
10373,59.443808709958205,22.649691766961077,1630131991024
10373,59.43900137571367,22.64321125857097,1630218391024
10373,59.43728621188646,22.642746497562545,1630304791024
10381,59.452972999999986,22.622075,1629008791024
10381,59.454052712533326,22.614191890367604,1629095191024
10381,59.463934503817256,22.614260627669612,1629181591024
10381,59.46679760202551,22.60298215813878,1629267991024
10381,59.46684705948533,22.61076747457226,1629354391024
10381,59.4715847687404,22.625530993078485,1629440789024
10381,59.47280504337781,22.625469410259512,1629527189024
10381,59.47442024686336,22.628688921548783,1629613589024
10381,59.48233400568611,22.62097014952261,1629699989024
10381,59.48290571756846,22.627068345833464,1629786389024
10381,59.48351253598332,22.60755382008266,1629872789024
10381,59.47443688264349,22.61983940350968,1629872791024
10381,59.45186478252717,22.622542441881222,1629959191024
10381,59.45736926045325,22.628145832572574,1630045591024
10381,59.45262726018311,22.62314777765402,1630131991024
10381,59.45617997595019,22.63812821163542,1630218391024
10381,59.44672913658357,22.63315192119093,1630304791024
10432,59.452972999999986,22.622075,1629440789024
10432,59.441155947438574,22.61628935451835,1629527189024
10432,59.435558357953056,22.61714383134063,1629613589024
10432,59.43755553320409,22.61874176349654,1629699989024
10432,59.4418020156956,22.61321253890539,1629786389024
10432,59.453809646134545,22.605786742144986,1629872789024
10432,59.461109740663744,22.615233922358065,1629872791024
10432,59.46287187377828,22.6112393176465,1629959191024
10432,59.460080852040875,22.616131533232675,1630045591024
10432,59.46141525817288,22.60267779322952,1630131991024
10432,59.4695182709558,22.60414702454137,1630218391024
10432,59.47059578236764,22.59931673754597,1630304791024
10432,59.467967051965616,22.60555626969116,1630391191024
10432,59.46616513103851,22.59776775565351,1630477591024
10432,59.45709924221319,22.601186552350775,1630563991024
10432,59.45968433739131,22.598754120736672,1630650391024
10432,59.457752005410725,22.58758087388496,1630736791024
10646,59.452972999999986,22.622075,1630736791024
10646,59.44333998302565,22.633674338468296,1630823191024
10646,59.447848360941066,22.64415359841974,1630909591024
10646,59.4591980699858,22.64511047849764,1630995991024
10646,59.4726589508046,22.63853408763974,1631082391024
10646,59.47247302485994,22.63969068775415,1631168791024
10646,59.474199206046706,22.63681034240716,1631255191024
10646,59.46560317263345,22.642582614816,1631341591024
10646,59.46901536888504,22.63855890700022,1631427991024
10646,59.46193184485918,22.645662330192785,1631514391024
10646,59.45322185364603,22.646049749839232,1631600791024
10646,59.45845500027872,22.64708012626806,1631687191024
10646,59.453477568589875,22.65401074886098,1631773591024
10646,59.45476988832573,22.657208856357588,1631859991024
10646,59.446556953384714,22.65688927182499,1631946391024
10646,59.446331029736655,22.661301551760864,1632032791024
10660,59.452972999999986,22.622075,1630736791024
10660,59.453284816712824,22.625473081336352,1630823191024
10660,59.452974049800815,22.622001849042512,1630909591024
10660,59.47013864897173,22.612588357464343,1630995991024
10660,59.4729385085858,22.603834017164335,1631082391024
10660,59.470259549638286,22.607405512510276,1631168791024
10660,59.4598138780718,22.605065814247418,1631255191024
10660,59.4590543500758,22.60335938788739,1631341591024
10660,59.46530715419206,22.600656249904183,1631427991024
10660,59.46530016791098,22.598665379034323,1631514391024
10660,59.45366500866655,22.589913610437033,1631600791024
10660,59.45772622416817,22.5934132156753,1631687191024
10660,59.45878203654848,22.59706139190464,1631773591024
10660,59.45596333791752,22.59717674064568,1631859991024
10660,59.45884216703587,22.61144497320305,1631946391024
10660,59.46118469690936,22.616404408254315,1632032791024
10709,59.452972999999986,22.622075,1630736791024
10709,59.45129116505723,22.624173843669872,1630823191024
10709,59.444270914269225,22.62657450667832,1630909591024
10709,59.44315034543723,22.62923379366312,1630995991024
10709,59.441079844103086,22.638651583371928,1631082391024
10709,59.43397378097859,22.64922785138271,1631168791024
10709,59.44682578083746,22.645050372341455,1631255191024
10709,59.45339507941589,22.639029988717013,1631341591024
10709,59.46999464399397,22.637895240553203,1631427991024
10709,59.47882203689858,22.640883380687875,1631514391024
10709,59.47873725556116,22.608584482051217,1631600791024
10709,59.47718189351508,22.599046909227305,1631687191024
10709,59.471078165658554,22.60176481991072,1631773591024
10709,59.47074162267478,22.600462444115195,1631859991024
10709,59.45973193561031,22.615897889898967,1631946391024
10709,59.45290940138125,22.616336963646884,1632032791024
10726,59.452972999999986,22.622075,1632464791024
10726,59.4726389053221,22.628508546455233,1632551191024
10726,59.467571815012604,22.624674832891326,1632637591024
10726,59.44821343058817,22.621278444310757,1632723991024
10726,59.43806126234455,22.62327786978939,1632810391024
10726,59.443515590474306,22.635644624963625,1632896791024
10726,59.447356020546806,22.628081572552393,1632983191024
10726,59.44515094964407,22.635009329688707,1633069591024
10726,59.447945157363876,22.638264136574723,1633155991024
10726,59.44892818257475,22.64021627424719,1633242391024
10726,59.45024797009461,22.6488229469418,1633328791024
10726,59.44590305143552,22.653651104941225,1633415191024
10726,59.435256659251024,22.654346627264474,1633501591024
10726,59.43520847197985,22.66805416399991,1633587991024
10726,59.42066105813646,22.666484328588453,1633674391024
10733,59.452972999999986,22.622075,1632464791024
10733,59.449258164706464,22.62126903378855,1632551191024
10733,59.44743618412119,22.61328424899293,1632637591024
10733,59.44911365430244,22.61546004839295,1632723991024
10733,59.45196148834913,22.620083911837177,1632810391024
10733,59.44111230070263,22.618138085624967,1632896791024
10733,59.431794675781646,22.618495407875436,1632983191024
10733,59.44112327977473,22.61863124101882,1633069591024
10733,59.434679354607,22.617466454051232,1633155991024
10733,59.43701288528649,22.60608837665294,1633242391024
10733,59.44650518737291,22.61718019784764,1633328791024
10733,59.45597030580831,22.62066775833414,1633415191024
10733,59.456954215572296,22.619756568374047,1633501591024
10733,59.46138243660121,22.618256240154818,1633587991024
10733,59.45492824886185,22.631097028597413,1633674391024
10894,59.452972999999986,22.622075,1633760869024
10894,59.4490127566753,22.6359851611558,1633847269024
10894,59.44963259180426,22.631447372439062,1633933669024
10894,59.45187220576992,22.624561202315455,1634020069024
10894,59.4325285569773,22.62611919084636,1634106469024
10894,59.42286063893795,22.629515279931795,1634192869024
10894,59.429364359042495,22.631410979335367,1634279269024
10894,59.4291918356906,22.62916506767597,1634365669024
10894,59.41671466603856,22.63523835359474,1634452069024
10894,59.40717235782131,22.63773938700851,1634538469024
10894,59.3996798923487,22.64409671871151,1634624869024
10894,59.40485072869842,22.644559351621552,1634624939024
10894,59.40827681242288,22.640711577397557,1634711339024
10894,59.41459639854142,22.63061088334484,1634797739024
10894,59.409784353378086,22.626449042284104,1634884139024
10894,59.414301824951195,22.63585407941862,1634970539024
10940,59.452972999999986,22.622075,1634624939024
10940,59.460278940560215,22.63022541815559,1634711339024
10940,59.467850917330054,22.634741410321865,1634797739024
10940,59.46297512517796,22.629361383781085,1634884139024
10940,59.46541824608818,22.620554539421065,1634970539024
10940,59.46852032805669,22.622372028221147,1635056939024
10940,59.47174406138544,22.616969030974552,1635143339024
10940,59.47014420797504,22.613098597364935,1635229739024
10940,59.478208968210566,22.607365092376646,1635316139024
10940,59.47807490828572,22.604877332892872,1635402539024
10940,59.48055021838019,22.599538403177085,1635488939024
10940,59.47306745455384,22.6000966403317,1635488999024
10940,59.45625963212143,22.59660676658272,1635575399024
10940,59.463820797706376,22.585221462724203,1635661799024
10940,59.468333692793465,22.579317833356992,1635748199024
10940,59.46714812449042,22.57699336026532,1635834599024
10970,59.452972999999986,22.622075,1634624939024
10970,59.45067413694892,22.628501084196753,1634711339024
10970,59.453473995867625,22.633778187238576,1634797739024
10970,59.45709304109519,22.628261800320946,1634884139024
10970,59.46075255048021,22.63842710562951,1634970539024
10970,59.46411656597749,22.63176345596938,1635056939024
10970,59.46758417704552,22.63507953726091,1635143339024
10970,59.47358279508509,22.635608910674087,1635229739024
10970,59.481322832388514,22.644239140019213,1635316139024
10970,59.48673182478802,22.618796446398132,1635402539024
10970,59.48953960874911,22.620641444999823,1635488939024
10970,59.49090633150226,22.61934673157428,1635488999024
10970,59.491599341751225,22.627234709156816,1635575399024
10970,59.49733932305071,22.605296136867633,1635661799024
10970,59.49664476326288,22.60013077831924,1635748199024
10970,59.49423080089676,22.59282449254319,1635834599024
11015,59.452972999999986,22.622075,1635488999024
11015,59.45529452015634,22.618741547317637,1635575399024
11015,59.45253445167796,22.62706256581886,1635661799024
11015,59.453888098394714,22.627420560397095,1635748199024
11015,59.44833578485009,22.629903668696944,1635834599024
11015,59.44486738957832,22.630340468402206,1635920999024
11015,59.44767091056087,22.622173738046904,1636007399024
11015,59.45416239317751,22.62896167784491,1636093799024
11015,59.459103401929355,22.632464714575537,1636180199024
11015,59.45921107041585,22.633694639231773,1636266599024
11015,59.45580525623893,22.635912431196008,1636352999024
11015,59.47096122812869,22.646635017104508,1636353049024
11015,59.46527028202755,22.649798944709644,1636439449024
11015,59.47006985395694,22.64539509843993,1636525849024
11015,59.4649106290189,22.641917843023354,1636612249024
11015,59.47118597334605,22.655166639666778,1636698649024
11026,59.452972999999986,22.622075,1635488999024
11026,59.45253750766864,22.624514045683537,1635575399024
11026,59.44393472089084,22.614845765454167,1635661799024
11026,59.44226902099854,22.622103216853137,1635748199024
11026,59.45216941521488,22.62437546510804,1635834599024
11026,59.45557565460925,22.620505298855612,1635920999024
11026,59.44713439748446,22.62632401021619,1636007399024
11026,59.44997955564864,22.631175179536793,1636093799024
11026,59.45242721287923,22.628908803664963,1636180199024
11026,59.45137124604986,22.619237842820144,1636266599024
11026,59.45138918872567,22.617959386478816,1636352999024
11026,59.44417078019788,22.624650782450093,1636353049024
11026,59.4420433657219,22.627329530065904,1636439449024
11026,59.439489045756005,22.61896319400227,1636525849024
11026,59.433288683653814,22.61829658780112,1636612249024
11026,59.439568777883096,22.620025189499824,1636698649024
11027,59.452972999999986,22.622075,1635488999024
11027,59.44618604235308,22.622852177382647,1635575399024
11027,59.44492019514689,22.61799295306293,1635661799024
11027,59.44721473380244,22.615482192688734,1635748199024
11027,59.44593494637337,22.62313449320293,1635834599024
11027,59.44802550107352,22.62893250999587,1635920999024
11027,59.44313175602582,22.628104006580863,1636007399024
11027,59.43384223455308,22.618690406122372,1636093799024
11027,59.43633059136383,22.606763474453555,1636180199024
11027,59.440479564076355,22.602533552236824,1636266599024
11027,59.43324107251678,22.604537891687205,1636352999024
11027,59.42232042889373,22.603052210299904,1636353049024
11027,59.42206848967277,22.6014373892707,1636439449024
11027,59.428883728825014,22.600751148199095,1636525849024
11027,59.433964798143535,22.592729475420914,1636612249024
11027,59.431059468268955,22.60541796043369,1636698649024
11032,59.452972999999986,22.622075,1635488999024
11032,59.46160718647928,22.63475275531167,1635575399024
11032,59.46511615020336,22.6328954414745,1635661799024
11032,59.46157583766086,22.63262114491397,1635748199024
11032,59.46202844224371,22.623354109397603,1635834599024
11032,59.46175252859453,22.626760480883267,1635920999024
11032,59.47033563921565,22.623431312039106,1636007399024
11032,59.47896024097122,22.616398725570324,1636093799024
11032,59.48225043724853,22.620999555893732,1636180199024
11032,59.48035394067432,22.624259796095735,1636266599024
11032,59.473751827832416,22.5920164747526,1636352999024
11032,59.47497431406174,22.5869276334139,1636353049024
11032,59.472362945812336,22.591855872187065,1636439449024
11032,59.47496840894786,22.5914829414141,1636525849024
11032,59.47463351034099,22.58170692057015,1636612249024
11032,59.47732981436275,22.58364534496769,1636698649024
11036,59.452972999999986,22.622075,1635488999024
11036,59.45371058405371,22.60882877470265,1635575399024
11036,59.45372174485536,22.61314688700887,1635661799024
11036,59.44483219196155,22.61331805644975,1635748199024
11036,59.43764905935785,22.60992597825429,1635834599024
11036,59.43790835883013,22.611527176189252,1635920999024
11036,59.44412805118907,22.615663625969955,1636007399024
11036,59.435582246125136,22.615711555367064,1636093799024
11036,59.443243122544,22.614821335868463,1636180199024
11036,59.4464972535319,22.625022302234964,1636266599024
11036,59.440565241836225,22.627578738977277,1636352999024
11036,59.44142067193599,22.622277691853235,1636353049024
11036,59.44571685826352,22.62104197271852,1636439449024
11036,59.44998986318586,22.62320706259167,1636525849024
11036,59.45764731699492,22.625247794577167,1636612249024
11036,59.46315196243606,22.62676693227023,1636698649024
11037,59.452972999999986,22.622075,1635488999024
11037,59.454969843260386,22.620251462189874,1635575399024
11037,59.46699245132132,22.619796238118035,1635661799024
11037,59.48580877160015,22.61779263546129,1635748199024
11037,59.48658263572312,22.61293632770955,1635834599024
11037,59.49023671857958,22.611658270386226,1635920999024
11037,59.49361196102058,22.602740514161447,1636007399024
11037,59.49200551937611,22.60735517175908,1636093799024
11037,59.49943232334854,22.61070075489432,1636180199024
11037,59.48693266653373,22.61192977697806,1636266599024
11037,59.49211632647581,22.594635917339208,1636352999024
11037,59.48277228112687,22.59460499230987,1636353049024
11037,59.479519136928275,22.591058689234117,1636439449024
11037,59.47937939087262,22.59843222993523,1636525849024
11037,59.47359025592374,22.596138298712965,1636612249024
11037,59.482255422076264,22.591770338313285,1636698649024
11081,59.452972999999986,22.622075,1636353049024
11081,59.45467509615628,22.61978413064051,1636439449024
11081,59.45783324645333,22.61622874687485,1636525849024
11081,59.461970530905575,22.611027661433873,1636612249024
11081,59.46470682251584,22.61619825719603,1636698649024
11081,59.45691088996924,22.61601786382086,1636785049024
11081,59.45551625173951,22.612261350257032,1636785081024
11081,59.47211917935846,22.610670590700433,1636871481024
11081,59.483416555206134,22.606154727752383,1636957881024
11081,59.487478354097675,22.611643170669097,1637044281024
11081,59.49207726424848,22.61162820338395,1637130681024
11081,59.48349717425657,22.609178495814135,1637217081024
11081,59.49312720022877,22.603081272039184,1637217099024
11081,59.4938991088826,22.601227761075016,1637303499024
11081,59.49499876817748,22.607438901442535,1637389899024
11081,59.4989543128539,22.619202221043988,1637476299024
11081,59.494983239782755,22.61606982578279,1637562699024
11082,59.452972999999986,22.622075,1636353049024
11082,59.461560859778416,22.61931679604841,1636439449024
11082,59.46734410654864,22.615538965885374,1636525849024
11082,59.46876100994882,22.606757671375988,1636612249024
11082,59.459509852031374,22.611981710209072,1636698649024
11082,59.450330614418135,22.613909068154715,1636785049024
11082,59.44873027282546,22.611303516071107,1636785081024
11082,59.447164380416126,22.6053746945464,1636871481024
11082,59.44561719924775,22.604939390982057,1636957881024
11082,59.45341726541554,22.60345462826155,1637044281024
11082,59.453554470371216,22.600962705501544,1637130681024
11082,59.45616555215267,22.587253812659565,1637217081024
11082,59.46503023149728,22.581652225426016,1637217099024
11082,59.45514279424236,22.585426709041112,1637303499024
11082,59.45854310201909,22.589411739775493,1637389899024
11082,59.44763786669046,22.581692595851273,1637476299024
11082,59.44705687926768,22.58161353917371,1637562699024
11114,59.452972999999986,22.622075,1636353049024
11114,59.45519015116963,22.61489179261646,1636439449024
11114,59.451125962319736,22.62145948780488,1636525849024
11114,59.450888192781576,22.625593652537056,1636612249024
11114,59.443422960431235,22.628217393774804,1636698649024
11114,59.44055778866925,22.63575757455991,1636785049024
11114,59.43472268164052,22.641632497108706,1636785081024
11114,59.437261798516346,22.650120676614694,1636871481024
11114,59.43715881219149,22.64582185138744,1636957881024
11114,59.42737527421818,22.63899182998549,1637044281024
11114,59.42077073055139,22.635246856553028,1637130681024
11114,59.42998301198321,22.64053293838665,1637217081024
11114,59.43200840047851,22.631689748700488,1637217099024
11114,59.42977046169744,22.630100227109132,1637303499024
11114,59.428804369809654,22.622670534215096,1637389899024
11114,59.43662995468429,22.611588601361873,1637476299024
11114,59.43773966356639,22.616836172067853,1637562699024
11144,59.452972999999986,22.622075,1636353049024
11144,59.45041545252107,22.627519216950727,1636439449024
11144,59.44452970400545,22.63161808394788,1636525849024
11144,59.45704834037255,22.62544552732827,1636612249024
11144,59.45438444802616,22.63107124108622,1636698649024
11144,59.45696497357426,22.624518930409547,1636785049024
11144,59.46153089527817,22.624780558254972,1636785081024
11144,59.46804011013566,22.621295096306824,1636871481024
11144,59.46413135711731,22.617645285727917,1636957881024
11144,59.48155713489814,22.623353845887912,1637044281024
11144,59.49278774334971,22.596267663554865,1637130681024
11144,59.48968715233087,22.593068212939738,1637217081024
11144,59.48800392589001,22.5988503352967,1637217099024
11144,59.4734198322721,22.59761681959847,1637303499024
11144,59.45100280168597,22.59386092495071,1637389899024
11144,59.46180331839281,22.59329765693735,1637476299024
11144,59.45746456755509,22.594770488698018,1637562699024
11147,59.452972999999986,22.622075,1636353049024
11147,59.44982703248911,22.62112049485923,1636439449024
11147,59.44926979779362,22.62887596156846,1636525849024
11147,59.44774992310988,22.62836133157672,1636612249024
11147,59.44356551709723,22.64045368459023,1636698649024
11147,59.44392267432539,22.638419914786496,1636785049024
11147,59.44576189674791,22.634330079014013,1636785081024
11147,59.44336552899452,22.637162699107023,1636871481024
11147,59.44459650447138,22.639457071502505,1636957881024
11147,59.44495357464862,22.64149019784793,1637044281024
11147,59.45233679741628,22.64130575725797,1637130681024
11147,59.46922680501302,22.63542271314629,1637217081024
11147,59.47903891053966,22.64956133516261,1637217099024
11147,59.48755949250173,22.62658420710201,1637303499024
11147,59.490572641973614,22.59542347852384,1637389899024
11147,59.48473362166643,22.59331818654221,1637476299024
11147,59.47842226673532,22.58831780090953,1637562699024
11215,59.452972999999986,22.622075,1636785081024
11215,59.44374860118128,22.619403650128472,1636871481024
11215,59.43873334349044,22.614359618861215,1636957881024
11215,59.44801416661636,22.61119311694982,1637044281024
11215,59.44898096736867,22.604614877490885,1637130681024
11215,59.447921647800115,22.60249143887536,1637217081024
11215,59.453143654215296,22.597253042993632,1637217099024
11215,59.45619008942032,22.597905306637273,1637303499024
11215,59.45120260897232,22.59536685115665,1637389899024
11215,59.442957127753175,22.596849454502255,1637476299024
11215,59.45220266230768,22.60127508123347,1637562699024
11215,59.4433587997614,22.608099725430407,1637649099024
11215,59.437860773572254,22.615803124784364,1637735499024
11215,59.4360520646305,22.617295025534787,1637821899024
11215,59.4331227444419,22.613156654060084,1637908299024
11215,59.42943264251443,22.615977215836956,1637994699024
11253,59.452972999999986,22.622075,1636785081024
11253,59.44517114405568,22.616460141848783,1636871481024
11253,59.43283529140413,22.617084408709587,1636957881024
11253,59.430172689343664,22.61464718309327,1637044281024
11253,59.43017173455115,22.61368825099899,1637130681024
11253,59.42724105903932,22.619008124041756,1637217081024
11253,59.425060187033694,22.616565098068655,1637217099024
11253,59.42754809486581,22.61802841585439,1637303499024
11253,59.42833162049459,22.620776865461124,1637389899024
11253,59.42500464983121,22.61784355149043,1637476299024
11253,59.42378180616063,22.608297117078028,1637562699024
11253,59.42832345681876,22.606456068645443,1637649099024
11253,59.41827469244214,22.605320447353932,1637735499024
11253,59.42028925867032,22.602615274830907,1637821899024
11253,59.408209413279934,22.606433418223673,1637908299024
11253,59.40597353328883,22.619725690522667,1637994699024
11387,59.452972999999986,22.622075,1638081139024
11387,59.45378704901637,22.6334589647348,1638167539024
11387,59.45194976655091,22.63400232665692,1638253939024
11387,59.44292148688626,22.63183638591748,1638340339024
11387,59.439497608941736,22.622448867679815,1638426739024
11387,59.43820415356436,22.609111754665385,1638513139024
11387,59.43589090870307,22.60780338495093,1638513151024
11387,59.43313016025843,22.60249022559586,1638599551024
11387,59.43566029721811,22.599837327516212,1638685951024
11387,59.42452630063093,22.59737903192307,1638772351024
11387,59.43229431679984,22.593277061746996,1638858751024
11387,59.43159625765952,22.60014835220266,1638945151024
11387,59.435125590091474,22.593129250263075,1639031551024
11387,59.443008740075385,22.593199478263006,1639117951024
11387,59.441804339909964,22.576443590969948,1639204351024
11387,59.443566690051426,22.57682625623989,1639290751024
11392,59.452972999999986,22.622075,1638081139024
11392,59.4454536345267,22.62354619839991,1638167539024
11392,59.4465250462689,22.6186958652151,1638253939024
11392,59.451931006232854,22.623062864285608,1638340339024
11392,59.45932438509749,22.61968889741242,1638426739024
11392,59.45974192686029,22.62559482247925,1638513139024
11392,59.4726391265244,22.6084659448949,1638513151024
11392,59.47622185822809,22.614868893191556,1638599551024
11392,59.47229499729645,22.61692185522733,1638685951024
11392,59.47835473756152,22.619331768443978,1638772351024
11392,59.48169124785608,22.61032783159743,1638858751024
11392,59.48109526740794,22.614045363894753,1638945151024
11392,59.48154657631011,22.619399795785075,1639031551024
11392,59.48292109671118,22.608585209474672,1639117951024
11392,59.48401323753325,22.602124805694785,1639204351024
11392,59.48645497768837,22.597804649487564,1639290751024
11420,59.452972999999986,22.622075,1638081139024
11420,59.44808170157509,22.620010484742895,1638167539024
11420,59.450226490535385,22.62391682969395,1638253939024
11420,59.44439740682708,22.627821517011174,1638340339024
11420,59.44099713814853,22.62176190976776,1638426739024
11420,59.44870001519618,22.626406880724787,1638513139024
11420,59.43971002147288,22.624670470907013,1638513151024
11420,59.43826842706699,22.626215318725567,1638599551024
11420,59.43796669425197,22.62670044686202,1638685951024
11420,59.45116750060714,22.627674720410905,1638772351024
11420,59.44573190861462,22.62981466788693,1638858751024
11420,59.43634137280412,22.62598445753051,1638945151024
11420,59.439163694660465,22.62210180048188,1639031551024
11420,59.434878604569235,22.619403650892608,1639117951024
11420,59.433592445780846,22.60413433655206,1639204351024
11420,59.44759331331724,22.604191195428943,1639290751024
11457,59.452972999999986,22.622075,1638513151024
11457,59.46520073093316,22.618637941169023,1638599551024
11457,59.46280497711365,22.615247659565348,1638685951024
11457,59.45057002434686,22.616305129363177,1638772351024
11457,59.448335060497925,22.622111316689672,1638858751024
11457,59.45430495124364,22.624126309021676,1638945151024
11457,59.46313157900977,22.622118144249,1639031551024
11457,59.45579869031948,22.634241957955354,1639117951024
11457,59.45513087174305,22.632318842039364,1639204351024
11457,59.44244183739181,22.638159718066422,1639290751024
11457,59.44158372298742,22.637921193344827,1639377151024
11457,59.43732000381689,22.646232220085945,1639377171024
11457,59.426619304440976,22.64263824080278,1639463571024
11457,59.43065076211224,22.646849730828144,1639549971024
11457,59.42700941349753,22.65613871033154,1639636371024
11457,59.42731287566312,22.652547782561065,1639722771024
11541,59.452972999999986,22.622075,1639377171024
11541,59.44669087548789,22.618824741044584,1639463571024
11541,59.45580173417338,22.617917133713128,1639549971024
11541,59.46299541120223,22.61117750504153,1639636371024
11541,59.45178955783527,22.62521123075819,1639722771024
11541,59.4528633512472,22.61861311907021,1639809171024
11541,59.46163151717326,22.61885302920502,1639895571024
11541,59.456242224870664,22.610937124692125,1639981971024
11541,59.45514591810709,22.622238450486307,1640068371024
11541,59.45749880597697,22.62377364420628,1640154771024
11541,59.46346910649831,22.62803356261768,1640241171024
11541,59.471640919400045,22.6295230319809,1640241181024
11541,59.47103917687559,22.624218219848625,1640327581024
11541,59.46979536533766,22.61482976129403,1640413981024
11541,59.47572910218662,22.616392148168263,1640500381024
11541,59.479776255501264,22.607780157547825,1640586781024
11541,59.47969717996398,22.6118683757502,1640673181024
11542,59.452972999999986,22.622075,1639377171024
11542,59.45580751519947,22.62822615798125,1639463571024
11542,59.47124069066865,22.6293741665313,1639549971024
11542,59.471444449454395,22.625227184729027,1639636371024
11542,59.46464948324598,22.626608883612203,1639722771024
11542,59.46119961289389,22.61934962810118,1639809171024
11542,59.464977206176826,22.62012405848653,1639895571024
11542,59.459873687367065,22.628459462846177,1639981971024
11542,59.46028190774177,22.63492349644825,1640068371024
11542,59.4651148313709,22.640847703757732,1640154771024
11542,59.47216706931502,22.633997674132385,1640241171024
11542,59.472337538109855,22.623068735491778,1640241181024
11542,59.46936512696087,22.612807834133665,1640327581024
11542,59.47126904213957,22.611096617060717,1640413981024
11542,59.48094225822723,22.618622472985916,1640500381024
11542,59.491620792635075,22.624790649097022,1640586781024
11542,59.48876841904257,22.597537472666588,1640673181024
11608,59.452972999999986,22.622075,1639377171024
11608,59.45441302366328,22.61829762420657,1639463571024
11608,59.45291243961776,22.626184437134164,1639549971024
11608,59.44728452072519,22.63332313671025,1639636371024
11608,59.442846746163525,22.64163313876413,1639722771024
11608,59.43599814746804,22.64025553837647,1639809171024
11608,59.43315552008471,22.64099881670329,1639895571024
11608,59.42683549173032,22.64040615441252,1639981971024
11608,59.42441272117847,22.626818542268897,1640068371024
11608,59.43786410662585,22.623415979394434,1640154771024
11608,59.433572062967755,22.629760334750024,1640241171024
11608,59.4389126729977,22.635051491857407,1640241181024
11608,59.4384955285698,22.629104943959497,1640327581024
11608,59.43892718693672,22.633942357723868,1640413981024
11608,59.42794680950803,22.6285300380484,1640500381024
11608,59.42116716747864,22.633050882924447,1640586781024
11608,59.42222141862109,22.625930306240637,1640673181024
11625,59.452972999999986,22.622075,1639377171024
11625,59.46783942021659,22.627416924008585,1639463571024
11625,59.468266564971486,22.61782231955457,1639549971024
11625,59.473009976420514,22.61746527789365,1639636371024
11625,59.470451588034734,22.60615867818177,1639722771024
11625,59.47333387505401,22.604146096298585,1639809171024
11625,59.465448249774624,22.60871443052562,1639895571024
11625,59.46933685995455,22.60809378859463,1639981971024
11625,59.47196611216816,22.6074471447246,1640068371024
11625,59.47964212264327,22.60994710829528,1640154771024
11625,59.47790073572446,22.614151882172237,1640241171024
11625,59.48416922499456,22.623316000009073,1640241181024
11625,59.47654324066394,22.599872922838607,1640327581024
11625,59.474162774235396,22.61059927265882,1640413981024
11625,59.475425676765326,22.622670949572147,1640500381024
11625,59.46657677048685,22.621775575389822,1640586781024
11625,59.474538747403585,22.61904734812931,1640673181024
11629,59.452972999999986,22.622075,1639377171024
11629,59.456139759437406,22.617702333046253,1639463571024
11629,59.45613766463043,22.614015673383435,1639549971024
11629,59.46625988705432,22.621452413223235,1639636371024
11629,59.464936629572264,22.62698077485457,1639722771024
11629,59.47139556346971,22.61083580068955,1639809171024
11629,59.48588700765433,22.610797094223187,1639895571024
11629,59.49212559907551,22.60849648611658,1639981971024
11629,59.49971265553455,22.615901164370705,1640068371024
11629,59.5028438776487,22.615837922965586,1640154771024
11629,59.50158513327196,22.622868361099563,1640241171024
11629,59.50404832487169,22.616315795597657,1640241181024
11629,59.50114906098446,22.614719744179517,1640327581024
11629,59.50774432611905,22.61883651327983,1640413981024
11629,59.50146202794557,22.62482344937772,1640500381024
11629,59.49871386996992,22.59639908222824,1640586781024
11629,59.497534808163095,22.604664588096533,1640673181024
11699,59.452972999999986,22.622075,1640241181024
11699,59.45702687937657,22.6162606263512,1640327581024
11699,59.4628139646135,22.618599683530835,1640413981024
11699,59.46272720779021,22.616922646570004,1640500381024
11699,59.45769676412732,22.615568883533047,1640586781024
11699,59.461386204007795,22.605229607663993,1640673181024
11699,59.461846883732136,22.591303872381253,1640759581024
11699,59.45344752924052,22.59352421620121,1640845981024
11699,59.4472014695169,22.593977745142677,1640932381024
11699,59.444824601314224,22.596480869494883,1641018781024
11699,59.439685060956776,22.588628921271493,1641105181024
11699,59.44401515988193,22.59102324132702,1641191581024
11699,59.44227234662608,22.601363170869835,1641277981024
11699,59.44074362614052,22.598999948216942,1641364381024
11699,59.435171198835576,22.59670391010313,1641450781024
11736,59.452972999999986,22.622075,1641969151024
11736,59.44522073171101,22.61862622259384,1642055551024
11736,59.45236417620154,22.625912576741012,1642141951024
11736,59.44522282755247,22.621514429617033,1642228351024
11736,59.43762291495682,22.624485687355257,1642314751024
11736,59.434033207102374,22.627111113551408,1642401129024
11736,59.42894718658869,22.634560093448176,1642487529024
11736,59.42886059416202,22.635130714857393,1642573929024
11736,59.42709358438162,22.635580658751657,1642660329024
11736,59.42753790130857,22.633924208862936,1642746729024
11736,59.428956576055185,22.63761337015462,1642833129024
11736,59.4241959482863,22.629526856149784,1642919529024
11736,59.419607924556374,22.622858422549893,1643005929024
11736,59.42997858431548,22.62199695792257,1643092329024
11823,59.452972999999986,22.622075,1642401129024
11823,59.45418446091048,22.629746870600066,1642487529024
11823,59.462066164959026,22.63258185040876,1642573929024
11823,59.45824400387502,22.63406991432096,1642660329024
11823,59.46571257217067,22.634280184786512,1642746729024
11823,59.46560796041496,22.631819812725915,1642833129024
11823,59.46851646555629,22.633968816746872,1642919529024
11823,59.47293777659934,22.639042069161672,1643005929024
11823,59.46329782143744,22.629881371934843,1643092329024
11823,59.47037435179931,22.627464989225928,1643178729024
11823,59.47305874118322,22.62349710214927,1643265089024
11823,59.48067415146875,22.61603502692249,1643351489024
11823,59.496334852989975,22.61807632825021,1643437889024
11823,59.48574501962753,22.62207459410856,1643524289024
11823,59.497872658589785,22.59432066478183,1643610689024
11880,59.452972999999986,22.622075,1642401129024
11880,59.44720348583158,22.617434323810983,1642487529024
11880,59.441972400460486,22.61730419438792,1642573929024
11880,59.437332176060664,22.624450816705743,1642660329024
11880,59.43513844218177,22.626145114679392,1642746729024
11880,59.44056258282376,22.618031168344043,1642833129024
11880,59.450725776244326,22.62689287836018,1642919529024
11880,59.453166887284794,22.62360454668842,1643005929024
11880,59.45838001290031,22.626471878065484,1643092329024
11880,59.455848267923045,22.620302824652317,1643178729024
11880,59.47031810120467,22.619196805227084,1643265089024
11880,59.4539575555267,22.61395265089054,1643351489024
11880,59.45016725904196,22.616204492955205,1643437889024
11880,59.43761391944349,22.612000946817368,1643524289024
11880,59.44031422863111,22.6233591966782,1643610689024
11890,59.452972999999986,22.622075,1642401129024
11890,59.450500464807874,22.61969903969457,1642487529024
11890,59.45768191044394,22.628524255367516,1642573929024
11890,59.447968106418585,22.62764621682099,1642660329024
11890,59.44013681648241,22.62244284374627,1642746729024
11890,59.44039980206492,22.619440389574088,1642833129024
11890,59.44453253841027,22.626760210967415,1642919529024
11890,59.433539657146554,22.618396292950266,1643005929024
11890,59.43899931919108,22.61541654905144,1643092329024
11890,59.43725665433203,22.616181813834885,1643178729024
11890,59.45572233793814,22.624498112350437,1643265089024
11890,59.448983015575976,22.622719401376735,1643351489024
11890,59.44561422003411,22.629989400716532,1643437889024
11890,59.44866565351106,22.63056549057598,1643524289024
11890,59.4550847484725,22.62502524907963,1643610689024
11913,59.452972999999986,22.622075,1643265089024
11913,59.459684584409445,22.622861781688684,1643351489024
11913,59.46218409850107,22.620045766720047,1643437889024
11913,59.46344962107179,22.62266650682135,1643524289024
11913,59.46777526396946,22.624612243441067,1643610689024
11913,59.46108233580662,22.62933312400106,1643697089024
11913,59.457365814028435,22.628205635295934,1643783489024
11913,59.45292444856128,22.630738163304276,1643869889024
11913,59.44847077703071,22.62671787369144,1643956289024
11913,59.44915725437747,22.62902976745472,1644042689024
11913,59.44553105781071,22.632433872386216,1644129029024
11913,59.45620767861385,22.626089519562623,1644215429024
11913,59.45630925900713,22.622925585323365,1644301829024
11913,59.45706127205361,22.62497096224125,1644388229024
11914,59.452972999999986,22.622075,1643265089024
11914,59.451544399777674,22.62182291392439,1643351489024
11914,59.456775972682465,22.61716845960604,1643437889024
11914,59.44840395285911,22.6199954747389,1643524289024
11914,59.45240547560047,22.615119781464607,1643610689024
11914,59.457646598974605,22.624021350810935,1643697089024
11914,59.46274460114833,22.630563343614305,1643783489024
11914,59.450856371957514,22.63516476006767,1643869889024
11914,59.442077744799576,22.64647308304841,1643956289024
11914,59.449507286534526,22.64052355574993,1644042689024
11914,59.4503277890698,22.62783018149562,1644129029024
11914,59.4538135370359,22.634609287318487,1644215429024
11914,59.4598481389161,22.638452196456953,1644301829024
11914,59.458994862564566,22.634560648764875,1644388229024
11931,59.452972999999986,22.622075,1643265089024
11931,59.44793973950547,22.61503162135928,1643351489024
11931,59.45360117102888,22.615481376938927,1643437889024
11931,59.456507587303776,22.60717012436232,1643524289024
11931,59.44731338853967,22.61049072911113,1643610689024
11931,59.451689715183534,22.61225990939261,1643697089024
11931,59.45328367426862,22.611974139137935,1643783489024
11931,59.44505545864672,22.60325208964474,1643869889024
11931,59.45026531865068,22.609743346349852,1643956289024
11931,59.45812525652997,22.605757339802793,1644042689024
11931,59.46693218958307,22.61605981440081,1644129029024
11931,59.46810261677899,22.622739935247488,1644215429024
11931,59.46735181609222,22.620540583651817,1644301829024
11931,59.4705661068009,22.62201020929504,1644388229024
11976,59.452972999999986,22.622075,1644129029024
11976,59.460802814685394,22.613948988145115,1644215429024
11976,59.45297940950718,22.610211856723097,1644301829024
11976,59.452822828272815,22.61369160751268,1644388229024
11976,59.4528258293488,22.607302838203715,1644474629024
11976,59.45478834183214,22.607797354442813,1644561029024
11976,59.45821880118231,22.61001400378581,1644647429024
11976,59.46971164087227,22.60256331177218,1644733829024
11976,59.46510035161472,22.602712367026,1644820229024
11976,59.46232720875949,22.610492828168557,1644906629024
11976,59.47018871427409,22.611226154095583,1644992969024
11976,59.468756430505266,22.624173086047072,1645079369024
11976,59.472406735257834,22.628024777172733,1645165769024
11976,59.46205654576309,22.631216008806597,1645252169024
11980,59.452972999999986,22.622075,1644129029024
11980,59.45419130051266,22.620720426857755,1644215429024
11980,59.46307329808928,22.606743296659623,1644301829024
11980,59.466999946839564,22.606904053497797,1644388229024
11980,59.458566224419,22.60496394071427,1644474629024
11980,59.46173677351402,22.599480198880062,1644561029024
11980,59.45889673581467,22.605265260169883,1644647429024
11980,59.455757758053835,22.607132841478087,1644733829024
11980,59.456052363388835,22.612343096159577,1644820229024
11980,59.45914260068366,22.61331609695357,1644906629024
11980,59.468033917614434,22.617481064162835,1644992969024
11980,59.46761386382917,22.61218782457948,1645079369024
11980,59.47354500206305,22.6125869380214,1645165769024
11980,59.485630202199275,22.614791251048203,1645252169024
11986,59.452972999999986,22.622075,1644129029024
11986,59.45510831307985,22.621260976279657,1644215429024
11986,59.45121692277746,22.623134683249337,1644301829024
11986,59.44746220002506,22.62552222182709,1644388229024
11986,59.4582276941571,22.628967787324477,1644474629024
11986,59.46511049456944,22.62955383514074,1644561029024
11986,59.47726013893583,22.63393387915096,1644647429024
11986,59.48329004418326,22.605371472547436,1644733829024
11986,59.485088094834026,22.60265513624644,1644820229024
11986,59.48902642137935,22.59909532547824,1644906629024
11986,59.478863672972466,22.603121054993043,1644992969024
11986,59.480000392805835,22.60900806215336,1645079369024
11986,59.47846300270953,22.596459007328225,1645165769024
11986,59.47556299372724,22.602506451732054,1645252169024
12022,59.452972999999986,22.622075,1644129029024
12022,59.45268630470673,22.625577782911893,1644215429024
12022,59.44878733492948,22.6217645985365,1644301829024
12022,59.44770122133153,22.616188653323377,1644388229024
12022,59.44778139654639,22.609471194156697,1644474629024
12022,59.44312278183759,22.60709829634437,1644561029024
12022,59.44618536774678,22.60637711544852,1644647429024
12022,59.44789671447859,22.60278770637324,1644733829024
12022,59.44434506125296,22.601278155314752,1644820229024
12022,59.4453954678859,22.61240279580944,1644906629024
12022,59.4535526776184,22.607547105280233,1644992969024
12022,59.457241484277745,22.59999964201828,1645079369024
12022,59.46690917303096,22.598524488520862,1645165769024
12022,59.47101126413517,22.612301856354513,1645252169024
12025,59.452972999999986,22.622075,1644129029024
12025,59.448539213685194,22.62434584580563,1644215429024
12025,59.46304329117922,22.623010105903145,1644301829024
12025,59.47787285636571,22.624451794096625,1644388229024
12025,59.4835258510669,22.59605723124295,1644474629024
12025,59.48983846134706,22.587313352010625,1644561029024
12025,59.49238838329046,22.593608529558804,1644647429024
12025,59.49911380638571,22.58962766612261,1644733829024
12025,59.49741663954387,22.591020968592183,1644820229024
12025,59.500443278968646,22.593677697124253,1644906629024
12025,59.50559982018004,22.59178013362016,1644992969024
12025,59.49928575028813,22.5866148306238,1645079369024
12025,59.49816193614896,22.583566710158568,1645165769024
12025,59.49675130821075,22.58389826710692,1645252169024
12049,59.452972999999986,22.622075,1644129029024
12049,59.45751157039757,22.628608598296257,1644215429024
12049,59.45734529973058,22.63537793933102,1644301829024
12049,59.460728460868154,22.640766386175898,1644388229024
12049,59.45939666514301,22.637113376802585,1644474629024
12049,59.46838192862663,22.633389302278577,1644561029024
12049,59.46471928018596,22.62913963096603,1644647429024
12049,59.46456795505213,22.623154600659376,1644733829024
12049,59.4580874008214,22.61822015359659,1644820229024
12049,59.46339385628988,22.614252270743304,1644906629024
12049,59.461190641322275,22.615056491653753,1644992969024
12049,59.46660402049406,22.616917692260397,1645079369024
12049,59.466752572559585,22.61601383252698,1645165769024
12049,59.46919088372965,22.62294541529293,1645252169024
12113,59.452972999999986,22.622075,1644992969024
12113,59.44409744055861,22.62427273254348,1645079369024
12113,59.44886565976208,22.615134148698164,1645165769024
12113,59.448043957901746,22.62226026847891,1645252169024
12113,59.45354443584856,22.62564832968913,1645338569024
12113,59.4573845256819,22.620716924092672,1645424969024
12113,59.45866766410214,22.622207859963652,1645511369024
12113,59.45274948548979,22.625846980824686,1645597769024
12113,59.45023034919626,22.609897125263917,1645684169024
12113,59.442680178562085,22.609019445020397,1645770569024
12113,59.44015457910973,22.613582146062097,1645856899024
12113,59.43473680927505,22.61514184878807,1645943299024
12113,59.43890317707516,22.615830463166773,1646029699024
12113,59.43771811765066,22.607008881344814,1646116099024
12156,59.452972999999986,22.622075,1645856899024
12156,59.45926769060878,22.62543467119939,1645943299024
12156,59.45988420453932,22.62101613053047,1646029699024
12156,59.45948225933893,22.62021769287983,1646116099024
12156,59.45835337757569,22.62421231715826,1646202499024
12156,59.45885620451264,22.624824254324793,1646288899024
12156,59.449173457661544,22.622886894608087,1646375299024
12156,59.443977150308626,22.61876550550196,1646461699024
12156,59.4422599009163,22.631686367250932,1646548099024
12156,59.428893540806286,22.633427136520098,1646634499024
12156,59.42729596346496,22.64158301171598,1646720899024
12156,59.428338903092765,22.63879863530413,1646807299024
12156,59.4305084826139,22.632625361440876,1646893699024
12156,59.4264140136404,22.62985948770007,1646980099024
12189,59.452972999999986,22.622075,1645856899024
12189,59.453411379639334,22.622378500888285,1645943299024
12189,59.45255901415837,22.612546483341664,1646029699024
12189,59.45414843006159,22.61446676926484,1646116099024
12189,59.46184349819481,22.620032442586652,1646202499024
12189,59.45522452248059,22.619864187304017,1646288899024
12189,59.45806539675516,22.62237213441461,1646375299024
12189,59.47141899767294,22.62263937644588,1646461699024
12189,59.47882285310138,22.62655635960147,1646548099024
12189,59.48344392436263,22.595039167266567,1646634499024
12189,59.476341747348044,22.597126607586343,1646720899024
12189,59.48270547512257,22.597659714670463,1646807299024
12189,59.47457118382442,22.603334826515507,1646893699024
12189,59.47469617112375,22.60190414832965,1646980099024
12200,59.452972999999986,22.622075,1645856899024
12200,59.458191235229634,22.615940205386213,1645943299024
12200,59.460133045183085,22.622110014246346,1646029699024
12200,59.45966832715703,22.622041222778115,1646116099024
12200,59.46317871855524,22.626338260018645,1646202499024
12200,59.45575916737084,22.62309455421477,1646288899024
12200,59.46173076893064,22.611726147015975,1646375299024
12200,59.45652291130682,22.614229227316983,1646461699024
12200,59.45389419472116,22.6152085455367,1646548099024
12200,59.453052348213134,22.61308076596208,1646634499024
12200,59.45358023674356,22.61497423592318,1646720899024
12200,59.45733967630176,22.618508418054667,1646807299024
12200,59.447418596450774,22.610934133151243,1646893699024
12200,59.45082641647144,22.61608790227089,1646980099024
12238,59.452972999999986,22.622075,1648448789024
12238,59.45846741181512,22.62390291336042,1648535189024
12238,59.45770557742526,22.620024327675782,1648621589024
12238,59.454147871097575,22.62274143134397,1648707989024
12238,59.45264712384193,22.622297135098883,1648794389024
12238,59.4414060934532,22.625416059818445,1648880789024
12238,59.443415164697825,22.61999871753402,1648967189024
12238,59.45330437563254,22.61379768388715,1649053589024
12238,59.45902480485489,22.610687978196125,1649139989024
12238,59.45689744498381,22.606134472549684,1649226389024
12238,59.46924638003759,22.603752927912108,1649312789024
12238,59.4751762283322,22.599345824556867,1649399189024
12238,59.470057513597226,22.599031599748148,1649485589024
12238,59.476652545018766,22.597356197729393,1649571989024
12238,59.47694955643772,22.612182868383364,1649658389024
12241,59.452972999999986,22.622075,1648448789024
12241,59.45730842954211,22.631515386473374,1648535189024
12241,59.44958642215079,22.63470668026148,1648621589024
12241,59.44631510716201,22.6274575130236,1648707989024
12241,59.43767579743766,22.628245509888103,1648794389024
12241,59.42543427084189,22.628546079536942,1648880789024
12241,59.42260442650718,22.62383909209139,1648967189024
12241,59.420252914154446,22.61992717048571,1649053589024
12241,59.42086835196591,22.617665316276835,1649139989024
12241,59.43238095053391,22.61648692098121,1649226389024
12241,59.425652540287274,22.61635689935611,1649312789024
12241,59.42747218780033,22.612370829736808,1649399189024
12241,59.44300706663813,22.62033626927488,1649485589024
12241,59.43357535658282,22.609128900700806,1649571989024
12241,59.43462896126371,22.603619849657683,1649658389024
12272,59.452972999999986,22.622075,1648448789024
12272,59.45835080303041,22.62560691021366,1648535189024
12272,59.44500176193918,22.631473056848563,1648621589024
12272,59.44238255432611,22.630607239169155,1648707989024
12272,59.44567456110968,22.628276134078988,1648794389024
12272,59.440946348342095,22.627400967620662,1648880789024
12272,59.43189116658476,22.62292656935953,1648967189024
12272,59.426367213266815,22.62357701992603,1649053589024
12272,59.432139947128945,22.62412804584719,1649139989024
12272,59.42677323136133,22.619695633838752,1649226389024
12272,59.42426075243378,22.626539337609746,1649312789024
12272,59.42232542754215,22.61642017847092,1649399189024
12272,59.41368800151804,22.613072593362503,1649485589024
12272,59.401647881099365,22.609843221797348,1649571989024
12272,59.393425313269375,22.61024650275944,1649658389024
12272,59.40559614243767,22.606172656246333,1649744789024
12314,59.452972999999986,22.622075,1649312789024
12314,59.455074535051665,22.62064749172903,1649399189024
12314,59.454422507576055,22.618057272323195,1649485589024
12314,59.44656425387254,22.607420931669132,1649571989024
12314,59.44265443324761,22.612700072860846,1649658389024
12314,59.4566607471933,22.605231912635052,1649744789024
12314,59.44025954915145,22.606318439931194,1649831189024
12314,59.43853329750766,22.59508529150258,1649917589024
12314,59.453873128791145,22.594742019300053,1650003989024
12314,59.45429925123608,22.60160337672525,1650090389024
12314,59.45274988941321,22.595802116913333,1650176789024
12314,59.436426524630264,22.59806532576785,1650263189024
12314,59.4319578215829,22.597484801521595,1650349589024
12314,59.43428428091141,22.592204271175355,1650435989024
12314,59.442790712646485,22.585631039937297,1650522389024
12314,59.45512600326683,22.584215827582096,1650608789024
12314,59.47029736725315,22.590005548196007,1650695189024
12460,59.452972999999986,22.622075,1651040779024
12460,59.43361913280077,22.62746297143225,1651127179024
12460,59.42668765476074,22.626605103906243,1651213579024
12460,59.42272321272975,22.623539383167863,1651299979024
12460,59.431798715009165,22.63215107348349,1651386379024
12460,59.437445767031505,22.63328417742241,1651472779024
12460,59.434227433590394,22.636461176385996,1651472791024
12460,59.43297231273163,22.636296215102114,1651559191024
12460,59.42525864524552,22.642273950628567,1651645591024
12460,59.43699970713865,22.62954811744881,1651731991024
12460,59.43963889293133,22.627788148344703,1651818391024
12460,59.43308994612801,22.62803198048974,1651904791024
12460,59.428043224314166,22.630989795896987,1651991191024
12460,59.42654682436182,22.626273542510138,1652077591024
12460,59.41676787247468,22.615626013558565,1652163991024
12460,59.41818771654911,22.61266722005035,1652250391024
12484,59.452972999999986,22.622075,1651040779024
12484,59.44565605535453,22.619921326982187,1651127179024
12484,59.44872371195734,22.61365525880414,1651213579024
12484,59.44580280617819,22.620952304864,1651299979024
12484,59.444503162128825,22.629436080193308,1651386379024
12484,59.45086993406633,22.63297071592093,1651472779024
12484,59.44775712190125,22.635235188046103,1651472791024
12484,59.452530555163634,22.63361863909194,1651559191024
12484,59.4496759154153,22.642897955472083,1651645591024
12484,59.45563977530139,22.63431520677075,1651731991024
12484,59.471993923796845,22.624534453292473,1651818391024
12484,59.47463128062947,22.626694127479816,1651904791024
12484,59.47627764323795,22.624107766569992,1651991191024
12484,59.48500738558093,22.62855923042664,1652077591024
12484,59.498154333878006,22.609723671396033,1652163991024
12484,59.50844518264881,22.618818692824902,1652250391024
12487,59.452972999999986,22.622075,1651040779024
12487,59.45388736150031,22.625210431265906,1651127179024
12487,59.45328824921708,22.622722294731723,1651213579024
12487,59.44436858848181,22.627866706240095,1651299979024
12487,59.432052493434185,22.61645770917191,1651386379024
12487,59.43922029494093,22.623468110956303,1651472779024
12487,59.448910604838375,22.624540744481187,1651472791024
12487,59.443134681604676,22.63092136891324,1651559191024
12487,59.43628940148011,22.622475712882306,1651645591024
12487,59.43376869518451,22.61884750696,1651731991024
12487,59.43018752760602,22.619300647619873,1651818391024
12487,59.43408412484524,22.625163647352547,1651904791024
12487,59.42282790370979,22.61915459201749,1651991191024
12487,59.43460494375029,22.620640523290056,1652077591024
12487,59.4496218524817,22.6119787702219,1652163991024
12487,59.45020974716243,22.606885182478315,1652250391024
12503,59.452972999999986,22.622075,1651040779024
12503,59.45682737667329,22.616414367842,1651127179024
12503,59.46219707388829,22.611442137115457,1651213579024
12503,59.46294288791415,22.613310341826995,1651299979024
12503,59.46323248927928,22.619610996327527,1651386379024
12503,59.46671875849063,22.617483237083132,1651472779024
12503,59.466165268982394,22.61626122935075,1651472791024
12503,59.46646898742915,22.61423360363051,1651559191024
12503,59.46446344956507,22.606589462817887,1651645591024
12503,59.464250228582614,22.606383660130536,1651731991024
12503,59.46778876766916,22.606052641920964,1651818391024
12503,59.46838042088643,22.616411574273855,1651904791024
12503,59.4752282232709,22.609250517332264,1651991191024
12503,59.4693857609918,22.605196647020794,1652077591024
12503,59.467874191521446,22.60775932745562,1652163991024
12503,59.46277664156821,22.60718284950715,1652250391024
12519,59.452972999999986,22.622075,1651472791024
12519,59.445208917535865,22.622063158309626,1651559191024
12519,59.43346515909741,22.628187722920583,1651645591024
12519,59.42462063473491,22.621088485626775,1651731991024
12519,59.42968639343002,22.61054380456918,1651818391024
12519,59.42628892144353,22.615518239304528,1651904791024
12519,59.42109924153653,22.609196878512268,1651991191024
12519,59.41308274770475,22.610548792923897,1652077591024
12519,59.40207228917453,22.602269329187937,1652163991024
12519,59.38603104388704,22.60450456380499,1652250391024
12519,59.3862113664558,22.60391545064757,1652336791024
12519,59.38274623762504,22.594519516478073,1652423191024
12519,59.38876743614105,22.583749604426146,1652509591024
12519,59.38182103086561,22.579448262718913,1652595991024
12519,59.374299579966134,22.563931913217715,1652682391024
12519,59.37216661380103,22.559434099792032,1652768791024
12521,59.452972999999986,22.622075,1651472791024
12521,59.44799145982631,22.613257014821706,1651559191024
12521,59.44993602756924,22.607975713030843,1651645591024
12521,59.4519890711322,22.599591049404527,1651731991024
12521,59.45535288467471,22.610245677759952,1651818391024
12521,59.45615708465809,22.6023155926564,1651904791024
12521,59.46164780737425,22.605902460119022,1651991191024
12521,59.46434675050676,22.609045251993173,1652077591024
12521,59.46469513052381,22.606700551037875,1652163991024
12521,59.47013832058624,22.60624786412148,1652250391024
12521,59.46628475240408,22.610292187131137,1652336791024
12521,59.47317511932141,22.609600145789205,1652423191024
12521,59.471661779226906,22.60620399543308,1652509591024
12521,59.47351247828482,22.611742473435054,1652595991024
12521,59.47604826181052,22.615772474748997,1652682391024
12521,59.48507378400802,22.60552413724734,1652768791024
12538,59.452972999999986,22.622075,1651472791024
12538,59.45441899289747,22.625750816006057,1651559191024
12538,59.450346688845826,22.628991701270547,1651645591024
12538,59.46978507178392,22.62582280915563,1651731991024
12538,59.47056872103781,22.62311113026789,1651818391024
12538,59.47905666333534,22.621337892911132,1651904791024
12538,59.48793008361844,22.591366993071652,1651991191024
12538,59.489821115459534,22.59557554279144,1652077591024
12538,59.50652841782309,22.598287583989524,1652163991024
12538,59.5060407286324,22.601621348294824,1652250391024
12538,59.51002667672478,22.604720957328222,1652336791024
12538,59.51061944257563,22.607564118117605,1652423191024
12538,59.5002960581574,22.60669064504133,1652509591024
12538,59.49700604250333,22.608332101551053,1652595991024
12538,59.494930425881336,22.606104735711988,1652682391024
12538,59.4823629356645,22.6103703427921,1652768791024
12546,59.452972999999986,22.622075,1651472791024
12546,59.45735187200111,22.628304136484857,1651559191024
12546,59.457579339907056,22.620405335659523,1651645591024
12546,59.46040487504612,22.620113960334752,1651731991024
12546,59.46587427258871,22.625363631571055,1651818391024
12546,59.45374090019473,22.6270861647878,1651904791024
12546,59.449880942460794,22.62534180340293,1651991191024
12546,59.4480686504715,22.642750000485215,1652077591024
12546,59.44519992373392,22.63545266358212,1652163991024
12546,59.44307576644513,22.650799280026515,1652250391024
12546,59.441746064341174,22.656964811974373,1652336791024
12546,59.43121581890111,22.647759553974225,1652423191024
12546,59.43096213115646,22.633224499324015,1652509591024
12546,59.42728398493165,22.635451348641247,1652595991024
12546,59.43224462766895,22.639300004710773,1652682391024
12546,59.428210705320225,22.640857941251852,1652768791024
12631,59.452972999999986,22.622075,1652336791024
12631,59.44154677052174,22.6256598662752,1652423191024
12631,59.4496897373503,22.626871226955164,1652509591024
12631,59.46079459513558,22.63459510506334,1652595991024
12631,59.458969698249575,22.63644419366883,1652682391024
12631,59.47073087515872,22.640500423484443,1652768791024
12631,59.46263808925485,22.63083208225095,1652855191024
12631,59.46966398881472,22.62540629089856,1652941591024
12631,59.47688474314165,22.622258838464717,1653027991024
12631,59.47821238706234,22.61819583642366,1653114391024
12631,59.47624311056455,22.60896542161973,1653200791024
12631,59.473411444025544,22.602026732533552,1653287191024
12631,59.486150641865606,22.583108396495113,1653373591024
12631,59.50070755766069,22.57695379292769,1653459991024
12631,59.49070642030696,22.580537211027565,1653546391024
12697,59.452972999999986,22.622075,1652336791024
12697,59.45935944123323,22.62092739869785,1652423191024
12697,59.455501032470835,22.62340003015843,1652509591024
12697,59.45425822391081,22.620863215252314,1652595991024
12697,59.45434957297576,22.62714682553299,1652682391024
12697,59.45503424598439,22.627760694149885,1652768791024
12697,59.45715575097765,22.623326264184893,1652855191024
12697,59.4605418404,22.62955645638232,1652941591024
12697,59.47250159076248,22.629796766260476,1653027991024
12697,59.481026675889325,22.631784405442243,1653114391024
12697,59.48415023089797,22.611761472156797,1653200791024
12697,59.48455416759992,22.612029266887017,1653287191024
12697,59.48986502171715,22.610946723902664,1653373591024
12697,59.499715497411785,22.611600271052883,1653459991024
12697,59.48340602234242,22.61877980100252,1653546391024
12705,59.452972999999986,22.622075,1652336791024
12705,59.45965024734625,22.61567587924292,1652423191024
12705,59.46055193791861,22.61298496347836,1652509591024
12705,59.44772617737382,22.60243791017562,1652595991024
12705,59.451708043116696,22.613466322270583,1652682391024
12705,59.449184148285696,22.605445545241263,1652768791024
12705,59.451487800958034,22.60525644326256,1652855191024
12705,59.441110217238446,22.60877727697893,1652941591024
12705,59.438659223766535,22.607769189258264,1653027991024
12705,59.43726936201784,22.60435457290684,1653114391024
12705,59.43563961130195,22.59983763990601,1653200791024
12705,59.434576573401074,22.607068964972147,1653287191024
12705,59.42961521704001,22.615168593724302,1653373591024
12705,59.43338163206025,22.633416392960612,1653459991024
12705,59.42954440128179,22.631255861079335,1653546391024
12781,59.452972999999986,22.622075,1653200791024
12781,59.448335450392904,22.624021876299977,1653287191024
12781,59.4607354910728,22.624511212991106,1653373591024
12781,59.44770750685291,22.630159587213655,1653459991024
12781,59.43277787838932,22.638680870906946,1653546391024
12781,59.43084932530732,22.63996298949975,1653632789024
12781,59.425207698953585,22.649080185748264,1653719189024
12781,59.42018656049956,22.639902713446876,1653805589024
12781,59.41543927185745,22.63985877872788,1653891989024
12781,59.429062349016306,22.623960487688382,1653978389024
12781,59.42627436853718,22.62558496141754,1654064789024
12781,59.42653322880727,22.62977576876854,1654151189024
12781,59.431311474186145,22.625201490146964,1654237589024
12781,59.41159407413127,22.63170550478333,1654323989024
12781,59.40596027488502,22.62551813741667,1654410389024
12781,59.419580115633266,22.62583480266941,1654496789024
12781,59.41651516605856,22.630419979512386,1654583189024
12785,59.452972999999986,22.622075,1653200791024
12785,59.44334455080144,22.62125159088103,1653287191024
12785,59.449325247071954,22.6112345988644,1653373591024
12785,59.44455123646185,22.613609739626582,1653459991024
12785,59.45781950944547,22.608025858432153,1653546391024
12785,59.45771985053699,22.607667954118018,1653632789024
12785,59.45478726944128,22.61484829165023,1653719189024
12785,59.46396386602311,22.611594960210468,1653805589024
12785,59.452668427415915,22.618103756962594,1653891989024
12785,59.45703299169389,22.605806344904217,1653978389024
12785,59.443343232930545,22.611208046858263,1654064789024
12785,59.44323541897194,22.60996156610798,1654151189024
12785,59.45251310985197,22.62391935164164,1654237589024
12785,59.44033967656452,22.625964865639716,1654323989024
12785,59.45590203783553,22.637608887288277,1654410389024
12785,59.45501521654032,22.631404564863224,1654496789024
12785,59.448548022913,22.63659234029355,1654583189024
12814,59.452972999999986,22.622075,1653200791024
12814,59.45278497580489,22.623387641299495,1653287191024
12814,59.45755906115926,22.61544784274506,1653373591024
12814,59.45068713821763,22.61278512406087,1653459991024
12814,59.4448615257478,22.6046281365298,1653546391024
12814,59.429175104498285,22.59586419133015,1653632789024
12814,59.41565886153717,22.600551893294934,1653719189024
12814,59.422633823045885,22.600563265263453,1653805589024
12814,59.41823427215172,22.595997212522867,1653891989024
12814,59.4170164998003,22.595947435169897,1653978389024
12814,59.404353990181846,22.59600956563815,1654064789024
12814,59.40465561274007,22.595706572894763,1654151189024
12814,59.3990482368599,22.6086010300164,1654237589024
12814,59.3954472996364,22.601013304326123,1654323989024
12814,59.39710524656755,22.59503092862494,1654410389024
12814,59.395566416506966,22.594716092268214,1654496789024
12814,59.400079001249026,22.596457520876974,1654583189024
12840,59.452972999999986,22.622075,1653632789024
12840,59.453781543252745,22.62285033581646,1653719189024
12840,59.45227598285061,22.61657443731467,1653805589024
12840,59.45208690924869,22.61268458448814,1653891989024
12840,59.44196397211863,22.61383036287027,1653978389024
12840,59.44813268148744,22.62321676785918,1654064789024
12840,59.453043772024785,22.6226237755615,1654151189024
12840,59.45430743752118,22.616364331508223,1654237589024
12840,59.44212892093864,22.609429936808525,1654323989024
12840,59.44025404189932,22.60569890740989,1654410389024
12840,59.437032296500774,22.60067529658549,1654496789024
12840,59.43097411346852,22.595926819318205,1654583189024
12840,59.4339235493448,22.605124883954367,1654669589024
12840,59.432472759806075,22.59313571267514,1654755989024
12840,59.43669505502561,22.59356506039966,1654842389024
12840,59.44405124339963,22.60026492228635,1654928789024
12840,59.44072525735231,22.6064434589915,1654928801024
12841,59.452972999999986,22.622075,1653632789024
12841,59.45612565720762,22.617088611893816,1653719189024
12841,59.44828384574828,22.624189022977017,1653805589024
12841,59.44263046637195,22.626493840609964,1653891989024
12841,59.45314017234059,22.624565740351706,1653978389024
12841,59.451523994057794,22.63077799531704,1654064789024
12841,59.445599427638,22.62850068333685,1654151189024
12841,59.45008417168367,22.626893890633415,1654237589024
12841,59.45542174243025,22.626456287218847,1654323989024
12841,59.46087272325008,22.62808655950655,1654410389024
12841,59.46488764065026,22.61817599201527,1654496789024
12841,59.47452668013915,22.61900232749996,1654583189024
12841,59.48297605562084,22.61120889108336,1654669589024
12841,59.482113758129515,22.60904241468428,1654755989024
12841,59.48685230551695,22.604480313144308,1654842389024
12841,59.48171505740601,22.597232896902103,1654928789024
12841,59.47902032068384,22.592930740559297,1654928801024
12862,59.452972999999986,22.622075,1653632789024
12862,59.45312946150421,22.621036283268342,1653719189024
12862,59.445316969806186,22.622378713111527,1653805589024
12862,59.44225782051828,22.622247653583013,1653891989024
12862,59.430947478801784,22.62300448146936,1653978389024
12862,59.42915465153936,22.633836806692734,1654064789024
12862,59.43922229197605,22.62353125120799,1654151189024
12862,59.42834860357917,22.62491861838443,1654237589024
12862,59.4328264790247,22.63256822157986,1654323989024
12862,59.43554695037077,22.62785232933037,1654410389024
12862,59.444073183768694,22.625864384076937,1654496789024
12862,59.444228177584534,22.64186112347418,1654583189024
12862,59.45035166780727,22.643472952866738,1654669589024
12862,59.45421655584667,22.64232346488225,1654755989024
12862,59.44914978900289,22.64606814100424,1654842389024
12862,59.463924738204184,22.641723687058505,1654928789024
12862,59.46807971672291,22.63683982047011,1654928801024
12872,59.452972999999986,22.622075,1653632789024
12872,59.44389300228772,22.61175900952485,1653719189024
12872,59.44684318117564,22.613301229291572,1653805589024
12872,59.45371528708327,22.61609171492333,1653891989024
12872,59.457713740534814,22.61619051135907,1653978389024
12872,59.463607472731184,22.61034604874353,1654064789024
12872,59.46197008840613,22.60624185713656,1654151189024
12872,59.457396451584486,22.596883061830233,1654237589024
12872,59.462150195376296,22.59917512436558,1654323989024
12872,59.45963075027308,22.58820361785257,1654410389024
12872,59.46026611228871,22.58482274966179,1654496789024
12872,59.46073579891845,22.584284731941267,1654583189024
12872,59.46018473774433,22.58760655063134,1654669589024
12872,59.46959506895587,22.595609415864953,1654755989024
12872,59.46837284079314,22.59147255012732,1654842389024
12872,59.46571545929365,22.59004251490976,1654928789024
12872,59.473802679514904,22.5885425390198,1654928801024
12973,59.452972999999986,22.622075,1654496789024
12973,59.456930367388736,22.61982228413012,1654583189024
12973,59.46682843591154,22.62281843701411,1654669589024
12973,59.45783815320931,22.6214930205313,1654755989024
12973,59.466084256667415,22.62467615917693,1654842389024
12973,59.46717610614888,22.614502104074035,1654928789024
12973,59.460949432376026,22.619802409741233,1654928801024
12973,59.45598794696053,22.62648081230871,1655015201024
12973,59.45491081598405,22.62814877643898,1655101601024
12973,59.449730899586086,22.62652653833664,1655188001024
12973,59.44924404193557,22.628471855844673,1655274401024
12973,59.44751437245628,22.626279091921067,1655360801024
12973,59.45077853325492,22.62404966294606,1655447201024
12973,59.44887327482877,22.613412947776656,1655533601024
12973,59.44698969726028,22.598368251709125,1655620001024
12973,59.4495656694192,22.593611651627647,1655706401024
13077,59.452972999999986,22.622075,1654928801024
13077,59.45120059241509,22.632187510967444,1655015201024
13077,59.455145730471685,22.6370512107793,1655101601024
13077,59.461467899239494,22.627990965041597,1655188001024
13077,59.45797981171603,22.63589482772764,1655274401024
13077,59.45225889684917,22.63217771518264,1655360801024
13077,59.4502952377843,22.64093824920416,1655447201024
13077,59.45297682143243,22.641998015984537,1655533601024
13077,59.45228988817746,22.63617554160239,1655620001024
13077,59.44856955328976,22.634773765679604,1655706401024
13077,59.448768505121706,22.64212085225945,1655792801024
13077,59.45459740871047,22.646702379331185,1655879201024
13077,59.45582596951107,22.65055443501321,1655965601024
13077,59.455816516386506,22.65144469814245,1656052001024
13077,59.4570753923644,22.649393231659936,1656138401024
13077,59.45794763503031,22.64601541968118,1656224801024
13126,59.452972999999986,22.622075,1655792801024
13126,59.43685056786924,22.62442201911712,1655879201024
13126,59.4402391990665,22.63653432225951,1655965601024
13126,59.4245904252048,22.622754362465283,1656052001024
13126,59.41819602744661,22.612346255815083,1656138401024
13126,59.42189729828888,22.611478920647997,1656224801024
13126,59.442061225680675,22.620371185709807,1656311201024
13126,59.44313574173461,22.625937122167407,1656397601024
13126,59.44678246120361,22.62952437191724,1656484001024
13126,59.452090892895455,22.625414091989487,1656570401024
13126,59.45736566123352,22.62226196748168,1656656801024
13126,59.45777698296783,22.627308261635775,1656743201024
13126,59.46912158292528,22.622954707396943,1656829601024
13126,59.47179441905462,22.617727861166063,1656916001024
13126,59.46904203492901,22.61077239415143,1657002401024
13165,59.452972999999986,22.622075,1655792801024
13165,59.45382208232451,22.620048417318287,1655879201024
13165,59.46501401441034,22.61966670707688,1655965601024
13165,59.461876713565715,22.609559010720034,1656052001024
13165,59.45819417219076,22.610833400180432,1656138401024
13165,59.4412645346321,22.615948593906317,1656224801024
13165,59.43862064541514,22.6206222453482,1656311201024
13165,59.44303401026869,22.62077064198986,1656397601024
13165,59.450092067021586,22.617953666457375,1656484001024
13165,59.45974773741449,22.617464028205394,1656570401024
13165,59.45668888321802,22.624796755139368,1656656801024
13165,59.44655075692077,22.626073336444023,1656743201024
13165,59.44475586862251,22.63376001622688,1656829601024
13165,59.4374744302107,22.625085445116717,1656916001024
13165,59.43765752559534,22.633109816627485,1657002401024
13196,59.452972999999986,22.622075,1655792801024
13196,59.45698363112257,22.62001578916053,1655879201024
13196,59.45475246261137,22.617536255342376,1655965601024
13196,59.45720169495593,22.614210623893843,1656052001024
13196,59.46780878679746,22.60742407384228,1656138401024
13196,59.455900043876056,22.6044232182553,1656224801024
13196,59.45015131452482,22.608903397198574,1656311201024
13196,59.4617266240391,22.60478515140477,1656397601024
13196,59.45756629013542,22.611667092913383,1656484001024
13196,59.4526370041753,22.613758348348423,1656570401024
13196,59.44260054904788,22.604302111953377,1656656801024
13196,59.43788576066635,22.61468951997974,1656743201024
13196,59.436980152520846,22.617274333467194,1656829601024
13196,59.446550890206936,22.61867175653031,1656916001024
13196,59.44423375729869,22.625987995906243,1657002401024
13253,59.452972999999986,22.622075,1657520801024
13253,59.45492409990581,22.62326491941708,1657607201024
13253,59.462445207733936,22.633313474953894,1657693601024
13253,59.44563583460382,22.631268445351076,1657780001024
13253,59.453455268114595,22.633098092863715,1657866401024
13253,59.456633130597,22.62581867117996,1657952801024
13253,59.45271150780309,22.6278997648655,1658039201024
13253,59.45158714040025,22.628433604578856,1658125601024
13253,59.455913407157425,22.627285350142003,1658212001024
13253,59.455072668126746,22.620591192313935,1658298401024
13253,59.45729128047631,22.62250532336852,1658384801024
13253,59.45964654128966,22.616442649602064,1658471201024
13253,59.43707732507039,22.61161455088492,1658557601024
13253,59.443621957548345,22.62167296892058,1658644001024
13253,59.44666584518709,22.62812820999452,1658730401024
13253,59.44507344804049,22.621601730280194,1658816801024
13253,59.436215254692,22.621377758250016,1658903201024
13271,59.452972999999986,22.622075,1657520801024
13271,59.44616671569048,22.62409540761993,1657607201024
13271,59.441996545128006,22.62785983230069,1657693601024
13271,59.44635388278857,22.614722577402517,1657780001024
13271,59.45357450461751,22.617305844553407,1657866401024
13271,59.43728537677404,22.61227487409848,1657952801024
13271,59.4349788816146,22.610929203910388,1658039201024
13271,59.43962615245121,22.602313027907066,1658125601024
13271,59.437436432705454,22.6018215241695,1658212001024
13271,59.43092483876504,22.595016528936497,1658298401024
13271,59.429693325843004,22.592010312220506,1658384801024
13271,59.4298274723846,22.58423214306047,1658471201024
13271,59.422233483434184,22.58780822746222,1658557601024
13271,59.42093746869537,22.581452711099924,1658644001024
13271,59.419317361164474,22.57992406261701,1658730401024
13271,59.42804783981768,22.586911995614088,1658816801024
13271,59.441551447022334,22.58465528115921,1658903201024
13302,59.452972999999986,22.622075,1657520801024
13302,59.460090342721,22.63493898510821,1657607201024
13302,59.45025398256854,22.63013539750925,1657693601024
13302,59.45750650324891,22.629515066318376,1657780001024
13302,59.45463725083775,22.63878273466135,1657866401024
13302,59.45912736839739,22.641760360274592,1657952801024
13302,59.4681790767018,22.649444617085397,1658039201024
13302,59.46367284237911,22.65479474512451,1658125601024
13302,59.470966933097685,22.660576690493,1658212001024
13302,59.46756112900184,22.6526177819494,1658298401024
13302,59.446820662834824,22.663858850750497,1658384801024
13302,59.45473647809925,22.66590603999699,1658471201024
13302,59.44946037301486,22.671596685029996,1658557601024
13302,59.45201377060741,22.670889846159216,1658644001024
13302,59.45701862288536,22.66409542668163,1658730401024
13302,59.45542398578053,22.672015090283235,1658816801024
13302,59.45876507934051,22.67705624975518,1658903201024
13494,59.452972999999986,22.622075,1659248801024
13494,59.462487501787706,22.62459186197811,1659335201024
13494,59.45783261777942,22.633148509990235,1659421601024
13494,59.455699148743776,22.625954879652728,1659508001024
13494,59.46213219496471,22.632198301579862,1659594401024
13494,59.45095290233621,22.62918864133075,1659680789024
13494,59.45530621042627,22.626807646481396,1659767189024
13494,59.45988055844498,22.619067410991303,1659853589024
13494,59.46575449502899,22.623529779216717,1659939989024
13494,59.469135020425995,22.625154993355327,1660026389024
13494,59.47058315202162,22.62428177811003,1660112789024
13494,59.47637377391752,22.62495926410961,1660199189024
13494,59.47699933981988,22.63012420379402,1660285589024
13494,59.48226017293885,22.60597603908931,1660371989024
13494,59.48289738749719,22.603632388940554,1660458389024
13504,59.452972999999986,22.622075,1659680789024
13504,59.463311252694666,22.624852793057837,1659767189024
13504,59.46409964518677,22.628613454347896,1659853589024
13504,59.44871412323715,22.626552339840547,1659939989024
13504,59.44809215387983,22.638938477831413,1660026389024
13504,59.44348234634441,22.644452729011963,1660112789024
13504,59.43119821406998,22.636809644406977,1660199189024
13504,59.44010620910768,22.645440791640464,1660285589024
13504,59.4487460680152,22.65302899283383,1660371989024
13504,59.44746716730046,22.65065001791211,1660458389024
13504,59.44298350360356,22.659627940167905,1660544789024
13504,59.436697566498026,22.659609989371724,1660631189024
13504,59.436777861864726,22.663612847178083,1660717589024
13504,59.435016380723255,22.655242624288498,1660803989024
13543,59.452972999999986,22.622075,1659680789024
13543,59.45750870057708,22.63245409264614,1659767189024
13543,59.45127100476219,22.63336464119585,1659853589024
13543,59.4450139015822,22.641876388837485,1659939989024
13543,59.45139625158879,22.653493869140576,1660026389024
13543,59.45467441696354,22.656007901772423,1660112789024
13543,59.450840570584205,22.649543764644022,1660199189024
13543,59.449525978719265,22.64329087291751,1660285589024
13543,59.44465623855922,22.636477001101287,1660371989024
13543,59.44499622307197,22.635546789954304,1660458389024
13543,59.4423571846105,22.632626195724576,1660544789024
13543,59.44697116486413,22.631736466300826,1660631189024
13543,59.445201488301166,22.629013754766376,1660717589024
13543,59.44540676617109,22.63842631253081,1660803989024
13543,59.43835194412327,22.64511890619495,1660890389024
13572,59.452972999999986,22.622075,1659680789024
13572,59.45169001513875,22.61131208384273,1659767189024
13572,59.46109495700901,22.601309632742232,1659853589024
13572,59.45742676703176,22.60263938488588,1659939989024
13572,59.463664205946,22.61075151389073,1660026389024
13572,59.45972925841096,22.611944985076743,1660112789024
13572,59.45252943536437,22.607354151911434,1660199189024
13572,59.45032624873937,22.60663645860256,1660285589024
13572,59.45373102326934,22.61845196745438,1660371989024
13572,59.44870269101662,22.613950825236017,1660458389024
13572,59.459799450883224,22.611270660808103,1660544789024
13572,59.45034650709337,22.611875404277708,1660631189024
13572,59.436457629342186,22.60578753467083,1660717589024
13572,59.43347755642418,22.60501641150663,1660803989024
13572,59.42568927557531,22.604020153958476,1660890389024
13592,59.452972999999986,22.622075,1660976801024
13592,59.44552535055061,22.62146590401402,1661063201024
13592,59.44013749460131,22.627953704901152,1661149601024
13592,59.43103544932475,22.63640643831708,1661236001024
13592,59.4412009512825,22.647500458734857,1661322401024
13592,59.451394710556315,22.64815638163072,1661408801024
13592,59.45440023196497,22.656533709622003,1661495201024
13592,59.45529902790551,22.655064335687904,1661581601024
13592,59.45408635045109,22.65860266094572,1661668001024
13592,59.45866070977215,22.65435114521654,1661754401024
13592,59.45653105028606,22.669051260413703,1661840801024
13592,59.460317974584825,22.669859664929373,1661927201024
13592,59.48318082637692,22.680105572314947,1662013601024
13592,59.49325979960875,22.660913178981673,1662100001024
13592,59.48876007835665,22.63771177522796,1662186401024
13592,59.49382843251493,22.629899328835865,1662272789024
13597,59.452972999999986,22.622075,1660976801024
13597,59.44509463732143,22.629836553295863,1661063201024
13597,59.44397525369263,22.638521956611783,1661149601024
13597,59.44682117801352,22.64626552712561,1661236001024
13597,59.45568144222551,22.638367276073097,1661322401024
13597,59.46186777334765,22.642022169000413,1661408801024
13597,59.47213806612152,22.64227670884831,1661495201024
13597,59.46325439905422,22.646240000355203,1661581601024
13597,59.46417792834515,22.644215545583453,1661668001024
13597,59.46467325031685,22.642956206808655,1661754401024
13597,59.46592861197075,22.642714875349444,1661840801024
13597,59.46514039155139,22.64961837549284,1661927201024
13597,59.46717041038198,22.64111692508344,1662013601024
13597,59.46623519522299,22.655411536395704,1662100001024
13597,59.47233516623123,22.662761489614628,1662186401024
13597,59.46693911885151,22.67127003469668,1662272789024
13613,59.452972999999986,22.622075,1660976801024
13613,59.45389229888602,22.61388809717515,1661063201024
13613,59.46705718468934,22.61775381857216,1661149601024
13613,59.47785058978175,22.62201216954244,1661236001024
13613,59.48158023575334,22.59856842518074,1661322401024
13613,59.48399834511025,22.605921914683,1661408801024
13613,59.48465817773922,22.60363241925953,1661495201024
13613,59.49002950771765,22.600524571495782,1661581601024
13613,59.49217683972853,22.597316292390552,1661668001024
13613,59.48262192881478,22.60157659388492,1661754401024
13613,59.48578756619611,22.59950147087509,1661840801024
13613,59.489934458611145,22.607433468663285,1661927201024
13613,59.491550423438866,22.611379891462796,1662013601024
13613,59.50239074662685,22.60369820198492,1662100001024
13613,59.501712459959435,22.605487633301856,1662186401024
13613,59.50888332861692,22.603262687318992,1662272789024
13637,59.452972999999986,22.622075,1660976801024
13637,59.448252635287986,22.62232812491599,1661063201024
13637,59.444124737136406,22.624981147109175,1661149601024
13637,59.450289787156834,22.628042669048614,1661236001024
13637,59.45789238676804,22.630269427565423,1661322401024
13637,59.439001531224505,22.630321762660177,1661408801024
13637,59.438508580913776,22.63717023768288,1661495201024
13637,59.4252583842125,22.638461086221938,1661581601024
13637,59.418304382070914,22.630621966359204,1661668001024
13637,59.417617023596875,22.630504956175855,1661754401024
13637,59.42924579061497,22.642399657188474,1661840801024
13637,59.41380311998,22.64836803368484,1661927201024
13637,59.41229533612744,22.637977527780077,1662013601024
13637,59.40398214647439,22.636976291535092,1662100001024
13637,59.40852795480435,22.643473583297048,1662186401024
13637,59.406759203877726,22.637899280520923,1662272789024
13637,59.40501642785856,22.644453987604724,1662359189024
13646,59.452972999999986,22.622075,1660976801024
13646,59.45524594820279,22.615812011801108,1661063201024
13646,59.44912769390115,22.625414837954516,1661149601024
13646,59.45284650881837,22.62272613302296,1661236001024
13646,59.46016710577186,22.615198030029507,1661322401024
13646,59.45541805017828,22.612942598046825,1661408801024
13646,59.4615931715322,22.618593864821545,1661495201024
13646,59.46881267300006,22.60281611082111,1661581601024
13646,59.47210918861231,22.592704535756507,1661668001024
13646,59.46255568043597,22.584975401489515,1661754401024
13646,59.46355189888362,22.58270127870645,1661840801024
13646,59.44712056007876,22.5801864353819,1661927201024
13646,59.4582471151376,22.590536506783895,1662013601024
13646,59.45972928345981,22.597268029995185,1662100001024
13646,59.46167614550856,22.60480441389808,1662186401024
13646,59.452763561034914,22.61448489526467,1662272789024
13646,59.45758674499086,22.61993666475906,1662359189024
13714,59.452972999999986,22.622075,1662272789024
13714,59.448089767902246,22.630509786866817,1662359189024
13714,59.43495304785969,22.635501850917972,1662445589024
13714,59.43485545952319,22.64866282863638,1662531989024
13714,59.44168685142267,22.64115117501579,1662618389024
13714,59.448874894293965,22.635620011091724,1662704789024
13714,59.44068352178914,22.633560099213252,1662704801024
13714,59.43504132171768,22.638884940382106,1662791201024
13714,59.44184767112165,22.636456369962172,1662877601024
13714,59.43957115102276,22.640654183262455,1662964001024
13714,59.4476994730891,22.64090845735728,1663050401024
13714,59.44251688203093,22.635811813562544,1663136801024
13714,59.4391479193676,22.62991408464125,1663223201024
13714,59.43193341912408,22.634155567703385,1663309601024
13714,59.42817024784901,22.640707944234457,1663396001024
13714,59.41925176806208,22.643177110732008,1663482401024
13857,59.452972999999986,22.622075,1662704801024
13857,59.45875512592673,22.616410394341447,1662791201024
13857,59.463647252603266,22.61389170343266,1662877601024
13857,59.46042132461997,22.611923766289944,1662964001024
13857,59.46632446823392,22.62000134377245,1663050401024
13857,59.45993487491483,22.631758972341476,1663136801024
13857,59.460598864369274,22.63398844868257,1663223201024
13857,59.454861609569775,22.64436157141403,1663309601024
13857,59.45158719487554,22.64621242484089,1663396001024
13857,59.46231310973084,22.65029196888103,1663482401024
13857,59.470911707335006,22.649575819304417,1663568801024
13857,59.45848474912074,22.654038451555223,1663655201024
13857,59.45899352368613,22.65412166534062,1663741601024
13857,59.470532710798494,22.661460621727116,1663828001024
13857,59.463241024947706,22.652703714622184,1663914401024
13874,59.452972999999986,22.622075,1664432811024
13874,59.439284342779274,22.624513297311708,1664519211024
13874,59.44600243907439,22.628425450701236,1664605611024
13874,59.443007493994344,22.63554791636728,1664692011024
13874,59.44093725242644,22.632757694025937,1664778411024
13874,59.43824910965577,22.63957774332332,1664864811024
13874,59.43793040724515,22.64059799930728,1664864829024
13874,59.44097252177491,22.64939984698035,1664951229024
13874,59.44849611696506,22.65084905071692,1665037629024
13874,59.4520933698561,22.64567286270071,1665124029024
13874,59.446088818060105,22.643895539703916,1665210429024
13874,59.45730857665146,22.63996332636884,1665296829024
13874,59.45988679249598,22.637760238684915,1665296871024
13874,59.47188523888525,22.649494095422952,1665383271024
13874,59.4759615432983,22.64443048202388,1665469671024
13874,59.47122427801355,22.651673055720376,1665556071024
13874,59.46543480064307,22.650666374965205,1665642471024
13921,59.452972999999986,22.622075,1664432811024
13921,59.46737080205145,22.622430447710656,1664519211024
13921,59.45441107535234,22.623041445323228,1664605611024
13921,59.458856701937975,22.616099083154563,1664692011024
13921,59.45770870075046,22.61901126882652,1664778411024
13921,59.46694305953889,22.62289461782061,1664864811024
13921,59.469907944820136,22.628384133560427,1664864829024
13921,59.47479176544101,22.627287639379222,1664951229024
13921,59.47694936230917,22.61497809575503,1665037629024
13921,59.480403690561246,22.61753662672135,1665124029024
13921,59.48608064592702,22.60643354436383,1665210429024
13921,59.50378052899049,22.606672065033816,1665296829024
13921,59.50494836778299,22.607812888088635,1665296871024
13921,59.494867004367734,22.60703690267685,1665383271024
13921,59.50549872326661,22.614542608995873,1665469671024
13921,59.49981156914049,22.609688306738203,1665556071024
13921,59.501679292396176,22.605764149350996,1665642471024
13936,59.452972999999986,22.622075,1664432811024
13936,59.45411720371749,22.630744373984783,1664519211024
13936,59.44238001436827,22.629396961801277,1664605611024
13936,59.44840555874205,22.629672401415583,1664692011024
13936,59.44836895060348,22.625605618343567,1664778411024
13936,59.432213260000594,22.62719494950764,1664864811024
13936,59.42732689434485,22.64115521308794,1664864829024
13936,59.41840162648265,22.63965959653209,1664951229024
13936,59.41082779288024,22.646220095988657,1665037629024
13936,59.40406578122145,22.643022132583653,1665124029024
13936,59.398360635817966,22.64246189231838,1665210429024
13936,59.38942920088414,22.64800251027317,1665296829024
13936,59.379667230417056,22.641845405587972,1665296871024
13936,59.38362026697831,22.643977208782523,1665383271024
13936,59.38785978024754,22.64558222930908,1665469671024
13936,59.38905184343926,22.652905990259868,1665556071024
13936,59.398830442336504,22.653832840170352,1665642471024
13939,59.452972999999986,22.622075,1664432811024
13939,59.434326168828505,22.620463325447066,1664519211024
13939,59.441795113894386,22.61981896883374,1664605611024
13939,59.44122603700788,22.611313578995752,1664692011024
13939,59.44093504479221,22.611121284075537,1664778411024
13939,59.43383304131663,22.60876356382448,1664864811024
13939,59.43664424259737,22.599708947849987,1664864829024
13939,59.43360879530303,22.611106418112144,1664951229024
13939,59.440571475522574,22.613874197411935,1665037629024
13939,59.440292203100825,22.6223172749041,1665124029024
13939,59.42260261085542,22.617534869926818,1665210429024
13939,59.41583238016153,22.614801214908898,1665296829024
13939,59.40834701174094,22.608098684429592,1665296871024
13939,59.40767838894649,22.61350132381705,1665383271024
13939,59.40974746872763,22.612727865345217,1665469671024
13939,59.418125036189025,22.612941373239146,1665556071024
13939,59.415824860876455,22.61934789349753,1665642471024
13983,59.452972999999986,22.622075,1664864829024
13983,59.46402135733001,22.62281357279299,1664951229024
13983,59.46397734502219,22.624484865587856,1665037629024
13983,59.46450019669487,22.63445868596199,1665124029024
13983,59.47022873668021,22.645121865896392,1665210429024
13983,59.4765070602366,22.637629356919973,1665296829024
13983,59.45928261972551,22.63568095994086,1665296871024
13983,59.458977378074565,22.629778514671052,1665383271024
13983,59.44201379999129,22.63626687713492,1665469671024
13983,59.43612990024115,22.6313641540399,1665556071024
13983,59.4304142782201,22.62475013962016,1665642471024
13983,59.43822611767456,22.62450798957147,1665728871024
13983,59.44099844535239,22.62972541698628,1665815271024
13983,59.44067920702008,22.63810772150239,1665901671024
13983,59.43384092098512,22.636284075511085,1665988071024
13983,59.437318404436525,22.63729356434773,1666074471024
14108,59.452972999999986,22.622075,1665296871024
14108,59.4554368068608,22.629499490987104,1665383271024
14108,59.45624487287975,22.6274514514055,1665469671024
14108,59.45105899301683,22.62818359581453,1665556071024
14108,59.45240119267689,22.622780751121063,1665642471024
14108,59.457925194520726,22.621238259154232,1665728871024
14108,59.456560322764346,22.62324818547169,1665815271024
14108,59.45696945517207,22.620210355273475,1665901671024
14108,59.462491351814464,22.615730312313513,1665988071024
14108,59.46717628829049,22.614724979553884,1666074471024
14108,59.46565126483429,22.617966431490444,1666160871024
14108,59.47642970193917,22.620360399429096,1666247271024
14108,59.48087739011609,22.624330587388418,1666333671024
14108,59.49396179455249,22.59383927315641,1666420071024
14108,59.484406892906776,22.585240757292876,1666506471024
14152,59.452972999999986,22.622075,1666592969024
14152,59.459001071132406,22.622397271746426,1666679369024
14152,59.466433060865455,22.61104722199681,1666765769024
14152,59.44849827538815,22.612751741886974,1666852169024
14152,59.45018894016391,22.60974068437844,1666938569024
14152,59.45644473067381,22.613153248595683,1667024969024
14152,59.46138385631855,22.60787457073628,1667025001024
14152,59.465443521292315,22.60686060644725,1667111401024
14152,59.46381923827664,22.60477652826227,1667197801024
14152,59.471195383402744,22.605705279082542,1667284201024
14152,59.46975310354884,22.608877087570814,1667370601024
14152,59.45631716851199,22.600319320687223,1667457001024
14152,59.45325143284123,22.595319657950625,1667543401024
14152,59.44817368811778,22.596128670445207,1667629801024
14152,59.453906320069365,22.607194143996743,1667716201024
14152,59.44341473321785,22.616208181310743,1667802601024
14206,59.452972999999986,22.622075,1666592969024
14206,59.448872471691146,22.616773125376096,1666679369024
14206,59.452900427036695,22.621048899921487,1666765769024
14206,59.45215223826892,22.62772616938722,1666852169024
14206,59.44969410694446,22.62821530830712,1666938569024
14206,59.453179044067895,22.624687239873023,1667024969024
14206,59.44752442946702,22.63878267945844,1667025001024
14206,59.43679809877901,22.633128621430476,1667111401024
14206,59.419331532159845,22.629033032047637,1667197801024
14206,59.428547594337914,22.617534867973692,1667284201024
14206,59.43140974054208,22.613930532309823,1667370601024
14206,59.42664770665701,22.62098346413809,1667457001024
14206,59.43323834049525,22.621944943330377,1667543401024
14206,59.440967772694506,22.625492129326897,1667629801024
14206,59.44772832187866,22.62492654639297,1667716201024
14206,59.434285534458894,22.623420366301428,1667802601024
14209,59.452972999999986,22.622075,1666592969024
14209,59.452851083760606,22.623981758954553,1666679369024
14209,59.45152028767157,22.61858920199711,1666765769024
14209,59.44450264746183,22.61038664053283,1666852169024
14209,59.44608836469942,22.600532843768026,1666938569024
14209,59.4523070965395,22.606405938753554,1667024969024
14209,59.448119324519695,22.61480448694965,1667025001024
14209,59.4453693261176,22.61374313391074,1667111401024
14209,59.4559576422277,22.616135420807545,1667197801024
14209,59.451005003828726,22.61273476571339,1667284201024
14209,59.44461823973677,22.607907016862196,1667370601024
14209,59.437281447606296,22.60883992870962,1667457001024
14209,59.43429420891161,22.60497950949768,1667543401024
14209,59.436390557644955,22.608606395471888,1667629801024
14209,59.44570204855046,22.610426917493967,1667716201024
14209,59.44351331721751,22.614208294718836,1667802601024
14253,59.452972999999986,22.622075,1667025001024
14253,59.45601190310103,22.620305326417697,1667111401024
14253,59.45992198282238,22.626225128289548,1667197801024
14253,59.4565910552617,22.613472578213084,1667284201024
14253,59.45380946106209,22.61602476349567,1667370601024
14253,59.44953845511293,22.62082454256988,1667457001024
14253,59.442106708181456,22.61961592601536,1667543401024
14253,59.44181545285667,22.61457521410765,1667629801024
14253,59.43305498873997,22.624011448949773,1667716201024
14253,59.44488601598866,22.61831061131809,1667802601024
14253,59.43747886817533,22.62746579905448,1667889001024
14253,59.42963030224067,22.626165760456768,1667975401024
14253,59.4323729174813,22.628808573029055,1668061801024
14253,59.42429964843939,22.61731167678705,1668148201024
14253,59.4219577048693,22.62448986052458,1668234601024
14349,59.452972999999986,22.622075,1668753101024
14349,59.45062568426505,22.61935583962777,1668839501024
14349,59.45075113017276,22.63578439701483,1668925901024
14349,59.447366159393425,22.63430302422829,1669012301024
14349,59.45358965935202,22.632460884099576,1669098701024
14349,59.459496056504435,22.636477305131635,1669185101024
14349,59.457134119788634,22.63183418378738,1669271501024
14349,59.45264105206337,22.64272614084254,1669357901024
14349,59.4576452669892,22.637660127117616,1669444301024
14349,59.44692500768713,22.64167041575772,1669530701024
14349,59.44112618824505,22.636753814155934,1669617101024
14349,59.438715766564115,22.634070198195825,1669703501024
14349,59.433073509444085,22.63795770800779,1669789901024
14349,59.44133910901334,22.641261661327515,1669876301024
14349,59.43228856675685,22.635469034448167,1669962701024
14429,59.452972999999986,22.622075,1671345181024
14429,59.46030062648805,22.62610543466664,1671431581024
14429,59.453412466704464,22.628278789258623,1671517981024
14429,59.46414581512633,22.619661465797833,1671604381024
14429,59.4628123835044,22.62459159997018,1671690781024
14429,59.458105202213176,22.627601314962583,1671777181024
14429,59.46749483495779,22.625108130876185,1671863581024
14429,59.46623133455904,22.61744111767905,1671949981024
14429,59.4577507530214,22.62650077840524,1672036381024
14429,59.45630437714709,22.630936637869887,1672122781024
14429,59.45499822870619,22.639835093881494,1672209181024
14429,59.452740570422606,22.64359821986248,1672295581024
14429,59.44133690105377,22.63804343937942,1672381981024
14429,59.43192757582574,22.640490155230015,1672468381024
14429,59.42062823549955,22.637985807608544,1672554781024
14439,59.452972999999986,22.622075,1671345181024
14439,59.45431243091559,22.62332109841426,1671431581024
14439,59.45215316318848,22.617615384930875,1671517981024
14439,59.45240986928658,22.61289708812801,1671604381024
14439,59.45712421490978,22.617079403520773,1671690781024
14439,59.4588213714149,22.623718669197313,1671777181024
14439,59.45647767354873,22.62236760656841,1671863581024
14439,59.46579166462277,22.614530553856778,1671949981024
14439,59.45834970419059,22.62151879393668,1672036381024
14439,59.457923483716115,22.629561419930702,1672122781024
14439,59.46341915752299,22.62422699072228,1672209181024
14439,59.46676767224304,22.61554547868628,1672295581024
14439,59.46454848768474,22.61806111701546,1672381981024
14439,59.46005034325475,22.61532512256798,1672468381024
14439,59.45200870084986,22.623075008902244,1672554781024
14516,59.452972999999986,22.622075,1673073161024
14516,59.46549876844685,22.624746208429062,1673159561024
14516,59.46582538318148,22.632097936755052,1673245961024
14516,59.46541231160117,22.63372377718043,1673332361024
14516,59.46103262517158,22.6343472973681,1673418761024
14516,59.46195884006164,22.634712927818317,1673505161024
14516,59.46975572572566,22.630163936199992,1673591561024
14516,59.47232706989158,22.63286450262019,1673677961024
14516,59.45998190525694,22.63315501275662,1673764361024
14516,59.467433108718325,22.62792403306955,1673850761024
14516,59.46217717195307,22.63362971520879,1673937161024
14516,59.45014665309793,22.63363420821278,1674023561024
14516,59.450332596705465,22.631668598865957,1674109961024
14516,59.447329173671704,22.640633792962532,1674196361024
14516,59.44963279742228,22.632918935660346,1674282761024
14516,59.45314559172439,22.631468082168784,1674369161024
14521,59.452972999999986,22.622075,1673073161024
14521,59.44452265439165,22.634582223466023,1673159561024
14521,59.4470851308603,22.63976590840431,1673245961024
14521,59.44509528165153,22.637962837343192,1673332361024
14521,59.45600435498869,22.623471928696976,1673418761024
14521,59.456964944059166,22.623404235666,1673505161024
14521,59.465914777818455,22.620459545131325,1673591561024
14521,59.46504748152188,22.63133196173203,1673677961024
14521,59.47932072815476,22.63132765515619,1673764361024
14521,59.500573161858426,22.608030253734263,1673850761024
14521,59.50182011863967,22.611063026291628,1673937161024
14521,59.493763847889085,22.628118623710726,1674023561024
14521,59.50710864475309,22.61146532139301,1674109961024
14521,59.5126519683825,22.610761973071572,1674196361024
14521,59.503170883690785,22.606617385111107,1674282761024
14521,59.50733023919017,22.618525546636835,1674369161024
14575,59.452972999999986,22.622075,1673073161024
14575,59.444836154805785,22.622472138618875,1673159561024
14575,59.451535677601726,22.630563542676544,1673245961024
14575,59.44804578754077,22.616173135227086,1673332361024
14575,59.45148972181954,22.63065959920571,1673418761024
14575,59.43794336630103,22.631083426672923,1673505161024
14575,59.44360825989958,22.63607564147308,1673591561024
14575,59.44465440642466,22.630689317345116,1673677961024
14575,59.44332419223576,22.623773896064534,1673764361024
14575,59.43709110208067,22.62272418516961,1673850761024
14575,59.4522130501463,22.628224412192203,1673937161024
14575,59.4479598144998,22.634544267246717,1674023561024
14575,59.44160874188856,22.636448522636183,1674109961024
14575,59.4457827493886,22.63424240275308,1674196361024
14575,59.45109306402347,22.629735717193316,1674282761024
14575,59.44957742708675,22.621548568932983,1674369161024
14600,59.452972999999986,22.622075,1673073161024
14600,59.45523534173552,22.626651844422497,1673159561024
14600,59.461633878477414,22.635327557735625,1673245961024
14600,59.46701788358047,22.62898735273431,1673332361024
14600,59.4812145939336,22.64345743827524,1673418761024
14600,59.48741710232508,22.626268532153592,1673505161024
14600,59.49667551283784,22.597915850161577,1673591561024
14600,59.49942939130753,22.588016261395236,1673677961024
14600,59.49702833631969,22.582014660015716,1673764361024
14600,59.49684408343504,22.575738489788215,1673850761024
14600,59.519810194112864,22.584822435080152,1673937161024
14600,59.52083729321157,22.5848042876909,1674023561024
14600,59.52322643515288,22.594960248497653,1674109961024
14600,59.52324780095131,22.579553089028614,1674196361024
14600,59.53490182095024,22.585234440884168,1674282761024
14600,59.53028770829417,22.58635285902684,1674369161024
14657,59.452972999999986,22.622075,1679120791024
14657,59.4629365640356,22.619645672803184,1679207191024
14657,59.46244159743142,22.62319711046268,1679293591024
14657,59.45709362427462,22.61469288594432,1679379991024
14657,59.45752165168966,22.623185548798833,1679466391024
14657,59.45794568208771,22.624907832646592,1679552791024
14657,59.46204952876752,22.62474401609028,1679639191024
14657,59.467249835479834,22.62543655601789,1679725591024
14657,59.46852597335854,22.62702746091063,1679811991024
14657,59.473638290040554,22.632529968065043,1679898391024
14657,59.47096526108999,22.636430006186085,1679984791024
14657,59.47453111109934,22.63531239961785,1680071191024
14657,59.46262069460832,22.642140591780297,1680157591024
14657,59.45342540392653,22.64643429450768,1680243991024
14657,59.4579335670108,22.64744568013437,1680330391024
14657,59.45986749517379,22.6540032262654,1680416791024
14669,59.452972999999986,22.622075,1679120791024
14669,59.45124064527482,22.61746154830605,1679207191024
14669,59.439807288519546,22.61115177118575,1679293591024
14669,59.450155587747105,22.621402148331217,1679379991024
14669,59.45247990337808,22.62248916089308,1679466391024
14669,59.47136294826112,22.613765634489067,1679552791024
14669,59.470069514428616,22.633218353312746,1679639191024
14669,59.47198264870073,22.625572191122608,1679725591024
14669,59.474751817600406,22.62093433884296,1679811991024
14669,59.4820864032572,22.61157960473315,1679898391024
14669,59.481634424189,22.62179728947394,1679984791024
14669,59.4884773950227,22.594532480410404,1680071191024
14669,59.49794024589971,22.594618410591835,1680157591024
14669,59.50077909399553,22.603385180307058,1680243991024
14669,59.507456569309625,22.6032014946946,1680330391024
14669,59.51506793992252,22.61585038137785,1680416791024
14678,59.452972999999986,22.622075,1679120791024
14678,59.44100868979564,22.611860821433584,1679207191024
14678,59.448810372490925,22.614269462075356,1679293591024
14678,59.4509110988752,22.61102287459655,1679379991024
14678,59.446712032147786,22.616119437479895,1679466391024
14678,59.43631860790893,22.618217661934153,1679552791024
14678,59.436810081965234,22.61853305031847,1679639191024
14678,59.43480293150236,22.62321839543473,1679725591024
14678,59.43674032200352,22.62566145356193,1679811991024
14678,59.4394406459956,22.615115200902142,1679898391024
14678,59.43550064544698,22.612695255937226,1679984791024
14678,59.44115415145956,22.614938346868,1680071191024
14678,59.44338304092187,22.62057504721042,1680157591024
14678,59.43344665523264,22.616405245346453,1680243991024
14678,59.439562624815494,22.616536945647244,1680330391024
14678,59.44162347836385,22.613447953805835,1680416791024
14727,59.452972999999986,22.622075,1682144789024
14727,59.44648234645439,22.626670631455493,1682231189024
14727,59.43642864961376,22.62502217368755,1682317589024
14727,59.44365398913624,22.622862833823746,1682403989024
14727,59.44112448842933,22.61927552746042,1682490389024
14727,59.435763631893224,22.624572000885017,1682576789024
14727,59.4340668430614,22.633210426635728,1682576791024
14727,59.44728122504856,22.63197509892608,1682663191024
14727,59.443073192561855,22.634871574236747,1682749591024
14727,59.45193684954805,22.640359531704025,1682835991024
14727,59.458718098404546,22.641720050388464,1682922391024
14727,59.462321576020486,22.639855042806428,1683008789024
14727,59.46874550213994,22.644082571094227,1683095189024
14727,59.473000401772225,22.642399364121975,1683181589024
14727,59.47407155586325,22.650161787407303,1683267989024
14727,59.47672406535472,22.653728376997854,1683354389024
14728,59.452972999999986,22.622075,1682144789024
14728,59.45529305866483,22.622813892820066,1682231189024
14728,59.45465134049542,22.628773321002015,1682317589024
14728,59.44949120641212,22.619505963535293,1682403989024
14728,59.45037139298202,22.616574231106853,1682490389024
14728,59.4401923050508,22.617672981291214,1682576789024
14728,59.44215229562758,22.617946099274587,1682576791024
14728,59.44534033227444,22.612567390651087,1682663191024
14728,59.46190174721232,22.609075900577817,1682749591024
14728,59.45516026255348,22.607934643835083,1682835991024
14728,59.45786113561965,22.61466965246413,1682922391024
14728,59.45994618956644,22.61290208768177,1683008789024
14728,59.46601998415281,22.610500860530536,1683095189024
14728,59.47534365549126,22.61213731473405,1683181589024
14728,59.47417389299983,22.597704262710156,1683267989024
14728,59.47268261461778,22.597268561506144,1683354389024
14810,59.452972999999986,22.622075,1682576791024
14810,59.45913631590162,22.623426663285542,1682663191024
14810,59.46032276200958,22.633596734558203,1682749591024
14810,59.456246479718175,22.64128391474513,1682835991024
14810,59.453425781715794,22.636802304418634,1682922391024
14810,59.44952118107972,22.642158629028916,1683008789024
14810,59.44934190468433,22.634681574614344,1683095189024
14810,59.440481188234486,22.641615622437016,1683181589024
14810,59.44255725773593,22.64501554310444,1683267989024
14810,59.441990038391936,22.64413379695314,1683354389024
14810,59.45563220206978,22.6404758472842,1683440789024
14810,59.45335529178689,22.63314721038551,1683527189024
14810,59.46207089368397,22.627475128251387,1683613589024
14810,59.44730939245727,22.628561290340432,1683699989024
14810,59.44620767223239,22.629423130239285,1683786389024
14810,59.45250365875063,22.6296711860337,1683872789024
14825,59.452972999999986,22.622075,1682576791024
14825,59.455727465685754,22.62914614979268,1682663191024
14825,59.45909471498743,22.630485346061768,1682749591024
14825,59.45909400112407,22.63480436654416,1682835991024
14825,59.46062019578923,22.634856686194617,1682922391024
14825,59.46524387568007,22.64307274944057,1683008789024
14825,59.454084003448315,22.651317275709165,1683095189024
14825,59.4422867783955,22.6465918731537,1683181589024
14825,59.44455956229882,22.640082462756908,1683267989024
14825,59.44871097078422,22.64348144803398,1683354389024
14825,59.44083041912333,22.639686963717597,1683440789024
14825,59.44846765263145,22.636573291484137,1683527189024
14825,59.44765778326445,22.639636664010833,1683613589024
14825,59.46533285687971,22.6487585658814,1683699989024
14825,59.455733100645176,22.64509973404005,1683786389024
14825,59.46434085559028,22.6493822026636,1683872789024
14965,59.452972999999986,22.622075,1683008789024
14965,59.44495181352113,22.636226052143325,1683095189024
14965,59.442845621905235,22.633241964143295,1683181589024
14965,59.43908534774354,22.64496094642963,1683267989024
14965,59.461596822044214,22.643843823307424,1683354389024
14965,59.470888644483125,22.64566424324906,1683440789024
14965,59.46914891960975,22.650308511735197,1683527189024
14965,59.46089551130413,22.65492149055652,1683613589024
14965,59.44908054523418,22.65133467147491,1683699989024
14965,59.451992033356504,22.65386006811661,1683786389024
14965,59.450175707938314,22.66123158990096,1683872789024
14965,59.45022614056967,22.65133441759122,1683959189024
14965,59.44927255665124,22.64879747224748,1684045589024
14965,59.44825439438753,22.652117388821704,1684131989024
14965,59.44487661604873,22.657615322186636,1684218389024
14965,59.447788101851245,22.648495940862936,1684304789024
14965,59.44098180188027,22.65384673313727,1684304791024
14984,59.452972999999986,22.622075,1683008789024
14984,59.4541877324279,22.609072609007622,1683095189024
14984,59.45198504593316,22.616796154791253,1683181589024
14984,59.45519120603913,22.61414305597892,1683267989024
14984,59.44484521588353,22.624327206524104,1683354389024
14984,59.44669271301535,22.621957773064835,1683440789024
14984,59.44567516357404,22.62808175203277,1683527189024
14984,59.45101007205341,22.63269922077421,1683613589024
14984,59.458031155145136,22.62284884321657,1683699989024
14984,59.46516928066751,22.627412581634665,1683786389024
14984,59.45863022595921,22.626073211381694,1683872789024
14984,59.45505712753956,22.620884058363114,1683959189024
14984,59.454959854319554,22.62269802485159,1684045589024
14984,59.465099943229035,22.61255224672194,1684131989024
14984,59.45762611936078,22.618425272149125,1684218389024
14984,59.452228937864106,22.611064805759653,1684304789024
14984,59.4572452430283,22.614966179908272,1684304791024
14997,59.452972999999986,22.622075,1683872789024
14997,59.4633052271798,22.629246159474103,1683959189024
14997,59.45795213648333,22.631362384736033,1684045589024
14997,59.46712161979429,22.63038926500459,1684131989024
14997,59.46715284765111,22.62585581366577,1684218389024
14997,59.4697738924024,22.615378259106283,1684304789024
14997,59.46874821678461,22.613326470034707,1684304791024
14997,59.467146511604255,22.612261080326803,1684391191024
14997,59.4643874490518,22.61310276663638,1684477591024
14997,59.46388413125166,22.61540669069428,1684563991024
14997,59.46542911460648,22.606870648156168,1684650391024
14997,59.46350047335267,22.620174164223975,1684736791024
14997,59.47307746272466,22.620505675871367,1684823191024
14997,59.47545177401173,22.617185023251405,1684909591024
14997,59.472475992573266,22.628883089950715,1684995991024
14997,59.47969089827802,22.626154036655297,1685082391024
15012,59.452972999999986,22.622075,1683872789024
15012,59.44128764691689,22.62301849578885,1683959189024
15012,59.44649315899227,22.625334135625977,1684045589024
15012,59.443592256963086,22.633770203490336,1684131989024
15012,59.45195312531672,22.63965755930851,1684218389024
15012,59.45984972872088,22.637073587637115,1684304789024
15012,59.45312227828293,22.637219257504945,1684304791024
15012,59.44162182692085,22.64365364448858,1684391191024
15012,59.453725176306904,22.64358164731126,1684477591024
15012,59.448062830143954,22.63807359394795,1684563991024
15012,59.44420745499562,22.641832198333056,1684650391024
15012,59.44453849222376,22.65015833444987,1684736791024
15012,59.45124675059358,22.653931162994457,1684823191024
15012,59.44968794952044,22.648689333548592,1684909591024
15012,59.44039340088966,22.666760929343464,1684995991024
15012,59.44316285669569,22.665402480935235,1685082391024
15016,59.452972999999986,22.622075,1683872789024
15016,59.458284572873424,22.615301385291986,1683959189024
15016,59.4606456469952,22.613537348016536,1684045589024
15016,59.4482910899263,22.605245494954,1684131989024
15016,59.45018121895322,22.614046354199115,1684218389024
15016,59.45122264626826,22.6100278283433,1684304789024
15016,59.448348220863295,22.60916679370565,1684304791024
15016,59.4475744862566,22.60483643650829,1684391191024
15016,59.43563505199543,22.60572087022588,1684477591024
15016,59.437114011045566,22.608339626241733,1684563991024
15016,59.444130638970194,22.60779304017219,1684650391024
15016,59.444829286104095,22.603596602029793,1684736791024
15016,59.43649835539111,22.617881216878516,1684823191024
15016,59.42792621775931,22.61501447556097,1684909591024
15016,59.43848811086093,22.619330838920227,1684995991024
15016,59.434755217281094,22.61342573663144,1685082391024
15024,59.452972999999986,22.622075,1683872789024
15024,59.45354736330762,22.627952943320736,1683959189024
15024,59.45413126066779,22.62488448229243,1684045589024
15024,59.44830354802701,22.62824961394208,1684131989024
15024,59.44419152644045,22.630622691359708,1684218389024
15024,59.45605026997035,22.633048437404028,1684304789024
15024,59.454413247876886,22.62834133100444,1684304791024
15024,59.446803656497565,22.63615086741402,1684391191024
15024,59.43433596004621,22.633814346810308,1684477591024
15024,59.42664116357503,22.63219654861081,1684563991024
15024,59.41960933505001,22.62856635339551,1684650391024
15024,59.42225033979412,22.62893828978559,1684736791024
15024,59.426561585136994,22.631389014797477,1684823191024
15024,59.429858161450625,22.62865705733702,1684909591024
15024,59.44111512519032,22.63648920290429,1684995991024
15024,59.44375548649734,22.629633226243453,1685082391024
15032,59.452972999999986,22.622075,1683872789024
15032,59.44850699461173,22.628561559075383,1683959189024
15032,59.45538094530707,22.632942831517404,1684045589024
15032,59.45265085786056,22.62884683795556,1684131989024
15032,59.446773212282466,22.625346191239245,1684218389024
15032,59.4503332946789,22.62551392871643,1684304789024
15032,59.44508774036481,22.618027364040326,1684304791024
15032,59.44584430445414,22.616074439716773,1684391191024
15032,59.44046215633358,22.61742044343872,1684477591024
15032,59.440316421856096,22.61968794576674,1684563991024
15032,59.43621641573563,22.61383356355922,1684650391024
15032,59.43924951535752,22.614056033657597,1684736791024
15032,59.43591199272032,22.620530638770845,1684823191024
15032,59.448620105729646,22.615165294908177,1684909591024
15032,59.442863529468354,22.620033002445265,1684995991024
15032,59.448837824575946,22.622917667683105,1685082391024
15045,59.452972999999986,22.622075,1683872789024
15045,59.44932879047957,22.62549521345485,1683959189024
15045,59.46293116097141,22.63161302294763,1684045589024
15045,59.45622475486593,22.62970738248768,1684131989024
15045,59.4605719453096,22.63696260096673,1684218389024
15045,59.45824772370088,22.637292009218875,1684304789024
15045,59.46562985855505,22.636419467846668,1684304791024
15045,59.46875769005385,22.630538410232088,1684391191024
15045,59.46892720496871,22.6297174473112,1684477591024
15045,59.47114438075974,22.61833771333404,1684563991024
15045,59.46596173770607,22.621723224560125,1684650391024
15045,59.46593158330131,22.61783294410751,1684736791024
15045,59.45775696721745,22.614089405532972,1684823191024
15045,59.45994341681458,22.620453102554368,1684909591024
15045,59.46293034457602,22.618222490879848,1684995991024
15045,59.45722489292416,22.61730641297081,1685082391024
15053,59.452972999999986,22.622075,1683872789024
15053,59.448984318083035,22.622470066942164,1683959189024
15053,59.45200829899443,22.619068216152225,1684045589024
15053,59.45825768657019,22.61635050160629,1684131989024
15053,59.462093486138656,22.628608751056664,1684218389024
15053,59.45123468189152,22.615807641203983,1684304789024
15053,59.44558559109703,22.61845198564154,1684304791024
15053,59.449930150163766,22.62965512479736,1684391191024
15053,59.45151149202201,22.61635388569155,1684477591024
15053,59.452405985231906,22.621129640450572,1684563991024
15053,59.45962949633787,22.627925148204593,1684650391024
15053,59.466553437956975,22.619524974317468,1684736791024
15053,59.461394098867515,22.615401076200506,1684823191024
15053,59.45181505130111,22.614078277176308,1684909591024
15053,59.45139831940491,22.613652206440367,1684995991024
15053,59.45073974608022,22.627188941515993,1685082391024
15067,59.452972999999986,22.622075,1683872789024
15067,59.46169750903579,22.617632071257663,1683959189024
15067,59.47393060289636,22.622023791999656,1684045589024
15067,59.48972122549674,22.61692389335435,1684131989024
15067,59.49601430312072,22.61401549804813,1684218389024
15067,59.49399619107655,22.61469599837451,1684304789024
15067,59.48978773229652,22.615863567483256,1684304791024
15067,59.48472378321432,22.61666779402671,1684391191024
15067,59.47918027093641,22.62776781564217,1684477591024
15067,59.48742179627723,22.604630424244156,1684563991024
15067,59.4933190871501,22.61235250863071,1684650391024
15067,59.49450410607315,22.610177540869003,1684736791024
15067,59.49734698170147,22.61147011853169,1684823191024
15067,59.49587199761038,22.5996216402572,1684909591024
15067,59.49610750097102,22.59355383164819,1684995991024
15067,59.506658506950544,22.593184948581516,1685082391024
15084,59.452972999999986,22.622075,1684304791024
15084,59.45029041260619,22.61952547519774,1684391191024
15084,59.44504528690083,22.608512246174087,1684477591024
15084,59.45797271797613,22.606109343573294,1684563991024
15084,59.46584575169288,22.594628640309725,1684650391024
15084,59.45650867521297,22.603734327328745,1684736791024
15084,59.46698168436552,22.604470897376352,1684823191024
15084,59.476299342958015,22.60830241099137,1684909591024
15084,59.47948557844941,22.60328406724198,1684995991024
15084,59.488838992364634,22.59811556004936,1685082391024
15084,59.48739817831347,22.596617396183657,1685168791024
15084,59.48635136495815,22.593793889856418,1685255191024
15084,59.48952761621234,22.595867492585473,1685341591024
15084,59.4853728365627,22.593104377583224,1685427991024
15084,59.48636108362916,22.59808045773332,1685514391024
15084,59.48333717379481,22.60602606925317,1685600789024
15123,59.452972999999986,22.622075,1684304791024
15123,59.454974213498275,22.62662597737615,1684391191024
15123,59.44471510180779,22.61744978838157,1684477591024
15123,59.44691960118004,22.612350678795774,1684563991024
15123,59.44592368921331,22.627022905271566,1684650391024
15123,59.43838157013937,22.632115420851065,1684736791024
15123,59.44419340274982,22.64038810431184,1684823191024
15123,59.4387336656271,22.644689399674657,1684909591024
15123,59.440264442133554,22.65001895559569,1684995991024
15123,59.441496358957835,22.659552184268467,1685082391024
15123,59.46000788917985,22.65837993755612,1685168791024
15123,59.472066439625934,22.667801899542265,1685255191024
15123,59.46765391285777,22.67531977878847,1685341591024
15123,59.485045206333155,22.655901465396845,1685427991024
15123,59.482979673151675,22.636497800210645,1685514391024
15123,59.48890428277255,22.609909032272057,1685600789024
15162,59.452972999999986,22.622075,1684304791024
15162,59.44732746735275,22.6363246898719,1684391191024
15162,59.430919084052334,22.630322286201803,1684477591024
15162,59.438293282931625,22.629814790715574,1684563991024
15162,59.44165150664077,22.627008194086745,1684650391024
15162,59.43879065068592,22.62509813565779,1684736791024
15162,59.43851544415716,22.619298612700977,1684823191024
15162,59.43311950381002,22.62454739322868,1684909591024
15162,59.43952567155088,22.634262292649833,1684995991024
15162,59.4310667485301,22.63417689713043,1685082391024
15162,59.4301040400851,22.62984031665537,1685168791024
15162,59.42507135479417,22.617346731968823,1685255191024
15162,59.42723099886766,22.62169595794748,1685341591024
15162,59.4181871000018,22.62895717002439,1685427991024
15162,59.419250564808806,22.638092494487303,1685514391024
15162,59.41329612138344,22.642080219595737,1685600789024
15236,59.452972999999986,22.622075,1685600789024
15236,59.44849870513127,22.62503576082203,1685687189024
15236,59.4375977794445,22.608694010897,1685773589024
15236,59.4387295856593,22.599603986629113,1685859989024
15236,59.437234624717945,22.597570956391383,1685946389024
15236,59.43759457597247,22.597195298103493,1686032789024
15236,59.444399039423445,22.59516234763938,1686119189024
15236,59.44145601347253,22.60011021387268,1686205589024
15236,59.44705849672795,22.602536253058062,1686291989024
15236,59.45478524059891,22.60513905269825,1686378389024
15236,59.455836903491814,22.602823817446353,1686464789024
15236,59.45910508139332,22.604779306581516,1686551189024
15236,59.44682832466623,22.599883601822057,1686637589024
15236,59.45824930041093,22.603164239689793,1686723989024
15236,59.45551167775301,22.601361704128323,1686810389024
15242,59.452972999999986,22.622075,1685600789024
15242,59.45674059778676,22.616450782446258,1685687189024
15242,59.46677138498484,22.623952877468945,1685773589024
15242,59.474926683983256,22.617756432954707,1685859989024
15242,59.48047878033097,22.620577004705865,1685946389024
15242,59.47920814252189,22.620745658425104,1686032789024
15242,59.4788714325573,22.621092605286695,1686119189024
15242,59.47874642164027,22.62065328434816,1686205589024
15242,59.47390707271478,22.61492575473015,1686291989024
15242,59.47560952446929,22.62085840006151,1686378389024
15242,59.475298858545216,22.61649396117983,1686464789024
15242,59.46347567139878,22.609062991846,1686551189024
15242,59.46551790325714,22.61128133854834,1686637589024
15242,59.45802541291056,22.607350524563987,1686723989024
15242,59.45676000017653,22.60999220560698,1686810389024
15298,59.452972999999986,22.622075,1686896791024
15298,59.45468928819392,22.63842735710443,1686983191024
15298,59.44747603716661,22.630508726181137,1687069591024
15298,59.44353674918722,22.623543789175866,1687155991024
15298,59.44638208510207,22.61230916802734,1687242391024
15298,59.4752486330587,22.623413159258178,1687328791024
15298,59.480139382168375,22.61690618431258,1687415191024
15298,59.49356666880436,22.60727805161697,1687501591024
15298,59.49237574211301,22.610043601114302,1687587991024
15298,59.50110456043308,22.610194360912757,1687674391024
15298,59.48921616300561,22.616289603861688,1687760791024
15298,59.490833450387896,22.609541532065993,1687847191024
15298,59.48254848119933,22.60777076850316,1687933591024
15298,59.47598032219659,22.610859684597617,1688019991024
15298,59.48781957999469,22.601046928478247,1688106391024
15298,59.48798660019892,22.610464401180817,1688192789024
15298,59.476164739151784,22.612224044604464,1688279189024
15326,59.452972999999986,22.622075,1686896791024
15326,59.45183533499855,22.62508595192547,1686983191024
15326,59.45092757073513,22.62657180696662,1687069591024
15326,59.43085340213065,22.61987547674355,1687155991024
15326,59.411623314811294,22.615048685392033,1687242391024
15326,59.41819074240786,22.607341337452844,1687328791024
15326,59.40929470288563,22.606792131706385,1687415191024
15326,59.416924885276615,22.61235468063109,1687501591024
15326,59.40986876301696,22.619519198362692,1687587991024
15326,59.41382617562565,22.61589327430916,1687674391024
15326,59.404959752928136,22.625787493558327,1687760791024
15326,59.39981232982353,22.617503785802693,1687847191024
15326,59.387388221576,22.61542307361977,1687933591024
15326,59.39148040849145,22.61160597341444,1688019991024
15326,59.392062923679816,22.619180266858056,1688106391024
15326,59.39621797807996,22.62374745580214,1688192789024
15326,59.39130149430392,22.623337843569665,1688279189024
15342,59.452972999999986,22.622075,1686896791024
15342,59.44956104975227,22.622721546304916,1686983191024
15342,59.45821646411619,22.63181289419402,1687069591024
15342,59.45893943179104,22.63642182197751,1687155991024
15342,59.447482711407304,22.63846546847839,1687242391024
15342,59.44689358782619,22.635123557537685,1687328791024
15342,59.44415089980731,22.631690613200963,1687415191024
15342,59.45026215866716,22.637328828820227,1687501591024
15342,59.45011939153386,22.642780818953337,1687587991024
15342,59.46468612576348,22.638866777728857,1687674391024
15342,59.46156460057,22.645116732280787,1687760791024
15342,59.47605243493069,22.642235915212677,1687847191024
15342,59.472257445923816,22.625608122052174,1687933591024
15342,59.463144439367454,22.624359226293365,1688019991024
15342,59.47136195287388,22.6268992738437,1688106391024
15342,59.45953642507084,22.63613658076249,1688192789024
15342,59.45191911091436,22.63410293663736,1688279189024
15342,59.44482289613853,22.62462925167557,1688365589024
15445,59.452972999999986,22.622075,1688192789024
15445,59.461318213063976,22.618521569238844,1688279189024
15445,59.46099252413245,22.62070174740903,1688365589024
15445,59.45432683861208,22.611959400220375,1688451989024
15445,59.439612794764656,22.61797901405994,1688538389024
15445,59.4372450133304,22.621270974302693,1688624789024
15445,59.427438164291914,22.621250140794903,1688711189024
15445,59.428868550547975,22.622419784868388,1688797589024
15445,59.43057390796122,22.610516141477895,1688883989024
15445,59.428407338808114,22.606049241378035,1688970389024
15445,59.42426206843817,22.606712113440494,1689056789024
15445,59.439528022944216,22.601590577421252,1689143189024
15445,59.450702785140095,22.60656611916689,1689229589024
15445,59.45024293124351,22.616828509071578,1689315989024
15445,59.45733705484062,22.605260408578776,1689402389024
15445,59.45412551916118,22.61158600321186,1689488789024
15511,59.452972999999986,22.622075,1691216791024
15511,59.45639844542572,22.62329028999463,1691303191024
15511,59.459056824051856,22.622965151820974,1691389591024
15511,59.466314892848175,22.62847396612877,1691475991024
15511,59.46846784552292,22.62507762876013,1691562391024
15511,59.479427551717265,22.627369493804927,1691648789024
15511,59.48382189984329,22.595189017657543,1691735189024
15511,59.476805421597646,22.58842629577737,1691821589024
15511,59.47942665959687,22.58278689548717,1691907989024
15511,59.47202360530707,22.580829350915256,1691994389024
15511,59.46758060495401,22.5754936820417,1692080789024
15511,59.46521449310916,22.579368555328028,1692167189024
15511,59.47574225766124,22.581038465358876,1692253589024
15511,59.47525030353589,22.584633981185643,1692339989024
15511,59.464830605490306,22.58392159903101,1692426389024
15545,59.452972999999986,22.622075,1691216791024
15545,59.44993439975707,22.62468798065207,1691303191024
15545,59.44963214219237,22.614192765419315,1691389591024
15545,59.45106048939917,22.61379516016896,1691475991024
15545,59.44763816224963,22.617266213452588,1691562391024
15545,59.44885686054411,22.61821328045669,1691648789024
15545,59.44533100558098,22.62255316239553,1691735189024
15545,59.4476908976215,22.621053418444532,1691821589024
15545,59.454551880690815,22.620031876892167,1691907989024
15545,59.460196986377355,22.614986768335505,1691994389024
15545,59.46789864114575,22.60131356204521,1692080789024
15545,59.472108794255576,22.61118009834952,1692167189024
15545,59.479322076624186,22.602633452790062,1692253589024
15545,59.484792068733555,22.591567791287016,1692339989024
15545,59.4814873570933,22.586976612136155,1692426389024
15620,59.452972999999986,22.622075,1691648789024
15620,59.462809602738275,22.61277514980196,1691735189024
15620,59.46339919541012,22.602433761332012,1691821589024
15620,59.45400363923352,22.61552745446224,1691907989024
15620,59.44942637900422,22.61593214133831,1691994389024
15620,59.45896216171019,22.611498509818706,1692080789024
15620,59.45800979749251,22.61850692811969,1692167189024
15620,59.457130506566386,22.61744924300924,1692253589024
15620,59.459458358874855,22.64064901654533,1692339989024
15620,59.46292676792635,22.63720316335323,1692426389024
15620,59.45862260241955,22.63936919365188,1692512789024
15620,59.45325500373821,22.632190573892355,1692599189024
15620,59.448284487173055,22.638162333982773,1692685589024
15620,59.44962763558891,22.627999637076755,1692771989024
15620,59.459338268776065,22.61957997225827,1692858389024
15763,59.452972999999986,22.622075,1692512789024
15763,59.45102977672806,22.6204881767622,1692599189024
15763,59.45032390901815,22.615089313218675,1692685589024
15763,59.46176813280738,22.61465537775771,1692771989024
15763,59.44740639414911,22.61538087225698,1692858389024
15763,59.4439031512386,22.61275773681759,1692944789024
15763,59.442197538506264,22.613431243232068,1693031189024
15763,59.43657602061165,22.615038791642103,1693117589024
15763,59.43133745284402,22.613839068490737,1693203989024
15763,59.43719484277983,22.609605016026748,1693290389024
15763,59.431213489397635,22.611278509983983,1693376789024
15763,59.42642553531789,22.620390980889375,1693463189024
15763,59.422885673861714,22.614865476638716,1693549589024
15763,59.42143559565744,22.600591192277268,1693635989024
15763,59.422920331558856,22.597696511636396,1693722389024
15967,59.452972999999986,22.622075,1694240789024
15967,59.44823239827417,22.619802619986856,1694327189024
15967,59.43181188151195,22.61346058499721,1694413589024
15967,59.426478384683264,22.62008935034556,1694499989024
15967,59.43098033767734,22.612921101807732,1694586389024
15967,59.42297774473596,22.599251347363325,1694672789024
15967,59.4131845012067,22.592897666342907,1694759189024
15967,59.41622249257384,22.602779762488648,1694845589024
15967,59.41289190746295,22.597060238287057,1694931989024
15967,59.42475656036186,22.60460124559207,1695018389024
15967,59.42733394032072,22.60264810398722,1695104789024
15967,59.43478750589523,22.599259878072747,1695191189024
15967,59.44149866950255,22.600219403957325,1695277589024
15967,59.45158870994783,22.596120551916503,1695363989024
15967,59.45150563229706,22.60216538398403,1695450389024
15970,59.452972999999986,22.622075,1694240789024
15970,59.45764285224243,22.62391404722956,1694327189024
15970,59.45723129850592,22.624208303330107,1694413589024
15970,59.45191423309771,22.626106957949983,1694499989024
15970,59.460654965815934,22.627482001472803,1694586389024
15970,59.453505415096686,22.633959771439823,1694672789024
15970,59.45800851038152,22.630895393977863,1694759189024
15970,59.456894371968986,22.622006172532245,1694845589024
15970,59.4559329499769,22.62571376621508,1694931989024
15970,59.45474299686117,22.62344772561721,1695018389024
15970,59.43875219612181,22.61744924703777,1695104789024
15970,59.437953202657866,22.62101498121455,1695191189024
15970,59.4454436479821,22.623530949181244,1695277589024
15970,59.44318506880907,22.621823833317585,1695363989024
15970,59.44477945793244,22.6250470747848,1695450389024
15991,59.452972999999986,22.622075,1694240789024
15991,59.45411362912293,22.615765635183937,1694327189024
15991,59.445301283116606,22.615431534976615,1694413589024
15991,59.4465437945795,22.625610849509,1694499989024
15991,59.45439272095726,22.627223777436928,1694586389024
15991,59.45249564168961,22.632095007225388,1694672789024
15991,59.4576585386572,22.632887945872163,1694759189024
15991,59.45507440703019,22.628969638687728,1694845589024
15991,59.46485859394602,22.627229816996728,1694931989024
15991,59.458514855343424,22.624760260200084,1695018389024
15991,59.453786043889835,22.624977221707407,1695104789024
15991,59.45622619874703,22.625980749168015,1695191189024
15991,59.45480404322137,22.63178323484081,1695277589024
15991,59.46344834640689,22.62431095960219,1695363989024
15991,59.47496657360762,22.637555676796335,1695450389024
16004,59.452972999999986,22.622075,1694240789024
16004,59.45664877990481,22.629323101328165,1694327189024
16004,59.457444988292195,22.620461344220864,1694413589024
16004,59.45184070392787,22.616368749079324,1694499989024
16004,59.45288361467914,22.61965808797953,1694586389024
16004,59.44749007824734,22.616179584236153,1694672789024
16004,59.452735772450126,22.61827717821599,1694759189024
16004,59.455817584668495,22.611527071802264,1694845589024
16004,59.459052394008154,22.611699508017388,1694931989024
16004,59.4769696988011,22.605054739932065,1695018389024
16004,59.47415224880203,22.603198776676344,1695104789024
16004,59.48097162751807,22.61138757148352,1695191189024
16004,59.47737113172494,22.6216958657206,1695277589024
16004,59.491837860879,22.594806431407815,1695363989024
16004,59.48954945802714,22.59455482874827,1695450389024
16183,59.452972999999986,22.622075,1695968799024
16183,59.45517954813741,22.6181754856348,1696055199024
16183,59.45458154959081,22.62373702591816,1696141599024
16183,59.44764241147911,22.629803096388372,1696227999024
16183,59.45258342317226,22.638213890412615,1696314399024
16183,59.443609987706225,22.635930272349093,1696400799024
16183,59.435277546271294,22.643277018148112,1696487199024
16183,59.43924571947093,22.64144523292111,1696573599024
16183,59.43395528364596,22.63757487895675,1696659999024
16183,59.4371996517271,22.630194418406724,1696746399024
16183,59.43388183455244,22.62797601467459,1696832799024
16183,59.43066787752713,22.631782439409236,1696832869024
16183,59.42530066724336,22.640374718297032,1696919269024
16183,59.421588189481554,22.63695773999533,1697005669024
16183,59.41808610850552,22.630502066585738,1697092069024
16183,59.4159799339466,22.624426061117507,1697178469024
16245,59.452972999999986,22.622075,1696832869024
16245,59.45494151408198,22.619009478992204,1696919269024
16245,59.45213518894553,22.619329317515852,1697005669024
16245,59.459978456913234,22.615384959816375,1697092069024
16245,59.46510611012806,22.61417262666633,1697178469024
16245,59.47204918424029,22.61875273491961,1697264869024
16245,59.469493725183185,22.6166269384428,1697351269024
16245,59.45422434484618,22.61895616663559,1697437669024
16245,59.44777337104989,22.61440791681864,1697524069024
16245,59.44036823629048,22.61704513084767,1697610469024
16245,59.441974877053866,22.614018226021347,1697696869024
16245,59.43063788929334,22.60540813262328,1697783269024
16245,59.42573295615975,22.60444216373687,1697869669024
16245,59.42417156319729,22.60824509392276,1697956069024
16245,59.42116317172642,22.61338514974328,1698042469024
16259,59.452972999999986,22.622075,1696832869024
16259,59.45384325412323,22.625980600893172,1696919269024
16259,59.45766591493856,22.63452132424321,1697005669024
16259,59.46400951922158,22.638539169945613,1697092069024
16259,59.46747447230655,22.646534113022753,1697178469024
16259,59.46580223000939,22.647202173565393,1697264869024
16259,59.46917856091733,22.645520258119006,1697351269024
16259,59.46467421801452,22.64516145025845,1697437669024
16259,59.46405115624705,22.655372007381505,1697524069024
16259,59.48159931986859,22.65820633902353,1697610469024
16259,59.48941673236968,22.630212121542847,1697696869024
16259,59.48184631707559,22.604777937827965,1697783269024
16259,59.48347884983883,22.60593228072782,1697869669024
16259,59.4814057321631,22.59463600059611,1697956069024
16259,59.472660453801154,22.59706766017388,1698042469024
16302,59.452972999999986,22.622075,1696832869024
16302,59.44544472802124,22.618697420158608,1696919269024
16302,59.45426513333092,22.625822665347677,1697005669024
16302,59.46463085543007,22.622268424627407,1697092069024
16302,59.45644518491878,22.625559367088208,1697178469024
16302,59.45384695549481,22.632206669709603,1697264869024
16302,59.45825363166023,22.63334545927596,1697351269024
16302,59.46427557630403,22.633852922210373,1697437669024
16302,59.45712307279416,22.63526157021073,1697524069024
16302,59.46204970981708,22.643486376692277,1697610469024
16302,59.45789479744221,22.644972679202592,1697696869024
16302,59.45790628440335,22.63043240288457,1697783269024
16302,59.453148804023925,22.633173595370504,1697869669024
16302,59.44850384311792,22.626273484131517,1697956069024
16302,59.44578911090363,22.62981194234739,1698042469024
16394,59.452972999999986,22.622075,1698993021024
16394,59.44571392095423,22.623064142058563,1699079421024
16394,59.449811007333466,22.62490707027061,1699165821024
16394,59.45594350235473,22.62092416984575,1699252221024
16394,59.468037694927034,22.616556208103606,1699338621024
16394,59.487169472423034,22.61027529513861,1699425021024
16394,59.47811495946311,22.609762368915725,1699511421024
16394,59.47747811444424,22.599842541077894,1699597821024
16394,59.47793791679834,22.597329093507913,1699684221024
16394,59.48727581521314,22.602815479046228,1699770621024
16394,59.49182532568025,22.60156942280457,1699857021024
16394,59.500272030377545,22.596678102407207,1699943421024
16394,59.500335036660715,22.592754809922337,1700029821024
16394,59.50195900049957,22.58975986544428,1700116221024
16394,59.5019581812536,22.59288522417757,1700202621024
16394,59.51145637735391,22.59766032560872,1700289021024
16403,59.452972999999986,22.622075,1698993021024
16403,59.459900178991546,22.62975595294633,1699079421024
16403,59.46687691609634,22.63034127919725,1699165821024
16403,59.467947525757666,22.61131135521534,1699252221024
16403,59.474145213193424,22.60682650471545,1699338621024
16403,59.4818768958734,22.592884484912524,1699425021024
16403,59.48098218503324,22.58277794277538,1699511421024
16403,59.48692992024499,22.5879194426182,1699597821024
16403,59.48093452837284,22.58779660303767,1699684221024
16403,59.47855748527394,22.579824577652925,1699770621024
16403,59.46919374308104,22.571677857249064,1699857021024
16403,59.46026222559741,22.577276340808233,1699943421024
16403,59.468275298270584,22.585246875830943,1700029821024
16403,59.46676520516684,22.580249393872347,1700116221024
16403,59.474517876288104,22.582792050506253,1700202621024
16403,59.47225009686045,22.582657883311857,1700289021024
16470,59.452972999999986,22.622075,1701153139024
16470,59.44368293077986,22.625683930975352,1701239539024
16470,59.446775177085726,22.622652856147717,1701325939024
16470,59.44895727339281,22.634079240721142,1701412339024
16470,59.44369742501749,22.636938904656528,1701498739024
16470,59.44014107076703,22.634641252507887,1701585139024
16470,59.432822755621885,22.627744280662085,1701585151024
16470,59.44214418616721,22.633257940483677,1701671551024
16470,59.446775548693154,22.645955045672395,1701757951024
16470,59.441653247812155,22.65205794860623,1701844351024
16470,59.43522504702827,22.64718303554628,1701930751024
16470,59.43808786913033,22.649100972490924,1702017151024
16470,59.44453935995364,22.651272929073276,1702103551024
16470,59.43869980837877,22.638635898850723,1702189951024
16470,59.441947953349654,22.633098632490235,1702276351024
16470,59.45099699255741,22.63920455040172,1702362751024
16470,59.45761016105655,22.647498406829666,1702449151024
16472,59.452972999999986,22.622075,1701153139024
16472,59.45727602272743,22.615940023986123,1701239539024
16472,59.46820066551743,22.612275989824017,1701325939024
16472,59.465503508729256,22.620507239238016,1701412339024
16472,59.473689588909735,22.61502439443424,1701498739024
16472,59.471240695857205,22.614488092076023,1701585139024
16472,59.470707931252775,22.62270892043708,1701585151024
16472,59.476534101916855,22.623483076497077,1701671551024
16472,59.47691687802143,22.62087923889209,1701757951024
16472,59.47371759512089,22.624436263299284,1701844351024
16472,59.46577789858941,22.63218134607875,1701930751024
16472,59.46349950887747,22.632905607635465,1702017151024
16472,59.45916504110653,22.637501087506017,1702103551024
16472,59.45907616646264,22.63951113057488,1702189951024
16472,59.456637217885344,22.638521846297195,1702276351024
16472,59.44540179274401,22.637992802439143,1702362751024
16472,59.453487692517,22.63868883229564,1702449151024
16550,59.452972999999986,22.622075,1701585151024
16550,59.45570270197737,22.634895855927155,1701671551024
16550,59.46259277048739,22.63482168287491,1701757951024
16550,59.457906517030295,22.633068148230898,1701844351024
16550,59.448485603341965,22.630712015723823,1701930751024
16550,59.45174765707958,22.619635888768176,1702017151024
16550,59.449047363426246,22.62030806967931,1702103551024
16550,59.444644188974394,22.612499236922652,1702189951024
16550,59.452073878026624,22.61814925947424,1702276351024
16550,59.469618911875386,22.619476771938945,1702362751024
16550,59.46110609546511,22.61893498483682,1702449151024
16550,59.466611792920645,22.61863066758904,1702535551024
16550,59.466784223884986,22.61534464489625,1702621951024
16550,59.450841251380695,22.612618553759503,1702708351024
16550,59.441203369560355,22.603082614776476,1702794751024
16556,59.452972999999986,22.622075,1701585151024
16556,59.45238220507994,22.62441527994628,1701671551024
16556,59.460407336989874,22.63140115922025,1701757951024
16556,59.45961237013972,22.633478636351388,1701844351024
16556,59.46640089647437,22.62734306389312,1701930751024
16556,59.4607956031592,22.63501639380055,1702017151024
16556,59.47074327302096,22.63724729568629,1702103551024
16556,59.46751212742623,22.63985889762845,1702189951024
16556,59.47489259233532,22.63794671048186,1702276351024
16556,59.471157979883145,22.64053837326374,1702362751024
16556,59.46792362166454,22.6435879270615,1702449151024
16556,59.4628183837992,22.637530777319448,1702535551024
16556,59.45261613810237,22.639620316125132,1702621951024
16556,59.46460059346643,22.636545412105225,1702708351024
16556,59.459977157907474,22.643477619050564,1702794751024
16557,59.452972999999986,22.622075,1701585151024
16557,59.45492853563664,22.62665358744935,1701671551024
16557,59.46185981005897,22.62118881082864,1701757951024
16557,59.465139744663304,22.62586123817882,1701844351024
16557,59.465344828596216,22.62065412834386,1701930751024
16557,59.47906571306291,22.62200623321964,1702017151024
16557,59.487706721699254,22.5999531039684,1702103551024
16557,59.497458316763925,22.597120174500407,1702189951024
16557,59.49902469645957,22.60507934562678,1702276351024
16557,59.50435750990704,22.60859370236865,1702362751024
16557,59.50407258194278,22.615769614371676,1702449151024
16557,59.513535711386965,22.616586096607648,1702535551024
16557,59.508819574254574,22.611608587254203,1702621951024
16557,59.51950806621227,22.607493553578703,1702708351024
16557,59.51129531738178,22.600346133769225,1702794751024
16578,59.452972999999986,22.622075,1701585151024
16578,59.44980323624969,22.623588156223065,1701671551024
16578,59.45446795230896,22.62471890647281,1701757951024
16578,59.44908998831363,22.630405856889915,1701844351024
16578,59.463278771457055,22.633644659310995,1701930751024
16578,59.464204019495895,22.628338995043727,1702017151024
16578,59.46087971300693,22.632876049327947,1702103551024
16578,59.453719014614194,22.632507476617953,1702189951024
16578,59.4609692237718,22.62873623363098,1702276351024
16578,59.47062653811582,22.62440173162559,1702362751024
16578,59.483118770965774,22.6339961456357,1702449151024
16578,59.48598354717586,22.60237513159861,1702535551024
16578,59.48016819466659,22.604760329274782,1702621951024
16578,59.48212531948113,22.60996191734859,1702708351024
16578,59.49019857825232,22.61638502023503,1702794751024
16611,59.452972999999986,22.622075,1703313181024
16611,59.443385338597295,22.627186604042183,1703399581024
16611,59.44198284577834,22.629489221226784,1703485981024
16611,59.454944684010314,22.632407480405455,1703572381024
16611,59.45425924568286,22.62807083797578,1703658781024
16611,59.456198987351144,22.628731532392734,1703745179024
16611,59.45882965828187,22.626791024233174,1703831579024
16611,59.45134049466134,22.623856235462064,1703917979024
16611,59.45695372017727,22.624849946409174,1704004379024
16611,59.46406089554017,22.625020914706543,1704090779024
16611,59.46713881595565,22.62187340021818,1704177179024
16611,59.46966277768715,22.621539856878456,1704263579024
16611,59.47027503418775,22.62651254822337,1704349979024
16611,59.46714851678192,22.62583982534176,1704436379024
16611,59.466628761659905,22.621336147842666,1704522779024
16611,59.46416193804748,22.62305145412652,1704609179024
16793,59.452972999999986,22.622075,1703745179024
16793,59.45450478370441,22.61702964977224,1703831579024
16793,59.448379264055774,22.61698552822225,1703917979024
16793,59.43523845325825,22.619967134101728,1704004379024
16793,59.42814931734168,22.621203855617637,1704090779024
16793,59.429594649974774,22.63130226409922,1704177179024
16793,59.427572015219425,22.626914568778776,1704263579024
16793,59.42390642707031,22.625630302189887,1704349979024
16793,59.43520521663672,22.63221994803186,1704436379024
16793,59.4375333599655,22.62591841002973,1704522779024
16793,59.43951142048928,22.62159052284033,1704609179024
16793,59.4404942407906,22.616341163178504,1704695579024
16793,59.43890574678579,22.61677560778159,1704781979024
16793,59.45222987437762,22.61338660294401,1704868379024
16793,59.46535114362399,22.62441753980881,1704954779024
16793,59.47231148660256,22.628981560308425,1705041151024
16908,59.452972999999986,22.622075,1705041151024
16908,59.45565629275626,22.61234562690752,1705127551024
16908,59.44541662454213,22.6062944485156,1705213951024
16908,59.450514381036555,22.61446429426262,1705300351024
16908,59.43651964648802,22.61602315977504,1705386751024
16908,59.43395808339369,22.616140867830953,1705473151024
16908,59.427449107935445,22.62046275044981,1705559551024
16908,59.42533023128914,22.620743694165697,1705645951024
16908,59.4219256989704,22.618749144544708,1705732351024
16908,59.420626037500966,22.61758912286587,1705818751024
16908,59.41077392636308,22.6138497259198,1705905151024
16908,59.40688232794756,22.620684237694036,1705991551024
16908,59.4105715606631,22.620848381830395,1706077951024
16908,59.404886146791256,22.62439690767019,1706164351024
16908,59.4104762296825,22.624528650463752,1706250751024
16908,59.41722801458331,22.62534496033768,1706337089024
16908,59.41868420946378,22.627850848561433,1706423489024
16922,59.452972999999986,22.622075,1706337089024
16922,59.45191866422073,22.618386585963517,1706423489024
16922,59.45186740944723,22.61072643052278,1706509889024
16922,59.43967904294885,22.612502310813408,1706596289024
16922,59.43691392755562,22.60105845059847,1706682689024
16922,59.44153471604119,22.599824267022964,1706769089024
16922,59.44355066164957,22.600471977937453,1706855489024
16922,59.44627582322832,22.60839500033845,1706941889024
16922,59.45059847762934,22.60533290103178,1707028289024
16922,59.460718684367066,22.608796196240213,1707114689024
16922,59.46591906879311,22.61612199371236,1707201089024
16922,59.470899835903026,22.612708183687555,1707287489024
16922,59.47456870264364,22.62494806825049,1707373889024
16922,59.47000926926492,22.619510500597272,1707460289024
16922,59.46841410380679,22.62090602059986,1707546689024
16952,59.452972999999986,22.622075,1706337089024
16952,59.44833325797737,22.631324781531784,1706423489024
16952,59.452030346600935,22.63178760709978,1706509889024
16952,59.4617286557382,22.63083091058807,1706596289024
16952,59.46177969182213,22.63287524792047,1706682689024
16952,59.464475125028144,22.632864148068307,1706769089024
16952,59.46069812906472,22.638563785980185,1706855489024
16952,59.45969618354951,22.642669572450824,1706941889024
16952,59.456524744625426,22.642678356620035,1707028289024
16952,59.46588259157883,22.63841223496882,1707114689024
16952,59.465061434290504,22.63005612538335,1707201089024
16952,59.47468397352819,22.635339907379567,1707287489024
16952,59.476664522735945,22.64274012943814,1707373889024
16952,59.47428456726729,22.643242888032717,1707460289024
16952,59.47253528039806,22.63730438315158,1707546689024
16980,59.452972999999986,22.622075,1706337089024
16980,59.45714234555433,22.618380117300532,1706423489024
16980,59.4558825735395,22.614468443337948,1706509889024
16980,59.45602406942186,22.60814007429635,1706596289024
16980,59.44408002855653,22.604026812616507,1706682689024
16980,59.44076959340566,22.61050199388929,1706769089024
16980,59.4457252947862,22.612901084987772,1706855489024
16980,59.46398164895672,22.607901508760648,1706941889024
16980,59.463076850044075,22.604130825404965,1707028289024
16980,59.46369461239664,22.61125193779428,1707114689024
16980,59.46415278822826,22.61581383412527,1707201089024
16980,59.449622568551064,22.61993453604053,1707287489024
16980,59.43997904442543,22.603927658020098,1707373889024
16980,59.441814961771286,22.5961525898696,1707460289024
16980,59.4469414032875,22.59842945148252,1707546689024
17033,59.452972999999986,22.622075,1707633011024
17033,59.44758632989698,22.62059915078669,1707719411024
17033,59.44383484529274,22.621996244394765,1707805811024
17033,59.43447160709184,22.62682002140935,1707892211024
17033,59.421241944614565,22.63215629619683,1707978611024
17033,59.41646240827478,22.635726503697196,1708065011024
17033,59.41754398675752,22.628105544843237,1708151411024
17033,59.414589058971785,22.625679204504472,1708237811024
17033,59.41990946624696,22.632335087779815,1708324211024
17033,59.424401861051166,22.63944258496614,1708410611024
17033,59.41972986177484,22.64067438060025,1708497011024
17033,59.422589982809,22.64043918153705,1708583411024
17033,59.42254465782318,22.641143766166813,1708669811024
17033,59.41541863706525,22.636290880884864,1708756211024
17033,59.40717617898571,22.638928685556497,1708842611024
17074,59.452972999999986,22.622075,1707633011024
17074,59.46360678930307,22.635608304356616,1707719411024
17074,59.47175588722138,22.635164874769135,1707805811024
17074,59.46661613602595,22.640540200262333,1707892211024
17074,59.47097054952664,22.635326283305503,1707978611024
17074,59.4663320244797,22.64199982088044,1708065011024
17074,59.46324444450585,22.635055054601708,1708151411024
17074,59.463833934362896,22.6343985829883,1708237811024
17074,59.462897812374194,22.631845662129297,1708324211024
17074,59.461231381333505,22.630861947485588,1708410611024
17074,59.44975204213844,22.640480844558876,1708497011024
17074,59.45928551903165,22.638143853885463,1708583411024
17074,59.45333745154363,22.632932075032915,1708669811024
17074,59.45607748948629,22.646495474320684,1708756211024
17074,59.45778054358874,22.64502269661775,1708842611024
17076,59.452972999999986,22.622075,1707633011024
17076,59.44079889527114,22.62468170790912,1707719411024
17076,59.44043672170929,22.629550290485945,1707805811024
17076,59.44481415710709,22.629600891085097,1707892211024
17076,59.4396987106407,22.634545304974775,1707978611024
17076,59.431953287989984,22.634762285359734,1708065011024
17076,59.4438742033808,22.63708448938063,1708151411024
17076,59.43941802885081,22.635081321928148,1708237811024
17076,59.429400377383246,22.63400286496482,1708324211024
17076,59.43539630732454,22.62880006352917,1708410611024
17076,59.42602886173188,22.631790619701977,1708497011024
17076,59.4228447016188,22.641671250740412,1708583411024
17076,59.42707635616341,22.64931001070134,1708669811024
17076,59.42847849959162,22.659832409261487,1708756211024
17076,59.43408880434441,22.669055763561843,1708842611024
17111,59.452972999999986,22.622075,1708928909024
17111,59.45060302790219,22.61459299523119,1709015309024
17111,59.44946005928017,22.62173592361101,1709101709024
17111,59.45427644715443,22.612631907764012,1709188109024
17111,59.4449704337365,22.61819975829048,1709274509024
17111,59.45479289472144,22.625500583708035,1709360909024
17111,59.459986023793846,22.614467016167207,1709447309024
17111,59.46887331708612,22.60606733148234,1709533709024
17111,59.47088174108583,22.600110327647332,1709620109024
17111,59.470574344746296,22.60522695574307,1709706509024
17111,59.472516066443205,22.611787374895705,1709792909024
17111,59.473721924639875,22.611136073369817,1709879309024
17111,59.47655636258156,22.612778640845043,1709965709024
17111,59.47003416540804,22.6080561803769,1710052109024
17120,59.452972999999986,22.622075,1708928909024
17120,59.45752901158829,22.61969079714138,1709015309024
17120,59.46450411743888,22.60896136860467,1709101709024
17120,59.465418228410414,22.609415149827836,1709188109024
17120,59.4663808353792,22.59838321067535,1709274509024
17120,59.47861430433221,22.59127041297104,1709360909024
17120,59.483338615903136,22.595679117277093,1709447309024
17120,59.477441632403725,22.596353882826843,1709533709024
17120,59.47687707703244,22.598801265491257,1709620109024
17120,59.483548074086514,22.593545387454274,1709706509024
17120,59.48812754823905,22.588757558870046,1709792909024
17120,59.4865311038933,22.590789602309854,1709879309024
17120,59.48273446147425,22.589769074590357,1709965709024
17120,59.47501243640525,22.58525630345364,1710052109024
17157,59.452972999999986,22.622075,1708928909024
17157,59.45032501817661,22.62387906571814,1709015309024
17157,59.4476574615388,22.62152724200238,1709101709024
17157,59.43931233494334,22.616453719059542,1709188109024
17157,59.44839750996013,22.617834435837693,1709274509024
17157,59.45695847374179,22.61914275168079,1709360909024
17157,59.45282651710943,22.624056472419724,1709447309024
17157,59.445757327821354,22.6208264257175,1709533709024
17157,59.451755037349216,22.617488755462844,1709620109024
17157,59.44597039973337,22.62412740577905,1709706509024
17157,59.44836905798985,22.62560357369567,1709792909024
17157,59.46187789740736,22.62605540320159,1709879309024
17157,59.46983706217986,22.632940021392297,1709965709024
17157,59.457380472957425,22.640782366260197,1710052109024
17161,59.452972999999986,22.622075,1708928909024
17161,59.474457981982994,22.62380443063403,1709015309024
17161,59.46858600287197,22.622693736813194,1709101709024
17161,59.4749450770621,22.628018287835538,1709188109024
17161,59.47251738657684,22.633919816070826,1709274509024
17161,59.47190528615377,22.636658745583713,1709360909024
17161,59.46528808319249,22.64123614537908,1709447309024
17161,59.484138278112425,22.64136470951602,1709533709024
17161,59.502479004654646,22.623357509234815,1709620109024
17161,59.50241602517153,22.5931678283866,1709706509024
17161,59.49371920124256,22.586209045814467,1709792909024
17161,59.50078826060789,22.583340661514033,1709879309024
17161,59.5021037521517,22.581603063089208,1709965709024
17161,59.50924872435334,22.58832180060217,1710052109024
17199,59.452972999999986,22.622075,1710224811024
17199,59.44394171513966,22.62972635929448,1710311211024
17199,59.43713024081387,22.62600292042957,1710397611024
17199,59.42786461654484,22.62997417349812,1710484011024
17199,59.42513254943958,22.63504603311754,1710570411024
17199,59.41943084183919,22.629020245250832,1710656789024
17199,59.430315255225935,22.62335093771666,1710743189024
17199,59.4286023952742,22.62051066814738,1710829589024
17199,59.428640782427806,22.61657637058575,1710915989024
17199,59.43281449958866,22.618893825806524,1711002389024
17199,59.44193392280821,22.62504602051569,1711088789024
17199,59.43307724292407,22.615506093899175,1711175189024
17199,59.444710429252694,22.61948018767662,1711261589024
17199,59.43284138732764,22.619186799978316,1711347989024
17199,59.427055075076055,22.6184223472588,1711434389024
17430,59.452972999999986,22.622075,1712384789024
17430,59.45397631953267,22.623974354573424,1712471189024
17430,59.46037037344957,22.623207772539676,1712557589024
17430,59.45708533041025,22.624345318663707,1712643989024
17430,59.462028194813314,22.62808037559104,1712730389024
17430,59.47337068158464,22.630456398477715,1712816789024
17430,59.45820446873739,22.634800441519076,1712903189024
17430,59.44761832068252,22.645568728954235,1712989589024
17430,59.44889544450848,22.65496331668608,1713075989024
17430,59.44333359096407,22.65386230313796,1713162389024
17430,59.44089800025267,22.66798093786532,1713248789024
17430,59.4416429774065,22.66881251323691,1713335189024
17430,59.44514345814673,22.66119165475748,1713421589024
17430,59.43880704152019,22.660493367757628,1713507989024
17430,59.438734482885025,22.66797887975512,1713594389024
17502,59.452972999999986,22.622075,1714112789024
17502,59.45080322675184,22.616849230102947,1714199189024
17502,59.449566296559794,22.616135304993875,1714285589024
17502,59.44743068163132,22.621148353790048,1714371989024
17502,59.45735942382851,22.621058576100463,1714458389024
17502,59.45956299219736,22.609924865747615,1714544789024
17502,59.45533498404606,22.6129226194348,1714631189024
17502,59.441755764251496,22.606994146828065,1714717589024
17502,59.43913305119747,22.610561244006185,1714803989024
17502,59.438024619109314,22.623685661225593,1714890389024
17502,59.43384894567856,22.629714091078647,1714976789024
17502,59.44258665522034,22.63854257370786,1715063189024
17502,59.44316102541103,22.63949865594163,1715149589024
17502,59.44466608020499,22.643201122063896,1715235989024
17502,59.44924285676552,22.639092798423068,1715322389024
17502,59.45845500454729,22.645560272063424,1715408789024
17534,59.452972999999986,22.622075,1714112789024
17534,59.4468562494915,22.621558720633967,1714199189024
17534,59.432434963832634,22.61585294546207,1714285589024
17534,59.439008724248595,22.616760335067596,1714371989024
17534,59.43655450622944,22.622979508880587,1714458389024
17534,59.42966000598801,22.63330730232249,1714544789024
17534,59.431596642799946,22.63212020124413,1714631189024
17534,59.42952831264873,22.637691574762048,1714717589024
17534,59.42931573938148,22.642125706410337,1714803989024
17534,59.43014981744648,22.639317548825954,1714890389024
17534,59.44370370758111,22.63823851467047,1714976789024
17534,59.44754905086086,22.630734106460395,1715063189024
17534,59.453339299162565,22.631343300968656,1715149589024
17534,59.4508555664043,22.633056569428632,1715235989024
17534,59.44362765447238,22.637323716067872,1715322389024
17534,59.447298480306614,22.6429362345721,1715408789024
17786,59.452972999999986,22.622075,1717568789024
17786,59.44593823703639,22.627540204935848,1717655189024
17786,59.43800095121409,22.622793896021005,1717741589024
17786,59.4290799622527,22.61907527757314,1717827989024
17786,59.41633160590203,22.61070507705631,1717914389024
17786,59.40186959833696,22.619555139940395,1718000789024
17786,59.39294092104109,22.613989663317017,1718000791024
17786,59.38199062753097,22.614289419418235,1718087191024
17786,59.37518109652342,22.61247315157867,1718173591024
17786,59.37564563183412,22.61774047005309,1718259991024
17786,59.37244045799687,22.6257782701753,1718346391024
17786,59.368595103300066,22.618357873128424,1718432791024
17786,59.36757275115994,22.627865165909284,1718519191024
17786,59.35398029614913,22.63334027812287,1718605591024
17786,59.353949933725886,22.63942517636221,1718691991024
17786,59.351113750506784,22.64047051477602,1718778391024
17786,59.349175728444266,22.63363595431429,1718864791024
17786,59.3609426323784,22.62673090675885,1718951191024
17786,59.37013889097324,22.629622453867793,1719037591024
17795,59.452972999999986,22.622075,1717568789024
17795,59.45418949213968,22.62352835083808,1717655189024
17795,59.45540113607646,22.614274875977458,1717741589024
17795,59.456531682335566,22.608397285075313,1717827989024
17795,59.45362495620455,22.620548411600595,1717914389024
17795,59.444601414667886,22.631216982911464,1718000789024
17795,59.43473888703389,22.62570502047896,1718000791024
17795,59.441337642292154,22.62372152891992,1718087191024
17795,59.43079590707785,22.61988044106771,1718173591024
17795,59.43026036719445,22.607769550787232,1718259991024
17795,59.43862966857077,22.607625430790073,1718346391024
17795,59.433843807263145,22.6029478690982,1718432791024
17795,59.43317872471022,22.605391416069644,1718519191024
17795,59.425320808800706,22.609492690580673,1718605591024
17795,59.43022480700978,22.612477853600293,1718691991024
17795,59.43510300432126,22.622366605827068,1718778391024
17795,59.440410945453294,22.621985838793936,1718864791024
17795,59.45177042028504,22.626716909173695,1718951191024
17795,59.44542693543224,22.638131473001906,1719037591024
17810,59.452972999999986,22.622075,1717568789024
17810,59.44281452450028,22.61200717079249,1717655189024
17810,59.44724816808184,22.6201128959618,1717741589024
17810,59.44855305619405,22.624043394911507,1717827989024
17810,59.44988852789069,22.620420391784297,1717914389024
17810,59.44249872032742,22.619882686491444,1718000789024
17810,59.4360921924455,22.611151740760658,1718000791024
17810,59.43668975627793,22.611548797347982,1718087191024
17810,59.43788755609432,22.61042425891552,1718173591024
17810,59.444514089450365,22.60580312349276,1718259991024
17810,59.441887852576,22.61141294746223,1718346391024
17810,59.44040060375468,22.604967427953767,1718432791024
17810,59.45244695545952,22.60056453748828,1718519191024
17810,59.451161975920456,22.598126620641807,1718605591024
17810,59.4564275673755,22.60517131392296,1718691991024
17810,59.4628102813796,22.610831645897736,1718778391024
17810,59.458306795246926,22.62165148935187,1718864791024
17810,59.459573767178654,22.63330555657876,1718951191024
17810,59.457118353040045,22.6334719553187,1719037591024
17831,59.452972999999986,22.622075,1717568789024
17831,59.45462805447903,22.620444756320683,1717655189024
17831,59.44689369265819,22.630365953246063,1717741589024
17831,59.437273014569826,22.640387893641893,1717827989024
17831,59.43489030515181,22.64759952819842,1717914389024
17831,59.438457472603375,22.659371601095145,1718000789024
17831,59.44670453907804,22.66006967650695,1718000791024
17831,59.440149179177354,22.655642823682005,1718087191024
17831,59.42912880718666,22.650473680088115,1718173591024
17831,59.433508249008895,22.65581645375037,1718259991024
17831,59.44782830779263,22.665269336241938,1718346391024
17831,59.443687261624376,22.675731952947174,1718432791024
17831,59.43133017272203,22.67829305046819,1718519191024
17831,59.43866109951341,22.67708110722321,1718605591024
17831,59.426193090748086,22.669086508973734,1718691991024
17831,59.42488271829524,22.662530245176715,1718778391024
17831,59.4179521063289,22.66014715217586,1718864791024
17831,59.41791978217845,22.65066620660404,1718951191024
17831,59.43317118908226,22.636876291741935,1719037591024
17852,59.452972999999986,22.622075,1717568789024
17852,59.455236922371455,22.607709228494333,1717655189024
17852,59.455550725472705,22.604425658986308,1717741589024
17852,59.448267121552135,22.600916450837232,1717827989024
17852,59.450461293371234,22.612375873842915,1717914389024
17852,59.44928513753908,22.614941112085443,1718000789024
17852,59.437224472145544,22.608127837374823,1718000791024
17852,59.43551020049679,22.6106039519242,1718087191024
17852,59.433170651857495,22.605925899682152,1718173591024
17852,59.438576920849926,22.612320336287855,1718259991024
17852,59.44607066563367,22.610585521799344,1718346391024
17852,59.445692521767626,22.60986725296083,1718432791024
17852,59.45213144900072,22.610079772962827,1718519191024
17852,59.45195081019898,22.615896513347945,1718605591024
17852,59.457868845035705,22.626679715289335,1718691991024
17852,59.4476791391657,22.629150950102076,1718778391024
17852,59.4453318202178,22.62873784909661,1718864791024
17852,59.44022592093907,22.62803743052004,1718951191024
17852,59.452300745821645,22.62781507754008,1719037591024
17947,59.452972999999986,22.622075,1718000791024
17947,59.45773929949473,22.61758188760379,1718087191024
17947,59.46369510872273,22.630975696898652,1718173591024
17947,59.47616564054914,22.638839602633865,1718259991024
17947,59.48049763977059,22.638744097850637,1718346391024
17947,59.475157467485616,22.6101397631904,1718432791024
17947,59.46954067993974,22.60426537467633,1718519191024
17947,59.46719390254913,22.614618628824196,1718605591024
17947,59.465991446825115,22.62100114974982,1718691991024
17947,59.46435145204384,22.615883791478065,1718778391024
17947,59.45575798055012,22.617569860938488,1718864791024
17947,59.45626437794965,22.61143938721455,1718951191024
17947,59.458694717969905,22.605880447198867,1719037591024
17947,59.46967872285097,22.606687855891,1719123991024
17947,59.46455901832749,22.603897371318368,1719210391024
17977,59.452972999999986,22.622075,1718000791024
17977,59.45152127999077,22.63292088727288,1718087191024
17977,59.447992720106214,22.637395032077425,1718173591024
17977,59.44165314852262,22.63473581052671,1718259991024
17977,59.43802721524219,22.643475284478495,1718346391024
17977,59.43361839971794,22.64049404024545,1718432791024
17977,59.43580827829621,22.63814261617668,1718519191024
17977,59.42854469587718,22.62757696067662,1718605591024
17977,59.43385453243718,22.625824542007848,1718691991024
17977,59.424663596961295,22.636544220704067,1718778391024
17977,59.41565994161218,22.635631895720692,1718864791024
17977,59.40967894315111,22.627538424549012,1718951191024
17977,59.41474640063501,22.621865598311626,1719037591024
17977,59.41025254368469,22.625814829665188,1719123991024
17977,59.411792102703714,22.62338843308089,1719210391024
17992,59.452972999999986,22.622075,1718864791024
17992,59.46779821485015,22.626236032001156,1718951191024
17992,59.47510334164016,22.625396981332333,1719037591024
17992,59.48512446395284,22.615352281683037,1719123991024
17992,59.4917805407369,22.611265466519505,1719210391024
17992,59.4923304243145,22.606366002327444,1719296789024
17992,59.49331622269702,22.61089706105925,1719383189024
17992,59.485824145625344,22.60933558556508,1719469589024
17992,59.48721280927481,22.603569059001373,1719555989024
17992,59.48517844193236,22.616891683781343,1719642389024
17992,59.490723715033795,22.617590954280267,1719728789024
17992,59.48923443398294,22.61524603403594,1719815189024
17992,59.49567334668643,22.61217673025257,1719901589024
17992,59.48800470216969,22.611255643768125,1719987989024
17992,59.48706463856803,22.615130017125058,1720074389024
18013,59.452972999999986,22.622075,1718864791024
18013,59.44011369279332,22.61971302921849,1718951191024
18013,59.43281148379813,22.60976378655005,1719037591024
18013,59.443046683942384,22.610277348543857,1719123991024
18013,59.449537284307866,22.613267857960977,1719210391024
18013,59.452697854824635,22.617319415541612,1719296789024
18013,59.44609009536933,22.6370248601078,1719383189024
18013,59.44103578407504,22.64376668205354,1719469589024
18013,59.43854424319798,22.651440169897363,1719555989024
18013,59.43645635860764,22.656320811995418,1719642389024
18013,59.43363507238843,22.65361031305233,1719728789024
18013,59.42913797771138,22.654522048309385,1719815189024
18013,59.44068878059116,22.639276879064667,1719901589024
18013,59.44419948709026,22.63582163517546,1719987989024
18013,59.44880646220693,22.631285232191303,1720074389024
18018,59.452972999999986,22.622075,1718864791024
18018,59.45014821300788,22.616789195991306,1718951191024
18018,59.46366584021675,22.617294630473616,1719037591024
18018,59.451885259016365,22.62336391532636,1719123991024
18018,59.441579559630725,22.626465076556553,1719210391024
18018,59.450589849572,22.62636024254544,1719296789024
18018,59.447526750112786,22.628843190686215,1719383189024
18018,59.46105798071952,22.626467187957033,1719469589024
18018,59.450785257558834,22.62746863766149,1719555989024
18018,59.43545009292157,22.632113350210673,1719642389024
18018,59.429151682634114,22.631058730185316,1719728789024
18018,59.42717041198017,22.627074955075784,1719815189024
18018,59.428180349202506,22.630129175798032,1719901589024
18018,59.43157692592473,22.62551333733652,1719987989024
18018,59.43676135171216,22.626893234397432,1720074389024
18057,59.452972999999986,22.622075,1718864791024
18057,59.46035929520815,22.62008473963292,1718951191024
18057,59.46686879108245,22.62340877247796,1719037591024
18057,59.47072864100795,22.62131048205159,1719123991024
18057,59.46902757796062,22.60566086066346,1719210391024
18057,59.479126209528914,22.617366460206775,1719296789024
18057,59.48534258263223,22.62052780740649,1719383189024
18057,59.50323493914957,22.620477539283097,1719469589024
18057,59.504818011140145,22.612932412636027,1719555989024
18057,59.51689242950977,22.60401317759833,1719642389024
18057,59.511517654335535,22.596335408408272,1719728789024
18057,59.51370240946298,22.608556153904033,1719815189024
18057,59.51279223307023,22.608719300194316,1719901589024
18057,59.50800704496899,22.608832319725217,1719987989024
18057,59.500331532678786,22.60638801494201,1720074389024
18057,59.496166325863754,22.6113501123724,1720160789024
18095,59.452972999999986,22.622075,1719296789024
18095,59.45347172760961,22.624857281411096,1719383189024
18095,59.4623248013024,22.631515134402125,1719469589024
18095,59.449508791466826,22.627267702033585,1719555989024
18095,59.46215379838819,22.62143775971139,1719642389024
18095,59.47301961872443,22.61480326610371,1719728789024
18095,59.47223867698847,22.61271858079913,1719815189024
18095,59.47744548091285,22.618112515495717,1719901589024
18095,59.47222711055605,22.61270235189189,1719987989024
18095,59.47698294295614,22.604615503266405,1720074389024
18095,59.47781153524713,22.60621262030636,1720160789024
18095,59.4832737157374,22.60308580986118,1720247189024
18095,59.49063016978178,22.60898436872776,1720333589024
18095,59.4997428864728,22.604452402666475,1720419989024
18095,59.51872633837428,22.609856650412738,1720506389024
18110,59.452972999999986,22.622075,1719296789024
18110,59.44792815815117,22.616881359103186,1719383189024
18110,59.43664081132431,22.608458400284373,1719469589024
18110,59.43105078117998,22.611307572841262,1719555989024
18110,59.42763234162504,22.61863192355545,1719642389024
18110,59.43652696816946,22.62171570456801,1719728789024
18110,59.4398110229929,22.624544398242257,1719815189024
18110,59.44255036737283,22.62321835287184,1719901589024
18110,59.43855957230679,22.63095172608015,1719987989024
18110,59.44404403220409,22.63591883374789,1720074389024
18110,59.44844712753385,22.620853880638226,1720160789024
18110,59.44876722408546,22.61830394231237,1720247189024
18110,59.4497584693637,22.621043628220953,1720333589024
18110,59.451001995018146,22.630993113013385,1720419989024
18110,59.45489942912138,22.643283325264605,1720506389024
18122,59.452972999999986,22.622075,1719296789024
18122,59.44316508495197,22.623903886230092,1719383189024
18122,59.45030259545592,22.62169099281496,1719469589024
18122,59.461518540309385,22.62344545039562,1719555989024
18122,59.45524966294465,22.619674414249044,1719642389024
18122,59.45865884600698,22.62915932344245,1719728789024
18122,59.46587505205525,22.622491242671178,1719815189024
18122,59.45721759640435,22.6224514443003,1719901589024
18122,59.458981222149475,22.625874492023875,1719987989024
18122,59.46199144206568,22.62829698189205,1720074389024
18122,59.45394871862342,22.631727021167364,1720160789024
18122,59.45971224725477,22.624604928168765,1720247189024
18122,59.462705466007776,22.620142341363454,1720333589024
18122,59.454170240720146,22.621216924613787,1720419989024
18122,59.46160960825517,22.63161992953351,1720506389024
18130,59.452972999999986,22.622075,1719296789024
18130,59.45434531398132,22.6226676553689,1719383189024
18130,59.450373826453585,22.62064901058234,1719469589024
18130,59.43275223170309,22.621275062611183,1719555989024
18130,59.43432400526416,22.609163305679193,1719642389024
18130,59.434596721944274,22.62146400497055,1719728789024
18130,59.42660116925356,22.622243523160915,1719815189024
18130,59.438947291336575,22.616426629644018,1719901589024
18130,59.4399315836491,22.61461990033129,1719987989024
18130,59.43740950549653,22.61684311515937,1720074389024
18130,59.44225812385719,22.6125781469524,1720160789024
18130,59.44986540196612,22.600227692763337,1720247189024
18130,59.4589893525368,22.604510137370255,1720333589024
18130,59.46789984660518,22.608809464933156,1720419989024
18130,59.4701987404128,22.61406475725307,1720506389024
18138,59.452972999999986,22.622075,1719296789024
18138,59.45823959780887,22.612105642570665,1719383189024
18138,59.463845524151026,22.62123886327952,1719469589024
18138,59.45859886878981,22.617846824290083,1719555989024
18138,59.45714971186561,22.606870115001136,1719642389024
18138,59.4551862751251,22.609869752236044,1719728789024
18138,59.45373322677926,22.60583062127152,1719815189024
18138,59.448953079952105,22.598032439784394,1719901589024
18138,59.45511679420741,22.59807414642068,1719987989024
18138,59.44926942253073,22.60654654046705,1720074389024
18138,59.46214017836692,22.605298745104506,1720160789024
18138,59.45557773634317,22.60050161620713,1720247189024
18138,59.45819304781847,22.590788670964077,1720333589024
18138,59.456197905317566,22.592483276505828,1720419989024
18138,59.45985446667533,22.59490124423611,1720506389024
18189,59.452972999999986,22.622075,1721024789024
18189,59.43499525231624,22.64123508576404,1721111189024
18189,59.44268117071945,22.650140776111797,1721197589024
18189,59.43520648242139,22.658186634457177,1721283989024
18189,59.418616304409795,22.658005662698447,1721370389024
18189,59.422271344476144,22.657913079075048,1721456789024
18189,59.4170673956516,22.654236124911023,1721543189024
18189,59.41272827809448,22.652885659050817,1721629589024
18189,59.39904744305571,22.66220673418428,1721715989024
18189,59.392339685194145,22.658914632468917,1721802389024
18189,59.37774856528998,22.640040572444686,1721888789024
18189,59.3802524693279,22.645221128902833,1721975189024
18189,59.37428794640081,22.655014775005434,1722061589024
18189,59.38692089505338,22.657792086796608,1722147989024
18189,59.376957657182885,22.650475216016986,1722234389024
18189,59.38140848109853,22.63393408618064,1722320789024
18189,59.38046141680911,22.643211468169156,1722407189024
18189,59.39138591313599,22.633127846095427,1722493589024
18189,59.39959067578013,22.618972951133372,1722579989024
18285,59.452972999999986,22.622075,1721024789024
18285,59.45228695643968,22.61900761706688,1721111189024
18285,59.4427309827378,22.6171665399323,1721197589024
18285,59.44354630890649,22.608902730181505,1721283989024
18285,59.44173733423935,22.60271955134487,1721370389024
18285,59.4350535158778,22.597407039146304,1721456789024
18285,59.43111902177387,22.59736931636614,1721543189024
18285,59.41358342372146,22.60505709719916,1721629589024
18285,59.40775067517794,22.598881920167887,1721715989024
18285,59.40919279070596,22.594387404791743,1721802389024
18285,59.423221771364354,22.57470259712488,1721888789024
18285,59.43423196774444,22.56446155461106,1721975189024
18285,59.44881247022954,22.54663363128937,1722061589024
18285,59.441511733962386,22.55355161424021,1722147989024
18285,59.43454318541225,22.556298638067336,1722234389024
18285,59.4313217019448,22.56201702036033,1722320789024
18285,59.438275252807784,22.560652122949765,1722407189024
18285,59.421381993783086,22.56682937833934,1722493589024
18285,59.40881706750224,22.573966159034505,1722579989024
18305,59.452972999999986,22.622075,1721024789024
18305,59.44577015984754,22.62709045359472,1721111189024
18305,59.437197844488054,22.63033790369822,1721197589024
18305,59.4330398900245,22.63025138865651,1721283989024
18305,59.42927138847733,22.62630816822792,1721370389024
18305,59.4328818230303,22.634468649504985,1721456789024
18305,59.434220605399645,22.662730391578343,1721543189024
18305,59.44255727402435,22.66279990040238,1721629589024
18305,59.43972105193163,22.670492889171356,1721715989024
18305,59.4528179298064,22.682971885216332,1721802389024
18305,59.45630171071417,22.685152318083446,1721888789024
18305,59.46806950777943,22.687186104042414,1721975189024
18305,59.475826522209616,22.70157769583294,1722061589024
18305,59.471865535714926,22.696518121594135,1722147989024
18305,59.483177872589096,22.70416662702314,1722234389024
18305,59.46904254890842,22.679082884868965,1722320789024
18305,59.4655096630344,22.693062279854473,1722407189024
18305,59.46039945253892,22.686228693483027,1722493589024
18305,59.467405448674754,22.67754876007447,1722579989024
18349,59.452972999999986,22.622075,1723616789024
18349,59.43655955788461,22.633989112217396,1723703189024
18349,59.43356330180973,22.631135295836916,1723789589024
18349,59.432417354227,22.629332429509656,1723875989024
18349,59.43587374799415,22.624077794356143,1723962389024
18349,59.432850703482615,22.623591882192216,1724048789024
18349,59.42842986486295,22.621011509880244,1724135189024
18349,59.431289259138595,22.62551260092537,1724221589024
18349,59.43228604695173,22.634013452961533,1724307989024
18349,59.44018742463243,22.626217812593172,1724394389024
18349,59.45481329647379,22.629862968395972,1724480789024
18349,59.45972708296756,22.63141877852586,1724567189024
18349,59.45802820350849,22.653707369821692,1724653589024
18349,59.45403318539752,22.656524156341945,1724739989024
18349,59.4492601087872,22.65372713017083,1724826389024
18405,59.452972999999986,22.622075,1723616789024
18405,59.45194712041416,22.62138034710811,1723703189024
18405,59.458507867455126,22.626720464719604,1723789589024
18405,59.46172783018176,22.61407557987514,1723875989024
18405,59.46842525177607,22.614257096030578,1723962389024
18405,59.46879397336406,22.623963451672335,1724048789024
18405,59.44781370410544,22.62627197885623,1724135189024
18405,59.44493006318979,22.63267443757892,1724221589024
18405,59.43976614582516,22.632854430934255,1724307989024
18405,59.43635947580432,22.64286260744102,1724394389024
18405,59.42810608500616,22.63783877705505,1724480789024
18405,59.42494917648236,22.63637536504535,1724567189024
18405,59.415483512210045,22.63133491437683,1724653589024
18405,59.421952188879686,22.629155107112545,1724739989024
18405,59.41164976240299,22.64197511419662,1724826389024
18454,59.452972999999986,22.622075,1724480789024
18454,59.4623866249795,22.61486402808738,1724567189024
18454,59.471165974268786,22.611867948504656,1724653589024
18454,59.473983349476015,22.60794424905212,1724739989024
18454,59.47719885806589,22.614025503433975,1724826389024
18454,59.48115096871737,22.62018971987331,1724912789024
18454,59.48559055289323,22.62119196246145,1724999189024
18454,59.50233005906688,22.59961115111315,1725085589024
18454,59.512462195565234,22.607027413826607,1725171989024
18454,59.50238437217669,22.594796775773244,1725258389024
18454,59.50478439234726,22.595300556328827,1725344789024
18454,59.500481288518415,22.59869511844758,1725431189024
18454,59.50888195860625,22.583956076247556,1725517589024
18454,59.50683117225873,22.578179829477783,1725603989024
18454,59.51868905922427,22.589535149055447,1725690389024
18454,59.52160188065568,22.60689560977484,1725776789024
18454,59.51623156658653,22.60722636026302,1725776791024
18454,59.52035353724898,22.604753917511577,1725863191024
18454,59.519140292843105,22.60150460714699,1725949591024
18454,59.5197376988591,22.59440315984497,1726035991024
18475,59.452972999999986,22.622075,1724480789024
18475,59.447121577450986,22.62917819232125,1724567189024
18475,59.46010300667035,22.63952803203309,1724653589024
18475,59.45958917524899,22.6169002855366,1724739989024
18475,59.467495241207416,22.629634204025656,1724826389024
18475,59.45360432567804,22.63196234321453,1724912789024
18475,59.45832032454615,22.62869004000982,1724999189024
18475,59.46642060459834,22.622191487839917,1725085589024
18475,59.45668753001448,22.626072107855443,1725171989024
18475,59.47321251085623,22.647773932720906,1725258389024
18475,59.47692846710049,22.630633937739223,1725344789024
18475,59.45922519876035,22.6194948033549,1725431189024
18475,59.46322551245103,22.609271449317873,1725517589024
18475,59.48327356541566,22.610848422747367,1725603989024
18475,59.49098526729239,22.62420692427516,1725690389024
18475,59.49293269692612,22.60260026954403,1725776789024
18475,59.483670412036275,22.593317361109463,1725776791024
18475,59.48580096696861,22.582947114995953,1725863191024
18475,59.487975722673355,22.587323758860123,1725949591024
18475,59.49526714327797,22.58917902992013,1726035991024
18477,59.452972999999986,22.622075,1724480789024
18477,59.47300710594183,22.61910973588924,1724567189024
18477,59.48556661967768,22.626798161181764,1724653589024
18477,59.47840211370183,22.60002174197847,1724739989024
18477,59.484654774555935,22.603288526357105,1724826389024
18477,59.48268137471541,22.614566784899026,1724912789024
18477,59.46942372517452,22.62365858487808,1724999189024
18477,59.458056797545055,22.645087726295223,1725085589024
18477,59.468261066972445,22.64298382603305,1725171989024
18477,59.46244921675179,22.654367848172104,1725258389024
18477,59.461578768543575,22.653024014132622,1725344789024
18477,59.46984284118534,22.64753114493709,1725431189024
18477,59.45918761386818,22.64223762910657,1725517589024
18477,59.46402875207872,22.64524620595478,1725603989024
18477,59.466183495961445,22.62831668796917,1725690389024
18477,59.45692725063563,22.620994652285283,1725776789024
18477,59.46216768413291,22.609680571649477,1725776791024
18477,59.4564715330109,22.611655799568503,1725863191024
18477,59.46286217620059,22.6125802620714,1725949591024
18477,59.45989680515888,22.6114334337147,1726035991024
18501,59.452972999999986,22.622075,1724480789024
18501,59.4583665857927,22.61688731050796,1724567189024
18501,59.462180956161006,22.62569652123034,1724653589024
18501,59.469884210018165,22.629288821919975,1724739989024
18501,59.45012264343683,22.621600611749205,1724826389024
18501,59.442417901383465,22.60402099736186,1724912789024
18501,59.440275071605555,22.592076926904006,1724999189024
18501,59.44391963270368,22.610999074541244,1725085589024
18501,59.44659048190988,22.61557318804248,1725171989024
18501,59.4300520463095,22.609906093988076,1725258389024
18501,59.43115867449228,22.610439771927552,1725344789024
18501,59.41908097975801,22.628924917607712,1725431189024
18501,59.409233216606,22.61889280879887,1725517589024
18501,59.422034844940015,22.62313742208072,1725603989024
18501,59.414604496008735,22.62333983204375,1725690389024
18501,59.42172685972383,22.610188819968375,1725776789024
18501,59.40190997227728,22.59973318105946,1725776791024
18501,59.3929030045513,22.592670855974493,1725863191024
18501,59.39486842961773,22.60313515417032,1725949591024
18501,59.40368932645151,22.60442084470678,1726035991024
18531,59.452972999999986,22.622075,1724480789024
18531,59.45382165571277,22.61029432951953,1724567189024
18531,59.458215371431464,22.612107971447433,1724653589024
18531,59.45994418626768,22.614923854886698,1724739989024
18531,59.449986763914865,22.605063859277298,1724826389024
18531,59.434895798759186,22.6017717743684,1724912789024
18531,59.43785351253183,22.59328623378099,1724999189024
18531,59.43842795674922,22.59155128626253,1725085589024
18531,59.43554217280783,22.59699297346094,1725171989024
18531,59.432302046345114,22.604189268120404,1725258389024
18531,59.434106639212416,22.60638517803808,1725344789024
18531,59.43645910076157,22.60217171075204,1725431189024
18531,59.44090555734931,22.62447642481333,1725517589024
18531,59.43673565277993,22.619861819976503,1725603989024
18531,59.43180219685576,22.610808941062107,1725690389024
18531,59.42270536708895,22.622545477085975,1725776789024
18531,59.41187609445126,22.62661242095949,1725776791024
18531,59.40654090450579,22.623078631318737,1725863191024
18531,59.41090458469981,22.612713903084497,1725949591024
18531,59.41639868740725,22.60122578151084,1726035991024
18543,59.452972999999986,22.622075,1724480789024
18543,59.44721635923554,22.637701769404423,1724567189024
18543,59.45326323316985,22.638103794628556,1724653589024
18543,59.451527314625594,22.641637712292248,1724739989024
18543,59.454311924375304,22.64385554849915,1724826389024
18543,59.45655493624966,22.630543043483843,1724912789024
18543,59.455792352174626,22.62240809452043,1724999189024
18543,59.476641891853376,22.60255202807296,1725085589024
18543,59.46808398382211,22.59905374532732,1725171989024
18543,59.46631780875444,22.61138359696398,1725258389024
18543,59.47407172229944,22.608917996660917,1725344789024
18543,59.48153775038321,22.60988796192948,1725431189024
18543,59.487053188985385,22.606129096204143,1725517589024
18543,59.47735521080915,22.604451581406217,1725603989024
18543,59.468658611698146,22.60608126891424,1725690389024
18543,59.46115312246164,22.584629276656713,1725776789024
18543,59.44870885597504,22.57478681084208,1725776791024
18543,59.44245747939439,22.565167218677914,1725863191024
18543,59.453192050895865,22.57561828289124,1725949591024
18543,59.461311554147784,22.56744216063585,1726035991024
18566,59.452972999999986,22.622075,1725776791024
18566,59.446472023683754,22.62479060556882,1725863191024
18566,59.44871064082406,22.623931526616374,1725949591024
18566,59.454356948678935,22.626839294347132,1726035991024
18566,59.4590554832603,22.622933622375232,1726122391024
18566,59.45561687949592,22.63093416804792,1726208791024
18566,59.450440882318674,22.63584519017093,1726295191024
18566,59.44785464536915,22.630863494594156,1726381591024
18566,59.44920004760061,22.628120985401267,1726467991024
18566,59.43898832631089,22.627558119330136,1726554391024
18566,59.44522374824524,22.62712681009142,1726640791024
18566,59.448593185403496,22.630805064748134,1726727191024
18566,59.446858222994365,22.637573282004883,1726813591024
18566,59.45270480181142,22.637906720440277,1726899991024
18566,59.45466348497979,22.63480148423312,1726986391024
18614,59.452972999999986,22.622075,1725776791024
18614,59.44983989920874,22.62827677899836,1725863191024
18614,59.44542291273433,22.6165168989103,1725949591024
18614,59.44707944571917,22.623029091311423,1726035991024
18614,59.44143714056244,22.62825403362555,1726122391024
18614,59.434938551426825,22.62207894995632,1726208791024
18614,59.444540287274776,22.631593809911433,1726295191024
18614,59.43723738305778,22.624406751310215,1726381591024
18614,59.430502178443845,22.6241986534803,1726467991024
18614,59.43654943020675,22.623547312455724,1726554391024
18614,59.43412512895509,22.622367797297,1726640791024
18614,59.4330756909558,22.618474575911833,1726727191024
18614,59.433199735870545,22.61668792586729,1726813591024
18614,59.444270321617154,22.613859296722,1726899991024
18614,59.45252857420439,22.616674034323516,1726986391024
18660,59.452972999999986,22.622075,1727504801024
18660,59.46200865377401,22.62540529428483,1727591201024
18660,59.460782718150995,22.632251493279085,1727677601024
18660,59.46402703943406,22.636957087027184,1727764001024
18660,59.46704490112885,22.63987028138053,1727850401024
18660,59.47020556321547,22.645282276428496,1727936789024
18660,59.461505361271634,22.63984185100821,1728023189024
18660,59.4610520013932,22.647437005159457,1728109589024
18660,59.465855595276054,22.64646265955869,1728195989024
18660,59.47211031381954,22.644549191595512,1728282389024
18660,59.4578939022073,22.650234973651663,1728368789024
18660,59.458312056503246,22.65026549291254,1728455189024
18660,59.45341698258767,22.653556301744203,1728541589024
18660,59.452000846373465,22.650547204086173,1728627989024
18660,59.44935572829303,22.647527374842277,1728714389024
18660,59.44749038879655,22.653625417085447,1728800789024
18744,59.452972999999986,22.622075,1727504801024
18744,59.45279526418568,22.61728366478464,1727591201024
18744,59.464261116149146,22.62309738772672,1727677601024
18744,59.46314503423298,22.6301525420981,1727764001024
18744,59.46788571133638,22.635767156911868,1727850401024
18744,59.48118709914334,22.63333875914704,1727936789024
18744,59.48723510548061,22.598080397521414,1728023189024
18744,59.48614666422648,22.601518295078723,1728109589024
18744,59.48807849035137,22.60198127356852,1728195989024
18744,59.47875413310874,22.603468857046646,1728282389024
18744,59.48026202729915,22.605892846186283,1728368789024
18744,59.49189823197682,22.595261145958016,1728455189024
18744,59.495702099477455,22.599898353520196,1728541589024
18744,59.5027332552668,22.60214256742191,1728627989024
18744,59.49544869131057,22.59717883062099,1728714389024
18744,59.494030844971405,22.600621259941903,1728800789024
18748,59.452972999999986,22.622075,1727504801024
18748,59.451194269250664,22.619371167173338,1727591201024
18748,59.44588280063715,22.620790551426474,1727677601024
18748,59.456447867496934,22.623686906726885,1727764001024
18748,59.44294352270478,22.618538346836537,1727850401024
18748,59.44476209351882,22.61819117972525,1727936789024
18748,59.441977214198715,22.619245621048467,1728023189024
18748,59.440839393221154,22.62535066917471,1728109589024
18748,59.45448903504536,22.630239372864757,1728195989024
18748,59.46203890991731,22.625570235791383,1728282389024
18748,59.46018142237995,22.62228019478997,1728368789024
18748,59.44864750525679,22.62994428310762,1728455189024
18748,59.44886212815351,22.62367546096159,1728541589024
18748,59.44952652535156,22.619631919767663,1728627989024
18748,59.45529463962703,22.622334081113085,1728714389024
18748,59.464126398595795,22.61820429696702,1728800789024
18790,59.452972999999986,22.622075,1727936789024
18790,59.464472028995345,22.61178285258122,1728023189024
18790,59.46414902353507,22.61365605768231,1728109589024
18790,59.45278022958792,22.61178982125053,1728195989024
18790,59.44884395600053,22.607862847197016,1728282389024
18790,59.44578268359194,22.605630461172368,1728368789024
18790,59.44940807598931,22.603010280595292,1728455189024
18790,59.44788362383002,22.602939658580446,1728541589024
18790,59.45853579946208,22.59746076309772,1728627989024
18790,59.46046118581185,22.598961834974144,1728714389024
18790,59.45688082516759,22.60409822066543,1728800789024
18790,59.43984573012784,22.60604698206781,1728887189024
18790,59.42796642774479,22.60528271178957,1728973589024
18790,59.43188689797799,22.615318666860723,1729059989024
18792,59.452972999999986,22.622075,1727936789024
18792,59.44815742977957,22.630991990290266,1728023189024
18792,59.453413039612656,22.632259704521996,1728109589024
18792,59.44886216063344,22.63572848521552,1728195989024
18792,59.44153566416074,22.634486875904077,1728282389024
18792,59.43752279879368,22.629720354614573,1728368789024
18792,59.44473035784805,22.628240242019533,1728455189024
18792,59.44116743973299,22.632345083263942,1728541589024
18792,59.446169934777885,22.628314888768937,1728627989024
18792,59.43885908454567,22.631339384939928,1728714389024
18792,59.44473971869584,22.630427051485142,1728800789024
18792,59.43864511590925,22.636451940344596,1728887189024
18792,59.441087679665344,22.641020300268195,1728973589024
18792,59.42831169558275,22.63641024372482,1729059989024
18794,59.452972999999986,22.622075,1727936789024
18794,59.45801943731462,22.62252926548003,1728023189024
18794,59.46237845245017,22.626860244121463,1728109589024
18794,59.464132135148446,22.62676701795418,1728195989024
18794,59.4705742082395,22.63278459223807,1728282389024
18794,59.46522047390411,22.6279292021937,1728368789024
18794,59.46043410004097,22.63103706461691,1728455189024
18794,59.46431786013244,22.622084131943463,1728541589024
18794,59.46020003124784,22.62339376985493,1728627989024
18794,59.45887683782581,22.627811038208772,1728714389024
18794,59.464618316647886,22.632933730567064,1728800789024
18794,59.459164651251115,22.631914672670757,1728887189024
18794,59.46882314869492,22.63437239155344,1728973589024
18794,59.476487148426855,22.62965625602575,1729059989024
18841,59.452972999999986,22.622075,1729664909024
18841,59.43781971952484,22.61260959049747,1729751309024
18841,59.44005256866214,22.612036368146107,1729837709024
18841,59.441697516048976,22.61666512031154,1729924109024
18841,59.441279222370525,22.618822260888827,1730010509024
18841,59.44264557663993,22.620463115919815,1730096909024
18841,59.44354203876489,22.612739249375263,1730183309024
18841,59.444317633330485,22.60708249018557,1730269709024
18841,59.43919641085523,22.606780208649997,1730356109024
18841,59.43546653472339,22.60557728429795,1730442509024
18841,59.43187037955397,22.61187357718359,1730528909024
18841,59.43956708612666,22.60577985217008,1730615309024
18841,59.43341700794764,22.602179842388846,1730701709024
18841,59.44515337077431,22.596627304358837,1730788109024
18841,59.451201267686486,22.600324021376277,1730874509024
18883,59.452972999999986,22.622075,1729664909024
18883,59.45173263100972,22.614917616116372,1729751309024
18883,59.46842680756919,22.623944632572183,1729837709024
18883,59.466408350321814,22.62000212963093,1729924109024
18883,59.477845825019074,22.620248406770106,1730010509024
18883,59.47084167827035,22.62039119456951,1730096909024
18883,59.47691193951096,22.615745267773782,1730183309024
18883,59.46626727254392,22.62439724676996,1730269709024
18883,59.46607116455215,22.62348309428052,1730356109024
18883,59.45180536626973,22.623549158914457,1730442509024
18883,59.446980895443545,22.62279966694104,1730528909024
18883,59.44823503742964,22.61770447460694,1730615309024
18883,59.44531966308452,22.612680478167505,1730701709024
18883,59.44530571540341,22.60982593762974,1730788109024
18883,59.443679222798835,22.607751253028056,1730874509024
18894,59.452972999999986,22.622075,1729664909024
18894,59.4556168689096,22.619953167383255,1729751309024
18894,59.45389124489796,22.612945454816103,1729837709024
18894,59.45621501883767,22.60655037676062,1729924109024
18894,59.44884687673786,22.604395248464098,1730010509024
18894,59.44249438431544,22.604964084327428,1730096909024
18894,59.45390185520253,22.60505678991688,1730183309024
18894,59.445778756212235,22.61445098334567,1730269709024
18894,59.449048482952975,22.60764603925469,1730356109024
18894,59.442468650299475,22.612262512938916,1730442509024
18894,59.44274196207806,22.613221293750957,1730528909024
18894,59.439858024049755,22.614115254096948,1730615309024
18894,59.44410723466419,22.620311798835413,1730701709024
18894,59.43455380930726,22.618600343301708,1730788109024
18894,59.43642959803469,22.62127335938842,1730874509024
18894,59.44379894417341,22.621893664249768,1730960909024
19034,59.452972999999986,22.622075,1733985119024
19034,59.4495553389319,22.614028566800112,1734071519024
19034,59.45161595632416,22.617857250256375,1734157919024
19034,59.445784487989755,22.61618373571046,1734244319024
19034,59.44384822908325,22.625416615720617,1734330719024
19034,59.43825919355939,22.62011406449188,1734417119024
19034,59.44957311182048,22.61794896796103,1734503519024
19034,59.45173074476816,22.61423554670351,1734589919024
19034,59.45922825992079,22.611858931634345,1734676319024
19034,59.463585031581886,22.607264620414323,1734762719024
19034,59.45681537023103,22.61845952890243,1734849119024
19034,59.45774935530579,22.61877686396635,1734935519024
19034,59.450411384293886,22.627627941656947,1735021919024
19034,59.45470893475303,22.630451759942837,1735108319024
19034,59.45143668094687,22.632401215285075,1735194719024
19036,59.452972999999986,22.622075,1733985119024
19036,59.44813682715943,22.620291893399948,1734071519024
19036,59.44764198556106,22.615047836446912,1734157919024
19036,59.45040754473695,22.61589160658579,1734244319024
19036,59.4518725790432,22.60597870690303,1734330719024
19036,59.46326523087765,22.617097306756737,1734417119024
19036,59.46555505389182,22.631565205649196,1734503519024
19036,59.46926327615898,22.621837677097897,1734589919024
19036,59.47489163770865,22.633814078681112,1734676319024
19036,59.48195937295384,22.6355761282828,1734762719024
19036,59.48043492959329,22.613458728567213,1734849119024
19036,59.48758425816959,22.615370320698517,1734935519024
19036,59.494746046275736,22.608185791208555,1735021919024
19036,59.49409086380936,22.60475544273837,1735108319024
19036,59.48582275433387,22.60724388941158,1735194719024
19088,59.452972999999986,22.622075,1733985119024
19088,59.44796690732892,22.62229223163771,1734071519024
19088,59.45287000903744,22.62427667575012,1734157919024
19088,59.44841223581665,22.619258549653004,1734244319024
19088,59.4478140971261,22.618066600624097,1734330719024
19088,59.44327711229323,22.613034978329683,1734417119024
19088,59.43548742630031,22.614738579909822,1734503519024
19088,59.42665714993791,22.61873729733623,1734589919024
19088,59.421287203741315,22.619929364966115,1734676319024
19088,59.42463406029168,22.61159565116411,1734762719024
19088,59.41625733812134,22.61769012483043,1734849119024
19088,59.415364441404904,22.619314136985892,1734935519024
19088,59.40661797574606,22.6195038909037,1735021919024
19088,59.39938631242012,22.607308896714127,1735108319024
19088,59.40493949172327,22.608140955599804,1735194719024
19091,59.452972999999986,22.622075,1733985119024
19091,59.448975501931955,22.626573652033755,1734071519024
19091,59.43894989618286,22.62255685618341,1734157919024
19091,59.45052375125596,22.630806224595535,1734244319024
19091,59.44707841953311,22.629279450325644,1734330719024
19091,59.44881846004813,22.62579016848603,1734417119024
19091,59.44426482570464,22.628570313352583,1734503519024
19091,59.435251363555096,22.61491221348907,1734589919024
19091,59.44087553616896,22.61600760147185,1734676319024
19091,59.44003013997891,22.60879209085992,1734762719024
19091,59.4408718771252,22.610099394546175,1734849119024
19091,59.44122093889536,22.613885199415968,1734935519024
19091,59.42526904332939,22.6083226213618,1735021919024
19091,59.42365375579016,22.60878320287259,1735108319024
19091,59.424196460343325,22.613124230677556,1735194719024
19111,59.452972999999986,22.622075,1733985119024
19111,59.439794539495495,22.62524412568464,1734071519024
19111,59.44389408850486,22.619373170572917,1734157919024
19111,59.44203211133373,22.608070936760736,1734244319024
19111,59.44124294943862,22.60658404610966,1734330719024
19111,59.43748229594189,22.60986928883018,1734417119024
19111,59.42889299927384,22.617714148030764,1734503519024
19111,59.42478793669261,22.61620330447654,1734589919024
19111,59.42526522537199,22.617894101931835,1734676319024
19111,59.41958012141282,22.623470713600156,1734762719024
19111,59.4233363731102,22.62431680485352,1734849119024
19111,59.4234075017753,22.621634720555413,1734935519024
19111,59.42196544311375,22.61524030254907,1735021919024
19111,59.42746262692401,22.614869604682525,1735108319024
19111,59.42487696220539,22.609863304081035,1735194719024
