{
  "RMSE": 1.4163040479577802,
  "MAE": 1.3107544687151909,
  "R2": -5.968864621058048
}