tile,scene_id,datetime,month_key,fai_mean,rednir_mean,ndwi_mean,kd490,chlor_a,nflh,sst,month_sin,month_cos,ndwi_std,rednir_std,hab_label,p_frcnn_r50_med,p_frcnn_mb_med,p_ssd_mb_med,p_tab,date_key,region_key,group_for_cv,log_kd490,log_chlor_a,log_nflh,ratio_chl_kd,chl_times_nflh,ratio_nflh_kd
S2B_MSIL2A_20170909T065619_R063_T39QXG_20210201T223815_0000.jpg,S2B_MSIL2A_20170909T065619_R063_T39QXG_20210201T223815,2017-09-09 06:56:19.027000+00:00,2017-09,0.044839322566986,0.9070813655853271,-0.157337874174118,0.0852,0.741344,0.32883,25.7933,-1.0,-1.8369701987210294e-16,1.4901161193847656e-08,1.1920928955078125e-07,1,0.9754769206047058,0.3487369120121002,0.7956363558769226,0.5637064603578306,2017-09-09 06:56:19.027,T39QXG,T39QXG,-1.0695604052332999,-0.1299802230131316,-0.48302856753067297,8.701220657276995,0.24377614752,3.8595070422535214
S2A_MSIL2A_20170825T065621_R063_T39QXG_20210201T094547_0000.jpg,S2A_MSIL2A_20170825T065621_R063_T39QXG_20210201T094547,2017-08-25 06:56:21.026000+00:00,2017-08,0.0548852682113647,0.930767297744751,-0.1537606567144394,0.0738,0.57676,0.235755,26.3283,-0.8660254037844384,-0.5000000000000004,1.4901161193847656e-08,1.1920928955078125e-07,1,0.4004035592079162,0.2417213916778564,0.436570405960083,0.4079738158933425,2017-08-25 06:56:21.026,T39QXG,T39QXG,-1.1319436381769583,-0.2390048668421193,-0.6275390877767101,7.815176151761518,0.1359740538,3.194512195121951
S2B_MSIL2A_20170820T065619_R063_T39QXG_20201015T042237_0000.jpg,S2B_MSIL2A_20170820T065619_R063_T39QXG_20201015T042237,2017-08-20 06:56:19.027000+00:00,2017-08,0.0479737743735313,0.9054860472679138,-0.1651863306760788,0.0641,0.426916,0.214845,25.655,-0.8660254037844384,-0.5000000000000004,0.0,0.0,0,0.4004035592079162,0.2417213916778564,0.436570405960083,0.4211006128073691,2017-08-20 06:56:19.027,T39QXG,T39QXG,-1.1931419704811825,-0.3696575683595656,-0.667874749020698,6.66015600624025,0.09172076802000001,3.3517160686427454
S2A_MSIL2A_20170805T065621_R063_T39QXG_20210210T194556_0000.jpg,S2A_MSIL2A_20170805T065621_R063_T39QXG_20210210T194556,2017-08-05 06:56:21.026000+00:00,2017-08,0.0518622994422912,0.91467946767807,-0.1642055809497833,0.0674,0.339185,0.122046,25.37,-0.8660254037844384,-0.5000000000000004,2.9802322387695312e-08,1.788139343261719e-07,0,0.4004035592079162,0.2417213916778564,0.436570405960083,0.4046991096786643,2017-08-05 06:56:21.026,T39QXG,T39QXG,-1.1713401034646802,-0.4695633620794514,-0.9134764498100445,5.032418397626113,0.04139617251,1.8107715133531157
S2B_MSIL2A_20170731T065619_R063_T39QXG_20210210T172720_0000.jpg,S2B_MSIL2A_20170731T065619_R063_T39QXG_20210210T172720,2017-07-31 06:56:19.027000+00:00,2017-07,0.0390426144003868,0.8950853943824768,-0.1654534339904785,0.0652,0.452843,0.379235,25.7767,-0.5000000000000001,-0.8660254037844386,0.0,1.788139343261719e-07,1,0.7057780623435974,0.2137039750814438,0.385426789522171,0.436166637163638,2017-07-31 06:56:19.027,T39QXG,T39QXG,-1.1857524042680798,-0.3440523411482712,-0.4210915879863479,6.945444785276075,0.171733915105,5.8164877300613504
S2A_MSIL2A_20170626T065621_R063_T39QXG_20210210T014612_0000.jpg,S2A_MSIL2A_20170626T065621_R063_T39QXG_20210210T014612,2017-06-26 06:56:21.026000+00:00,2017-06,0.0431606546044349,0.9044514298439026,-0.1620793044567108,0.0636,0.29478,0.32883,25.8183,1.2246467991473532e-16,-1.0,1.4901161193847656e-08,1.788139343261719e-07,0,0.7883565723896027,0.2105096951127051,0.4856774657964706,0.3853368995615804,2017-06-26 06:56:21.026,T39QXG,T39QXG,-1.1965428843515862,-0.5305019854815346,-0.48302856753067297,4.634905660377358,0.09693250739999999,5.1702830188679245
S2A_MSIL2A_20170606T065621_R063_T39QXG_20210209T205041_0000.jpg,S2A_MSIL2A_20170606T065621_R063_T39QXG_20210209T205041,2017-06-06 06:56:21.026000+00:00,2017-06,0.0446950420737266,0.9168644547462464,-0.1514034122228622,0.0874,0.776011,0.32883,26.0067,1.2246467991473532e-16,-1.0,0.0,1.788139343261719e-07,1,0.7883565723896027,0.2105096951127051,0.4856774657964706,0.5060881066605246,2017-06-06 06:56:21.026,T39QXG,T39QXG,-1.058488567365597,-0.11013212254923171,-0.48302856753067297,8.878844393592678,0.25517569713,3.762356979405034
S2A_MSIL2A_20180929T065651_R063_T39QXG_20201009T060705_0000.jpg,S2A_MSIL2A_20180929T065651_R063_T39QXG_20201009T060705,2018-09-29 06:56:51.024000+00:00,2018-09,0.0421377196907997,0.9059388637542723,-0.1600859314203262,0.0979,0.946864,0.336352,26.385,-1.0,-1.8369701987210294e-16,1.4901161193847656e-08,1.788139343261719e-07,0,0.9810630679130554,0.3488015234470367,0.7660241723060608,0.76449967286238,2018-09-29 06:56:51.024,T39QXG,T39QXG,-1.009217308196862,-0.02371239511613574,-0.4732059855926509,9.671746680286006,0.318479600128,3.4356690500510725
S2B_MSIL2A_20180924T065619_R063_T39QXG_20201009T042750_0000.jpg,S2B_MSIL2A_20180924T065619_R063_T39QXG_20201009T042750,2018-09-24 06:56:19.024000+00:00,2018-09,0.0395934581756591,0.9157702922821044,-0.1448828876018524,0.0979,0.946864,0.336352,26.385,-1.0,-1.8369701987210294e-16,2.9802322387695312e-08,1.1920928955078125e-07,0,0.9810630679130554,0.3488015234470367,0.7660241723060608,0.8334755984301307,2018-09-24 06:56:19.024,T39QXG,T39QXG,-1.009217308196862,-0.02371239511613574,-0.4732059855926509,9.671746680286006,0.318479600128,3.4356690500510725
S2A_MSIL2A_20180919T065621_R063_T39QXG_20201009T024121_0000.jpg,S2A_MSIL2A_20180919T065621_R063_T39QXG_20201009T024121,2018-09-19 06:56:21.024000+00:00,2018-09,0.0470229387283325,0.9113800525665284,-0.163395419716835,0.0626,0.384632,0.23686,26.335,-1.0,-1.8369701987210294e-16,0.0,1.1920928955078125e-07,0,0.9810630679130554,0.3488015234470367,0.7660241723060608,0.7873454861325427,2018-09-19 06:56:21.024,T39QXG,T39QXG,-1.2034256667895702,-0.414954586854437,-0.6255082750561838,6.144281150159744,0.09110393551999998,3.7837060702875394
S2B_MSIL2A_20180914T065619_R063_T39QXG_20201009T011434_0000.jpg,S2B_MSIL2A_20180914T065619_R063_T39QXG_20201009T011434,2018-09-14 06:56:19.024000+00:00,2018-09,0.0424590334296226,0.8981236815452576,-0.1677370965480804,0.0626,0.384632,0.23686,26.335,-1.0,-1.8369701987210294e-16,2.9802322387695312e-08,0.0,0,0.9810630679130554,0.3488015234470367,0.7660241723060608,0.6739212185635337,2018-09-14 06:56:19.024,T39QXG,T39QXG,-1.2034256667895702,-0.414954586854437,-0.6255082750561838,6.144281150159744,0.09110393551999998,3.7837060702875394
S2A_MSIL2A_20180909T065621_R063_T39QXG_20201008T231028_0000.jpg,S2A_MSIL2A_20180909T065621_R063_T39QXG_20201008T231028,2018-09-09 06:56:21.024000+00:00,2018-09,0.0420393347740173,0.8946921825408936,-0.1705683767795562,0.1302,1.51576,0.456075,26.4417,-1.0,-1.8369701987210294e-16,2.9802322387695312e-08,1.788139343261719e-07,1,0.9810630679130554,0.3488015234470367,0.7660241723060608,0.6858248587432867,2018-09-09 06:56:21.024,T39QXG,T39QXG,-0.8853890157678268,0.1806304421093745,-0.3409637331956288,11.641781874039937,0.6913002420000001,3.502880184331797
S2B_MSIL2A_20180904T065619_R063_T39QXG_20201011T083613_0000.jpg,S2B_MSIL2A_20180904T065619_R063_T39QXG_20201011T083613,2018-09-04 06:56:19.024000+00:00,2018-09,0.0411606803536415,0.8995077610015869,-0.1637744754552841,0.075,0.575683,0.382635,25.72,-1.0,-1.8369701987210294e-16,0.0,1.788139343261719e-07,0,0.9810630679130554,0.3488015234470367,0.7660241723060608,0.6952439430103513,2018-09-04 06:56:19.024,T39QXG,T39QXG,-1.1249387366083,-0.2398165951326755,-0.41721530714810634,7.675773333333333,0.22027646470499998,5.1018
S2A_MSIL2A_20180830T065621_R063_T39QXG_20201103T141110_0000.jpg,S2A_MSIL2A_20180830T065621_R063_T39QXG_20201103T141110,2018-08-30 06:56:21.024000+00:00,2018-08,0.0448196902871131,0.9157285094261168,-0.153169646859169,0.075,0.575683,0.382635,25.72,-0.8660254037844384,-0.5000000000000004,0.0,0.0,1,0.973641037940979,0.2011658996343612,0.4173726737499237,0.4666560835602344,2018-08-30 06:56:21.024,T39QXG,T39QXG,-1.1249387366083,-0.2398165951326755,-0.41721530714810634,7.675773333333333,0.22027646470499998,5.1018
S2A_MSIL2A_20180820T065621_R063_T39QXG_20201011T042051_0000.jpg,S2A_MSIL2A_20180820T065621_R063_T39QXG_20201011T042051,2018-08-20 06:56:21.024000+00:00,2018-08,0.0417311415076255,0.9043675065040588,-0.1607653349637985,0.0746,0.551472,0.185704,25.355,-0.8660254037844384,-0.5000000000000004,0.0,0.0,0,0.973641037940979,0.2011658996343612,0.4173726737499237,0.4822073549959274,2018-08-20 06:56:21.024,T39QXG,T39QXG,-1.1272611725273312,-0.2584765331860669,-0.7311787416063781,7.3923860589812325,0.102410556288,2.489329758713137
S2B_MSIL2A_20180815T065729_R063_T39QXG_20201011T021229_0000.jpg,S2B_MSIL2A_20180815T065729_R063_T39QXG_20201011T021229,2018-08-15 06:57:29.024000+00:00,2018-08,0.0386622920632362,0.8991031050682068,-0.1586140096187591,0.0746,0.551472,0.185704,25.355,-0.8660254037844384,-0.5000000000000004,0.0,0.0,0,0.973641037940979,0.2011658996343612,0.4173726737499237,0.513665392921504,2018-08-15 06:57:29.024,T39QXG,T39QXG,-1.1272611725273312,-0.2584765331860669,-0.7311787416063781,7.3923860589812325,0.102410556288,2.489329758713137
S2B_MSIL2A_20180716T065619_R063_T39QXG_20201011T163441_0000.jpg,S2B_MSIL2A_20180716T065619_R063_T39QXG_20201011T163441,2018-07-16 06:56:19.024000+00:00,2018-07,0.0476786866784095,0.9020482897758484,-0.1678117960691452,0.0779,0.63296,0.168647,25.2067,-0.5000000000000001,-0.8660254037844386,0.0,1.1920928955078125e-07,0,0.4354408979415893,0.1199859753251075,0.3442471027374267,0.4936245889571261,2018-07-16 06:56:19.024,T39QXG,T39QXG,-1.1084625423274355,-0.19862373441893344,-0.7730213799122769,8.125288831835686,0.10674680511999998,2.1649165596919127
S2B_MSIL2A_20180706T065619_R063_T39QXG_20201011T124309_0000.jpg,S2B_MSIL2A_20180706T065619_R063_T39QXG_20201011T124309,2018-07-06 06:56:19.024000+00:00,2018-07,0.0408328175544738,0.906686782836914,-0.1566378772258758,0.082,0.679299,0.2985485,24.6,-0.5000000000000001,-0.8660254037844386,2.9802322387695312e-08,0.0,0,0.4354408979415893,0.1199859753251075,0.3442471027374267,0.5142933730956332,2018-07-06 06:56:19.024,T39QXG,T39QXG,-1.0861861476162833,-0.16793902473622954,-0.5249851065065168,8.284134146341463,0.20280369750149999,3.6408353658536585
S2A_MSIL2A_20180701T065621_R063_T39QXG_20201011T104015_0000.jpg,S2A_MSIL2A_20180701T065621_R063_T39QXG_20201011T104015,2018-07-01 06:56:21.024000+00:00,2018-07,0.0481508374214172,0.9213922023773192,-0.1551601588726043,0.0943,0.906392,0.42845,26.1267,-0.5000000000000001,-0.8660254037844386,2.9802322387695312e-08,2.384185791015625e-07,1,0.4354408979415893,0.1199859753251075,0.3442471027374267,0.533017988557819,2018-07-01 06:56:21.024,T39QXG,T39QXG,-1.0254883072626717,-0.042683936299102984,-0.3680998528331917,9.611792152704137,0.38834365239999996,4.543478260869565
S2A_MSIL2A_20190904T065621_R063_T39QXG_20201004T090539_0000.jpg,S2A_MSIL2A_20190904T065621_R063_T39QXG_20201004T090539,2019-09-04 06:56:21.024000+00:00,2019-09,0.0452393516898155,0.9051705002784728,-0.1626422107219696,0.122,1.36825,0.32883,25.5267,-1.0,-1.8369701987210294e-16,2.9802322387695312e-08,1.1920928955078125e-07,1,0.9253124594688416,0.2490802928805351,0.7011986672878265,0.7713767848687021,2019-09-04 06:56:21.024,T39QXG,T39QXG,-0.9136401693252518,0.13616545681454267,-0.48302856753067297,11.21516393442623,0.4499216475,2.695327868852459
S2A_MSIL2A_20190825T065621_R063_T39QXG_20201005T043538_0000.jpg,S2A_MSIL2A_20190825T065621_R063_T39QXG_20201005T043538,2019-08-25 06:56:21.024000+00:00,2019-08,0.0466688647866249,0.9066040515899658,-0.1611194759607315,0.1034,1.04291,0.100123,25.22,-0.8660254037844384,-0.5000000000000004,0.0,1.788139343261719e-07,1,0.1859278976917266,0.1559150367975235,0.4405906796455383,0.6212190092692054,2019-08-25 06:56:21.024,T39QXG,T39QXG,-0.9854794612420763,0.018246831734443917,-0.99946614604018,10.086170212765957,0.10441927793,0.9683075435203095
S2A_MSIL2A_20190815T065631_R063_T39QXG_20201005T003451_0000.jpg,S2A_MSIL2A_20190815T065631_R063_T39QXG_20201005T003451,2019-08-15 06:56:31.024000+00:00,2019-08,0.0436918139457702,0.9187584519386292,-0.1516757309436798,0.0494,0.245151,0.100123,25.1883,-0.8660254037844384,-0.5000000000000004,1.4901161193847656e-08,5.960464477539065e-08,1,0.1859278976917266,0.1559150367975235,0.4405906796455383,0.704102279105143,2019-08-15 06:56:31.024,T39QXG,T39QXG,-1.3062730510763532,-0.6105663308754977,-0.99946614604018,4.96257085020243,0.024545253573,2.0267813765182185
S2B_MSIL2A_20190701T065629_R063_T39QXG_20201005T075203_0000.jpg,S2B_MSIL2A_20190701T065629_R063_T39QXG_20201005T075203,2019-07-01 06:56:29.024000+00:00,2019-07,0.0423934459686279,0.8929404616355896,-0.1705730110406875,0.05196,0.323953,0.071008,25.8267,-0.5000000000000001,-0.8660254037844386,1.4901161193847656e-08,1.788139343261719e-07,1,0.294698566198349,0.2423093318939209,0.3788272738456726,0.2609678503417251,2019-07-01 06:56:29.024,T39QXG,T39QXG,-1.2843308575990098,-0.4895179938714159,-1.1486927194480856,6.234661277906081,0.023003254623999998,1.3665896843725944
S2A_MSIL2A_20200928T065651_R063_T39QXG_20201001T020408_0000.jpg,S2A_MSIL2A_20200928T065651_R063_T39QXG_20201001T020408,2020-09-28 06:56:51.024000+00:00,2020-09,0.0455934405326843,0.8877847194671631,-0.1791176795959472,0.0973333,0.944467,0.299165,26.46,-1.0,-1.8369701987210294e-16,0.0,1.1920928955078125e-07,1,0.6863490343093872,0.1930155158042907,0.3935008347034454,0.520781758537698,2020-09-28 06:56:51.024,T39QXG,T39QXG,-1.0117385520022566,-0.024813211874786547,-0.5240892169439109,9.703431405284727,0.282551470055,3.0736140663061873
S2B_MSIL2A_20200923T065629_R063_T39QXG_20201028T044418_0000.jpg,S2B_MSIL2A_20200923T065629_R063_T39QXG_20201028T044418,2020-09-23 06:56:29.024000+00:00,2020-09,0.043390154838562,0.8780834674835205,-0.1831856071949005,0.0973333,0.944467,0.299165,26.46,-1.0,-1.8369701987210294e-16,2.9802322387695312e-08,1.1920928955078125e-07,1,0.6863490343093872,0.1930155158042907,0.3935008347034454,0.4741403777498101,2020-09-23 06:56:29.024,T39QXG,T39QXG,-1.0117385520022566,-0.024813211874786547,-0.5240892169439109,9.703431405284727,0.282551470055,3.0736140663061873
S2A_MSIL2A_20200918T065631_R063_T39QXG_20200921T101042_0000.jpg,S2A_MSIL2A_20200918T065631_R063_T39QXG_20200921T101042,2020-09-18 06:56:31.024000+00:00,2020-09,0.0443934425711631,0.8876389861106873,-0.1751758754253387,0.0772,0.607346,0.379405,26.2167,-1.0,-1.8369701987210294e-16,2.9802322387695312e-08,1.788139343261719e-07,1,0.6863490343093872,0.1930155158042907,0.3935008347034454,0.460652328387521,2020-09-18 06:56:31.024,T39QXG,T39QXG,-1.1123826996642638,-0.21656382444370503,-0.42089695004698446,7.867176165803109,0.23043010913,4.914572538860103
S2B_MSIL2A_20200913T065629_R063_T39QXG_20201027T093056_0000.jpg,S2B_MSIL2A_20200913T065629_R063_T39QXG_20201027T093056,2020-09-13 06:56:29.024000+00:00,2020-09,0.0402098670601844,0.8871074914932251,-0.1689699441194534,0.0772,0.607346,0.379405,26.2167,-1.0,-1.8369701987210294e-16,0.0,1.1920928955078125e-07,1,0.6863490343093872,0.1930155158042907,0.3935008347034454,0.4657104149801674,2020-09-13 06:56:29.024,T39QXG,T39QXG,-1.1123826996642638,-0.21656382444370503,-0.42089695004698446,7.867176165803109,0.23043010913,4.914572538860103
S2A_MSIL2A_20200908T065631_R063_T39QXG_20201027T154720_0000.jpg,S2A_MSIL2A_20200908T065631_R063_T39QXG_20201027T154720,2020-09-08 06:56:31.024000+00:00,2020-09,0.0471934303641319,0.9064619541168212,-0.1624307632446289,0.0476667,0.202416,0.219832,26.1883,-1.0,-1.8369701987210294e-16,0.0,1.1920928955078125e-07,0,0.6863490343093872,0.1930155158042907,0.3935008347034454,0.4732991275695747,2020-09-08 06:56:31.024,T39QXG,T39QXG,-1.321784913552272,-0.6937551616095493,-0.6579090889285533,4.246486540918503,0.044497514112,4.611856914785374
S2A_MSIL2A_20200730T065631_R063_T39QXG_20200818T030617_0000.jpg,S2A_MSIL2A_20200730T065631_R063_T39QXG_20200818T030617,2020-07-30 06:56:31.024000+00:00,2020-07,0.0457770600914955,0.9349774718284608,-0.1381731331348419,0.079,0.657256,0.549235,25.7583,-0.5000000000000001,-0.8660254037844386,1.4901161193847656e-08,0.0,1,0.4597494304180145,0.3252763450145721,0.3841619491577148,0.6230043024444036,2020-07-30 06:56:31.024,T39QXG,T39QXG,-1.1023729087095586,-0.18226544058866315,-0.2602417951378743,8.319696202531645,0.36098799916,6.952341772151899
S2B_MSIL2A_20200725T065629_R063_T39QXG_20200817T124238_0000.jpg,S2B_MSIL2A_20200725T065629_R063_T39QXG_20200817T124238,2020-07-25 06:56:29.024000+00:00,2020-07,0.0452459082007408,0.949450433254242,-0.1251183450222015,0.0662,0.349124,0.136407,25.795,-0.5000000000000001,-0.8660254037844386,1.4901161193847656e-08,5.960464477539065e-08,0,0.4597494304180145,0.3252763450145721,0.3841619491577148,0.6634760492013403,2020-07-25 06:56:29.024,T39QXG,T39QXG,-1.1791420105603,-0.4570202952439751,-0.865163342411442,5.273776435045318,0.047622957468,2.0605287009063447
S2B_MSIL2A_20200715T065629_R063_T39QXG_20200919T085206_0000.jpg,S2B_MSIL2A_20200715T065629_R063_T39QXG_20200919T085206,2020-07-15 06:56:29.024000+00:00,2020-07,0.0415606498718261,0.9157006740570068,-0.149097666144371,0.0574667,0.258787,0.0878551,26.055,-0.5000000000000001,-0.8660254037844386,1.4901161193847656e-08,1.1920928955078125e-07,0,0.4597494304180145,0.3252763450145721,0.3841619491577148,0.5414844062801689,2020-07-15 06:56:29.024,T39QXG,T39QXG,-1.240583741320089,-0.5870575439618754,-1.0562330225856607,4.503251448230018,0.0227357577637,1.5288001573084935
S2A_MSIL2A_20200710T065631_R063_T39QXG_20200912T162127_0000.jpg,S2A_MSIL2A_20200710T065631_R063_T39QXG_20200912T162127,2020-07-10 06:56:31.024000+00:00,2020-07,0.0433180332183837,0.9093058109283448,-0.1558618694543838,0.0619667,0.365672,0.136407,26.31,-0.5000000000000001,-0.8660254037844386,1.4901161193847656e-08,2.384185791015625e-07,0,0.4597494304180145,0.3252763450145721,0.3841619491577148,0.4958884768771762,2020-07-10 06:56:31.024,T39QXG,T39QXG,-1.207841631330569,-0.43690829290517313,-0.865163342411442,5.901104948302879,0.049880220504,2.201295211783103
S2A_MSIL2A_20200630T065631_R063_T39QXG_20200824T160716_0000.jpg,S2A_MSIL2A_20200630T065631_R063_T39QXG_20200824T160716,2020-06-30 06:56:31.024000+00:00,2020-06,0.0442426428198814,0.896254301071167,-0.1694410592317581,0.0608667,0.417303,0.16206,26.6833,1.2246467991473532e-16,-1.0,0.0,1.788139343261719e-07,1,0.9655658304691316,0.2322789691388607,0.4972379505634308,0.4140980558464754,2020-06-30 06:56:31.024,T39QXG,T39QXG,-1.2156202436821912,-0.37954849312494954,-0.7903241654289055,6.856014865271158,0.06762812418,2.6625396152576037
S2B_MSIL2A_20210928T065649_R063_T39QXG_20210929T000956_0000.jpg,S2B_MSIL2A_20210928T065649_R063_T39QXG_20210929T000956,2021-09-28 06:56:49.024000+00:00,2021-09,0.0381704866886138,0.901161015033722,-0.1571357548236847,0.069,0.498898,0.324155,26.2362,-1.0,-1.8369701987210294e-16,2.9802322387695312e-08,1.1920928955078125e-07,1,0.7133057117462158,0.2457146346569061,0.4348998367786407,0.6279809496343469,2021-09-28 06:56:49.024,T39QXG,T39QXG,-1.1611509092627446,-0.30198823707245354,-0.48924727513878136,7.230405797101449,0.16172028119,4.697898550724638
S2A_MSIL2A_20210923T065631_R063_T39QXG_20210924T013326_0000.jpg,S2A_MSIL2A_20210923T065631_R063_T39QXG_20210924T013326,2021-09-23 06:56:31.024000+00:00,2021-09,0.0394098535180091,0.8708190321922302,-0.1842517852783203,0.069,0.498898,0.324155,26.2362,-1.0,-1.8369701987210294e-16,0.0,5.960464477539065e-08,1,0.7133057117462158,0.2457146346569061,0.4348998367786407,0.5960071391793947,2021-09-23 06:56:31.024,T39QXG,T39QXG,-1.1611509092627446,-0.30198823707245354,-0.48924727513878136,7.230405797101449,0.16172028119,4.697898550724638
S2B_MSIL2A_20210918T065619_R063_T39QXG_20210918T182437_0000.jpg,S2B_MSIL2A_20210918T065619_R063_T39QXG_20210918T182437,2021-09-18 06:56:19.024000+00:00,2021-09,0.0412130951881408,0.90558123588562,-0.1580696403980255,0.0863333,0.761699,0.0376767,26.3917,-1.0,-1.8369701987210294e-16,2.9802322387695312e-08,1.788139343261719e-07,1,0.7133057117462158,0.2457146346569061,0.4348998367786407,0.6568089086803692,2021-09-18 06:56:19.024,T39QXG,T39QXG,-1.0638216583197102,-0.11821661457172887,-1.4239271428895706,8.822771746243918,0.0286983047133,0.4364098210076529
S2A_MSIL2A_20210913T065621_R063_T39QXG_20210913T211924_0000.jpg,S2A_MSIL2A_20210913T065621_R063_T39QXG_20210913T211924,2021-09-13 06:56:21.024000+00:00,2021-09,0.0492262244224548,0.9547759890556335,-0.1293662637472152,0.0524,0.219145,0.243207,26.4733,-1.0,-1.8369701987210294e-16,0.0,1.1920928955078125e-07,0,0.7133057117462158,0.2457146346569061,0.4348998367786407,0.5430893799594269,2021-09-13 06:56:21.024,T39QXG,T39QXG,-1.2806687130162733,-0.6592684337354676,-0.6140239293268385,4.1821564885496185,0.053297598015,4.641354961832061
S2B_MSIL2A_20210908T065619_R063_T39QXG_20210908T213712_0000.jpg,S2B_MSIL2A_20210908T065619_R063_T39QXG_20210908T213712,2021-09-08 06:56:19.024000+00:00,2021-09,0.0401180014014244,0.9021634459495544,-0.1573083698749542,0.0524,0.219145,0.243207,26.4733,-1.0,-1.8369701987210294e-16,2.9802322387695312e-08,1.1920928955078125e-07,0,0.7133057117462158,0.2457146346569061,0.4348998367786407,0.5347499491002734,2021-09-08 06:56:19.024,T39QXG,T39QXG,-1.2806687130162733,-0.6592684337354676,-0.6140239293268385,4.1821564885496185,0.053297598015,4.641354961832061
S2A_MSIL2A_20210903T065621_R063_T39QXG_20210903T164501_0000.jpg,S2A_MSIL2A_20210903T065621_R063_T39QXG_20210903T164501,2021-09-03 06:56:21.024000+00:00,2021-09,0.0475147739052772,0.9252168536186218,-0.1482071727514267,0.0554667,0.221893,0.16818,26.1433,-1.0,-1.8369701987210294e-16,0.0,1.1920928955078125e-07,0,0.7133057117462158,0.2457146346569061,0.4348998367786407,0.4869381581964915,2021-09-03 06:56:21.024,T39QXG,T39QXG,-1.2559676717707557,-0.6538563981254717,-0.7742256518560703,4.000472355485363,0.03731796474,3.032089523984661
S2B_MSIL2A_20210829T065619_R063_T39QXG_20210829T203957_0000.jpg,S2B_MSIL2A_20210829T065619_R063_T39QXG_20210829T203957,2021-08-29 06:56:19.024000+00:00,2021-08,0.044950820505619,0.9159308075904846,-0.1530115604400634,0.0554667,0.221893,0.16818,26.1433,-0.8660254037844384,-0.5000000000000004,0.0,5.960464477539065e-08,0,0.5055291652679443,0.2209579199552536,0.4078102111816406,0.5461831200898313,2021-08-29 06:56:19.024,T39QXG,T39QXG,-1.2559676717707557,-0.6538563981254717,-0.7742256518560703,4.000472355485363,0.03731796474,3.032089523984661
S2A_MSIL2A_20210824T065621_R063_T39QXG_20210824T155101_0000.jpg,S2A_MSIL2A_20210824T065621_R063_T39QXG_20210824T155101,2021-08-24 06:56:21.024000+00:00,2021-08,0.0465967431664466,0.9249182343482972,-0.1470452100038528,0.0496,0.191344,0.15645,25.9283,-0.8660254037844384,-0.5000000000000004,0.0,0.0,0,0.5055291652679443,0.2209579199552536,0.4078102111816406,0.557576977359784,2021-08-24 06:56:21.024,T39QXG,T39QXG,-1.3045183235098026,-0.7181851514574892,-0.8056244325177879,3.8577419354838707,0.0299357688,3.154233870967742
S2B_MSIL2A_20210819T065619_R063_T39QXG_20210819T181500_0000.jpg,S2B_MSIL2A_20210819T065619_R063_T39QXG_20210819T181500,2021-08-19 06:56:19.024000+00:00,2021-08,0.0410950779914855,0.8972957134246826,-0.1611744612455368,0.0496,0.128509,0.16818,24.8367,-0.8660254037844384,-0.5000000000000004,0.0,1.788139343261719e-07,0,0.5055291652679443,0.2209579199552536,0.4078102111816406,0.4440497087198927,2021-08-19 06:56:19.024,T39QXG,T39QXG,-1.3045183235098026,-0.8910664558854904,-0.7742256518560703,2.5909072580645165,0.02161264362,3.390725806451613
S2A_MSIL2A_20210814T065631_R063_T39QXG_20210814T183828_0000.jpg,S2A_MSIL2A_20210814T065631_R063_T39QXG_20210814T183828,2021-08-14 06:56:31.024000+00:00,2021-08,0.0505704879760742,0.9285696148872375,-0.1530180871486663,0.0496,0.128509,0.16818,24.8367,-0.8660254037844384,-0.5000000000000004,0.0,1.1920928955078125e-07,0,0.5055291652679443,0.2209579199552536,0.4078102111816406,0.6066184437050547,2021-08-14 06:56:31.024,T39QXG,T39QXG,-1.3045183235098026,-0.8910664558854904,-0.7742256518560703,2.5909072580645165,0.02161264362,3.390725806451613
S2A_MSIL2A_20210804T065631_R063_T39QXG_20210804T174443_0000.jpg,S2A_MSIL2A_20210804T065631_R063_T39QXG_20210804T174443,2021-08-04 06:56:31.024000+00:00,2021-08,0.044314719736576,0.8905991911888123,-0.1743947714567184,0.1158,1.25599,0.1862,25.6675,-0.8660254037844384,-0.5000000000000004,2.9802322387695312e-08,5.960464477539065e-08,1,0.5055291652679443,0.2209579199552536,0.4078102111816406,0.5413863479546878,2021-08-04 06:56:31.024,T39QXG,T39QXG,-0.9362914406085826,0.09898618162879838,-0.7300203233546761,10.846200345423142,0.233865338,1.607944732297064
S2B_MSIL2A_20210730T065629_R063_T39QXG_20210730T184548_0000.jpg,S2B_MSIL2A_20210730T065629_R063_T39QXG_20210730T184548,2021-07-30 06:56:29.024000+00:00,2021-07,0.0426426157355308,0.8977594971656799,-0.1609268337488174,0.1158,1.25599,0.1862,25.6675,-0.5000000000000001,-0.8660254037844386,0.0,0.0,1,0.1284322291612625,0.2288760393857955,0.4270548522472381,0.4694210710144492,2021-07-30 06:56:29.024,T39QXG,T39QXG,-0.9362914406085826,0.09898618162879838,-0.7300203233546761,10.846200345423142,0.233865338,1.607944732297064
S2A_MSIL2A_20210725T065631_R063_T39QXG_20210726T051413_0000.jpg,S2A_MSIL2A_20210725T065631_R063_T39QXG_20210726T051413,2021-07-25 06:56:31.024000+00:00,2021-07,0.0488065481185913,0.9388868808746338,-0.1369273960590362,0.0744,0.575363,0.0993299,26.3933,-0.5000000000000001,-0.8660254037844386,2.9802322387695312e-08,1.1920928955078125e-07,0,0.1284322291612625,0.2288760393857955,0.4270548522472381,0.5869706987662925,2021-07-25 06:56:31.024,T39QXG,T39QXG,-1.1284270644541214,-0.24005806982228722,-1.0029200017523712,7.7333736559139785,0.05715074925369999,1.3350793010752688
S2B_MSIL2A_20210720T065629_R063_T39QXG_20210720T171952_0000.jpg,S2B_MSIL2A_20210720T065629_R063_T39QXG_20210720T171952,2021-07-20 06:56:29.024000+00:00,2021-07,0.0492786765098571,0.9628384113311768,-0.1184482648968696,0.0744,0.575363,0.0993299,26.3933,-0.5000000000000001,-0.8660254037844386,7.450580596923828e-09,1.788139343261719e-07,0,0.1284322291612625,0.2288760393857955,0.4270548522472381,0.6930636317845276,2021-07-20 06:56:29.024,T39QXG,T39QXG,-1.1284270644541214,-0.24005806982228722,-1.0029200017523712,7.7333736559139785,0.05715074925369999,1.3350793010752688
S2B_MSIL2A_20210630T065629_R063_T39QXG_20210701T040612_0000.jpg,S2B_MSIL2A_20210630T065629_R063_T39QXG_20210701T040612,2021-06-30 06:56:29.024000+00:00,2021-06,0.0405311360955238,0.9199657440185548,-0.1408806145191192,0.0588,0.40209,0.38544,27.0,1.2246467991473532e-16,-1.0,2.9802322387695312e-08,0.0,1,0.2572808265686035,0.2673304975032806,0.4329056441783905,0.4767065578616701,2021-06-30 06:56:29.024,T39QXG,T39QXG,-1.2306226739238615,-0.39567672768998424,-0.41404321734573185,6.838265306122449,0.1549815696,6.555102040816327
S2A_MSIL2A_20220928T065651_R063_T39QXG_20240730T192859_0000.jpg,S2A_MSIL2A_20220928T065651_R063_T39QXG_20240730T192859,2022-09-28 06:56:51.024000+00:00,2022-09,0.0439606308937072,0.8943564891815186,-0.150552362203598,0.0947,0.90228,0.405033,26.435,-1.0,-1.8369701987210294e-16,0.0,1.1920928955078125e-07,1,0.9422853589057922,0.1419287770986557,0.4417062997817993,0.3050331569356711,2022-09-28 06:56:51.024,T39QXG,T39QXG,-1.0236500209967265,-0.04465866912674708,-0.39250959126915935,9.527771911298837,0.36545317524,4.277011615628299
S2A_MSIL2A_20220928T065651_R063_T39QXG_20220928T234907_0000.jpg,S2A_MSIL2A_20220928T065651_R063_T39QXG_20220928T234907,2022-09-28 06:56:51.024000+00:00,2022-09,0.0398294925689697,0.8932459354400635,-0.1497225761413574,0.0947,0.90228,0.405033,26.435,-1.0,-1.8369701987210294e-16,0.0,1.788139343261719e-07,1,0.9422853589057922,0.1419287770986557,0.4417062997817993,0.4034366927949144,2022-09-28 06:56:51.024,T39QXG,T39QXG,-1.0236500209967265,-0.04465866912674708,-0.39250959126915935,9.527771911298837,0.36545317524,4.277011615628299
S2B_MSIL2A_20220923T065629_R063_T39QXG_20240725T151945_0000.jpg,S2B_MSIL2A_20220923T065629_R063_T39QXG_20240725T151945,2022-09-23 06:56:29.024000+00:00,2022-09,0.0521048903465271,0.9199028611183168,-0.1369349807500839,0.0947,0.90228,0.405033,26.435,-1.0,-1.8369701987210294e-16,1.4901161193847656e-08,1.1920928955078125e-07,1,0.9422853589057922,0.1419287770986557,0.4417062997817993,0.2120927849309025,2022-09-23 06:56:29.024,T39QXG,T39QXG,-1.0236500209967265,-0.04465866912674708,-0.39250959126915935,9.527771911298837,0.36545317524,4.277011615628299
S2B_MSIL2A_20220923T065629_R063_T39QXG_20220924T000152_0000.jpg,S2B_MSIL2A_20220923T065629_R063_T39QXG_20220924T000152,2022-09-23 06:56:29.024000+00:00,2022-09,0.0467869043350219,0.918565034866333,-0.136615976691246,0.0947,0.90228,0.405033,26.435,-1.0,-1.8369701987210294e-16,0.0,1.788139343261719e-07,1,0.9422853589057922,0.1419287770986557,0.4417062997817993,0.3321287840262842,2022-09-23 06:56:29.024,T39QXG,T39QXG,-1.0236500209967265,-0.04465866912674708,-0.39250959126915935,9.527771911298837,0.36545317524,4.277011615628299
S2A_MSIL2A_20220918T065631_R063_T39QXG_20240729T142658_0000.jpg,S2A_MSIL2A_20220918T065631_R063_T39QXG_20240729T142658,2022-09-18 06:56:31.024000+00:00,2022-09,0.0542032718658447,0.9185397624969482,-0.142757773399353,0.0878667,0.785583,0.120835,25.8783,-1.0,-1.8369701987210294e-16,0.0,1.788139343261719e-07,0,0.9422853589057922,0.1419287770986557,0.4417062997817993,0.2049206886827196,2022-09-18 06:56:31.024,T39QXG,T39QXG,-1.0561756840426069,-0.10480792324309735,-0.9178072535852458,8.940622556668226,0.09492592180500001,1.375208127766264
S2A_MSIL2A_20220918T065631_R063_T39QXG_20220919T032927_0000.jpg,S2A_MSIL2A_20220918T065631_R063_T39QXG_20220919T032927,2022-09-18 06:56:31.024000+00:00,2022-09,0.0488721132278442,0.9167745113372804,-0.1422154754400253,0.0878667,0.785583,0.120835,25.8783,-1.0,-1.8369701987210294e-16,1.4901161193847656e-08,1.788139343261719e-07,0,0.9422853589057922,0.1419287770986557,0.4417062997817993,0.3139727497817222,2022-09-18 06:56:31.024,T39QXG,T39QXG,-1.0561756840426069,-0.10480792324309735,-0.9178072535852458,8.940622556668226,0.09492592180500001,1.375208127766264
S2B_MSIL2A_20220913T065629_R063_T39QXG_20240726T171436_0000.jpg,S2B_MSIL2A_20220913T065629_R063_T39QXG_20240726T171436,2022-09-13 06:56:29.024000+00:00,2022-09,0.0479803085327148,0.89310622215271,-0.1559755802154541,0.0616,0.402946,0.16971,24.8483,-1.0,-1.8369701987210294e-16,0.0,1.1920928955078125e-07,0,0.9422853589057922,0.1419287770986557,0.4417062997817993,0.189314893715854,2022-09-13 06:56:29.024,T39QXG,T39QXG,-1.2104192878355746,-0.3947531510633133,-0.7702925665399284,6.541331168831169,0.06838396566,2.7550324675324673
S2B_MSIL2A_20220913T065629_R063_T39QXG_20220913T171218_0000.jpg,S2B_MSIL2A_20220913T065629_R063_T39QXG_20220913T171218,2022-09-13 06:56:29.024000+00:00,2022-09,0.0446491837501525,0.8933236598968506,-0.1553151756525039,0.0616,0.402946,0.16971,24.8483,-1.0,-1.8369701987210294e-16,0.0,1.1920928955078125e-07,0,0.9422853589057922,0.1419287770986557,0.4417062997817993,0.2615766750731101,2022-09-13 06:56:29.024,T39QXG,T39QXG,-1.2104192878355746,-0.3947531510633133,-0.7702925665399284,6.541331168831169,0.06838396566,2.7550324675324673
S2A_MSIL2A_20220908T065631_R063_T39QXG_20220911T052036_0000.jpg,S2A_MSIL2A_20220908T065631_R063_T39QXG_20220911T052036,2022-09-08 06:56:31.024000+00:00,2022-09,0.057357370853424,0.92901873588562,-0.1399927139282226,0.0616,0.402946,0.16971,24.8483,-1.0,-1.8369701987210294e-16,0.0,1.1920928955078125e-07,0,0.9422853589057922,0.1419287770986557,0.4417062997817993,0.1619015447669666,2022-09-08 06:56:31.024,T39QXG,T39QXG,-1.2104192878355746,-0.3947531510633133,-0.7702925665399284,6.541331168831169,0.06838396566,2.7550324675324673
S2B_MSIL2A_20220903T065629_R063_T39QXG_20220903T175254_0000.jpg,S2B_MSIL2A_20220903T065629_R063_T39QXG_20220903T175254,2022-09-03 06:56:29.024000+00:00,2022-09,0.0462819933891296,0.9109144806861876,-0.1406081020832061,0.0504,0.261826,0.16971,25.2417,-1.0,-1.8369701987210294e-16,1.4901161193847656e-08,0.0,0,0.9422853589057922,0.1419287770986557,0.4417062997817993,0.2078508141691596,2022-09-03 06:56:29.024,T39QXG,T39QXG,-1.2975694635544748,-0.5819872290768384,-0.7702925665399284,5.194960317460318,0.04443449046,3.3672619047619046
S2A_MSIL2A_20220829T065641_R063_T39QXG_20240718T033121_0000.jpg,S2A_MSIL2A_20220829T065641_R063_T39QXG_20240718T033121,2022-08-29 06:56:41.024000+00:00,2022-08,0.0516786575317382,0.9166153073310852,-0.1398289501667022,0.0504,0.261826,0.35977,25.2417,-0.8660254037844384,-0.5000000000000004,1.4901161193847656e-08,1.1920928955078125e-07,0,0.1177898123860359,0.229736641049385,0.4533597826957702,0.143340843422288,2022-08-29 06:56:41.024,T39QXG,T39QXG,-1.2975694635544748,-0.5819872290768384,-0.44397505382442287,5.194960317460318,0.09419714002,7.13829365079365
S2A_MSIL2A_20220829T065641_R063_T39QXG_20220830T225205_0000.jpg,S2A_MSIL2A_20220829T065641_R063_T39QXG_20220830T225205,2022-08-29 06:56:41.024000+00:00,2022-08,0.0480458736419677,0.9154465198516846,-0.1398549377918243,0.0504,0.261826,0.35977,25.2417,-0.8660254037844384,-0.5000000000000004,1.4901161193847656e-08,1.788139343261719e-07,0,0.1177898123860359,0.229736641049385,0.4533597826957702,0.2030812046139959,2022-08-29 06:56:41.024,T39QXG,T39QXG,-1.2975694635544748,-0.5819872290768384,-0.44397505382442287,5.194960317460318,0.09419714002,7.13829365079365
S2B_MSIL2A_20220824T065619_R063_T39QXG_20220825T015302_0000.jpg,S2B_MSIL2A_20220824T065619_R063_T39QXG_20220825T015302,2022-08-24 06:56:19.024000+00:00,2022-08,0.0535999536514282,0.9368657469749452,-0.1223261058330535,0.069,0.474183,0.132905,25.2333,-0.8660254037844384,-0.5000000000000004,2.2351741790771484e-08,0.0,0,0.1177898123860359,0.229736641049385,0.4533597826957702,0.140705143113501,2022-08-24 06:56:19.024,T39QXG,T39QXG,-1.1611509092627446,-0.3240540200299845,-0.8764586802193246,6.872217391304347,0.063021291615,1.9261594202898549
S2A_MSIL2A_20220819T065641_R063_T39QXG_20240720T015827_0000.jpg,S2A_MSIL2A_20220819T065641_R063_T39QXG_20240720T015827,2022-08-19 06:56:41.024000+00:00,2022-08,0.0558688640594482,0.9286548495292664,-0.1334230750799179,0.104,1.05633,0.35977,25.4033,-0.8660254037844384,-0.5000000000000004,1.4901161193847656e-08,1.1920928955078125e-07,1,0.1177898123860359,0.229736641049385,0.4533597826957702,0.1920381787552024,2022-08-19 06:56:41.024,T39QXG,T39QXG,-0.9829666607012196,0.023799614022019803,-0.44397505382442287,10.157019230769231,0.38003584409999996,3.4593269230769232
S2A_MSIL2A_20220819T065641_R063_T39QXG_20220819T215726_0000.jpg,S2A_MSIL2A_20220819T065641_R063_T39QXG_20220819T215726,2022-08-19 06:56:41.024000+00:00,2022-08,0.0533967018127441,0.9276869297027588,-0.1338471174240112,0.104,1.05633,0.35977,25.4033,-0.8660254037844384,-0.5000000000000004,0.0,1.1920928955078125e-07,1,0.1177898123860359,0.229736641049385,0.4533597826957702,0.2436174047624806,2022-08-19 06:56:41.024,T39QXG,T39QXG,-0.9829666607012196,0.023799614022019803,-0.44397505382442287,10.157019230769231,0.38003584409999996,3.4593269230769232
S2B_MSIL2A_20220814T065629_R063_T39QXG_20240704T011425_0000.jpg,S2B_MSIL2A_20220814T065629_R063_T39QXG_20240704T011425,2022-08-14 06:56:29.024000+00:00,2022-08,0.0400721430778503,1.0251837968826294,-0.0188679359853267,0.104,1.05633,0.35977,25.4033,-0.8660254037844384,-0.5000000000000004,1.862645149230957e-09,1.1920928955078125e-07,1,0.1177898123860359,0.229736641049385,0.4533597826957702,0.2035679548267583,2022-08-14 06:56:29.024,T39QXG,T39QXG,-0.9829666607012196,0.023799614022019803,-0.44397505382442287,10.157019230769231,0.38003584409999996,3.4593269230769232
S2B_MSIL2A_20220814T065629_R063_T39QXG_20220814T151723_0000.jpg,S2B_MSIL2A_20220814T065629_R063_T39QXG_20220814T151723,2022-08-14 06:56:29.024000+00:00,2022-08,0.0413639545440673,0.9677202701568604,-0.0793969184160232,0.104,1.05633,0.35977,25.4033,-0.8660254037844384,-0.5000000000000004,0.0,1.1920928955078125e-07,1,0.1177898123860359,0.229736641049385,0.4533597826957702,0.3008547025507225,2022-08-14 06:56:29.024,T39QXG,T39QXG,-0.9829666607012196,0.023799614022019803,-0.44397505382442287,10.157019230769231,0.38003584409999996,3.4593269230769232
S2B_MSIL2A_20230928T065649_R063_T39QXG_20241102T043937_0000.jpg,S2B_MSIL2A_20230928T065649_R063_T39QXG_20241102T043937,2023-09-28 06:56:49.024000+00:00,2023-09,0.0448328256607055,0.8975924849510193,-0.1440459936857223,0.0725,0.542174,0.336778,27.0817,-1.0,-1.8369701987210294e-16,0.0,0.0,1,0.4849143028259278,0.3039220571517944,0.5406022220849991,0.1893448843905689,2023-09-28 06:56:49.024,T39QXG,T39QXG,-1.1396619934290064,-0.26586131288476844,-0.4726562865033498,7.478262068965519,0.18259227537200004,4.645213793103449
S2B_MSIL2A_20230928T065649_R063_T39QXG_20230928T122354_0000.jpg,S2B_MSIL2A_20230928T065649_R063_T39QXG_20230928T122354,2023-09-28 06:56:49.024000+00:00,2023-09,0.0399672389030456,0.8975775241851807,-0.1433639675378799,0.0725,0.542174,0.336778,27.0817,-1.0,-1.8369701987210294e-16,0.0,2.384185791015625e-07,1,0.4849143028259278,0.3039220571517944,0.5406022220849991,0.3002077820930929,2023-09-28 06:56:49.024,T39QXG,T39QXG,-1.1396619934290064,-0.26586131288476844,-0.4726562865033498,7.478262068965519,0.18259227537200004,4.645213793103449
S2A_MSIL2A_20230923T065621_R063_T39QXG_20241028T071613_0000.jpg,S2A_MSIL2A_20230923T065621_R063_T39QXG_20241028T071613,2023-09-23 06:56:21.024000+00:00,2023-09,0.0586163997650146,0.930177628993988,-0.1334204524755478,0.0725,0.542174,0.336778,27.0817,-1.0,-1.8369701987210294e-16,0.0,5.960464477539065e-08,1,0.4849143028259278,0.3039220571517944,0.5406022220849991,0.1120631848219328,2023-09-23 06:56:21.024,T39QXG,T39QXG,-1.1396619934290064,-0.26586131288476844,-0.4726562865033498,7.478262068965519,0.18259227537200004,4.645213793103449
S2A_MSIL2A_20230923T065621_R063_T39QXG_20230923T121348_0000.jpg,S2A_MSIL2A_20230923T065621_R063_T39QXG_20230923T121348,2023-09-23 06:56:21.024000+00:00,2023-09,0.0562622547149658,0.9366673827171326,-0.1314940154552459,0.0725,0.542174,0.336778,27.0817,-1.0,-1.8369701987210294e-16,2.9802322387695312e-08,1.1920928955078125e-07,1,0.4849143028259278,0.3039220571517944,0.5406022220849991,0.1836467201626427,2023-09-23 06:56:21.024,T39QXG,T39QXG,-1.1396619934290064,-0.26586131288476844,-0.4726562865033498,7.478262068965519,0.18259227537200004,4.645213793103449
S2B_MSIL2A_20230918T065629_R063_T39QXG_20241025T081232_0000.jpg,S2B_MSIL2A_20230918T065629_R063_T39QXG_20241025T081232,2023-09-18 06:56:29.024000+00:00,2023-09,0.0542623400688171,0.9463452696800232,-0.1034676954150199,0.068,0.475,0.203455,26.6917,-1.0,-1.8369701987210294e-16,1.4901161193847656e-08,5.960464477539065e-08,0,0.4849143028259278,0.3039220571517944,0.5406022220849991,0.0676273461669999,2023-09-18 06:56:29.024,T39QXG,T39QXG,-1.1674910872937636,-0.3233063903751334,-0.6915316326933363,6.985294117647058,0.096641125,2.991985294117647
S2B_MSIL2A_20230918T065629_R063_T39QXG_20230918T153259_0000.jpg,S2B_MSIL2A_20230918T065629_R063_T39QXG_20230918T153259,2023-09-18 06:56:29.024000+00:00,2023-09,0.0442819595336914,0.9084665775299072,-0.1394110769033432,0.068,0.475,0.203455,26.6917,-1.0,-1.8369701987210294e-16,1.4901161193847656e-08,1.788139343261719e-07,0,0.4849143028259278,0.3039220571517944,0.5406022220849991,0.2510095073671257,2023-09-18 06:56:29.024,T39QXG,T39QXG,-1.1674910872937636,-0.3233063903751334,-0.6915316326933363,6.985294117647058,0.096641125,2.991985294117647
S2A_MSIL2A_20230913T065631_R063_T39QXG_20241027T165012_0000.jpg,S2A_MSIL2A_20230913T065631_R063_T39QXG_20241027T165012,2023-09-13 06:56:31.024000+00:00,2023-09,0.057127833366394,0.9258814454078674,-0.1358104795217514,0.0688,0.498617,0.349825,26.2883,-1.0,-1.8369701987210294e-16,0.0,1.788139343261719e-07,1,0.4849143028259278,0.3039220571517944,0.5406022220849991,0.1183622583456351,2023-09-13 06:56:31.024,T39QXG,T39QXG,-1.1624115617644888,-0.30223291861136353,-0.45614915719558863,7.247340116279069,0.174428692025,5.084665697674419
S2A_MSIL2A_20230913T065631_R063_T39QXG_20230913T132300_0000.jpg,S2A_MSIL2A_20230913T065631_R063_T39QXG_20230913T132300,2023-09-13 06:56:31.024000+00:00,2023-09,0.0515475273132324,0.9244908690452576,-0.1362651735544204,0.0688,0.498617,0.349825,26.2883,-1.0,-1.8369701987210294e-16,1.4901161193847656e-08,0.0,1,0.4849143028259278,0.3039220571517944,0.5406022220849991,0.2127146211919325,2023-09-13 06:56:31.024,T39QXG,T39QXG,-1.1624115617644888,-0.30223291861136353,-0.45614915719558863,7.247340116279069,0.174428692025,5.084665697674419
S2B_MSIL2A_20230908T065629_R063_T39QXG_20241023T151834_0000.jpg,S2B_MSIL2A_20230908T065629_R063_T39QXG_20241023T151834,2023-09-08 06:56:29.024000+00:00,2023-09,0.0492852330207824,0.9061773419380188,-0.1432307511568069,0.0688,0.498617,0.349825,26.2883,-1.0,-1.8369701987210294e-16,0.0,1.1920928955078125e-07,1,0.4849143028259278,0.3039220571517944,0.5406022220849991,0.1633598755754688,2023-09-08 06:56:29.024,T39QXG,T39QXG,-1.1624115617644888,-0.30223291861136353,-0.45614915719558863,7.247340116279069,0.174428692025,5.084665697674419
S2B_MSIL2A_20230908T065629_R063_T39QXG_20230908T143733_0000.jpg,S2B_MSIL2A_20230908T065629_R063_T39QXG_20230908T143733,2023-09-08 06:56:29.024000+00:00,2023-09,0.0454033017158508,0.9047022461891174,-0.143555611371994,0.0688,0.498617,0.349825,26.2883,-1.0,-1.8369701987210294e-16,1.4901161193847656e-08,1.1920928955078125e-07,1,0.4849143028259278,0.3039220571517944,0.5406022220849991,0.2355708745579617,2023-09-08 06:56:29.024,T39QXG,T39QXG,-1.1624115617644888,-0.30223291861136353,-0.45614915719558863,7.247340116279069,0.174428692025,5.084665697674419
S2A_MSIL2A_20230903T065631_R063_T39QXG_20241030T165920_0000.jpg,S2A_MSIL2A_20230903T065631_R063_T39QXG_20241030T165920,2023-09-03 06:56:31.024000+00:00,2023-09,0.0591803193092346,0.9322319626808168,-0.1339791715145111,0.0654,0.464083,0.17532,26.0717,-1.0,-1.8369701987210294e-16,1.4901161193847656e-08,0.0,0,0.4849143028259278,0.3039220571517944,0.5406022220849991,0.1124609929963281,2023-09-03 06:56:31.024,T39QXG,T39QXG,-1.1844222516757328,-0.3334043400951169,-0.7561685380180784,7.0960703363914375,0.08136303156000001,2.6807339449541283
S2A_MSIL2A_20230903T065631_R063_T39QXG_20230903T134044_0000.jpg,S2A_MSIL2A_20230903T065631_R063_T39QXG_20230903T134044,2023-09-03 06:56:31.024000+00:00,2023-09,0.0564721226692199,0.9327507019042968,-0.1341806948184967,0.0654,0.464083,0.17532,26.0717,-1.0,-1.8369701987210294e-16,1.4901161193847656e-08,0.0,0,0.4849143028259278,0.3039220571517944,0.5406022220849991,0.1603888566487327,2023-09-03 06:56:31.024,T39QXG,T39QXG,-1.1844222516757328,-0.3334043400951169,-0.7561685380180784,7.0960703363914375,0.08136303156000001,2.6807339449541283
S2B_MSIL2A_20230829T065629_R063_T39QXG_20241017T113451_0000.jpg,S2B_MSIL2A_20230829T065629_R063_T39QXG_20241017T113451,2023-08-29 06:56:29.024000+00:00,2023-08,0.0451278686523437,0.9053878784179688,-0.1410999596118927,0.0654,0.464083,0.17532,26.0717,-0.8660254037844384,-0.5000000000000004,2.9802322387695312e-08,0.0,0,0.9309780299663544,0.2165360525250434,0.531738817691803,0.2104590533417611,2023-08-29 06:56:29.024,T39QXG,T39QXG,-1.1844222516757328,-0.3334043400951169,-0.7561685380180784,7.0960703363914375,0.08136303156000001,2.6807339449541283
S2B_MSIL2A_20230829T065629_R063_T39QXG_20230829T131134_0000.jpg,S2B_MSIL2A_20230829T065629_R063_T39QXG_20230829T131134,2023-08-29 06:56:29.024000+00:00,2023-08,0.0448655486106872,0.9055575728416444,-0.1404224932193756,0.0654,0.464083,0.17532,26.0717,-0.8660254037844384,-0.5000000000000004,1.4901161193847656e-08,5.960464477539065e-08,0,0.9309780299663544,0.2165360525250434,0.531738817691803,0.2102705741532141,2023-08-29 06:56:29.024,T39QXG,T39QXG,-1.1844222516757328,-0.3334043400951169,-0.7561685380180784,7.0960703363914375,0.08136303156000001,2.6807339449541283
S2A_MSIL2A_20230824T065631_R063_T39QXG_20241025T152112_0000.jpg,S2A_MSIL2A_20230824T065631_R063_T39QXG_20241025T152112,2023-08-24 06:56:31.024000+00:00,2023-08,0.0534950494766235,0.9272928833961488,-0.131490096449852,0.0974,0.952578,0.379235,26.765,-0.8660254037844384,-0.5000000000000004,1.4901161193847656e-08,1.1920928955078125e-07,1,0.9309780299663544,0.2165360525250434,0.531738817691803,0.1961941401089729,2023-08-24 06:56:31.024,T39QXG,T39QXG,-1.0114410431213845,-0.021099452835904708,-0.4210915879863479,9.78006160164271,0.36125091783,3.893583162217659
S2A_MSIL2A_20230824T065631_R063_T39QXG_20230824T150407_0000.jpg,S2A_MSIL2A_20230824T065631_R063_T39QXG_20230824T150407,2023-08-24 06:56:31.024000+00:00,2023-08,0.0491737723350524,0.9243735671043396,-0.1315416097640991,0.0974,0.952578,0.379235,26.765,-0.8660254037844384,-0.5000000000000004,0.0,0.0,1,0.9309780299663544,0.2165360525250434,0.531738817691803,0.2687075543667636,2023-08-24 06:56:31.024,T39QXG,T39QXG,-1.0114410431213845,-0.021099452835904708,-0.4210915879863479,9.78006160164271,0.36125091783,3.893583162217659
S2A_MSIL2A_20240927T065641_R063_T39QXG_20240927T112652_0000.jpg,S2A_MSIL2A_20240927T065641_R063_T39QXG_20240927T112652,2024-09-27 06:56:41.024000+00:00,2024-09,0.0465114712715148,0.920920193195343,-0.1305877268314361,0.0998667,0.988476,0.395725,26.7383,-1.0,-1.8369701987210294e-16,1.4901161193847656e-08,1.1920928955078125e-07,1,0.8774691820144653,0.2283721268177032,0.7517009079456329,0.6625316588112938,2024-09-27 06:56:41.024,T39QXG,T39QXG,-1.000579300734153,-0.005033870805644906,-0.40260651223313215,9.897953972645537,0.3911646651,3.962532055229621
S2B_MSIL2A_20240922T065619_R063_T39QXG_20240922T102739_0000.jpg,S2B_MSIL2A_20240922T065619_R063_T39QXG_20240922T102739,2024-09-22 06:56:19.024000+00:00,2024-09,0.045816421508789,0.9283435940742492,-0.1236194297671318,0.0998667,0.988476,0.395725,26.7383,-1.0,-1.8369701987210294e-16,1.4901161193847656e-08,1.1920928955078125e-07,1,0.8774691820144653,0.2283721268177032,0.7517009079456329,0.6580722498693315,2024-09-22 06:56:19.024,T39QXG,T39QXG,-1.000579300734153,-0.005033870805644906,-0.40260651223313215,9.897953972645537,0.3911646651,3.962532055229621
S2B_MSIL2A_20240912T065619_R063_T39QXG_20240912T130211_0000.jpg,S2B_MSIL2A_20240912T065619_R063_T39QXG_20240912T130211,2024-09-12 06:56:19.024000+00:00,2024-09,0.0417770743370056,0.9175702929496764,-0.1283344179391861,0.0524,0.335762,0.0666759,26.16,-1.0,-1.8369701987210294e-16,1.4901161193847656e-08,1.1920928955078125e-07,0,0.8774691820144653,0.2283721268177032,0.7517009079456329,0.4836936331408759,2024-09-12 06:56:19.024,T39QXG,T39QXG,-1.2806687130162733,-0.47396845687025924,-1.1760311134349257,6.4076717557251905,0.022387233535799998,1.2724408396946563
S2A_MSIL2A_20240907T065621_R063_T39QXG_20240907T115459_0000.jpg,S2A_MSIL2A_20240907T065621_R063_T39QXG_20240907T115459,2024-09-07 06:56:21.024000+00:00,2024-09,0.0418164134025573,0.9200246334075928,-0.1271526962518692,0.0524,0.335762,0.0666759,26.16,-1.0,-1.8369701987210294e-16,0.0,1.1920928955078125e-07,0,0.8774691820144653,0.2283721268177032,0.7517009079456329,0.4780828441078014,2024-09-07 06:56:21.024,T39QXG,T39QXG,-1.2806687130162733,-0.47396845687025924,-1.1760311134349257,6.4076717557251905,0.022387233535799998,1.2724408396946563
S2B_MSIL2A_20240902T065629_R063_T39QXG_20240902T111143_0000.jpg,S2B_MSIL2A_20240902T065629_R063_T39QXG_20240902T111143,2024-09-02 06:56:29.024000+00:00,2024-09,0.0341311693191528,0.9911698698997498,-0.0471494384109973,0.069,0.491461,0.39564,25.9317,-1.0,-1.8369701987210294e-16,7.450580596923828e-09,5.960464477539065e-08,0,0.8774691820144653,0.2283721268177032,0.7517009079456329,0.5476948018200042,2024-09-02 06:56:29.024,T39QXG,T39QXG,-1.1611509092627446,-0.3085109400023755,-0.4026998068092222,7.122623188405797,0.19444163003999998,5.73391304347826
S2A_MSIL2A_20240719T065621_R063_T39QXG_20240719T132007_0000.jpg,S2A_MSIL2A_20240719T065621_R063_T39QXG_20240719T132007,2024-07-19 06:56:21.024000+00:00,2024-07,0.0499016046524047,0.9320973753929138,-0.1242191717028617,0.0767,0.569551,0.231377,25.555,-0.5000000000000001,-0.8660254037844386,7.450580596923828e-09,1.1920928955078125e-07,1,0.7535458207130432,0.1448770612478255,0.5215644985437393,0.5453968903299944,2024-07-19 06:56:21.024,T39QXG,T39QXG,-1.115204636051019,-0.24446738128305612,-0.6356798142240863,7.425697522816167,0.131781001727,3.016649282920469
S2B_MSIL2A_20240714T065619_R063_T39QXG_20240714T115201_0000.jpg,S2B_MSIL2A_20240714T065619_R063_T39QXG_20240714T115201,2024-07-14 06:56:19.024000+00:00,2024-07,0.0451540946960449,0.908058226108551,-0.1382941305637359,0.095,0.904828,0.217735,25.565,-0.5000000000000001,-0.8660254037844386,1.4901161193847656e-08,5.960464477539065e-08,1,0.7535458207130432,0.1448770612478255,0.5215644985437393,0.6756320814180017,2024-07-14 06:56:19.024,T39QXG,T39QXG,-1.0222763947111522,-0.043433968585097495,-0.6620717543070548,9.524505263157895,0.19701272458,2.2919473684210527
S2B_MSIL2A_20240704T065629_R063_T39QXG_20240705T224349_0000.jpg,S2B_MSIL2A_20240704T065629_R063_T39QXG_20240705T224349,2024-07-04 06:56:29.024000+00:00,2024-07,0.0443606376647949,0.9161996245384216,-0.1317174732685089,0.04625,0.251155,0.224556,24.5533,-0.5000000000000001,-0.8660254037844386,1.4901161193847656e-08,0.0,0,0.7535458207130432,0.1448770612478255,0.5215644985437393,0.4556356052849454,2024-07-04 06:56:29.024,T39QXG,T39QXG,-1.3348882629249486,-0.6000581714729984,-0.6486753363613249,5.430378378378379,0.05639836218000001,4.855264864864865
S2B_MSIL2A_20240624T065629_R063_T39QXG_20240624T103302_0000.jpg,S2B_MSIL2A_20240624T065629_R063_T39QXG_20240624T103302,2024-06-24 06:56:29.024000+00:00,2024-06,0.0423803329467773,0.9245147109031676,-0.1231882870197296,0.0898,0.53855,0.47588,26.24,1.2246467991473532e-16,-1.0,2.2351741790771484e-08,1.1920928955078125e-07,1,0.891881912946701,0.2301483228802681,0.5347231179475784,0.6193035229799969,2024-06-24 06:56:29.024,T39QXG,T39QXG,-1.0467236633326955,-0.268773969773528,-0.3225025470864247,5.997216035634743,0.256285174,5.299331848552338
S2A_MSIL2A_20240619T065631_R063_T39QXG_20240619T131334_0000.jpg,S2A_MSIL2A_20240619T065631_R063_T39QXG_20240619T131334,2024-06-19 06:56:31.024000+00:00,2024-06,0.0499147772789001,0.93224436044693,-0.1253087669610977,0.0898,0.53855,0.47588,26.24,1.2246467991473532e-16,-1.0,1.4901161193847656e-08,5.960464477539065e-08,1,0.891881912946701,0.2301483228802681,0.5347231179475784,0.5713268797096769,2024-06-19 06:56:31.024,T39QXG,T39QXG,-1.0467236633326955,-0.268773969773528,-0.3225025470864247,5.997216035634743,0.256285174,5.299331848552338
S2B_MSIL2A_20180328T065919_R063_T39QXG_20201013T154107_0000.jpg,S2B_MSIL2A_20180328T065919_R063_T39QXG_20201013T154107,2018-03-28 06:59:19.027000+00:00,2018-03,0.0399803519248962,0.8632269501686096,-0.1922474801540374,0.0496,0.254955,0.34175,29.1717,1.0,6.123233995736766e-17,2.9802322387695312e-08,1.1920928955078125e-07,0,0.8779841065406799,0.332739382982254,0.5718271136283875,0.3516408579867923,2018-03-28 06:59:19.027,T39QXG,T39QXG,-1.3045183235098026,-0.5935364665319002,-0.4662914767601401,5.140221774193548,0.08713087124999999,6.890120967741936
S2A_MSIL2A_20180323T065621_R063_T39QXG_20201013T125706_0000.jpg,S2A_MSIL2A_20180323T065621_R063_T39QXG_20201013T125706,2018-03-23 06:56:21.026000+00:00,2018-03,0.0416262373328208,0.8668715953826904,-0.1946368366479873,0.0496,0.254955,0.34175,29.1717,1.0,6.123233995736766e-17,0.0,1.788139343261719e-07,0,0.8779841065406799,0.332739382982254,0.5718271136283875,0.3255376240115563,2018-03-23 06:56:21.026,T39QXG,T39QXG,-1.3045183235098026,-0.5935364665319002,-0.4662914767601401,5.140221774193548,0.08713087124999999,6.890120967741936
S2B_MSIL2A_20180318T065619_R063_T39QXG_20201013T105007_0000.jpg,S2B_MSIL2A_20180318T065619_R063_T39QXG_20201013T105007,2018-03-18 06:56:19.027000+00:00,2018-03,0.0473573803901672,0.9049136638641356,-0.169926717877388,0.058,0.338219,0.29551,28.945,1.0,6.123233995736766e-17,1.4901161193847656e-08,1.1920928955078125e-07,0,0.8779841065406799,0.332739382982254,0.5718271136283875,0.2929533797763272,2018-03-18 06:56:19.027,T39QXG,T39QXG,-1.2365720064370627,-0.4708019988572053,-0.5294278180946175,5.831362068965517,0.09994709669,5.095
S2A_MSIL2A_20180313T065651_R063_T39QXG_20201013T082101_0000.jpg,S2A_MSIL2A_20180313T065651_R063_T39QXG_20201013T082101,2018-03-13 06:56:51.026000+00:00,2018-03,0.0440786853432655,0.9042968153953552,-0.1643057167530059,0.0723,0.52831,0.35212,28.2133,1.0,6.123233995736766e-17,2.9802322387695312e-08,1.788139343261719e-07,0,0.8779841065406799,0.332739382982254,0.5718271136283875,0.3838645775366257,2018-03-13 06:56:51.026,T39QXG,T39QXG,-1.140861702705469,-0.27711116878738107,-0.45330930681575937,7.307192254495158,0.18602851719999997,4.870262793914246
S2B_MSIL2A_20180308T065719_R063_T39QXG_20201013T080744_0000.jpg,S2B_MSIL2A_20180308T065719_R063_T39QXG_20201013T080744,2018-03-08 06:57:19.027000+00:00,2018-03,0.0368918180465698,0.8645897507667542,-0.1876153349876403,0.0723,0.52831,0.35212,28.2133,1.0,6.123233995736766e-17,1.4901161193847656e-08,0.0,0,0.8779841065406799,0.332739382982254,0.5718271136283875,0.4802555956423855,2018-03-08 06:57:19.027,T39QXG,T39QXG,-1.140861702705469,-0.27711116878738107,-0.45330930681575937,7.307192254495158,0.18602851719999997,4.870262793914246
S2A_MSIL2A_20180303T065801_R063_T39QXG_20201013T055226_0000.jpg,S2A_MSIL2A_20180303T065801_R063_T39QXG_20201013T055226,2018-03-03 06:58:01.026000+00:00,2018-03,0.0430032983422279,0.8816649913787842,-0.1884126812219619,2.2442,9.97179,0.67053,27.815,1.0,6.123233995736766e-17,2.9802322387695312e-08,1.1920928955078125e-07,1,0.8779841065406799,0.332739382982254,0.5718271136283875,1.0,2018-03-03 06:58:01.026,T39QXG,T39QXG,0.35106155803238287,0.9987731239430955,-0.17358178672663588,4.443360663042509,6.6863843487,0.2987835308796007
S2B_MSIL2A_20180226T065829_R063_T39QXG_20201104T154320_0000.jpg,S2B_MSIL2A_20180226T065829_R063_T39QXG_20201104T154320,2018-02-26 06:58:29.027000+00:00,2018-02,0.0426360964775085,0.9148548245429992,-0.1567837297916412,2.2442,9.97179,0.67053,27.815,0.8660254037844386,0.5000000000000001,1.4901161193847656e-08,1.1920928955078125e-07,1,0.9502692818641664,0.3051090687513351,0.4909876734018326,1.0,2018-02-26 06:58:29.027,T39QXG,T39QXG,0.35106155803238287,0.9987731239430955,-0.17358178672663588,4.443360663042509,6.6863843487,0.2987835308796007
S2A_MSIL2A_20180221T065911_R063_T39QXG_20201013T234500_0000.jpg,S2A_MSIL2A_20180221T065911_R063_T39QXG_20201013T234500,2018-02-21 06:59:11.026000+00:00,2018-02,0.0458819642663002,0.8881921172142029,-0.1815240383148193,0.3286,4.08212,0.400995,27.555,0.8660254037844386,0.5000000000000001,0.0,0.0,1,0.9502692818641664,0.3051090687513351,0.4909876734018326,0.996272800475545,2018-02-21 06:59:11.026,T39QXG,T39QXG,-0.48333244090095706,0.6108857673011239,-0.3968610425567441,12.422763237979305,1.6369097093999998,1.2203134510042604
S2B_MSIL2A_20180216T065929_R063_T39QXG_20201013T220228_0000.jpg,S2B_MSIL2A_20180216T065929_R063_T39QXG_20201013T220228,2018-02-16 06:59:29.027000+00:00,2018-02,0.0430164113640785,0.8886220455169678,-0.1766906082630157,0.0864667,0.634498,0.339285,26.495,0.8660254037844386,0.5000000000000001,2.9802322387695312e-08,1.1920928955078125e-07,0,0.9502692818641664,0.3051090687513351,0.4909876734018326,0.4980086983022875,2018-02-16 06:59:29.027,T39QXG,T39QXG,-1.0631511155489342,-0.19756974250597104,-0.4694353403585063,7.338061935982292,0.21527565393,3.923880522790855
S2A_MSIL2A_20180211T070021_R063_T39QXG_20201026T022414_0000.jpg,S2A_MSIL2A_20180211T070021_R063_T39QXG_20201026T022414,2018-02-11 07:00:21.026000+00:00,2018-02,0.0391737818717956,0.8946468234062195,-0.1665445268154144,0.0864667,0.634498,0.339285,26.495,0.8660254037844386,0.5000000000000001,0.0,1.1920928955078125e-07,0,0.9502692818641664,0.3051090687513351,0.4909876734018326,0.494953866702875,2018-02-11 07:00:21.026,T39QXG,T39QXG,-1.0631511155489342,-0.19756974250597104,-0.4694353403585063,7.338061935982292,0.21527565393,3.923880522790855
S2A_MSIL2A_20180201T070111_R063_T39QXG_20201013T174623_0000.jpg,S2A_MSIL2A_20180201T070111_R063_T39QXG_20201013T174623,2018-02-01 07:01:11.026000+00:00,2018-02,-0.0134819746017456,0.969630002975464,-0.0093048978596925,0.118933,1.20884,0.589822,26.0983,0.8660254037844386,0.5000000000000001,1.862645149230957e-09,1.1920928955078125e-07,1,0.9502692818641664,0.3051090687513351,0.4909876734018326,0.7633726757378816,2018-02-01 07:01:11.026,T39QXG,T39QXG,-0.9246976262103374,0.0823688221879019,-0.2292790325634484,10.164041939579427,0.71300042648,4.9592795943934815
S2B_MSIL2A_20180127T070139_R063_T39QXG_20201014T091640_0000.jpg,S2B_MSIL2A_20180127T070139_R063_T39QXG_20201014T091640,2018-01-27 07:01:39.027000+00:00,2018-01,0.0450426340103149,0.8766319751739502,-0.1964807361364364,0.118933,1.20884,0.589822,26.0983,0.4999999999999999,0.8660254037844387,2.9802322387695312e-08,1.788139343261719e-07,1,0.9345849454402924,0.2232311218976974,0.487862691283226,0.6735058309664816,2018-01-27 07:01:39.027,T39QXG,T39QXG,-0.9246976262103374,0.0823688221879019,-0.2292790325634484,10.164041939579427,0.71300042648,4.9592795943934815
S2B_MSIL2A_20180117T070219_R063_T39QXG_20201014T062903_0000.jpg,S2B_MSIL2A_20180117T070219_R063_T39QXG_20201014T062903,2018-01-17 07:02:19.027000+00:00,2018-01,0.0350229442119598,0.857026994228363,-0.1938018947839737,0.1184,1.19261,0.28582,26.3517,0.4999999999999999,0.8660254037844387,2.9802322387695312e-08,0.0,0,0.9345849454402924,0.2232311218976974,0.487862691283226,0.7485129048987782,2018-01-17 07:02:19.027,T39QXG,T39QXG,-0.926648297613099,0.07649844657152759,-0.5439073851120979,10.072719594594593,0.3408717902,2.4140202702702704
S2A_MSIL2A_20180112T070231_R063_T39QXG_20201014T050638_0000.jpg,S2A_MSIL2A_20180112T070231_R063_T39QXG_20201014T050638,2018-01-12 07:02:31.026000+00:00,2018-01,0.042327880859375,0.8817272782325745,-0.18482705950737,0.0998,0.981467,0.336446,25.81,0.4999999999999999,0.8660254037844387,2.9802322387695312e-08,1.1920928955078125e-07,0,0.9345849454402924,0.2232311218976974,0.487862691283226,0.585922912822163,2018-01-12 07:02:31.026,T39QXG,T39QXG,-1.000869458712629,-0.008124298161620204,-0.4730846306493706,9.83433867735471,0.33021064628200003,3.3712024048096194
S2B_MSIL2A_20180107T070249_R063_T39QXG_20201014T040002_0000.jpg,S2B_MSIL2A_20180107T070249_R063_T39QXG_20201014T040002,2018-01-07 07:02:49.027000+00:00,2018-01,0.0388852581381797,0.8748940825462341,-0.1865410953760147,0.100567,0.989238,0.322583,25.97,0.4999999999999999,0.8660254037844387,0.0,1.788139343261719e-07,0,0.9345849454402924,0.2232311218976974,0.487862691283226,0.6081508796604428,2018-01-07 07:02:49.027,T39QXG,T39QXG,-0.9975445050559032,-0.00469920926046093,-0.4913585234961265,9.836606441476826,0.319111361754,3.2076426660833075
S2B_MSIL2A_20171228T070259_R063_T39QXG_20201014T170056_0000.jpg,S2B_MSIL2A_20171228T070259_R063_T39QXG_20201014T170056,2017-12-28 07:02:59.027000+00:00,2017-12,0.0401114821434021,0.8662822246551514,-0.1971517205238342,0.1016,1.01705,0.433635,26.175,-2.4492935982947064e-16,1.0,1.4901161193847656e-08,1.788139343261719e-07,1,0.9277651906013488,0.1962181031703949,0.4752570688724518,0.6372235914849196,2017-12-28 07:02:59.027,T39QXG,T39QXG,-0.9931062920520995,0.007342304142330685,-0.3628756718261764,10.010334645669293,0.44102847675,4.268061023622048
S2A_MSIL2A_20190318T065621_R063_T39QXG_20201007T074707_0000.jpg,S2A_MSIL2A_20190318T065621_R063_T39QXG_20201007T074707,2019-03-18 06:56:21.024000+00:00,2019-03,0.0353377163410186,0.8638516068458557,-0.1868648678064346,0.0512,0.298279,0.466275,28.3583,1.0,6.123233995736766e-17,2.9802322387695312e-08,1.788139343261719e-07,1,0.8980495929718018,0.3591414093971252,0.6425658464431763,0.065673135755687,2019-03-18 06:56:21.024,T39QXG,T39QXG,-1.2907300390241692,-0.52537732157981,-0.33135786924014415,5.82576171875,0.139080040725,9.10693359375
S2B_MSIL2A_20190313T065649_R063_T39QXG_20221118T122016_0000.jpg,S2B_MSIL2A_20190313T065649_R063_T39QXG_20221118T122016,2019-03-13 06:56:49.024000+00:00,2019-03,0.0402032732963562,0.8946370482444763,-0.146943062543869,0.07,0.526011,0.440988,28.315,1.0,6.123233995736766e-17,2.9802322387695312e-08,5.960464477539065e-08,0,0.8980495929718018,0.3591414093971252,0.6425658464431763,0.2234036301228327,2019-03-13 06:56:49.024,T39QXG,T39QXG,-1.154901959985743,-0.27900517373723144,-0.35557322822986975,7.514442857142856,0.231964538868,6.299828571428571
S2B_MSIL2A_20190313T065649_R063_T39QXG_20201007T061904_0000.jpg,S2B_MSIL2A_20190313T065649_R063_T39QXG_20201007T061904,2019-03-13 06:56:49.024000+00:00,2019-03,0.0376262366771698,0.8710173964500427,-0.1840676665306091,0.07,0.526011,0.440988,28.315,1.0,6.123233995736766e-17,1.4901161193847656e-08,5.960464477539065e-08,0,0.8980495929718018,0.3591414093971252,0.6425658464431763,0.0925593156637184,2019-03-13 06:56:49.024,T39QXG,T39QXG,-1.154901959985743,-0.27900517373723144,-0.35557322822986975,7.514442857142856,0.231964538868,6.299828571428571
S2A_MSIL2A_20190308T065721_R063_T39QXG_20201007T042258_0000.jpg,S2A_MSIL2A_20190308T065721_R063_T39QXG_20201007T042258,2019-03-08 06:57:21.024000+00:00,2019-03,0.0360459089279174,0.8697023987770081,-0.18241947889328,0.07,0.526011,0.440988,28.315,1.0,6.123233995736766e-17,1.4901161193847656e-08,5.960464477539065e-08,0,0.8980495929718018,0.3591414093971252,0.6425658464431763,0.0878255406432706,2019-03-08 06:57:21.024,T39QXG,T39QXG,-1.154901959985743,-0.27900517373723144,-0.35557322822986975,7.514442857142856,0.231964538868,6.299828571428571
S2B_MSIL2A_20190303T065809_R063_T39QXG_20201030T112946_0000.jpg,S2B_MSIL2A_20190303T065809_R063_T39QXG_20201030T112946,2019-03-03 06:58:09.024000+00:00,2019-03,0.0377508103847503,0.8974981307983398,-0.1602608412504196,0.0732667,0.561704,0.415105,27.5767,1.0,6.123233995736766e-17,0.0,0.0,1,0.8980495929718018,0.3591414093971252,0.6425658464431763,0.248443345110742,2019-03-03 06:58:09.024,T39QXG,T39QXG,-1.1350933690460292,-0.25049248342002617,-0.3818420354498795,7.666566120761546,0.23316613892,5.665670761751246
S2A_MSIL2A_20190226T065841_R063_T39QXG_20201007T204648_0000.jpg,S2A_MSIL2A_20190226T065841_R063_T39QXG_20201007T204648,2019-02-26 06:58:41.024000+00:00,2019-02,0.0382557213306427,0.8793370723724365,-0.179624393582344,0.0732667,0.561704,0.415105,27.5767,0.8660254037844386,0.5000000000000001,2.9802322387695312e-08,5.960464477539065e-08,1,0.9075041115283966,0.3117617815732955,0.5951173305511475,0.2352327214652141,2019-02-26 06:58:41.024,T39QXG,T39QXG,-1.1350933690460292,-0.25049248342002617,-0.3818420354498795,7.666566120761546,0.23316613892,5.665670761751246
S2B_MSIL2A_20190221T065919_R063_T39QXG_20201007T191341_0000.jpg,S2B_MSIL2A_20190221T065919_R063_T39QXG_20201007T191341,2019-02-21 06:59:19.024000+00:00,2019-02,0.032334417104721,0.8644731044769287,-0.1803121566772461,0.0649333,0.361142,0.157725,27.5483,0.8660254037844386,0.5000000000000001,0.0,1.1920928955078125e-07,0,0.9075041115283966,0.3117617815732955,0.5951173305511475,0.134895236893238,2019-02-21 06:59:19.024,T39QXG,T39QXG,-1.1875325251209021,-0.4423220011673523,-0.8020994639219788,5.5617379680379715,0.056961121950000006,2.4290310210631527
S2B_MSIL2A_20190211T070019_R063_T39QXG_20201007T155653_0000.jpg,S2B_MSIL2A_20190211T070019_R063_T39QXG_20201007T155653,2019-02-11 07:00:19.024000+00:00,2019-02,0.0372524559497833,0.9027758240699768,-0.152270957827568,0.0695333,0.518341,0.385327,26.7283,0.8660254037844386,0.5000000000000001,0.0,5.960464477539065e-08,0,0.9075041115283966,0.3117617815732955,0.5951173305511475,0.4603759661320354,2019-02-11 07:00:19.024,T39QXG,T39QXG,-1.1578071588240622,-0.2853844377560263,-0.41417055875190695,7.4545721258735025,0.199730782507,5.5416181886952
S2A_MSIL2A_20190206T070051_R063_T39QXG_20201007T142408_0000.jpg,S2A_MSIL2A_20190206T070051_R063_T39QXG_20201007T142408,2019-02-06 07:00:51.024000+00:00,2019-02,0.033193439245224,0.8752240538597107,-0.1797331124544143,0.0794,0.648246,0.363,26.305,0.8660254037844386,0.5000000000000001,0.0,5.960464477539065e-08,1,0.9075041115283966,0.3117617815732955,0.5951173305511475,0.2075030505307479,2019-02-06 07:00:51.024,T39QXG,T39QXG,-1.1001794975729038,-0.18826015436314192,-0.4400933749638875,8.164307304785893,0.23531329799999998,4.571788413098237
S2B_MSIL2A_20190201T070119_R063_T39QXG_20201029T235440_0000.jpg,S2B_MSIL2A_20190201T070119_R063_T39QXG_20201029T235440,2019-02-01 07:01:19.024000+00:00,2019-02,0.0402852520346641,0.9206400513648988,-0.1506991684436798,0.0654,0.394505,0.0998117,26.6167,0.8660254037844386,0.5000000000000001,1.4901161193847656e-08,5.960464477539065e-08,0,0.9075041115283966,0.3117617815732955,0.5951173305511475,0.6493138706020447,2019-02-01 07:01:19.024,T39QXG,T39QXG,-1.1844222516757328,-0.40394748812338543,-1.0008185474139015,6.032186544342507,0.0393762147085,1.5261727828746179
S2A_MSIL2A_20190127T070141_R063_T39QXG_20201008T050026_0000.jpg,S2A_MSIL2A_20190127T070141_R063_T39QXG_20201008T050026,2019-01-27 07:01:41.024000+00:00,2019-01,0.0376590192317962,0.9243353009223938,-0.1282726675271988,0.0654,0.394505,0.0998117,26.6167,0.4999999999999999,0.8660254037844387,0.0,1.1920928955078125e-07,0,0.9470690190792084,0.2216770276427268,0.5633534491062164,0.8257555647588728,2019-01-27 07:01:41.024,T39QXG,T39QXG,-1.1844222516757328,-0.40394748812338543,-1.0008185474139015,6.032186544342507,0.0393762147085,1.5261727828746179
S2B_MSIL2A_20190122T070209_R063_T39QXG_20201008T034450_0000.jpg,S2B_MSIL2A_20190122T070209_R063_T39QXG_20201008T034450,2019-01-22 07:02:09.024000+00:00,2019-01,0.0355081856250762,0.8920534253120422,-0.1638188660144806,0.0806,0.656402,0.356923,26.6533,0.4999999999999999,0.8660254037844387,2.9802322387695312e-08,1.1920928955078125e-07,1,0.9470690190792084,0.2216770276427268,0.5633534491062164,0.5454741261245416,2019-01-22 07:02:09.024,T39QXG,T39QXG,-1.0936649581949094,-0.1828301043592848,-0.4474254653499147,8.14394540942928,0.23428497104600002,4.428325062034739
S2A_MSIL2A_20190117T070221_R063_T39QXG_20201008T021414_0000.jpg,S2A_MSIL2A_20190117T070221_R063_T39QXG_20201008T021414,2019-01-17 07:02:21.024000+00:00,2019-01,0.0428130850195884,0.90726637840271,-0.1612901389598846,0.0806,0.656402,0.356923,26.6533,0.4999999999999999,0.8660254037844387,2.9802322387695312e-08,1.1920928955078125e-07,1,0.9470690190792084,0.2216770276427268,0.5633534491062164,0.7007861095688523,2019-01-17 07:02:21.024,T39QXG,T39QXG,-1.0936649581949094,-0.1828301043592848,-0.4474254653499147,8.14394540942928,0.23428497104600002,4.428325062034739
S2B_MSIL2A_20190112T070239_R063_T39QXG_20201008T005855_0000.jpg,S2B_MSIL2A_20190112T070239_R063_T39QXG_20201008T005855,2019-01-12 07:02:39.024000+00:00,2019-01,0.0137180685997009,0.95287424325943,-0.0571427904069423,0.0782,0.620326,0.184245,26.49,0.4999999999999999,0.8660254037844387,0.0,5.960464477539065e-08,0,0.9470690190792084,0.2216770276427268,0.5633534491062164,0.945526307489686,2019-01-12 07:02:39.024,T39QXG,T39QXG,-1.106793246940152,-0.20738001567544936,-0.734604289096448,7.932557544757033,0.11429196387,2.356074168797954
S2A_MSIL2A_20190107T070251_R063_T39QXG_20201007T232849_0000.jpg,S2A_MSIL2A_20190107T070251_R063_T39QXG_20201007T232849,2019-01-07 07:02:51.024000+00:00,2019-01,0.0377835929393768,0.8884379863739014,-0.1672562807798385,0.0747,0.58144,0.26695,27.48,0.4999999999999999,0.8660254037844387,2.9802322387695312e-08,5.960464477539065e-08,0,0.9470690190792084,0.2216770276427268,0.5633534491062164,0.501110081330132,2019-01-07 07:02:51.024,T39QXG,T39QXG,-1.1266793981846013,-0.23549509437205976,-0.5735700748060724,7.783668005354752,0.155215408,3.573627844712182
S2B_MSIL2A_20200327T065619_R063_T39QXG_20201027T114721_0000.jpg,S2B_MSIL2A_20200327T065619_R063_T39QXG_20201027T114721,2020-03-27 06:56:19.024000+00:00,2020-03,0.0391868576407432,0.8925457000732422,-0.1718707829713821,0.0354,0.155697,0.374305,30.155,1.0,6.123233995736766e-17,2.9802322387695312e-08,0.0,0,0.94511616230011,0.2458180487155914,0.5722589492797852,0.1915847781393111,2020-03-27 06:56:19.024,T39QXG,T39QXG,-1.4509967379742121,-0.807719755421589,-0.4267743715019124,4.398220338983051,0.058278165585,10.573587570621468
S2A_MSIL2A_20200322T065621_R063_T39QXG_20201014T192405_0000.jpg,S2A_MSIL2A_20200322T065621_R063_T39QXG_20201014T192405,2020-03-22 06:56:21.024000+00:00,2020-03,0.0395016074180603,0.9125661253929138,-0.1563979089260101,0.0354,0.155697,0.374305,30.155,1.0,6.123233995736766e-17,0.0,0.0,0,0.94511616230011,0.2458180487155914,0.5722589492797852,0.3640079642969108,2020-03-22 06:56:21.024,T39QXG,T39QXG,-1.4509967379742121,-0.807719755421589,-0.4267743715019124,4.398220338983051,0.058278165585,10.573587570621468
S2B_MSIL2A_20200317T065619_R063_T39QXG_20201010T111701_0000.jpg,S2B_MSIL2A_20200317T065619_R063_T39QXG_20201010T111701,2020-03-17 06:56:19.024000+00:00,2020-03,0.0427409633994102,0.9147137999534608,-0.1536047756671905,0.0389,0.179586,0.40414,29.1483,1.0,6.123233995736766e-17,2.9802322387695312e-08,5.960464477539065e-08,1,0.94511616230011,0.2458180487155914,0.5722589492797852,0.3883808536059203,2020-03-17 06:56:19.024,T39QXG,T39QXG,-1.4100503986742923,-0.7457275226783736,-0.39346816287198544,4.616606683804627,0.07257788604,10.389203084832905
S2A_MSIL2A_20200312T065651_R063_T39QXG_20201006T204613_0000.jpg,S2A_MSIL2A_20200312T065651_R063_T39QXG_20201006T204613,2020-03-12 06:56:51.024000+00:00,2020-03,0.0323409736156463,0.863634467124939,-0.1820578426122665,0.0322,0.180261,0.177615,27.7867,1.0,6.123233995736766e-17,0.0,1.1920928955078125e-07,0,0.94511616230011,0.2458180487155914,0.5722589492797852,0.0616832874062271,2020-03-12 06:56:51.024,T39QXG,T39QXG,-1.4921441283041692,-0.744098224009154,-0.750520359829141,5.598167701863354,0.032017057515,5.515993788819876
S2B_MSIL2A_20200307T065729_R063_T39QXG_20201003T195728_0000.jpg,S2B_MSIL2A_20200307T065729_R063_T39QXG_20201003T195728,2020-03-07 06:57:29.024000+00:00,2020-03,0.0298229455947875,0.8743782639503479,-0.1665458977222442,0.0322,0.180261,0.177615,27.7867,1.0,6.123233995736766e-17,2.9802322387695312e-08,1.1920928955078125e-07,0,0.94511616230011,0.2458180487155914,0.5722589492797852,0.0954453488792226,2020-03-07 06:57:29.024,T39QXG,T39QXG,-1.4921441283041692,-0.744098224009154,-0.750520359829141,5.598167701863354,0.032017057515,5.515993788819876
S2A_MSIL2A_20200302T065801_R063_T39QXG_20200926T020245_0000.jpg,S2A_MSIL2A_20200302T065801_R063_T39QXG_20200926T020245,2020-03-02 06:58:01.024000+00:00,2020-03,0.0383606553077697,0.8900148868560791,-0.1705865710973739,0.043,0.1943,0.32968,28.0075,1.0,6.123233995736766e-17,2.9802322387695312e-08,1.788139343261719e-07,1,0.94511616230011,0.2458180487155914,0.5722589492797852,0.1782517579338642,2020-03-02 06:58:01.024,T39QXG,T39QXG,-1.3665315444204136,-0.7115271994002175,-0.4819073984834682,4.518604651162791,0.064056824,7.666976744186046
S2A_MSIL2A_20200221T065911_R063_T39QXG_20200927T132322_0000.jpg,S2A_MSIL2A_20200221T065911_R063_T39QXG_20200927T132322,2020-02-21 06:59:11.024000+00:00,2020-02,0.0432196855545043,0.9439916014671326,-0.1230627596378326,0.0566667,0.323545,0.30265,28.8683,0.8660254037844386,0.5000000000000001,1.4901161193847656e-08,0.0,0,0.9416561126708984,0.2848334610462188,0.653755784034729,0.8341909079968137,2020-02-21 06:59:11.024,T39QXG,T39QXG,-1.2466720778741214,-0.4900653072903541,-0.5190593217514292,5.709614288462184,0.09792089425,5.340879211247523
S2B_MSIL2A_20200216T065939_R063_T39QXG_20200929T114644_0000.jpg,S2B_MSIL2A_20200216T065939_R063_T39QXG_20200929T114644,2020-02-16 06:59:39.024000+00:00,2020-02,0.0349901616573333,0.8910350203514099,-0.1650880873203277,0.0647333,0.458176,0.220999,27.5483,0.8660254037844386,0.5000000000000001,1.4901161193847656e-08,5.960464477539065e-08,0,0.9416561126708984,0.2848334610462188,0.653755784034729,0.3342041759685376,2020-02-16 06:59:39.024,T39QXG,T39QXG,-1.18887225278032,-0.3389676635982788,-0.6556096914527376,7.077902717766591,0.10125643782400001,3.4139924891825384
S2B_MSIL2A_20200206T070049_R063_T39QXG_20201001T025510_0000.jpg,S2B_MSIL2A_20200206T070049_R063_T39QXG_20201001T025510,2020-02-06 07:00:49.024000+00:00,2020-02,0.038432776927948,0.9117624759674072,-0.1528382152318954,0.0889333,0.798461,0.453355,27.3017,0.8660254037844386,0.5000000000000001,0.0,1.788139343261719e-07,1,0.9416561126708984,0.2848334610462188,0.653755784034729,0.5736177168441929,2020-02-06 07:00:49.024,T39QXG,T39QXG,-1.0509355922542227,-0.09774629167131473,-0.34356159012389215,8.97820051656691,0.361986286655,5.09769681322969
S2A_MSIL2A_20200201T070111_R063_T39QXG_20200930T073942_0000.jpg,S2A_MSIL2A_20200201T070111_R063_T39QXG_20200930T073942,2020-02-01 07:01:11.024000+00:00,2020-02,0.0350688397884368,0.902266561985016,-0.1532073318958282,0.0565333,0.260516,0.30265,27.53,0.8660254037844386,0.5000000000000001,2.9802322387695312e-08,1.788139343261719e-07,0,0.9416561126708984,0.2848334610462188,0.653755784034729,0.4452393364189673,2020-02-01 07:01:11.024,T39QXG,T39QXG,-1.2476956628689024,-0.5841655986664795,-0.5190593217514292,4.608186679355354,0.0788451674,5.353481930119062
S2B_MSIL2A_20200127T070139_R063_T39QXG_20201002T124936_0000.jpg,S2B_MSIL2A_20200127T070139_R063_T39QXG_20201002T124936,2020-01-27 07:01:39.024000+00:00,2020-01,0.0327114462852478,0.8785390257835388,-0.1711483001708984,0.0565333,0.260516,0.330983,27.53,0.4999999999999999,0.8660254037844387,0.0,1.788139343261719e-07,0,0.9182921051979064,0.2195079252123832,0.5757929086685181,0.3809579470596152,2020-01-27 07:01:39.024,T39QXG,T39QXG,-1.2476956628689024,-0.5841655986664795,-0.4801943119517515,4.608186679355354,0.08622636722800002,5.854655574678995
S2A_MSIL2A_20200122T070201_R063_T39QXG_20201002T050518_0000.jpg,S2A_MSIL2A_20200122T070201_R063_T39QXG_20201002T050518,2020-01-22 07:02:01.024000+00:00,2020-01,0.0314458906650543,0.8923852443695068,-0.1606215536594391,0.0746,0.588291,0.330983,27.7817,0.4999999999999999,0.8660254037844387,1.4901161193847656e-08,1.788139343261719e-07,1,0.9182921051979064,0.2195079252123832,0.5757929086685181,0.5448466423226783,2020-01-22 07:02:01.024,T39QXG,T39QXG,-1.1272611725273312,-0.23040779563811076,-0.4801943119517515,7.885938337801608,0.19471432005300002,4.436769436997319
S2B_MSIL2A_20200117T070219_R063_T39QXG_20201002T195630_0000.jpg,S2B_MSIL2A_20200117T070219_R063_T39QXG_20201002T195630,2020-01-17 07:02:19.024000+00:00,2020-01,0.0283704996109008,0.8769283890724182,-0.1733408719301223,0.0746,0.588291,0.330983,27.7817,0.4999999999999999,0.8660254037844387,1.4901161193847656e-08,1.1920928955078125e-07,1,0.9182921051979064,0.2195079252123832,0.5757929086685181,0.3776071931189426,2020-01-17 07:02:19.024,T39QXG,T39QXG,-1.1272611725273312,-0.23040779563811076,-0.4801943119517515,7.885938337801608,0.19471432005300002,4.436769436997319
S2A_MSIL2A_20200112T070241_R063_T39QXG_20201002T173508_0000.jpg,S2A_MSIL2A_20200112T070241_R063_T39QXG_20201002T173508,2020-01-12 07:02:41.024000+00:00,2020-01,0.0242262184619903,0.8597285747528076,-0.1830983310937881,0.045,0.225162,0.11497,28.1517,0.4999999999999999,0.8660254037844387,1.4901161193847656e-08,5.960464477539065e-08,0,0.9182921051979064,0.2195079252123832,0.5757929086685181,0.2064716531218929,2020-01-12 07:02:41.024,T39QXG,T39QXG,-1.3467874862246563,-0.6475049023767928,-0.9394154686391353,5.0036000000000005,0.02588687514,2.554888888888889
S2B_MSIL2A_20200107T070249_R063_T39QXG_20201029T121541_0000.jpg,S2B_MSIL2A_20200107T070249_R063_T39QXG_20201029T121541,2020-01-07 07:02:49.024000+00:00,2020-01,0.0315180420875549,0.8867989182472229,-0.1646648347377777,0.0578667,0.387999,0.330983,28.7967,0.4999999999999999,0.8660254037844387,0.0,1.1920928955078125e-07,1,0.9182921051979064,0.2195079252123832,0.5757929086685181,0.4707413842435006,2020-01-07 07:02:49.024,T39QXG,T39QXG,-1.2375712837096289,-0.4111693937229102,-0.4801943119517515,6.705047980963144,0.128421073017,5.71974900936117
S2A_MSIL2A_20200102T070301_R063_T39QXG_20201002T215142_0000.jpg,S2A_MSIL2A_20200102T070301_R063_T39QXG_20201002T215142,2020-01-02 07:03:01.024000+00:00,2020-01,0.0392688512802124,0.9258394837379456,-0.1424114406108856,0.0578667,0.387999,0.330983,28.7967,0.4999999999999999,0.8660254037844387,1.4901161193847656e-08,5.960464477539065e-08,1,0.9182921051979064,0.2195079252123832,0.5757929086685181,0.8321132834144739,2020-01-02 07:03:01.024,T39QXG,T39QXG,-1.2375712837096289,-0.4111693937229102,-0.4801943119517515,6.705047980963144,0.128421073017,5.71974900936117
S2A_MSIL2A_20210327T065621_R063_T39QXG_20210327T193611_0000.jpg,S2A_MSIL2A_20210327T065621_R063_T39QXG_20210327T193611,2021-03-27 06:56:21.024000+00:00,2021-03,0.0383868813514709,0.8721093535423279,-0.1818800717592239,0.0674,0.469682,0.177445,28.6267,1.0,6.123233995736766e-17,1.4901161193847656e-08,1.788139343261719e-07,0,0.9562904834747314,0.3447235822677612,0.7100237607955933,0.2936192359111942,2021-03-27 06:56:21.024,T39QXG,T39QXG,-1.1713401034646802,-0.3281960833135931,-0.75093623358324,6.968575667655786,0.08334272248999999,2.632715133531157
S2B_MSIL2A_20210322T065619_R063_T39QXG_20210323T015515_0000.jpg,S2B_MSIL2A_20210322T065619_R063_T39QXG_20210323T015515,2021-03-22 06:56:19.024000+00:00,2021-03,0.0395082011818885,0.8770799040794373,-0.1812644302845001,0.0674,0.469682,0.177445,28.6267,1.0,6.123233995736766e-17,2.9802322387695312e-08,0.0,0,0.9562904834747314,0.3447235822677612,0.7100237607955933,0.333747050636944,2021-03-22 06:56:19.024,T39QXG,T39QXG,-1.1713401034646802,-0.3281960833135931,-0.75093623358324,6.968575667655786,0.08334272248999999,2.632715133531157
S2A_MSIL2A_20210317T065621_R063_T39QXG_20210317T221928_0000.jpg,S2A_MSIL2A_20210317T065621_R063_T39QXG_20210317T221928,2021-03-17 06:56:21.024000+00:00,2021-03,0.0384393334388732,0.8871610164642334,-0.1708949357271194,0.0627333,0.373507,0.286273,28.6717,1.0,6.123233995736766e-17,1.4901161193847656e-08,1.788139343261719e-07,0,0.9562904834747314,0.3447235822677612,0.7100237607955933,0.3660110054339929,2021-03-17 06:56:21.024,T39QXG,T39QXG,-1.202501866390697,-0.42770125453697383,-0.5432196107767383,5.953887329376901,0.10692496941099999,4.563333986893722
S2B_MSIL2A_20210312T065659_R063_T39QXG_20210312T174530_0000.jpg,S2B_MSIL2A_20210312T065659_R063_T39QXG_20210312T174530,2021-03-12 06:56:59.024000+00:00,2021-03,0.0358688235282897,0.8943070769309998,-0.1576468795537948,0.0691,0.425302,0.398062,27.4733,1.0,6.123233995736766e-17,1.4901161193847656e-08,0.0,0,0.9562904834747314,0.3447235822677612,0.7100237607955933,0.3621601612399631,2021-03-12 06:56:59.024,T39QXG,T39QXG,-1.1605219526258017,-0.3713025749936618,-0.4000492792810246,6.154876989869755,0.169296564724,5.760665701881332
S2A_MSIL2A_20210307T065731_R063_T39QXG_20210307T203727_0000.jpg,S2A_MSIL2A_20210307T065731_R063_T39QXG_20210307T203727,2021-03-07 06:57:31.024000+00:00,2021-03,0.0389442667365074,0.8975427150726318,-0.1641201078891754,0.0691,0.425302,0.398062,27.4733,1.0,6.123233995736766e-17,2.9802322387695312e-08,2.384185791015625e-07,0,0.9562904834747314,0.3447235822677612,0.7100237607955933,0.4333756672408128,2021-03-07 06:57:31.024,T39QXG,T39QXG,-1.1605219526258017,-0.3713025749936618,-0.4000492792810246,6.154876989869755,0.169296564724,5.760665701881332
S2B_MSIL2A_20210302T065809_R063_T39QXG_20210302T153932_0000.jpg,S2B_MSIL2A_20210302T065809_R063_T39QXG_20210302T153932,2021-03-02 06:58:09.024000+00:00,2021-03,0.0351934432983398,0.8997316956520081,-0.1573810428380966,0.089,0.785385,0.414212,27.0533,1.0,6.123233995736766e-17,1.4901161193847656e-08,1.1920928955078125e-07,1,0.9562904834747314,0.3447235822677612,0.7100237607955933,0.4936150283099918,2021-03-02 06:58:09.024,T39QXG,T39QXG,-1.0506099933550872,-0.10491739753903741,-0.3827773234573144,8.824550561797754,0.32531589162,4.654067415730338
S2A_MSIL2A_20210225T065851_R063_T39QXG_20210225T181931_0000.jpg,S2A_MSIL2A_20210225T065851_R063_T39QXG_20210225T181931,2021-02-25 06:58:51.024000+00:00,2021-02,0.0413967370986938,0.9025478959083556,-0.1711997985839843,0.0754,0.573955,0.46942,26.715,0.8660254037844386,0.5000000000000001,0.0,1.1920928955078125e-07,1,0.9368952512741088,0.2614586800336838,0.52629154920578,0.5864759708850209,2021-02-25 06:58:51.024,T39QXG,T39QXG,-1.122628654130226,-0.24112215641351414,-0.3284384108929419,7.6121352785145895,0.2694259561,6.225729442970823
S2A_MSIL2A_20210215T065951_R063_T39QXG_20210215T202348_0000.jpg,S2A_MSIL2A_20210215T065951_R063_T39QXG_20210215T202348,2021-02-15 06:59:51.024000+00:00,2021-02,0.0354688763618469,0.8745830059051514,-0.1789471805095672,0.0669143,0.469736,0.252937,26.5367,0.8660254037844386,0.5000000000000001,2.9802322387695312e-08,5.960464477539065e-08,0,0.9368952512741088,0.2614586800336838,0.52629154920578,0.3715576212808754,2021-02-15 06:59:51.024,T39QXG,T39QXG,-1.1744810608952219,-0.3281461547364345,-0.5969876367667769,7.01996434244997,0.118813614632,3.7800141374863077
S2A_MSIL2A_20210205T070051_R063_T39QXG_20210210T170018_0000.jpg,S2A_MSIL2A_20210205T070051_R063_T39QXG_20210210T170018,2021-02-05 07:00:51.024000+00:00,2021-02,0.0385311245918273,0.8935603499412537,-0.1685052663087844,0.0704,0.499068,0.3834,26.315,0.8660254037844386,0.5000000000000001,0.0,5.960464477539065e-08,0,0.9368952512741088,0.2614586800336838,0.52629154920578,0.4594906297495384,2021-02-05 07:00:51.024,T39QXG,T39QXG,-1.1524273408578878,-0.3018402759943453,-0.4163478914579562,7.089034090909091,0.1913426712,5.4460227272727275
S2B_MSIL2A_20210131T070119_R063_T39QXG_20210201T152028_0000.jpg,S2B_MSIL2A_20210131T070119_R063_T39QXG_20210201T152028,2021-01-31 07:01:19.024000+00:00,2021-01,0.0352262258529663,0.8897483944892883,-0.1653699576854705,0.1446,1.7707,0.613948,26.3167,0.4999999999999999,0.8660254037844387,2.9802322387695312e-08,1.1920928955078125e-07,1,0.8843165338039398,0.243254967033863,0.5490259230136871,0.569550879507093,2021-01-31 07:01:19.024,T39QXG,T39QXG,-0.839831707041488,0.24814498728777779,-0.2118684110565678,12.245504840940525,1.0871177236,4.245836791147995
S2A_MSIL2A_20210126T070151_R063_T39QXG_20210201T045017_0000.jpg,S2A_MSIL2A_20210126T070151_R063_T39QXG_20210201T045017,2021-01-26 07:01:51.024000+00:00,2021-01,0.0420131459832191,0.9169623851776124,-0.1558305919170379,0.1446,1.7707,0.613948,26.3167,0.4999999999999999,0.8660254037844387,1.4901161193847656e-08,1.788139343261719e-07,1,0.8843165338039398,0.243254967033863,0.5490259230136871,0.7016610835729878,2021-01-26 07:01:51.024,T39QXG,T39QXG,-0.839831707041488,0.24814498728777779,-0.2118684110565678,12.245504840940525,1.0871177236,4.245836791147995
S2B_MSIL2A_20210121T070209_R063_T39QXG_20210122T122053_0000.jpg,S2B_MSIL2A_20210121T070209_R063_T39QXG_20210122T122053,2021-01-21 07:02:09.024000+00:00,2021-01,0.0388393402099609,0.907214879989624,-0.1487130969762802,0.0879,0.775485,0.190025,26.055,0.4999999999999999,0.8660254037844387,0.0,2.384185791015625e-07,0,0.8843165338039398,0.243254967033863,0.5490259230136871,0.4397684528278534,2021-01-21 07:02:09.024,T39QXG,T39QXG,-1.056011124926228,-0.11042659821173212,-0.721189258795539,8.82235494880546,0.147361537125,2.1618316268486915
S2A_MSIL2A_20210116T070231_R063_T39QXG_20210116T213026_0000.jpg,S2A_MSIL2A_20210116T070231_R063_T39QXG_20210116T213026,2021-01-16 07:02:31.024000+00:00,2021-01,0.0422688722610473,0.8904314637184143,-0.1756787151098251,0.071,0.536795,0.201585,25.985,0.4999999999999999,0.8660254037844387,0.0,5.960464477539065e-08,0,0.8843165338039398,0.243254967033863,0.5490259230136871,0.4511808820265794,2021-01-16 07:02:31.024,T39QXG,T39QXG,-1.1487416512809248,-0.2701915380747622,-0.6955417870062366,7.5604929577464794,0.10820982007499999,2.8392253521126762
S2B_MSIL2A_20210111T070249_R063_T39QXG_20210111T183409_0000.jpg,S2B_MSIL2A_20210111T070249_R063_T39QXG_20210111T183409,2021-01-11 07:02:49.024000+00:00,2021-01,0.0121967196464538,0.9756481647491456,-0.0288099963217973,0.071,0.536795,0.201585,25.985,0.4999999999999999,0.8660254037844387,0.0,1.788139343261719e-07,0,0.8843165338039398,0.243254967033863,0.5490259230136871,0.4489810002196616,2021-01-11 07:02:49.024,T39QXG,T39QXG,-1.1487416512809248,-0.2701915380747622,-0.6955417870062366,7.5604929577464794,0.10820982007499999,2.8392253521126762
S2B_MSIL2A_20220327T065619_R063_T39QXG_20220327T201724_0000.jpg,S2B_MSIL2A_20220327T065619_R063_T39QXG_20220327T201724,2022-03-27 06:56:19.024000+00:00,2022-03,0.0393376946449279,0.9080219864845276,-0.1351350247859954,0.0591333,0.33691,0.303953,28.5783,1.0,6.123233995736766e-17,1.4901161193847656e-08,0.0,0,0.9528538584709167,0.2151663452386856,0.4964503049850464,0.1183716242070587,2022-03-27 06:56:19.024,T39QXG,T39QXG,-1.228167884034893,-0.47248609830838467,-0.5171935657948683,5.697466571288935,0.10240480522999999,5.140132547989034
S2A_MSIL2A_20220322T065631_R063_T39QXG_20240522T141858_0000.jpg,S2A_MSIL2A_20220322T065631_R063_T39QXG_20240522T141858,2022-03-22 06:56:31.024000+00:00,2022-03,0.0487933754920959,0.9148271083831788,-0.1388694047927856,0.0591333,0.33691,0.303953,28.5783,1.0,6.123233995736766e-17,0.0,1.788139343261719e-07,0,0.9528538584709167,0.2151663452386856,0.4964503049850464,0.0683699286089307,2022-03-22 06:56:31.024,T39QXG,T39QXG,-1.228167884034893,-0.47248609830838467,-0.5171935657948683,5.697466571288935,0.10240480522999999,5.140132547989034
S2A_MSIL2A_20220322T065631_R063_T39QXG_20220322T215023_0000.jpg,S2A_MSIL2A_20220322T065631_R063_T39QXG_20220322T215023,2022-03-22 06:56:31.024000+00:00,2022-03,0.0433377027511596,0.9129552841186525,-0.1379960924386978,0.0591333,0.33691,0.303953,28.5783,1.0,6.123233995736766e-17,0.0,0.0,0,0.9528538584709167,0.2151663452386856,0.4964503049850464,0.1140183164002375,2022-03-22 06:56:31.024,T39QXG,T39QXG,-1.228167884034893,-0.47248609830838467,-0.5171935657948683,5.697466571288935,0.10240480522999999,5.140132547989034
S2B_MSIL2A_20220317T065619_R063_T39QXG_20240523T103231_0000.jpg,S2B_MSIL2A_20220317T065619_R063_T39QXG_20240523T103231,2022-03-17 06:56:19.024000+00:00,2022-03,0.0394885540008544,0.9235446453094482,-0.1111110374331474,0.0532,0.306613,0.2899,27.7983,1.0,6.123233995736766e-17,7.450580596923828e-09,1.788139343261719e-07,0,0.9528538584709167,0.2151663452386856,0.4964503049850464,0.0564880056621762,2022-03-17 06:56:19.024,T39QXG,T39QXG,-1.274088367704952,-0.5134094355593504,-0.5377517846450026,5.7634022556390985,0.08888710870000001,5.449248120300752
S2B_MSIL2A_20220317T065619_R063_T39QXG_20220317T172218_0000.jpg,S2B_MSIL2A_20220317T065619_R063_T39QXG_20220317T172218,2022-03-17 06:56:19.024000+00:00,2022-03,0.0340000391006469,0.9263277649879456,-0.1082711294293403,0.0532,0.306613,0.2899,27.7983,1.0,6.123233995736766e-17,1.4901161193847656e-08,0.0,0,0.9528538584709167,0.2151663452386856,0.4964503049850464,0.108810657986673,2022-03-17 06:56:19.024,T39QXG,T39QXG,-1.274088367704952,-0.5134094355593504,-0.5377517846450026,5.7634022556390985,0.08888710870000001,5.449248120300752
S2A_MSIL2A_20220312T065701_R063_T39QXG_20240523T070747_0000.jpg,S2A_MSIL2A_20220312T065701_R063_T39QXG_20240523T070747,2022-03-12 06:57:01.024000+00:00,2022-03,0.0453049540519714,0.9109132885932922,-0.1349178701639175,0.0548667,0.284878,0.396263,27.23,1.0,6.123233995736766e-17,0.0,1.1920928955078125e-07,1,0.9528538584709167,0.2151663452386856,0.4964503049850464,0.0628524249753512,2022-03-12 06:57:01.024,T39QXG,T39QXG,-1.260691159995082,-0.5453410883088546,-0.4020164768608702,5.192183965866364,0.112886610914,7.222286013191972
S2A_MSIL2A_20220312T065701_R063_T39QXG_20220312T225303_0000.jpg,S2A_MSIL2A_20220312T065701_R063_T39QXG_20220312T225303,2022-03-12 06:57:01.024000+00:00,2022-03,0.0416262149810791,0.913667619228363,-0.1334320455789566,0.0548667,0.284878,0.396263,27.23,1.0,6.123233995736766e-17,0.0,5.960464477539065e-08,1,0.9528538584709167,0.2151663452386856,0.4964503049850464,0.1051160955400273,2022-03-12 06:57:01.024,T39QXG,T39QXG,-1.260691159995082,-0.5453410883088546,-0.4020164768608702,5.192183965866364,0.112886610914,7.222286013191972
S2B_MSIL2A_20220307T065729_R063_T39QXG_20240524T222725_0000.jpg,S2B_MSIL2A_20220307T065729_R063_T39QXG_20240524T222725,2022-03-07 06:57:29.024000+00:00,2022-03,0.039429485797882,0.9013574123382568,-0.135860338807106,0.0548667,0.284878,0.396263,27.23,1.0,6.123233995736766e-17,0.0,2.384185791015625e-07,1,0.9528538584709167,0.2151663452386856,0.4964503049850464,0.0813235825565699,2022-03-07 06:57:29.024,T39QXG,T39QXG,-1.260691159995082,-0.5453410883088546,-0.4020164768608702,5.192183965866364,0.112886610914,7.222286013191972
S2B_MSIL2A_20220307T065729_R063_T39QXG_20220307T200029_0000.jpg,S2B_MSIL2A_20220307T065729_R063_T39QXG_20220307T200029,2022-03-07 06:57:29.024000+00:00,2022-03,0.0351015925407409,0.9036683440208436,-0.1328878104686737,0.0548667,0.284878,0.396263,27.23,1.0,6.123233995736766e-17,1.4901161193847656e-08,1.788139343261719e-07,1,0.9528538584709167,0.2151663452386856,0.4964503049850464,0.1294145663800258,2022-03-07 06:57:29.024,T39QXG,T39QXG,-1.260691159995082,-0.5453410883088546,-0.4020164768608702,5.192183965866364,0.112886610914,7.222286013191972
S2A_MSIL2A_20220302T065811_R063_T39QXG_20240528T164922_0000.jpg,S2A_MSIL2A_20220302T065811_R063_T39QXG_20240528T164922,2022-03-02 06:58:11.024000+00:00,2022-03,0.0424655675888061,0.9001810550689697,-0.1433540880680084,0.0638,0.398474,0.26559,26.98,1.0,6.123233995736766e-17,1.4901161193847656e-08,1.788139343261719e-07,1,0.9528538584709167,0.2151663452386856,0.4964503049850464,0.0925497779477863,2022-03-02 06:58:11.024,T39QXG,T39QXG,-1.1951793212788377,-0.39960001059134614,-0.5757882810607157,6.2456739811912225,0.10583070966,4.1628526645768025
S2A_MSIL2A_20220302T065811_R063_T39QXG_20220304T043204_0000.jpg,S2A_MSIL2A_20220302T065811_R063_T39QXG_20220304T043204,2022-03-02 06:58:11.024000+00:00,2022-03,0.0369246006011962,0.8993909358978271,-0.1418657302856445,0.0638,0.398474,0.26559,26.98,1.0,6.123233995736766e-17,0.0,1.788139343261719e-07,1,0.9528538584709167,0.2151663452386856,0.4964503049850464,0.156224587305896,2022-03-02 06:58:11.024,T39QXG,T39QXG,-1.1951793212788377,-0.39960001059134614,-0.5757882810607157,6.2456739811912225,0.10583070966,4.1628526645768025
S2B_MSIL2A_20220215T065949_R063_T39QXG_20220223T132730_0000.jpg,S2B_MSIL2A_20220215T065949_R063_T39QXG_20220223T132730,2022-02-15 06:59:49.024000+00:00,2022-02,0.0351344347000122,0.9150400757789612,-0.125391736626625,0.0672,0.43615,0.158894,26.66,0.8660254037844386,0.5000000000000001,1.4901161193847656e-08,1.1920928955078125e-07,1,0.9173482060432434,0.2753857970237732,0.447498619556427,0.1708388983903919,2022-02-15 06:59:49.024,T39QXG,T39QXG,-1.1726307269461749,-0.36036412318815236,-0.7988925018869503,6.490327380952381,0.0693016181,2.364494047619048
S2A_MSIL2A_20220210T070031_R063_T39QXG_20220221T065843_0000.jpg,S2A_MSIL2A_20220210T070031_R063_T39QXG_20220221T065843,2022-02-10 07:00:31.024000+00:00,2022-02,0.0341901779174804,0.8967454433441162,-0.1426260769367218,0.0672,0.43615,0.158894,26.66,0.8660254037844386,0.5000000000000001,1.4901161193847656e-08,1.788139343261719e-07,1,0.9173482060432434,0.2753857970237732,0.447498619556427,0.2023376139070418,2022-02-10 07:00:31.024,T39QXG,T39QXG,-1.1726307269461749,-0.36036412318815236,-0.7988925018869503,6.490327380952381,0.0693016181,2.364494047619048
S2B_MSIL2A_20230322T065629_R063_T39QXG_20240827T110952_0000.jpg,S2B_MSIL2A_20230322T065629_R063_T39QXG_20240827T110952,2023-03-22 06:56:29.024000+00:00,2023-03,0.0418688654899597,0.9048481583595276,-0.1383646726608276,0.0670667,0.511814,0.38765,29.695,1.0,6.123233995736766e-17,0.0,5.960464477539065e-08,0,0.9091137051582336,0.2720939517021179,0.6162320673465729,0.0974674783882628,2023-03-22 06:56:29.024,T39QXG,T39QXG,-1.1734930624836981,-0.2908878387309963,-0.41156021169447377,7.631417678221829,0.1984046971,5.780066709708394
S2B_MSIL2A_20230322T065629_R063_T39QXG_20230322T124101_0000.jpg,S2B_MSIL2A_20230322T065629_R063_T39QXG_20230322T124101,2023-03-22 06:56:29.024000+00:00,2023-03,0.0383999943733215,0.9048233032226562,-0.1375938653945922,0.0670667,0.511814,0.38765,29.695,1.0,6.123233995736766e-17,0.0,0.0,0,0.9091137051582336,0.2720939517021179,0.6162320673465729,0.1403048065149853,2023-03-22 06:56:29.024,T39QXG,T39QXG,-1.1734930624836981,-0.2908878387309963,-0.41156021169447377,7.631417678221829,0.1984046971,5.780066709708394
S2A_MSIL2A_20230317T065621_R063_T39QXG_20230317T125717_0000.jpg,S2A_MSIL2A_20230317T065621_R063_T39QXG_20230317T125717,2023-03-17 06:56:21.024000+00:00,2023-03,0.0586623549461364,1.0429141521453855,-0.0127101233229041,0.0556,0.259221,0.35943,29.0567,1.0,6.123233995736766e-17,9.313225746154783e-10,1.1920928955078125e-07,0,0.9091137051582336,0.2720939517021179,0.6162320673465729,0.0071878911623408,2023-03-17 06:56:21.024,T39QXG,T39QXG,-1.2549252084179425,-0.5863298183311973,-0.4443856771137646,4.662248201438849,0.09317180403,6.464568345323742
S2B_MSIL2A_20230312T065709_R063_T39QXG_20240818T170744_0000.jpg,S2B_MSIL2A_20230312T065709_R063_T39QXG_20240818T170744,2023-03-12 06:57:09.025000+00:00,2023-03,0.0418622493743896,0.914194107055664,-0.1309310346841812,0.084,0.706723,0.45004,27.6167,1.0,6.123233995736766e-17,1.4901161193847656e-08,0.0,1,0.9091137051582336,0.2720939517021179,0.6162320673465729,0.1220776639475572,2023-03-12 06:57:09.025,T39QXG,T39QXG,-1.0757207139381184,-0.15075077452574467,-0.34674888398633896,8.413369047619048,0.31805361892,5.357619047619047
S2B_MSIL2A_20230312T065709_R063_T39QXG_20230312T141426_0000.jpg,S2B_MSIL2A_20230312T065709_R063_T39QXG_20230312T141426,2023-03-12 06:57:09.025000+00:00,2023-03,0.0369573831558227,0.9135873317718506,-0.1299211680889129,0.084,0.706723,0.45004,27.6167,1.0,6.123233995736766e-17,2.9802322387695312e-08,1.1920928955078125e-07,1,0.9091137051582336,0.2720939517021179,0.6162320673465729,0.1949459870568864,2023-03-12 06:57:09.025,T39QXG,T39QXG,-1.0757207139381184,-0.15075077452574467,-0.34674888398633896,8.413369047619048,0.31805361892,5.357619047619047
S2A_MSIL2A_20230307T065731_R063_T39QXG_20240821T003413_0000.jpg,S2A_MSIL2A_20230307T065731_R063_T39QXG_20240821T003413,2023-03-07 06:57:31.024000+00:00,2023-03,0.0404524803161621,0.91398423910141,-0.131500631570816,0.084,0.706723,0.45004,27.6167,1.0,6.123233995736766e-17,1.4901161193847656e-08,1.788139343261719e-07,1,0.9091137051582336,0.2720939517021179,0.6162320673465729,0.1472641495373692,2023-03-07 06:57:31.024,T39QXG,T39QXG,-1.0757207139381184,-0.15075077452574467,-0.34674888398633896,8.413369047619048,0.31805361892,5.357619047619047
S2A_MSIL2A_20230307T065731_R063_T39QXG_20230307T123902_0000.jpg,S2A_MSIL2A_20230307T065731_R063_T39QXG_20230307T123902,2023-03-07 06:57:31.024000+00:00,2023-03,0.0372589826583862,0.916191339492798,-0.1291097402572631,0.084,0.706723,0.45004,27.6167,1.0,6.123233995736766e-17,0.0,1.788139343261719e-07,1,0.9091137051582336,0.2720939517021179,0.6162320673465729,0.2047394023080594,2023-03-07 06:57:31.024,T39QXG,T39QXG,-1.0757207139381184,-0.15075077452574467,-0.34674888398633896,8.413369047619048,0.31805361892,5.357619047619047
S2A_MSIL2A_20230225T065851_R063_T39QXG_20230227T033301_0000.jpg,S2A_MSIL2A_20230225T065851_R063_T39QXG_20230227T033301,2023-02-25 06:58:51.024000+00:00,2023-02,0.0392196401953697,0.9149981141090392,-0.134062260389328,0.1434,1.30962,0.314312,26.5767,0.8660254037844386,0.5000000000000001,1.4901161193847656e-08,1.788139343261719e-07,0,0.9293758273124696,0.2332836017012596,0.5397148281335831,0.3449652782511058,2023-02-25 06:58:51.024,T39QXG,T39QXG,-0.8434508486682187,0.11714529882852918,-0.5026390378997061,9.132635983263599,0.41162928144,2.191854951185495
S2B_MSIL2A_20230210T070029_R063_T39QXG_20240813T093046_0000.jpg,S2B_MSIL2A_20230210T070029_R063_T39QXG_20240813T093046,2023-02-10 07:00:29.024000+00:00,2023-02,0.0394033193588256,0.8924513459205627,-0.1484289020299911,0.1068,0.936917,0.330955,26.1383,0.8660254037844386,0.5000000000000001,0.0,1.1920928955078125e-07,0,0.9293758273124696,0.2332836017012596,0.5397148281335831,0.1869048836696663,2023-02-10 07:00:29.024,T39QXG,T39QXG,-0.9714287473074623,-0.028298880871666304,-0.480231053294598,8.772631086142322,0.310077365735,3.098829588014981
S2B_MSIL2A_20230210T070029_R063_T39QXG_20230210T205643_0000.jpg,S2B_MSIL2A_20230210T070029_R063_T39QXG_20230210T205643,2023-02-10 07:00:29.024000+00:00,2023-02,0.0345901548862457,0.8959810137748718,-0.1449690759181976,0.1068,0.936917,0.330955,26.1383,0.8660254037844386,0.5000000000000001,1.4901161193847656e-08,1.1920928955078125e-07,0,0.9293758273124696,0.2332836017012596,0.5397148281335831,0.3002308497735642,2023-02-10 07:00:29.024,T39QXG,T39QXG,-0.9714287473074623,-0.028298880871666304,-0.480231053294598,8.772631086142322,0.310077365735,3.098829588014981
S2A_MSIL2A_20230205T070101_R063_T39QXG_20240817T062535_0000.jpg,S2A_MSIL2A_20230205T070101_R063_T39QXG_20240817T062535,2023-02-05 07:01:01.024000+00:00,2023-02,0.0557049512863159,0.9217758178710938,-0.1442891657352447,0.4962,6.56889,0.42063,26.36,0.8660254037844386,0.5000000000000001,0.0,0.0,1,0.9293758273124696,0.2332836017012596,0.5397148281335831,0.9158796489489424,2023-02-05 07:01:01.024,T39QXG,T39QXG,-0.3043432400638097,0.8174919894072626,-0.3760997559725045,13.238391777509069,2.7630722007,0.8477025392986699
S2A_MSIL2A_20230205T070101_R063_T39QXG_20230206T042309_0000.jpg,S2A_MSIL2A_20230205T070101_R063_T39QXG_20230206T042309,2023-02-05 07:01:01.024000+00:00,2023-02,0.042347528040409,0.9244985580444336,-0.1329139322042465,0.4962,6.56889,0.42063,26.36,0.8660254037844386,0.5000000000000001,0.0,0.0,1,0.9293758273124696,0.2332836017012596,0.5397148281335831,0.972560126896701,2023-02-05 07:01:01.024,T39QXG,T39QXG,-0.3043432400638097,0.8174919894072626,-0.3760997559725045,13.238391777509069,2.7630722007,0.8477025392986699
S2B_MSIL2A_20230131T070119_R063_T39QXG_20230131T235314_0000.jpg,S2B_MSIL2A_20230131T070119_R063_T39QXG_20230131T235314,2023-01-31 07:01:19.024000+00:00,2023-01,0.0289442837238311,0.888887345790863,-0.1450978964567184,0.0776,0.631228,0.49849,26.2017,0.4999999999999999,0.8660254037844387,0.0,1.788139343261719e-07,1,0.960774838924408,0.192691758275032,0.611244797706604,0.3355119113100205,2023-01-31 07:01:19.024,T39QXG,T39QXG,-1.1101382787418115,-0.19981374494472715,-0.30234354946542424,8.134381443298969,0.31466084571999997,6.423840206185567
S2B_MSIL2A_20240326T065619_R063_T39QXG_20240326T132139_0000.jpg,S2B_MSIL2A_20240326T065619_R063_T39QXG_20240326T132139,2024-03-26 06:56:19.024000+00:00,2024-03,0.0563999414443969,0.9207963347434998,-0.1385013908147812,0.0451333,0.199735,0.225725,29.9267,1.0,6.123233995736766e-17,1.4901161193847656e-08,0.0,0,0.9602426588535308,0.2850478440523147,0.4926832318305969,0.2587510174298339,2024-03-26 06:56:19.024,T39QXG,T39QXG,-1.3455029111199035,-0.6995458260907529,-0.6464203383047105,4.425446399886558,0.045085182875,5.001296160484609
S2A_MSIL2A_20240321T065621_R063_T39QXG_20240321T122014_0000.jpg,S2A_MSIL2A_20240321T065621_R063_T39QXG_20240321T122014,2024-03-21 06:56:21.024000+00:00,2024-03,0.0626229643821716,0.9746310710906982,-0.0868485793471336,0.0451333,0.199735,0.225725,29.9267,1.0,6.123233995736766e-17,7.450580596923828e-09,1.1920928955078125e-07,0,0.9602426588535308,0.2850478440523147,0.4926832318305969,0.2194997973035419,2024-03-21 06:56:21.024,T39QXG,T39QXG,-1.3455029111199035,-0.6995458260907529,-0.6464203383047105,4.425446399886558,0.045085182875,5.001296160484609
S2B_MSIL2A_20240316T065629_R063_T39QXG_20240316T121959_0000.jpg,S2B_MSIL2A_20240316T065629_R063_T39QXG_20240316T121959,2024-03-16 06:56:29.024000+00:00,2024-03,0.0051672458648681,1.0314512252807615,0.0190562643110752,0.0530667,0.264835,0.235018,29.115,1.0,6.123233995736766e-17,3.725290298461914e-09,0.0,0,0.9602426588535308,0.2850478440523147,0.4926832318305969,0.4422205521905571,2024-03-16 06:56:29.024,T39QXG,T39QXG,-1.2751779185200565,-0.5770246200540782,-0.6288988738929294,4.990606161679547,0.06224099203,4.428728373914338
S2A_MSIL2A_20240311T065701_R063_T39QXG_20240311T150535_0000.jpg,S2A_MSIL2A_20240311T065701_R063_T39QXG_20240311T150535,2024-03-11 06:57:01.024000+00:00,2024-03,0.0485901236534118,0.907176911830902,-0.1469125598669052,0.0607,0.413927,0.361725,30.03,1.0,6.123233995736766e-17,0.0,1.1920928955078125e-07,1,0.9602426588535308,0.2850478440523147,0.4926832318305969,0.3514182475973644,2024-03-11 06:57:01.024,T39QXG,T39QXG,-1.2168113089247425,-0.3830762441269818,-0.44162147468641727,6.819225700164745,0.149727744075,5.959225700164745
S2B_MSIL2A_20240306T065739_R063_T39QXG_20240306T111016_0000.jpg,S2B_MSIL2A_20240306T065739_R063_T39QXG_20240306T111016,2024-03-06 06:57:39.024000+00:00,2024-03,0.0423868298530578,0.9127628803253174,-0.1342304944992065,0.0607,0.413927,0.361725,30.03,1.0,6.123233995736766e-17,0.0,1.788139343261719e-07,1,0.9602426588535308,0.2850478440523147,0.4926832318305969,0.3792592489946,2024-03-06 06:57:39.024,T39QXG,T39QXG,-1.2168113089247425,-0.3830762441269818,-0.44162147468641727,6.819225700164745,0.149727744075,5.959225700164745
S2A_MSIL2A_20240301T065821_R063_T39QXG_20240301T115335_0000.jpg,S2A_MSIL2A_20240301T065821_R063_T39QXG_20240301T115335,2024-03-01 06:58:21.024000+00:00,2024-03,0.0415016412734985,0.8951548933982849,-0.1473794132471084,0.0501,0.315911,0.204262,28.8167,1.0,6.123233995736766e-17,0.0,0.0,0,0.9602426588535308,0.2850478440523147,0.4926832318305969,0.3600359887342654,2024-03-01 06:58:21.024,T39QXG,T39QXG,-1.3001622741327543,-0.5004352517266066,-0.6898124200797768,6.3056087824351295,0.064528612682,4.077085828343313
S2A_MSIL2A_20240220T065921_R063_T39QXG_20240220T112915_0000.jpg,S2A_MSIL2A_20240220T065921_R063_T39QXG_20240220T112915,2024-02-20 06:59:21.024000+00:00,2024-02,0.0429967045783996,0.9083907604217528,-0.1394159644842147,0.0570667,0.324797,0.133698,29.1017,0.8660254037844386,0.5000000000000001,0.0,1.788139343261719e-07,0,0.9674547910690308,0.2576602399349212,0.4552868604660034,0.3479983310143714,2024-02-20 06:59:21.024,T39QXG,T39QXG,-1.2436172407019188,-0.4883879907900457,-0.8738750893383179,5.691532890459761,0.043424709306,2.3428374165669297
S2B_MSIL2A_20240215T065959_R063_T39QXG_20240215T111952_0000.jpg,S2B_MSIL2A_20240215T065959_R063_T39QXG_20240215T111952,2024-02-15 06:59:59.024000+00:00,2024-02,0.0384721159934997,0.9233360886573792,-0.1213388368487358,0.0726667,0.548678,0.252118,28.05,0.8660254037844386,0.5000000000000001,2.2351741790771484e-08,1.1920928955078125e-07,1,0.9674547910690308,0.2576602399349212,0.4552868604660034,0.4222664039326806,2024-02-15 06:59:59.024,T39QXG,T39QXG,-1.1386645618974511,-0.2606824530901414,-0.5983961467011464,7.550611215315956,0.138331600004,3.469512169948546
S2A_MSIL2A_20240210T070031_R063_T39QXG_20240210T111914_0000.jpg,S2A_MSIL2A_20240210T070031_R063_T39QXG_20240210T111914,2024-02-10 07:00:31.024000+00:00,2024-02,0.0394426360726356,0.9145575165748596,-0.1319147646427154,0.0726667,0.548678,0.252118,28.05,0.8660254037844386,0.5000000000000001,1.4901161193847656e-08,0.0,1,0.9674547910690308,0.2576602399349212,0.4552868604660034,0.4206924045873595,2024-02-10 07:00:31.024,T39QXG,T39QXG,-1.1386645618974511,-0.2606824530901414,-0.5983961467011464,7.550611215315956,0.138331600004,3.469512169948546
S2A_MSIL2A_20240121T070211_R063_T39QXG_20240121T131026_0000.jpg,S2A_MSIL2A_20240121T070211_R063_T39QXG_20240121T131026,2024-01-21 07:02:11.024000+00:00,2024-01,0.0413639321923255,0.9095876216888428,-0.1401794850826263,0.0725333,0.537742,0.23907,27.5917,0.4999999999999999,0.8660254037844387,1.4901161193847656e-08,1.788139343261719e-07,1,0.9019465446472168,0.2623277306556701,0.4196178913116455,0.416593081071165,2024-01-21 07:02:11.024,T39QXG,T39QXG,-1.1394625632774271,-0.2694260419013536,-0.6214749184550857,7.413725833513712,0.12855797994,3.2960033529427175
S2A_MSIL2A_20240111T070241_R063_T39QXG_20240111T113149_0000.jpg,S2A_MSIL2A_20240111T070241_R063_T39QXG_20240111T113149,2024-01-11 07:02:41.024000+00:00,2024-01,0.0424852594733238,0.90427565574646,-0.1467495858669281,0.0848667,0.685757,0.176085,27.6317,0.4999999999999999,0.8660254037844387,0.0,2.384185791015625e-07,1,0.9019465446472168,0.2623277306556701,0.4196178913116455,0.4687945233980315,2024-01-11 07:02:41.024,T39QXG,T39QXG,-1.0712626848229228,-0.16382975055411872,-0.7542776383239762,8.080401382403227,0.12075152134499999,2.074842075867213
S2B_MSIL2A_20240106T070259_R063_T39QXG_20240106T101530_0000.jpg,S2B_MSIL2A_20240106T070259_R063_T39QXG_20240106T101530,2024-01-06 07:02:59.024000+00:00,2024-01,0.0361114740371704,0.895275354385376,-0.145433023571968,0.0636,0.44439,0.214463,28.35,0.4999999999999999,0.8660254037844387,0.0,2.384185791015625e-07,0,0.9019465446472168,0.2623277306556701,0.4196178913116455,0.4236140674311359,2024-01-06 07:02:59.024,T39QXG,T39QXG,-1.1965428843515862,-0.3522357224442276,-0.6686476232083258,6.987264150943396,0.09530521256999999,3.3720597484276724
S2A_MSIL2A_20240101T070301_R063_T39QXG_20240101T114458_0000.jpg,S2A_MSIL2A_20240101T070301_R063_T39QXG_20240101T114458,2024-01-01 07:03:01.024000+00:00,2024-01,0.0322360694408416,0.9787962436676024,-0.0757898911833763,0.0667,0.471971,0.220328,28.5983,0.4999999999999999,0.8660254037844387,0.0,1.1920928955078125e-07,0,0.9019465446472168,0.2623277306556701,0.4196178913116455,0.3511423541356238,2024-01-01 07:03:01.024,T39QXG,T39QXG,-1.175874166083451,-0.32608468553307235,-0.6569303077844174,7.076026986506747,0.103988426488,3.303268365817092
S2B_MSIL2A_20231227T070309_R063_T39QXG_20231227T102112_0000.jpg,S2B_MSIL2A_20231227T070309_R063_T39QXG_20231227T102112,2023-12-27 07:03:09.024000+00:00,2023-12,0.0403409972786903,0.9126861691474916,-0.1351140588521957,0.0667,0.471971,0.220328,28.5983,-2.4492935982947064e-16,1.0,0.0,1.1920928955078125e-07,1,0.946549355983734,0.204508975148201,0.5123556852340698,0.424805534737671,2023-12-27 07:03:09.024,T39QXG,T39QXG,-1.175874166083451,-0.32608468553307235,-0.6569303077844174,7.076026986506747,0.103988426488,3.303268365817092
S2C_MSIL2A_20250125T070221_R063_T39QXG_20250125T110112_0000.jpg,S2C_MSIL2A_20250125T070221_R063_T39QXG_20250125T110112,2025-01-25 07:02:21.025000+00:00,2025-01,0.0426294803619384,0.9241055846214294,-0.1232090294361114,0.077,0.627444,0.32883,26.8567,0.4999999999999999,0.8660254037844387,2.9802322387695312e-08,0.0,1,0.9229947626590728,0.2324838265776633,0.5200057178735733,0.431920777139743,2025-01-25 07:02:21.025,T39QXG,T39QXG,-1.1135092748275182,-0.20242502933101714,-0.48302856753067297,8.148623376623377,0.20632241052,4.27051948051948
S2A_MSIL2A_20250115T070231_R063_T39QXG_20250115T101359_0000.jpg,S2A_MSIL2A_20250115T070231_R063_T39QXG_20250115T101359,2025-01-15 07:02:31.024000+00:00,2025-01,0.0394098162651062,0.904820680618286,-0.1366749852895736,0.077,0.627444,0.32883,26.8567,0.4999999999999999,0.8660254037844387,1.4901161193847656e-08,1.788139343261719e-07,1,0.9229947626590728,0.2324838265776633,0.5200057178735733,0.4683248251739059,2025-01-15 07:02:31.024,T39QXG,T39QXG,-1.1135092748275182,-0.20242502933101714,-0.48302856753067297,8.148623376623377,0.20632241052,4.27051948051948
S2B_MSIL2A_20250110T070149_R063_T39QXG_20250110T091744_0000.jpg,S2B_MSIL2A_20250110T070149_R063_T39QXG_20250110T091744,2025-01-10 07:01:49.024000+00:00,2025-01,0.039796769618988,0.9322329163551332,-0.1086293756961822,0.077,0.627444,0.32883,26.8567,0.4999999999999999,0.8660254037844387,7.450580596923828e-09,1.1920928955078125e-07,1,0.9229947626590728,0.2324838265776633,0.5200057178735733,0.4516016199788794,2025-01-10 07:01:49.024,T39QXG,T39QXG,-1.1135092748275182,-0.20242502933101714,-0.48302856753067297,8.148623376623377,0.20632241052,4.27051948051948
S2A_MSIL2A_20250105T070301_R063_T39QXG_20250105T101308_0000.jpg,S2A_MSIL2A_20250105T070301_R063_T39QXG_20250105T101308,2025-01-05 07:03:01.024000+00:00,2025-01,0.0393311381340026,0.898367166519165,-0.1422428041696548,0.077,0.627444,0.32883,26.8567,0.4999999999999999,0.8660254037844387,0.0,2.384185791015625e-07,1,0.9229947626590728,0.2324838265776633,0.5200057178735733,0.4754353135903592,2025-01-05 07:03:01.024,T39QXG,T39QXG,-1.1135092748275182,-0.20242502933101714,-0.48302856753067297,8.148623376623377,0.20632241052,4.27051948051948
S2A_MSIL2A_20241226T070311_R063_T39QXG_20241226T100152_0000.jpg,S2A_MSIL2A_20241226T070311_R063_T39QXG_20241226T100152,2024-12-26 07:03:11.024000+00:00,2024-12,0.0435279011726379,0.9213903546333312,-0.1279069036245346,0.077,0.627444,0.32883,26.8567,-2.4492935982947064e-16,1.0,1.4901161193847656e-08,1.1920928955078125e-07,1,0.9183853268623352,0.2705946862697601,0.6122208833694458,0.4542637626507109,2024-12-26 07:03:11.024,T39QXG,T39QXG,-1.1135092748275182,-0.20242502933101714,-0.48302856753067297,8.148623376623377,0.20632241052,4.27051948051948
