tile,scene_id,hab_label,month_key,region_key,p_fused,yhat,thr_star
S2B_MSIL2A_20170909T065619_R063_T39QXG_20210201T223815_0000.jpg,S2B_MSIL2A_20170909T065619_R063_T39QXG_20210201T223815,1,2017-09,T39QXG,0.6796556777133451,0,0.8748625934688515
S2A_MSIL2A_20170825T065621_R063_T39QXG_20210201T094547_0000.jpg,S2A_MSIL2A_20170825T065621_R063_T39QXG_20210201T094547,1,2017-08,T39QXG,0.9551090491607619,1,0.8748625934688515
S2A_MSIL2A_20170805T065621_R063_T39QXG_20210210T194556_0000.jpg,S2A_MSIL2A_20170805T065621_R063_T39QXG_20210210T194556,0,2017-08,T39QXG,0.012648578308559743,0,0.8748625934688515
S2B_MSIL2A_20170731T065619_R063_T39QXG_20210210T172720_0000.jpg,S2B_MSIL2A_20170731T065619_R063_T39QXG_20210210T172720,1,2017-07,T39QXG,0.9403169324329345,1,0.8748625934688515
S2A_MSIL2A_20170626T065621_R063_T39QXG_20210210T014612_0000.jpg,S2A_MSIL2A_20170626T065621_R063_T39QXG_20210210T014612,0,2017-06,T39QXG,0.1451910690831977,0,0.8748625934688515
S2A_MSIL2A_20170606T065621_R063_T39QXG_20210209T205041_0000.jpg,S2A_MSIL2A_20170606T065621_R063_T39QXG_20210209T205041,1,2017-06,T39QXG,0.9602044526690393,1,0.8748625934688515
S2A_MSIL2A_20180929T065651_R063_T39QXG_20201009T060705_0000.jpg,S2A_MSIL2A_20180929T065651_R063_T39QXG_20201009T060705,0,2018-09,T39QXG,0.23013700109235244,0,0.8748625934688515
S2B_MSIL2A_20180924T065619_R063_T39QXG_20201009T042750_0000.jpg,S2B_MSIL2A_20180924T065619_R063_T39QXG_20201009T042750,0,2018-09,T39QXG,0.1944946871565612,0,0.8748625934688515
S2A_MSIL2A_20180919T065621_R063_T39QXG_20201009T024121_0000.jpg,S2A_MSIL2A_20180919T065621_R063_T39QXG_20201009T024121,0,2018-09,T39QXG,0.009858720338673094,0,0.8748625934688515
S2B_MSIL2A_20180914T065619_R063_T39QXG_20201009T011434_0000.jpg,S2B_MSIL2A_20180914T065619_R063_T39QXG_20201009T011434,0,2018-09,T39QXG,0.007899036400122468,0,0.8748625934688515
S2B_MSIL2A_20180904T065619_R063_T39QXG_20201011T083613_0000.jpg,S2B_MSIL2A_20180904T065619_R063_T39QXG_20201011T083613,0,2018-09,T39QXG,0.1822817983673295,0,0.8748625934688515
S2A_MSIL2A_20180830T065621_R063_T39QXG_20201103T141110_0000.jpg,S2A_MSIL2A_20180830T065621_R063_T39QXG_20201103T141110,1,2018-08,T39QXG,0.9876350077178188,1,0.8748625934688515
S2A_MSIL2A_20180820T065621_R063_T39QXG_20201011T042051_0000.jpg,S2A_MSIL2A_20180820T065621_R063_T39QXG_20201011T042051,0,2018-08,T39QXG,0.06204034630906777,0,0.8748625934688515
S2B_MSIL2A_20180815T065729_R063_T39QXG_20201011T021229_0000.jpg,S2B_MSIL2A_20180815T065729_R063_T39QXG_20201011T021229,0,2018-08,T39QXG,0.06238133416802783,0,0.8748625934688515
S2B_MSIL2A_20180716T065619_R063_T39QXG_20201011T163441_0000.jpg,S2B_MSIL2A_20180716T065619_R063_T39QXG_20201011T163441,0,2018-07,T39QXG,0.15081860260213545,0,0.8748625934688515
S2B_MSIL2A_20180706T065619_R063_T39QXG_20201011T124309_0000.jpg,S2B_MSIL2A_20180706T065619_R063_T39QXG_20201011T124309,0,2018-07,T39QXG,0.3883538328753495,0,0.8748625934688515
S2A_MSIL2A_20190904T065621_R063_T39QXG_20201004T090539_0000.jpg,S2A_MSIL2A_20190904T065621_R063_T39QXG_20201004T090539,1,2019-09,T39QXG,0.9295423880099849,1,0.8748625934688515
S2A_MSIL2A_20190825T065621_R063_T39QXG_20201005T043538_0000.jpg,S2A_MSIL2A_20190825T065621_R063_T39QXG_20201005T043538,1,2019-08,T39QXG,0.9477910765943631,1,0.8748625934688515
S2A_MSIL2A_20190815T065631_R063_T39QXG_20201005T003451_0000.jpg,S2A_MSIL2A_20190815T065631_R063_T39QXG_20201005T003451,1,2019-08,T39QXG,0.6933949776668478,0,0.8748625934688515
S2B_MSIL2A_20190701T065629_R063_T39QXG_20201005T075203_0000.jpg,S2B_MSIL2A_20190701T065629_R063_T39QXG_20201005T075203,1,2019-07,T39QXG,0.8020767412618769,0,0.8748625934688515
S2A_MSIL2A_20200928T065651_R063_T39QXG_20201001T020408_0000.jpg,S2A_MSIL2A_20200928T065651_R063_T39QXG_20201001T020408,1,2020-09,T39QXG,0.9567903643625563,1,0.8748625934688515
S2B_MSIL2A_20200923T065629_R063_T39QXG_20201028T044418_0000.jpg,S2B_MSIL2A_20200923T065629_R063_T39QXG_20201028T044418,1,2020-09,T39QXG,0.9297557902823339,1,0.8748625934688515
S2A_MSIL2A_20200918T065631_R063_T39QXG_20200921T101042_0000.jpg,S2A_MSIL2A_20200918T065631_R063_T39QXG_20200921T101042,1,2020-09,T39QXG,0.9540127119034578,1,0.8748625934688515
S2B_MSIL2A_20200913T065629_R063_T39QXG_20201027T093056_0000.jpg,S2B_MSIL2A_20200913T065629_R063_T39QXG_20201027T093056,1,2020-09,T39QXG,0.9283412489246993,1,0.8748625934688515
S2A_MSIL2A_20200908T065631_R063_T39QXG_20201027T154720_0000.jpg,S2A_MSIL2A_20200908T065631_R063_T39QXG_20201027T154720,0,2020-09,T39QXG,0.06491393941132742,0,0.8748625934688515
S2A_MSIL2A_20200730T065631_R063_T39QXG_20200818T030617_0000.jpg,S2A_MSIL2A_20200730T065631_R063_T39QXG_20200818T030617,1,2020-07,T39QXG,0.9873315894148492,1,0.8748625934688515
S2B_MSIL2A_20200725T065629_R063_T39QXG_20200817T124238_0000.jpg,S2B_MSIL2A_20200725T065629_R063_T39QXG_20200817T124238,0,2020-07,T39QXG,0.01822235003592177,0,0.8748625934688515
S2B_MSIL2A_20200715T065629_R063_T39QXG_20200919T085206_0000.jpg,S2B_MSIL2A_20200715T065629_R063_T39QXG_20200919T085206,0,2020-07,T39QXG,0.01087652841409749,0,0.8748625934688515
S2A_MSIL2A_20200710T065631_R063_T39QXG_20200912T162127_0000.jpg,S2A_MSIL2A_20200710T065631_R063_T39QXG_20200912T162127,0,2020-07,T39QXG,0.02097391128309464,0,0.8748625934688515
S2A_MSIL2A_20200630T065631_R063_T39QXG_20200824T160716_0000.jpg,S2A_MSIL2A_20200630T065631_R063_T39QXG_20200824T160716,1,2020-06,T39QXG,0.4754067767514677,0,0.8748625934688515
S2B_MSIL2A_20210928T065649_R063_T39QXG_20210929T000956_0000.jpg,S2B_MSIL2A_20210928T065649_R063_T39QXG_20210929T000956,1,2021-09,T39QXG,0.9715385939405075,1,0.8748625934688515
S2A_MSIL2A_20210923T065631_R063_T39QXG_20210924T013326_0000.jpg,S2A_MSIL2A_20210923T065631_R063_T39QXG_20210924T013326,1,2021-09,T39QXG,0.9586254903264371,1,0.8748625934688515
S2A_MSIL2A_20210913T065621_R063_T39QXG_20210913T211924_0000.jpg,S2A_MSIL2A_20210913T065621_R063_T39QXG_20210913T211924,0,2021-09,T39QXG,0.017485315894876428,0,0.8748625934688515
S2B_MSIL2A_20210908T065619_R063_T39QXG_20210908T213712_0000.jpg,S2B_MSIL2A_20210908T065619_R063_T39QXG_20210908T213712,0,2021-09,T39QXG,0.02240452772091679,0,0.8748625934688515
S2A_MSIL2A_20210824T065621_R063_T39QXG_20210824T155101_0000.jpg,S2A_MSIL2A_20210824T065621_R063_T39QXG_20210824T155101,0,2021-08,T39QXG,0.023569058700746322,0,0.8748625934688515
S2B_MSIL2A_20210819T065619_R063_T39QXG_20210819T181500_0000.jpg,S2B_MSIL2A_20210819T065619_R063_T39QXG_20210819T181500,0,2021-08,T39QXG,0.06369599359417258,0,0.8748625934688515
S2A_MSIL2A_20210814T065631_R063_T39QXG_20210814T183828_0000.jpg,S2A_MSIL2A_20210814T065631_R063_T39QXG_20210814T183828,0,2021-08,T39QXG,0.07520994228075964,0,0.8748625934688515
S2A_MSIL2A_20210804T065631_R063_T39QXG_20210804T174443_0000.jpg,S2A_MSIL2A_20210804T065631_R063_T39QXG_20210804T174443,1,2021-08,T39QXG,0.9732725584496142,1,0.8748625934688515
S2B_MSIL2A_20210730T065629_R063_T39QXG_20210730T184548_0000.jpg,S2B_MSIL2A_20210730T065629_R063_T39QXG_20210730T184548,1,2021-07,T39QXG,0.9577668900683178,1,0.8748625934688515
S2A_MSIL2A_20210725T065631_R063_T39QXG_20210726T051413_0000.jpg,S2A_MSIL2A_20210725T065631_R063_T39QXG_20210726T051413,0,2021-07,T39QXG,0.044662924083031116,0,0.8748625934688515
S2B_MSIL2A_20210720T065629_R063_T39QXG_20210720T171952_0000.jpg,S2B_MSIL2A_20210720T065629_R063_T39QXG_20210720T171952,0,2021-07,T39QXG,0.02773280517838702,0,0.8748625934688515
S2B_MSIL2A_20210630T065629_R063_T39QXG_20210701T040612_0000.jpg,S2B_MSIL2A_20210630T065629_R063_T39QXG_20210701T040612,1,2021-06,T39QXG,0.9118192439153895,1,0.8748625934688515
S2A_MSIL2A_20220928T065651_R063_T39QXG_20240730T192859_0000.jpg,S2A_MSIL2A_20220928T065651_R063_T39QXG_20240730T192859,1,2022-09,T39QXG,0.980619580693843,1,0.8748625934688515
S2A_MSIL2A_20220928T065651_R063_T39QXG_20220928T234907_0000.jpg,S2A_MSIL2A_20220928T065651_R063_T39QXG_20220928T234907,1,2022-09,T39QXG,0.9796626867644485,1,0.8748625934688515
S2B_MSIL2A_20220923T065629_R063_T39QXG_20240725T151945_0000.jpg,S2B_MSIL2A_20220923T065629_R063_T39QXG_20240725T151945,1,2022-09,T39QXG,0.9885981789765276,1,0.8748625934688515
S2B_MSIL2A_20220923T065629_R063_T39QXG_20220924T000152_0000.jpg,S2B_MSIL2A_20220923T065629_R063_T39QXG_20220924T000152,1,2022-09,T39QXG,0.9883202518579943,1,0.8748625934688515
S2A_MSIL2A_20220918T065631_R063_T39QXG_20240729T142658_0000.jpg,S2A_MSIL2A_20220918T065631_R063_T39QXG_20240729T142658,0,2022-09,T39QXG,0.20359318013370142,0,0.8748625934688515
S2A_MSIL2A_20220918T065631_R063_T39QXG_20220919T032927_0000.jpg,S2A_MSIL2A_20220918T065631_R063_T39QXG_20220919T032927,0,2022-09,T39QXG,0.18010278302563715,0,0.8748625934688515
S2B_MSIL2A_20220913T065629_R063_T39QXG_20220913T171218_0000.jpg,S2B_MSIL2A_20220913T065629_R063_T39QXG_20220913T171218,0,2022-09,T39QXG,0.009213040270328317,0,0.8748625934688515
S2A_MSIL2A_20220908T065631_R063_T39QXG_20220911T052036_0000.jpg,S2A_MSIL2A_20220908T065631_R063_T39QXG_20220911T052036,0,2022-09,T39QXG,0.013478067351368219,0,0.8748625934688515
S2B_MSIL2A_20220903T065629_R063_T39QXG_20220903T175254_0000.jpg,S2B_MSIL2A_20220903T065629_R063_T39QXG_20220903T175254,0,2022-09,T39QXG,0.11334236790607317,0,0.8748625934688515
S2A_MSIL2A_20220829T065641_R063_T39QXG_20240718T033121_0000.jpg,S2A_MSIL2A_20220829T065641_R063_T39QXG_20240718T033121,0,2022-08,T39QXG,0.11390217646285022,0,0.8748625934688515
S2A_MSIL2A_20220829T065641_R063_T39QXG_20220830T225205_0000.jpg,S2A_MSIL2A_20220829T065641_R063_T39QXG_20220830T225205,0,2022-08,T39QXG,0.1012396612359347,0,0.8748625934688515
S2B_MSIL2A_20220824T065619_R063_T39QXG_20220825T015302_0000.jpg,S2B_MSIL2A_20220824T065619_R063_T39QXG_20220825T015302,0,2022-08,T39QXG,0.013437352463272928,0,0.8748625934688515
S2A_MSIL2A_20220819T065641_R063_T39QXG_20240720T015827_0000.jpg,S2A_MSIL2A_20220819T065641_R063_T39QXG_20240720T015827,1,2022-08,T39QXG,0.977842440817386,1,0.8748625934688515
S2A_MSIL2A_20220819T065641_R063_T39QXG_20220819T215726_0000.jpg,S2A_MSIL2A_20220819T065641_R063_T39QXG_20220819T215726,1,2022-08,T39QXG,0.9797185694204721,1,0.8748625934688515
S2B_MSIL2A_20220814T065629_R063_T39QXG_20220814T151723_0000.jpg,S2B_MSIL2A_20220814T065629_R063_T39QXG_20220814T151723,1,2022-08,T39QXG,0.9620106134702228,1,0.8748625934688515
S2B_MSIL2A_20230928T065649_R063_T39QXG_20241102T043937_0000.jpg,S2B_MSIL2A_20230928T065649_R063_T39QXG_20241102T043937,1,2023-09,T39QXG,0.9385295960444506,1,0.8748625934688515
S2B_MSIL2A_20230928T065649_R063_T39QXG_20230928T122354_0000.jpg,S2B_MSIL2A_20230928T065649_R063_T39QXG_20230928T122354,1,2023-09,T39QXG,0.9658846865020293,1,0.8748625934688515
S2A_MSIL2A_20230923T065621_R063_T39QXG_20241028T071613_0000.jpg,S2A_MSIL2A_20230923T065621_R063_T39QXG_20241028T071613,1,2023-09,T39QXG,0.9703819108799878,1,0.8748625934688515
S2A_MSIL2A_20230923T065621_R063_T39QXG_20230923T121348_0000.jpg,S2A_MSIL2A_20230923T065621_R063_T39QXG_20230923T121348,1,2023-09,T39QXG,0.9607141482927225,1,0.8748625934688515
S2B_MSIL2A_20230918T065629_R063_T39QXG_20241025T081232_0000.jpg,S2B_MSIL2A_20230918T065629_R063_T39QXG_20241025T081232,0,2023-09,T39QXG,0.031124679823006644,0,0.8748625934688515
S2A_MSIL2A_20230913T065631_R063_T39QXG_20241027T165012_0000.jpg,S2A_MSIL2A_20230913T065631_R063_T39QXG_20241027T165012,1,2023-09,T39QXG,0.736684416624462,0,0.8748625934688515
S2A_MSIL2A_20230913T065631_R063_T39QXG_20230913T132300_0000.jpg,S2A_MSIL2A_20230913T065631_R063_T39QXG_20230913T132300,1,2023-09,T39QXG,0.7415967491820845,0,0.8748625934688515
S2B_MSIL2A_20230908T065629_R063_T39QXG_20241023T151834_0000.jpg,S2B_MSIL2A_20230908T065629_R063_T39QXG_20241023T151834,1,2023-09,T39QXG,0.7469522676655124,0,0.8748625934688515
S2A_MSIL2A_20230903T065631_R063_T39QXG_20230903T134044_0000.jpg,S2A_MSIL2A_20230903T065631_R063_T39QXG_20230903T134044,0,2023-09,T39QXG,0.0216739399849981,0,0.8748625934688515
S2B_MSIL2A_20230829T065629_R063_T39QXG_20241017T113451_0000.jpg,S2B_MSIL2A_20230829T065629_R063_T39QXG_20241017T113451,0,2023-08,T39QXG,0.020674840000472688,0,0.8748625934688515
S2B_MSIL2A_20230829T065629_R063_T39QXG_20230829T131134_0000.jpg,S2B_MSIL2A_20230829T065629_R063_T39QXG_20230829T131134,0,2023-08,T39QXG,0.02016733257200789,0,0.8748625934688515
S2A_MSIL2A_20230824T065631_R063_T39QXG_20241025T152112_0000.jpg,S2A_MSIL2A_20230824T065631_R063_T39QXG_20241025T152112,1,2023-08,T39QXG,0.9891349861788131,1,0.8748625934688515
S2A_MSIL2A_20230824T065631_R063_T39QXG_20230824T150407_0000.jpg,S2A_MSIL2A_20230824T065631_R063_T39QXG_20230824T150407,1,2023-08,T39QXG,0.9873279646921679,1,0.8748625934688515
S2A_MSIL2A_20240927T065641_R063_T39QXG_20240927T112652_0000.jpg,S2A_MSIL2A_20240927T065641_R063_T39QXG_20240927T112652,1,2024-09,T39QXG,0.9821978294368087,1,0.8748625934688515
S2B_MSIL2A_20240922T065619_R063_T39QXG_20240922T102739_0000.jpg,S2B_MSIL2A_20240922T065619_R063_T39QXG_20240922T102739,1,2024-09,T39QXG,0.9808538543460377,1,0.8748625934688515
S2B_MSIL2A_20240912T065619_R063_T39QXG_20240912T130211_0000.jpg,S2B_MSIL2A_20240912T065619_R063_T39QXG_20240912T130211,0,2024-09,T39QXG,0.014781332903821123,0,0.8748625934688515
S2A_MSIL2A_20240907T065621_R063_T39QXG_20240907T115459_0000.jpg,S2A_MSIL2A_20240907T065621_R063_T39QXG_20240907T115459,0,2024-09,T39QXG,0.010701232885132092,0,0.8748625934688515
S2B_MSIL2A_20240902T065629_R063_T39QXG_20240902T111143_0000.jpg,S2B_MSIL2A_20240902T065629_R063_T39QXG_20240902T111143,0,2024-09,T39QXG,0.5153795160217386,0,0.8748625934688515
S2A_MSIL2A_20240719T065621_R063_T39QXG_20240719T132007_0000.jpg,S2A_MSIL2A_20240719T065621_R063_T39QXG_20240719T132007,1,2024-07,T39QXG,0.9191547779215566,1,0.8748625934688515
S2B_MSIL2A_20240714T065619_R063_T39QXG_20240714T115201_0000.jpg,S2B_MSIL2A_20240714T065619_R063_T39QXG_20240714T115201,1,2024-07,T39QXG,0.9359389746916678,1,0.8748625934688515
S2B_MSIL2A_20240704T065629_R063_T39QXG_20240705T224349_0000.jpg,S2B_MSIL2A_20240704T065629_R063_T39QXG_20240705T224349,0,2024-07,T39QXG,0.16967382132708594,0,0.8748625934688515
S2A_MSIL2A_20240619T065631_R063_T39QXG_20240619T131334_0000.jpg,S2A_MSIL2A_20240619T065631_R063_T39QXG_20240619T131334,1,2024-06,T39QXG,0.9453506778403807,1,0.8748625934688515
S2B_MSIL2A_20180328T065919_R063_T39QXG_20201013T154107_0000.jpg,S2B_MSIL2A_20180328T065919_R063_T39QXG_20201013T154107,0,2018-03,T39QXG,0.05247460371352816,0,0.8748625934688515
S2A_MSIL2A_20180323T065621_R063_T39QXG_20201013T125706_0000.jpg,S2A_MSIL2A_20180323T065621_R063_T39QXG_20201013T125706,0,2018-03,T39QXG,0.047780088186451984,0,0.8748625934688515
S2B_MSIL2A_20180318T065619_R063_T39QXG_20201013T105007_0000.jpg,S2B_MSIL2A_20180318T065619_R063_T39QXG_20201013T105007,0,2018-03,T39QXG,0.03789928888283596,0,0.8748625934688515
S2A_MSIL2A_20180313T065651_R063_T39QXG_20201013T082101_0000.jpg,S2A_MSIL2A_20180313T065651_R063_T39QXG_20201013T082101,0,2018-03,T39QXG,0.06053487135817006,0,0.8748625934688515
S2A_MSIL2A_20180303T065801_R063_T39QXG_20201013T055226_0000.jpg,S2A_MSIL2A_20180303T065801_R063_T39QXG_20201013T055226,1,2018-03,T39QXG,0.9823756688980138,1,0.8748625934688515
S2B_MSIL2A_20180226T065829_R063_T39QXG_20201104T154320_0000.jpg,S2B_MSIL2A_20180226T065829_R063_T39QXG_20201104T154320,1,2018-02,T39QXG,0.988424033031576,1,0.8748625934688515
S2A_MSIL2A_20180221T065911_R063_T39QXG_20201013T234500_0000.jpg,S2A_MSIL2A_20180221T065911_R063_T39QXG_20201013T234500,1,2018-02,T39QXG,0.9436990296745323,1,0.8748625934688515
S2B_MSIL2A_20180216T065929_R063_T39QXG_20201013T220228_0000.jpg,S2B_MSIL2A_20180216T065929_R063_T39QXG_20201013T220228,0,2018-02,T39QXG,0.06048296385099765,0,0.8748625934688515
S2A_MSIL2A_20180211T070021_R063_T39QXG_20201026T022414_0000.jpg,S2A_MSIL2A_20180211T070021_R063_T39QXG_20201026T022414,0,2018-02,T39QXG,0.07015390557634596,0,0.8748625934688515
S2A_MSIL2A_20180201T070111_R063_T39QXG_20201013T174623_0000.jpg,S2A_MSIL2A_20180201T070111_R063_T39QXG_20201013T174623,1,2018-02,T39QXG,0.6581897636586576,0,0.8748625934688515
S2B_MSIL2A_20180117T070219_R063_T39QXG_20201014T062903_0000.jpg,S2B_MSIL2A_20180117T070219_R063_T39QXG_20201014T062903,0,2018-01,T39QXG,0.23639342763826027,0,0.8748625934688515
S2A_MSIL2A_20180112T070231_R063_T39QXG_20201014T050638_0000.jpg,S2A_MSIL2A_20180112T070231_R063_T39QXG_20201014T050638,0,2018-01,T39QXG,0.22559770028668116,0,0.8748625934688515
S2B_MSIL2A_20180107T070249_R063_T39QXG_20201014T040002_0000.jpg,S2B_MSIL2A_20180107T070249_R063_T39QXG_20201014T040002,0,2018-01,T39QXG,0.07492569989664118,0,0.8748625934688515
S2A_MSIL2A_20190318T065621_R063_T39QXG_20201007T074707_0000.jpg,S2A_MSIL2A_20190318T065621_R063_T39QXG_20201007T074707,1,2019-03,T39QXG,0.9343363394088953,1,0.8748625934688515
S2B_MSIL2A_20190313T065649_R063_T39QXG_20221118T122016_0000.jpg,S2B_MSIL2A_20190313T065649_R063_T39QXG_20221118T122016,0,2019-03,T39QXG,0.46632830020738036,0,0.8748625934688515
S2B_MSIL2A_20190313T065649_R063_T39QXG_20201007T061904_0000.jpg,S2B_MSIL2A_20190313T065649_R063_T39QXG_20201007T061904,0,2019-03,T39QXG,0.35262604794961283,0,0.8748625934688515
S2A_MSIL2A_20190308T065721_R063_T39QXG_20201007T042258_0000.jpg,S2A_MSIL2A_20190308T065721_R063_T39QXG_20201007T042258,0,2019-03,T39QXG,0.3393100112704694,0,0.8748625934688515
S2B_MSIL2A_20190303T065809_R063_T39QXG_20201030T112946_0000.jpg,S2B_MSIL2A_20190303T065809_R063_T39QXG_20201030T112946,1,2019-03,T39QXG,0.912372789803239,1,0.8748625934688515
S2A_MSIL2A_20190226T065841_R063_T39QXG_20201007T204648_0000.jpg,S2A_MSIL2A_20190226T065841_R063_T39QXG_20201007T204648,1,2019-02,T39QXG,0.9712407883975545,1,0.8748625934688515
S2B_MSIL2A_20190221T065919_R063_T39QXG_20201007T191341_0000.jpg,S2B_MSIL2A_20190221T065919_R063_T39QXG_20201007T191341,0,2019-02,T39QXG,0.009045377140548585,0,0.8748625934688515
S2B_MSIL2A_20190211T070019_R063_T39QXG_20201007T155653_0000.jpg,S2B_MSIL2A_20190211T070019_R063_T39QXG_20201007T155653,0,2019-02,T39QXG,0.5978577388735112,0,0.8748625934688515
S2A_MSIL2A_20190206T070051_R063_T39QXG_20201007T142408_0000.jpg,S2A_MSIL2A_20190206T070051_R063_T39QXG_20201007T142408,1,2019-02,T39QXG,0.9837049960573799,1,0.8748625934688515
S2B_MSIL2A_20190201T070119_R063_T39QXG_20201029T235440_0000.jpg,S2B_MSIL2A_20190201T070119_R063_T39QXG_20201029T235440,0,2019-02,T39QXG,0.01238469461621745,0,0.8748625934688515
S2A_MSIL2A_20190127T070141_R063_T39QXG_20201008T050026_0000.jpg,S2A_MSIL2A_20190127T070141_R063_T39QXG_20201008T050026,0,2019-01,T39QXG,0.006934735051279505,0,0.8748625934688515
S2B_MSIL2A_20190122T070209_R063_T39QXG_20201008T034450_0000.jpg,S2B_MSIL2A_20190122T070209_R063_T39QXG_20201008T034450,1,2019-01,T39QXG,0.9831548594376072,1,0.8748625934688515
S2A_MSIL2A_20190117T070221_R063_T39QXG_20201008T021414_0000.jpg,S2A_MSIL2A_20190117T070221_R063_T39QXG_20201008T021414,1,2019-01,T39QXG,0.9857991109155133,1,0.8748625934688515
S2B_MSIL2A_20190112T070239_R063_T39QXG_20201008T005855_0000.jpg,S2B_MSIL2A_20190112T070239_R063_T39QXG_20201008T005855,0,2019-01,T39QXG,0.0551358384514425,0,0.8748625934688515
S2A_MSIL2A_20190107T070251_R063_T39QXG_20201007T232849_0000.jpg,S2A_MSIL2A_20190107T070251_R063_T39QXG_20201007T232849,0,2019-01,T39QXG,0.24040755803259858,0,0.8748625934688515
S2B_MSIL2A_20200327T065619_R063_T39QXG_20201027T114721_0000.jpg,S2B_MSIL2A_20200327T065619_R063_T39QXG_20201027T114721,0,2020-03,T39QXG,0.2630042832662355,0,0.8748625934688515
S2A_MSIL2A_20200322T065621_R063_T39QXG_20201014T192405_0000.jpg,S2A_MSIL2A_20200322T065621_R063_T39QXG_20201014T192405,0,2020-03,T39QXG,0.16401396042729433,0,0.8748625934688515
S2B_MSIL2A_20200317T065619_R063_T39QXG_20201010T111701_0000.jpg,S2B_MSIL2A_20200317T065619_R063_T39QXG_20201010T111701,1,2020-03,T39QXG,0.9260402961474374,1,0.8748625934688515
S2B_MSIL2A_20200307T065729_R063_T39QXG_20201003T195728_0000.jpg,S2B_MSIL2A_20200307T065729_R063_T39QXG_20201003T195728,0,2020-03,T39QXG,0.08703910523481653,0,0.8748625934688515
S2A_MSIL2A_20200302T065801_R063_T39QXG_20200926T020245_0000.jpg,S2A_MSIL2A_20200302T065801_R063_T39QXG_20200926T020245,1,2020-03,T39QXG,0.9576138070174767,1,0.8748625934688515
S2A_MSIL2A_20200221T065911_R063_T39QXG_20200927T132322_0000.jpg,S2A_MSIL2A_20200221T065911_R063_T39QXG_20200927T132322,0,2020-02,T39QXG,0.386144401536845,0,0.8748625934688515
S2B_MSIL2A_20200216T065939_R063_T39QXG_20200929T114644_0000.jpg,S2B_MSIL2A_20200216T065939_R063_T39QXG_20200929T114644,0,2020-02,T39QXG,0.3790116368611763,0,0.8748625934688515
S2B_MSIL2A_20200127T070139_R063_T39QXG_20201002T124936_0000.jpg,S2B_MSIL2A_20200127T070139_R063_T39QXG_20201002T124936,0,2020-01,T39QXG,0.07343001262998536,0,0.8748625934688515
S2A_MSIL2A_20200122T070201_R063_T39QXG_20201002T050518_0000.jpg,S2A_MSIL2A_20200122T070201_R063_T39QXG_20201002T050518,1,2020-01,T39QXG,0.9855352995562243,1,0.8748625934688515
S2B_MSIL2A_20200117T070219_R063_T39QXG_20201002T195630_0000.jpg,S2B_MSIL2A_20200117T070219_R063_T39QXG_20201002T195630,1,2020-01,T39QXG,0.9771748013585788,1,0.8748625934688515
S2B_MSIL2A_20200107T070249_R063_T39QXG_20201029T121541_0000.jpg,S2B_MSIL2A_20200107T070249_R063_T39QXG_20201029T121541,1,2020-01,T39QXG,0.3651472173297567,0,0.8748625934688515
S2A_MSIL2A_20200102T070301_R063_T39QXG_20201002T215142_0000.jpg,S2A_MSIL2A_20200102T070301_R063_T39QXG_20201002T215142,1,2020-01,T39QXG,0.31190171501478203,0,0.8748625934688515
S2A_MSIL2A_20210327T065621_R063_T39QXG_20210327T193611_0000.jpg,S2A_MSIL2A_20210327T065621_R063_T39QXG_20210327T193611,0,2021-03,T39QXG,0.01978499744945739,0,0.8748625934688515
S2B_MSIL2A_20210322T065619_R063_T39QXG_20210323T015515_0000.jpg,S2B_MSIL2A_20210322T065619_R063_T39QXG_20210323T015515,0,2021-03,T39QXG,0.023985000357498707,0,0.8748625934688515
S2A_MSIL2A_20210317T065621_R063_T39QXG_20210317T221928_0000.jpg,S2A_MSIL2A_20210317T065621_R063_T39QXG_20210317T221928,0,2021-03,T39QXG,0.05380052524549824,0,0.8748625934688515
S2A_MSIL2A_20210307T065731_R063_T39QXG_20210307T203727_0000.jpg,S2A_MSIL2A_20210307T065731_R063_T39QXG_20210307T203727,0,2021-03,T39QXG,0.39455507058088796,0,0.8748625934688515
S2B_MSIL2A_20210302T065809_R063_T39QXG_20210302T153932_0000.jpg,S2B_MSIL2A_20210302T065809_R063_T39QXG_20210302T153932,1,2021-03,T39QXG,0.9915328773837722,1,0.8748625934688515
S2A_MSIL2A_20210225T065851_R063_T39QXG_20210225T181931_0000.jpg,S2A_MSIL2A_20210225T065851_R063_T39QXG_20210225T181931,1,2021-02,T39QXG,0.9494693841169932,1,0.8748625934688515
S2A_MSIL2A_20210215T065951_R063_T39QXG_20210215T202348_0000.jpg,S2A_MSIL2A_20210215T065951_R063_T39QXG_20210215T202348,0,2021-02,T39QXG,0.06346345522400888,0,0.8748625934688515
S2A_MSIL2A_20210126T070151_R063_T39QXG_20210201T045017_0000.jpg,S2A_MSIL2A_20210126T070151_R063_T39QXG_20210201T045017,1,2021-01,T39QXG,0.9951248472161365,1,0.8748625934688515
S2B_MSIL2A_20210121T070209_R063_T39QXG_20210122T122053_0000.jpg,S2B_MSIL2A_20210121T070209_R063_T39QXG_20210122T122053,0,2021-01,T39QXG,0.09596071936413404,0,0.8748625934688515
S2A_MSIL2A_20210116T070231_R063_T39QXG_20210116T213026_0000.jpg,S2A_MSIL2A_20210116T070231_R063_T39QXG_20210116T213026,0,2021-01,T39QXG,0.01366854790768544,0,0.8748625934688515
S2B_MSIL2A_20210111T070249_R063_T39QXG_20210111T183409_0000.jpg,S2B_MSIL2A_20210111T070249_R063_T39QXG_20210111T183409,0,2021-01,T39QXG,0.015923647917729218,0,0.8748625934688515
S2B_MSIL2A_20220327T065619_R063_T39QXG_20220327T201724_0000.jpg,S2B_MSIL2A_20220327T065619_R063_T39QXG_20220327T201724,0,2022-03,T39QXG,0.22881995687205453,0,0.8748625934688515
S2A_MSIL2A_20220322T065631_R063_T39QXG_20240522T141858_0000.jpg,S2A_MSIL2A_20220322T065631_R063_T39QXG_20240522T141858,0,2022-03,T39QXG,0.15524494390047403,0,0.8748625934688515
S2B_MSIL2A_20220317T065619_R063_T39QXG_20240523T103231_0000.jpg,S2B_MSIL2A_20220317T065619_R063_T39QXG_20240523T103231,0,2022-03,T39QXG,0.048761012609270675,0,0.8748625934688515
S2B_MSIL2A_20220317T065619_R063_T39QXG_20220317T172218_0000.jpg,S2B_MSIL2A_20220317T065619_R063_T39QXG_20220317T172218,0,2022-03,T39QXG,0.054675302850428986,0,0.8748625934688515
S2A_MSIL2A_20220312T065701_R063_T39QXG_20240523T070747_0000.jpg,S2A_MSIL2A_20220312T065701_R063_T39QXG_20240523T070747,1,2022-03,T39QXG,0.9600588454626483,1,0.8748625934688515
S2A_MSIL2A_20220312T065701_R063_T39QXG_20220312T225303_0000.jpg,S2A_MSIL2A_20220312T065701_R063_T39QXG_20220312T225303,1,2022-03,T39QXG,0.9554489387027987,1,0.8748625934688515
S2B_MSIL2A_20220307T065729_R063_T39QXG_20220307T200029_0000.jpg,S2B_MSIL2A_20220307T065729_R063_T39QXG_20220307T200029,1,2022-03,T39QXG,0.9408440062438852,1,0.8748625934688515
S2A_MSIL2A_20220302T065811_R063_T39QXG_20240528T164922_0000.jpg,S2A_MSIL2A_20220302T065811_R063_T39QXG_20240528T164922,1,2022-03,T39QXG,0.9063956114892932,1,0.8748625934688515
S2B_MSIL2A_20220215T065949_R063_T39QXG_20220223T132730_0000.jpg,S2B_MSIL2A_20220215T065949_R063_T39QXG_20220223T132730,1,2022-02,T39QXG,0.8115911793614035,0,0.8748625934688515
S2A_MSIL2A_20220210T070031_R063_T39QXG_20220221T065843_0000.jpg,S2A_MSIL2A_20220210T070031_R063_T39QXG_20220221T065843,1,2022-02,T39QXG,0.8277086294045647,0,0.8748625934688515
S2B_MSIL2A_20230322T065629_R063_T39QXG_20230322T124101_0000.jpg,S2B_MSIL2A_20230322T065629_R063_T39QXG_20230322T124101,0,2023-03,T39QXG,0.04813019967218452,0,0.8748625934688515
S2A_MSIL2A_20230317T065621_R063_T39QXG_20230317T125717_0000.jpg,S2A_MSIL2A_20230317T065621_R063_T39QXG_20230317T125717,0,2023-03,T39QXG,0.024166611876280074,0,0.8748625934688515
S2B_MSIL2A_20230312T065709_R063_T39QXG_20240818T170744_0000.jpg,S2B_MSIL2A_20230312T065709_R063_T39QXG_20240818T170744,1,2023-03,T39QXG,0.9672689899840942,1,0.8748625934688515
S2B_MSIL2A_20230312T065709_R063_T39QXG_20230312T141426_0000.jpg,S2B_MSIL2A_20230312T065709_R063_T39QXG_20230312T141426,1,2023-03,T39QXG,0.9685971081140693,1,0.8748625934688515
S2A_MSIL2A_20230307T065731_R063_T39QXG_20240821T003413_0000.jpg,S2A_MSIL2A_20230307T065731_R063_T39QXG_20240821T003413,1,2023-03,T39QXG,0.9657048775618462,1,0.8748625934688515
S2A_MSIL2A_20230307T065731_R063_T39QXG_20230307T123902_0000.jpg,S2A_MSIL2A_20230307T065731_R063_T39QXG_20230307T123902,1,2023-03,T39QXG,0.9665518340363648,1,0.8748625934688515
S2A_MSIL2A_20230225T065851_R063_T39QXG_20230227T033301_0000.jpg,S2A_MSIL2A_20230225T065851_R063_T39QXG_20230227T033301,0,2023-02,T39QXG,0.04058910421205636,0,0.8748625934688515
S2B_MSIL2A_20230210T070029_R063_T39QXG_20240813T093046_0000.jpg,S2B_MSIL2A_20230210T070029_R063_T39QXG_20240813T093046,0,2023-02,T39QXG,0.04140956488008979,0,0.8748625934688515
S2B_MSIL2A_20230210T070029_R063_T39QXG_20230210T205643_0000.jpg,S2B_MSIL2A_20230210T070029_R063_T39QXG_20230210T205643,0,2023-02,T39QXG,0.04341426878839532,0,0.8748625934688515
S2A_MSIL2A_20230205T070101_R063_T39QXG_20240817T062535_0000.jpg,S2A_MSIL2A_20230205T070101_R063_T39QXG_20240817T062535,1,2023-02,T39QXG,0.9879251879570862,1,0.8748625934688515
S2A_MSIL2A_20230205T070101_R063_T39QXG_20230206T042309_0000.jpg,S2A_MSIL2A_20230205T070101_R063_T39QXG_20230206T042309,1,2023-02,T39QXG,0.9839894433539008,1,0.8748625934688515
S2B_MSIL2A_20230131T070119_R063_T39QXG_20230131T235314_0000.jpg,S2B_MSIL2A_20230131T070119_R063_T39QXG_20230131T235314,1,2023-01,T39QXG,0.9600077102752393,1,0.8748625934688515
S2B_MSIL2A_20240326T065619_R063_T39QXG_20240326T132139_0000.jpg,S2B_MSIL2A_20240326T065619_R063_T39QXG_20240326T132139,0,2024-03,T39QXG,0.021776154922270224,0,0.8748625934688515
S2A_MSIL2A_20240321T065621_R063_T39QXG_20240321T122014_0000.jpg,S2A_MSIL2A_20240321T065621_R063_T39QXG_20240321T122014,0,2024-03,T39QXG,0.011508590865342515,0,0.8748625934688515
S2B_MSIL2A_20240316T065629_R063_T39QXG_20240316T121959_0000.jpg,S2B_MSIL2A_20240316T065629_R063_T39QXG_20240316T121959,0,2024-03,T39QXG,0.04201531383502512,0,0.8748625934688515
S2A_MSIL2A_20240311T065701_R063_T39QXG_20240311T150535_0000.jpg,S2A_MSIL2A_20240311T065701_R063_T39QXG_20240311T150535,1,2024-03,T39QXG,0.9807851280585875,1,0.8748625934688515
S2B_MSIL2A_20240306T065739_R063_T39QXG_20240306T111016_0000.jpg,S2B_MSIL2A_20240306T065739_R063_T39QXG_20240306T111016,1,2024-03,T39QXG,0.9829030055566235,1,0.8748625934688515
S2A_MSIL2A_20240220T065921_R063_T39QXG_20240220T112915_0000.jpg,S2A_MSIL2A_20240220T065921_R063_T39QXG_20240220T112915,0,2024-02,T39QXG,0.008979547310865102,0,0.8748625934688515
S2B_MSIL2A_20240215T065959_R063_T39QXG_20240215T111952_0000.jpg,S2B_MSIL2A_20240215T065959_R063_T39QXG_20240215T111952,1,2024-02,T39QXG,0.9138947557453466,1,0.8748625934688515
S2A_MSIL2A_20240210T070031_R063_T39QXG_20240210T111914_0000.jpg,S2A_MSIL2A_20240210T070031_R063_T39QXG_20240210T111914,1,2024-02,T39QXG,0.9249833446511592,1,0.8748625934688515
S2A_MSIL2A_20240121T070211_R063_T39QXG_20240121T131026_0000.jpg,S2A_MSIL2A_20240121T070211_R063_T39QXG_20240121T131026,1,2024-01,T39QXG,0.9616435373461779,1,0.8748625934688515
S2B_MSIL2A_20240106T070259_R063_T39QXG_20240106T101530_0000.jpg,S2B_MSIL2A_20240106T070259_R063_T39QXG_20240106T101530,0,2024-01,T39QXG,0.056530287389062635,0,0.8748625934688515
S2B_MSIL2A_20231227T070309_R063_T39QXG_20231227T102112_0000.jpg,S2B_MSIL2A_20231227T070309_R063_T39QXG_20231227T102112,1,2023-12,T39QXG,0.8862933017296271,1,0.8748625934688515
S2C_MSIL2A_20250125T070221_R063_T39QXG_20250125T110112_0000.jpg,S2C_MSIL2A_20250125T070221_R063_T39QXG_20250125T110112,1,2025-01,T39QXG,0.85001305226484,0,0.8748625934688515
S2A_MSIL2A_20250115T070231_R063_T39QXG_20250115T101359_0000.jpg,S2A_MSIL2A_20250115T070231_R063_T39QXG_20250115T101359,1,2025-01,T39QXG,0.9130772874609794,1,0.8748625934688515
S2B_MSIL2A_20250110T070149_R063_T39QXG_20250110T091744_0000.jpg,S2B_MSIL2A_20250110T070149_R063_T39QXG_20250110T091744,1,2025-01,T39QXG,0.8682856989691393,0,0.8748625934688515
S2A_MSIL2A_20250105T070301_R063_T39QXG_20250105T101308_0000.jpg,S2A_MSIL2A_20250105T070301_R063_T39QXG_20250105T101308,1,2025-01,T39QXG,0.8893824380105478,1,0.8748625934688515
S2A_MSIL2A_20241226T070311_R063_T39QXG_20241226T100152_0000.jpg,S2A_MSIL2A_20241226T070311_R063_T39QXG_20241226T100152,1,2024-12,T39QXG,0.9415224988329057,1,0.8748625934688515
S2A_MSIL2A_20170104T065252_R020_T40RDP_20210529T200944_0000.jpg,S2A_MSIL2A_20170104T065252_R020_T40RDP_20210529T200944,0,2017-01,T40RDP,0.392062293835835,0,0.8748625934688515
S2A_MSIL2A_20170104T065252_R020_T40RDP_20210529T200944_0001.jpg,S2A_MSIL2A_20170104T065252_R020_T40RDP_20210529T200944,0,2017-01,T40RDP,0.392062293835835,0,0.8748625934688515
S2A_MSIL2A_20170504T064631_R020_T40RDP_20210209T125341_0000.jpg,S2A_MSIL2A_20170504T064631_R020_T40RDP_20210209T125341,0,2017-05,T40RDP,0.03929445598611675,0,0.8748625934688515
S2A_MSIL2A_20170504T064631_R020_T40RDP_20210209T125341_0001.jpg,S2A_MSIL2A_20170504T064631_R020_T40RDP_20210209T125341,0,2017-05,T40RDP,0.03929445598611675,0,0.8748625934688515
S2A_MSIL2A_20170524T064631_R020_T40RDP_20210209T174339_0000.jpg,S2A_MSIL2A_20170524T064631_R020_T40RDP_20210209T174339,1,2017-05,T40RDP,0.8975168178984071,1,0.8748625934688515
S2A_MSIL2A_20170524T064631_R020_T40RDP_20210209T174339_0001.jpg,S2A_MSIL2A_20170524T064631_R020_T40RDP_20210209T174339,1,2017-05,T40RDP,0.8975168178984071,1,0.8748625934688515
S2A_MSIL2A_20170613T064621_R020_T40RDP_20210209T223408_0000.jpg,S2A_MSIL2A_20170613T064621_R020_T40RDP_20210209T223408,0,2017-06,T40RDP,0.046657082498353784,0,0.8748625934688515
S2A_MSIL2A_20170613T064621_R020_T40RDP_20210209T223408_0001.jpg,S2A_MSIL2A_20170613T064621_R020_T40RDP_20210209T223408,0,2017-06,T40RDP,0.046657082498353784,0,0.8748625934688515
S2A_MSIL2A_20170723T064631_R020_T40RDP_20210210T130856_0000.jpg,S2A_MSIL2A_20170723T064631_R020_T40RDP_20210210T130856,0,2017-07,T40RDP,0.019325728543448946,0,0.8748625934688515
S2A_MSIL2A_20170723T064631_R020_T40RDP_20210210T130856_0001.jpg,S2A_MSIL2A_20170723T064631_R020_T40RDP_20210210T130856,0,2017-07,T40RDP,0.019325728543448946,0,0.8748625934688515
S2B_MSIL2A_20170807T064619_R020_T40RDP_20210210T210701_0000.jpg,S2B_MSIL2A_20170807T064619_R020_T40RDP_20210210T210701,0,2017-08,T40RDP,0.005709055813986362,0,0.8748625934688515
S2B_MSIL2A_20170807T064619_R020_T40RDP_20210210T210701_0001.jpg,S2B_MSIL2A_20170807T064619_R020_T40RDP_20210210T210701,0,2017-08,T40RDP,0.005709055813986362,0,0.8748625934688515
S2A_MSIL2A_20170812T064631_R020_T40RDP_20210131T155623_0000.jpg,S2A_MSIL2A_20170812T064631_R020_T40RDP_20210131T155623,0,2017-08,T40RDP,0.002539498780979881,0,0.8748625934688515
S2A_MSIL2A_20170812T064631_R020_T40RDP_20210131T155623_0001.jpg,S2A_MSIL2A_20170812T064631_R020_T40RDP_20210131T155623,0,2017-08,T40RDP,0.002539498780979881,0,0.8748625934688515
S2B_MSIL2A_20170827T064619_R020_T40RDP_20210201T123544_0000.jpg,S2B_MSIL2A_20170827T064619_R020_T40RDP_20210201T123544,0,2017-08,T40RDP,0.18301846242986275,0,0.8748625934688515
S2B_MSIL2A_20170827T064619_R020_T40RDP_20210201T123544_0001.jpg,S2B_MSIL2A_20170827T064619_R020_T40RDP_20210201T123544,0,2017-08,T40RDP,0.18301846242986275,0,0.8748625934688515
S2A_MSIL2A_20170921T064621_R020_T40RDP_20210202T071538_0000.jpg,S2A_MSIL2A_20170921T064621_R020_T40RDP_20210202T071538,0,2017-09,T40RDP,0.04041162795196151,0,0.8748625934688515
S2A_MSIL2A_20170921T064621_R020_T40RDP_20210202T071538_0001.jpg,S2A_MSIL2A_20170921T064621_R020_T40RDP_20210202T071538,0,2017-09,T40RDP,0.04041162795196151,0,0.8748625934688515
S2B_MSIL2A_20171006T064719_R020_T40RDP_20210202T145017_0000.jpg,S2B_MSIL2A_20171006T064719_R020_T40RDP_20210202T145017,1,2017-10,T40RDP,0.9462280308356067,1,0.8748625934688515
S2B_MSIL2A_20171006T064719_R020_T40RDP_20210202T145017_0001.jpg,S2B_MSIL2A_20171006T064719_R020_T40RDP_20210202T145017,1,2017-10,T40RDP,0.9462280308356067,1,0.8748625934688515
S2A_MSIL2A_20171011T064811_R020_T40RDP_20201019T203503_0000.jpg,S2A_MSIL2A_20171011T064811_R020_T40RDP_20201019T203503,0,2017-10,T40RDP,0.00797859206474325,0,0.8748625934688515
S2A_MSIL2A_20171011T064811_R020_T40RDP_20201019T203503_0001.jpg,S2A_MSIL2A_20171011T064811_R020_T40RDP_20201019T203503,0,2017-10,T40RDP,0.00797859206474325,0,0.8748625934688515
S2B_MSIL2A_20171026T064939_R020_T40RDP_20201015T022501_0000.jpg,S2B_MSIL2A_20171026T064939_R020_T40RDP_20201015T022501,0,2017-10,T40RDP,0.004586017243719361,0,0.8748625934688515
S2B_MSIL2A_20171026T064939_R020_T40RDP_20201015T022501_0001.jpg,S2B_MSIL2A_20171026T064939_R020_T40RDP_20201015T022501,0,2017-10,T40RDP,0.004586017243719361,0,0.8748625934688515
S2B_MSIL2A_20171105T065029_R020_T40RDP_20201014T182558_0000.jpg,S2B_MSIL2A_20171105T065029_R020_T40RDP_20201014T182558,1,2017-11,T40RDP,0.7356007717739913,0,0.8748625934688515
S2B_MSIL2A_20171105T065029_R020_T40RDP_20201014T182558_0001.jpg,S2B_MSIL2A_20171105T065029_R020_T40RDP_20201014T182558,1,2017-11,T40RDP,0.7356007717739913,0,0.8748625934688515
S2B_MSIL2A_20171115T065119_R020_T40RDP_20201014T200318_0000.jpg,S2B_MSIL2A_20171115T065119_R020_T40RDP_20201014T200318,1,2017-11,T40RDP,0.9783236944108312,1,0.8748625934688515
S2B_MSIL2A_20171115T065119_R020_T40RDP_20201014T200318_0001.jpg,S2B_MSIL2A_20171115T065119_R020_T40RDP_20201014T200318,1,2017-11,T40RDP,0.9783236944108312,1,0.8748625934688515
S2B_MSIL2A_20171205T065239_R020_T40RDP_20201014T120805_0000.jpg,S2B_MSIL2A_20171205T065239_R020_T40RDP_20201014T120805,0,2017-12,T40RDP,0.08888154611214495,0,0.8748625934688515
S2B_MSIL2A_20171205T065239_R020_T40RDP_20201014T120805_0001.jpg,S2B_MSIL2A_20171205T065239_R020_T40RDP_20201014T120805,0,2017-12,T40RDP,0.08888154611214495,0,0.8748625934688515
S2A_MSIL2A_20171210T065251_R020_T40RDP_20201014T130828_0000.jpg,S2A_MSIL2A_20171210T065251_R020_T40RDP_20201014T130828,0,2017-12,T40RDP,0.06411155954037986,0,0.8748625934688515
S2A_MSIL2A_20171210T065251_R020_T40RDP_20201014T130828_0001.jpg,S2A_MSIL2A_20171210T065251_R020_T40RDP_20201014T130828,0,2017-12,T40RDP,0.06411155954037986,0,0.8748625934688515
S2B_MSIL2A_20180104T065249_R020_T40RDP_20201014T031905_0000.jpg,S2B_MSIL2A_20180104T065249_R020_T40RDP_20201014T031905,0,2018-01,T40RDP,0.0030882501593600302,0,0.8748625934688515
S2B_MSIL2A_20180104T065249_R020_T40RDP_20201014T031905_0001.jpg,S2B_MSIL2A_20180104T065249_R020_T40RDP_20201014T031905,0,2018-01,T40RDP,0.0030882501593600302,0,0.8748625934688515
S2B_MSIL2A_20180114T065229_R020_T40RDP_20201014T054511_0000.jpg,S2B_MSIL2A_20180114T065229_R020_T40RDP_20201014T054511,0,2018-01,T40RDP,0.006934708126433538,0,0.8748625934688515
S2B_MSIL2A_20180114T065229_R020_T40RDP_20201014T054511_0001.jpg,S2B_MSIL2A_20180114T065229_R020_T40RDP_20201014T054511,0,2018-01,T40RDP,0.006934708126433538,0,0.8748625934688515
S2B_MSIL2A_20180124T065149_R020_T40RDP_20201014T082610_0000.jpg,S2B_MSIL2A_20180124T065149_R020_T40RDP_20201014T082610,1,2018-01,T40RDP,0.9924693841863608,1,0.8748625934688515
S2B_MSIL2A_20180124T065149_R020_T40RDP_20201014T082610_0001.jpg,S2B_MSIL2A_20180124T065149_R020_T40RDP_20201014T082610,1,2018-01,T40RDP,0.9924693841863608,1,0.8748625934688515
S2B_MSIL2A_20180203T065059_R020_T40RDP_20201025T221931_0000.jpg,S2B_MSIL2A_20180203T065059_R020_T40RDP_20201025T221931,0,2018-02,T40RDP,0.12861507340930886,0,0.8748625934688515
S2B_MSIL2A_20180203T065059_R020_T40RDP_20201025T221931_0001.jpg,S2B_MSIL2A_20180203T065059_R020_T40RDP_20201025T221931,0,2018-02,T40RDP,0.12861507340930886,0,0.8748625934688515
S2B_MSIL2A_20180223T064849_R020_T40RDP_20201014T003814_0000.jpg,S2B_MSIL2A_20180223T064849_R020_T40RDP_20201014T003814,1,2018-02,T40RDP,0.8748625934688515,1,0.8748625934688515
S2B_MSIL2A_20180223T064849_R020_T40RDP_20201014T003814_0001.jpg,S2B_MSIL2A_20180223T064849_R020_T40RDP_20201014T003814,1,2018-02,T40RDP,0.8748625934688515,1,0.8748625934688515
S2B_MSIL2A_20180305T064739_R020_T40RDP_20201026T051111_0000.jpg,S2B_MSIL2A_20180305T064739_R020_T40RDP_20201026T051111,1,2018-03,T40RDP,0.9049799486017097,1,0.8748625934688515
S2B_MSIL2A_20180305T064739_R020_T40RDP_20201026T051111_0001.jpg,S2B_MSIL2A_20180305T064739_R020_T40RDP_20201026T051111,1,2018-03,T40RDP,0.9049799486017097,1,0.8748625934688515
S2B_MSIL2A_20180315T064629_R020_T40RDP_20201013T092614_0000.jpg,S2B_MSIL2A_20180315T064629_R020_T40RDP_20201013T092614,1,2018-03,T40RDP,0.8074024649878719,0,0.8748625934688515
S2B_MSIL2A_20180315T064629_R020_T40RDP_20201013T092614_0001.jpg,S2B_MSIL2A_20180315T064629_R020_T40RDP_20201013T092614,1,2018-03,T40RDP,0.8074024649878719,0,0.8748625934688515
S2A_MSIL2A_20180320T064621_R020_T40RDP_20201013T113227_0000.jpg,S2A_MSIL2A_20180320T064621_R020_T40RDP_20201013T113227,1,2018-03,T40RDP,0.8427932075151757,0,0.8748625934688515
S2A_MSIL2A_20180320T064621_R020_T40RDP_20201013T113227_0001.jpg,S2A_MSIL2A_20180320T064621_R020_T40RDP_20201013T113227,1,2018-03,T40RDP,0.8427932075151757,0,0.8748625934688515
S2B_MSIL2A_20180325T064629_R020_T40RDP_20201013T140927_0000.jpg,S2B_MSIL2A_20180325T064629_R020_T40RDP_20201013T140927,0,2018-03,T40RDP,0.013256853300310692,0,0.8748625934688515
S2B_MSIL2A_20180325T064629_R020_T40RDP_20201013T140927_0001.jpg,S2B_MSIL2A_20180325T064629_R020_T40RDP_20201013T140927,0,2018-03,T40RDP,0.013256853300310692,0,0.8748625934688515
S2B_MSIL2A_20180424T064619_R020_T40RDP_20201013T021211_0000.jpg,S2B_MSIL2A_20180424T064619_R020_T40RDP_20201013T021211,0,2018-04,T40RDP,0.14597733501924495,0,0.8748625934688515
S2B_MSIL2A_20180424T064619_R020_T40RDP_20201013T021211_0001.jpg,S2B_MSIL2A_20180424T064619_R020_T40RDP_20201013T021211,0,2018-04,T40RDP,0.14597733501924495,0,0.8748625934688515
S2A_MSIL2A_20180429T064631_R020_T40RDP_20201013T040255_0000.jpg,S2A_MSIL2A_20180429T064631_R020_T40RDP_20201013T040255,0,2018-04,T40RDP,0.14400859918286438,0,0.8748625934688515
S2A_MSIL2A_20180429T064631_R020_T40RDP_20201013T040255_0001.jpg,S2A_MSIL2A_20180429T064631_R020_T40RDP_20201013T040255,0,2018-04,T40RDP,0.14400859918286438,0,0.8748625934688515
S2B_MSIL2A_20180504T064619_R020_T40RDP_20201012T054955_0000.jpg,S2B_MSIL2A_20180504T064619_R020_T40RDP_20201012T054955,0,2018-05,T40RDP,0.011061529803060008,0,0.8748625934688515
S2B_MSIL2A_20180504T064619_R020_T40RDP_20201012T054955_0001.jpg,S2B_MSIL2A_20180504T064619_R020_T40RDP_20201012T054955,0,2018-05,T40RDP,0.011061529803060008,0,0.8748625934688515
S2A_MSIL2A_20180509T064631_R020_T40RDP_20201012T073707_0000.jpg,S2A_MSIL2A_20180509T064631_R020_T40RDP_20201012T073707,0,2018-05,T40RDP,0.041949719110535515,0,0.8748625934688515
S2A_MSIL2A_20180509T064631_R020_T40RDP_20201012T073707_0001.jpg,S2A_MSIL2A_20180509T064631_R020_T40RDP_20201012T073707,0,2018-05,T40RDP,0.041949719110535515,0,0.8748625934688515
S2A_MSIL2A_20180529T064631_R020_T40RDP_20201012T152100_0000.jpg,S2A_MSIL2A_20180529T064631_R020_T40RDP_20201012T152100,0,2018-05,T40RDP,0.07358104540148498,0,0.8748625934688515
S2A_MSIL2A_20180529T064631_R020_T40RDP_20201012T152100_0001.jpg,S2A_MSIL2A_20180529T064631_R020_T40RDP_20201012T152100,0,2018-05,T40RDP,0.07358104540148498,0,0.8748625934688515
S2A_MSIL2A_20180608T064621_R020_T40RDP_20201026T185741_0000.jpg,S2A_MSIL2A_20180608T064621_R020_T40RDP_20201026T185741,0,2018-06,T40RDP,0.00823584965310395,0,0.8748625934688515
S2A_MSIL2A_20180608T064621_R020_T40RDP_20201026T185741_0001.jpg,S2A_MSIL2A_20180608T064621_R020_T40RDP_20201026T185741,0,2018-06,T40RDP,0.00823584965310395,0,0.8748625934688515
S2A_MSIL2A_20180628T064621_R020_T40RDP_20201012T031832_0000.jpg,S2A_MSIL2A_20180628T064621_R020_T40RDP_20201012T031832,1,2018-06,T40RDP,0.9707022342674021,1,0.8748625934688515
S2A_MSIL2A_20180628T064621_R020_T40RDP_20201012T031832_0001.jpg,S2A_MSIL2A_20180628T064621_R020_T40RDP_20201012T031832,1,2018-06,T40RDP,0.9707022342674021,1,0.8748625934688515
S2A_MSIL2A_20180708T064631_R020_T40RDP_20201011T131710_0000.jpg,S2A_MSIL2A_20180708T064631_R020_T40RDP_20201011T131710,1,2018-07,T40RDP,0.9923065615731106,1,0.8748625934688515
S2A_MSIL2A_20180708T064631_R020_T40RDP_20201011T131710_0001.jpg,S2A_MSIL2A_20180708T064631_R020_T40RDP_20201011T131710,1,2018-07,T40RDP,0.9923065615731106,1,0.8748625934688515
S2B_MSIL2A_20180713T064619_R020_T40RDP_20201011T152448_0000.jpg,S2B_MSIL2A_20180713T064619_R020_T40RDP_20201011T152448,0,2018-07,T40RDP,0.021700906000232622,0,0.8748625934688515
S2B_MSIL2A_20180713T064619_R020_T40RDP_20201011T152448_0001.jpg,S2B_MSIL2A_20180713T064619_R020_T40RDP_20201011T152448,0,2018-07,T40RDP,0.021700906000232622,0,0.8748625934688515
S2B_MSIL2A_20180723T064619_R020_T40RDP_20201011T191134_0000.jpg,S2B_MSIL2A_20180723T064619_R020_T40RDP_20201011T191134,0,2018-07,T40RDP,0.04709488134240167,0,0.8748625934688515
S2A_MSIL2A_20180728T064631_R020_T40RDP_20201011T205420_0000.jpg,S2A_MSIL2A_20180728T064631_R020_T40RDP_20201011T205420,1,2018-07,T40RDP,0.908587231768891,1,0.8748625934688515
S2A_MSIL2A_20180728T064631_R020_T40RDP_20201011T205420_0001.jpg,S2A_MSIL2A_20180728T064631_R020_T40RDP_20201011T205420,1,2018-07,T40RDP,0.908587231768891,1,0.8748625934688515
S2B_MSIL2A_20180802T064619_R020_T40RDP_20201010T202417_0000.jpg,S2B_MSIL2A_20180802T064619_R020_T40RDP_20201010T202417,1,2018-08,T40RDP,0.05765910800854249,0,0.8748625934688515
S2B_MSIL2A_20180802T064619_R020_T40RDP_20201010T202417_0001.jpg,S2B_MSIL2A_20180802T064619_R020_T40RDP_20201010T202417,1,2018-08,T40RDP,0.05765910800854249,0,0.8748625934688515
S2B_MSIL2A_20180812T064619_R020_T40RDP_20201011T004858_0000.jpg,S2B_MSIL2A_20180812T064619_R020_T40RDP_20201011T004858,1,2018-08,T40RDP,0.8988022180239269,1,0.8748625934688515
S2B_MSIL2A_20180812T064619_R020_T40RDP_20201011T004858_0001.jpg,S2B_MSIL2A_20180812T064619_R020_T40RDP_20201011T004858,1,2018-08,T40RDP,0.8988022180239269,1,0.8748625934688515
S2A_MSIL2A_20180817T064621_R020_T40RDP_20201011T025249_0000.jpg,S2A_MSIL2A_20180817T064621_R020_T40RDP_20201011T025249,0,2018-08,T40RDP,0.01372784718728861,0,0.8748625934688515
S2A_MSIL2A_20180817T064621_R020_T40RDP_20201011T025249_0001.jpg,S2A_MSIL2A_20180817T064621_R020_T40RDP_20201011T025249,0,2018-08,T40RDP,0.01372784718728861,0,0.8748625934688515
S2A_MSIL2A_20180906T064621_R020_T40RDP_20201011T091051_0000.jpg,S2A_MSIL2A_20180906T064621_R020_T40RDP_20201011T091051,0,2018-09,T40RDP,0.2226754143240238,0,0.8748625934688515
S2A_MSIL2A_20180906T064621_R020_T40RDP_20201011T091051_0001.jpg,S2A_MSIL2A_20180906T064621_R020_T40RDP_20201011T091051,0,2018-09,T40RDP,0.2226754143240238,0,0.8748625934688515
S2B_MSIL2A_20180911T064619_R020_T40RDP_20201009T000728_0000.jpg,S2B_MSIL2A_20180911T064619_R020_T40RDP_20201009T000728,0,2018-09,T40RDP,0.1604617850241557,0,0.8748625934688515
S2B_MSIL2A_20180911T064619_R020_T40RDP_20201009T000728_0001.jpg,S2B_MSIL2A_20180911T064619_R020_T40RDP_20201009T000728,0,2018-09,T40RDP,0.1604617850241557,0,0.8748625934688515
S2B_MSIL2A_20181001T064659_R020_T40RDP_20201009T070050_0000.jpg,S2B_MSIL2A_20181001T064659_R020_T40RDP_20201009T070050,0,2018-10,T40RDP,0.1860701932135542,0,0.8748625934688515
S2B_MSIL2A_20181001T064659_R020_T40RDP_20201009T070050_0001.jpg,S2B_MSIL2A_20181001T064659_R020_T40RDP_20201009T070050,0,2018-10,T40RDP,0.1860701932135542,0,0.8748625934688515
S2B_MSIL2A_20181011T064809_R020_T40RDP_20201009T103222_0000.jpg,S2B_MSIL2A_20181011T064809_R020_T40RDP_20201009T103222,0,2018-10,T40RDP,0.04431774040060861,0,0.8748625934688515
S2B_MSIL2A_20181011T064809_R020_T40RDP_20201009T103222_0001.jpg,S2B_MSIL2A_20181011T064809_R020_T40RDP_20201009T103222,0,2018-10,T40RDP,0.04431774040060861,0,0.8748625934688515
S2B_MSIL2A_20181021T064909_R020_T40RDP_20201009T135435_0000.jpg,S2B_MSIL2A_20181021T064909_R020_T40RDP_20201009T135435,0,2018-10,T40RDP,0.005455202550915672,0,0.8748625934688515
S2B_MSIL2A_20181021T064909_R020_T40RDP_20201009T135435_0001.jpg,S2B_MSIL2A_20181021T064909_R020_T40RDP_20201009T135435,0,2018-10,T40RDP,0.005455202550915672,0,0.8748625934688515
S2A_MSIL2A_20181105T065041_R020_T40RDP_20201008T155607_0000.jpg,S2A_MSIL2A_20181105T065041_R020_T40RDP_20201008T155607,0,2018-11,T40RDP,0.036985036664964145,0,0.8748625934688515
S2A_MSIL2A_20181105T065041_R020_T40RDP_20201008T155607_0001.jpg,S2A_MSIL2A_20181105T065041_R020_T40RDP_20201008T155607,0,2018-11,T40RDP,0.036985036664964145,0,0.8748625934688515
S2B_MSIL2A_20181110T065109_R020_T40RDP_20201008T173400_0000.jpg,S2B_MSIL2A_20181110T065109_R020_T40RDP_20201008T173400,0,2018-11,T40RDP,0.019944973013153885,0,0.8748625934688515
S2B_MSIL2A_20181110T065109_R020_T40RDP_20201008T173400_0001.jpg,S2B_MSIL2A_20181110T065109_R020_T40RDP_20201008T173400,0,2018-11,T40RDP,0.019944973013153885,0,0.8748625934688515
S2B_MSIL2A_20181120T065159_R020_T40RDP_20201008T201622_0000.jpg,S2B_MSIL2A_20181120T065159_R020_T40RDP_20201008T201622,0,2018-11,T40RDP,0.12471414018041792,0,0.8748625934688515
S2B_MSIL2A_20181120T065159_R020_T40RDP_20201008T201622_0001.jpg,S2B_MSIL2A_20181120T065159_R020_T40RDP_20201008T201622,0,2018-11,T40RDP,0.12471414018041792,0,0.8748625934688515
S2B_MSIL2A_20181130T065229_R020_T40RDP_20201008T230119_0000.jpg,S2B_MSIL2A_20181130T065229_R020_T40RDP_20201008T230119,0,2018-11,T40RDP,0.6220472414023694,0,0.8748625934688515
S2B_MSIL2A_20181130T065229_R020_T40RDP_20201008T230119_0001.jpg,S2B_MSIL2A_20181130T065229_R020_T40RDP_20201008T230119,0,2018-11,T40RDP,0.6220472414023694,0,0.8748625934688515
S2B_MSIL2A_20181210T065249_R020_T40RDP_20201008T085955_0000.jpg,S2B_MSIL2A_20181210T065249_R020_T40RDP_20201008T085955,0,2018-12,T40RDP,0.0016282950584026589,0,0.8748625934688515
S2B_MSIL2A_20181210T065249_R020_T40RDP_20201008T085955_0001.jpg,S2B_MSIL2A_20181210T065249_R020_T40RDP_20201008T085955,0,2018-12,T40RDP,0.0016282950584026589,0,0.8748625934688515
S2B_MSIL2A_20181220T065259_R020_T40RDP_20201008T114314_0000.jpg,S2B_MSIL2A_20181220T065259_R020_T40RDP_20201008T114314,0,2018-12,T40RDP,0.239718393778528,0,0.8748625934688515
S2B_MSIL2A_20181220T065259_R020_T40RDP_20201008T114314_0001.jpg,S2B_MSIL2A_20181220T065259_R020_T40RDP_20201008T114314,0,2018-12,T40RDP,0.239718393778528,0,0.8748625934688515
S2A_MSIL2A_20181225T065301_R020_T40RDP_20210517T111901_0000.jpg,S2A_MSIL2A_20181225T065301_R020_T40RDP_20210517T111901,0,2018-12,T40RDP,0.2512248112454903,0,0.8748625934688515
S2A_MSIL2A_20181225T065301_R020_T40RDP_20210517T111901_0001.jpg,S2A_MSIL2A_20181225T065301_R020_T40RDP_20210517T111901,0,2018-12,T40RDP,0.2512248112454903,0,0.8748625934688515
S2B_MSIL2A_20190109T065249_R020_T40RDP_20201008T000956_0000.jpg,S2B_MSIL2A_20190109T065249_R020_T40RDP_20201008T000956,0,2019-01,T40RDP,0.02991069394663888,0,0.8748625934688515
S2B_MSIL2A_20190109T065249_R020_T40RDP_20201008T000956_0001.jpg,S2B_MSIL2A_20190109T065249_R020_T40RDP_20201008T000956,0,2019-01,T40RDP,0.02991069394663888,0,0.8748625934688515
S2A_MSIL2A_20190124T065151_R020_T40RDP_20201008T041007_0000.jpg,S2A_MSIL2A_20190124T065151_R020_T40RDP_20201008T041007,1,2019-01,T40RDP,0.9726352344632135,1,0.8748625934688515
S2A_MSIL2A_20190124T065151_R020_T40RDP_20201008T041007_0001.jpg,S2A_MSIL2A_20190124T065151_R020_T40RDP_20201008T041007,1,2019-01,T40RDP,0.9726352344632135,1,0.8748625934688515
S2A_MSIL2A_20190213T065001_R020_T40RDP_20201007T162107_0000.jpg,S2A_MSIL2A_20190213T065001_R020_T40RDP_20201007T162107,0,2019-02,T40RDP,0.07779900351999644,0,0.8748625934688515
S2A_MSIL2A_20190213T065001_R020_T40RDP_20201007T162107_0001.jpg,S2A_MSIL2A_20190213T065001_R020_T40RDP_20201007T162107,0,2019-02,T40RDP,0.07779900351999644,0,0.8748625934688515
S2B_MSIL2A_20190320T064629_R020_T40RDP_20201007T084211_0000.jpg,S2B_MSIL2A_20190320T064629_R020_T40RDP_20201007T084211,0,2019-03,T40RDP,0.09977834616817778,0,0.8748625934688515
S2B_MSIL2A_20190320T064629_R020_T40RDP_20201007T084211_0001.jpg,S2B_MSIL2A_20190320T064629_R020_T40RDP_20201007T084211,0,2019-03,T40RDP,0.09977834616817778,0,0.8748625934688515
S2B_MSIL2A_20190419T064629_R020_T40RDP_20201007T040446_0000.jpg,S2B_MSIL2A_20190419T064629_R020_T40RDP_20201007T040446,1,2019-04,T40RDP,0.949230024937488,1,0.8748625934688515
S2B_MSIL2A_20190419T064629_R020_T40RDP_20201007T040446_0001.jpg,S2B_MSIL2A_20190419T064629_R020_T40RDP_20201007T040446,1,2019-04,T40RDP,0.949230024937488,1,0.8748625934688515
S2B_MSIL2A_20190429T064629_R020_T40RDP_20201105T223212_0000.jpg,S2B_MSIL2A_20190429T064629_R020_T40RDP_20201105T223212,1,2019-04,T40RDP,0.6159798748470166,0,0.8748625934688515
S2B_MSIL2A_20190429T064629_R020_T40RDP_20201105T223212_0001.jpg,S2B_MSIL2A_20190429T064629_R020_T40RDP_20201105T223212,1,2019-04,T40RDP,0.6159798748470166,0,0.8748625934688515
S2A_MSIL2A_20190504T064631_R020_T40RDP_20201006T094827_0000.jpg,S2A_MSIL2A_20190504T064631_R020_T40RDP_20201006T094827,0,2019-05,T40RDP,0.01673038379237062,0,0.8748625934688515
S2A_MSIL2A_20190504T064631_R020_T40RDP_20201006T094827_0001.jpg,S2A_MSIL2A_20190504T064631_R020_T40RDP_20201006T094827,0,2019-05,T40RDP,0.01673038379237062,0,0.8748625934688515
S2A_MSIL2A_20190514T064631_R020_T40RDP_20201006T135529_0000.jpg,S2A_MSIL2A_20190514T064631_R020_T40RDP_20201006T135529,0,2019-05,T40RDP,0.08024121012755568,0,0.8748625934688515
S2A_MSIL2A_20190514T064631_R020_T40RDP_20201006T135529_0001.jpg,S2A_MSIL2A_20190514T064631_R020_T40RDP_20201006T135529,0,2019-05,T40RDP,0.08024121012755568,0,0.8748625934688515
S2A_MSIL2A_20190524T064631_R020_T40RDP_20201006T174148_0000.jpg,S2A_MSIL2A_20190524T064631_R020_T40RDP_20201006T174148,0,2019-05,T40RDP,0.12820211940276746,0,0.8748625934688515
S2A_MSIL2A_20190524T064631_R020_T40RDP_20201006T174148_0001.jpg,S2A_MSIL2A_20190524T064631_R020_T40RDP_20201006T174148,0,2019-05,T40RDP,0.12820211940276746,0,0.8748625934688515
S2B_MSIL2A_20190529T064629_R020_T40RDP_20201006T195139_0000.jpg,S2B_MSIL2A_20190529T064629_R020_T40RDP_20201006T195139,0,2019-05,T40RDP,0.2601807731920923,0,0.8748625934688515
S2B_MSIL2A_20190529T064629_R020_T40RDP_20201006T195139_0001.jpg,S2B_MSIL2A_20190529T064629_R020_T40RDP_20201006T195139,0,2019-05,T40RDP,0.2601807731920923,0,0.8748625934688515
S2A_MSIL2A_20190623T064631_R020_T40RDP_20201006T051614_0000.jpg,S2A_MSIL2A_20190623T064631_R020_T40RDP_20201006T051614,1,2019-06,T40RDP,0.98902203140925,1,0.8748625934688515
S2A_MSIL2A_20190623T064631_R020_T40RDP_20201006T051614_0001.jpg,S2A_MSIL2A_20190623T064631_R020_T40RDP_20201006T051614,1,2019-06,T40RDP,0.98902203140925,1,0.8748625934688515
S2B_MSIL2A_20190628T064629_R020_T40RDP_20201006T073142_0000.jpg,S2B_MSIL2A_20190628T064629_R020_T40RDP_20201006T073142,0,2019-06,T40RDP,0.012685426090074222,0,0.8748625934688515
S2B_MSIL2A_20190628T064629_R020_T40RDP_20201006T073142_0001.jpg,S2B_MSIL2A_20190628T064629_R020_T40RDP_20201006T073142,0,2019-06,T40RDP,0.012685426090074222,0,0.8748625934688515
S2B_MSIL2A_20190708T064639_R020_T40RDP_20201005T111015_0000.jpg,S2B_MSIL2A_20190708T064639_R020_T40RDP_20201005T111015,0,2019-07,T40RDP,0.053076627245551365,0,0.8748625934688515
S2B_MSIL2A_20190708T064639_R020_T40RDP_20201005T111015_0001.jpg,S2B_MSIL2A_20190708T064639_R020_T40RDP_20201005T111015,0,2019-07,T40RDP,0.053076627245551365,0,0.8748625934688515
S2A_MSIL2A_20190713T064631_R020_T40RDP_20201005T131846_0000.jpg,S2A_MSIL2A_20190713T064631_R020_T40RDP_20201005T131846,1,2019-07,T40RDP,0.931823298069704,1,0.8748625934688515
S2A_MSIL2A_20190713T064631_R020_T40RDP_20201005T131846_0001.jpg,S2A_MSIL2A_20190713T064631_R020_T40RDP_20201005T131846,1,2019-07,T40RDP,0.931823298069704,1,0.8748625934688515
S2B_MSIL2A_20190807T064629_R020_T40RDP_20201004T213620_0000.jpg,S2B_MSIL2A_20190807T064629_R020_T40RDP_20201004T213620,0,2019-08,T40RDP,0.15724320840310135,0,0.8748625934688515
S2B_MSIL2A_20190807T064629_R020_T40RDP_20201004T213620_0001.jpg,S2B_MSIL2A_20190807T064629_R020_T40RDP_20201004T213620,0,2019-08,T40RDP,0.15724320840310135,0,0.8748625934688515
S2B_MSIL2A_20190817T064629_R020_T40RDP_20201005T013402_0000.jpg,S2B_MSIL2A_20190817T064629_R020_T40RDP_20201005T013402,1,2019-08,T40RDP,0.7297668648858723,0,0.8748625934688515
S2B_MSIL2A_20190817T064629_R020_T40RDP_20201005T013402_0001.jpg,S2B_MSIL2A_20190817T064629_R020_T40RDP_20201005T013402,1,2019-08,T40RDP,0.7297668648858723,0,0.8748625934688515
S2B_MSIL2A_20190827T064629_R020_T40RDP_20201005T053726_0000.jpg,S2B_MSIL2A_20190827T064629_R020_T40RDP_20201005T053726,0,2019-08,T40RDP,0.05077052968751333,0,0.8748625934688515
S2B_MSIL2A_20190827T064629_R020_T40RDP_20201005T053726_0001.jpg,S2B_MSIL2A_20190827T064629_R020_T40RDP_20201005T053726,0,2019-08,T40RDP,0.05077052968751333,0,0.8748625934688515
S2A_MSIL2A_20190921T064621_R020_T40RDP_20201004T153556_0000.jpg,S2A_MSIL2A_20190921T064621_R020_T40RDP_20201004T153556,0,2019-09,T40RDP,0.16476217488103206,0,0.8748625934688515
S2A_MSIL2A_20190921T064621_R020_T40RDP_20201004T153556_0001.jpg,S2A_MSIL2A_20190921T064621_R020_T40RDP_20201004T153556,0,2019-09,T40RDP,0.16476217488103206,0,0.8748625934688515
S2B_MSIL2A_20190926T064629_R020_T40RDP_20201004T172427_0000.jpg,S2B_MSIL2A_20190926T064629_R020_T40RDP_20201004T172427,0,2019-09,T40RDP,0.2381231764353842,0,0.8748625934688515
S2B_MSIL2A_20190926T064629_R020_T40RDP_20201004T172427_0001.jpg,S2B_MSIL2A_20190926T064629_R020_T40RDP_20201004T172427,0,2019-09,T40RDP,0.2381231764353842,0,0.8748625934688515
S2A_MSIL2A_20191001T064701_R020_T40RDP_20201003T211700_0000.jpg,S2A_MSIL2A_20191001T064701_R020_T40RDP_20201003T211700,0,2019-10,T40RDP,0.21108922957794093,0,0.8748625934688515
S2A_MSIL2A_20191001T064701_R020_T40RDP_20201003T211700_0001.jpg,S2A_MSIL2A_20191001T064701_R020_T40RDP_20201003T211700,0,2019-10,T40RDP,0.21108922957794093,0,0.8748625934688515
S2B_MSIL2A_20191016T064839_R020_T40RDP_20201004T030114_0000.jpg,S2B_MSIL2A_20191016T064839_R020_T40RDP_20201004T030114,0,2019-10,T40RDP,0.0053261733105528074,0,0.8748625934688515
S2B_MSIL2A_20191016T064839_R020_T40RDP_20201004T030114_0001.jpg,S2B_MSIL2A_20191016T064839_R020_T40RDP_20201004T030114,0,2019-10,T40RDP,0.0053261733105528074,0,0.8748625934688515
S2B_MSIL2A_20191026T064949_R020_T40RDP_20201004T062631_0000.jpg,S2B_MSIL2A_20191026T064949_R020_T40RDP_20201004T062631,0,2019-10,T40RDP,0.009761070120679503,0,0.8748625934688515
S2B_MSIL2A_20191026T064949_R020_T40RDP_20201004T062631_0001.jpg,S2B_MSIL2A_20191026T064949_R020_T40RDP_20201004T062631,0,2019-10,T40RDP,0.009761070120679503,0,0.8748625934688515
S2B_MSIL2A_20191105T065049_R020_T40RDP_20201003T132453_0000.jpg,S2B_MSIL2A_20191105T065049_R020_T40RDP_20201003T132453,0,2019-11,T40RDP,0.06707364903021366,0,0.8748625934688515
S2B_MSIL2A_20191105T065049_R020_T40RDP_20201003T132453_0001.jpg,S2B_MSIL2A_20191105T065049_R020_T40RDP_20201003T132453,0,2019-11,T40RDP,0.06707364903021366,0,0.8748625934688515
S2B_MSIL2A_20191115T065129_R020_T40RDP_20201003T164839_0000.jpg,S2B_MSIL2A_20191115T065129_R020_T40RDP_20201003T164839,0,2019-11,T40RDP,0.016935820239564525,0,0.8748625934688515
S2B_MSIL2A_20191115T065129_R020_T40RDP_20201003T164839_0001.jpg,S2B_MSIL2A_20191115T065129_R020_T40RDP_20201003T164839,0,2019-11,T40RDP,0.016935820239564525,0,0.8748625934688515
S2A_MSIL2A_20191130T065231_R020_T40RDP_20201003T205829_0000.jpg,S2A_MSIL2A_20191130T065231_R020_T40RDP_20201003T205829,0,2019-11,T40RDP,0.06416031548293694,0,0.8748625934688515
S2A_MSIL2A_20191130T065231_R020_T40RDP_20201003T205829_0001.jpg,S2A_MSIL2A_20191130T065231_R020_T40RDP_20201003T205829,0,2019-11,T40RDP,0.06416031548293694,0,0.8748625934688515
S2B_MSIL2A_20191205T065239_R020_T40RDP_20201003T010709_0000.jpg,S2B_MSIL2A_20191205T065239_R020_T40RDP_20201003T010709,0,2019-12,T40RDP,0.007916782351454196,0,0.8748625934688515
S2B_MSIL2A_20191205T065239_R020_T40RDP_20201003T010709_0001.jpg,S2B_MSIL2A_20191205T065239_R020_T40RDP_20201003T010709,0,2019-12,T40RDP,0.007916782351454196,0,0.8748625934688515
S2B_MSIL2A_20191225T065309_R020_T40RDP_20201003T093053_0000.jpg,S2B_MSIL2A_20191225T065309_R020_T40RDP_20201003T093053,0,2019-12,T40RDP,0.19964669605475147,0,0.8748625934688515
S2B_MSIL2A_20191225T065309_R020_T40RDP_20201003T093053_0001.jpg,S2B_MSIL2A_20191225T065309_R020_T40RDP_20201003T093053,0,2019-12,T40RDP,0.19964669605475147,0,0.8748625934688515
S2B_MSIL2A_20200104T065249_R020_T40RDP_20201002T225337_0000.jpg,S2B_MSIL2A_20200104T065249_R020_T40RDP_20201002T225337,0,2020-01,T40RDP,0.05197084753958818,0,0.8748625934688515
S2B_MSIL2A_20200104T065249_R020_T40RDP_20201002T225337_0001.jpg,S2B_MSIL2A_20200104T065249_R020_T40RDP_20201002T225337,0,2020-01,T40RDP,0.05197084753958818,0,0.8748625934688515
S2A_MSIL2A_20200119T065211_R020_T40RDP_20201002T203648_0000.jpg,S2A_MSIL2A_20200119T065211_R020_T40RDP_20201002T203648,0,2020-01,T40RDP,0.17959529419433115,0,0.8748625934688515
S2A_MSIL2A_20200119T065211_R020_T40RDP_20201002T203648_0001.jpg,S2A_MSIL2A_20200119T065211_R020_T40RDP_20201002T203648,0,2020-01,T40RDP,0.17959529419433115,0,0.8748625934688515
S2A_MSIL2A_20200129T065121_R020_T40RDP_20201002T141743_0000.jpg,S2A_MSIL2A_20200129T065121_R020_T40RDP_20201002T141743,0,2020-01,T40RDP,0.008645777065410061,0,0.8748625934688515
S2A_MSIL2A_20200129T065121_R020_T40RDP_20201002T141743_0001.jpg,S2A_MSIL2A_20200129T065121_R020_T40RDP_20201002T141743,0,2020-01,T40RDP,0.008645777065410061,0,0.8748625934688515
S2A_MSIL2A_20200208T065021_R020_T40RDP_20201001T082205_0000.jpg,S2A_MSIL2A_20200208T065021_R020_T40RDP_20201001T082205,0,2020-02,T40RDP,0.14010542347933622,0,0.8748625934688515
S2A_MSIL2A_20200208T065021_R020_T40RDP_20201001T082205_0001.jpg,S2A_MSIL2A_20200208T065021_R020_T40RDP_20201001T082205,0,2020-02,T40RDP,0.14010542347933622,0,0.8748625934688515
S2B_MSIL2A_20200213T064959_R020_T40RDP_20201001T220149_0000.jpg,S2B_MSIL2A_20200213T064959_R020_T40RDP_20201001T220149,0,2020-02,T40RDP,0.014833985785621251,0,0.8748625934688515
S2A_MSIL2A_20200228T064821_R020_T40RDP_20200928T220644_0000.jpg,S2A_MSIL2A_20200228T064821_R020_T40RDP_20200928T220644,0,2020-02,T40RDP,0.009282308660191054,0,0.8748625934688515
S2A_MSIL2A_20200228T064821_R020_T40RDP_20200928T220644_0001.jpg,S2A_MSIL2A_20200228T064821_R020_T40RDP_20200928T220644,0,2020-02,T40RDP,0.009282308660191054,0,0.8748625934688515
S2B_MSIL2A_20200304T064749_R020_T40RDP_20200928T130112_0000.jpg,S2B_MSIL2A_20200304T064749_R020_T40RDP_20200928T130112,0,2020-03,T40RDP,0.07491229723767687,0,0.8748625934688515
S2B_MSIL2A_20200304T064749_R020_T40RDP_20200928T130112_0001.jpg,S2B_MSIL2A_20200304T064749_R020_T40RDP_20200928T130112,0,2020-03,T40RDP,0.07491229723767687,0,0.8748625934688515
S2B_MSIL2A_20200403T064619_R020_T40RDP_20200924T210324_0000.jpg,S2B_MSIL2A_20200403T064619_R020_T40RDP_20200924T210324,0,2020-04,T40RDP,0.06838330182892086,0,0.8748625934688515
S2B_MSIL2A_20200403T064619_R020_T40RDP_20200924T210324_0001.jpg,S2B_MSIL2A_20200403T064619_R020_T40RDP_20200924T210324,0,2020-04,T40RDP,0.06838330182892086,0,0.8748625934688515
S2B_MSIL2A_20200423T064619_R020_T40RDP_20200921T193918_0000.jpg,S2B_MSIL2A_20200423T064619_R020_T40RDP_20200921T193918,1,2020-04,T40RDP,0.9120663551407585,1,0.8748625934688515
S2B_MSIL2A_20200423T064619_R020_T40RDP_20200921T193918_0001.jpg,S2B_MSIL2A_20200423T064619_R020_T40RDP_20200921T193918,1,2020-04,T40RDP,0.9120663551407585,1,0.8748625934688515
S2A_MSIL2A_20200508T064631_R020_T40RDP_20200920T234648_0000.jpg,S2A_MSIL2A_20200508T064631_R020_T40RDP_20200920T234648,0,2020-05,T40RDP,0.026874524578922997,0,0.8748625934688515
S2A_MSIL2A_20200508T064631_R020_T40RDP_20200920T234648_0001.jpg,S2A_MSIL2A_20200508T064631_R020_T40RDP_20200920T234648,0,2020-05,T40RDP,0.026874524578922997,0,0.8748625934688515
S2B_MSIL2A_20200523T064629_R020_T40RDP_20200910T171843_0000.jpg,S2B_MSIL2A_20200523T064629_R020_T40RDP_20200910T171843,1,2020-05,T40RDP,0.8894133091560706,1,0.8748625934688515
S2B_MSIL2A_20200523T064629_R020_T40RDP_20200910T171843_0001.jpg,S2B_MSIL2A_20200523T064629_R020_T40RDP_20200910T171843,1,2020-05,T40RDP,0.8894133091560706,1,0.8748625934688515
S2B_MSIL2A_20200602T064629_R020_T40RDP_20200908T232059_0000.jpg,S2B_MSIL2A_20200602T064629_R020_T40RDP_20200908T232059,0,2020-06,T40RDP,0.005937439710875234,0,0.8748625934688515
S2B_MSIL2A_20200602T064629_R020_T40RDP_20200908T232059_0001.jpg,S2B_MSIL2A_20200602T064629_R020_T40RDP_20200908T232059,0,2020-06,T40RDP,0.005937439710875234,0,0.8748625934688515
S2B_MSIL2A_20200612T064629_R020_T40RDP_20200827T032518_0000.jpg,S2B_MSIL2A_20200612T064629_R020_T40RDP_20200827T032518,1,2020-06,T40RDP,0.42889330334918707,0,0.8748625934688515
S2B_MSIL2A_20200612T064629_R020_T40RDP_20200827T032518_0001.jpg,S2B_MSIL2A_20200612T064629_R020_T40RDP_20200827T032518,1,2020-06,T40RDP,0.42889330334918707,0,0.8748625934688515
S2A_MSIL2A_20200617T064631_R020_T40RDP_20200823T013151_0000.jpg,S2A_MSIL2A_20200617T064631_R020_T40RDP_20200823T013151,1,2020-06,T40RDP,0.7811040130739921,0,0.8748625934688515
S2A_MSIL2A_20200617T064631_R020_T40RDP_20200823T013151_0001.jpg,S2A_MSIL2A_20200617T064631_R020_T40RDP_20200823T013151,1,2020-06,T40RDP,0.7811040130739921,0,0.8748625934688515
S2A_MSIL2A_20200627T064631_R020_T40RDP_20200908T232057_0000.jpg,S2A_MSIL2A_20200627T064631_R020_T40RDP_20200908T232057,0,2020-06,T40RDP,0.021572559783127315,0,0.8748625934688515
S2A_MSIL2A_20200627T064631_R020_T40RDP_20200908T232057_0001.jpg,S2A_MSIL2A_20200627T064631_R020_T40RDP_20200908T232057,0,2020-06,T40RDP,0.021572559783127315,0,0.8748625934688515
S2B_MSIL2A_20200712T064629_R020_T40RDP_20200912T225615_0000.jpg,S2B_MSIL2A_20200712T064629_R020_T40RDP_20200912T225615,0,2020-07,T40RDP,0.008442504550801807,0,0.8748625934688515
S2B_MSIL2A_20200712T064629_R020_T40RDP_20200912T225615_0001.jpg,S2B_MSIL2A_20200712T064629_R020_T40RDP_20200912T225615,0,2020-07,T40RDP,0.008442504550801807,0,0.8748625934688515
S2A_MSIL2A_20200717T064631_R020_T40RDP_20200816T105654_0000.jpg,S2A_MSIL2A_20200717T064631_R020_T40RDP_20200816T105654,0,2020-07,T40RDP,0.00910690728400275,0,0.8748625934688515
S2A_MSIL2A_20200717T064631_R020_T40RDP_20200816T105654_0001.jpg,S2A_MSIL2A_20200717T064631_R020_T40RDP_20200816T105654,0,2020-07,T40RDP,0.00910690728400275,0,0.8748625934688515
S2A_MSIL2A_20200727T064631_R020_T40RDP_20200817T172227_0000.jpg,S2A_MSIL2A_20200727T064631_R020_T40RDP_20200817T172227,0,2020-07,T40RDP,0.3836356563412014,0,0.8748625934688515
S2A_MSIL2A_20200727T064631_R020_T40RDP_20200817T172227_0001.jpg,S2A_MSIL2A_20200727T064631_R020_T40RDP_20200817T172227,0,2020-07,T40RDP,0.3836356563412014,0,0.8748625934688515
S2A_MSIL2A_20200806T064631_R020_T40RDP_20200815T045031_0000.jpg,S2A_MSIL2A_20200806T064631_R020_T40RDP_20200815T045031,1,2020-08,T40RDP,0.9726136856633035,1,0.8748625934688515
S2A_MSIL2A_20200806T064631_R020_T40RDP_20200815T045031_0001.jpg,S2A_MSIL2A_20200806T064631_R020_T40RDP_20200815T045031,1,2020-08,T40RDP,0.9726136856633035,1,0.8748625934688515
S2B_MSIL2A_20200831T064629_R020_T40RDP_20200907T203947_0000.jpg,S2B_MSIL2A_20200831T064629_R020_T40RDP_20200907T203947,0,2020-08,T40RDP,0.015885331243134123,0,0.8748625934688515
S2B_MSIL2A_20200831T064629_R020_T40RDP_20200907T203947_0001.jpg,S2B_MSIL2A_20200831T064629_R020_T40RDP_20200907T203947,0,2020-08,T40RDP,0.015885331243134123,0,0.8748625934688515
S2B_MSIL2A_20200920T064629_R020_T40RDP_20201027T231612_0000.jpg,S2B_MSIL2A_20200920T064629_R020_T40RDP_20201027T231612,1,2020-09,T40RDP,0.8808904403581113,1,0.8748625934688515
S2B_MSIL2A_20200920T064629_R020_T40RDP_20201027T231612_0001.jpg,S2B_MSIL2A_20200920T064629_R020_T40RDP_20201027T231612,1,2020-09,T40RDP,0.8808904403581113,1,0.8748625934688515
S2A_MSIL2A_20200925T064631_R020_T40RDP_20200926T233117_0000.jpg,S2A_MSIL2A_20200925T064631_R020_T40RDP_20200926T233117,0,2020-09,T40RDP,0.012376804001510823,0,0.8748625934688515
S2A_MSIL2A_20200925T064631_R020_T40RDP_20200926T233117_0001.jpg,S2A_MSIL2A_20200925T064631_R020_T40RDP_20200926T233117,0,2020-09,T40RDP,0.012376804001510823,0,0.8748625934688515
S2B_MSIL2A_20201020T064919_R020_T40RDP_20201021T213850_0000.jpg,S2B_MSIL2A_20201020T064919_R020_T40RDP_20201021T213850,0,2020-10,T40RDP,0.011709388482349817,0,0.8748625934688515
S2B_MSIL2A_20201020T064919_R020_T40RDP_20201021T213850_0001.jpg,S2B_MSIL2A_20201020T064919_R020_T40RDP_20201021T213850,0,2020-10,T40RDP,0.011709388482349817,0,0.8748625934688515
S2B_MSIL2A_20201030T065019_R020_T40RDP_20201102T001742_0000.jpg,S2B_MSIL2A_20201030T065019_R020_T40RDP_20201102T001742,0,2020-10,T40RDP,0.1340819374908221,0,0.8748625934688515
S2B_MSIL2A_20201030T065019_R020_T40RDP_20201102T001742_0001.jpg,S2B_MSIL2A_20201030T065019_R020_T40RDP_20201102T001742,0,2020-10,T40RDP,0.1340819374908221,0,0.8748625934688515
S2B_MSIL2A_20201109T065109_R020_T40RDP_20201110T212424_0000.jpg,S2B_MSIL2A_20201109T065109_R020_T40RDP_20201110T212424,0,2020-11,T40RDP,0.1279728448186207,0,0.8748625934688515
S2B_MSIL2A_20201109T065109_R020_T40RDP_20201110T212424_0001.jpg,S2B_MSIL2A_20201109T065109_R020_T40RDP_20201110T212424,0,2020-11,T40RDP,0.1279728448186207,0,0.8748625934688515
S2A_MSIL2A_20201124T065211_R020_T40RDP_20201125T090010_0000.jpg,S2A_MSIL2A_20201124T065211_R020_T40RDP_20201125T090010,0,2020-11,T40RDP,0.0248428579168487,0,0.8748625934688515
S2A_MSIL2A_20201124T065211_R020_T40RDP_20201125T090010_0001.jpg,S2A_MSIL2A_20201124T065211_R020_T40RDP_20201125T090010,0,2020-11,T40RDP,0.0248428579168487,0,0.8748625934688515
S2B_MSIL2A_20201129T065229_R020_T40RDP_20201130T074538_0000.jpg,S2B_MSIL2A_20201129T065229_R020_T40RDP_20201130T074538,0,2020-11,T40RDP,0.098733619095678,0,0.8748625934688515
S2B_MSIL2A_20201129T065229_R020_T40RDP_20201130T074538_0001.jpg,S2B_MSIL2A_20201129T065229_R020_T40RDP_20201130T074538,0,2020-11,T40RDP,0.098733619095678,0,0.8748625934688515
S2A_MSIL2A_20201204T065241_R020_T40RDP_20201204T182220_0000.jpg,S2A_MSIL2A_20201204T065241_R020_T40RDP_20201204T182220,0,2020-12,T40RDP,0.007663398453044243,0,0.8748625934688515
S2A_MSIL2A_20201204T065241_R020_T40RDP_20201204T182220_0001.jpg,S2A_MSIL2A_20201204T065241_R020_T40RDP_20201204T182220,0,2020-12,T40RDP,0.007663398453044243,0,0.8748625934688515
S2A_MSIL2A_20201214T065301_R020_T40RDP_20201215T204015_0000.jpg,S2A_MSIL2A_20201214T065301_R020_T40RDP_20201215T204015,0,2020-12,T40RDP,0.034279762166750175,0,0.8748625934688515
S2A_MSIL2A_20201214T065301_R020_T40RDP_20201215T204015_0001.jpg,S2A_MSIL2A_20201214T065301_R020_T40RDP_20201215T204015,0,2020-12,T40RDP,0.034279762166750175,0,0.8748625934688515
S2B_MSIL2A_20201229T065259_R020_T40RDP_20201229T153105_0000.jpg,S2B_MSIL2A_20201229T065259_R020_T40RDP_20201229T153105,1,2020-12,T40RDP,0.9261665813467622,1,0.8748625934688515
S2B_MSIL2A_20201229T065259_R020_T40RDP_20201229T153105_0001.jpg,S2B_MSIL2A_20201229T065259_R020_T40RDP_20201229T153105,1,2020-12,T40RDP,0.9261665813467622,1,0.8748625934688515
S2A_MSIL2A_20210113T065231_R020_T40RDP_20210122T041210_0000.jpg,S2A_MSIL2A_20210113T065231_R020_T40RDP_20210122T041210,0,2021-01,T40RDP,0.3088948808710596,0,0.8748625934688515
S2A_MSIL2A_20210113T065231_R020_T40RDP_20210122T041210_0001.jpg,S2A_MSIL2A_20210113T065231_R020_T40RDP_20210122T041210,0,2021-01,T40RDP,0.3088948808710596,0,0.8748625934688515
S2B_MSIL2A_20210118T065219_R020_T40RDP_20210118T214817_0000.jpg,S2B_MSIL2A_20210118T065219_R020_T40RDP_20210118T214817,0,2021-01,T40RDP,0.022017782893811812,0,0.8748625934688515
S2B_MSIL2A_20210118T065219_R020_T40RDP_20210118T214817_0001.jpg,S2B_MSIL2A_20210118T065219_R020_T40RDP_20210118T214817,0,2021-01,T40RDP,0.022017782893811812,0,0.8748625934688515
S2A_MSIL2A_20210202T065111_R020_T40RDP_20210202T230544_0000.jpg,S2A_MSIL2A_20210202T065111_R020_T40RDP_20210202T230544,0,2021-02,T40RDP,0.008801051157824138,0,0.8748625934688515
S2A_MSIL2A_20210202T065111_R020_T40RDP_20210202T230544_0001.jpg,S2A_MSIL2A_20210202T065111_R020_T40RDP_20210202T230544,0,2021-02,T40RDP,0.008801051157824138,0,0.8748625934688515
S2A_MSIL2A_20210212T065011_R020_T40RDP_20210213T015143_0000.jpg,S2A_MSIL2A_20210212T065011_R020_T40RDP_20210213T015143,0,2021-02,T40RDP,0.04102131179791355,0,0.8748625934688515
S2A_MSIL2A_20210212T065011_R020_T40RDP_20210213T015143_0001.jpg,S2A_MSIL2A_20210212T065011_R020_T40RDP_20210213T015143,0,2021-02,T40RDP,0.04102131179791355,0,0.8748625934688515
S2B_MSIL2A_20210227T064829_R020_T40RDP_20210227T151747_0000.jpg,S2B_MSIL2A_20210227T064829_R020_T40RDP_20210227T151747,1,2021-02,T40RDP,0.9183610921487178,1,0.8748625934688515
S2B_MSIL2A_20210227T064829_R020_T40RDP_20210227T151747_0001.jpg,S2B_MSIL2A_20210227T064829_R020_T40RDP_20210227T151747,1,2021-02,T40RDP,0.9183610921487178,1,0.8748625934688515
S2A_MSIL2A_20210304T064751_R020_T40RDP_20210304T204918_0000.jpg,S2A_MSIL2A_20210304T064751_R020_T40RDP_20210304T204918,0,2021-03,T40RDP,0.3950571990489218,0,0.8748625934688515
S2A_MSIL2A_20210304T064751_R020_T40RDP_20210304T204918_0001.jpg,S2A_MSIL2A_20210304T064751_R020_T40RDP_20210304T204918,0,2021-03,T40RDP,0.3950571990489218,0,0.8748625934688515
S2B_MSIL2A_20210309T064719_R020_T40RDP_20210309T160558_0000.jpg,S2B_MSIL2A_20210309T064719_R020_T40RDP_20210309T160558,0,2021-03,T40RDP,0.09290749982202938,0,0.8748625934688515
S2B_MSIL2A_20210309T064719_R020_T40RDP_20210309T160558_0001.jpg,S2B_MSIL2A_20210309T064719_R020_T40RDP_20210309T160558,0,2021-03,T40RDP,0.09290749982202938,0,0.8748625934688515
S2B_MSIL2A_20210329T064619_R020_T40RDP_20210330T054006_0000.jpg,S2B_MSIL2A_20210329T064619_R020_T40RDP_20210330T054006,0,2021-03,T40RDP,0.1844233486682033,0,0.8748625934688515
S2B_MSIL2A_20210329T064619_R020_T40RDP_20210330T054006_0001.jpg,S2B_MSIL2A_20210329T064619_R020_T40RDP_20210330T054006,0,2021-03,T40RDP,0.1844233486682033,0,0.8748625934688515
S2B_MSIL2A_20210408T064619_R020_T40RDP_20210408T201535_0000.jpg,S2B_MSIL2A_20210408T064619_R020_T40RDP_20210408T201535,0,2021-04,T40RDP,0.22717154169499623,0,0.8748625934688515
S2B_MSIL2A_20210408T064619_R020_T40RDP_20210408T201535_0001.jpg,S2B_MSIL2A_20210408T064619_R020_T40RDP_20210408T201535,0,2021-04,T40RDP,0.22717154169499623,0,0.8748625934688515
S2A_MSIL2A_20210413T064621_R020_T40RDP_20210414T053249_0000.jpg,S2A_MSIL2A_20210413T064621_R020_T40RDP_20210414T053249,0,2021-04,T40RDP,0.19577564173689627,0,0.8748625934688515
S2A_MSIL2A_20210413T064621_R020_T40RDP_20210414T053249_0001.jpg,S2A_MSIL2A_20210413T064621_R020_T40RDP_20210414T053249,0,2021-04,T40RDP,0.19577564173689627,0,0.8748625934688515
S2A_MSIL2A_20210423T064621_R020_T40RDP_20210423T190039_0000.jpg,S2A_MSIL2A_20210423T064621_R020_T40RDP_20210423T190039,0,2021-04,T40RDP,0.015625290939288494,0,0.8748625934688515
S2A_MSIL2A_20210423T064621_R020_T40RDP_20210423T190039_0001.jpg,S2A_MSIL2A_20210423T064621_R020_T40RDP_20210423T190039,0,2021-04,T40RDP,0.015625290939288494,0,0.8748625934688515
S2B_MSIL2A_20210508T064619_R020_T40RDP_20210509T091504_0000.jpg,S2B_MSIL2A_20210508T064619_R020_T40RDP_20210509T091504,0,2021-05,T40RDP,0.02868835213308992,0,0.8748625934688515
S2B_MSIL2A_20210508T064619_R020_T40RDP_20210509T091504_0001.jpg,S2B_MSIL2A_20210508T064619_R020_T40RDP_20210509T091504,0,2021-05,T40RDP,0.02868835213308992,0,0.8748625934688515
S2A_MSIL2A_20210513T064621_R020_T40RDP_20210514T123915_0000.jpg,S2A_MSIL2A_20210513T064621_R020_T40RDP_20210514T123915,1,2021-05,T40RDP,0.9560480157796596,1,0.8748625934688515
S2A_MSIL2A_20210513T064621_R020_T40RDP_20210514T123915_0001.jpg,S2A_MSIL2A_20210513T064621_R020_T40RDP_20210514T123915,1,2021-05,T40RDP,0.9560480157796596,1,0.8748625934688515
S2A_MSIL2A_20210602T064631_R020_T40RDP_20210602T212018_0000.jpg,S2A_MSIL2A_20210602T064631_R020_T40RDP_20210602T212018,0,2021-06,T40RDP,0.0450935028816406,0,0.8748625934688515
S2A_MSIL2A_20210602T064631_R020_T40RDP_20210602T212018_0001.jpg,S2A_MSIL2A_20210602T064631_R020_T40RDP_20210602T212018,0,2021-06,T40RDP,0.0450935028816406,0,0.8748625934688515
S2A_MSIL2A_20210612T064621_R020_T40RDP_20210614T150758_0000.jpg,S2A_MSIL2A_20210612T064621_R020_T40RDP_20210614T150758,1,2021-06,T40RDP,0.8567795950616405,0,0.8748625934688515
S2A_MSIL2A_20210612T064621_R020_T40RDP_20210614T150758_0001.jpg,S2A_MSIL2A_20210612T064621_R020_T40RDP_20210614T150758,1,2021-06,T40RDP,0.8567795950616405,0,0.8748625934688515
S2B_MSIL2A_20210617T064629_R020_T40RDP_20210617T170925_0000.jpg,S2B_MSIL2A_20210617T064629_R020_T40RDP_20210617T170925,1,2021-06,T40RDP,0.8852013663262871,1,0.8748625934688515
S2B_MSIL2A_20210617T064629_R020_T40RDP_20210617T170925_0001.jpg,S2B_MSIL2A_20210617T064629_R020_T40RDP_20210617T170925,1,2021-06,T40RDP,0.8852013663262871,1,0.8748625934688515
S2B_MSIL2A_20210627T064629_R020_T40RDP_20210627T212742_0000.jpg,S2B_MSIL2A_20210627T064629_R020_T40RDP_20210627T212742,0,2021-06,T40RDP,0.013773312036331458,0,0.8748625934688515
S2B_MSIL2A_20210627T064629_R020_T40RDP_20210627T212742_0001.jpg,S2B_MSIL2A_20210627T064629_R020_T40RDP_20210627T212742,0,2021-06,T40RDP,0.013773312036331458,0,0.8748625934688515
S2A_MSIL2A_20210702T064631_R020_T40RDP_20210702T202316_0000.jpg,S2A_MSIL2A_20210702T064631_R020_T40RDP_20210702T202316,0,2021-07,T40RDP,0.3795306470052738,0,0.8748625934688515
S2A_MSIL2A_20210702T064631_R020_T40RDP_20210702T202316_0001.jpg,S2A_MSIL2A_20210702T064631_R020_T40RDP_20210702T202316,0,2021-07,T40RDP,0.3795306470052738,0,0.8748625934688515
S2A_MSIL2A_20210722T064631_R020_T40RDP_20210722T180746_0000.jpg,S2A_MSIL2A_20210722T064631_R020_T40RDP_20210722T180746,0,2021-07,T40RDP,0.08071677473960881,0,0.8748625934688515
S2A_MSIL2A_20210722T064631_R020_T40RDP_20210722T180746_0001.jpg,S2A_MSIL2A_20210722T064631_R020_T40RDP_20210722T180746,0,2021-07,T40RDP,0.08071677473960881,0,0.8748625934688515
S2A_MSIL2A_20210821T064631_R020_T40RDP_20210821T203247_0000.jpg,S2A_MSIL2A_20210821T064631_R020_T40RDP_20210821T203247,0,2021-08,T40RDP,0.15517640941783076,0,0.8748625934688515
S2A_MSIL2A_20210821T064631_R020_T40RDP_20210821T203247_0001.jpg,S2A_MSIL2A_20210821T064631_R020_T40RDP_20210821T203247,0,2021-08,T40RDP,0.15517640941783076,0,0.8748625934688515
S2B_MSIL2A_20210826T064619_R020_T40RDP_20210826T175151_0000.jpg,S2B_MSIL2A_20210826T064619_R020_T40RDP_20210826T175151,0,2021-08,T40RDP,0.16636346801629445,0,0.8748625934688515
S2B_MSIL2A_20210826T064619_R020_T40RDP_20210826T175151_0001.jpg,S2B_MSIL2A_20210826T064619_R020_T40RDP_20210826T175151,0,2021-08,T40RDP,0.16636346801629445,0,0.8748625934688515
S2B_MSIL2A_20210905T064619_R020_T40RDP_20210905T161454_0000.jpg,S2B_MSIL2A_20210905T064619_R020_T40RDP_20210905T161454,1,2021-09,T40RDP,0.8674010377684198,0,0.8748625934688515
S2B_MSIL2A_20210905T064619_R020_T40RDP_20210905T161454_0001.jpg,S2B_MSIL2A_20210905T064619_R020_T40RDP_20210905T161454,1,2021-09,T40RDP,0.8674010377684198,0,0.8748625934688515
S2B_MSIL2A_20210915T064619_R020_T40RDP_20210915T193943_0000.jpg,S2B_MSIL2A_20210915T064619_R020_T40RDP_20210915T193943,0,2021-09,T40RDP,0.06204195254706209,0,0.8748625934688515
S2B_MSIL2A_20210915T064619_R020_T40RDP_20210915T193943_0001.jpg,S2B_MSIL2A_20210915T064619_R020_T40RDP_20210915T193943,0,2021-09,T40RDP,0.06204195254706209,0,0.8748625934688515
S2A_MSIL2A_20210920T064631_R020_T40RDP_20210920T182154_0000.jpg,S2A_MSIL2A_20210920T064631_R020_T40RDP_20210920T182154,0,2021-09,T40RDP,0.06251884944907792,0,0.8748625934688515
S2A_MSIL2A_20210920T064631_R020_T40RDP_20210920T182154_0001.jpg,S2A_MSIL2A_20210920T064631_R020_T40RDP_20210920T182154,0,2021-09,T40RDP,0.06251884944907792,0,0.8748625934688515
S2B_MSIL2A_20211005T064729_R020_T40RDP_20211005T184517_0000.jpg,S2B_MSIL2A_20211005T064729_R020_T40RDP_20211005T184517,1,2021-10,T40RDP,0.8468177870229068,0,0.8748625934688515
S2B_MSIL2A_20211005T064729_R020_T40RDP_20211005T184517_0001.jpg,S2B_MSIL2A_20211005T064729_R020_T40RDP_20211005T184517,1,2021-10,T40RDP,0.8468177870229068,0,0.8748625934688515
S2A_MSIL2A_20211010T064811_R020_T40RDP_20211010T175742_0000.jpg,S2A_MSIL2A_20211010T064811_R020_T40RDP_20211010T175742,0,2021-10,T40RDP,0.014657303558280045,0,0.8748625934688515
S2A_MSIL2A_20211010T064811_R020_T40RDP_20211010T175742_0001.jpg,S2A_MSIL2A_20211010T064811_R020_T40RDP_20211010T175742,0,2021-10,T40RDP,0.014657303558280045,0,0.8748625934688515
S2B_MSIL2A_20211104T065039_R020_T40RDP_20211110T203100_0000.jpg,S2B_MSIL2A_20211104T065039_R020_T40RDP_20211110T203100,0,2021-11,T40RDP,0.07540229042945812,0,0.8748625934688515
S2B_MSIL2A_20211104T065039_R020_T40RDP_20211110T203100_0001.jpg,S2B_MSIL2A_20211104T065039_R020_T40RDP_20211110T203100,0,2021-11,T40RDP,0.07540229042945812,0,0.8748625934688515
S2B_MSIL2A_20211114T065129_R020_T40RDP_20211114T163648_0000.jpg,S2B_MSIL2A_20211114T065129_R020_T40RDP_20211114T163648,0,2021-11,T40RDP,0.10072128991451389,0,0.8748625934688515
S2B_MSIL2A_20211114T065129_R020_T40RDP_20211114T163648_0001.jpg,S2B_MSIL2A_20211114T065129_R020_T40RDP_20211114T163648,0,2021-11,T40RDP,0.10072128991451389,0,0.8748625934688515
S2B_MSIL2A_20211124T065159_R020_T40RDP_20211124T175021_0000.jpg,S2B_MSIL2A_20211124T065159_R020_T40RDP_20211124T175021,0,2021-11,T40RDP,0.010004351641695886,0,0.8748625934688515
S2B_MSIL2A_20211124T065159_R020_T40RDP_20211124T175021_0001.jpg,S2B_MSIL2A_20211124T065159_R020_T40RDP_20211124T175021,0,2021-11,T40RDP,0.010004351641695886,0,0.8748625934688515
S2A_MSIL2A_20211129T065231_R020_T40RDP_20211130T021011_0000.jpg,S2A_MSIL2A_20211129T065231_R020_T40RDP_20211130T021011,0,2021-11,T40RDP,0.2383081883125532,0,0.8748625934688515
S2A_MSIL2A_20211129T065231_R020_T40RDP_20211130T021011_0001.jpg,S2A_MSIL2A_20211129T065231_R020_T40RDP_20211130T021011,0,2021-11,T40RDP,0.2383081883125532,0,0.8748625934688515
S2B_MSIL2A_20211224T065309_R020_T40RDP_20211224T211558_0000.jpg,S2B_MSIL2A_20211224T065309_R020_T40RDP_20211224T211558,1,2021-12,T40RDP,0.487266128371766,0,0.8748625934688515
S2B_MSIL2A_20211224T065309_R020_T40RDP_20211224T211558_0001.jpg,S2B_MSIL2A_20211224T065309_R020_T40RDP_20211224T211558,1,2021-12,T40RDP,0.487266128371766,0,0.8748625934688515
S2A_MSIL2A_20220108T065251_R020_T40RDP_20220111T051244_0000.jpg,S2A_MSIL2A_20220108T065251_R020_T40RDP_20220111T051244,0,2022-01,T40RDP,0.03837521688811464,0,0.8748625934688515
S2A_MSIL2A_20220108T065251_R020_T40RDP_20220111T051244_0001.jpg,S2A_MSIL2A_20220108T065251_R020_T40RDP_20220111T051244,0,2022-01,T40RDP,0.03837521688811464,0,0.8748625934688515
S2B_MSIL2A_20220113T065229_R020_T40RDP_20220113T164556_0000.jpg,S2B_MSIL2A_20220113T065229_R020_T40RDP_20220113T164556,0,2022-01,T40RDP,0.1097008058801424,0,0.8748625934688515
S2B_MSIL2A_20220113T065229_R020_T40RDP_20220113T164556_0001.jpg,S2B_MSIL2A_20220113T065229_R020_T40RDP_20220113T164556,0,2022-01,T40RDP,0.1097008058801424,0,0.8748625934688515
S2B_MSIL2A_20220123T065149_R020_T40RDP_20220123T212614_0000.jpg,S2B_MSIL2A_20220123T065149_R020_T40RDP_20220123T212614,1,2022-01,T40RDP,0.706128443465324,0,0.8748625934688515
S2B_MSIL2A_20220123T065149_R020_T40RDP_20220123T212614_0001.jpg,S2B_MSIL2A_20220123T065149_R020_T40RDP_20220123T212614,1,2022-01,T40RDP,0.706128443465324,0,0.8748625934688515
S2B_MSIL2A_20220212T065009_R020_T40RDP_20220222T053424_0000.jpg,S2B_MSIL2A_20220212T065009_R020_T40RDP_20220222T053424,1,2022-02,T40RDP,0.7565321075161422,0,0.8748625934688515
S2B_MSIL2A_20220212T065009_R020_T40RDP_20220222T053424_0001.jpg,S2B_MSIL2A_20220212T065009_R020_T40RDP_20220222T053424,1,2022-02,T40RDP,0.7565321075161422,0,0.8748625934688515
S2A_MSIL2A_20220217T064941_R020_T40RDP_20220224T125700_0000.jpg,S2A_MSIL2A_20220217T064941_R020_T40RDP_20220224T125700,1,2022-02,T40RDP,0.6863838141521817,0,0.8748625934688515
S2A_MSIL2A_20220217T064941_R020_T40RDP_20220224T125700_0001.jpg,S2A_MSIL2A_20220217T064941_R020_T40RDP_20220224T125700,1,2022-02,T40RDP,0.6863838141521817,0,0.8748625934688515
S2B_MSIL2A_20220314T064639_R020_T40RDP_20240526T072428_0000.jpg,S2B_MSIL2A_20220314T064639_R020_T40RDP_20240526T072428,0,2022-03,T40RDP,0.4938893004212552,0,0.8748625934688515
S2B_MSIL2A_20220314T064639_R020_T40RDP_20240526T072428_0001.jpg,S2B_MSIL2A_20220314T064639_R020_T40RDP_20240526T072428,0,2022-03,T40RDP,0.4938893004212552,0,0.8748625934688515
S2B_MSIL2A_20220324T064619_R020_T40RDP_20220324T202535_0000.jpg,S2B_MSIL2A_20220324T064619_R020_T40RDP_20220324T202535,0,2022-03,T40RDP,0.03029563730525816,0,0.8748625934688515
S2B_MSIL2A_20220324T064619_R020_T40RDP_20220324T202535_0001.jpg,S2B_MSIL2A_20220324T064619_R020_T40RDP_20220324T202535,0,2022-03,T40RDP,0.03029563730525816,0,0.8748625934688515
S2A_MSIL2A_20220329T064631_R020_T40RDP_20240530T191803_0000.jpg,S2A_MSIL2A_20220329T064631_R020_T40RDP_20240530T191803,0,2022-03,T40RDP,0.03938214316066258,0,0.8748625934688515
S2A_MSIL2A_20220329T064631_R020_T40RDP_20240530T191803_0001.jpg,S2A_MSIL2A_20220329T064631_R020_T40RDP_20240530T191803,0,2022-03,T40RDP,0.03938214316066258,0,0.8748625934688515
S2A_MSIL2A_20220408T064631_R020_T40RDP_20220408T184847_0000.jpg,S2A_MSIL2A_20220408T064631_R020_T40RDP_20220408T184847,0,2022-04,T40RDP,0.024828549623896943,0,0.8748625934688515
S2A_MSIL2A_20220408T064631_R020_T40RDP_20220408T184847_0001.jpg,S2A_MSIL2A_20220408T064631_R020_T40RDP_20220408T184847,0,2022-04,T40RDP,0.024828549623896943,0,0.8748625934688515
S2B_MSIL2A_20220413T064619_R020_T40RDP_20220414T012444_0000.jpg,S2B_MSIL2A_20220413T064619_R020_T40RDP_20220414T012444,0,2022-04,T40RDP,0.014843652069758878,0,0.8748625934688515
S2B_MSIL2A_20220413T064619_R020_T40RDP_20220414T012444_0001.jpg,S2B_MSIL2A_20220413T064619_R020_T40RDP_20220414T012444,0,2022-04,T40RDP,0.014843652069758878,0,0.8748625934688515
S2B_MSIL2A_20220423T064619_R020_T40RDP_20240608T175630_0000.jpg,S2B_MSIL2A_20220423T064619_R020_T40RDP_20240608T175630,1,2022-04,T40RDP,0.9075457566639604,1,0.8748625934688515
S2B_MSIL2A_20220423T064619_R020_T40RDP_20240608T175630_0001.jpg,S2B_MSIL2A_20220423T064619_R020_T40RDP_20240608T175630,1,2022-04,T40RDP,0.9075457566639604,1,0.8748625934688515
S2A_MSIL2A_20220428T064631_R020_T40RDP_20220429T020418_0000.jpg,S2A_MSIL2A_20220428T064631_R020_T40RDP_20220429T020418,1,2022-04,T40RDP,0.9509890299548512,1,0.8748625934688515
S2A_MSIL2A_20220428T064631_R020_T40RDP_20220429T020418_0001.jpg,S2A_MSIL2A_20220428T064631_R020_T40RDP_20220429T020418,1,2022-04,T40RDP,0.9509890299548512,1,0.8748625934688515
S2B_MSIL2A_20220503T064619_R020_T40RDP_20220503T220214_0000.jpg,S2B_MSIL2A_20220503T064619_R020_T40RDP_20220503T220214,0,2022-05,T40RDP,0.07922666012353263,0,0.8748625934688515
S2B_MSIL2A_20220503T064619_R020_T40RDP_20220503T220214_0001.jpg,S2B_MSIL2A_20220503T064619_R020_T40RDP_20220503T220214,0,2022-05,T40RDP,0.07922666012353263,0,0.8748625934688515
S2A_MSIL2A_20220518T064631_R020_T40RDP_20220520T052740_0000.jpg,S2A_MSIL2A_20220518T064631_R020_T40RDP_20220520T052740,0,2022-05,T40RDP,0.01599927522930172,0,0.8748625934688515
S2A_MSIL2A_20220518T064631_R020_T40RDP_20220520T052740_0001.jpg,S2A_MSIL2A_20220518T064631_R020_T40RDP_20220520T052740,0,2022-05,T40RDP,0.01599927522930172,0,0.8748625934688515
S2A_MSIL2A_20220528T064631_R020_T40RDP_20240629T015931_0000.jpg,S2A_MSIL2A_20220528T064631_R020_T40RDP_20240629T015931,1,2022-05,T40RDP,0.9477812071487084,1,0.8748625934688515
S2A_MSIL2A_20220528T064631_R020_T40RDP_20240629T015931_0001.jpg,S2A_MSIL2A_20220528T064631_R020_T40RDP_20240629T015931,1,2022-05,T40RDP,0.9477812071487084,1,0.8748625934688515
S2B_MSIL2A_20220602T064629_R020_T40RDP_20240619T144519_0000.jpg,S2B_MSIL2A_20220602T064629_R020_T40RDP_20240619T144519,0,2022-06,T40RDP,0.04803649126010027,0,0.8748625934688515
S2B_MSIL2A_20220602T064629_R020_T40RDP_20240619T144519_0001.jpg,S2B_MSIL2A_20220602T064629_R020_T40RDP_20240619T144519,0,2022-06,T40RDP,0.04803649126010027,0,0.8748625934688515
S2B_MSIL2A_20220612T064629_R020_T40RDP_20220613T015748_0000.jpg,S2B_MSIL2A_20220612T064629_R020_T40RDP_20220613T015748,1,2022-06,T40RDP,0.8691240137032136,0,0.8748625934688515
S2B_MSIL2A_20220612T064629_R020_T40RDP_20220613T015748_0001.jpg,S2B_MSIL2A_20220612T064629_R020_T40RDP_20220613T015748,1,2022-06,T40RDP,0.8691240137032136,0,0.8748625934688515
S2B_MSIL2A_20220622T064629_R020_T40RDP_20220622T162812_0000.jpg,S2B_MSIL2A_20220622T064629_R020_T40RDP_20220622T162812,0,2022-06,T40RDP,0.01051401056731466,0,0.8748625934688515
S2B_MSIL2A_20220622T064629_R020_T40RDP_20220622T162812_0001.jpg,S2B_MSIL2A_20220622T064629_R020_T40RDP_20220622T162812,0,2022-06,T40RDP,0.01051401056731466,0,0.8748625934688515
S2B_MSIL2A_20220702T064629_R020_T40RDP_20220702T192355_0000.jpg,S2B_MSIL2A_20220702T064629_R020_T40RDP_20220702T192355,0,2022-07,T40RDP,0.18248815253794118,0,0.8748625934688515
S2B_MSIL2A_20220702T064629_R020_T40RDP_20220702T192355_0001.jpg,S2B_MSIL2A_20220702T064629_R020_T40RDP_20220702T192355,0,2022-07,T40RDP,0.18248815253794118,0,0.8748625934688515
S2B_MSIL2A_20220712T064629_R020_T40RDP_20220713T172255_0000.jpg,S2B_MSIL2A_20220712T064629_R020_T40RDP_20220713T172255,0,2022-07,T40RDP,0.14682397592767113,0,0.8748625934688515
S2B_MSIL2A_20220712T064629_R020_T40RDP_20220713T172255_0001.jpg,S2B_MSIL2A_20220712T064629_R020_T40RDP_20220713T172255,0,2022-07,T40RDP,0.14682397592767113,0,0.8748625934688515
S2B_MSIL2A_20220831T064629_R020_T40RDP_20220901T073019_0000.jpg,S2B_MSIL2A_20220831T064629_R020_T40RDP_20220901T073019,0,2022-08,T40RDP,0.20697864114954242,0,0.8748625934688515
S2B_MSIL2A_20220831T064629_R020_T40RDP_20220901T073019_0001.jpg,S2B_MSIL2A_20220831T064629_R020_T40RDP_20220901T073019,0,2022-08,T40RDP,0.20697864114954242,0,0.8748625934688515
S2B_MSIL2A_20220910T064629_R020_T40RDP_20220911T222605_0000.jpg,S2B_MSIL2A_20220910T064629_R020_T40RDP_20220911T222605,0,2022-09,T40RDP,0.011191192125525226,0,0.8748625934688515
S2B_MSIL2A_20220910T064629_R020_T40RDP_20220911T222605_0001.jpg,S2B_MSIL2A_20220910T064629_R020_T40RDP_20220911T222605,0,2022-09,T40RDP,0.011191192125525226,0,0.8748625934688515
S2B_MSIL2A_20220920T064629_R020_T40RDP_20240728T021039_0000.jpg,S2B_MSIL2A_20220920T064629_R020_T40RDP_20240728T021039,1,2022-09,T40RDP,0.9789081193482413,1,0.8748625934688515
S2B_MSIL2A_20220920T064629_R020_T40RDP_20240728T021039_0001.jpg,S2B_MSIL2A_20220920T064629_R020_T40RDP_20240728T021039,1,2022-09,T40RDP,0.9789081193482413,1,0.8748625934688515
S2B_MSIL2A_20220930T064649_R020_T40RDP_20240726T033305_0000.jpg,S2B_MSIL2A_20220930T064649_R020_T40RDP_20240726T033305,1,2022-09,T40RDP,0.7579686024942264,0,0.8748625934688515
S2B_MSIL2A_20220930T064649_R020_T40RDP_20240726T033305_0001.jpg,S2B_MSIL2A_20220930T064649_R020_T40RDP_20240726T033305,1,2022-09,T40RDP,0.7579686024942264,0,0.8748625934688515
S2A_MSIL2A_20221005T064741_R020_T40RDP_20221005T231447_0000.jpg,S2A_MSIL2A_20221005T064741_R020_T40RDP_20221005T231447,1,2022-10,T40RDP,0.9571694221875581,1,0.8748625934688515
S2A_MSIL2A_20221005T064741_R020_T40RDP_20221005T231447_0001.jpg,S2A_MSIL2A_20221005T064741_R020_T40RDP_20221005T231447,1,2022-10,T40RDP,0.9571694221875581,1,0.8748625934688515
S2B_MSIL2A_20221020T064909_R020_T40RDP_20221020T150922_0000.jpg,S2B_MSIL2A_20221020T064909_R020_T40RDP_20221020T150922,0,2022-10,T40RDP,0.034194554677413294,0,0.8748625934688515
S2B_MSIL2A_20221020T064909_R020_T40RDP_20221020T150922_0001.jpg,S2B_MSIL2A_20221020T064909_R020_T40RDP_20221020T150922,0,2022-10,T40RDP,0.034194554677413294,0,0.8748625934688515
S2A_MSIL2A_20221025T064941_R020_T40RDP_20221025T162709_0000.jpg,S2A_MSIL2A_20221025T064941_R020_T40RDP_20221025T162709,0,2022-10,T40RDP,0.00923226472400202,0,0.8748625934688515
S2A_MSIL2A_20221025T064941_R020_T40RDP_20221025T162709_0001.jpg,S2A_MSIL2A_20221025T064941_R020_T40RDP_20221025T162709,0,2022-10,T40RDP,0.00923226472400202,0,0.8748625934688515
S2A_MSIL2A_20221114T065131_R020_T40RDP_20221114T201831_0000.jpg,S2A_MSIL2A_20221114T065131_R020_T40RDP_20221114T201831,0,2022-11,T40RDP,0.3293172756435742,0,0.8748625934688515
S2A_MSIL2A_20221114T065131_R020_T40RDP_20221114T201831_0001.jpg,S2A_MSIL2A_20221114T065131_R020_T40RDP_20221114T201831,0,2022-11,T40RDP,0.3293172756435742,0,0.8748625934688515
S2A_MSIL2A_20221124T065201_R020_T40RDP_20221125T124758_0000.jpg,S2A_MSIL2A_20221124T065201_R020_T40RDP_20221125T124758,0,2022-11,T40RDP,0.02213682792187728,0,0.8748625934688515
S2A_MSIL2A_20221124T065201_R020_T40RDP_20221125T124758_0001.jpg,S2A_MSIL2A_20221124T065201_R020_T40RDP_20221125T124758,0,2022-11,T40RDP,0.02213682792187728,0,0.8748625934688515
S2B_MSIL2A_20221129T065229_R020_T40RDP_20221130T205134_0000.jpg,S2B_MSIL2A_20221129T065229_R020_T40RDP_20221130T205134,0,2022-11,T40RDP,0.08247868497389566,0,0.8748625934688515
S2B_MSIL2A_20221129T065229_R020_T40RDP_20221130T205134_0001.jpg,S2B_MSIL2A_20221129T065229_R020_T40RDP_20221130T205134,0,2022-11,T40RDP,0.08247868497389566,0,0.8748625934688515
S2A_MSIL2A_20221204T065241_R020_T40RDP_20221204T174332_0000.jpg,S2A_MSIL2A_20221204T065241_R020_T40RDP_20221204T174332,0,2022-12,T40RDP,0.008010201315978908,0,0.8748625934688515
S2A_MSIL2A_20221204T065241_R020_T40RDP_20221204T174332_0001.jpg,S2A_MSIL2A_20221204T065241_R020_T40RDP_20221204T174332,0,2022-12,T40RDP,0.008010201315978908,0,0.8748625934688515
S2A_MSIL2A_20221214T065301_R020_T40RDP_20221214T163439_0000.jpg,S2A_MSIL2A_20221214T065301_R020_T40RDP_20221214T163439,0,2022-12,T40RDP,0.05304842276008075,0,0.8748625934688515
S2A_MSIL2A_20221214T065301_R020_T40RDP_20221214T163439_0001.jpg,S2A_MSIL2A_20221214T065301_R020_T40RDP_20221214T163439,0,2022-12,T40RDP,0.05304842276008075,0,0.8748625934688515
S2B_MSIL2A_20221229T065309_R020_T40RDP_20221230T112824_0000.jpg,S2B_MSIL2A_20221229T065309_R020_T40RDP_20221230T112824,0,2022-12,T40RDP,0.08334289795923853,0,0.8748625934688515
S2B_MSIL2A_20221229T065309_R020_T40RDP_20221230T112824_0001.jpg,S2B_MSIL2A_20221229T065309_R020_T40RDP_20221230T112824,0,2022-12,T40RDP,0.08334289795923853,0,0.8748625934688515
S2A_MSIL2A_20230113T065231_R020_T40RDP_20230113T221234_0000.jpg,S2A_MSIL2A_20230113T065231_R020_T40RDP_20230113T221234,1,2023-01,T40RDP,0.8836246227632562,1,0.8748625934688515
S2B_MSIL2A_20230207T065039_R020_T40RDP_20230208T043016_0000.jpg,S2B_MSIL2A_20230207T065039_R020_T40RDP_20230208T043016,0,2023-02,T40RDP,0.6587929860088666,0,0.8748625934688515
S2B_MSIL2A_20230207T065039_R020_T40RDP_20230208T043016_0001.jpg,S2B_MSIL2A_20230207T065039_R020_T40RDP_20230208T043016,0,2023-02,T40RDP,0.6587929860088666,0,0.8748625934688515
S2B_MSIL2A_20230217T064939_R020_T40RDP_20230218T005027_0000.jpg,S2B_MSIL2A_20230217T064939_R020_T40RDP_20230218T005027,0,2023-02,T40RDP,0.10540714481097252,0,0.8748625934688515
S2B_MSIL2A_20230217T064939_R020_T40RDP_20230218T005027_0001.jpg,S2B_MSIL2A_20230217T064939_R020_T40RDP_20230218T005027,0,2023-02,T40RDP,0.10540714481097252,0,0.8748625934688515
S2B_MSIL2A_20230227T064829_R020_T40RDP_20230301T091442_0000.jpg,S2B_MSIL2A_20230227T064829_R020_T40RDP_20230301T091442,0,2023-02,T40RDP,0.03544883399939075,0,0.8748625934688515
S2B_MSIL2A_20230227T064829_R020_T40RDP_20230301T091442_0001.jpg,S2B_MSIL2A_20230227T064829_R020_T40RDP_20230301T091442,0,2023-02,T40RDP,0.03544883399939075,0,0.8748625934688515
S2A_MSIL2A_20230304T064751_R020_T40RDP_20230304T123749_0000.jpg,S2A_MSIL2A_20230304T064751_R020_T40RDP_20230304T123749,1,2023-03,T40RDP,0.9009854434027258,1,0.8748625934688515
S2A_MSIL2A_20230304T064751_R020_T40RDP_20230304T123749_0001.jpg,S2A_MSIL2A_20230304T064751_R020_T40RDP_20230304T123749,1,2023-03,T40RDP,0.9009854434027258,1,0.8748625934688515
S2B_MSIL2A_20230309T064719_R020_T40RDP_20230309T122025_0000.jpg,S2B_MSIL2A_20230309T064719_R020_T40RDP_20230309T122025,0,2023-03,T40RDP,0.014539434142400963,0,0.8748625934688515
S2B_MSIL2A_20230309T064719_R020_T40RDP_20230309T122025_0001.jpg,S2B_MSIL2A_20230309T064719_R020_T40RDP_20230309T122025,0,2023-03,T40RDP,0.014539434142400963,0,0.8748625934688515
S2B_MSIL2A_20230329T064629_R020_T40RDP_20240823T165234_0000.jpg,S2B_MSIL2A_20230329T064629_R020_T40RDP_20240823T165234,1,2023-03,T40RDP,0.9253268074850453,1,0.8748625934688515
S2B_MSIL2A_20230329T064629_R020_T40RDP_20240823T165234_0001.jpg,S2B_MSIL2A_20230329T064629_R020_T40RDP_20240823T165234,1,2023-03,T40RDP,0.9253268074850453,1,0.8748625934688515
S2A_MSIL2A_20230403T064621_R020_T40RDP_20230403T120128_0000.jpg,S2A_MSIL2A_20230403T064621_R020_T40RDP_20230403T120128,1,2023-04,T40RDP,0.837806927657547,0,0.8748625934688515
S2A_MSIL2A_20230403T064621_R020_T40RDP_20230403T120128_0001.jpg,S2A_MSIL2A_20230403T064621_R020_T40RDP_20230403T120128,1,2023-04,T40RDP,0.837806927657547,0,0.8748625934688515
S2A_MSIL2A_20230413T064621_R020_T40RDP_20240829T090656_0000.jpg,S2A_MSIL2A_20230413T064621_R020_T40RDP_20240829T090656,0,2023-04,T40RDP,0.09257096990324418,0,0.8748625934688515
S2A_MSIL2A_20230413T064621_R020_T40RDP_20240829T090656_0001.jpg,S2A_MSIL2A_20230413T064621_R020_T40RDP_20240829T090656,0,2023-04,T40RDP,0.09257096990324418,0,0.8748625934688515
S2B_MSIL2A_20230508T064629_R020_T40RDP_20230508T113150_0000.jpg,S2B_MSIL2A_20230508T064629_R020_T40RDP_20230508T113150,0,2023-05,T40RDP,0.14436132204770916,0,0.8748625934688515
S2B_MSIL2A_20230508T064629_R020_T40RDP_20230508T113150_0001.jpg,S2B_MSIL2A_20230508T064629_R020_T40RDP_20230508T113150,0,2023-05,T40RDP,0.14436132204770916,0,0.8748625934688515
S2A_MSIL2A_20230513T064621_R020_T40RDP_20230513T153330_0000.jpg,S2A_MSIL2A_20230513T064621_R020_T40RDP_20230513T153330,0,2023-05,T40RDP,0.02059456612005817,0,0.8748625934688515
S2A_MSIL2A_20230513T064621_R020_T40RDP_20230513T153330_0001.jpg,S2A_MSIL2A_20230513T064621_R020_T40RDP_20230513T153330,0,2023-05,T40RDP,0.02059456612005817,0,0.8748625934688515
S2B_MSIL2A_20230518T064629_R020_T40RDP_20240905T010301_0000.jpg,S2B_MSIL2A_20230518T064629_R020_T40RDP_20240905T010301,0,2023-05,T40RDP,0.11072921907743374,0,0.8748625934688515
S2B_MSIL2A_20230518T064629_R020_T40RDP_20240905T010301_0001.jpg,S2B_MSIL2A_20230518T064629_R020_T40RDP_20240905T010301,0,2023-05,T40RDP,0.11072921907743374,0,0.8748625934688515
S2B_MSIL2A_20230528T064629_R020_T40RDP_20240908T011647_0000.jpg,S2B_MSIL2A_20230528T064629_R020_T40RDP_20240908T011647,1,2023-05,T40RDP,0.8701559409457928,0,0.8748625934688515
S2B_MSIL2A_20230528T064629_R020_T40RDP_20240908T011647_0001.jpg,S2B_MSIL2A_20230528T064629_R020_T40RDP_20240908T011647,1,2023-05,T40RDP,0.8701559409457928,0,0.8748625934688515
S2A_MSIL2A_20230602T064631_R020_T40RDP_20230602T122439_0000.jpg,S2A_MSIL2A_20230602T064631_R020_T40RDP_20230602T122439,1,2023-06,T40RDP,0.8807662759215358,1,0.8748625934688515
S2A_MSIL2A_20230602T064631_R020_T40RDP_20230602T122439_0001.jpg,S2A_MSIL2A_20230602T064631_R020_T40RDP_20230602T122439,1,2023-06,T40RDP,0.8807662759215358,1,0.8748625934688515
S2A_MSIL2A_20230622T064631_R020_T40RDP_20230622T152445_0000.jpg,S2A_MSIL2A_20230622T064631_R020_T40RDP_20230622T152445,0,2023-06,T40RDP,0.15148766833096255,0,0.8748625934688515
S2A_MSIL2A_20230622T064631_R020_T40RDP_20230622T152445_0001.jpg,S2A_MSIL2A_20230622T064631_R020_T40RDP_20230622T152445,0,2023-06,T40RDP,0.15148766833096255,0,0.8748625934688515
S2A_MSIL2A_20230702T064631_R020_T40RDP_20241013T160844_0000.jpg,S2A_MSIL2A_20230702T064631_R020_T40RDP_20241013T160844,0,2023-07,T40RDP,0.00809986182257011,0,0.8748625934688515
S2A_MSIL2A_20230702T064631_R020_T40RDP_20241013T160844_0001.jpg,S2A_MSIL2A_20230702T064631_R020_T40RDP_20241013T160844,0,2023-07,T40RDP,0.00809986182257011,0,0.8748625934688515
S2A_MSIL2A_20230712T064631_R020_T40RDP_20241013T192851_0000.jpg,S2A_MSIL2A_20230712T064631_R020_T40RDP_20241013T192851,1,2023-07,T40RDP,0.9112451263121236,1,0.8748625934688515
S2A_MSIL2A_20230712T064631_R020_T40RDP_20241013T192851_0001.jpg,S2A_MSIL2A_20230712T064631_R020_T40RDP_20241013T192851,1,2023-07,T40RDP,0.9112451263121236,1,0.8748625934688515
S2B_MSIL2A_20230717T064629_R020_T40RDP_20230717T121930_0000.jpg,S2B_MSIL2A_20230717T064629_R020_T40RDP_20230717T121930,1,2023-07,T40RDP,0.9083266813260041,1,0.8748625934688515
S2B_MSIL2A_20230717T064629_R020_T40RDP_20230717T121930_0001.jpg,S2B_MSIL2A_20230717T064629_R020_T40RDP_20230717T121930,1,2023-07,T40RDP,0.9083266813260041,1,0.8748625934688515
S2A_MSIL2A_20230801T064631_R020_T40RDP_20241015T022010_0000.jpg,S2A_MSIL2A_20230801T064631_R020_T40RDP_20241015T022010,0,2023-08,T40RDP,0.007355188327989363,0,0.8748625934688515
S2A_MSIL2A_20230801T064631_R020_T40RDP_20241015T022010_0001.jpg,S2A_MSIL2A_20230801T064631_R020_T40RDP_20241015T022010,0,2023-08,T40RDP,0.007355188327989363,0,0.8748625934688515
S2A_MSIL2A_20230811T064631_R020_T40RDP_20241112T143010_0000.jpg,S2A_MSIL2A_20230811T064631_R020_T40RDP_20241112T143010,0,2023-08,T40RDP,0.18395920305608804,0,0.8748625934688515
S2A_MSIL2A_20230811T064631_R020_T40RDP_20241112T143010_0001.jpg,S2A_MSIL2A_20230811T064631_R020_T40RDP_20241112T143010,0,2023-08,T40RDP,0.18395920305608804,0,0.8748625934688515
S2B_MSIL2A_20230826T064629_R020_T40RDP_20241020T054319_0000.jpg,S2B_MSIL2A_20230826T064629_R020_T40RDP_20241020T054319,1,2023-08,T40RDP,0.940988371167896,1,0.8748625934688515
S2B_MSIL2A_20230826T064629_R020_T40RDP_20241020T054319_0001.jpg,S2B_MSIL2A_20230826T064629_R020_T40RDP_20241020T054319,1,2023-08,T40RDP,0.940988371167896,1,0.8748625934688515
S2A_MSIL2A_20230910T064631_R020_T40RDP_20230910T143150_0000.jpg,S2A_MSIL2A_20230910T064631_R020_T40RDP_20230910T143150,0,2023-09,T40RDP,0.0637838287450411,0,0.8748625934688515
S2A_MSIL2A_20230910T064631_R020_T40RDP_20230910T143150_0001.jpg,S2A_MSIL2A_20230910T064631_R020_T40RDP_20230910T143150,0,2023-09,T40RDP,0.0637838287450411,0,0.8748625934688515
S2A_MSIL2A_20230920T064631_R020_T40RDP_20241027T175501_0000.jpg,S2A_MSIL2A_20230920T064631_R020_T40RDP_20241027T175501,0,2023-09,T40RDP,0.14592336647951293,0,0.8748625934688515
S2A_MSIL2A_20230920T064631_R020_T40RDP_20241027T175501_0001.jpg,S2A_MSIL2A_20230920T064631_R020_T40RDP_20241027T175501,0,2023-09,T40RDP,0.14592336647951293,0,0.8748625934688515
S2A_MSIL2A_20230930T064651_R020_T40RDP_20230930T131923_0000.jpg,S2A_MSIL2A_20230930T064651_R020_T40RDP_20230930T131923,0,2023-09,T40RDP,0.011434285557464665,0,0.8748625934688515
S2A_MSIL2A_20230930T064651_R020_T40RDP_20230930T131923_0001.jpg,S2A_MSIL2A_20230930T064651_R020_T40RDP_20230930T131923,0,2023-09,T40RDP,0.011434285557464665,0,0.8748625934688515
S2A_MSIL2A_20231020T064911_R020_T40RDP_20231020T212831_0000.jpg,S2A_MSIL2A_20231020T064911_R020_T40RDP_20231020T212831,0,2023-10,T40RDP,0.07658508267441157,0,0.8748625934688515
S2A_MSIL2A_20231020T064911_R020_T40RDP_20231020T212831_0001.jpg,S2A_MSIL2A_20231020T064911_R020_T40RDP_20231020T212831,0,2023-10,T40RDP,0.07658508267441157,0,0.8748625934688515
S2B_MSIL2A_20231025T064939_R020_T40RDP_20241108T084721_0000.jpg,S2B_MSIL2A_20231025T064939_R020_T40RDP_20241108T084721,0,2023-10,T40RDP,0.04426738950101184,0,0.8748625934688515
S2B_MSIL2A_20231025T064939_R020_T40RDP_20241108T084721_0001.jpg,S2B_MSIL2A_20231025T064939_R020_T40RDP_20241108T084721,0,2023-10,T40RDP,0.04426738950101184,0,0.8748625934688515
S2B_MSIL2A_20231104T065039_R020_T40RDP_20231104T101124_0000.jpg,S2B_MSIL2A_20231104T065039_R020_T40RDP_20231104T101124,0,2023-11,T40RDP,0.13844341502772206,0,0.8748625934688515
S2B_MSIL2A_20231104T065039_R020_T40RDP_20231104T101124_0001.jpg,S2B_MSIL2A_20231104T065039_R020_T40RDP_20231104T101124,0,2023-11,T40RDP,0.13844341502772206,0,0.8748625934688515
S2A_MSIL2A_20231109T065111_R020_T40RDP_20241101T131538_0000.jpg,S2A_MSIL2A_20231109T065111_R020_T40RDP_20241101T131538,0,2023-11,T40RDP,0.013321160395755427,0,0.8748625934688515
S2A_MSIL2A_20231109T065111_R020_T40RDP_20241101T131538_0001.jpg,S2A_MSIL2A_20231109T065111_R020_T40RDP_20241101T131538,0,2023-11,T40RDP,0.013321160395755427,0,0.8748625934688515
S2B_MSIL2A_20231204T065239_R020_T40RDP_20231204T111154_0000.jpg,S2B_MSIL2A_20231204T065239_R020_T40RDP_20231204T111154,1,2023-12,T40RDP,0.5485575455850763,0,0.8748625934688515
S2B_MSIL2A_20231204T065239_R020_T40RDP_20231204T111154_0001.jpg,S2B_MSIL2A_20231204T065239_R020_T40RDP_20231204T111154,1,2023-12,T40RDP,0.5485575455850763,0,0.8748625934688515
S2A_MSIL2A_20231219T065301_R020_T40RDP_20231220T122952_0000.jpg,S2A_MSIL2A_20231219T065301_R020_T40RDP_20231220T122952,0,2023-12,T40RDP,0.005412814357649028,0,0.8748625934688515
S2A_MSIL2A_20231219T065301_R020_T40RDP_20231220T122952_0001.jpg,S2A_MSIL2A_20231219T065301_R020_T40RDP_20231220T122952,0,2023-12,T40RDP,0.005412814357649028,0,0.8748625934688515
S2A_MSIL2A_20240108T065251_R020_T40RDP_20240108T111554_0000.jpg,S2A_MSIL2A_20240108T065251_R020_T40RDP_20240108T111554,0,2024-01,T40RDP,0.7003453579703702,0,0.8748625934688515
S2A_MSIL2A_20240108T065251_R020_T40RDP_20240108T111554_0001.jpg,S2A_MSIL2A_20240108T065251_R020_T40RDP_20240108T111554,0,2024-01,T40RDP,0.7003453579703702,0,0.8748625934688515
S2B_MSIL2A_20240113T065239_R020_T40RDP_20240113T103503_0000.jpg,S2B_MSIL2A_20240113T065239_R020_T40RDP_20240113T103503,0,2024-01,T40RDP,0.05677740006459014,0,0.8748625934688515
S2B_MSIL2A_20240113T065239_R020_T40RDP_20240113T103503_0001.jpg,S2B_MSIL2A_20240113T065239_R020_T40RDP_20240113T103503,0,2024-01,T40RDP,0.05677740006459014,0,0.8748625934688515
S2B_MSIL2A_20240222T064909_R020_T40RDP_20240222T114827_0000.jpg,S2B_MSIL2A_20240222T064909_R020_T40RDP_20240222T114827,0,2024-02,T40RDP,0.7479473078632031,0,0.8748625934688515
S2B_MSIL2A_20240222T064909_R020_T40RDP_20240222T114827_0001.jpg,S2B_MSIL2A_20240222T064909_R020_T40RDP_20240222T114827,0,2024-02,T40RDP,0.7479473078632031,0,0.8748625934688515
S2A_MSIL2A_20240227T064831_R020_T40RDP_20240227T113900_0000.jpg,S2A_MSIL2A_20240227T064831_R020_T40RDP_20240227T113900,0,2024-02,T40RDP,0.01134771706893087,0,0.8748625934688515
S2A_MSIL2A_20240227T064831_R020_T40RDP_20240227T113900_0001.jpg,S2A_MSIL2A_20240227T064831_R020_T40RDP_20240227T113900,0,2024-02,T40RDP,0.01134771706893087,0,0.8748625934688515
S2B_MSIL2A_20240303T064759_R020_T40RDP_20240303T111527_0000.jpg,S2B_MSIL2A_20240303T064759_R020_T40RDP_20240303T111527,1,2024-03,T40RDP,0.8645684337209026,0,0.8748625934688515
S2B_MSIL2A_20240303T064759_R020_T40RDP_20240303T111527_0001.jpg,S2B_MSIL2A_20240303T064759_R020_T40RDP_20240303T111527,1,2024-03,T40RDP,0.8645684337209026,0,0.8748625934688515
S2B_MSIL2A_20240313T064639_R020_T40RDP_20240313T121009_0000.jpg,S2B_MSIL2A_20240313T064639_R020_T40RDP_20240313T121009,0,2024-03,T40RDP,0.05835259191484741,0,0.8748625934688515
S2B_MSIL2A_20240313T064639_R020_T40RDP_20240313T121009_0001.jpg,S2B_MSIL2A_20240313T064639_R020_T40RDP_20240313T121009,0,2024-03,T40RDP,0.05835259191484741,0,0.8748625934688515
S2A_MSIL2A_20240318T064621_R020_T40RDP_20240318T121046_0000.jpg,S2A_MSIL2A_20240318T064621_R020_T40RDP_20240318T121046,0,2024-03,T40RDP,0.05353461988825006,0,0.8748625934688515
S2A_MSIL2A_20240318T064621_R020_T40RDP_20240318T121046_0001.jpg,S2A_MSIL2A_20240318T064621_R020_T40RDP_20240318T121046,0,2024-03,T40RDP,0.05353461988825006,0,0.8748625934688515
S2A_MSIL2A_20240407T064621_R020_T40RDP_20240407T123440_0000.jpg,S2A_MSIL2A_20240407T064621_R020_T40RDP_20240407T123440,0,2024-04,T40RDP,0.03387233562793367,0,0.8748625934688515
S2A_MSIL2A_20240407T064621_R020_T40RDP_20240407T123440_0001.jpg,S2A_MSIL2A_20240407T064621_R020_T40RDP_20240407T123440,0,2024-04,T40RDP,0.03387233562793367,0,0.8748625934688515
S2B_MSIL2A_20240422T064629_R020_T40RDP_20240422T110720_0000.jpg,S2B_MSIL2A_20240422T064629_R020_T40RDP_20240422T110720,1,2024-04,T40RDP,0.9736892705139443,1,0.8748625934688515
S2B_MSIL2A_20240422T064629_R020_T40RDP_20240422T110720_0001.jpg,S2B_MSIL2A_20240422T064629_R020_T40RDP_20240422T110720,1,2024-04,T40RDP,0.9736892705139443,1,0.8748625934688515
S2A_MSIL2A_20240507T064631_R020_T40RDP_20240507T121930_0000.jpg,S2A_MSIL2A_20240507T064631_R020_T40RDP_20240507T121930,0,2024-05,T40RDP,0.018638056126502326,0,0.8748625934688515
S2A_MSIL2A_20240507T064631_R020_T40RDP_20240507T121930_0001.jpg,S2A_MSIL2A_20240507T064631_R020_T40RDP_20240507T121930,0,2024-05,T40RDP,0.018638056126502326,0,0.8748625934688515
S2B_MSIL2A_20240512T064629_R020_T40RDP_20240512T104001_0000.jpg,S2B_MSIL2A_20240512T064629_R020_T40RDP_20240512T104001,0,2024-05,T40RDP,0.4594114837389905,0,0.8748625934688515
S2B_MSIL2A_20240512T064629_R020_T40RDP_20240512T104001_0001.jpg,S2B_MSIL2A_20240512T064629_R020_T40RDP_20240512T104001,0,2024-05,T40RDP,0.4594114837389905,0,0.8748625934688515
S2B_MSIL2A_20240522T064629_R020_T40RDP_20240522T103730_0000.jpg,S2B_MSIL2A_20240522T064629_R020_T40RDP_20240522T103730,1,2024-05,T40RDP,0.8137161254445495,0,0.8748625934688515
S2B_MSIL2A_20240522T064629_R020_T40RDP_20240522T103730_0001.jpg,S2B_MSIL2A_20240522T064629_R020_T40RDP_20240522T103730,1,2024-05,T40RDP,0.8137161254445495,0,0.8748625934688515
S2A_MSIL2A_20240616T064631_R020_T40RDP_20240616T131856_0000.jpg,S2A_MSIL2A_20240616T064631_R020_T40RDP_20240616T131856,0,2024-06,T40RDP,0.15988588678233148,0,0.8748625934688515
S2A_MSIL2A_20240616T064631_R020_T40RDP_20240616T131856_0001.jpg,S2A_MSIL2A_20240616T064631_R020_T40RDP_20240616T131856,0,2024-06,T40RDP,0.15988588678233148,0,0.8748625934688515
S2A_MSIL2A_20240706T064631_R020_T40RDP_20240706T121235_0000.jpg,S2A_MSIL2A_20240706T064631_R020_T40RDP_20240706T121235,1,2024-07,T40RDP,0.9678745006265023,1,0.8748625934688515
S2A_MSIL2A_20240706T064631_R020_T40RDP_20240706T121235_0001.jpg,S2A_MSIL2A_20240706T064631_R020_T40RDP_20240706T121235,1,2024-07,T40RDP,0.9678745006265023,1,0.8748625934688515
S2B_MSIL2A_20240721T064629_R020_T40RDP_20240721T112112_0000.jpg,S2B_MSIL2A_20240721T064629_R020_T40RDP_20240721T112112,0,2024-07,T40RDP,0.004495199172709209,0,0.8748625934688515
S2B_MSIL2A_20240721T064629_R020_T40RDP_20240721T112112_0001.jpg,S2B_MSIL2A_20240721T064629_R020_T40RDP_20240721T112112,0,2024-07,T40RDP,0.004495199172709209,0,0.8748625934688515
S2A_MSIL2A_20240726T064631_R020_T40RDP_20240726T115558_0000.jpg,S2A_MSIL2A_20240726T064631_R020_T40RDP_20240726T115558,0,2024-07,T40RDP,0.013934306068028915,0,0.8748625934688515
S2A_MSIL2A_20240726T064631_R020_T40RDP_20240726T115558_0001.jpg,S2A_MSIL2A_20240726T064631_R020_T40RDP_20240726T115558,0,2024-07,T40RDP,0.013934306068028915,0,0.8748625934688515
S2A_MSIL2A_20240825T064621_R020_T40RDP_20240825T133350_0000.jpg,S2A_MSIL2A_20240825T064621_R020_T40RDP_20240825T133350,0,2024-08,T40RDP,0.5295912079298072,0,0.8748625934688515
S2A_MSIL2A_20240825T064621_R020_T40RDP_20240825T133350_0001.jpg,S2A_MSIL2A_20240825T064621_R020_T40RDP_20240825T133350,0,2024-08,T40RDP,0.5295912079298072,0,0.8748625934688515
S2B_MSIL2A_20240909T064629_R020_T40RDP_20240909T110138_0000.jpg,S2B_MSIL2A_20240909T064629_R020_T40RDP_20240909T110138,1,2024-09,T40RDP,0.8621909671475146,0,0.8748625934688515
S2B_MSIL2A_20240909T064629_R020_T40RDP_20240909T110138_0001.jpg,S2B_MSIL2A_20240909T064629_R020_T40RDP_20240909T110138,1,2024-09,T40RDP,0.8621909671475146,0,0.8748625934688515
S2B_MSIL2A_20240929T064629_R020_T40RDP_20240929T100121_0000.jpg,S2B_MSIL2A_20240929T064629_R020_T40RDP_20240929T100121,0,2024-09,T40RDP,0.002075286235218884,0,0.8748625934688515
S2B_MSIL2A_20240929T064629_R020_T40RDP_20240929T100121_0001.jpg,S2B_MSIL2A_20240929T064629_R020_T40RDP_20240929T100121,0,2024-09,T40RDP,0.002075286235218884,0,0.8748625934688515
S2A_MSIL2A_20241004T064731_R020_T40RDP_20241004T103151_0000.jpg,S2A_MSIL2A_20241004T064731_R020_T40RDP_20241004T103151,0,2024-10,T40RDP,0.007064831236281185,0,0.8748625934688515
S2A_MSIL2A_20241004T064731_R020_T40RDP_20241004T103151_0001.jpg,S2A_MSIL2A_20241004T064731_R020_T40RDP_20241004T103151,0,2024-10,T40RDP,0.007064831236281185,0,0.8748625934688515
S2B_MSIL2A_20241029T064919_R020_T40RDP_20241029T090554_0000.jpg,S2B_MSIL2A_20241029T064919_R020_T40RDP_20241029T090554,0,2024-10,T40RDP,0.34789761041765177,0,0.8748625934688515
S2B_MSIL2A_20241029T064919_R020_T40RDP_20241029T090554_0001.jpg,S2B_MSIL2A_20241029T064919_R020_T40RDP_20241029T090554,0,2024-10,T40RDP,0.34789761041765177,0,0.8748625934688515
S2A_MSIL2A_20241103T065031_R020_T40RDP_20241103T100958_0000.jpg,S2A_MSIL2A_20241103T065031_R020_T40RDP_20241103T100958,1,2024-11,T40RDP,0.9011738906641988,1,0.8748625934688515
S2A_MSIL2A_20241103T065031_R020_T40RDP_20241103T100958_0001.jpg,S2A_MSIL2A_20241103T065031_R020_T40RDP_20241103T100958,1,2024-11,T40RDP,0.9011738906641988,1,0.8748625934688515
S2A_MSIL2A_20241113T065131_R020_T40RDP_20241113T112554_0000.jpg,S2A_MSIL2A_20241113T065131_R020_T40RDP_20241113T112554,0,2024-11,T40RDP,0.029090263018424555,0,0.8748625934688515
S2A_MSIL2A_20241113T065131_R020_T40RDP_20241113T112554_0001.jpg,S2A_MSIL2A_20241113T065131_R020_T40RDP_20241113T112554,0,2024-11,T40RDP,0.029090263018424555,0,0.8748625934688515
S2B_MSIL2A_20241118T065059_R020_T40RDP_20241118T082640_0000.jpg,S2B_MSIL2A_20241118T065059_R020_T40RDP_20241118T082640,0,2024-11,T40RDP,0.011061576718414524,0,0.8748625934688515
S2B_MSIL2A_20241118T065059_R020_T40RDP_20241118T082640_0001.jpg,S2B_MSIL2A_20241118T065059_R020_T40RDP_20241118T082640,0,2024-11,T40RDP,0.011061576718414524,0,0.8748625934688515
S2A_MSIL2A_20241223T065311_R020_T40RDP_20241223T094150_0000.jpg,S2A_MSIL2A_20241223T065311_R020_T40RDP_20241223T094150,1,2024-12,T40RDP,0.28337203153231133,0,0.8748625934688515
S2A_MSIL2A_20241223T065311_R020_T40RDP_20241223T094150_0001.jpg,S2A_MSIL2A_20241223T065311_R020_T40RDP_20241223T094150,1,2024-12,T40RDP,0.28337203153231133,0,0.8748625934688515
S2B_MSIL2A_20241228T065209_R020_T40RDP_20241228T085137_0000.jpg,S2B_MSIL2A_20241228T065209_R020_T40RDP_20241228T085137,0,2024-12,T40RDP,0.4016194956921031,0,0.8748625934688515
S2B_MSIL2A_20241228T065209_R020_T40RDP_20241228T085137_0001.jpg,S2B_MSIL2A_20241228T065209_R020_T40RDP_20241228T085137,0,2024-12,T40RDP,0.4016194956921031,0,0.8748625934688515
S2A_MSIL2A_20170108T063231_R077_T40QGK_20210530T025623_0000.jpg,S2A_MSIL2A_20170108T063231_R077_T40QGK_20210530T025623,0,2017-01,T40QGK,0.8737741815583955,0,0.8748625934688515
S2A_MSIL2A_20170108T063231_R077_T40QGK_20210530T025623_0001.jpg,S2A_MSIL2A_20170108T063231_R077_T40QGK_20210530T025623,0,2017-01,T40QGK,0.8737741815583955,0,0.8748625934688515
S2A_MSIL2A_20170128T063121_R077_T40QGK_20210207T223643_0000.jpg,S2A_MSIL2A_20170128T063121_R077_T40QGK_20210207T223643,0,2017-01,T40QGK,0.007650179824016545,0,0.8748625934688515
S2A_MSIL2A_20170128T063121_R077_T40QGK_20210207T223643_0001.jpg,S2A_MSIL2A_20170128T063121_R077_T40QGK_20210207T223643,0,2017-01,T40QGK,0.007650179824016545,0,0.8748625934688515
S2A_MSIL2A_20170227T062811_R077_T40QGK_20210208T174007_0000.jpg,S2A_MSIL2A_20170227T062811_R077_T40QGK_20210208T174007,0,2017-02,T40QGK,0.11914725986908094,0,0.8748625934688515
S2A_MSIL2A_20170227T062811_R077_T40QGK_20210208T174007_0001.jpg,S2A_MSIL2A_20170227T062811_R077_T40QGK_20210208T174007,0,2017-02,T40QGK,0.11914725986908094,0,0.8748625934688515
S2A_MSIL2A_20170408T062631_R077_T40QGK_20210209T054517_0000.jpg,S2A_MSIL2A_20170408T062631_R077_T40QGK_20210209T054517,1,2017-04,T40QGK,0.9049460514900777,1,0.8748625934688515
S2A_MSIL2A_20170408T062631_R077_T40QGK_20210209T054517_0001.jpg,S2A_MSIL2A_20170408T062631_R077_T40QGK_20210209T054517,1,2017-04,T40QGK,0.9049460514900777,1,0.8748625934688515
S2B_MSIL2A_20170712T062629_R077_T40QGK_20210210T075544_0000.jpg,S2B_MSIL2A_20170712T062629_R077_T40QGK_20210210T075544,0,2017-07,T40QGK,0.32457178808313913,0,0.8748625934688515
S2B_MSIL2A_20170712T062629_R077_T40QGK_20210210T075544_0001.jpg,S2B_MSIL2A_20170712T062629_R077_T40QGK_20210210T075544,0,2017-07,T40QGK,0.32457178808313913,0,0.8748625934688515
S2A_MSIL2A_20170806T062631_R077_T40QGK_20210210T201853_0000.jpg,S2A_MSIL2A_20170806T062631_R077_T40QGK_20210210T201853,0,2017-08,T40QGK,0.0316485676515976,0,0.8748625934688515
S2A_MSIL2A_20170806T062631_R077_T40QGK_20210210T201853_0001.jpg,S2A_MSIL2A_20170806T062631_R077_T40QGK_20210210T201853,0,2017-08,T40QGK,0.0316485676515976,0,0.8748625934688515
S2A_MSIL2A_20170826T062631_R077_T40QGK_20210201T110022_0000.jpg,S2A_MSIL2A_20170826T062631_R077_T40QGK_20210201T110022,1,2017-08,T40QGK,0.9547183045167363,1,0.8748625934688515
S2A_MSIL2A_20170826T062631_R077_T40QGK_20210201T110022_0001.jpg,S2A_MSIL2A_20170826T062631_R077_T40QGK_20210201T110022,1,2017-08,T40QGK,0.9547183045167363,1,0.8748625934688515
S2B_MSIL2A_20170910T062619_R077_T40QGK_20210201T232752_0000.jpg,S2B_MSIL2A_20170910T062619_R077_T40QGK_20210201T232752,0,2017-09,T40QGK,0.11205859493211288,0,0.8748625934688515
S2B_MSIL2A_20170910T062619_R077_T40QGK_20210201T232752_0001.jpg,S2B_MSIL2A_20170910T062619_R077_T40QGK_20210201T232752,0,2017-09,T40QGK,0.11205859493211288,0,0.8748625934688515
S2A_MSIL2A_20171005T062721_R077_T40QGK_20210202T140745_0000.jpg,S2A_MSIL2A_20171005T062721_R077_T40QGK_20210202T140745,0,2017-10,T40QGK,0.08574655850499016,0,0.8748625934688515
S2A_MSIL2A_20171005T062721_R077_T40QGK_20210202T140745_0001.jpg,S2A_MSIL2A_20171005T062721_R077_T40QGK_20210202T140745,0,2017-10,T40QGK,0.08574655850499016,0,0.8748625934688515
S2B_MSIL2A_20171020T062849_R077_T40QGK_20201015T010902_0000.jpg,S2B_MSIL2A_20171020T062849_R077_T40QGK_20201015T010902,0,2017-10,T40QGK,0.03457496652433916,0,0.8748625934688515
S2B_MSIL2A_20171020T062849_R077_T40QGK_20201015T010902_0001.jpg,S2B_MSIL2A_20171020T062849_R077_T40QGK_20201015T010902,0,2017-10,T40QGK,0.03457496652433916,0,0.8748625934688515
S2A_MSIL2A_20171025T062931_R077_T40QGK_20201015T020751_0000.jpg,S2A_MSIL2A_20171025T062931_R077_T40QGK_20201015T020751,0,2017-10,T40QGK,0.0034221377489547294,0,0.8748625934688515
S2A_MSIL2A_20171025T062931_R077_T40QGK_20201015T020751_0001.jpg,S2A_MSIL2A_20171025T062931_R077_T40QGK_20201015T020751,0,2017-10,T40QGK,0.0034221377489547294,0,0.8748625934688515
S2B_MSIL2A_20171109T063039_R077_T40QGK_20201014T190830_0000.jpg,S2B_MSIL2A_20171109T063039_R077_T40QGK_20201014T190830,0,2017-11,T40QGK,0.12282859701784687,0,0.8748625934688515
S2B_MSIL2A_20171109T063039_R077_T40QGK_20201014T190830_0001.jpg,S2B_MSIL2A_20171109T063039_R077_T40QGK_20201014T190830,0,2017-11,T40QGK,0.12282859701784687,0,0.8748625934688515
S2B_MSIL2A_20171119T063129_R077_T40QGK_20201014T205952_0000.jpg,S2B_MSIL2A_20171119T063129_R077_T40QGK_20201014T205952,0,2017-11,T40QGK,0.053635225254395805,0,0.8748625934688515
S2B_MSIL2A_20171119T063129_R077_T40QGK_20201014T205952_0001.jpg,S2B_MSIL2A_20171119T063129_R077_T40QGK_20201014T205952,0,2017-11,T40QGK,0.053635225254395805,0,0.8748625934688515
S2A_MSIL2A_20171204T063231_R077_T40QGK_20201014T115634_0000.jpg,S2A_MSIL2A_20171204T063231_R077_T40QGK_20201014T115634,0,2017-12,T40QGK,0.005757804867274767,0,0.8748625934688515
S2A_MSIL2A_20171204T063231_R077_T40QGK_20201014T115634_0001.jpg,S2A_MSIL2A_20171204T063231_R077_T40QGK_20201014T115634,0,2017-12,T40QGK,0.005757804867274767,0,0.8748625934688515
S2B_MSIL2A_20171209T063239_R077_T40QGK_20201014T130134_0000.jpg,S2B_MSIL2A_20171209T063239_R077_T40QGK_20201014T130134,0,2017-12,T40QGK,0.006783352495333238,0,0.8748625934688515
S2B_MSIL2A_20171209T063239_R077_T40QGK_20201014T130134_0001.jpg,S2B_MSIL2A_20171209T063239_R077_T40QGK_20201014T130134,0,2017-12,T40QGK,0.006783352495333238,0,0.8748625934688515
S2A_MSIL2A_20171224T063251_R077_T40QGK_20201014T155906_0000.jpg,S2A_MSIL2A_20171224T063251_R077_T40QGK_20201014T155906,1,2017-12,T40QGK,0.9718283868136637,1,0.8748625934688515
S2A_MSIL2A_20171224T063251_R077_T40QGK_20201014T155906_0001.jpg,S2A_MSIL2A_20171224T063251_R077_T40QGK_20201014T155906,1,2017-12,T40QGK,0.9718283868136637,1,0.8748625934688515
S2B_MSIL2A_20171229T063249_R077_T40QGK_20201014T171616_0000.jpg,S2B_MSIL2A_20171229T063249_R077_T40QGK_20201014T171616,0,2017-12,T40QGK,0.1638054473489969,0,0.8748625934688515
S2B_MSIL2A_20171229T063249_R077_T40QGK_20201014T171616_0001.jpg,S2B_MSIL2A_20171229T063249_R077_T40QGK_20201014T171616,0,2017-12,T40QGK,0.1638054473489969,0,0.8748625934688515
S2B_MSIL2A_20180108T063229_R077_T40QGK_20201014T041341_0000.jpg,S2B_MSIL2A_20180108T063229_R077_T40QGK_20201014T041341,0,2018-01,T40QGK,0.004367901025425926,0,0.8748625934688515
S2B_MSIL2A_20180108T063229_R077_T40QGK_20201014T041341_0001.jpg,S2B_MSIL2A_20180108T063229_R077_T40QGK_20201014T041341,0,2018-01,T40QGK,0.004367901025425926,0,0.8748625934688515
S2B_MSIL2A_20180118T063159_R077_T40QGK_20201014T064335_0000.jpg,S2B_MSIL2A_20180118T063159_R077_T40QGK_20201014T064335,0,2018-01,T40QGK,0.13062120814300465,0,0.8748625934688515
S2B_MSIL2A_20180118T063159_R077_T40QGK_20201014T064335_0001.jpg,S2B_MSIL2A_20180118T063159_R077_T40QGK_20201014T064335,0,2018-01,T40QGK,0.13062120814300465,0,0.8748625934688515
S2B_MSIL2A_20180128T063119_R077_T40QGK_20201014T093452_0000.jpg,S2B_MSIL2A_20180128T063119_R077_T40QGK_20201014T093452,0,2018-01,T40QGK,0.34209666015094176,0,0.8748625934688515
S2B_MSIL2A_20180128T063119_R077_T40QGK_20201014T093452_0001.jpg,S2B_MSIL2A_20180128T063119_R077_T40QGK_20201014T093452,0,2018-01,T40QGK,0.34209666015094176,0,0.8748625934688515
S2B_MSIL2A_20180207T063029_R077_T40QGK_20201013T195615_0000.jpg,S2B_MSIL2A_20180207T063029_R077_T40QGK_20201013T195615,0,2018-02,T40QGK,0.009093388764655111,0,0.8748625934688515
S2B_MSIL2A_20180207T063029_R077_T40QGK_20201013T195615_0001.jpg,S2B_MSIL2A_20180207T063029_R077_T40QGK_20201013T195615,0,2018-02,T40QGK,0.009093388764655111,0,0.8748625934688515
S2A_MSIL2A_20180212T063001_R077_T40QGK_20201026T040841_0000.jpg,S2A_MSIL2A_20180212T063001_R077_T40QGK_20201026T040841,1,2018-02,T40QGK,0.9073048577123427,1,0.8748625934688515
S2A_MSIL2A_20180212T063001_R077_T40QGK_20201026T040841_0001.jpg,S2A_MSIL2A_20180212T063001_R077_T40QGK_20201026T040841,1,2018-02,T40QGK,0.9073048577123427,1,0.8748625934688515
S2A_MSIL2A_20180304T062741_R077_T40QGK_20201013T061838_0000.jpg,S2A_MSIL2A_20180304T062741_R077_T40QGK_20201013T061838,0,2018-03,T40QGK,0.14164930946266058,0,0.8748625934688515
S2A_MSIL2A_20180304T062741_R077_T40QGK_20201013T061838_0001.jpg,S2A_MSIL2A_20180304T062741_R077_T40QGK_20201013T061838,0,2018-03,T40QGK,0.14164930946266058,0,0.8748625934688515
S2A_MSIL2A_20180314T062631_R077_T40QGK_20201013T084520_0000.jpg,S2A_MSIL2A_20180314T062631_R077_T40QGK_20201013T084520,0,2018-03,T40QGK,0.2176895785044199,0,0.8748625934688515
S2A_MSIL2A_20180314T062631_R077_T40QGK_20201013T084520_0001.jpg,S2A_MSIL2A_20180314T062631_R077_T40QGK_20201013T084520,0,2018-03,T40QGK,0.2176895785044199,0,0.8748625934688515
S2A_MSIL2A_20180324T062631_R077_T40QGK_20201013T132417_0000.jpg,S2A_MSIL2A_20180324T062631_R077_T40QGK_20201013T132417,0,2018-03,T40QGK,0.018812571441198304,0,0.8748625934688515
S2A_MSIL2A_20180324T062631_R077_T40QGK_20201013T132417_0001.jpg,S2A_MSIL2A_20180324T062631_R077_T40QGK_20201013T132417,0,2018-03,T40QGK,0.018812571441198304,0,0.8748625934688515
S2B_MSIL2A_20180329T062629_R077_T40QGK_20201013T161103_0000.jpg,S2B_MSIL2A_20180329T062629_R077_T40QGK_20201013T161103,0,2018-03,T40QGK,0.008475060391020053,0,0.8748625934688515
S2B_MSIL2A_20180329T062629_R077_T40QGK_20201013T161103_0001.jpg,S2B_MSIL2A_20180329T062629_R077_T40QGK_20201013T161103,0,2018-03,T40QGK,0.008475060391020053,0,0.8748625934688515
S2A_MSIL2A_20180403T062631_R077_T40QGK_20201012T174147_0000.jpg,S2A_MSIL2A_20180403T062631_R077_T40QGK_20201012T174147,0,2018-04,T40QGK,0.16547631668627272,0,0.8748625934688515
S2A_MSIL2A_20180403T062631_R077_T40QGK_20201012T174147_0001.jpg,S2A_MSIL2A_20180403T062631_R077_T40QGK_20201012T174147,0,2018-04,T40QGK,0.16547631668627272,0,0.8748625934688515
S2A_MSIL2A_20180503T062631_R077_T40QGK_20201012T051456_0000.jpg,S2A_MSIL2A_20180503T062631_R077_T40QGK_20201012T051456,0,2018-05,T40QGK,0.038548301215148566,0,0.8748625934688515
S2A_MSIL2A_20180503T062631_R077_T40QGK_20201012T051456_0001.jpg,S2A_MSIL2A_20180503T062631_R077_T40QGK_20201012T051456,0,2018-05,T40QGK,0.038548301215148566,0,0.8748625934688515
S2A_MSIL2A_20180513T062631_R077_T40QGK_20201012T091425_0000.jpg,S2A_MSIL2A_20180513T062631_R077_T40QGK_20201012T091425,0,2018-05,T40QGK,0.0901496300778252,0,0.8748625934688515
S2A_MSIL2A_20180513T062631_R077_T40QGK_20201012T091425_0001.jpg,S2A_MSIL2A_20180513T062631_R077_T40QGK_20201012T091425,0,2018-05,T40QGK,0.0901496300778252,0,0.8748625934688515
S2A_MSIL2A_20180523T062631_R077_T40QGK_20201012T131343_0000.jpg,S2A_MSIL2A_20180523T062631_R077_T40QGK_20201012T131343,0,2018-05,T40QGK,0.001758326080716224,0,0.8748625934688515
S2A_MSIL2A_20180523T062631_R077_T40QGK_20201012T131343_0001.jpg,S2A_MSIL2A_20180523T062631_R077_T40QGK_20201012T131343,0,2018-05,T40QGK,0.001758326080716224,0,0.8748625934688515
S2B_MSIL2A_20180528T062629_R077_T40QGK_20201012T150955_0000.jpg,S2B_MSIL2A_20180528T062629_R077_T40QGK_20201012T150955,0,2018-05,T40QGK,0.15096875363927745,0,0.8748625934688515
S2B_MSIL2A_20180528T062629_R077_T40QGK_20201012T150955_0001.jpg,S2B_MSIL2A_20180528T062629_R077_T40QGK_20201012T150955,0,2018-05,T40QGK,0.15096875363927745,0,0.8748625934688515
S2A_MSIL2A_20180602T062631_R077_T40QGK_20201103T052930_0000.jpg,S2A_MSIL2A_20180602T062631_R077_T40QGK_20201103T052930,0,2018-06,T40QGK,0.12271685505340629,0,0.8748625934688515
S2A_MSIL2A_20180602T062631_R077_T40QGK_20201103T052930_0001.jpg,S2A_MSIL2A_20180602T062631_R077_T40QGK_20201103T052930,0,2018-06,T40QGK,0.12271685505340629,0,0.8748625934688515
S2A_MSIL2A_20180612T062631_R077_T40QGK_20201026T223958_0000.jpg,S2A_MSIL2A_20180612T062631_R077_T40QGK_20201026T223958,0,2018-06,T40QGK,0.31309725705667685,0,0.8748625934688515
S2A_MSIL2A_20180612T062631_R077_T40QGK_20201026T223958_0001.jpg,S2A_MSIL2A_20180612T062631_R077_T40QGK_20201026T223958,0,2018-06,T40QGK,0.31309725705667685,0,0.8748625934688515
S2B_MSIL2A_20180617T062629_R077_T40QGK_20201011T231555_0000.jpg,S2B_MSIL2A_20180617T062629_R077_T40QGK_20201011T231555,0,2018-06,T40QGK,0.4301503434597409,0,0.8748625934688515
S2B_MSIL2A_20180617T062629_R077_T40QGK_20201011T231555_0001.jpg,S2B_MSIL2A_20180617T062629_R077_T40QGK_20201011T231555,0,2018-06,T40QGK,0.4301503434597409,0,0.8748625934688515
S2B_MSIL2A_20180627T062629_R077_T40QGK_20201012T030550_0000.jpg,S2B_MSIL2A_20180627T062629_R077_T40QGK_20201012T030550,0,2018-06,T40QGK,0.004113403493132975,0,0.8748625934688515
S2B_MSIL2A_20180627T062629_R077_T40QGK_20201012T030550_0001.jpg,S2B_MSIL2A_20180627T062629_R077_T40QGK_20201012T030550,0,2018-06,T40QGK,0.004113403493132975,0,0.8748625934688515
S2B_MSIL2A_20180707T062629_R077_T40QGK_20201011T130508_0000.jpg,S2B_MSIL2A_20180707T062629_R077_T40QGK_20201011T130508,0,2018-07,T40QGK,0.9370801421274491,1,0.8748625934688515
S2B_MSIL2A_20180707T062629_R077_T40QGK_20201011T130508_0001.jpg,S2B_MSIL2A_20180707T062629_R077_T40QGK_20201011T130508,0,2018-07,T40QGK,0.9370801421274491,1,0.8748625934688515
S2A_MSIL2A_20180712T062631_R077_T40QGK_20201011T145021_0000.jpg,S2A_MSIL2A_20180712T062631_R077_T40QGK_20201011T145021,0,2018-07,T40QGK,0.2502124279500643,0,0.8748625934688515
S2A_MSIL2A_20180712T062631_R077_T40QGK_20201011T145021_0001.jpg,S2A_MSIL2A_20180712T062631_R077_T40QGK_20201011T145021,0,2018-07,T40QGK,0.2502124279500643,0,0.8748625934688515
S2B_MSIL2A_20180727T062629_R077_T40QGK_20201011T204153_0000.jpg,S2B_MSIL2A_20180727T062629_R077_T40QGK_20201011T204153,0,2018-07,T40QGK,0.007808525561247671,0,0.8748625934688515
S2B_MSIL2A_20180727T062629_R077_T40QGK_20201011T204153_0001.jpg,S2B_MSIL2A_20180727T062629_R077_T40QGK_20201011T204153,0,2018-07,T40QGK,0.007808525561247671,0,0.8748625934688515
S2A_MSIL2A_20180811T062631_R077_T40QGK_20201011T000847_0000.jpg,S2A_MSIL2A_20180811T062631_R077_T40QGK_20201011T000847,0,2018-08,T40QGK,0.19452573067108914,0,0.8748625934688515
S2A_MSIL2A_20180811T062631_R077_T40QGK_20201011T000847_0001.jpg,S2A_MSIL2A_20180811T062631_R077_T40QGK_20201011T000847,0,2018-08,T40QGK,0.19452573067108914,0,0.8748625934688515
S2A_MSIL2A_20180831T062631_R077_T40QGK_20201103T173702_0000.jpg,S2A_MSIL2A_20180831T062631_R077_T40QGK_20201103T173702,0,2018-08,T40QGK,0.02466858762041224,0,0.8748625934688515
S2A_MSIL2A_20180831T062631_R077_T40QGK_20201103T173702_0001.jpg,S2A_MSIL2A_20180831T062631_R077_T40QGK_20201103T173702,0,2018-08,T40QGK,0.02466858762041224,0,0.8748625934688515
S2B_MSIL2A_20180915T062619_R077_T40QGK_20201009T012727_0000.jpg,S2B_MSIL2A_20180915T062619_R077_T40QGK_20201009T012727,0,2018-09,T40QGK,0.02174631655555316,0,0.8748625934688515
S2B_MSIL2A_20180915T062619_R077_T40QGK_20201009T012727_0001.jpg,S2B_MSIL2A_20180915T062619_R077_T40QGK_20201009T012727,0,2018-09,T40QGK,0.02174631655555316,0,0.8748625934688515
S2A_MSIL2A_20180920T062621_R077_T40QGK_20201009T030042_0000.jpg,S2A_MSIL2A_20180920T062621_R077_T40QGK_20201009T030042,0,2018-09,T40QGK,0.01243524124247769,0,0.8748625934688515
S2A_MSIL2A_20180920T062621_R077_T40QGK_20201009T030042_0001.jpg,S2A_MSIL2A_20180920T062621_R077_T40QGK_20201009T030042,0,2018-09,T40QGK,0.01243524124247769,0,0.8748625934688515
S2A_MSIL2A_20180930T062641_R077_T40QGK_20201009T062826_0000.jpg,S2A_MSIL2A_20180930T062641_R077_T40QGK_20201009T062826,1,2018-09,T40QGK,0.9388581920134169,1,0.8748625934688515
S2A_MSIL2A_20180930T062641_R077_T40QGK_20201009T062826_0001.jpg,S2A_MSIL2A_20180930T062641_R077_T40QGK_20201009T062826,1,2018-09,T40QGK,0.9388581920134169,1,0.8748625934688515
S2B_MSIL2A_20181005T062719_R077_T40QGK_20201009T082718_0000.jpg,S2B_MSIL2A_20181005T062719_R077_T40QGK_20201009T082718,1,2018-10,T40QGK,0.909983973669482,1,0.8748625934688515
S2B_MSIL2A_20181005T062719_R077_T40QGK_20201009T082718_0001.jpg,S2B_MSIL2A_20181005T062719_R077_T40QGK_20201009T082718,1,2018-10,T40QGK,0.909983973669482,1,0.8748625934688515
S2A_MSIL2A_20181020T062901_R077_T40QGK_20201030T225347_0000.jpg,S2A_MSIL2A_20181020T062901_R077_T40QGK_20201030T225347,1,2018-10,T40QGK,0.9534903159471912,1,0.8748625934688515
S2A_MSIL2A_20181020T062901_R077_T40QGK_20201030T225347_0001.jpg,S2A_MSIL2A_20181020T062901_R077_T40QGK_20201030T225347,1,2018-10,T40QGK,0.9534903159471912,1,0.8748625934688515
S2B_MSIL2A_20181025T062929_R077_T40QGK_20201009T151438_0000.jpg,S2B_MSIL2A_20181025T062929_R077_T40QGK_20201009T151438,0,2018-10,T40QGK,0.015690574442045538,0,0.8748625934688515
S2B_MSIL2A_20181025T062929_R077_T40QGK_20201009T151438_0001.jpg,S2B_MSIL2A_20181025T062929_R077_T40QGK_20201009T151438,0,2018-10,T40QGK,0.015690574442045538,0,0.8748625934688515
S2B_MSIL2A_20181104T063029_R077_T40QGK_20201008T154616_0000.jpg,S2B_MSIL2A_20181104T063029_R077_T40QGK_20201008T154616,1,2018-11,T40QGK,0.8762288893578202,1,0.8748625934688515
S2B_MSIL2A_20181104T063029_R077_T40QGK_20201008T154616_0001.jpg,S2B_MSIL2A_20181104T063029_R077_T40QGK_20201008T154616,1,2018-11,T40QGK,0.8762288893578202,1,0.8748625934688515
S2A_MSIL2A_20181129T063211_R077_T40QGK_20201008T223706_0000.jpg,S2A_MSIL2A_20181129T063211_R077_T40QGK_20201008T223706,0,2018-11,T40QGK,0.012574035225596934,0,0.8748625934688515
S2A_MSIL2A_20181129T063211_R077_T40QGK_20201008T223706_0001.jpg,S2A_MSIL2A_20181129T063211_R077_T40QGK_20201008T223706,0,2018-11,T40QGK,0.012574035225596934,0,0.8748625934688515
S2B_MSIL2A_20181204T063229_R077_T40QGK_20201008T072338_0000.jpg,S2B_MSIL2A_20181204T063229_R077_T40QGK_20201008T072338,0,2018-12,T40QGK,0.005949420812665001,0,0.8748625934688515
S2B_MSIL2A_20181204T063229_R077_T40QGK_20201008T072338_0001.jpg,S2B_MSIL2A_20181204T063229_R077_T40QGK_20201008T072338,0,2018-12,T40QGK,0.005949420812665001,0,0.8748625934688515
S2A_MSIL2A_20181209T063241_R077_T40QGK_20201030T235446_0000.jpg,S2A_MSIL2A_20181209T063241_R077_T40QGK_20201030T235446,0,2018-12,T40QGK,0.007058844210157887,0,0.8748625934688515
S2A_MSIL2A_20181209T063241_R077_T40QGK_20201030T235446_0001.jpg,S2A_MSIL2A_20181209T063241_R077_T40QGK_20201030T235446,0,2018-12,T40QGK,0.007058844210157887,0,0.8748625934688515
S2A_MSIL2A_20181229T063251_R077_T40QGK_20201008T135448_0000.jpg,S2A_MSIL2A_20181229T063251_R077_T40QGK_20201008T135448,0,2018-12,T40QGK,0.5931637314118869,0,0.8748625934688515
S2A_MSIL2A_20181229T063251_R077_T40QGK_20201008T135448_0001.jpg,S2A_MSIL2A_20181229T063251_R077_T40QGK_20201008T135448,0,2018-12,T40QGK,0.5931637314118869,0,0.8748625934688515
S2B_MSIL2A_20190123T063149_R077_T40QGK_20201008T040056_0000.jpg,S2B_MSIL2A_20190123T063149_R077_T40QGK_20201008T040056,0,2019-01,T40QGK,0.02703347524497026,0,0.8748625934688515
S2B_MSIL2A_20190123T063149_R077_T40QGK_20201008T040056_0001.jpg,S2B_MSIL2A_20190123T063149_R077_T40QGK_20201008T040056,0,2019-01,T40QGK,0.02703347524497026,0,0.8748625934688515
S2A_MSIL2A_20190207T063031_R077_T40QGK_20210713T232839_0000.jpg,S2A_MSIL2A_20190207T063031_R077_T40QGK_20210713T232839,1,2019-02,T40QGK,0.6540493237596813,0,0.8748625934688515
S2A_MSIL2A_20190207T063031_R077_T40QGK_20210713T232839_0001.jpg,S2A_MSIL2A_20190207T063031_R077_T40QGK_20210713T232839,1,2019-02,T40QGK,0.6540493237596813,0,0.8748625934688515
S2A_MSIL2A_20190227T062821_R077_T40QGK_20201007T210606_0000.jpg,S2A_MSIL2A_20190227T062821_R077_T40QGK_20201007T210606,0,2019-02,T40QGK,0.009387346269413763,0,0.8748625934688515
S2A_MSIL2A_20190227T062821_R077_T40QGK_20201007T210606_0001.jpg,S2A_MSIL2A_20190227T062821_R077_T40QGK_20201007T210606,0,2019-02,T40QGK,0.009387346269413763,0,0.8748625934688515
S2B_MSIL2A_20190304T062749_R077_T40QGK_20201030T140917_0000.jpg,S2B_MSIL2A_20190304T062749_R077_T40QGK_20201030T140917,1,2019-03,T40QGK,0.919020330985556,1,0.8748625934688515
S2B_MSIL2A_20190304T062749_R077_T40QGK_20201030T140917_0001.jpg,S2B_MSIL2A_20190304T062749_R077_T40QGK_20201030T140917,1,2019-03,T40QGK,0.919020330985556,1,0.8748625934688515
S2A_MSIL2A_20190319T062631_R077_T40QGK_20201007T080841_0000.jpg,S2A_MSIL2A_20190319T062631_R077_T40QGK_20201007T080841,0,2019-03,T40QGK,0.037427485235644625,0,0.8748625934688515
S2A_MSIL2A_20190319T062631_R077_T40QGK_20201007T080841_0001.jpg,S2A_MSIL2A_20190319T062631_R077_T40QGK_20201007T080841,0,2019-03,T40QGK,0.037427485235644625,0,0.8748625934688515
S2A_MSIL2A_20190329T062631_R077_T40QGK_20201007T115324_0000.jpg,S2A_MSIL2A_20190329T062631_R077_T40QGK_20201007T115324,0,2019-03,T40QGK,0.007785365513039249,0,0.8748625934688515
S2A_MSIL2A_20190329T062631_R077_T40QGK_20201007T115324_0001.jpg,S2A_MSIL2A_20190329T062631_R077_T40QGK_20201007T115324,0,2019-03,T40QGK,0.007785365513039249,0,0.8748625934688515
S2A_MSIL2A_20190408T062631_R077_T40QGK_20201006T233313_0000.jpg,S2A_MSIL2A_20190408T062631_R077_T40QGK_20201006T233313,0,2019-04,T40QGK,0.20409103009268406,0,0.8748625934688515
S2A_MSIL2A_20190408T062631_R077_T40QGK_20201006T233313_0001.jpg,S2A_MSIL2A_20190408T062631_R077_T40QGK_20201006T233313,0,2019-04,T40QGK,0.20409103009268406,0,0.8748625934688515
S2B_MSIL2A_20190423T062639_R077_T40QGK_20201105T161913_0000.jpg,S2B_MSIL2A_20190423T062639_R077_T40QGK_20201105T161913,0,2019-04,T40QGK,0.06933864108940106,0,0.8748625934688515
S2B_MSIL2A_20190423T062639_R077_T40QGK_20201105T161913_0001.jpg,S2B_MSIL2A_20190423T062639_R077_T40QGK_20201105T161913,0,2019-04,T40QGK,0.06933864108940106,0,0.8748625934688515
S2A_MSIL2A_20190508T062631_R077_T40QGK_20201006T112655_0000.jpg,S2A_MSIL2A_20190508T062631_R077_T40QGK_20201006T112655,0,2019-05,T40QGK,0.3071039974623448,0,0.8748625934688515
S2A_MSIL2A_20190508T062631_R077_T40QGK_20201006T112655_0001.jpg,S2A_MSIL2A_20190508T062631_R077_T40QGK_20201006T112655,0,2019-05,T40QGK,0.3071039974623448,0,0.8748625934688515
S2B_MSIL2A_20190513T062639_R077_T40QGK_20201106T003108_0000.jpg,S2B_MSIL2A_20190513T062639_R077_T40QGK_20201106T003108,0,2019-05,T40QGK,0.022981417604096294,0,0.8748625934688515
S2B_MSIL2A_20190513T062639_R077_T40QGK_20201106T003108_0001.jpg,S2B_MSIL2A_20190513T062639_R077_T40QGK_20201106T003108,0,2019-05,T40QGK,0.022981417604096294,0,0.8748625934688515
S2A_MSIL2A_20190518T062631_R077_T40QGK_20201006T153526_0000.jpg,S2A_MSIL2A_20190518T062631_R077_T40QGK_20201006T153526,0,2019-05,T40QGK,0.03452221433809848,0,0.8748625934688515
S2A_MSIL2A_20190518T062631_R077_T40QGK_20201006T153526_0001.jpg,S2A_MSIL2A_20190518T062631_R077_T40QGK_20201006T153526,0,2019-05,T40QGK,0.03452221433809848,0,0.8748625934688515
S2A_MSIL2A_20190607T062631_R077_T40QGK_20201005T230635_0000.jpg,S2A_MSIL2A_20190607T062631_R077_T40QGK_20201005T230635,0,2019-06,T40QGK,0.016746201980347163,0,0.8748625934688515
S2A_MSIL2A_20190607T062631_R077_T40QGK_20201005T230635_0001.jpg,S2A_MSIL2A_20190607T062631_R077_T40QGK_20201005T230635,0,2019-06,T40QGK,0.016746201980347163,0,0.8748625934688515
S2B_MSIL2A_20190612T062639_R077_T40QGK_20201006T012129_0000.jpg,S2B_MSIL2A_20190612T062639_R077_T40QGK_20201006T012129,0,2019-06,T40QGK,0.28457742056689284,0,0.8748625934688515
S2B_MSIL2A_20190612T062639_R077_T40QGK_20201006T012129_0001.jpg,S2B_MSIL2A_20190612T062639_R077_T40QGK_20201006T012129,0,2019-06,T40QGK,0.28457742056689284,0,0.8748625934688515
S2A_MSIL2A_20190627T062631_R077_T40QGK_20201006T065430_0000.jpg,S2A_MSIL2A_20190627T062631_R077_T40QGK_20201006T065430,0,2019-06,T40QGK,0.1264343546441157,0,0.8748625934688515
S2A_MSIL2A_20190627T062631_R077_T40QGK_20201006T065430_0001.jpg,S2A_MSIL2A_20190627T062631_R077_T40QGK_20201006T065430,0,2019-06,T40QGK,0.1264343546441157,0,0.8748625934688515
S2A_MSIL2A_20190707T062631_R077_T40QGK_20201005T102725_0000.jpg,S2A_MSIL2A_20190707T062631_R077_T40QGK_20201005T102725,0,2019-07,T40QGK,0.01150267581075818,0,0.8748625934688515
S2A_MSIL2A_20190707T062631_R077_T40QGK_20201005T102725_0001.jpg,S2A_MSIL2A_20190707T062631_R077_T40QGK_20201005T102725,0,2019-07,T40QGK,0.01150267581075818,0,0.8748625934688515
S2B_MSIL2A_20190712T062639_R077_T40QGK_20201005T130312_0000.jpg,S2B_MSIL2A_20190712T062639_R077_T40QGK_20201005T130312,1,2019-07,T40QGK,0.5522889895977661,0,0.8748625934688515
S2B_MSIL2A_20190712T062639_R077_T40QGK_20201005T130312_0001.jpg,S2B_MSIL2A_20190712T062639_R077_T40QGK_20201005T130312,1,2019-07,T40QGK,0.5522889895977661,0,0.8748625934688515
S2B_MSIL2A_20190722T062639_R077_T40QGK_20201005T180659_0000.jpg,S2B_MSIL2A_20190722T062639_R077_T40QGK_20201005T180659,0,2019-07,T40QGK,0.020120222766546358,0,0.8748625934688515
S2B_MSIL2A_20190722T062639_R077_T40QGK_20201005T180659_0001.jpg,S2B_MSIL2A_20190722T062639_R077_T40QGK_20201005T180659,0,2019-07,T40QGK,0.020120222766546358,0,0.8748625934688515
S2A_MSIL2A_20190727T062631_R077_T40QGK_20201106T025330_0000.jpg,S2A_MSIL2A_20190727T062631_R077_T40QGK_20201106T025330,0,2019-07,T40QGK,0.01270077064341398,0,0.8748625934688515
S2A_MSIL2A_20190727T062631_R077_T40QGK_20201106T025330_0001.jpg,S2A_MSIL2A_20190727T062631_R077_T40QGK_20201106T025330,0,2019-07,T40QGK,0.01270077064341398,0,0.8748625934688515
S2B_MSIL2A_20190801T062639_R077_T40QGK_20201004T191404_0000.jpg,S2B_MSIL2A_20190801T062639_R077_T40QGK_20201004T191404,0,2019-08,T40QGK,0.016760962919041437,0,0.8748625934688515
S2B_MSIL2A_20190801T062639_R077_T40QGK_20201004T191404_0001.jpg,S2B_MSIL2A_20190801T062639_R077_T40QGK_20201004T191404,0,2019-08,T40QGK,0.016760962919041437,0,0.8748625934688515
S2A_MSIL2A_20190816T062631_R077_T40QGK_20201005T005746_0000.jpg,S2A_MSIL2A_20190816T062631_R077_T40QGK_20201005T005746,0,2019-08,T40QGK,0.19087486459944808,0,0.8748625934688515
S2A_MSIL2A_20190816T062631_R077_T40QGK_20201005T005746_0001.jpg,S2A_MSIL2A_20190816T062631_R077_T40QGK_20201005T005746,0,2019-08,T40QGK,0.19087486459944808,0,0.8748625934688515
S2B_MSIL2A_20190821T062639_R077_T40QGK_20201005T030927_0000.jpg,S2B_MSIL2A_20190821T062639_R077_T40QGK_20201005T030927,0,2019-08,T40QGK,0.6232143924806989,0,0.8748625934688515
S2B_MSIL2A_20190821T062639_R077_T40QGK_20201005T030927_0001.jpg,S2B_MSIL2A_20190821T062639_R077_T40QGK_20201005T030927,0,2019-08,T40QGK,0.6232143924806989,0,0.8748625934688515
S2B_MSIL2A_20190910T062629_R077_T40QGK_20201004T113427_0000.jpg,S2B_MSIL2A_20190910T062629_R077_T40QGK_20201004T113427,1,2019-09,T40QGK,0.9570709087617856,1,0.8748625934688515
S2B_MSIL2A_20190910T062629_R077_T40QGK_20201004T113427_0001.jpg,S2B_MSIL2A_20190910T062629_R077_T40QGK_20201004T113427,1,2019-09,T40QGK,0.9570709087617856,1,0.8748625934688515
S2B_MSIL2A_20190920T062629_R077_T40QGK_20201004T152316_0000.jpg,S2B_MSIL2A_20190920T062629_R077_T40QGK_20201004T152316,0,2019-09,T40QGK,0.011663420292783642,0,0.8748625934688515
S2B_MSIL2A_20190920T062629_R077_T40QGK_20201004T152316_0001.jpg,S2B_MSIL2A_20190920T062629_R077_T40QGK_20201004T152316,0,2019-09,T40QGK,0.011663420292783642,0,0.8748625934688515
S2B_MSIL2A_20190930T062639_R077_T40QGK_20201004T185142_0000.jpg,S2B_MSIL2A_20190930T062639_R077_T40QGK_20201004T185142,0,2019-09,T40QGK,0.007034245551018192,0,0.8748625934688515
S2B_MSIL2A_20190930T062639_R077_T40QGK_20201004T185142_0001.jpg,S2B_MSIL2A_20190930T062639_R077_T40QGK_20201004T185142,0,2019-09,T40QGK,0.007034245551018192,0,0.8748625934688515
S2A_MSIL2A_20191015T062831_R077_T40QGK_20201004T022857_0000.jpg,S2A_MSIL2A_20191015T062831_R077_T40QGK_20201004T022857,0,2019-10,T40QGK,0.032868194606352985,0,0.8748625934688515
S2A_MSIL2A_20191015T062831_R077_T40QGK_20201004T022857_0001.jpg,S2A_MSIL2A_20191015T062831_R077_T40QGK_20201004T022857,0,2019-10,T40QGK,0.032868194606352985,0,0.8748625934688515
S2B_MSIL2A_20191020T062859_R077_T40QGK_20201004T042519_0000.jpg,S2B_MSIL2A_20191020T062859_R077_T40QGK_20201004T042519,0,2019-10,T40QGK,0.1617533645016549,0,0.8748625934688515
S2B_MSIL2A_20191020T062859_R077_T40QGK_20201004T042519_0001.jpg,S2B_MSIL2A_20191020T062859_R077_T40QGK_20201004T042519,0,2019-10,T40QGK,0.1617533645016549,0,0.8748625934688515
S2A_MSIL2A_20191025T062931_R077_T40QGK_20201004T055923_0000.jpg,S2A_MSIL2A_20191025T062931_R077_T40QGK_20201004T055923,0,2019-10,T40QGK,0.00971832574994388,0,0.8748625934688515
S2A_MSIL2A_20191025T062931_R077_T40QGK_20201004T055923_0001.jpg,S2A_MSIL2A_20191025T062931_R077_T40QGK_20201004T055923,0,2019-10,T40QGK,0.00971832574994388,0,0.8748625934688515
S2A_MSIL2A_20191104T063031_R077_T40QGK_20201003T125640_0000.jpg,S2A_MSIL2A_20191104T063031_R077_T40QGK_20201003T125640,0,2019-11,T40QGK,0.02586182685339881,0,0.8748625934688515
S2A_MSIL2A_20191104T063031_R077_T40QGK_20201003T125640_0001.jpg,S2A_MSIL2A_20191104T063031_R077_T40QGK_20201003T125640,0,2019-11,T40QGK,0.02586182685339881,0,0.8748625934688515
S2B_MSIL2A_20191109T063059_R077_T40QGK_20201003T144754_0000.jpg,S2B_MSIL2A_20191109T063059_R077_T40QGK_20201003T144754,1,2019-11,T40QGK,0.8781528296965065,1,0.8748625934688515
S2B_MSIL2A_20191109T063059_R077_T40QGK_20201003T144754_0001.jpg,S2B_MSIL2A_20191109T063059_R077_T40QGK_20201003T144754,1,2019-11,T40QGK,0.8781528296965065,1,0.8748625934688515
S2B_MSIL2A_20191129T063219_R077_T40QGK_20201003T204846_0000.jpg,S2B_MSIL2A_20191129T063219_R077_T40QGK_20201003T204846,0,2019-11,T40QGK,0.00815498600553153,0,0.8748625934688515
S2B_MSIL2A_20191129T063219_R077_T40QGK_20201003T204846_0001.jpg,S2B_MSIL2A_20191129T063219_R077_T40QGK_20201003T204846,0,2019-11,T40QGK,0.00815498600553153,0,0.8748625934688515
S2B_MSIL2A_20191209T063239_R077_T40QGK_20201003T024733_0000.jpg,S2B_MSIL2A_20191209T063239_R077_T40QGK_20201003T024733,0,2019-12,T40QGK,0.0178263659997844,0,0.8748625934688515
S2B_MSIL2A_20191209T063239_R077_T40QGK_20201003T024733_0001.jpg,S2B_MSIL2A_20191209T063239_R077_T40QGK_20201003T024733,0,2019-12,T40QGK,0.0178263659997844,0,0.8748625934688515
S2A_MSIL2A_20191224T063251_R077_T40QGK_20201003T085730_0000.jpg,S2A_MSIL2A_20191224T063251_R077_T40QGK_20201003T085730,0,2019-12,T40QGK,0.2586292393314819,0,0.8748625934688515
S2A_MSIL2A_20191224T063251_R077_T40QGK_20201003T085730_0001.jpg,S2A_MSIL2A_20191224T063251_R077_T40QGK_20201003T085730,0,2019-12,T40QGK,0.2586292393314819,0,0.8748625934688515
S2A_MSIL2A_20200103T063241_R077_T40QGK_20201002T221617_0000.jpg,S2A_MSIL2A_20200103T063241_R077_T40QGK_20201002T221617,0,2020-01,T40QGK,0.05259454427835268,0,0.8748625934688515
S2A_MSIL2A_20200103T063241_R077_T40QGK_20201002T221617_0001.jpg,S2A_MSIL2A_20200103T063241_R077_T40QGK_20201002T221617,0,2020-01,T40QGK,0.05259454427835268,0,0.8748625934688515
S2A_MSIL2A_20200113T063221_R077_T40QGK_20201002T180853_0000.jpg,S2A_MSIL2A_20200113T063221_R077_T40QGK_20201002T180853,0,2020-01,T40QGK,0.039862708431999974,0,0.8748625934688515
S2A_MSIL2A_20200113T063221_R077_T40QGK_20201002T180853_0001.jpg,S2A_MSIL2A_20200113T063221_R077_T40QGK_20201002T180853,0,2020-01,T40QGK,0.039862708431999974,0,0.8748625934688515
S2B_MSIL2A_20200128T063119_R077_T40QGK_20201002T134634_0000.jpg,S2B_MSIL2A_20200128T063119_R077_T40QGK_20201002T134634,0,2020-01,T40QGK,0.0021055858705492266,0,0.8748625934688515
S2B_MSIL2A_20200128T063119_R077_T40QGK_20201002T134634_0001.jpg,S2B_MSIL2A_20200128T063119_R077_T40QGK_20201002T134634,0,2020-01,T40QGK,0.0021055858705492266,0,0.8748625934688515
S2B_MSIL2A_20200207T063029_R077_T40QGK_20201001T062614_0000.jpg,S2B_MSIL2A_20200207T063029_R077_T40QGK_20201001T062614,1,2020-02,T40QGK,0.9643780133466066,1,0.8748625934688515
S2B_MSIL2A_20200207T063029_R077_T40QGK_20201001T062614_0001.jpg,S2B_MSIL2A_20200207T063029_R077_T40QGK_20201001T062614,1,2020-02,T40QGK,0.9643780133466066,1,0.8748625934688515
S2B_MSIL2A_20200217T062929_R077_T40QGK_20200929T160912_0000.jpg,S2B_MSIL2A_20200217T062929_R077_T40QGK_20200929T160912,0,2020-02,T40QGK,0.10373531100712337,0,0.8748625934688515
S2B_MSIL2A_20200217T062929_R077_T40QGK_20200929T160912_0001.jpg,S2B_MSIL2A_20200217T062929_R077_T40QGK_20200929T160912,0,2020-02,T40QGK,0.10373531100712337,0,0.8748625934688515
S2B_MSIL2A_20200227T062819_R077_T40QGK_20200928T190758_0000.jpg,S2B_MSIL2A_20200227T062819_R077_T40QGK_20200928T190758,0,2020-02,T40QGK,0.021895258784159512,0,0.8748625934688515
S2B_MSIL2A_20200227T062819_R077_T40QGK_20200928T190758_0001.jpg,S2B_MSIL2A_20200227T062819_R077_T40QGK_20200928T190758,0,2020-02,T40QGK,0.021895258784159512,0,0.8748625934688515
S2B_MSIL2A_20200328T062629_R077_T40QGK_20201027T122258_0000.jpg,S2B_MSIL2A_20200328T062629_R077_T40QGK_20201027T122258,0,2020-03,T40QGK,0.13399628639759747,0,0.8748625934688515
S2B_MSIL2A_20200328T062629_R077_T40QGK_20201027T122258_0001.jpg,S2B_MSIL2A_20200328T062629_R077_T40QGK_20201027T122258,0,2020-03,T40QGK,0.13399628639759747,0,0.8748625934688515
S2A_MSIL2A_20200402T062621_R077_T40QGK_20200924T160400_0000.jpg,S2A_MSIL2A_20200402T062621_R077_T40QGK_20200924T160400,0,2020-04,T40QGK,0.10289732053975054,0,0.8748625934688515
S2A_MSIL2A_20200402T062621_R077_T40QGK_20200924T160400_0001.jpg,S2A_MSIL2A_20200402T062621_R077_T40QGK_20200924T160400,0,2020-04,T40QGK,0.10289732053975054,0,0.8748625934688515
S2A_MSIL2A_20200412T062631_R077_T40QGK_20200923T042614_0000.jpg,S2A_MSIL2A_20200412T062631_R077_T40QGK_20200923T042614,0,2020-04,T40QGK,0.02472486876213142,0,0.8748625934688515
S2A_MSIL2A_20200412T062631_R077_T40QGK_20200923T042614_0001.jpg,S2A_MSIL2A_20200412T062631_R077_T40QGK_20200923T042614,0,2020-04,T40QGK,0.02472486876213142,0,0.8748625934688515
S2B_MSIL2A_20200417T062629_R077_T40QGK_20200923T221836_0000.jpg,S2B_MSIL2A_20200417T062629_R077_T40QGK_20200923T221836,0,2020-04,T40QGK,0.01563126442196504,0,0.8748625934688515
S2B_MSIL2A_20200417T062629_R077_T40QGK_20200923T221836_0001.jpg,S2B_MSIL2A_20200417T062629_R077_T40QGK_20200923T221836,0,2020-04,T40QGK,0.01563126442196504,0,0.8748625934688515
S2B_MSIL2A_20200427T062629_R077_T40QGK_20200922T082449_0000.jpg,S2B_MSIL2A_20200427T062629_R077_T40QGK_20200922T082449,0,2020-04,T40QGK,0.06750481666521915,0,0.8748625934688515
S2B_MSIL2A_20200427T062629_R077_T40QGK_20200922T082449_0001.jpg,S2B_MSIL2A_20200427T062629_R077_T40QGK_20200922T082449,0,2020-04,T40QGK,0.06750481666521915,0,0.8748625934688515
S2B_MSIL2A_20200507T062629_R077_T40QGK_20200920T220121_0000.jpg,S2B_MSIL2A_20200507T062629_R077_T40QGK_20200920T220121,0,2020-05,T40QGK,0.015679098063569413,0,0.8748625934688515
S2B_MSIL2A_20200507T062629_R077_T40QGK_20200920T220121_0001.jpg,S2B_MSIL2A_20200507T062629_R077_T40QGK_20200920T220121,0,2020-05,T40QGK,0.015679098063569413,0,0.8748625934688515
S2A_MSIL2A_20200522T062631_R077_T40QGK_20200910T130325_0000.jpg,S2A_MSIL2A_20200522T062631_R077_T40QGK_20200910T130325,1,2020-05,T40QGK,0.719416605275042,0,0.8748625934688515
S2A_MSIL2A_20200522T062631_R077_T40QGK_20200910T130325_0001.jpg,S2A_MSIL2A_20200522T062631_R077_T40QGK_20200910T130325,1,2020-05,T40QGK,0.719416605275042,0,0.8748625934688515
S2B_MSIL2A_20200527T062629_R077_T40QGK_20200911T043843_0000.jpg,S2B_MSIL2A_20200527T062629_R077_T40QGK_20200911T043843,1,2020-05,T40QGK,0.9167152861737954,1,0.8748625934688515
S2B_MSIL2A_20200527T062629_R077_T40QGK_20200911T043843_0001.jpg,S2B_MSIL2A_20200527T062629_R077_T40QGK_20200911T043843,1,2020-05,T40QGK,0.9167152861737954,1,0.8748625934688515
S2B_MSIL2A_20200606T062629_R077_T40QGK_20200826T094141_0000.jpg,S2B_MSIL2A_20200606T062629_R077_T40QGK_20200826T094141,0,2020-06,T40QGK,0.007109191432905156,0,0.8748625934688515
S2B_MSIL2A_20200606T062629_R077_T40QGK_20200826T094141_0001.jpg,S2B_MSIL2A_20200606T062629_R077_T40QGK_20200826T094141,0,2020-06,T40QGK,0.007109191432905156,0,0.8748625934688515
S2A_MSIL2A_20200611T062631_R077_T40QGK_20200909T170241_0000.jpg,S2A_MSIL2A_20200611T062631_R077_T40QGK_20200909T170241,0,2020-06,T40QGK,0.10513533778025311,0,0.8748625934688515
S2A_MSIL2A_20200611T062631_R077_T40QGK_20200909T170241_0001.jpg,S2A_MSIL2A_20200611T062631_R077_T40QGK_20200909T170241,0,2020-06,T40QGK,0.10513533778025311,0,0.8748625934688515
S2A_MSIL2A_20200621T062631_R077_T40QGK_20200823T124332_0000.jpg,S2A_MSIL2A_20200621T062631_R077_T40QGK_20200823T124332,1,2020-06,T40QGK,0.9550249424352966,1,0.8748625934688515
S2A_MSIL2A_20200621T062631_R077_T40QGK_20200823T124332_0001.jpg,S2A_MSIL2A_20200621T062631_R077_T40QGK_20200823T124332,1,2020-06,T40QGK,0.9550249424352966,1,0.8748625934688515
S2B_MSIL2A_20200626T062629_R077_T40QGK_20200824T052037_0000.jpg,S2B_MSIL2A_20200626T062629_R077_T40QGK_20200824T052037,0,2020-06,T40QGK,0.032118964399992005,0,0.8748625934688515
S2B_MSIL2A_20200626T062629_R077_T40QGK_20200824T052037_0001.jpg,S2B_MSIL2A_20200626T062629_R077_T40QGK_20200824T052037,0,2020-06,T40QGK,0.032118964399992005,0,0.8748625934688515
S2A_MSIL2A_20200701T062631_R077_T40QGK_20200824T190158_0000.jpg,S2A_MSIL2A_20200701T062631_R077_T40QGK_20200824T190158,0,2020-07,T40QGK,0.015176917291580497,0,0.8748625934688515
S2A_MSIL2A_20200701T062631_R077_T40QGK_20200824T190158_0001.jpg,S2A_MSIL2A_20200701T062631_R077_T40QGK_20200824T190158,0,2020-07,T40QGK,0.015176917291580497,0,0.8748625934688515
S2B_MSIL2A_20200716T062629_R077_T40QGK_20200816T091552_0000.jpg,S2B_MSIL2A_20200716T062629_R077_T40QGK_20200816T091552,0,2020-07,T40QGK,0.04897846634245068,0,0.8748625934688515
S2B_MSIL2A_20200716T062629_R077_T40QGK_20200816T091552_0001.jpg,S2B_MSIL2A_20200716T062629_R077_T40QGK_20200816T091552,0,2020-07,T40QGK,0.04897846634245068,0,0.8748625934688515
S2A_MSIL2A_20200721T062631_R077_T40QGK_20200816T230033_0000.jpg,S2A_MSIL2A_20200721T062631_R077_T40QGK_20200816T230033,1,2020-07,T40QGK,0.8648901078122884,0,0.8748625934688515
S2A_MSIL2A_20200721T062631_R077_T40QGK_20200816T230033_0001.jpg,S2A_MSIL2A_20200721T062631_R077_T40QGK_20200816T230033,1,2020-07,T40QGK,0.8648901078122884,0,0.8748625934688515
S2A_MSIL2A_20200731T062631_R077_T40QGK_20200818T061733_0000.jpg,S2A_MSIL2A_20200731T062631_R077_T40QGK_20200818T061733,1,2020-07,T40QGK,0.9660478140717319,1,0.8748625934688515
S2A_MSIL2A_20200731T062631_R077_T40QGK_20200818T061733_0001.jpg,S2A_MSIL2A_20200731T062631_R077_T40QGK_20200818T061733,1,2020-07,T40QGK,0.9660478140717319,1,0.8748625934688515
S2B_MSIL2A_20200805T062629_R077_T40QGK_20200815T032734_0000.jpg,S2B_MSIL2A_20200805T062629_R077_T40QGK_20200815T032734,0,2020-08,T40QGK,0.14229871461992527,0,0.8748625934688515
S2A_MSIL2A_20200810T062631_R077_T40QGK_20200814T163206_0000.jpg,S2A_MSIL2A_20200810T062631_R077_T40QGK_20200814T163206,0,2020-08,T40QGK,0.43627537371379344,0,0.8748625934688515
S2A_MSIL2A_20200810T062631_R077_T40QGK_20200814T163206_0001.jpg,S2A_MSIL2A_20200810T062631_R077_T40QGK_20200814T163206,0,2020-08,T40QGK,0.43627537371379344,0,0.8748625934688515
S2A_MSIL2A_20200820T062631_R077_T40QGK_20200908T232001_0000.jpg,S2A_MSIL2A_20200820T062631_R077_T40QGK_20200908T232001,0,2020-08,T40QGK,0.013104104395934606,0,0.8748625934688515
S2A_MSIL2A_20200820T062631_R077_T40QGK_20200908T232001_0001.jpg,S2A_MSIL2A_20200820T062631_R077_T40QGK_20200908T232001,0,2020-08,T40QGK,0.013104104395934606,0,0.8748625934688515
S2A_MSIL2A_20200909T062631_R077_T40QGK_20200919T090132_0000.jpg,S2A_MSIL2A_20200909T062631_R077_T40QGK_20200919T090132,0,2020-09,T40QGK,0.0859657758541476,0,0.8748625934688515
S2A_MSIL2A_20200909T062631_R077_T40QGK_20200919T090132_0001.jpg,S2A_MSIL2A_20200909T062631_R077_T40QGK_20200919T090132,0,2020-09,T40QGK,0.0859657758541476,0,0.8748625934688515
S2A_MSIL2A_20200919T062631_R077_T40QGK_20200922T213459_0000.jpg,S2A_MSIL2A_20200919T062631_R077_T40QGK_20200922T213459,0,2020-09,T40QGK,0.31438723350567804,0,0.8748625934688515
S2A_MSIL2A_20200919T062631_R077_T40QGK_20200922T213459_0001.jpg,S2A_MSIL2A_20200919T062631_R077_T40QGK_20200922T213459,0,2020-09,T40QGK,0.31438723350567804,0,0.8748625934688515
S2B_MSIL2A_20201004T062719_R077_T40QGK_20201006T041306_0000.jpg,S2B_MSIL2A_20201004T062719_R077_T40QGK_20201006T041306,1,2020-10,T40QGK,0.9177087298437586,1,0.8748625934688515
S2B_MSIL2A_20201004T062719_R077_T40QGK_20201006T041306_0001.jpg,S2B_MSIL2A_20201004T062719_R077_T40QGK_20201006T041306,1,2020-10,T40QGK,0.9177087298437586,1,0.8748625934688515
S2A_MSIL2A_20201009T062801_R077_T40QGK_20201027T125020_0000.jpg,S2A_MSIL2A_20201009T062801_R077_T40QGK_20201027T125020,0,2020-10,T40QGK,0.008574804295637476,0,0.8748625934688515
S2A_MSIL2A_20201009T062801_R077_T40QGK_20201027T125020_0001.jpg,S2A_MSIL2A_20201009T062801_R077_T40QGK_20201027T125020,0,2020-10,T40QGK,0.008574804295637476,0,0.8748625934688515
S2A_MSIL2A_20201029T063011_R077_T40QGK_20201101T123504_0000.jpg,S2A_MSIL2A_20201029T063011_R077_T40QGK_20201101T123504,0,2020-10,T40QGK,0.004579315090546529,0,0.8748625934688515
S2A_MSIL2A_20201029T063011_R077_T40QGK_20201101T123504_0001.jpg,S2A_MSIL2A_20201029T063011_R077_T40QGK_20201101T123504,0,2020-10,T40QGK,0.004579315090546529,0,0.8748625934688515
S2A_MSIL2A_20201108T063101_R077_T40QGK_20201110T022224_0000.jpg,S2A_MSIL2A_20201108T063101_R077_T40QGK_20201110T022224,0,2020-11,T40QGK,0.019899359365725008,0,0.8748625934688515
S2A_MSIL2A_20201108T063101_R077_T40QGK_20201110T022224_0001.jpg,S2A_MSIL2A_20201108T063101_R077_T40QGK_20201110T022224,0,2020-11,T40QGK,0.019899359365725008,0,0.8748625934688515
S2B_MSIL2A_20201113T063119_R077_T40QGK_20201115T061954_0000.jpg,S2B_MSIL2A_20201113T063119_R077_T40QGK_20201115T061954,0,2020-11,T40QGK,0.028678846036187356,0,0.8748625934688515
S2B_MSIL2A_20201113T063119_R077_T40QGK_20201115T061954_0001.jpg,S2B_MSIL2A_20201113T063119_R077_T40QGK_20201115T061954,0,2020-11,T40QGK,0.028678846036187356,0,0.8748625934688515
S2B_MSIL2A_20201123T063159_R077_T40QGK_20201124T114709_0000.jpg,S2B_MSIL2A_20201123T063159_R077_T40QGK_20201124T114709,0,2020-11,T40QGK,0.14109718116214454,0,0.8748625934688515
S2B_MSIL2A_20201123T063159_R077_T40QGK_20201124T114709_0001.jpg,S2B_MSIL2A_20201123T063159_R077_T40QGK_20201124T114709,0,2020-11,T40QGK,0.14109718116214454,0,0.8748625934688515
S2A_MSIL2A_20201128T063221_R077_T40QGK_20201128T225721_0000.jpg,S2A_MSIL2A_20201128T063221_R077_T40QGK_20201128T225721,1,2020-11,T40QGK,0.9148558907024741,1,0.8748625934688515
S2A_MSIL2A_20201128T063221_R077_T40QGK_20201128T225721_0001.jpg,S2A_MSIL2A_20201128T063221_R077_T40QGK_20201128T225721,1,2020-11,T40QGK,0.9148558907024741,1,0.8748625934688515
S2B_MSIL2A_20201203T063229_R077_T40QGK_20201204T003203_0000.jpg,S2B_MSIL2A_20201203T063229_R077_T40QGK_20201204T003203,0,2020-12,T40QGK,0.00955202616343205,0,0.8748625934688515
S2B_MSIL2A_20201203T063229_R077_T40QGK_20201204T003203_0001.jpg,S2B_MSIL2A_20201203T063229_R077_T40QGK_20201204T003203,0,2020-12,T40QGK,0.00955202616343205,0,0.8748625934688515
S2A_MSIL2A_20201218T063301_R077_T40QGK_20201218T211405_0000.jpg,S2A_MSIL2A_20201218T063301_R077_T40QGK_20201218T211405,0,2020-12,T40QGK,0.08541395740901866,0,0.8748625934688515
S2A_MSIL2A_20201218T063301_R077_T40QGK_20201218T211405_0001.jpg,S2A_MSIL2A_20201218T063301_R077_T40QGK_20201218T211405,0,2020-12,T40QGK,0.08541395740901866,0,0.8748625934688515
S2A_MSIL2A_20201228T063301_R077_T40QGK_20210513T194302_0000.jpg,S2A_MSIL2A_20201228T063301_R077_T40QGK_20210513T194302,0,2020-12,T40QGK,0.0728765763423496,0,0.8748625934688515
S2A_MSIL2A_20201228T063301_R077_T40QGK_20210513T194302_0001.jpg,S2A_MSIL2A_20201228T063301_R077_T40QGK_20210513T194302,0,2020-12,T40QGK,0.0728765763423496,0,0.8748625934688515
S2B_MSIL2A_20210102T063249_R077_T40QGK_20210102T170355_0000.jpg,S2B_MSIL2A_20210102T063249_R077_T40QGK_20210102T170355,0,2021-01,T40QGK,0.03847407354664967,0,0.8748625934688515
S2B_MSIL2A_20210102T063249_R077_T40QGK_20210102T170355_0001.jpg,S2B_MSIL2A_20210102T063249_R077_T40QGK_20210102T170355,0,2021-01,T40QGK,0.03847407354664967,0,0.8748625934688515
S2A_MSIL2A_20210117T063211_R077_T40QGK_20210117T133733_0000.jpg,S2A_MSIL2A_20210117T063211_R077_T40QGK_20210117T133733,0,2021-01,T40QGK,0.048976253383322475,0,0.8748625934688515
S2A_MSIL2A_20210117T063211_R077_T40QGK_20210117T133733_0001.jpg,S2A_MSIL2A_20210117T063211_R077_T40QGK_20210117T133733,0,2021-01,T40QGK,0.048976253383322475,0,0.8748625934688515
S2A_MSIL2A_20210127T063131_R077_T40QGK_20210201T084320_0000.jpg,S2A_MSIL2A_20210127T063131_R077_T40QGK_20210201T084320,0,2021-01,T40QGK,0.09979798666772144,0,0.8748625934688515
S2A_MSIL2A_20210127T063131_R077_T40QGK_20210201T084320_0001.jpg,S2A_MSIL2A_20210127T063131_R077_T40QGK_20210201T084320,0,2021-01,T40QGK,0.09979798666772144,0,0.8748625934688515
S2B_MSIL2A_20210201T063059_R077_T40QGK_20210202T030501_0000.jpg,S2B_MSIL2A_20210201T063059_R077_T40QGK_20210202T030501,0,2021-02,T40QGK,0.009561229617886548,0,0.8748625934688515
S2B_MSIL2A_20210201T063059_R077_T40QGK_20210202T030501_0001.jpg,S2B_MSIL2A_20210201T063059_R077_T40QGK_20210202T030501,0,2021-02,T40QGK,0.009561229617886548,0,0.8748625934688515
S2A_MSIL2A_20210216T062931_R077_T40QGK_20210419T220612_0000.jpg,S2A_MSIL2A_20210216T062931_R077_T40QGK_20210419T220612,0,2021-02,T40QGK,0.04807008877268477,0,0.8748625934688515
S2A_MSIL2A_20210216T062931_R077_T40QGK_20210419T220612_0001.jpg,S2A_MSIL2A_20210216T062931_R077_T40QGK_20210419T220612,0,2021-02,T40QGK,0.04807008877268477,0,0.8748625934688515
S2B_MSIL2A_20210221T062859_R077_T40QGK_20210221T170349_0000.jpg,S2B_MSIL2A_20210221T062859_R077_T40QGK_20210221T170349,0,2021-02,T40QGK,0.01963205142620355,0,0.8748625934688515
S2B_MSIL2A_20210221T062859_R077_T40QGK_20210221T170349_0001.jpg,S2B_MSIL2A_20210221T062859_R077_T40QGK_20210221T170349,0,2021-02,T40QGK,0.01963205142620355,0,0.8748625934688515
S2A_MSIL2A_20210226T062831_R077_T40QGK_20210226T162504_0000.jpg,S2A_MSIL2A_20210226T062831_R077_T40QGK_20210226T162504,1,2021-02,T40QGK,0.9778328730521131,1,0.8748625934688515
S2A_MSIL2A_20210226T062831_R077_T40QGK_20210226T162504_0001.jpg,S2A_MSIL2A_20210226T062831_R077_T40QGK_20210226T162504,1,2021-02,T40QGK,0.9778328730521131,1,0.8748625934688515
S2B_MSIL2A_20210303T062749_R077_T40QGK_20210303T181528_0000.jpg,S2B_MSIL2A_20210303T062749_R077_T40QGK_20210303T181528,1,2021-03,T40QGK,0.9494302908181607,1,0.8748625934688515
S2B_MSIL2A_20210303T062749_R077_T40QGK_20210303T181528_0001.jpg,S2B_MSIL2A_20210303T062749_R077_T40QGK_20210303T181528,1,2021-03,T40QGK,0.9494302908181607,1,0.8748625934688515
S2B_MSIL2A_20210313T062639_R077_T40QGK_20210314T064921_0000.jpg,S2B_MSIL2A_20210313T062639_R077_T40QGK_20210314T064921,0,2021-03,T40QGK,0.14438690435682966,0,0.8748625934688515
S2B_MSIL2A_20210313T062639_R077_T40QGK_20210314T064921_0001.jpg,S2B_MSIL2A_20210313T062639_R077_T40QGK_20210314T064921,0,2021-03,T40QGK,0.14438690435682966,0,0.8748625934688515
S2A_MSIL2A_20210328T062631_R077_T40QGK_20210328T155521_0000.jpg,S2A_MSIL2A_20210328T062631_R077_T40QGK_20210328T155521,0,2021-03,T40QGK,0.008719516577681219,0,0.8748625934688515
S2A_MSIL2A_20210328T062631_R077_T40QGK_20210328T155521_0001.jpg,S2A_MSIL2A_20210328T062631_R077_T40QGK_20210328T155521,0,2021-03,T40QGK,0.008719516577681219,0,0.8748625934688515
S2B_MSIL2A_20210412T062629_R077_T40QGK_20210412T193636_0000.jpg,S2B_MSIL2A_20210412T062629_R077_T40QGK_20210412T193636,0,2021-04,T40QGK,0.054052941804680156,0,0.8748625934688515
S2B_MSIL2A_20210412T062629_R077_T40QGK_20210412T193636_0001.jpg,S2B_MSIL2A_20210412T062629_R077_T40QGK_20210412T193636,0,2021-04,T40QGK,0.054052941804680156,0,0.8748625934688515
S2B_MSIL2A_20210502T062629_R077_T40QGK_20210502T213651_0000.jpg,S2B_MSIL2A_20210502T062629_R077_T40QGK_20210502T213651,0,2021-05,T40QGK,0.0042010993228616305,0,0.8748625934688515
S2B_MSIL2A_20210502T062629_R077_T40QGK_20210502T213651_0001.jpg,S2B_MSIL2A_20210502T062629_R077_T40QGK_20210502T213651,0,2021-05,T40QGK,0.0042010993228616305,0,0.8748625934688515
S2A_MSIL2A_20210527T062631_R077_T40QGK_20210527T191240_0000.jpg,S2A_MSIL2A_20210527T062631_R077_T40QGK_20210527T191240,0,2021-05,T40QGK,0.20158355558130991,0,0.8748625934688515
S2A_MSIL2A_20210527T062631_R077_T40QGK_20210527T191240_0001.jpg,S2A_MSIL2A_20210527T062631_R077_T40QGK_20210527T191240,0,2021-05,T40QGK,0.20158355558130991,0,0.8748625934688515
S2B_MSIL2A_20210601T062629_R077_T40QGK_20210601T190244_0000.jpg,S2B_MSIL2A_20210601T062629_R077_T40QGK_20210601T190244,0,2021-06,T40QGK,0.007126639765593703,0,0.8748625934688515
S2B_MSIL2A_20210601T062629_R077_T40QGK_20210601T190244_0001.jpg,S2B_MSIL2A_20210601T062629_R077_T40QGK_20210601T190244,0,2021-06,T40QGK,0.007126639765593703,0,0.8748625934688515
S2A_MSIL2A_20210616T062631_R077_T40QGK_20210616T222753_0000.jpg,S2A_MSIL2A_20210616T062631_R077_T40QGK_20210616T222753,0,2021-06,T40QGK,0.11520707297698231,0,0.8748625934688515
S2A_MSIL2A_20210616T062631_R077_T40QGK_20210616T222753_0001.jpg,S2A_MSIL2A_20210616T062631_R077_T40QGK_20210616T222753,0,2021-06,T40QGK,0.11520707297698231,0,0.8748625934688515
S2B_MSIL2A_20210621T062629_R077_T40QGK_20210624T120835_0000.jpg,S2B_MSIL2A_20210621T062629_R077_T40QGK_20210624T120835,0,2021-06,T40QGK,0.0038823210340879597,0,0.8748625934688515
S2B_MSIL2A_20210621T062629_R077_T40QGK_20210624T120835_0001.jpg,S2B_MSIL2A_20210621T062629_R077_T40QGK_20210624T120835,0,2021-06,T40QGK,0.0038823210340879597,0,0.8748625934688515
S2A_MSIL2A_20210626T062631_R077_T40QGK_20210626T144013_0000.jpg,S2A_MSIL2A_20210626T062631_R077_T40QGK_20210626T144013,0,2021-06,T40QGK,0.05450433804934395,0,0.8748625934688515
S2A_MSIL2A_20210626T062631_R077_T40QGK_20210626T144013_0001.jpg,S2A_MSIL2A_20210626T062631_R077_T40QGK_20210626T144013,0,2021-06,T40QGK,0.05450433804934395,0,0.8748625934688515
S2B_MSIL2A_20210701T062629_R077_T40QGK_20210701T193055_0000.jpg,S2B_MSIL2A_20210701T062629_R077_T40QGK_20210701T193055,0,2021-07,T40QGK,0.02140958824356443,0,0.8748625934688515
S2B_MSIL2A_20210701T062629_R077_T40QGK_20210701T193055_0001.jpg,S2B_MSIL2A_20210701T062629_R077_T40QGK_20210701T193055,0,2021-07,T40QGK,0.02140958824356443,0,0.8748625934688515
S2B_MSIL2A_20210721T062629_R077_T40QGK_20210723T003013_0000.jpg,S2B_MSIL2A_20210721T062629_R077_T40QGK_20210723T003013,0,2021-07,T40QGK,0.07461225343737131,0,0.8748625934688515
S2B_MSIL2A_20210721T062629_R077_T40QGK_20210723T003013_0001.jpg,S2B_MSIL2A_20210721T062629_R077_T40QGK_20210723T003013,0,2021-07,T40QGK,0.07461225343737131,0,0.8748625934688515
S2B_MSIL2A_20210731T062629_R077_T40QGK_20210731T195630_0000.jpg,S2B_MSIL2A_20210731T062629_R077_T40QGK_20210731T195630,0,2021-07,T40QGK,0.29591596529104053,0,0.8748625934688515
S2B_MSIL2A_20210731T062629_R077_T40QGK_20210731T195630_0001.jpg,S2B_MSIL2A_20210731T062629_R077_T40QGK_20210731T195630,0,2021-07,T40QGK,0.29591596529104053,0,0.8748625934688515
S2A_MSIL2A_20210815T062631_R077_T40QGK_20210815T134405_0000.jpg,S2A_MSIL2A_20210815T062631_R077_T40QGK_20210815T134405,0,2021-08,T40QGK,0.08133123940457207,0,0.8748625934688515
S2A_MSIL2A_20210815T062631_R077_T40QGK_20210815T134405_0001.jpg,S2A_MSIL2A_20210815T062631_R077_T40QGK_20210815T134405,0,2021-08,T40QGK,0.08133123940457207,0,0.8748625934688515
S2B_MSIL2A_20210820T062629_R077_T40QGK_20210820T145759_0000.jpg,S2B_MSIL2A_20210820T062629_R077_T40QGK_20210820T145759,0,2021-08,T40QGK,0.0371328426404449,0,0.8748625934688515
S2B_MSIL2A_20210820T062629_R077_T40QGK_20210820T145759_0001.jpg,S2B_MSIL2A_20210820T062629_R077_T40QGK_20210820T145759,0,2021-08,T40QGK,0.0371328426404449,0,0.8748625934688515
S2A_MSIL2A_20210825T062631_R077_T40QGK_20210825T165600_0000.jpg,S2A_MSIL2A_20210825T062631_R077_T40QGK_20210825T165600,0,2021-08,T40QGK,0.15970661956051638,0,0.8748625934688515
S2A_MSIL2A_20210825T062631_R077_T40QGK_20210825T165600_0001.jpg,S2A_MSIL2A_20210825T062631_R077_T40QGK_20210825T165600,0,2021-08,T40QGK,0.15970661956051638,0,0.8748625934688515
S2A_MSIL2A_20210904T062631_R077_T40QGK_20210904T155733_0000.jpg,S2A_MSIL2A_20210904T062631_R077_T40QGK_20210904T155733,0,2021-09,T40QGK,0.008858196807273542,0,0.8748625934688515
S2A_MSIL2A_20210904T062631_R077_T40QGK_20210904T155733_0001.jpg,S2A_MSIL2A_20210904T062631_R077_T40QGK_20210904T155733,0,2021-09,T40QGK,0.008858196807273542,0,0.8748625934688515
S2A_MSIL2A_20210914T062631_R077_T40QGK_20210914T200235_0000.jpg,S2A_MSIL2A_20210914T062631_R077_T40QGK_20210914T200235,0,2021-09,T40QGK,0.07968246788043445,0,0.8748625934688515
S2A_MSIL2A_20210914T062631_R077_T40QGK_20210914T200235_0001.jpg,S2A_MSIL2A_20210914T062631_R077_T40QGK_20210914T200235,0,2021-09,T40QGK,0.07968246788043445,0,0.8748625934688515
S2B_MSIL2A_20210919T062629_R077_T40QGK_20210919T182836_0000.jpg,S2B_MSIL2A_20210919T062629_R077_T40QGK_20210919T182836,0,2021-09,T40QGK,0.09766243432719951,0,0.8748625934688515
S2B_MSIL2A_20210919T062629_R077_T40QGK_20210919T182836_0001.jpg,S2B_MSIL2A_20210919T062629_R077_T40QGK_20210919T182836,0,2021-09,T40QGK,0.09766243432719951,0,0.8748625934688515
S2B_MSIL2A_20211009T062749_R077_T40QGK_20211009T200850_0000.jpg,S2B_MSIL2A_20211009T062749_R077_T40QGK_20211009T200850,0,2021-10,T40QGK,0.20800902662595586,0,0.8748625934688515
S2B_MSIL2A_20211009T062749_R077_T40QGK_20211009T200850_0001.jpg,S2B_MSIL2A_20211009T062749_R077_T40QGK_20211009T200850,0,2021-10,T40QGK,0.20800902662595586,0,0.8748625934688515
S2B_MSIL2A_20211019T062859_R077_T40QGK_20211020T000801_0000.jpg,S2B_MSIL2A_20211019T062859_R077_T40QGK_20211020T000801,0,2021-10,T40QGK,0.011506186377626428,0,0.8748625934688515
S2B_MSIL2A_20211019T062859_R077_T40QGK_20211020T000801_0001.jpg,S2B_MSIL2A_20211019T062859_R077_T40QGK_20211020T000801,0,2021-10,T40QGK,0.011506186377626428,0,0.8748625934688515
S2A_MSIL2A_20211103T063031_R077_T40QGK_20211104T130056_0000.jpg,S2A_MSIL2A_20211103T063031_R077_T40QGK_20211104T130056,1,2021-11,T40QGK,0.8989654825738876,1,0.8748625934688515
S2A_MSIL2A_20211103T063031_R077_T40QGK_20211104T130056_0001.jpg,S2A_MSIL2A_20211103T063031_R077_T40QGK_20211104T130056,1,2021-11,T40QGK,0.8989654825738876,1,0.8748625934688515
S2B_MSIL2A_20211128T063219_R077_T40QGK_20211129T032607_0000.jpg,S2B_MSIL2A_20211128T063219_R077_T40QGK_20211129T032607,1,2021-11,T40QGK,0.8637257722969227,0,0.8748625934688515
S2B_MSIL2A_20211128T063219_R077_T40QGK_20211129T032607_0001.jpg,S2B_MSIL2A_20211128T063219_R077_T40QGK_20211129T032607,1,2021-11,T40QGK,0.8637257722969227,0,0.8748625934688515
S2A_MSIL2A_20211213T063251_R077_T40QGK_20211213T211840_0000.jpg,S2A_MSIL2A_20211213T063251_R077_T40QGK_20211213T211840,1,2021-12,T40QGK,0.95016217465327,1,0.8748625934688515
S2A_MSIL2A_20211213T063251_R077_T40QGK_20211213T211840_0001.jpg,S2A_MSIL2A_20211213T063251_R077_T40QGK_20211213T211840,1,2021-12,T40QGK,0.95016217465327,1,0.8748625934688515
S2A_MSIL2A_20211223T063301_R077_T40QGK_20230128T110121_0000.jpg,S2A_MSIL2A_20211223T063301_R077_T40QGK_20230128T110121,1,2021-12,T40QGK,0.9521013345036233,1,0.8748625934688515
S2A_MSIL2A_20211223T063301_R077_T40QGK_20230128T110121_0001.jpg,S2A_MSIL2A_20211223T063301_R077_T40QGK_20230128T110121,1,2021-12,T40QGK,0.9521013345036233,1,0.8748625934688515
S2B_MSIL2A_20211228T063249_R077_T40QGK_20211228T131817_0000.jpg,S2B_MSIL2A_20211228T063249_R077_T40QGK_20211228T131817,1,2021-12,T40QGK,0.8979635655139157,1,0.8748625934688515
S2B_MSIL2A_20211228T063249_R077_T40QGK_20211228T131817_0001.jpg,S2B_MSIL2A_20211228T063249_R077_T40QGK_20211228T131817,1,2021-12,T40QGK,0.8979635655139157,1,0.8748625934688515
S2B_MSIL2A_20220107T063239_R077_T40QGK_20220107T122412_0000.jpg,S2B_MSIL2A_20220107T063239_R077_T40QGK_20220107T122412,0,2022-01,T40QGK,0.03499930453492828,0,0.8748625934688515
S2B_MSIL2A_20220107T063239_R077_T40QGK_20220107T122412_0001.jpg,S2B_MSIL2A_20220107T063239_R077_T40QGK_20220107T122412,0,2022-01,T40QGK,0.03499930453492828,0,0.8748625934688515
S2A_MSIL2A_20220112T063231_R077_T40QGK_20220113T012748_0000.jpg,S2A_MSIL2A_20220112T063231_R077_T40QGK_20220113T012748,1,2022-01,T40QGK,0.9343743967237798,1,0.8748625934688515
S2A_MSIL2A_20220112T063231_R077_T40QGK_20220113T012748_0001.jpg,S2A_MSIL2A_20220112T063231_R077_T40QGK_20220113T012748,1,2022-01,T40QGK,0.9343743967237798,1,0.8748625934688515
S2B_MSIL2A_20220117T063209_R077_T40QGK_20220117T195206_0000.jpg,S2B_MSIL2A_20220117T063209_R077_T40QGK_20220117T195206,1,2022-01,T40QGK,0.9733135537457018,1,0.8748625934688515
S2B_MSIL2A_20220117T063209_R077_T40QGK_20220117T195206_0001.jpg,S2B_MSIL2A_20220117T063209_R077_T40QGK_20220117T195206,1,2022-01,T40QGK,0.9733135537457018,1,0.8748625934688515
S2B_MSIL2A_20220127T063129_R077_T40QGK_20220212T112349_0000.jpg,S2B_MSIL2A_20220127T063129_R077_T40QGK_20220212T112349,0,2022-01,T40QGK,0.00858659818761593,0,0.8748625934688515
S2B_MSIL2A_20220127T063129_R077_T40QGK_20220212T112349_0001.jpg,S2B_MSIL2A_20220127T063129_R077_T40QGK_20220212T112349,0,2022-01,T40QGK,0.00858659818761593,0,0.8748625934688515
S2B_MSIL2A_20220206T063029_R077_T40QGK_20220219T105412_0000.jpg,S2B_MSIL2A_20220206T063029_R077_T40QGK_20220219T105412,0,2022-02,T40QGK,0.0834032424030127,0,0.8748625934688515
S2B_MSIL2A_20220206T063029_R077_T40QGK_20220219T105412_0001.jpg,S2B_MSIL2A_20220206T063029_R077_T40QGK_20220219T105412,0,2022-02,T40QGK,0.0834032424030127,0,0.8748625934688515
S2B_MSIL2A_20220216T062929_R077_T40QGK_20220224T003621_0000.jpg,S2B_MSIL2A_20220216T062929_R077_T40QGK_20220224T003621,1,2022-02,T40QGK,0.9421672999241715,1,0.8748625934688515
S2B_MSIL2A_20220216T062929_R077_T40QGK_20220224T003621_0001.jpg,S2B_MSIL2A_20220216T062929_R077_T40QGK_20220224T003621,1,2022-02,T40QGK,0.9421672999241715,1,0.8748625934688515
S2A_MSIL2A_20220221T062901_R077_T40QGK_20220228T014818_0000.jpg,S2A_MSIL2A_20220221T062901_R077_T40QGK_20220228T014818,0,2022-02,T40QGK,0.10597553026353633,0,0.8748625934688515
S2A_MSIL2A_20220221T062901_R077_T40QGK_20220228T014818_0001.jpg,S2A_MSIL2A_20220221T062901_R077_T40QGK_20220228T014818,0,2022-02,T40QGK,0.10597553026353633,0,0.8748625934688515
S2B_MSIL2A_20220226T062819_R077_T40QGK_20220302T062015_0000.jpg,S2B_MSIL2A_20220226T062819_R077_T40QGK_20220302T062015,0,2022-02,T40QGK,0.019203499532722455,0,0.8748625934688515
S2B_MSIL2A_20220226T062819_R077_T40QGK_20220302T062015_0001.jpg,S2B_MSIL2A_20220226T062819_R077_T40QGK_20220302T062015,0,2022-02,T40QGK,0.019203499532722455,0,0.8748625934688515
S2A_MSIL2A_20220303T062751_R077_T40QGK_20220304T140237_0000.jpg,S2A_MSIL2A_20220303T062751_R077_T40QGK_20220304T140237,1,2022-03,T40QGK,0.8946723061351979,1,0.8748625934688515
S2A_MSIL2A_20220303T062751_R077_T40QGK_20220304T140237_0001.jpg,S2A_MSIL2A_20220303T062751_R077_T40QGK_20220304T140237,1,2022-03,T40QGK,0.8946723061351979,1,0.8748625934688515
S2B_MSIL2A_20220318T062629_R077_T40QGK_20220318T205127_0000.jpg,S2B_MSIL2A_20220318T062629_R077_T40QGK_20220318T205127,0,2022-03,T40QGK,0.03732991117350122,0,0.8748625934688515
S2B_MSIL2A_20220318T062629_R077_T40QGK_20220318T205127_0001.jpg,S2B_MSIL2A_20220318T062629_R077_T40QGK_20220318T205127,0,2022-03,T40QGK,0.03732991117350122,0,0.8748625934688515
S2B_MSIL2A_20220328T062629_R077_T40QGK_20220328T185029_0000.jpg,S2B_MSIL2A_20220328T062629_R077_T40QGK_20220328T185029,0,2022-03,T40QGK,0.012801662924059732,0,0.8748625934688515
S2B_MSIL2A_20220328T062629_R077_T40QGK_20220328T185029_0001.jpg,S2B_MSIL2A_20220328T062629_R077_T40QGK_20220328T185029,0,2022-03,T40QGK,0.012801662924059732,0,0.8748625934688515
S2A_MSIL2A_20220402T062631_R077_T40QGK_20240609T044721_0000.jpg,S2A_MSIL2A_20220402T062631_R077_T40QGK_20240609T044721,0,2022-04,T40QGK,0.015889000057400147,0,0.8748625934688515
S2A_MSIL2A_20220402T062631_R077_T40QGK_20240609T044721_0001.jpg,S2A_MSIL2A_20220402T062631_R077_T40QGK_20240609T044721,0,2022-04,T40QGK,0.015889000057400147,0,0.8748625934688515
S2A_MSIL2A_20220412T062631_R077_T40QGK_20220413T050721_0000.jpg,S2A_MSIL2A_20220412T062631_R077_T40QGK_20220413T050721,0,2022-04,T40QGK,0.0069056070390562845,0,0.8748625934688515
S2A_MSIL2A_20220412T062631_R077_T40QGK_20220413T050721_0001.jpg,S2A_MSIL2A_20220412T062631_R077_T40QGK_20220413T050721,0,2022-04,T40QGK,0.0069056070390562845,0,0.8748625934688515
S2B_MSIL2A_20220417T062629_R077_T40QGK_20220417T140325_0000.jpg,S2B_MSIL2A_20220417T062629_R077_T40QGK_20220417T140325,1,2022-04,T40QGK,0.9028917291533877,1,0.8748625934688515
S2B_MSIL2A_20220417T062629_R077_T40QGK_20220417T140325_0001.jpg,S2B_MSIL2A_20220417T062629_R077_T40QGK_20220417T140325,1,2022-04,T40QGK,0.9028917291533877,1,0.8748625934688515
S2B_MSIL2A_20220427T062619_R077_T40QGK_20220428T030245_0000.jpg,S2B_MSIL2A_20220427T062619_R077_T40QGK_20220428T030245,1,2022-04,T40QGK,0.8892238839346359,1,0.8748625934688515
S2B_MSIL2A_20220427T062619_R077_T40QGK_20220428T030245_0001.jpg,S2B_MSIL2A_20220427T062619_R077_T40QGK_20220428T030245,1,2022-04,T40QGK,0.8892238839346359,1,0.8748625934688515
S2A_MSIL2A_20220512T062631_R077_T40QGK_20220514T060801_0000.jpg,S2A_MSIL2A_20220512T062631_R077_T40QGK_20220514T060801,0,2022-05,T40QGK,0.017119904948386794,0,0.8748625934688515
S2A_MSIL2A_20220512T062631_R077_T40QGK_20220514T060801_0001.jpg,S2A_MSIL2A_20220512T062631_R077_T40QGK_20220514T060801,0,2022-05,T40QGK,0.017119904948386794,0,0.8748625934688515
S2A_MSIL2A_20220522T062631_R077_T40QGK_20220523T082320_0000.jpg,S2A_MSIL2A_20220522T062631_R077_T40QGK_20220523T082320,0,2022-05,T40QGK,0.5657492084169063,0,0.8748625934688515
S2A_MSIL2A_20220522T062631_R077_T40QGK_20220523T082320_0001.jpg,S2A_MSIL2A_20220522T062631_R077_T40QGK_20220523T082320,0,2022-05,T40QGK,0.5657492084169063,0,0.8748625934688515
S2B_MSIL2A_20220527T062629_R077_T40QGK_20220528T051022_0000.jpg,S2B_MSIL2A_20220527T062629_R077_T40QGK_20220528T051022,1,2022-05,T40QGK,0.9453518389479463,1,0.8748625934688515
S2B_MSIL2A_20220527T062629_R077_T40QGK_20220528T051022_0001.jpg,S2B_MSIL2A_20220527T062629_R077_T40QGK_20220528T051022,1,2022-05,T40QGK,0.9453518389479463,1,0.8748625934688515
S2A_MSIL2A_20220601T062641_R077_T40QGK_20220602T051804_0000.jpg,S2A_MSIL2A_20220601T062641_R077_T40QGK_20220602T051804,1,2022-06,T40QGK,0.952989267232448,1,0.8748625934688515
S2A_MSIL2A_20220601T062641_R077_T40QGK_20220602T051804_0001.jpg,S2A_MSIL2A_20220601T062641_R077_T40QGK_20220602T051804,1,2022-06,T40QGK,0.952989267232448,1,0.8748625934688515
S2A_MSIL2A_20220611T062641_R077_T40QGK_20220612T023248_0000.jpg,S2A_MSIL2A_20220611T062641_R077_T40QGK_20220612T023248,0,2022-06,T40QGK,0.07931197736435276,0,0.8748625934688515
S2A_MSIL2A_20220611T062641_R077_T40QGK_20220612T023248_0001.jpg,S2A_MSIL2A_20220611T062641_R077_T40QGK_20220612T023248,0,2022-06,T40QGK,0.07931197736435276,0,0.8748625934688515
S2A_MSIL2A_20220621T062641_R077_T40QGK_20220622T025525_0000.jpg,S2A_MSIL2A_20220621T062641_R077_T40QGK_20220622T025525,0,2022-06,T40QGK,0.07654799469599292,0,0.8748625934688515
S2A_MSIL2A_20220621T062641_R077_T40QGK_20220622T025525_0001.jpg,S2A_MSIL2A_20220621T062641_R077_T40QGK_20220622T025525,0,2022-06,T40QGK,0.07654799469599292,0,0.8748625934688515
S2B_MSIL2A_20220626T062639_R077_T40QGK_20220626T162345_0000.jpg,S2B_MSIL2A_20220626T062639_R077_T40QGK_20220626T162345,0,2022-06,T40QGK,0.17242164761213757,0,0.8748625934688515
S2B_MSIL2A_20220626T062639_R077_T40QGK_20220626T162345_0001.jpg,S2B_MSIL2A_20220626T062639_R077_T40QGK_20220626T162345,0,2022-06,T40QGK,0.17242164761213757,0,0.8748625934688515
S2A_MSIL2A_20220701T062641_R077_T40QGK_20220701T200951_0000.jpg,S2A_MSIL2A_20220701T062641_R077_T40QGK_20220701T200951,1,2022-07,T40QGK,0.9157873410213365,1,0.8748625934688515
S2A_MSIL2A_20220701T062641_R077_T40QGK_20220701T200951_0001.jpg,S2A_MSIL2A_20220701T062641_R077_T40QGK_20220701T200951,1,2022-07,T40QGK,0.9157873410213365,1,0.8748625934688515
S2A_MSIL2A_20220731T062641_R077_T40QGK_20220801T041951_0000.jpg,S2A_MSIL2A_20220731T062641_R077_T40QGK_20220801T041951,0,2022-07,T40QGK,0.3569434525784368,0,0.8748625934688515
S2A_MSIL2A_20220731T062641_R077_T40QGK_20220801T041951_0001.jpg,S2A_MSIL2A_20220731T062641_R077_T40QGK_20220801T041951,0,2022-07,T40QGK,0.3569434525784368,0,0.8748625934688515
S2B_MSIL2A_20220805T062629_R077_T40QGK_20220805T221003_0000.jpg,S2B_MSIL2A_20220805T062629_R077_T40QGK_20220805T221003,0,2022-08,T40QGK,0.672080777069672,0,0.8748625934688515
S2B_MSIL2A_20220805T062629_R077_T40QGK_20220805T221003_0001.jpg,S2B_MSIL2A_20220805T062629_R077_T40QGK_20220805T221003,0,2022-08,T40QGK,0.672080777069672,0,0.8748625934688515
S2A_MSIL2A_20220830T062641_R077_T40QGK_20220831T145107_0000.jpg,S2A_MSIL2A_20220830T062641_R077_T40QGK_20220831T145107,0,2022-08,T40QGK,0.013018834947013773,0,0.8748625934688515
S2A_MSIL2A_20220830T062641_R077_T40QGK_20220831T145107_0001.jpg,S2A_MSIL2A_20220830T062641_R077_T40QGK_20220831T145107,0,2022-08,T40QGK,0.013018834947013773,0,0.8748625934688515
S2A_MSIL2A_20220909T062641_R077_T40QGK_20220909T163949_0000.jpg,S2A_MSIL2A_20220909T062641_R077_T40QGK_20220909T163949,0,2022-09,T40QGK,0.02812498254091119,0,0.8748625934688515
S2A_MSIL2A_20220909T062641_R077_T40QGK_20220909T163949_0001.jpg,S2A_MSIL2A_20220909T062641_R077_T40QGK_20220909T163949,0,2022-09,T40QGK,0.02812498254091119,0,0.8748625934688515
S2A_MSIL2A_20220919T062641_R077_T40QGK_20220919T211446_0000.jpg,S2A_MSIL2A_20220919T062641_R077_T40QGK_20220919T211446,1,2022-09,T40QGK,0.971505491228762,1,0.8748625934688515
S2A_MSIL2A_20220919T062641_R077_T40QGK_20220919T211446_0001.jpg,S2A_MSIL2A_20220919T062641_R077_T40QGK_20220919T211446,1,2022-09,T40QGK,0.971505491228762,1,0.8748625934688515
S2A_MSIL2A_20220929T062651_R077_T40QGK_20220929T210906_0000.jpg,S2A_MSIL2A_20220929T062651_R077_T40QGK_20220929T210906,0,2022-09,T40QGK,0.0041107978824349795,0,0.8748625934688515
S2A_MSIL2A_20220929T062651_R077_T40QGK_20220929T210906_0001.jpg,S2A_MSIL2A_20220929T062651_R077_T40QGK_20220929T210906,0,2022-09,T40QGK,0.0041107978824349795,0,0.8748625934688515
S2B_MSIL2A_20221004T062709_R077_T40QGK_20221004T200307_0000.jpg,S2B_MSIL2A_20221004T062709_R077_T40QGK_20221004T200307,0,2022-10,T40QGK,0.2079956465949591,0,0.8748625934688515
S2B_MSIL2A_20221004T062709_R077_T40QGK_20221004T200307_0001.jpg,S2B_MSIL2A_20221004T062709_R077_T40QGK_20221004T200307,0,2022-10,T40QGK,0.2079956465949591,0,0.8748625934688515
S2B_MSIL2A_20221024T062929_R077_T40QGK_20221024T210406_0000.jpg,S2B_MSIL2A_20221024T062929_R077_T40QGK_20221024T210406,0,2022-10,T40QGK,0.00561978414942806,0,0.8748625934688515
S2B_MSIL2A_20221024T062929_R077_T40QGK_20221024T210406_0001.jpg,S2B_MSIL2A_20221024T062929_R077_T40QGK_20221024T210406,0,2022-10,T40QGK,0.00561978414942806,0,0.8748625934688515
S2A_MSIL2A_20221029T063001_R077_T40QGK_20240716T225017_0000.jpg,S2A_MSIL2A_20221029T063001_R077_T40QGK_20240716T225017,0,2022-10,T40QGK,0.008172021425787155,0,0.8748625934688515
S2A_MSIL2A_20221029T063001_R077_T40QGK_20240716T225017_0001.jpg,S2A_MSIL2A_20221029T063001_R077_T40QGK_20240716T225017,0,2022-10,T40QGK,0.008172021425787155,0,0.8748625934688515
S2B_MSIL2A_20221113T063119_R077_T40QGK_20221114T010655_0000.jpg,S2B_MSIL2A_20221113T063119_R077_T40QGK_20221114T010655,1,2022-11,T40QGK,0.8325344365004481,0,0.8748625934688515
S2B_MSIL2A_20221113T063119_R077_T40QGK_20221114T010655_0001.jpg,S2B_MSIL2A_20221113T063119_R077_T40QGK_20221114T010655,1,2022-11,T40QGK,0.8325344365004481,0,0.8748625934688515
S2A_MSIL2A_20221118T063141_R077_T40QGK_20240804T234922_0000.jpg,S2A_MSIL2A_20221118T063141_R077_T40QGK_20240804T234922,0,2022-11,T40QGK,0.051913679007897354,0,0.8748625934688515
S2A_MSIL2A_20221118T063141_R077_T40QGK_20240804T234922_0001.jpg,S2A_MSIL2A_20221118T063141_R077_T40QGK_20240804T234922,0,2022-11,T40QGK,0.051913679007897354,0,0.8748625934688515
S2A_MSIL2A_20221218T063301_R077_T40QGK_20221218T233324_0000.jpg,S2A_MSIL2A_20221218T063301_R077_T40QGK_20221218T233324,1,2022-12,T40QGK,0.9430998999070211,1,0.8748625934688515
S2A_MSIL2A_20221218T063301_R077_T40QGK_20221218T233324_0001.jpg,S2A_MSIL2A_20221218T063301_R077_T40QGK_20221218T233324,1,2022-12,T40QGK,0.9430998999070211,1,0.8748625934688515
S2A_MSIL2A_20221228T063301_R077_T40QGK_20221229T163021_0000.jpg,S2A_MSIL2A_20221228T063301_R077_T40QGK_20221229T163021,1,2022-12,T40QGK,0.9098498061545175,1,0.8748625934688515
S2A_MSIL2A_20221228T063301_R077_T40QGK_20221229T163021_0001.jpg,S2A_MSIL2A_20221228T063301_R077_T40QGK_20221229T163021,1,2022-12,T40QGK,0.9098498061545175,1,0.8748625934688515
S2B_MSIL2A_20230122T063149_R077_T40QGK_20240812T194001_0000.jpg,S2B_MSIL2A_20230122T063149_R077_T40QGK_20240812T194001,1,2023-01,T40QGK,0.8175919913324589,0,0.8748625934688515
S2B_MSIL2A_20230122T063149_R077_T40QGK_20240812T194001_0001.jpg,S2B_MSIL2A_20230122T063149_R077_T40QGK_20240812T194001,1,2023-01,T40QGK,0.8175919913324589,0,0.8748625934688515
S2A_MSIL2A_20230206T063041_R077_T40QGK_20230206T214153_0000.jpg,S2A_MSIL2A_20230206T063041_R077_T40QGK_20230206T214153,1,2023-02,T40QGK,0.9622986624411063,1,0.8748625934688515
S2A_MSIL2A_20230206T063041_R077_T40QGK_20230206T214153_0001.jpg,S2A_MSIL2A_20230206T063041_R077_T40QGK_20230206T214153,1,2023-02,T40QGK,0.9622986624411063,1,0.8748625934688515
S2A_MSIL2A_20230226T062831_R077_T40QGK_20240801T080827_0000.jpg,S2A_MSIL2A_20230226T062831_R077_T40QGK_20240801T080827,0,2023-02,T40QGK,0.0324029767069871,0,0.8748625934688515
S2A_MSIL2A_20230226T062831_R077_T40QGK_20240801T080827_0001.jpg,S2A_MSIL2A_20230226T062831_R077_T40QGK_20240801T080827,0,2023-02,T40QGK,0.0324029767069871,0,0.8748625934688515
S2A_MSIL2A_20230318T062631_R077_T40QGK_20240823T221610_0000.jpg,S2A_MSIL2A_20230318T062631_R077_T40QGK_20240823T221610,0,2023-03,T40QGK,0.20603462624280164,0,0.8748625934688515
S2A_MSIL2A_20230318T062631_R077_T40QGK_20240823T221610_0001.jpg,S2A_MSIL2A_20230318T062631_R077_T40QGK_20240823T221610,0,2023-03,T40QGK,0.20603462624280164,0,0.8748625934688515
S2A_MSIL2A_20230417T062631_R077_T40QGK_20230417T114919_0000.jpg,S2A_MSIL2A_20230417T062631_R077_T40QGK_20230417T114919,0,2023-04,T40QGK,0.20574181932887187,0,0.8748625934688515
S2A_MSIL2A_20230417T062631_R077_T40QGK_20230417T114919_0001.jpg,S2A_MSIL2A_20230417T062631_R077_T40QGK_20230417T114919,0,2023-04,T40QGK,0.20574181932887187,0,0.8748625934688515
S2A_MSIL2A_20230507T062631_R077_T40QGK_20230507T131802_0000.jpg,S2A_MSIL2A_20230507T062631_R077_T40QGK_20230507T131802,1,2023-05,T40QGK,0.9215427225238316,1,0.8748625934688515
S2A_MSIL2A_20230507T062631_R077_T40QGK_20230507T131802_0001.jpg,S2A_MSIL2A_20230507T062631_R077_T40QGK_20230507T131802,1,2023-05,T40QGK,0.9215427225238316,1,0.8748625934688515
S2B_MSIL2A_20230512T062629_R077_T40QGK_20230512T112650_0000.jpg,S2B_MSIL2A_20230512T062629_R077_T40QGK_20230512T112650,1,2023-05,T40QGK,0.8720586517346888,0,0.8748625934688515
S2B_MSIL2A_20230512T062629_R077_T40QGK_20230512T112650_0001.jpg,S2B_MSIL2A_20230512T062629_R077_T40QGK_20230512T112650,1,2023-05,T40QGK,0.8720586517346888,0,0.8748625934688515
S2B_MSIL2A_20230522T062629_R077_T40QGK_20240811T071353_0000.jpg,S2B_MSIL2A_20230522T062629_R077_T40QGK_20240811T071353,0,2023-05,T40QGK,0.14620501338436392,0,0.8748625934688515
S2B_MSIL2A_20230522T062629_R077_T40QGK_20240811T071353_0001.jpg,S2B_MSIL2A_20230522T062629_R077_T40QGK_20240811T071353,0,2023-05,T40QGK,0.14620501338436392,0,0.8748625934688515
S2A_MSIL2A_20230527T062631_R077_T40QGK_20230527T104313_0000.jpg,S2A_MSIL2A_20230527T062631_R077_T40QGK_20230527T104313,0,2023-05,T40QGK,0.016619537125266818,0,0.8748625934688515
S2A_MSIL2A_20230527T062631_R077_T40QGK_20230527T104313_0001.jpg,S2A_MSIL2A_20230527T062631_R077_T40QGK_20230527T104313,0,2023-05,T40QGK,0.016619537125266818,0,0.8748625934688515
S2B_MSIL2A_20230601T062629_R077_T40QGK_20230601T103336_0000.jpg,S2B_MSIL2A_20230601T062629_R077_T40QGK_20230601T103336,0,2023-06,T40QGK,0.025007261120115205,0,0.8748625934688515
S2B_MSIL2A_20230601T062629_R077_T40QGK_20230601T103336_0001.jpg,S2B_MSIL2A_20230601T062629_R077_T40QGK_20230601T103336,0,2023-06,T40QGK,0.025007261120115205,0,0.8748625934688515
S2A_MSIL2A_20230616T062631_R077_T40QGK_20240812T142657_0000.jpg,S2A_MSIL2A_20230616T062631_R077_T40QGK_20240812T142657,0,2023-06,T40QGK,0.010144262965029308,0,0.8748625934688515
S2A_MSIL2A_20230616T062631_R077_T40QGK_20240812T142657_0001.jpg,S2A_MSIL2A_20230616T062631_R077_T40QGK_20240812T142657,0,2023-06,T40QGK,0.010144262965029308,0,0.8748625934688515
S2B_MSIL2A_20230621T062629_R077_T40QGK_20240816T025921_0000.jpg,S2B_MSIL2A_20230621T062629_R077_T40QGK_20240816T025921,0,2023-06,T40QGK,0.10377154286952973,0,0.8748625934688515
S2B_MSIL2A_20230621T062629_R077_T40QGK_20240816T025921_0001.jpg,S2B_MSIL2A_20230621T062629_R077_T40QGK_20240816T025921,0,2023-06,T40QGK,0.10377154286952973,0,0.8748625934688515
S2A_MSIL2A_20230626T062631_R077_T40QGK_20240927T163834_0000.jpg,S2A_MSIL2A_20230626T062631_R077_T40QGK_20240927T163834,1,2023-06,T40QGK,0.9404540684907526,1,0.8748625934688515
S2A_MSIL2A_20230626T062631_R077_T40QGK_20240927T163834_0001.jpg,S2A_MSIL2A_20230626T062631_R077_T40QGK_20240927T163834,1,2023-06,T40QGK,0.9404540684907526,1,0.8748625934688515
S2B_MSIL2A_20230701T062629_R077_T40QGK_20240817T022544_0000.jpg,S2B_MSIL2A_20230701T062629_R077_T40QGK_20240817T022544,0,2023-07,T40QGK,0.062411346916505496,0,0.8748625934688515
S2B_MSIL2A_20230701T062629_R077_T40QGK_20240817T022544_0001.jpg,S2B_MSIL2A_20230701T062629_R077_T40QGK_20240817T022544,0,2023-07,T40QGK,0.062411346916505496,0,0.8748625934688515
S2B_MSIL2A_20230711T062629_R077_T40QGK_20240816T204125_0000.jpg,S2B_MSIL2A_20230711T062629_R077_T40QGK_20240816T204125,0,2023-07,T40QGK,0.25798251389455207,0,0.8748625934688515
S2B_MSIL2A_20230711T062629_R077_T40QGK_20240816T204125_0001.jpg,S2B_MSIL2A_20230711T062629_R077_T40QGK_20240816T204125,0,2023-07,T40QGK,0.25798251389455207,0,0.8748625934688515
S2B_MSIL2A_20230731T062629_R077_T40QGK_20230731T102630_0000.jpg,S2B_MSIL2A_20230731T062629_R077_T40QGK_20230731T102630,0,2023-07,T40QGK,0.08526286988290666,0,0.8748625934688515
S2B_MSIL2A_20230731T062629_R077_T40QGK_20230731T102630_0001.jpg,S2B_MSIL2A_20230731T062629_R077_T40QGK_20230731T102630,0,2023-07,T40QGK,0.08526286988290666,0,0.8748625934688515
S2B_MSIL2A_20230810T062629_R077_T40QGK_20240912T065804_0000.jpg,S2B_MSIL2A_20230810T062629_R077_T40QGK_20240912T065804,0,2023-08,T40QGK,0.6439456839916009,0,0.8748625934688515
S2B_MSIL2A_20230810T062629_R077_T40QGK_20240912T065804_0001.jpg,S2B_MSIL2A_20230810T062629_R077_T40QGK_20240912T065804,0,2023-08,T40QGK,0.6439456839916009,0,0.8748625934688515
S2B_MSIL2A_20230820T062629_R077_T40QGK_20230820T133537_0000.jpg,S2B_MSIL2A_20230820T062629_R077_T40QGK_20230820T133537,1,2023-08,T40QGK,0.8790630446542519,1,0.8748625934688515
S2B_MSIL2A_20230820T062629_R077_T40QGK_20230820T133537_0001.jpg,S2B_MSIL2A_20230820T062629_R077_T40QGK_20230820T133537,1,2023-08,T40QGK,0.8790630446542519,1,0.8748625934688515
S2B_MSIL2A_20230830T062629_R077_T40QGK_20230830T122220_0000.jpg,S2B_MSIL2A_20230830T062629_R077_T40QGK_20230830T122220,0,2023-08,T40QGK,0.15907027636508758,0,0.8748625934688515
S2B_MSIL2A_20230830T062629_R077_T40QGK_20230830T122220_0001.jpg,S2B_MSIL2A_20230830T062629_R077_T40QGK_20230830T122220,0,2023-08,T40QGK,0.15907027636508758,0,0.8748625934688515
S2A_MSIL2A_20230914T062631_R077_T40QGK_20240908T085709_0000.jpg,S2A_MSIL2A_20230914T062631_R077_T40QGK_20240908T085709,0,2023-09,T40QGK,0.18789900433670845,0,0.8748625934688515
S2A_MSIL2A_20230914T062631_R077_T40QGK_20240908T085709_0001.jpg,S2A_MSIL2A_20230914T062631_R077_T40QGK_20240908T085709,0,2023-09,T40QGK,0.18789900433670845,0,0.8748625934688515
S2B_MSIL2A_20230929T062639_R077_T40QGK_20230929T121635_0000.jpg,S2B_MSIL2A_20230929T062639_R077_T40QGK_20230929T121635,0,2023-09,T40QGK,0.047563865716548095,0,0.8748625934688515
S2B_MSIL2A_20230929T062639_R077_T40QGK_20230929T121635_0001.jpg,S2B_MSIL2A_20230929T062639_R077_T40QGK_20230929T121635,0,2023-09,T40QGK,0.047563865716548095,0,0.8748625934688515
S2A_MSIL2A_20231004T062711_R077_T40QGK_20231004T121844_0000.jpg,S2A_MSIL2A_20231004T062711_R077_T40QGK_20231004T121844,0,2023-10,T40QGK,0.27461957151906097,0,0.8748625934688515
S2A_MSIL2A_20231004T062711_R077_T40QGK_20231004T121844_0001.jpg,S2A_MSIL2A_20231004T062711_R077_T40QGK_20231004T121844,0,2023-10,T40QGK,0.27461957151906097,0,0.8748625934688515
S2B_MSIL2A_20231009T062749_R077_T40QGK_20231009T102946_0000.jpg,S2B_MSIL2A_20231009T062749_R077_T40QGK_20231009T102946,1,2023-10,T40QGK,0.761226456294386,0,0.8748625934688515
S2B_MSIL2A_20231009T062749_R077_T40QGK_20231009T102946_0001.jpg,S2B_MSIL2A_20231009T062749_R077_T40QGK_20231009T102946,1,2023-10,T40QGK,0.761226456294386,0,0.8748625934688515
S2B_MSIL2A_20231019T062859_R077_T40QGK_20231019T182435_0000.jpg,S2B_MSIL2A_20231019T062859_R077_T40QGK_20231019T182435,0,2023-10,T40QGK,0.010297672092035923,0,0.8748625934688515
S2B_MSIL2A_20231019T062859_R077_T40QGK_20231019T182435_0001.jpg,S2B_MSIL2A_20231019T062859_R077_T40QGK_20231019T182435,0,2023-10,T40QGK,0.010297672092035923,0,0.8748625934688515
S2B_MSIL2A_20231108T063059_R077_T40QGK_20240901T133147_0000.jpg,S2B_MSIL2A_20231108T063059_R077_T40QGK_20240901T133147,0,2023-11,T40QGK,0.12867004718439878,0,0.8748625934688515
S2B_MSIL2A_20231108T063059_R077_T40QGK_20240901T133147_0001.jpg,S2B_MSIL2A_20231108T063059_R077_T40QGK_20240901T133147,0,2023-11,T40QGK,0.12867004718439878,0,0.8748625934688515
S2A_MSIL2A_20231113T063121_R077_T40QGK_20231113T112603_0000.jpg,S2A_MSIL2A_20231113T063121_R077_T40QGK_20231113T112603,0,2023-11,T40QGK,0.05013659985231265,0,0.8748625934688515
S2A_MSIL2A_20231113T063121_R077_T40QGK_20231113T112603_0001.jpg,S2A_MSIL2A_20231113T063121_R077_T40QGK_20231113T112603,0,2023-11,T40QGK,0.05013659985231265,0,0.8748625934688515
S2A_MSIL2A_20231123T063201_R077_T40QGK_20231123T103447_0000.jpg,S2A_MSIL2A_20231123T063201_R077_T40QGK_20231123T103447,1,2023-11,T40QGK,0.9751963755409648,1,0.8748625934688515
S2A_MSIL2A_20231123T063201_R077_T40QGK_20231123T103447_0001.jpg,S2A_MSIL2A_20231123T063201_R077_T40QGK_20231123T103447,1,2023-11,T40QGK,0.9751963755409648,1,0.8748625934688515
S2B_MSIL2A_20231128T063219_R077_T40QGK_20231128T092308_0000.jpg,S2B_MSIL2A_20231128T063219_R077_T40QGK_20231128T092308,0,2023-11,T40QGK,0.16519493378449107,0,0.8748625934688515
S2B_MSIL2A_20231128T063219_R077_T40QGK_20231128T092308_0001.jpg,S2B_MSIL2A_20231128T063219_R077_T40QGK_20231128T092308,0,2023-11,T40QGK,0.16519493378449107,0,0.8748625934688515
S2A_MSIL2A_20231213T063251_R077_T40QGK_20231213T114908_0000.jpg,S2A_MSIL2A_20231213T063251_R077_T40QGK_20231213T114908,1,2023-12,T40QGK,0.9063131841437069,1,0.8748625934688515
S2A_MSIL2A_20231213T063251_R077_T40QGK_20231213T114908_0001.jpg,S2A_MSIL2A_20231213T063251_R077_T40QGK_20231213T114908,1,2023-12,T40QGK,0.9063131841437069,1,0.8748625934688515
S2A_MSIL2A_20231223T063301_R077_T40QGK_20231223T102255_0000.jpg,S2A_MSIL2A_20231223T063301_R077_T40QGK_20231223T102255,0,2023-12,T40QGK,0.023198686803465995,0,0.8748625934688515
S2A_MSIL2A_20231223T063301_R077_T40QGK_20231223T102255_0001.jpg,S2A_MSIL2A_20231223T063301_R077_T40QGK_20231223T102255,0,2023-12,T40QGK,0.023198686803465995,0,0.8748625934688515
S2B_MSIL2A_20231228T063259_R077_T40QGK_20231228T092024_0000.jpg,S2B_MSIL2A_20231228T063259_R077_T40QGK_20231228T092024,1,2023-12,T40QGK,0.5460862717028866,0,0.8748625934688515
S2B_MSIL2A_20231228T063259_R077_T40QGK_20231228T092024_0001.jpg,S2B_MSIL2A_20231228T063259_R077_T40QGK_20231228T092024,1,2023-12,T40QGK,0.5460862717028866,0,0.8748625934688515
S2A_MSIL2A_20240102T063251_R077_T40QGK_20240102T104541_0000.jpg,S2A_MSIL2A_20240102T063251_R077_T40QGK_20240102T104541,0,2024-01,T40QGK,0.062015447909496424,0,0.8748625934688515
S2A_MSIL2A_20240102T063251_R077_T40QGK_20240102T104541_0001.jpg,S2A_MSIL2A_20240102T063251_R077_T40QGK_20240102T104541,0,2024-01,T40QGK,0.062015447909496424,0,0.8748625934688515
S2A_MSIL2A_20240112T063231_R077_T40QGK_20240112T101212_0000.jpg,S2A_MSIL2A_20240112T063231_R077_T40QGK_20240112T101212,0,2024-01,T40QGK,0.06271833070736939,0,0.8748625934688515
S2A_MSIL2A_20240112T063231_R077_T40QGK_20240112T101212_0001.jpg,S2A_MSIL2A_20240112T063231_R077_T40QGK_20240112T101212,0,2024-01,T40QGK,0.06271833070736939,0,0.8748625934688515
S2B_MSIL2A_20240117T063219_R077_T40QGK_20240117T093150_0000.jpg,S2B_MSIL2A_20240117T063219_R077_T40QGK_20240117T093150,0,2024-01,T40QGK,0.0030633613215915586,0,0.8748625934688515
S2B_MSIL2A_20240117T063219_R077_T40QGK_20240117T093150_0001.jpg,S2B_MSIL2A_20240117T063219_R077_T40QGK_20240117T093150,0,2024-01,T40QGK,0.0030633613215915586,0,0.8748625934688515
S2A_MSIL2A_20240201T063101_R077_T40QGK_20240201T112116_0000.jpg,S2A_MSIL2A_20240201T063101_R077_T40QGK_20240201T112116,1,2024-02,T40QGK,0.8331879857639233,0,0.8748625934688515
S2A_MSIL2A_20240201T063101_R077_T40QGK_20240201T112116_0001.jpg,S2A_MSIL2A_20240201T063101_R077_T40QGK_20240201T112116,1,2024-02,T40QGK,0.8331879857639233,0,0.8748625934688515
S2A_MSIL2A_20240221T062901_R077_T40QGK_20240221T102237_0000.jpg,S2A_MSIL2A_20240221T062901_R077_T40QGK_20240221T102237,1,2024-02,T40QGK,0.8233650048785999,0,0.8748625934688515
S2A_MSIL2A_20240221T062901_R077_T40QGK_20240221T102237_0001.jpg,S2A_MSIL2A_20240221T062901_R077_T40QGK_20240221T102237,1,2024-02,T40QGK,0.8233650048785999,0,0.8748625934688515
S2A_MSIL2A_20240302T062801_R077_T40QGK_20240302T111946_0000.jpg,S2A_MSIL2A_20240302T062801_R077_T40QGK_20240302T111946,1,2024-03,T40QGK,0.9592649103219147,1,0.8748625934688515
S2A_MSIL2A_20240302T062801_R077_T40QGK_20240302T111946_0001.jpg,S2A_MSIL2A_20240302T062801_R077_T40QGK_20240302T111946,1,2024-03,T40QGK,0.9592649103219147,1,0.8748625934688515
S2A_MSIL2A_20240312T062651_R077_T40QGK_20240313T153847_0000.jpg,S2A_MSIL2A_20240312T062651_R077_T40QGK_20240313T153847,0,2024-03,T40QGK,0.016976080840218538,0,0.8748625934688515
S2A_MSIL2A_20240312T062651_R077_T40QGK_20240313T153847_0001.jpg,S2A_MSIL2A_20240312T062651_R077_T40QGK_20240313T153847,0,2024-03,T40QGK,0.016976080840218538,0,0.8748625934688515
S2A_MSIL2A_20240322T062631_R077_T40QGK_20240322T104635_0000.jpg,S2A_MSIL2A_20240322T062631_R077_T40QGK_20240322T104635,0,2024-03,T40QGK,0.050262616826593165,0,0.8748625934688515
S2A_MSIL2A_20240322T062631_R077_T40QGK_20240322T104635_0001.jpg,S2A_MSIL2A_20240322T062631_R077_T40QGK_20240322T104635,0,2024-03,T40QGK,0.050262616826593165,0,0.8748625934688515
S2B_MSIL2A_20240406T062629_R077_T40QGK_20240406T100857_0000.jpg,S2B_MSIL2A_20240406T062629_R077_T40QGK_20240406T100857,0,2024-04,T40QGK,0.07912789875169572,0,0.8748625934688515
S2B_MSIL2A_20240406T062629_R077_T40QGK_20240406T100857_0001.jpg,S2B_MSIL2A_20240406T062629_R077_T40QGK_20240406T100857,0,2024-04,T40QGK,0.07912789875169572,0,0.8748625934688515
S2A_MSIL2A_20240411T062631_R077_T40QGK_20240411T111749_0000.jpg,S2A_MSIL2A_20240411T062631_R077_T40QGK_20240411T111749,0,2024-04,T40QGK,0.06135458340660189,0,0.8748625934688515
S2A_MSIL2A_20240411T062631_R077_T40QGK_20240411T111749_0001.jpg,S2A_MSIL2A_20240411T062631_R077_T40QGK_20240411T111749,0,2024-04,T40QGK,0.06135458340660189,0,0.8748625934688515
S2A_MSIL2A_20240421T062631_R077_T40QGK_20240421T111603_0000.jpg,S2A_MSIL2A_20240421T062631_R077_T40QGK_20240421T111603,0,2024-04,T40QGK,0.00608168722355786,0,0.8748625934688515
S2A_MSIL2A_20240421T062631_R077_T40QGK_20240421T111603_0001.jpg,S2A_MSIL2A_20240421T062631_R077_T40QGK_20240421T111603,0,2024-04,T40QGK,0.00608168722355786,0,0.8748625934688515
S2B_MSIL2A_20240516T062629_R077_T40QGK_20240516T102249_0000.jpg,S2B_MSIL2A_20240516T062629_R077_T40QGK_20240516T102249,0,2024-05,T40QGK,0.042304976191726754,0,0.8748625934688515
S2B_MSIL2A_20240516T062629_R077_T40QGK_20240516T102249_0001.jpg,S2B_MSIL2A_20240516T062629_R077_T40QGK_20240516T102249,0,2024-05,T40QGK,0.042304976191726754,0,0.8748625934688515
S2A_MSIL2A_20240521T062631_R077_T40QGK_20240521T112534_0000.jpg,S2A_MSIL2A_20240521T062631_R077_T40QGK_20240521T112534,0,2024-05,T40QGK,0.04171019859478069,0,0.8748625934688515
S2A_MSIL2A_20240521T062631_R077_T40QGK_20240521T112534_0001.jpg,S2A_MSIL2A_20240521T062631_R077_T40QGK_20240521T112534,0,2024-05,T40QGK,0.04171019859478069,0,0.8748625934688515
S2A_MSIL2A_20240531T062631_R077_T40QGK_20240531T120203_0000.jpg,S2A_MSIL2A_20240531T062631_R077_T40QGK_20240531T120203,1,2024-05,T40QGK,0.964379427185468,1,0.8748625934688515
S2A_MSIL2A_20240531T062631_R077_T40QGK_20240531T120203_0001.jpg,S2A_MSIL2A_20240531T062631_R077_T40QGK_20240531T120203,1,2024-05,T40QGK,0.964379427185468,1,0.8748625934688515
S2B_MSIL2A_20240605T062629_R077_T40QGK_20240605T101415_0000.jpg,S2B_MSIL2A_20240605T062629_R077_T40QGK_20240605T101415,0,2024-06,T40QGK,0.5853496945828622,0,0.8748625934688515
S2B_MSIL2A_20240605T062629_R077_T40QGK_20240605T101415_0001.jpg,S2B_MSIL2A_20240605T062629_R077_T40QGK_20240605T101415,0,2024-06,T40QGK,0.5853496945828622,0,0.8748625934688515
S2A_MSIL2A_20240610T062631_R077_T40QGK_20240610T104649_0000.jpg,S2A_MSIL2A_20240610T062631_R077_T40QGK_20240610T104649,0,2024-06,T40QGK,0.00630583930720083,0,0.8748625934688515
S2A_MSIL2A_20240610T062631_R077_T40QGK_20240610T104649_0001.jpg,S2A_MSIL2A_20240610T062631_R077_T40QGK_20240610T104649,0,2024-06,T40QGK,0.00630583930720083,0,0.8748625934688515
S2B_MSIL2A_20240625T062629_R077_T40QGK_20240625T102043_0000.jpg,S2B_MSIL2A_20240625T062629_R077_T40QGK_20240625T102043,0,2024-06,T40QGK,0.03180927213116277,0,0.8748625934688515
S2A_MSIL2A_20240710T062631_R077_T40QGK_20240710T114122_0000.jpg,S2A_MSIL2A_20240710T062631_R077_T40QGK_20240710T114122,1,2024-07,T40QGK,0.9604234117027588,1,0.8748625934688515
S2A_MSIL2A_20240710T062631_R077_T40QGK_20240710T114122_0001.jpg,S2A_MSIL2A_20240710T062631_R077_T40QGK_20240710T114122,1,2024-07,T40QGK,0.9604234117027588,1,0.8748625934688515
S2B_MSIL2A_20240804T062629_R077_T40QGK_20240804T094512_0000.jpg,S2B_MSIL2A_20240804T062629_R077_T40QGK_20240804T094512,0,2024-08,T40QGK,0.011283677110582572,0,0.8748625934688515
S2B_MSIL2A_20240804T062629_R077_T40QGK_20240804T094512_0001.jpg,S2B_MSIL2A_20240804T062629_R077_T40QGK_20240804T094512,0,2024-08,T40QGK,0.011283677110582572,0,0.8748625934688515
S2B_MSIL2A_20240814T062629_R077_T40QGK_20240814T093442_0000.jpg,S2B_MSIL2A_20240814T062629_R077_T40QGK_20240814T093442,1,2024-08,T40QGK,0.8459972745305031,0,0.8748625934688515
S2B_MSIL2A_20240814T062629_R077_T40QGK_20240814T093442_0001.jpg,S2B_MSIL2A_20240814T062629_R077_T40QGK_20240814T093442,1,2024-08,T40QGK,0.8459972745305031,0,0.8748625934688515
S2B_MSIL2A_20240824T062629_R077_T40QGK_20240824T100609_0000.jpg,S2B_MSIL2A_20240824T062629_R077_T40QGK_20240824T100609,1,2024-08,T40QGK,0.9780894791919207,1,0.8748625934688515
S2B_MSIL2A_20240824T062629_R077_T40QGK_20240824T100609_0001.jpg,S2B_MSIL2A_20240824T062629_R077_T40QGK_20240824T100609,1,2024-08,T40QGK,0.9780894791919207,1,0.8748625934688515
S2A_MSIL2A_20240829T062631_R077_T40QGK_20240829T111551_0000.jpg,S2A_MSIL2A_20240829T062631_R077_T40QGK_20240829T111551,0,2024-08,T40QGK,0.421958940129298,0,0.8748625934688515
S2A_MSIL2A_20240829T062631_R077_T40QGK_20240829T111551_0001.jpg,S2A_MSIL2A_20240829T062631_R077_T40QGK_20240829T111551,0,2024-08,T40QGK,0.421958940129298,0,0.8748625934688515
S2B_MSIL2A_20240923T062629_R077_T40QGK_20240923T085510_0000.jpg,S2B_MSIL2A_20240923T062629_R077_T40QGK_20240923T085510,0,2024-09,T40QGK,0.18037976788329876,0,0.8748625934688515
S2B_MSIL2A_20240923T062629_R077_T40QGK_20240923T085510_0001.jpg,S2B_MSIL2A_20240923T062629_R077_T40QGK_20240923T085510,0,2024-09,T40QGK,0.18037976788329876,0,0.8748625934688515
S2B_MSIL2A_20241003T062629_R077_T40QGK_20241003T090945_0000.jpg,S2B_MSIL2A_20241003T062629_R077_T40QGK_20241003T090945,0,2024-10,T40QGK,0.17464132960804077,0,0.8748625934688515
S2B_MSIL2A_20241003T062629_R077_T40QGK_20241003T090945_0001.jpg,S2B_MSIL2A_20241003T062629_R077_T40QGK_20241003T090945,0,2024-10,T40QGK,0.17464132960804077,0,0.8748625934688515
S2B_MSIL2A_20241023T062829_R077_T40QGK_20241023T083127_0000.jpg,S2B_MSIL2A_20241023T062829_R077_T40QGK_20241023T083127,0,2024-10,T40QGK,0.012393724164285008,0,0.8748625934688515
S2B_MSIL2A_20241023T062829_R077_T40QGK_20241023T083127_0001.jpg,S2B_MSIL2A_20241023T062829_R077_T40QGK_20241023T083127,0,2024-10,T40QGK,0.012393724164285008,0,0.8748625934688515
S2A_MSIL2A_20241028T063001_R077_T40QGK_20241028T100749_0000.jpg,S2A_MSIL2A_20241028T063001_R077_T40QGK_20241028T100749,0,2024-10,T40QGK,0.006851787848470668,0,0.8748625934688515
S2A_MSIL2A_20241028T063001_R077_T40QGK_20241028T100749_0001.jpg,S2A_MSIL2A_20241028T063001_R077_T40QGK_20241028T100749,0,2024-10,T40QGK,0.006851787848470668,0,0.8748625934688515
S2A_MSIL2A_20241107T063051_R077_T40QGK_20241107T091604_0000.jpg,S2A_MSIL2A_20241107T063051_R077_T40QGK_20241107T091604,0,2024-11,T40QGK,0.016929461721362685,0,0.8748625934688515
S2A_MSIL2A_20241107T063051_R077_T40QGK_20241107T091604_0001.jpg,S2A_MSIL2A_20241107T063051_R077_T40QGK_20241107T091604,0,2024-11,T40QGK,0.016929461721362685,0,0.8748625934688515
S2B_MSIL2A_20241112T063019_R077_T40QGK_20241112T082814_0000.jpg,S2B_MSIL2A_20241112T063019_R077_T40QGK_20241112T082814,0,2024-11,T40QGK,0.10407025479392262,0,0.8748625934688515
S2B_MSIL2A_20241112T063019_R077_T40QGK_20241112T082814_0001.jpg,S2B_MSIL2A_20241112T063019_R077_T40QGK_20241112T082814,0,2024-11,T40QGK,0.10407025479392262,0,0.8748625934688515
S2A_MSIL2A_20241117T063141_R077_T40QGK_20241117T103949_0000.jpg,S2A_MSIL2A_20241117T063141_R077_T40QGK_20241117T103949,0,2024-11,T40QGK,0.009100139381740008,0,0.8748625934688515
S2A_MSIL2A_20241117T063141_R077_T40QGK_20241117T103949_0001.jpg,S2A_MSIL2A_20241117T063141_R077_T40QGK_20241117T103949,0,2024-11,T40QGK,0.009100139381740008,0,0.8748625934688515
S2A_MSIL2A_20241127T063221_R077_T40QGK_20241127T094651_0000.jpg,S2A_MSIL2A_20241127T063221_R077_T40QGK_20241127T094651,1,2024-11,T40QGK,0.8716389096591075,0,0.8748625934688515
S2A_MSIL2A_20241127T063221_R077_T40QGK_20241127T094651_0001.jpg,S2A_MSIL2A_20241127T063221_R077_T40QGK_20241127T094651,1,2024-11,T40QGK,0.8716389096591075,0,0.8748625934688515
S2B_MSIL2A_20241202T063139_R077_T40QGK_20241202T083601_0000.jpg,S2B_MSIL2A_20241202T063139_R077_T40QGK_20241202T083601,0,2024-12,T40QGK,0.2598693666519947,0,0.8748625934688515
S2B_MSIL2A_20241202T063139_R077_T40QGK_20241202T083601_0001.jpg,S2B_MSIL2A_20241202T063139_R077_T40QGK_20241202T083601,0,2024-12,T40QGK,0.2598693666519947,0,0.8748625934688515
S2B_MSIL2A_20241212T063159_R077_T40QGK_20241212T090100_0000.jpg,S2B_MSIL2A_20241212T063159_R077_T40QGK_20241212T090100,0,2024-12,T40QGK,0.20416948538690477,0,0.8748625934688515
S2B_MSIL2A_20241212T063159_R077_T40QGK_20241212T090100_0001.jpg,S2B_MSIL2A_20241212T063159_R077_T40QGK_20241212T090100,0,2024-12,T40QGK,0.20416948538690477,0,0.8748625934688515
S2A_MSIL2A_20241217T063301_R077_T40QGK_20241217T094151_0000.jpg,S2A_MSIL2A_20241217T063301_R077_T40QGK_20241217T094151,0,2024-12,T40QGK,0.1633402481435097,0,0.8748625934688515
S2A_MSIL2A_20241217T063301_R077_T40QGK_20241217T094151_0001.jpg,S2A_MSIL2A_20241217T063301_R077_T40QGK_20241217T094151,0,2024-12,T40QGK,0.1633402481435097,0,0.8748625934688515
S2A_MSIL2A_20241227T063301_R077_T40QGK_20241227T094051_0000.jpg,S2A_MSIL2A_20241227T063301_R077_T40QGK_20241227T094051,0,2024-12,T40QGK,0.016265464179114373,0,0.8748625934688515
S2A_MSIL2A_20241227T063301_R077_T40QGK_20241227T094051_0001.jpg,S2A_MSIL2A_20241227T063301_R077_T40QGK_20241227T094051,0,2024-12,T40QGK,0.016265464179114373,0,0.8748625934688515
S2A_MSIL2A_20170101T064252_R120_T40QFM_20210529T105726_0000.jpg,S2A_MSIL2A_20170101T064252_R120_T40QFM_20210529T105726,0,2017-01,T40QFM,0.02933495069032943,0,0.8748625934688515
S2A_MSIL2A_20170101T064252_R120_T40QFM_20210529T105726_0001.jpg,S2A_MSIL2A_20170101T064252_R120_T40QFM_20210529T105726,0,2017-01,T40QFM,0.02933495069032943,0,0.8748625934688515
S2A_MSIL2A_20170111T064231_R120_T40QFM_20210530T050932_0000.jpg,S2A_MSIL2A_20170111T064231_R120_T40QFM_20210530T050932,1,2017-01,T40QFM,0.9336807352933331,1,0.8748625934688515
S2A_MSIL2A_20170111T064231_R120_T40QFM_20210530T050932_0001.jpg,S2A_MSIL2A_20170111T064231_R120_T40QFM_20210530T050932,1,2017-01,T40QFM,0.9336807352933331,1,0.8748625934688515
S2A_MSIL2A_20170302T064011_R120_T40QFM_20210208T184836_0000.jpg,S2A_MSIL2A_20170302T064011_R120_T40QFM_20210208T184836,1,2017-03,T40QFM,0.45320616780859696,0,0.8748625934688515
S2A_MSIL2A_20170302T064011_R120_T40QFM_20210208T184836_0001.jpg,S2A_MSIL2A_20170302T064011_R120_T40QFM_20210208T184836,1,2017-03,T40QFM,0.45320616780859696,0,0.8748625934688515
S2A_MSIL2A_20170312T063641_R120_T40QFM_20210208T214529_0000.jpg,S2A_MSIL2A_20170312T063641_R120_T40QFM_20210208T214529,0,2017-03,T40QFM,0.017298005212464898,0,0.8748625934688515
S2A_MSIL2A_20170312T063641_R120_T40QFM_20210208T214529_0001.jpg,S2A_MSIL2A_20170312T063641_R120_T40QFM_20210208T214529,0,2017-03,T40QFM,0.017298005212464898,0,0.8748625934688515
S2A_MSIL2A_20170411T064011_R120_T40QFM_20210209T063842_0000.jpg,S2A_MSIL2A_20170411T064011_R120_T40QFM_20210209T063842,0,2017-04,T40QFM,0.22068588457579552,0,0.8748625934688515
S2A_MSIL2A_20170411T064011_R120_T40QFM_20210209T063842_0001.jpg,S2A_MSIL2A_20170411T064011_R120_T40QFM_20210209T063842,0,2017-04,T40QFM,0.22068588457579552,0,0.8748625934688515
S2A_MSIL2A_20170421T063631_R120_T40QFM_20210209T092345_0000.jpg,S2A_MSIL2A_20170421T063631_R120_T40QFM_20210209T092345,0,2017-04,T40QFM,0.055985101453319676,0,0.8748625934688515
S2A_MSIL2A_20170421T063631_R120_T40QFM_20210209T092345_0001.jpg,S2A_MSIL2A_20170421T063631_R120_T40QFM_20210209T092345,0,2017-04,T40QFM,0.055985101453319676,0,0.8748625934688515
S2A_MSIL2A_20170511T063631_R120_T40QFM_20210209T143937_0000.jpg,S2A_MSIL2A_20170511T063631_R120_T40QFM_20210209T143937,0,2017-05,T40QFM,0.004462469963957097,0,0.8748625934688515
S2A_MSIL2A_20170511T063631_R120_T40QFM_20210209T143937_0001.jpg,S2A_MSIL2A_20170511T063631_R120_T40QFM_20210209T143937,0,2017-05,T40QFM,0.004462469963957097,0,0.8748625934688515
S2A_MSIL2A_20170521T064021_R120_T40QFM_20210209T170100_0000.jpg,S2A_MSIL2A_20170521T064021_R120_T40QFM_20210209T170100,0,2017-05,T40QFM,0.6307821467530403,0,0.8748625934688515
S2A_MSIL2A_20170521T064021_R120_T40QFM_20210209T170100_0001.jpg,S2A_MSIL2A_20170521T064021_R120_T40QFM_20210209T170100,0,2017-05,T40QFM,0.6307821467530403,0,0.8748625934688515
S2A_MSIL2A_20170531T063631_R120_T40QFM_20210209T192316_0000.jpg,S2A_MSIL2A_20170531T063631_R120_T40QFM_20210209T192316,0,2017-05,T40QFM,0.12508682461836043,0,0.8748625934688515
S2A_MSIL2A_20170531T063631_R120_T40QFM_20210209T192316_0001.jpg,S2A_MSIL2A_20170531T063631_R120_T40QFM_20210209T192316,0,2017-05,T40QFM,0.12508682461836043,0,0.8748625934688515
S2A_MSIL2A_20170610T064021_R120_T40QFM_20210209T215013_0000.jpg,S2A_MSIL2A_20170610T064021_R120_T40QFM_20210209T215013,0,2017-06,T40QFM,0.02624417980077207,0,0.8748625934688515
S2A_MSIL2A_20170610T064021_R120_T40QFM_20210209T215013_0001.jpg,S2A_MSIL2A_20170610T064021_R120_T40QFM_20210209T215013,0,2017-06,T40QFM,0.02624417980077207,0,0.8748625934688515
S2A_MSIL2A_20170620T063631_R120_T40QFM_20210210T001918_0000.jpg,S2A_MSIL2A_20170620T063631_R120_T40QFM_20210210T001918,1,2017-06,T40QFM,0.9125299313346048,1,0.8748625934688515
S2A_MSIL2A_20170620T063631_R120_T40QFM_20210210T001918_0001.jpg,S2A_MSIL2A_20170620T063631_R120_T40QFM_20210210T001918,1,2017-06,T40QFM,0.9125299313346048,1,0.8748625934688515
S2A_MSIL2A_20170720T064021_R120_T40QFM_20210210T113721_0000.jpg,S2A_MSIL2A_20170720T064021_R120_T40QFM_20210210T113721,0,2017-07,T40QFM,0.08757179041093192,0,0.8748625934688515
S2A_MSIL2A_20170720T064021_R120_T40QFM_20210210T113721_0001.jpg,S2A_MSIL2A_20170720T064021_R120_T40QFM_20210210T113721,0,2017-07,T40QFM,0.08757179041093192,0,0.8748625934688515
S2B_MSIL2A_20170725T063629_R120_T40QFM_20210210T142140_0000.jpg,S2B_MSIL2A_20170725T063629_R120_T40QFM_20210210T142140,0,2017-07,T40QFM,0.056198373758732066,0,0.8748625934688515
S2B_MSIL2A_20170725T063629_R120_T40QFM_20210210T142140_0001.jpg,S2B_MSIL2A_20170725T063629_R120_T40QFM_20210210T142140,0,2017-07,T40QFM,0.056198373758732066,0,0.8748625934688515
S2B_MSIL2A_20170804T064019_R120_T40QFM_20210210T192757_0000.jpg,S2B_MSIL2A_20170804T064019_R120_T40QFM_20210210T192757,0,2017-08,T40QFM,0.012750767928811038,0,0.8748625934688515
S2B_MSIL2A_20170804T064019_R120_T40QFM_20210210T192757_0001.jpg,S2B_MSIL2A_20170804T064019_R120_T40QFM_20210210T192757,0,2017-08,T40QFM,0.012750767928811038,0,0.8748625934688515
S2B_MSIL2A_20170814T063629_R120_T40QFM_20210131T215721_0000.jpg,S2B_MSIL2A_20170814T063629_R120_T40QFM_20210131T215721,0,2017-08,T40QFM,0.4841947095305908,0,0.8748625934688515
S2B_MSIL2A_20170814T063629_R120_T40QFM_20210131T215721_0001.jpg,S2B_MSIL2A_20170814T063629_R120_T40QFM_20210131T215721,0,2017-08,T40QFM,0.4841947095305908,0,0.8748625934688515
S2B_MSIL2A_20170824T064009_R120_T40QFM_20210201T091008_0000.jpg,S2B_MSIL2A_20170824T064009_R120_T40QFM_20210201T091008,0,2017-08,T40QFM,0.00833051539980014,0,0.8748625934688515
S2B_MSIL2A_20170824T064009_R120_T40QFM_20210201T091008_0001.jpg,S2B_MSIL2A_20170824T064009_R120_T40QFM_20210201T091008,0,2017-08,T40QFM,0.00833051539980014,0,0.8748625934688515
S2A_MSIL2A_20170908T063621_R120_T40QFM_20210201T212456_0000.jpg,S2A_MSIL2A_20170908T063621_R120_T40QFM_20210201T212456,0,2017-09,T40QFM,0.02290851252223295,0,0.8748625934688515
S2A_MSIL2A_20170908T063621_R120_T40QFM_20210201T212456_0001.jpg,S2A_MSIL2A_20170908T063621_R120_T40QFM_20210201T212456,0,2017-09,T40QFM,0.02290851252223295,0,0.8748625934688515
S2B_MSIL2A_20170913T064009_R120_T40QFM_20210202T020531_0000.jpg,S2B_MSIL2A_20170913T064009_R120_T40QFM_20210202T020531,0,2017-09,T40QFM,0.013109718083149138,0,0.8748625934688515
S2B_MSIL2A_20170913T064009_R120_T40QFM_20210202T020531_0001.jpg,S2B_MSIL2A_20170913T064009_R120_T40QFM_20210202T020531,0,2017-09,T40QFM,0.013109718083149138,0,0.8748625934688515
S2B_MSIL2A_20170923T063609_R120_T40QFM_20210202T084124_0000.jpg,S2B_MSIL2A_20170923T063609_R120_T40QFM_20210202T084124,1,2017-09,T40QFM,0.7284365307742463,0,0.8748625934688515
S2B_MSIL2A_20170923T063609_R120_T40QFM_20210202T084124_0001.jpg,S2B_MSIL2A_20170923T063609_R120_T40QFM_20210202T084124,1,2017-09,T40QFM,0.7284365307742463,0,0.8748625934688515
S2A_MSIL2A_20170928T063631_R120_T40QFM_20210202T110028_0000.jpg,S2A_MSIL2A_20170928T063631_R120_T40QFM_20210202T110028,1,2017-09,T40QFM,0.8533810004099048,0,0.8748625934688515
S2A_MSIL2A_20170928T063631_R120_T40QFM_20210202T110028_0001.jpg,S2A_MSIL2A_20170928T063631_R120_T40QFM_20210202T110028,1,2017-09,T40QFM,0.8533810004099048,0,0.8748625934688515
S2B_MSIL2A_20171003T063959_R120_T40QFM_20210202T132556_0000.jpg,S2B_MSIL2A_20171003T063959_R120_T40QFM_20210202T132556,0,2017-10,T40QFM,0.1609662655487536,0,0.8748625934688515
S2B_MSIL2A_20171003T063959_R120_T40QFM_20210202T132556_0001.jpg,S2B_MSIL2A_20171003T063959_R120_T40QFM_20210202T132556,0,2017-10,T40QFM,0.1609662655487536,0,0.8748625934688515
S2B_MSIL2A_20171013T063809_R120_T40QFM_20201015T000730_0000.jpg,S2B_MSIL2A_20171013T063809_R120_T40QFM_20201015T000730,0,2017-10,T40QFM,0.005974873336047419,0,0.8748625934688515
S2B_MSIL2A_20171013T063809_R120_T40QFM_20201015T000730_0001.jpg,S2B_MSIL2A_20171013T063809_R120_T40QFM_20201015T000730,0,2017-10,T40QFM,0.005974873336047419,0,0.8748625934688515
S2A_MSIL2A_20171028T064011_R120_T40QFM_20201015T024342_0000.jpg,S2A_MSIL2A_20171028T064011_R120_T40QFM_20201015T024342,0,2017-10,T40QFM,0.004753757546321019,0,0.8748625934688515
S2A_MSIL2A_20171028T064011_R120_T40QFM_20201015T024342_0001.jpg,S2A_MSIL2A_20171028T064011_R120_T40QFM_20201015T024342,0,2017-10,T40QFM,0.004753757546321019,0,0.8748625934688515
S2A_MSIL2A_20171107T064051_R120_T40QFM_20201014T183734_0000.jpg,S2A_MSIL2A_20171107T064051_R120_T40QFM_20201014T183734,0,2017-11,T40QFM,0.19636358229801923,0,0.8748625934688515
S2A_MSIL2A_20171107T064051_R120_T40QFM_20201014T183734_0001.jpg,S2A_MSIL2A_20171107T064051_R120_T40QFM_20201014T183734,0,2017-11,T40QFM,0.19636358229801923,0,0.8748625934688515
S2B_MSIL2A_20171112T064109_R120_T40QFM_20210215T163917_0000.jpg,S2B_MSIL2A_20171112T064109_R120_T40QFM_20210215T163917,0,2017-11,T40QFM,0.00615661149092206,0,0.8748625934688515
S2B_MSIL2A_20171112T064109_R120_T40QFM_20210215T163917_0001.jpg,S2B_MSIL2A_20171112T064109_R120_T40QFM_20210215T163917,0,2017-11,T40QFM,0.00615661149092206,0,0.8748625934688515
S2B_MSIL2A_20171122T064149_R120_T40QFM_20201014T213725_0000.jpg,S2B_MSIL2A_20171122T064149_R120_T40QFM_20201014T213725,0,2017-11,T40QFM,0.14825329945505203,0,0.8748625934688515
S2B_MSIL2A_20171122T064149_R120_T40QFM_20201014T213725_0001.jpg,S2B_MSIL2A_20171122T064149_R120_T40QFM_20201014T213725,0,2017-11,T40QFM,0.14825329945505203,0,0.8748625934688515
S2B_MSIL2A_20171212T064249_R120_T40QFM_20201014T133905_0000.jpg,S2B_MSIL2A_20171212T064249_R120_T40QFM_20201014T133905,0,2017-12,T40QFM,0.0060799871838402774,0,0.8748625934688515
S2B_MSIL2A_20171212T064249_R120_T40QFM_20201014T133905_0001.jpg,S2B_MSIL2A_20171212T064249_R120_T40QFM_20201014T133905,0,2017-12,T40QFM,0.0060799871838402774,0,0.8748625934688515
S2B_MSIL2A_20171222T064249_R120_T40QFM_20201119T192855_0000.jpg,S2B_MSIL2A_20171222T064249_R120_T40QFM_20201119T192855,1,2017-12,T40QFM,0.7981827263578137,0,0.8748625934688515
S2B_MSIL2A_20171222T064249_R120_T40QFM_20201119T192855_0001.jpg,S2B_MSIL2A_20171222T064249_R120_T40QFM_20201119T192855,1,2017-12,T40QFM,0.7981827263578137,0,0.8748625934688515
S2B_MSIL2A_20180101T064249_R120_T40QFM_20201014T023737_0000.jpg,S2B_MSIL2A_20180101T064249_R120_T40QFM_20201014T023737,0,2018-01,T40QFM,0.11423581367660786,0,0.8748625934688515
S2B_MSIL2A_20180101T064249_R120_T40QFM_20201014T023737_0001.jpg,S2B_MSIL2A_20180101T064249_R120_T40QFM_20201014T023737,0,2018-01,T40QFM,0.11423581367660786,0,0.8748625934688515
S2A_MSIL2A_20180126T064131_R120_T40QFM_20201014T085127_0000.jpg,S2A_MSIL2A_20180126T064131_R120_T40QFM_20201014T085127,0,2018-01,T40QFM,0.12068229239392167,0,0.8748625934688515
S2A_MSIL2A_20180126T064131_R120_T40QFM_20201014T085127_0001.jpg,S2A_MSIL2A_20180126T064131_R120_T40QFM_20201014T085127,0,2018-01,T40QFM,0.12068229239392167,0,0.8748625934688515
S2B_MSIL2A_20180220T063909_R120_T40QFM_20201013T233242_0000.jpg,S2B_MSIL2A_20180220T063909_R120_T40QFM_20201013T233242,0,2018-02,T40QFM,0.2294537667216629,0,0.8748625934688515
S2B_MSIL2A_20180220T063909_R120_T40QFM_20201013T233242_0001.jpg,S2B_MSIL2A_20180220T063909_R120_T40QFM_20201013T233242,0,2018-02,T40QFM,0.2294537667216629,0,0.8748625934688515
S2A_MSIL2A_20180307T063721_R120_T40QFM_20201013T073203_0000.jpg,S2A_MSIL2A_20180307T063721_R120_T40QFM_20201013T073203,0,2018-03,T40QFM,0.1133588267632548,0,0.8748625934688515
S2A_MSIL2A_20180307T063721_R120_T40QFM_20201013T073203_0001.jpg,S2A_MSIL2A_20180307T063721_R120_T40QFM_20201013T073203,0,2018-03,T40QFM,0.1133588267632548,0,0.8748625934688515
S2A_MSIL2A_20180327T063621_R120_T40QFM_20201013T145541_0000.jpg,S2A_MSIL2A_20180327T063621_R120_T40QFM_20201013T145541,0,2018-03,T40QFM,0.04355880922392471,0,0.8748625934688515
S2A_MSIL2A_20180327T063621_R120_T40QFM_20201013T145541_0001.jpg,S2A_MSIL2A_20180327T063621_R120_T40QFM_20201013T145541,0,2018-03,T40QFM,0.04355880922392471,0,0.8748625934688515
S2A_MSIL2A_20180406T063631_R120_T40QFM_20201012T185420_0000.jpg,S2A_MSIL2A_20180406T063631_R120_T40QFM_20201012T185420,0,2018-04,T40QFM,0.035049144111534924,0,0.8748625934688515
S2A_MSIL2A_20180406T063631_R120_T40QFM_20201012T185420_0001.jpg,S2A_MSIL2A_20180406T063631_R120_T40QFM_20201012T185420,0,2018-04,T40QFM,0.035049144111534924,0,0.8748625934688515
S2A_MSIL2A_20180416T063631_R120_T40QFM_20201012T225328_0000.jpg,S2A_MSIL2A_20180416T063631_R120_T40QFM_20201012T225328,0,2018-04,T40QFM,0.043829942971587835,0,0.8748625934688515
S2A_MSIL2A_20180416T063631_R120_T40QFM_20201012T225328_0001.jpg,S2A_MSIL2A_20180416T063631_R120_T40QFM_20201012T225328,0,2018-04,T40QFM,0.043829942971587835,0,0.8748625934688515
S2B_MSIL2A_20180421T063629_R120_T40QFM_20201013T005710_0000.jpg,S2B_MSIL2A_20180421T063629_R120_T40QFM_20201013T005710,0,2018-04,T40QFM,0.17062614838270085,0,0.8748625934688515
S2B_MSIL2A_20180421T063629_R120_T40QFM_20201013T005710_0001.jpg,S2B_MSIL2A_20180421T063629_R120_T40QFM_20201013T005710,0,2018-04,T40QFM,0.17062614838270085,0,0.8748625934688515
S2A_MSIL2A_20180426T063631_R120_T40QFM_20201013T024810_0000.jpg,S2A_MSIL2A_20180426T063631_R120_T40QFM_20201013T024810,0,2018-04,T40QFM,0.011202270513754697,0,0.8748625934688515
S2A_MSIL2A_20180426T063631_R120_T40QFM_20201013T024810_0001.jpg,S2A_MSIL2A_20180426T063631_R120_T40QFM_20201013T024810,0,2018-04,T40QFM,0.011202270513754697,0,0.8748625934688515
S2A_MSIL2A_20180516T063631_R120_T40QFM_20201012T102832_0000.jpg,S2A_MSIL2A_20180516T063631_R120_T40QFM_20201012T102832,1,2018-05,T40QFM,0.9019672002930461,1,0.8748625934688515
S2A_MSIL2A_20180516T063631_R120_T40QFM_20201012T102832_0001.jpg,S2A_MSIL2A_20180516T063631_R120_T40QFM_20201012T102832,1,2018-05,T40QFM,0.9019672002930461,1,0.8748625934688515
S2B_MSIL2A_20180521T063629_R120_T40QFM_20201026T102945_0000.jpg,S2B_MSIL2A_20180521T063629_R120_T40QFM_20201026T102945,0,2018-05,T40QFM,0.00766162303067628,0,0.8748625934688515
S2B_MSIL2A_20180521T063629_R120_T40QFM_20201026T102945_0001.jpg,S2B_MSIL2A_20180521T063629_R120_T40QFM_20201026T102945,0,2018-05,T40QFM,0.00766162303067628,0,0.8748625934688515
S2A_MSIL2A_20180605T063631_R120_T40QFM_20201026T160308_0000.jpg,S2A_MSIL2A_20180605T063631_R120_T40QFM_20201026T160308,1,2018-06,T40QFM,0.9279436457587854,1,0.8748625934688515
S2A_MSIL2A_20180605T063631_R120_T40QFM_20201026T160308_0001.jpg,S2A_MSIL2A_20180605T063631_R120_T40QFM_20201026T160308,1,2018-06,T40QFM,0.9279436457587854,1,0.8748625934688515
S2A_MSIL2A_20180615T063631_R120_T40QFM_20201027T012842_0000.jpg,S2A_MSIL2A_20180615T063631_R120_T40QFM_20201027T012842,0,2018-06,T40QFM,0.05241132576906813,0,0.8748625934688515
S2A_MSIL2A_20180615T063631_R120_T40QFM_20201027T012842_0001.jpg,S2A_MSIL2A_20180615T063631_R120_T40QFM_20201027T012842,0,2018-06,T40QFM,0.05241132576906813,0,0.8748625934688515
S2B_MSIL2A_20180620T063629_R120_T40QFM_20201012T002457_0000.jpg,S2B_MSIL2A_20180620T063629_R120_T40QFM_20201012T002457,1,2018-06,T40QFM,0.8275546324240887,0,0.8748625934688515
S2B_MSIL2A_20180620T063629_R120_T40QFM_20201012T002457_0001.jpg,S2B_MSIL2A_20180620T063629_R120_T40QFM_20201012T002457,1,2018-06,T40QFM,0.8275546324240887,0,0.8748625934688515
S2A_MSIL2A_20180705T063631_R120_T40QFM_20201011T120750_0000.jpg,S2A_MSIL2A_20180705T063631_R120_T40QFM_20201011T120750,1,2018-07,T40QFM,0.9755870875057693,1,0.8748625934688515
S2A_MSIL2A_20180705T063631_R120_T40QFM_20201011T120750_0001.jpg,S2A_MSIL2A_20180705T063631_R120_T40QFM_20201011T120750,1,2018-07,T40QFM,0.9755870875057693,1,0.8748625934688515
S2B_MSIL2A_20180720T063629_R120_T40QFM_20201011T180216_0000.jpg,S2B_MSIL2A_20180720T063629_R120_T40QFM_20201011T180216,0,2018-07,T40QFM,0.004025650186449854,0,0.8748625934688515
S2B_MSIL2A_20180720T063629_R120_T40QFM_20201011T180216_0001.jpg,S2B_MSIL2A_20180720T063629_R120_T40QFM_20201011T180216,0,2018-07,T40QFM,0.004025650186449854,0,0.8748625934688515
S2A_MSIL2A_20180725T063631_R120_T40QFM_20201011T194532_0000.jpg,S2A_MSIL2A_20180725T063631_R120_T40QFM_20201011T194532,0,2018-07,T40QFM,0.004025650186449854,0,0.8748625934688515
S2A_MSIL2A_20180725T063631_R120_T40QFM_20201011T194532_0001.jpg,S2A_MSIL2A_20180725T063631_R120_T40QFM_20201011T194532,0,2018-07,T40QFM,0.004025650186449854,0,0.8748625934688515
S2A_MSIL2A_20180824T063621_R120_T40QFM_20201011T061327_0000.jpg,S2A_MSIL2A_20180824T063621_R120_T40QFM_20201011T061327,0,2018-08,T40QFM,0.08031497525676488,0,0.8748625934688515
S2A_MSIL2A_20180824T063621_R120_T40QFM_20201011T061327_0001.jpg,S2A_MSIL2A_20180824T063621_R120_T40QFM_20201011T061327,0,2018-08,T40QFM,0.08031497525676488,0,0.8748625934688515
S2B_MSIL2A_20180829T063619_R120_T40QFM_20201103T122653_0000.jpg,S2B_MSIL2A_20180829T063619_R120_T40QFM_20201103T122653,0,2018-08,T40QFM,0.09480606256192967,0,0.8748625934688515
S2B_MSIL2A_20180829T063619_R120_T40QFM_20201103T122653_0001.jpg,S2B_MSIL2A_20180829T063619_R120_T40QFM_20201103T122653,0,2018-08,T40QFM,0.09480606256192967,0,0.8748625934688515
S2A_MSIL2A_20180903T063621_R120_T40QFM_20201011T075609_0000.jpg,S2A_MSIL2A_20180903T063621_R120_T40QFM_20201011T075609,0,2018-09,T40QFM,0.43387360671016495,0,0.8748625934688515
S2A_MSIL2A_20180903T063621_R120_T40QFM_20201011T075609_0001.jpg,S2A_MSIL2A_20180903T063621_R120_T40QFM_20201011T075609,0,2018-09,T40QFM,0.43387360671016495,0,0.8748625934688515
S2A_MSIL2A_20180913T063621_R120_T40QFM_20201009T003932_0000.jpg,S2A_MSIL2A_20180913T063621_R120_T40QFM_20201009T003932,0,2018-09,T40QFM,0.0072553193461869295,0,0.8748625934688515
S2A_MSIL2A_20180913T063621_R120_T40QFM_20201009T003932_0001.jpg,S2A_MSIL2A_20180913T063621_R120_T40QFM_20201009T003932,0,2018-09,T40QFM,0.0072553193461869295,0,0.8748625934688515
S2A_MSIL2A_20180923T063621_R120_T40QFM_20201009T035752_0000.jpg,S2A_MSIL2A_20180923T063621_R120_T40QFM_20201009T035752,0,2018-09,T40QFM,0.04747681403629501,0,0.8748625934688515
S2A_MSIL2A_20180923T063621_R120_T40QFM_20201009T035752_0001.jpg,S2A_MSIL2A_20180923T063621_R120_T40QFM_20201009T035752,0,2018-09,T40QFM,0.04747681403629501,0,0.8748625934688515
S2A_MSIL2A_20181003T063711_R120_T40QFM_20201009T073338_0000.jpg,S2A_MSIL2A_20181003T063711_R120_T40QFM_20201009T073338,0,2018-10,T40QFM,0.27599009609462993,0,0.8748625934688515
S2A_MSIL2A_20181003T063711_R120_T40QFM_20201009T073338_0001.jpg,S2A_MSIL2A_20181003T063711_R120_T40QFM_20201009T073338,0,2018-10,T40QFM,0.27599009609462993,0,0.8748625934688515
S2A_MSIL2A_20181013T063821_R120_T40QFM_20201009T110105_0000.jpg,S2A_MSIL2A_20181013T063821_R120_T40QFM_20201009T110105,0,2018-10,T40QFM,0.07359641807630021,0,0.8748625934688515
S2A_MSIL2A_20181013T063821_R120_T40QFM_20201009T110105_0001.jpg,S2A_MSIL2A_20181013T063821_R120_T40QFM_20201009T110105,0,2018-10,T40QFM,0.07359641807630021,0,0.8748625934688515
S2A_MSIL2A_20181023T063921_R120_T40QFM_20201009T142515_0000.jpg,S2A_MSIL2A_20181023T063921_R120_T40QFM_20201009T142515,0,2018-10,T40QFM,0.009432555418460453,0,0.8748625934688515
S2A_MSIL2A_20181023T063921_R120_T40QFM_20201009T142515_0001.jpg,S2A_MSIL2A_20181023T063921_R120_T40QFM_20201009T142515,0,2018-10,T40QFM,0.009432555418460453,0,0.8748625934688515
S2B_MSIL2A_20181028T063949_R120_T40QFM_20201009T161329_0000.jpg,S2B_MSIL2A_20181028T063949_R120_T40QFM_20201009T161329,0,2018-10,T40QFM,0.0029968009055923108,0,0.8748625934688515
S2B_MSIL2A_20181028T063949_R120_T40QFM_20201009T161329_0001.jpg,S2B_MSIL2A_20181028T063949_R120_T40QFM_20201009T161329,0,2018-10,T40QFM,0.0029968009055923108,0,0.8748625934688515
S2B_MSIL2A_20181107T064049_R120_T40QFM_20201008T164036_0000.jpg,S2B_MSIL2A_20181107T064049_R120_T40QFM_20201008T164036,0,2018-11,T40QFM,0.027164006473625744,0,0.8748625934688515
S2B_MSIL2A_20181107T064049_R120_T40QFM_20201008T164036_0001.jpg,S2B_MSIL2A_20181107T064049_R120_T40QFM_20201008T164036,0,2018-11,T40QFM,0.027164006473625744,0,0.8748625934688515
S2A_MSIL2A_20181112T064111_R120_T40QFM_20201008T180035_0000.jpg,S2A_MSIL2A_20181112T064111_R120_T40QFM_20201008T180035,0,2018-11,T40QFM,0.013206879724775291,0,0.8748625934688515
S2A_MSIL2A_20181112T064111_R120_T40QFM_20201008T180035_0001.jpg,S2A_MSIL2A_20181112T064111_R120_T40QFM_20201008T180035,0,2018-11,T40QFM,0.013206879724775291,0,0.8748625934688515
S2A_MSIL2A_20181122T064151_R120_T40QFM_20201008T204126_0000.jpg,S2A_MSIL2A_20181122T064151_R120_T40QFM_20201008T204126,0,2018-11,T40QFM,0.1557779093470112,0,0.8748625934688515
S2A_MSIL2A_20181122T064151_R120_T40QFM_20201008T204126_0001.jpg,S2A_MSIL2A_20181122T064151_R120_T40QFM_20201008T204126,0,2018-11,T40QFM,0.1557779093470112,0,0.8748625934688515
S2B_MSIL2A_20181217T064259_R120_T40QFM_20201008T105525_0000.jpg,S2B_MSIL2A_20181217T064259_R120_T40QFM_20201008T105525,1,2018-12,T40QFM,0.9163451724031665,1,0.8748625934688515
S2B_MSIL2A_20181217T064259_R120_T40QFM_20201008T105525_0001.jpg,S2B_MSIL2A_20181217T064259_R120_T40QFM_20201008T105525,1,2018-12,T40QFM,0.9163451724031665,1,0.8748625934688515
S2B_MSIL2A_20181227T064259_R120_T40QFM_20201031T003053_0000.jpg,S2B_MSIL2A_20181227T064259_R120_T40QFM_20201031T003053,0,2018-12,T40QFM,0.17071744157620206,0,0.8748625934688515
S2B_MSIL2A_20181227T064259_R120_T40QFM_20201031T003053_0001.jpg,S2B_MSIL2A_20181227T064259_R120_T40QFM_20201031T003053,0,2018-12,T40QFM,0.17071744157620206,0,0.8748625934688515
S2B_MSIL2A_20190106T064249_R120_T40QFM_20201007T231950_0000.jpg,S2B_MSIL2A_20190106T064249_R120_T40QFM_20201007T231950,0,2019-01,T40QFM,0.028937144689512792,0,0.8748625934688515
S2B_MSIL2A_20190106T064249_R120_T40QFM_20201007T231950_0001.jpg,S2B_MSIL2A_20190106T064249_R120_T40QFM_20201007T231950,0,2019-01,T40QFM,0.028937144689512792,0,0.8748625934688515
S2B_MSIL2A_20190116T064219_R120_T40QFM_20201008T020524_0000.jpg,S2B_MSIL2A_20190116T064219_R120_T40QFM_20201008T020524,0,2019-01,T40QFM,0.04924501673768128,0,0.8748625934688515
S2B_MSIL2A_20190116T064219_R120_T40QFM_20201008T020524_0001.jpg,S2B_MSIL2A_20190116T064219_R120_T40QFM_20201008T020524,0,2019-01,T40QFM,0.04924501673768128,0,0.8748625934688515
S2A_MSIL2A_20190121T064201_R120_T40QFM_20201008T031932_0000.jpg,S2A_MSIL2A_20190121T064201_R120_T40QFM_20201008T031932,0,2019-01,T40QFM,0.0062440224372213304,0,0.8748625934688515
S2A_MSIL2A_20190121T064201_R120_T40QFM_20201008T031932_0001.jpg,S2A_MSIL2A_20190121T064201_R120_T40QFM_20201008T031932,0,2019-01,T40QFM,0.0062440224372213304,0,0.8748625934688515
S2B_MSIL2A_20190215T063949_R120_T40QFM_20201030T013007_0000.jpg,S2B_MSIL2A_20190215T063949_R120_T40QFM_20201030T013007,1,2019-02,T40QFM,0.7694084475618614,0,0.8748625934688515
S2B_MSIL2A_20190215T063949_R120_T40QFM_20201030T013007_0001.jpg,S2B_MSIL2A_20190215T063949_R120_T40QFM_20201030T013007,1,2019-02,T40QFM,0.7694084475618614,0,0.8748625934688515
S2B_MSIL2A_20190307T063729_R120_T40QFM_20201105T093834_0000.jpg,S2B_MSIL2A_20190307T063729_R120_T40QFM_20201105T093834,0,2019-03,T40QFM,0.052293427005195806,0,0.8748625934688515
S2B_MSIL2A_20190307T063729_R120_T40QFM_20201105T093834_0001.jpg,S2B_MSIL2A_20190307T063729_R120_T40QFM_20201105T093834,0,2019-03,T40QFM,0.052293427005195806,0,0.8748625934688515
S2A_MSIL2A_20190312T063651_R120_T40QFM_20221204T175916_0000.jpg,S2A_MSIL2A_20190312T063651_R120_T40QFM_20221204T175916,0,2019-03,T40QFM,0.04038746211808726,0,0.8748625934688515
S2A_MSIL2A_20190312T063651_R120_T40QFM_20221204T175916_0001.jpg,S2A_MSIL2A_20190312T063651_R120_T40QFM_20221204T175916,0,2019-03,T40QFM,0.04038746211808726,0,0.8748625934688515
S2B_MSIL2A_20190317T063629_R120_T40QFM_20201007T074128_0000.jpg,S2B_MSIL2A_20190317T063629_R120_T40QFM_20201007T074128,1,2019-03,T40QFM,0.5163223635447675,0,0.8748625934688515
S2B_MSIL2A_20190317T063629_R120_T40QFM_20201007T074128_0001.jpg,S2B_MSIL2A_20190317T063629_R120_T40QFM_20201007T074128,1,2019-03,T40QFM,0.5163223635447675,0,0.8748625934688515
S2B_MSIL2A_20190416T063629_R120_T40QFM_20201007T025319_0000.jpg,S2B_MSIL2A_20190416T063629_R120_T40QFM_20201007T025319,0,2019-04,T40QFM,0.1293591030721081,0,0.8748625934688515
S2B_MSIL2A_20190416T063629_R120_T40QFM_20201007T025319_0001.jpg,S2B_MSIL2A_20190416T063629_R120_T40QFM_20201007T025319,0,2019-04,T40QFM,0.1293591030721081,0,0.8748625934688515
S2A_MSIL2A_20190421T063631_R120_T40QFM_20201105T132237_0000.jpg,S2A_MSIL2A_20190421T063631_R120_T40QFM_20201105T132237,0,2019-04,T40QFM,0.1251649645557183,0,0.8748625934688515
S2A_MSIL2A_20190421T063631_R120_T40QFM_20201105T132237_0001.jpg,S2A_MSIL2A_20190421T063631_R120_T40QFM_20201105T132237,0,2019-04,T40QFM,0.1251649645557183,0,0.8748625934688515
S2B_MSIL2A_20190516T063639_R120_T40QFM_20201006T145732_0000.jpg,S2B_MSIL2A_20190516T063639_R120_T40QFM_20201006T145732,0,2019-05,T40QFM,0.16155364321842047,0,0.8748625934688515
S2B_MSIL2A_20190516T063639_R120_T40QFM_20201006T145732_0001.jpg,S2B_MSIL2A_20190516T063639_R120_T40QFM_20201006T145732,0,2019-05,T40QFM,0.16155364321842047,0,0.8748625934688515
S2A_MSIL2A_20190531T063631_R120_T40QFM_20201006T202737_0000.jpg,S2A_MSIL2A_20190531T063631_R120_T40QFM_20201006T202737,1,2019-05,T40QFM,0.7945072813523278,0,0.8748625934688515
S2A_MSIL2A_20190531T063631_R120_T40QFM_20201006T202737_0001.jpg,S2A_MSIL2A_20190531T063631_R120_T40QFM_20201006T202737,1,2019-05,T40QFM,0.7945072813523278,0,0.8748625934688515
S2A_MSIL2A_20190610T063631_R120_T40QFM_20201006T002059_0000.jpg,S2A_MSIL2A_20190610T063631_R120_T40QFM_20201006T002059,1,2019-06,T40QFM,0.9241276362744373,1,0.8748625934688515
S2A_MSIL2A_20190610T063631_R120_T40QFM_20201006T002059_0001.jpg,S2A_MSIL2A_20190610T063631_R120_T40QFM_20201006T002059,1,2019-06,T40QFM,0.9241276362744373,1,0.8748625934688515
S2B_MSIL2A_20190625T063639_R120_T40QFM_20201006T061706_0000.jpg,S2B_MSIL2A_20190625T063639_R120_T40QFM_20201006T061706,1,2019-06,T40QFM,0.9752573628126259,1,0.8748625934688515
S2B_MSIL2A_20190625T063639_R120_T40QFM_20201006T061706_0001.jpg,S2B_MSIL2A_20190625T063639_R120_T40QFM_20201006T061706,1,2019-06,T40QFM,0.9752573628126259,1,0.8748625934688515
S2B_MSIL2A_20190715T063639_R120_T40QFM_20201005T143128_0000.jpg,S2B_MSIL2A_20190715T063639_R120_T40QFM_20201005T143128,1,2019-07,T40QFM,0.9090136285041809,1,0.8748625934688515
S2B_MSIL2A_20190715T063639_R120_T40QFM_20201005T143128_0001.jpg,S2B_MSIL2A_20190715T063639_R120_T40QFM_20201005T143128,1,2019-07,T40QFM,0.9090136285041809,1,0.8748625934688515
S2A_MSIL2A_20190720T063631_R120_T40QFM_20201005T164749_0000.jpg,S2A_MSIL2A_20190720T063631_R120_T40QFM_20201005T164749,0,2019-07,T40QFM,0.01810799048667569,0,0.8748625934688515
S2A_MSIL2A_20190720T063631_R120_T40QFM_20201005T164749_0001.jpg,S2A_MSIL2A_20190720T063631_R120_T40QFM_20201005T164749,0,2019-07,T40QFM,0.01810799048667569,0,0.8748625934688515
S2B_MSIL2A_20190804T063639_R120_T40QFM_20201004T202513_0000.jpg,S2B_MSIL2A_20190804T063639_R120_T40QFM_20201004T202513,0,2019-08,T40QFM,0.08297041950639175,0,0.8748625934688515
S2B_MSIL2A_20190804T063639_R120_T40QFM_20201004T202513_0001.jpg,S2B_MSIL2A_20190804T063639_R120_T40QFM_20201004T202513,0,2019-08,T40QFM,0.08297041950639175,0,0.8748625934688515
S2B_MSIL2A_20190814T063629_R120_T40QFM_20201005T002201_0000.jpg,S2B_MSIL2A_20190814T063629_R120_T40QFM_20201005T002201,1,2019-08,T40QFM,0.7833503768866016,0,0.8748625934688515
S2B_MSIL2A_20190814T063629_R120_T40QFM_20201005T002201_0001.jpg,S2B_MSIL2A_20190814T063629_R120_T40QFM_20201005T002201,1,2019-08,T40QFM,0.7833503768866016,0,0.8748625934688515
S2B_MSIL2A_20190824T063629_R120_T40QFM_20201005T042221_0000.jpg,S2B_MSIL2A_20190824T063629_R120_T40QFM_20201005T042221,0,2019-08,T40QFM,0.200545563593379,0,0.8748625934688515
S2B_MSIL2A_20190824T063629_R120_T40QFM_20201005T042221_0001.jpg,S2B_MSIL2A_20190824T063629_R120_T40QFM_20201005T042221,0,2019-08,T40QFM,0.200545563593379,0,0.8748625934688515
S2B_MSIL2A_20190903T063629_R120_T40QFM_20201004T085303_0000.jpg,S2B_MSIL2A_20190903T063629_R120_T40QFM_20201004T085303,1,2019-09,T40QFM,0.9641575162078412,1,0.8748625934688515
S2B_MSIL2A_20190903T063629_R120_T40QFM_20201004T085303_0001.jpg,S2B_MSIL2A_20190903T063629_R120_T40QFM_20201004T085303,1,2019-09,T40QFM,0.9641575162078412,1,0.8748625934688515
S2B_MSIL2A_20190913T063629_R120_T40QFM_20201004T124506_0000.jpg,S2B_MSIL2A_20190913T063629_R120_T40QFM_20201004T124506,0,2019-09,T40QFM,0.005976948730994533,0,0.8748625934688515
S2B_MSIL2A_20190913T063629_R120_T40QFM_20201004T124506_0001.jpg,S2B_MSIL2A_20190913T063629_R120_T40QFM_20201004T124506,0,2019-09,T40QFM,0.005976948730994533,0,0.8748625934688515
S2A_MSIL2A_20190918T063631_R120_T40QFM_20201004T142723_0000.jpg,S2A_MSIL2A_20190918T063631_R120_T40QFM_20201004T142723,0,2019-09,T40QFM,0.06286252765530029,0,0.8748625934688515
S2A_MSIL2A_20190918T063631_R120_T40QFM_20201004T142723_0001.jpg,S2A_MSIL2A_20190918T063631_R120_T40QFM_20201004T142723,0,2019-09,T40QFM,0.06286252765530029,0,0.8748625934688515
S2A_MSIL2A_20190928T063631_R120_T40QFM_20201004T175744_0000.jpg,S2A_MSIL2A_20190928T063631_R120_T40QFM_20201004T175744,0,2019-09,T40QFM,0.003623011595275204,0,0.8748625934688515
S2A_MSIL2A_20190928T063631_R120_T40QFM_20201004T175744_0001.jpg,S2A_MSIL2A_20190928T063631_R120_T40QFM_20201004T175744,0,2019-09,T40QFM,0.003623011595275204,0,0.8748625934688515
S2B_MSIL2A_20191003T063709_R120_T40QFM_20201003T221213_0000.jpg,S2B_MSIL2A_20191003T063709_R120_T40QFM_20201003T221213,1,2019-10,T40QFM,0.9172594637114986,1,0.8748625934688515
S2B_MSIL2A_20191003T063709_R120_T40QFM_20201003T221213_0001.jpg,S2B_MSIL2A_20191003T063709_R120_T40QFM_20201003T221213,1,2019-10,T40QFM,0.9172594637114986,1,0.8748625934688515
S2A_MSIL2A_20191018T063851_R120_T40QFM_20201004T033421_0000.jpg,S2A_MSIL2A_20191018T063851_R120_T40QFM_20201004T033421,0,2019-10,T40QFM,0.004888029517835129,0,0.8748625934688515
S2A_MSIL2A_20191018T063851_R120_T40QFM_20201004T033421_0001.jpg,S2A_MSIL2A_20191018T063851_R120_T40QFM_20201004T033421,0,2019-10,T40QFM,0.004888029517835129,0,0.8748625934688515
S2A_MSIL2A_20191028T064001_R120_T40QFM_20201004T065632_0000.jpg,S2A_MSIL2A_20191028T064001_R120_T40QFM_20201004T065632,0,2019-10,T40QFM,0.006809248960762639,0,0.8748625934688515
S2A_MSIL2A_20191028T064001_R120_T40QFM_20201004T065632_0001.jpg,S2A_MSIL2A_20191028T064001_R120_T40QFM_20201004T065632,0,2019-10,T40QFM,0.006809248960762639,0,0.8748625934688515
S2A_MSIL2A_20191107T064051_R120_T40QFM_20201106T055528_0000.jpg,S2A_MSIL2A_20191107T064051_R120_T40QFM_20201106T055528,0,2019-11,T40QFM,0.11784228414914824,0,0.8748625934688515
S2A_MSIL2A_20191107T064051_R120_T40QFM_20201106T055528_0001.jpg,S2A_MSIL2A_20191107T064051_R120_T40QFM_20201106T055528,0,2019-11,T40QFM,0.11784228414914824,0,0.8748625934688515
S2B_MSIL2A_20191112T064119_R120_T40QFM_20201003T154909_0000.jpg,S2B_MSIL2A_20191112T064119_R120_T40QFM_20201003T154909,0,2019-11,T40QFM,0.11737243132590491,0,0.8748625934688515
S2B_MSIL2A_20191112T064119_R120_T40QFM_20201003T154909_0001.jpg,S2B_MSIL2A_20191112T064119_R120_T40QFM_20201003T154909,0,2019-11,T40QFM,0.11737243132590491,0,0.8748625934688515
S2B_MSIL2A_20191202T064229_R120_T40QFM_20201030T204137_0000.jpg,S2B_MSIL2A_20191202T064229_R120_T40QFM_20201030T204137,1,2019-12,T40QFM,0.898548082017727,1,0.8748625934688515
S2B_MSIL2A_20191202T064229_R120_T40QFM_20201030T204137_0001.jpg,S2B_MSIL2A_20191202T064229_R120_T40QFM_20201030T204137,1,2019-12,T40QFM,0.898548082017727,1,0.8748625934688515
S2B_MSIL2A_20191212T064249_R120_T40QFM_20201003T040419_0000.jpg,S2B_MSIL2A_20191212T064249_R120_T40QFM_20201003T040419,0,2019-12,T40QFM,0.11199061173248223,0,0.8748625934688515
S2B_MSIL2A_20191212T064249_R120_T40QFM_20201003T040419_0001.jpg,S2B_MSIL2A_20191212T064249_R120_T40QFM_20201003T040419,0,2019-12,T40QFM,0.11199061173248223,0,0.8748625934688515
S2A_MSIL2A_20191227T064301_R120_T40QFM_20201003T100621_0000.jpg,S2A_MSIL2A_20191227T064301_R120_T40QFM_20201003T100621,0,2019-12,T40QFM,0.09449605372298281,0,0.8748625934688515
S2A_MSIL2A_20191227T064301_R120_T40QFM_20201003T100621_0001.jpg,S2A_MSIL2A_20191227T064301_R120_T40QFM_20201003T100621,0,2019-12,T40QFM,0.09449605372298281,0,0.8748625934688515
S2A_MSIL2A_20200106T064241_R120_T40QFM_20201002T233226_0000.jpg,S2A_MSIL2A_20200106T064241_R120_T40QFM_20201002T233226,0,2020-01,T40QFM,0.018157153070896864,0,0.8748625934688515
S2A_MSIL2A_20200106T064241_R120_T40QFM_20201002T233226_0001.jpg,S2A_MSIL2A_20200106T064241_R120_T40QFM_20201002T233226,0,2020-01,T40QFM,0.018157153070896864,0,0.8748625934688515
S2A_MSIL2A_20200116T064221_R120_T40QFM_20201002T191643_0000.jpg,S2A_MSIL2A_20200116T064221_R120_T40QFM_20201002T191643,0,2020-01,T40QFM,0.038309142639449054,0,0.8748625934688515
S2A_MSIL2A_20200116T064221_R120_T40QFM_20201002T191643_0001.jpg,S2A_MSIL2A_20200116T064221_R120_T40QFM_20201002T191643,0,2020-01,T40QFM,0.038309142639449054,0,0.8748625934688515
S2B_MSIL2A_20200121T064159_R120_T40QFM_20201002T040351_0000.jpg,S2B_MSIL2A_20200121T064159_R120_T40QFM_20201002T040351,1,2020-01,T40QFM,0.9454481342320367,1,0.8748625934688515
S2B_MSIL2A_20200121T064159_R120_T40QFM_20201002T040351_0001.jpg,S2B_MSIL2A_20200121T064159_R120_T40QFM_20201002T040351,1,2020-01,T40QFM,0.9454481342320367,1,0.8748625934688515
S2B_MSIL2A_20200131T064109_R120_T40QFM_20201002T163044_0000.jpg,S2B_MSIL2A_20200131T064109_R120_T40QFM_20201002T163044,0,2020-01,T40QFM,0.002975549750143331,0,0.8748625934688515
S2B_MSIL2A_20200131T064109_R120_T40QFM_20201002T163044_0001.jpg,S2B_MSIL2A_20200131T064109_R120_T40QFM_20201002T163044,0,2020-01,T40QFM,0.002975549750143331,0,0.8748625934688515
S2A_MSIL2A_20200205T064041_R120_T40QFM_20200930T214249_0000.jpg,S2A_MSIL2A_20200205T064041_R120_T40QFM_20200930T214249,1,2020-02,T40QFM,0.9172026353058544,1,0.8748625934688515
S2A_MSIL2A_20200205T064041_R120_T40QFM_20200930T214249_0001.jpg,S2A_MSIL2A_20200205T064041_R120_T40QFM_20200930T214249,1,2020-02,T40QFM,0.9172026353058544,1,0.8748625934688515
S2B_MSIL2A_20200210T064019_R120_T40QFM_20201001T152442_0000.jpg,S2B_MSIL2A_20200210T064019_R120_T40QFM_20201001T152442,0,2020-02,T40QFM,0.01043506623046856,0,0.8748625934688515
S2B_MSIL2A_20200210T064019_R120_T40QFM_20201001T152442_0001.jpg,S2B_MSIL2A_20200210T064019_R120_T40QFM_20201001T152442,0,2020-02,T40QFM,0.01043506623046856,0,0.8748625934688515
S2A_MSIL2A_20200225T063841_R120_T40QFM_20200928T062856_0000.jpg,S2A_MSIL2A_20200225T063841_R120_T40QFM_20200928T062856,0,2020-02,T40QFM,0.024567128205009624,0,0.8748625934688515
S2A_MSIL2A_20200225T063841_R120_T40QFM_20200928T062856_0001.jpg,S2A_MSIL2A_20200225T063841_R120_T40QFM_20200928T062856,0,2020-02,T40QFM,0.024567128205009624,0,0.8748625934688515
S2B_MSIL2A_20200301T063809_R120_T40QFM_20200925T231049_0000.jpg,S2B_MSIL2A_20200301T063809_R120_T40QFM_20200925T231049,0,2020-03,T40QFM,0.2509127465421472,0,0.8748625934688515
S2B_MSIL2A_20200301T063809_R120_T40QFM_20200925T231049_0001.jpg,S2B_MSIL2A_20200301T063809_R120_T40QFM_20200925T231049,0,2020-03,T40QFM,0.2509127465421472,0,0.8748625934688515
S2B_MSIL2A_20200311T063649_R120_T40QFM_20201005T164243_0000.jpg,S2B_MSIL2A_20200311T063649_R120_T40QFM_20201005T164243,1,2020-03,T40QFM,0.9145777677647186,1,0.8748625934688515
S2B_MSIL2A_20200311T063649_R120_T40QFM_20201005T164243_0001.jpg,S2B_MSIL2A_20200311T063649_R120_T40QFM_20201005T164243,1,2020-03,T40QFM,0.9145777677647186,1,0.8748625934688515
S2B_MSIL2A_20200331T063629_R120_T40QFM_20201022T153445_0000.jpg,S2B_MSIL2A_20200331T063629_R120_T40QFM_20201022T153445,0,2020-03,T40QFM,0.023235877036075353,0,0.8748625934688515
S2B_MSIL2A_20200331T063629_R120_T40QFM_20201022T153445_0001.jpg,S2B_MSIL2A_20200331T063629_R120_T40QFM_20201022T153445,0,2020-03,T40QFM,0.023235877036075353,0,0.8748625934688515
S2B_MSIL2A_20200420T063619_R120_T40QFM_20200924T081202_0000.jpg,S2B_MSIL2A_20200420T063619_R120_T40QFM_20200924T081202,0,2020-04,T40QFM,0.02015537643433417,0,0.8748625934688515
S2B_MSIL2A_20200420T063619_R120_T40QFM_20200924T081202_0001.jpg,S2B_MSIL2A_20200420T063619_R120_T40QFM_20200924T081202,0,2020-04,T40QFM,0.02015537643433417,0,0.8748625934688515
S2A_MSIL2A_20200425T063631_R120_T40QFM_20200922T002530_0000.jpg,S2A_MSIL2A_20200425T063631_R120_T40QFM_20200922T002530,1,2020-04,T40QFM,0.8849952528887679,1,0.8748625934688515
S2A_MSIL2A_20200425T063631_R120_T40QFM_20200922T002530_0001.jpg,S2A_MSIL2A_20200425T063631_R120_T40QFM_20200922T002530,1,2020-04,T40QFM,0.8849952528887679,1,0.8748625934688515
S2A_MSIL2A_20200505T063631_R120_T40QFM_20200920T135246_0000.jpg,S2A_MSIL2A_20200505T063631_R120_T40QFM_20200920T135246,0,2020-05,T40QFM,0.05883602786322896,0,0.8748625934688515
S2A_MSIL2A_20200505T063631_R120_T40QFM_20200920T135246_0001.jpg,S2A_MSIL2A_20200505T063631_R120_T40QFM_20200920T135246,0,2020-05,T40QFM,0.05883602786322896,0,0.8748625934688515
S2A_MSIL2A_20200515T063631_R120_T40QFM_20200918T063232_0000.jpg,S2A_MSIL2A_20200515T063631_R120_T40QFM_20200918T063232,0,2020-05,T40QFM,0.060679210472094694,0,0.8748625934688515
S2A_MSIL2A_20200515T063631_R120_T40QFM_20200918T063232_0001.jpg,S2A_MSIL2A_20200515T063631_R120_T40QFM_20200918T063232,0,2020-05,T40QFM,0.060679210472094694,0,0.8748625934688515
S2A_MSIL2A_20200604T063631_R120_T40QFM_20200908T231946_0000.jpg,S2A_MSIL2A_20200604T063631_R120_T40QFM_20200908T231946,0,2020-06,T40QFM,0.005258962391137339,0,0.8748625934688515
S2A_MSIL2A_20200604T063631_R120_T40QFM_20200908T231946_0001.jpg,S2A_MSIL2A_20200604T063631_R120_T40QFM_20200908T231946,0,2020-06,T40QFM,0.005258962391137339,0,0.8748625934688515
S2B_MSIL2A_20200609T063629_R120_T40QFM_20200826T182918_0000.jpg,S2B_MSIL2A_20200609T063629_R120_T40QFM_20200826T182918,0,2020-06,T40QFM,0.46315430597949403,0,0.8748625934688515
S2B_MSIL2A_20200609T063629_R120_T40QFM_20200826T182918_0001.jpg,S2B_MSIL2A_20200609T063629_R120_T40QFM_20200826T182918,0,2020-06,T40QFM,0.46315430597949403,0,0.8748625934688515
S2A_MSIL2A_20200714T063631_R120_T40QFM_20200913T031806_0000.jpg,S2A_MSIL2A_20200714T063631_R120_T40QFM_20200913T031806,0,2020-07,T40QFM,0.2844533736718061,0,0.8748625934688515
S2A_MSIL2A_20200714T063631_R120_T40QFM_20200913T031806_0001.jpg,S2A_MSIL2A_20200714T063631_R120_T40QFM_20200913T031806,0,2020-07,T40QFM,0.2844533736718061,0,0.8748625934688515
S2A_MSIL2A_20200724T063631_R120_T40QFM_20200817T081946_0000.jpg,S2A_MSIL2A_20200724T063631_R120_T40QFM_20200817T081946,0,2020-07,T40QFM,0.006770225978560259,0,0.8748625934688515
S2A_MSIL2A_20200724T063631_R120_T40QFM_20200817T081946_0001.jpg,S2A_MSIL2A_20200724T063631_R120_T40QFM_20200817T081946,0,2020-07,T40QFM,0.006770225978560259,0,0.8748625934688515
S2A_MSIL2A_20200813T063631_R120_T40QFM_20200815T004711_0000.jpg,S2A_MSIL2A_20200813T063631_R120_T40QFM_20200815T004711,1,2020-08,T40QFM,0.9639826501953515,1,0.8748625934688515
S2A_MSIL2A_20200813T063631_R120_T40QFM_20200815T004711_0001.jpg,S2A_MSIL2A_20200813T063631_R120_T40QFM_20200815T004711,1,2020-08,T40QFM,0.9639826501953515,1,0.8748625934688515
S2B_MSIL2A_20200818T063629_R120_T40QFM_20200822T141329_0000.jpg,S2B_MSIL2A_20200818T063629_R120_T40QFM_20200822T141329,1,2020-08,T40QFM,0.9442910561974829,1,0.8748625934688515
S2B_MSIL2A_20200818T063629_R120_T40QFM_20200822T141329_0001.jpg,S2B_MSIL2A_20200818T063629_R120_T40QFM_20200822T141329,1,2020-08,T40QFM,0.9442910561974829,1,0.8748625934688515
S2B_MSIL2A_20200828T063629_R120_T40QFM_20200907T130616_0000.jpg,S2B_MSIL2A_20200828T063629_R120_T40QFM_20200907T130616,0,2020-08,T40QFM,0.008900393383188683,0,0.8748625934688515
S2B_MSIL2A_20200828T063629_R120_T40QFM_20200907T130616_0001.jpg,S2B_MSIL2A_20200828T063629_R120_T40QFM_20200907T130616,0,2020-08,T40QFM,0.008900393383188683,0,0.8748625934688515
S2B_MSIL2A_20200907T063629_R120_T40QFM_20200911T185901_0000.jpg,S2B_MSIL2A_20200907T063629_R120_T40QFM_20200911T185901,0,2020-09,T40QFM,0.0037900015407654523,0,0.8748625934688515
S2B_MSIL2A_20200907T063629_R120_T40QFM_20200911T185901_0001.jpg,S2B_MSIL2A_20200907T063629_R120_T40QFM_20200911T185901,0,2020-09,T40QFM,0.0037900015407654523,0,0.8748625934688515
S2A_MSIL2A_20200912T063631_R120_T40QFM_20200918T140400_0000.jpg,S2A_MSIL2A_20200912T063631_R120_T40QFM_20200918T140400,0,2020-09,T40QFM,0.0035441527633306245,0,0.8748625934688515
S2A_MSIL2A_20200912T063631_R120_T40QFM_20200918T140400_0001.jpg,S2A_MSIL2A_20200912T063631_R120_T40QFM_20200918T140400,0,2020-09,T40QFM,0.0035441527633306245,0,0.8748625934688515
S2B_MSIL2A_20200917T063629_R120_T40QFM_20200921T070854_0000.jpg,S2B_MSIL2A_20200917T063629_R120_T40QFM_20200921T070854,0,2020-09,T40QFM,0.08134329536497403,0,0.8748625934688515
S2B_MSIL2A_20200917T063629_R120_T40QFM_20200921T070854_0001.jpg,S2B_MSIL2A_20200917T063629_R120_T40QFM_20200921T070854,0,2020-09,T40QFM,0.08134329536497403,0,0.8748625934688515
S2B_MSIL2A_20200927T063639_R120_T40QFM_20200929T042445_0000.jpg,S2B_MSIL2A_20200927T063639_R120_T40QFM_20200929T042445,0,2020-09,T40QFM,0.10876709508169084,0,0.8748625934688515
S2B_MSIL2A_20200927T063639_R120_T40QFM_20200929T042445_0001.jpg,S2B_MSIL2A_20200927T063639_R120_T40QFM_20200929T042445,0,2020-09,T40QFM,0.10876709508169084,0,0.8748625934688515
S2B_MSIL2A_20201007T063749_R120_T40QFM_20201010T082504_0000.jpg,S2B_MSIL2A_20201007T063749_R120_T40QFM_20201010T082504,0,2020-10,T40QFM,0.03801331471801322,0,0.8748625934688515
S2B_MSIL2A_20201007T063749_R120_T40QFM_20201010T082504_0001.jpg,S2B_MSIL2A_20201007T063749_R120_T40QFM_20201010T082504,0,2020-10,T40QFM,0.03801331471801322,0,0.8748625934688515
S2A_MSIL2A_20201012T063821_R120_T40QFM_20201014T110847_0000.jpg,S2A_MSIL2A_20201012T063821_R120_T40QFM_20201014T110847,0,2020-10,T40QFM,0.038247527437011236,0,0.8748625934688515
S2A_MSIL2A_20201012T063821_R120_T40QFM_20201014T110847_0001.jpg,S2A_MSIL2A_20201012T063821_R120_T40QFM_20201014T110847,0,2020-10,T40QFM,0.038247527437011236,0,0.8748625934688515
S2B_MSIL2A_20201017T063849_R120_T40QFM_20201027T140630_0000.jpg,S2B_MSIL2A_20201017T063849_R120_T40QFM_20201027T140630,0,2020-10,T40QFM,0.002910167918093092,0,0.8748625934688515
S2B_MSIL2A_20201017T063849_R120_T40QFM_20201027T140630_0001.jpg,S2B_MSIL2A_20201017T063849_R120_T40QFM_20201027T140630,0,2020-10,T40QFM,0.002910167918093092,0,0.8748625934688515
S2A_MSIL2A_20201101T064031_R120_T40QFM_20201103T222817_0000.jpg,S2A_MSIL2A_20201101T064031_R120_T40QFM_20201103T222817,0,2020-11,T40QFM,0.003064602865736034,0,0.8748625934688515
S2A_MSIL2A_20201101T064031_R120_T40QFM_20201103T222817_0001.jpg,S2A_MSIL2A_20201101T064031_R120_T40QFM_20201103T222817,0,2020-11,T40QFM,0.003064602865736034,0,0.8748625934688515
S2A_MSIL2A_20201121T064201_R120_T40QFM_20201123T113122_0000.jpg,S2A_MSIL2A_20201121T064201_R120_T40QFM_20201123T113122,1,2020-11,T40QFM,0.8769032532096863,1,0.8748625934688515
S2A_MSIL2A_20201121T064201_R120_T40QFM_20201123T113122_0001.jpg,S2A_MSIL2A_20201121T064201_R120_T40QFM_20201123T113122,1,2020-11,T40QFM,0.8769032532096863,1,0.8748625934688515
S2B_MSIL2A_20201126T064219_R120_T40QFM_20201127T061815_0000.jpg,S2B_MSIL2A_20201126T064219_R120_T40QFM_20201127T061815,0,2020-11,T40QFM,0.03455678183073418,0,0.8748625934688515
S2B_MSIL2A_20201126T064219_R120_T40QFM_20201127T061815_0001.jpg,S2B_MSIL2A_20201126T064219_R120_T40QFM_20201127T061815,0,2020-11,T40QFM,0.03455678183073418,0,0.8748625934688515
S2A_MSIL2A_20201201T064231_R120_T40QFM_20210114T000138_0000.jpg,S2A_MSIL2A_20201201T064231_R120_T40QFM_20210114T000138,0,2020-12,T40QFM,0.0023662022983122763,0,0.8748625934688515
S2A_MSIL2A_20201201T064231_R120_T40QFM_20210114T000138_0001.jpg,S2A_MSIL2A_20201201T064231_R120_T40QFM_20210114T000138,0,2020-12,T40QFM,0.0023662022983122763,0,0.8748625934688515
S2B_MSIL2A_20201216T064259_R120_T40QFM_20201216T224403_0000.jpg,S2B_MSIL2A_20201216T064259_R120_T40QFM_20201216T224403,0,2020-12,T40QFM,0.05785551321944536,0,0.8748625934688515
S2B_MSIL2A_20201216T064259_R120_T40QFM_20201216T224403_0001.jpg,S2B_MSIL2A_20201216T064259_R120_T40QFM_20201216T224403,0,2020-12,T40QFM,0.05785551321944536,0,0.8748625934688515
S2A_MSIL2A_20201221T064301_R120_T40QFM_20201222T140849_0000.jpg,S2A_MSIL2A_20201221T064301_R120_T40QFM_20201222T140849,0,2020-12,T40QFM,0.24273648031906822,0,0.8748625934688515
S2A_MSIL2A_20201221T064301_R120_T40QFM_20201222T140849_0001.jpg,S2A_MSIL2A_20201221T064301_R120_T40QFM_20201222T140849,0,2020-12,T40QFM,0.24273648031906822,0,0.8748625934688515
S2B_MSIL2A_20210105T064249_R120_T40QFM_20210106T005643_0000.jpg,S2B_MSIL2A_20210105T064249_R120_T40QFM_20210106T005643,0,2021-01,T40QFM,0.040064394527475684,0,0.8748625934688515
S2B_MSIL2A_20210105T064249_R120_T40QFM_20210106T005643_0001.jpg,S2B_MSIL2A_20210105T064249_R120_T40QFM_20210106T005643,0,2021-01,T40QFM,0.040064394527475684,0,0.8748625934688515
S2A_MSIL2A_20210110T064241_R120_T40QFM_20210111T000640_0000.jpg,S2A_MSIL2A_20210110T064241_R120_T40QFM_20210111T000640,1,2021-01,T40QFM,0.9827718921416011,1,0.8748625934688515
S2A_MSIL2A_20210110T064241_R120_T40QFM_20210111T000640_0001.jpg,S2A_MSIL2A_20210110T064241_R120_T40QFM_20210111T000640,1,2021-01,T40QFM,0.9827718921416011,1,0.8748625934688515
S2A_MSIL2A_20210120T064211_R120_T40QFM_20210120T204526_0000.jpg,S2A_MSIL2A_20210120T064211_R120_T40QFM_20210120T204526,0,2021-01,T40QFM,0.00396071834808404,0,0.8748625934688515
S2A_MSIL2A_20210120T064211_R120_T40QFM_20210120T204526_0001.jpg,S2A_MSIL2A_20210120T064211_R120_T40QFM_20210120T204526,0,2021-01,T40QFM,0.00396071834808404,0,0.8748625934688515
S2A_MSIL2A_20210130T064121_R120_T40QFM_20210130T202726_0000.jpg,S2A_MSIL2A_20210130T064121_R120_T40QFM_20210130T202726,0,2021-01,T40QFM,0.005689881501607537,0,0.8748625934688515
S2A_MSIL2A_20210130T064121_R120_T40QFM_20210130T202726_0001.jpg,S2A_MSIL2A_20210130T064121_R120_T40QFM_20210130T202726,0,2021-01,T40QFM,0.005689881501607537,0,0.8748625934688515
S2B_MSIL2A_20210204T064049_R120_T40QFM_20210204T224213_0000.jpg,S2B_MSIL2A_20210204T064049_R120_T40QFM_20210204T224213,0,2021-02,T40QFM,0.17670102877983715,0,0.8748625934688515
S2B_MSIL2A_20210204T064049_R120_T40QFM_20210204T224213_0001.jpg,S2B_MSIL2A_20210204T064049_R120_T40QFM_20210204T224213,0,2021-02,T40QFM,0.17670102877983715,0,0.8748625934688515
S2B_MSIL2A_20210214T063949_R120_T40QFM_20210214T233022_0000.jpg,S2B_MSIL2A_20210214T063949_R120_T40QFM_20210214T233022,0,2021-02,T40QFM,0.10225207393384399,0,0.8748625934688515
S2B_MSIL2A_20210214T063949_R120_T40QFM_20210214T233022_0001.jpg,S2B_MSIL2A_20210214T063949_R120_T40QFM_20210214T233022,0,2021-02,T40QFM,0.10225207393384399,0,0.8748625934688515
S2B_MSIL2A_20210224T063839_R120_T40QFM_20210224T191634_0000.jpg,S2B_MSIL2A_20210224T063839_R120_T40QFM_20210224T191634,0,2021-02,T40QFM,0.00899954896442728,0,0.8748625934688515
S2B_MSIL2A_20210224T063839_R120_T40QFM_20210224T191634_0001.jpg,S2B_MSIL2A_20210224T063839_R120_T40QFM_20210224T191634,0,2021-02,T40QFM,0.00899954896442728,0,0.8748625934688515
S2A_MSIL2A_20210311T063701_R120_T40QFM_20210311T224941_0000.jpg,S2A_MSIL2A_20210311T063701_R120_T40QFM_20210311T224941,1,2021-03,T40QFM,0.9740376152641238,1,0.8748625934688515
S2A_MSIL2A_20210311T063701_R120_T40QFM_20210311T224941_0001.jpg,S2A_MSIL2A_20210311T063701_R120_T40QFM_20210311T224941,1,2021-03,T40QFM,0.9740376152641238,1,0.8748625934688515
S2A_MSIL2A_20210321T063621_R120_T40QFM_20210322T012746_0000.jpg,S2A_MSIL2A_20210321T063621_R120_T40QFM_20210322T012746,0,2021-03,T40QFM,0.07924722616837691,0,0.8748625934688515
S2A_MSIL2A_20210321T063621_R120_T40QFM_20210322T012746_0001.jpg,S2A_MSIL2A_20210321T063621_R120_T40QFM_20210322T012746,0,2021-03,T40QFM,0.07924722616837691,0,0.8748625934688515
S2A_MSIL2A_20210331T063621_R120_T40QFM_20210401T174842_0000.jpg,S2A_MSIL2A_20210331T063621_R120_T40QFM_20210401T174842,0,2021-03,T40QFM,0.006267207454477061,0,0.8748625934688515
S2A_MSIL2A_20210331T063621_R120_T40QFM_20210401T174842_0001.jpg,S2A_MSIL2A_20210331T063621_R120_T40QFM_20210401T174842,0,2021-03,T40QFM,0.006267207454477061,0,0.8748625934688515
S2B_MSIL2A_20210405T063629_R120_T40QFM_20210405T191514_0000.jpg,S2B_MSIL2A_20210405T063629_R120_T40QFM_20210405T191514,1,2021-04,T40QFM,0.939408235943957,1,0.8748625934688515
S2B_MSIL2A_20210405T063629_R120_T40QFM_20210405T191514_0001.jpg,S2B_MSIL2A_20210405T063629_R120_T40QFM_20210405T191514,1,2021-04,T40QFM,0.939408235943957,1,0.8748625934688515
S2B_MSIL2A_20210415T063619_R120_T40QFM_20210416T080916_0000.jpg,S2B_MSIL2A_20210415T063619_R120_T40QFM_20210416T080916,0,2021-04,T40QFM,0.09669602332798159,0,0.8748625934688515
S2B_MSIL2A_20210415T063619_R120_T40QFM_20210416T080916_0001.jpg,S2B_MSIL2A_20210415T063619_R120_T40QFM_20210416T080916,0,2021-04,T40QFM,0.09669602332798159,0,0.8748625934688515
S2A_MSIL2A_20210420T063621_R120_T40QFM_20210421T164155_0000.jpg,S2A_MSIL2A_20210420T063621_R120_T40QFM_20210421T164155,0,2021-04,T40QFM,0.027734894921016866,0,0.8748625934688515
S2A_MSIL2A_20210420T063621_R120_T40QFM_20210421T164155_0001.jpg,S2A_MSIL2A_20210420T063621_R120_T40QFM_20210421T164155,0,2021-04,T40QFM,0.027734894921016866,0,0.8748625934688515
S2B_MSIL2A_20210425T063619_R120_T40QFM_20210426T050414_0000.jpg,S2B_MSIL2A_20210425T063619_R120_T40QFM_20210426T050414,0,2021-04,T40QFM,0.023830749882526783,0,0.8748625934688515
S2B_MSIL2A_20210425T063619_R120_T40QFM_20210426T050414_0001.jpg,S2B_MSIL2A_20210425T063619_R120_T40QFM_20210426T050414,0,2021-04,T40QFM,0.023830749882526783,0,0.8748625934688515
S2B_MSIL2A_20210505T063629_R120_T40QFM_20210611T033410_0000.jpg,S2B_MSIL2A_20210505T063629_R120_T40QFM_20210611T033410,0,2021-05,T40QFM,0.004747753880480737,0,0.8748625934688515
S2B_MSIL2A_20210505T063629_R120_T40QFM_20210611T033410_0001.jpg,S2B_MSIL2A_20210505T063629_R120_T40QFM_20210611T033410,0,2021-05,T40QFM,0.004747753880480737,0,0.8748625934688515
S2A_MSIL2A_20210520T063631_R120_T40QFM_20210521T083536_0000.jpg,S2A_MSIL2A_20210520T063631_R120_T40QFM_20210521T083536,0,2021-05,T40QFM,0.024342423885033278,0,0.8748625934688515
S2A_MSIL2A_20210520T063631_R120_T40QFM_20210521T083536_0001.jpg,S2A_MSIL2A_20210520T063631_R120_T40QFM_20210521T083536,0,2021-05,T40QFM,0.024342423885033278,0,0.8748625934688515
S2B_MSIL2A_20210525T063629_R120_T40QFM_20210525T210348_0000.jpg,S2B_MSIL2A_20210525T063629_R120_T40QFM_20210525T210348,0,2021-05,T40QFM,0.17666536872121114,0,0.8748625934688515
S2B_MSIL2A_20210525T063629_R120_T40QFM_20210525T210348_0001.jpg,S2B_MSIL2A_20210525T063629_R120_T40QFM_20210525T210348,0,2021-05,T40QFM,0.17666536872121114,0,0.8748625934688515
S2B_MSIL2A_20210604T063629_R120_T40QFM_20210604T232437_0000.jpg,S2B_MSIL2A_20210604T063629_R120_T40QFM_20210604T232437,0,2021-06,T40QFM,0.10307214973646636,0,0.8748625934688515
S2B_MSIL2A_20210604T063629_R120_T40QFM_20210604T232437_0001.jpg,S2B_MSIL2A_20210604T063629_R120_T40QFM_20210604T232437,0,2021-06,T40QFM,0.10307214973646636,0,0.8748625934688515
S2B_MSIL2A_20210614T063629_R120_T40QFM_20210615T105306_0000.jpg,S2B_MSIL2A_20210614T063629_R120_T40QFM_20210615T105306,1,2021-06,T40QFM,0.9345416739215189,1,0.8748625934688515
S2B_MSIL2A_20210614T063629_R120_T40QFM_20210615T105306_0001.jpg,S2B_MSIL2A_20210614T063629_R120_T40QFM_20210615T105306,1,2021-06,T40QFM,0.9345416739215189,1,0.8748625934688515
S2B_MSIL2A_20210624T063629_R120_T40QFM_20210626T044357_0000.jpg,S2B_MSIL2A_20210624T063629_R120_T40QFM_20210626T044357,0,2021-06,T40QFM,0.006769496810370191,0,0.8748625934688515
S2B_MSIL2A_20210624T063629_R120_T40QFM_20210626T044357_0001.jpg,S2B_MSIL2A_20210624T063629_R120_T40QFM_20210626T044357,0,2021-06,T40QFM,0.006769496810370191,0,0.8748625934688515
S2B_MSIL2A_20210704T063629_R120_T40QFM_20210704T182853_0000.jpg,S2B_MSIL2A_20210704T063629_R120_T40QFM_20210704T182853,1,2021-07,T40QFM,0.896269353544157,1,0.8748625934688515
S2B_MSIL2A_20210704T063629_R120_T40QFM_20210704T182853_0001.jpg,S2B_MSIL2A_20210704T063629_R120_T40QFM_20210704T182853,1,2021-07,T40QFM,0.896269353544157,1,0.8748625934688515
S2A_MSIL2A_20210719T063631_R120_T40QFM_20210719T155101_0000.jpg,S2A_MSIL2A_20210719T063631_R120_T40QFM_20210719T155101,0,2021-07,T40QFM,0.026955937840200103,0,0.8748625934688515
S2A_MSIL2A_20210719T063631_R120_T40QFM_20210719T155101_0001.jpg,S2A_MSIL2A_20210719T063631_R120_T40QFM_20210719T155101,0,2021-07,T40QFM,0.026955937840200103,0,0.8748625934688515
S2B_MSIL2A_20210803T063629_R120_T40QFM_20210803T203554_0000.jpg,S2B_MSIL2A_20210803T063629_R120_T40QFM_20210803T203554,1,2021-08,T40QFM,0.8931899103326101,1,0.8748625934688515
S2B_MSIL2A_20210803T063629_R120_T40QFM_20210803T203554_0001.jpg,S2B_MSIL2A_20210803T063629_R120_T40QFM_20210803T203554,1,2021-08,T40QFM,0.8931899103326101,1,0.8748625934688515
S2B_MSIL2A_20210813T063629_R120_T40QFM_20210813T174733_0000.jpg,S2B_MSIL2A_20210813T063629_R120_T40QFM_20210813T174733,1,2021-08,T40QFM,0.8986620807967932,1,0.8748625934688515
S2B_MSIL2A_20210813T063629_R120_T40QFM_20210813T174733_0001.jpg,S2B_MSIL2A_20210813T063629_R120_T40QFM_20210813T174733,1,2021-08,T40QFM,0.8986620807967932,1,0.8748625934688515
S2A_MSIL2A_20210828T063631_R120_T40QFM_20210828T164957_0000.jpg,S2A_MSIL2A_20210828T063631_R120_T40QFM_20210828T164957,0,2021-08,T40QFM,0.01591424731367407,0,0.8748625934688515
S2A_MSIL2A_20210828T063631_R120_T40QFM_20210828T164957_0001.jpg,S2A_MSIL2A_20210828T063631_R120_T40QFM_20210828T164957,0,2021-08,T40QFM,0.01591424731367407,0,0.8748625934688515
S2B_MSIL2A_20210902T063619_R120_T40QFM_20210902T200944_0000.jpg,S2B_MSIL2A_20210902T063619_R120_T40QFM_20210902T200944,0,2021-09,T40QFM,0.1260614693522682,0,0.8748625934688515
S2B_MSIL2A_20210902T063619_R120_T40QFM_20210902T200944_0001.jpg,S2B_MSIL2A_20210902T063619_R120_T40QFM_20210902T200944,0,2021-09,T40QFM,0.1260614693522682,0,0.8748625934688515
S2B_MSIL2A_20210912T063619_R120_T40QFM_20210912T120623_0000.jpg,S2B_MSIL2A_20210912T063619_R120_T40QFM_20210912T120623,1,2021-09,T40QFM,0.24997710107384713,0,0.8748625934688515
S2B_MSIL2A_20210912T063619_R120_T40QFM_20210912T120623_0001.jpg,S2B_MSIL2A_20210912T063619_R120_T40QFM_20210912T120623,1,2021-09,T40QFM,0.24997710107384713,0,0.8748625934688515
S2B_MSIL2A_20210922T063629_R120_T40QFM_20210922T213701_0000.jpg,S2B_MSIL2A_20210922T063629_R120_T40QFM_20210922T213701,0,2021-09,T40QFM,0.13179354313703232,0,0.8748625934688515
S2B_MSIL2A_20210922T063629_R120_T40QFM_20210922T213701_0001.jpg,S2B_MSIL2A_20210922T063629_R120_T40QFM_20210922T213701,0,2021-09,T40QFM,0.13179354313703232,0,0.8748625934688515
S2A_MSIL2A_20210927T063631_R120_T40QFM_20210927T154532_0000.jpg,S2A_MSIL2A_20210927T063631_R120_T40QFM_20210927T154532,0,2021-09,T40QFM,0.08603326338961811,0,0.8748625934688515
S2A_MSIL2A_20210927T063631_R120_T40QFM_20210927T154532_0001.jpg,S2A_MSIL2A_20210927T063631_R120_T40QFM_20210927T154532,0,2021-09,T40QFM,0.08603326338961811,0,0.8748625934688515
S2B_MSIL2A_20211012T063819_R120_T40QFM_20211012T230020_0000.jpg,S2B_MSIL2A_20211012T063819_R120_T40QFM_20211012T230020,0,2021-10,T40QFM,0.2146447678594237,0,0.8748625934688515
S2B_MSIL2A_20211012T063819_R120_T40QFM_20211012T230020_0001.jpg,S2B_MSIL2A_20211012T063819_R120_T40QFM_20211012T230020,0,2021-10,T40QFM,0.2146447678594237,0,0.8748625934688515
S2A_MSIL2A_20211017T063851_R120_T40QFM_20211019T120233_0000.jpg,S2A_MSIL2A_20211017T063851_R120_T40QFM_20211019T120233,0,2021-10,T40QFM,0.09758589815816207,0,0.8748625934688515
S2A_MSIL2A_20211017T063851_R120_T40QFM_20211019T120233_0001.jpg,S2A_MSIL2A_20211017T063851_R120_T40QFM_20211019T120233,0,2021-10,T40QFM,0.09758589815816207,0,0.8748625934688515
S2A_MSIL2A_20211027T064001_R120_T40QFM_20211027T221159_0000.jpg,S2A_MSIL2A_20211027T064001_R120_T40QFM_20211027T221159,0,2021-10,T40QFM,0.00659038522869687,0,0.8748625934688515
S2A_MSIL2A_20211027T064001_R120_T40QFM_20211027T221159_0001.jpg,S2A_MSIL2A_20211027T064001_R120_T40QFM_20211027T221159,0,2021-10,T40QFM,0.00659038522869687,0,0.8748625934688515
S2A_MSIL2A_20211106T064051_R120_T40QFM_20211106T223432_0000.jpg,S2A_MSIL2A_20211106T064051_R120_T40QFM_20211106T223432,0,2021-11,T40QFM,0.27357816721165146,0,0.8748625934688515
S2A_MSIL2A_20211106T064051_R120_T40QFM_20211106T223432_0001.jpg,S2A_MSIL2A_20211106T064051_R120_T40QFM_20211106T223432,0,2021-11,T40QFM,0.27357816721165146,0,0.8748625934688515
S2A_MSIL2A_20211116T064141_R120_T40QFM_20211116T225418_0000.jpg,S2A_MSIL2A_20211116T064141_R120_T40QFM_20211116T225418,0,2021-11,T40QFM,0.007581494463589056,0,0.8748625934688515
S2A_MSIL2A_20211116T064141_R120_T40QFM_20211116T225418_0001.jpg,S2A_MSIL2A_20211116T064141_R120_T40QFM_20211116T225418,0,2021-11,T40QFM,0.007581494463589056,0,0.8748625934688515
S2B_MSIL2A_20211121T064159_R120_T40QFM_20211121T155950_0000.jpg,S2B_MSIL2A_20211121T064159_R120_T40QFM_20211121T155950,0,2021-11,T40QFM,0.012550568212651202,0,0.8748625934688515
S2B_MSIL2A_20211121T064159_R120_T40QFM_20211121T155950_0001.jpg,S2B_MSIL2A_20211121T064159_R120_T40QFM_20211121T155950,0,2021-11,T40QFM,0.012550568212651202,0,0.8748625934688515
S2A_MSIL2A_20211126T064221_R120_T40QFM_20211126T120704_0000.jpg,S2A_MSIL2A_20211126T064221_R120_T40QFM_20211126T120704,0,2021-11,T40QFM,0.12700380596773855,0,0.8748625934688515
S2A_MSIL2A_20211126T064221_R120_T40QFM_20211126T120704_0001.jpg,S2A_MSIL2A_20211126T064221_R120_T40QFM_20211126T120704,0,2021-11,T40QFM,0.12700380596773855,0,0.8748625934688515
S2A_MSIL2A_20211206T064241_R120_T40QFM_20211206T195704_0000.jpg,S2A_MSIL2A_20211206T064241_R120_T40QFM_20211206T195704,0,2021-12,T40QFM,0.22053971924765162,0,0.8748625934688515
S2A_MSIL2A_20211206T064241_R120_T40QFM_20211206T195704_0001.jpg,S2A_MSIL2A_20211206T064241_R120_T40QFM_20211206T195704,0,2021-12,T40QFM,0.22053971924765162,0,0.8748625934688515
S2A_MSIL2A_20220105T064251_R120_T40QFM_20220105T214651_0000.jpg,S2A_MSIL2A_20220105T064251_R120_T40QFM_20220105T214651,0,2022-01,T40QFM,0.13936625062937502,0,0.8748625934688515
S2A_MSIL2A_20220105T064251_R120_T40QFM_20220105T214651_0001.jpg,S2A_MSIL2A_20220105T064251_R120_T40QFM_20220105T214651,0,2022-01,T40QFM,0.13936625062937502,0,0.8748625934688515
S2B_MSIL2A_20220130T064119_R120_T40QFM_20220214T105717_0000.jpg,S2B_MSIL2A_20220130T064119_R120_T40QFM_20220214T105717,0,2022-01,T40QFM,0.04012117309542303,0,0.8748625934688515
S2B_MSIL2A_20220130T064119_R120_T40QFM_20220214T105717_0001.jpg,S2B_MSIL2A_20220130T064119_R120_T40QFM_20220214T105717,0,2022-01,T40QFM,0.04012117309542303,0,0.8748625934688515
S2A_MSIL2A_20220204T064051_R120_T40QFM_20220218T144950_0000.jpg,S2A_MSIL2A_20220204T064051_R120_T40QFM_20220218T144950,0,2022-02,T40QFM,0.17211854630652626,0,0.8748625934688515
S2A_MSIL2A_20220204T064051_R120_T40QFM_20220218T144950_0001.jpg,S2A_MSIL2A_20220204T064051_R120_T40QFM_20220218T144950,0,2022-02,T40QFM,0.17211854630652626,0,0.8748625934688515
S2B_MSIL2A_20220219T063909_R120_T40QFM_20240515T135553_0000.jpg,S2B_MSIL2A_20220219T063909_R120_T40QFM_20240515T135553,0,2022-02,T40QFM,0.0141383637392142,0,0.8748625934688515
S2B_MSIL2A_20220219T063909_R120_T40QFM_20240515T135553_0001.jpg,S2B_MSIL2A_20220219T063909_R120_T40QFM_20240515T135553,0,2022-02,T40QFM,0.0141383637392142,0,0.8748625934688515
S2A_MSIL2A_20220306T063741_R120_T40QFM_20220306T145421_0000.jpg,S2A_MSIL2A_20220306T063741_R120_T40QFM_20220306T145421,1,2022-03,T40QFM,0.8859131473639504,1,0.8748625934688515
S2A_MSIL2A_20220306T063741_R120_T40QFM_20220306T145421_0001.jpg,S2A_MSIL2A_20220306T063741_R120_T40QFM_20220306T145421,1,2022-03,T40QFM,0.8859131473639504,1,0.8748625934688515
S2A_MSIL2A_20220316T063631_R120_T40QFM_20220316T184026_0000.jpg,S2A_MSIL2A_20220316T063631_R120_T40QFM_20220316T184026,0,2022-03,T40QFM,0.028540481613799986,0,0.8748625934688515
S2A_MSIL2A_20220316T063631_R120_T40QFM_20220316T184026_0001.jpg,S2A_MSIL2A_20220316T063631_R120_T40QFM_20220316T184026,0,2022-03,T40QFM,0.028540481613799986,0,0.8748625934688515
S2A_MSIL2A_20220326T063631_R120_T40QFM_20220326T173013_0000.jpg,S2A_MSIL2A_20220326T063631_R120_T40QFM_20220326T173013,0,2022-03,T40QFM,0.007370478070929796,0,0.8748625934688515
S2A_MSIL2A_20220326T063631_R120_T40QFM_20220326T173013_0001.jpg,S2A_MSIL2A_20220326T063631_R120_T40QFM_20220326T173013,0,2022-03,T40QFM,0.007370478070929796,0,0.8748625934688515
S2A_MSIL2A_20220405T063631_R120_T40QFM_20240524T020642_0000.jpg,S2A_MSIL2A_20220405T063631_R120_T40QFM_20240524T020642,0,2022-04,T40QFM,0.03252044867400033,0,0.8748625934688515
S2A_MSIL2A_20220405T063631_R120_T40QFM_20240524T020642_0001.jpg,S2A_MSIL2A_20220405T063631_R120_T40QFM_20240524T020642,0,2022-04,T40QFM,0.03252044867400033,0,0.8748625934688515
S2A_MSIL2A_20220425T063631_R120_T40QFM_20240610T082345_0000.jpg,S2A_MSIL2A_20220425T063631_R120_T40QFM_20240610T082345,1,2022-04,T40QFM,0.95966375879515,1,0.8748625934688515
S2A_MSIL2A_20220425T063631_R120_T40QFM_20240610T082345_0001.jpg,S2A_MSIL2A_20220425T063631_R120_T40QFM_20240610T082345,1,2022-04,T40QFM,0.95966375879515,1,0.8748625934688515
S2B_MSIL2A_20220520T063629_R120_T40QFM_20220521T180442_0000.jpg,S2B_MSIL2A_20220520T063629_R120_T40QFM_20220521T180442,0,2022-05,T40QFM,0.03412606534714432,0,0.8748625934688515
S2B_MSIL2A_20220520T063629_R120_T40QFM_20220521T180442_0001.jpg,S2B_MSIL2A_20220520T063629_R120_T40QFM_20220521T180442,0,2022-05,T40QFM,0.03412606534714432,0,0.8748625934688515
S2B_MSIL2A_20220530T063629_R120_T40QFM_20220531T063340_0000.jpg,S2B_MSIL2A_20220530T063629_R120_T40QFM_20220531T063340,0,2022-05,T40QFM,0.18957780382409203,0,0.8748625934688515
S2B_MSIL2A_20220530T063629_R120_T40QFM_20220531T063340_0001.jpg,S2B_MSIL2A_20220530T063629_R120_T40QFM_20220531T063340,0,2022-05,T40QFM,0.18957780382409203,0,0.8748625934688515
S2A_MSIL2A_20220614T063641_R120_T40QFM_20220615T051422_0000.jpg,S2A_MSIL2A_20220614T063641_R120_T40QFM_20220615T051422,0,2022-06,T40QFM,0.12160007685372064,0,0.8748625934688515
S2A_MSIL2A_20220614T063641_R120_T40QFM_20220615T051422_0001.jpg,S2A_MSIL2A_20220614T063641_R120_T40QFM_20220615T051422,0,2022-06,T40QFM,0.12160007685372064,0,0.8748625934688515
S2A_MSIL2A_20220714T063641_R120_T40QFM_20220715T004600_0000.jpg,S2A_MSIL2A_20220714T063641_R120_T40QFM_20220715T004600,0,2022-07,T40QFM,0.23759972363601511,0,0.8748625934688515
S2A_MSIL2A_20220714T063641_R120_T40QFM_20220715T004600_0001.jpg,S2A_MSIL2A_20220714T063641_R120_T40QFM_20220715T004600,0,2022-07,T40QFM,0.23759972363601511,0,0.8748625934688515
S2A_MSIL2A_20220803T063641_R120_T40QFM_20240702T174219_0000.jpg,S2A_MSIL2A_20220803T063641_R120_T40QFM_20240702T174219,1,2022-08,T40QFM,0.8708557883036401,0,0.8748625934688515
S2A_MSIL2A_20220803T063641_R120_T40QFM_20240702T174219_0001.jpg,S2A_MSIL2A_20220803T063641_R120_T40QFM_20240702T174219,1,2022-08,T40QFM,0.8708557883036401,0,0.8748625934688515
S2B_MSIL2A_20220828T063629_R120_T40QFM_20240718T191433_0000.jpg,S2B_MSIL2A_20220828T063629_R120_T40QFM_20240718T191433,0,2022-08,T40QFM,0.35467016243972266,0,0.8748625934688515
S2B_MSIL2A_20220828T063629_R120_T40QFM_20240718T191433_0001.jpg,S2B_MSIL2A_20220828T063629_R120_T40QFM_20240718T191433,0,2022-08,T40QFM,0.35467016243972266,0,0.8748625934688515
S2B_MSIL2A_20220907T063629_R120_T40QFM_20220908T001711_0000.jpg,S2B_MSIL2A_20220907T063629_R120_T40QFM_20220908T001711,0,2022-09,T40QFM,0.00458759858395221,0,0.8748625934688515
S2B_MSIL2A_20220907T063629_R120_T40QFM_20220908T001711_0001.jpg,S2B_MSIL2A_20220907T063629_R120_T40QFM_20220908T001711,0,2022-09,T40QFM,0.00458759858395221,0,0.8748625934688515
S2A_MSIL2A_20220912T063641_R120_T40QFM_20220913T064250_0000.jpg,S2A_MSIL2A_20220912T063641_R120_T40QFM_20220913T064250,0,2022-09,T40QFM,0.00718997389491849,0,0.8748625934688515
S2A_MSIL2A_20220912T063641_R120_T40QFM_20220913T064250_0001.jpg,S2A_MSIL2A_20220912T063641_R120_T40QFM_20220913T064250,0,2022-09,T40QFM,0.00718997389491849,0,0.8748625934688515
S2B_MSIL2A_20220917T063629_R120_T40QFM_20240728T040036_0000.jpg,S2B_MSIL2A_20220917T063629_R120_T40QFM_20240728T040036,1,2022-09,T40QFM,0.9848773839082872,1,0.8748625934688515
S2B_MSIL2A_20220917T063629_R120_T40QFM_20240728T040036_0001.jpg,S2B_MSIL2A_20220917T063629_R120_T40QFM_20240728T040036,1,2022-09,T40QFM,0.9848773839082872,1,0.8748625934688515
S2B_MSIL2A_20221007T063739_R120_T40QFM_20240802T024624_0000.jpg,S2B_MSIL2A_20221007T063739_R120_T40QFM_20240802T024624,1,2022-10,T40QFM,0.9658835622555677,1,0.8748625934688515
S2B_MSIL2A_20221007T063739_R120_T40QFM_20240802T024624_0001.jpg,S2B_MSIL2A_20221007T063739_R120_T40QFM_20240802T024624,1,2022-10,T40QFM,0.9658835622555677,1,0.8748625934688515
S2A_MSIL2A_20221012T063821_R120_T40QFM_20240802T062416_0000.jpg,S2A_MSIL2A_20221012T063821_R120_T40QFM_20240802T062416,0,2022-10,T40QFM,0.0108754991839212,0,0.8748625934688515
S2A_MSIL2A_20221012T063821_R120_T40QFM_20240802T062416_0001.jpg,S2A_MSIL2A_20221012T063821_R120_T40QFM_20240802T062416,0,2022-10,T40QFM,0.0108754991839212,0,0.8748625934688515
S2A_MSIL2A_20221022T063921_R120_T40QFM_20240724T021533_0000.jpg,S2A_MSIL2A_20221022T063921_R120_T40QFM_20240724T021533,0,2022-10,T40QFM,0.0357254986324948,0,0.8748625934688515
S2A_MSIL2A_20221022T063921_R120_T40QFM_20240724T021533_0001.jpg,S2A_MSIL2A_20221022T063921_R120_T40QFM_20240724T021533,0,2022-10,T40QFM,0.0357254986324948,0,0.8748625934688515
S2B_MSIL2A_20221027T063949_R120_T40QFM_20221027T205314_0000.jpg,S2B_MSIL2A_20221027T063949_R120_T40QFM_20221027T205314,0,2022-10,T40QFM,0.009802333567152996,0,0.8748625934688515
S2B_MSIL2A_20221027T063949_R120_T40QFM_20221027T205314_0001.jpg,S2B_MSIL2A_20221027T063949_R120_T40QFM_20221027T205314,0,2022-10,T40QFM,0.009802333567152996,0,0.8748625934688515
S2A_MSIL2A_20221101T064021_R120_T40QFM_20221101T185019_0000.jpg,S2A_MSIL2A_20221101T064021_R120_T40QFM_20221101T185019,1,2022-11,T40QFM,0.8629170070749279,0,0.8748625934688515
S2A_MSIL2A_20221101T064021_R120_T40QFM_20221101T185019_0001.jpg,S2A_MSIL2A_20221101T064021_R120_T40QFM_20221101T185019,1,2022-11,T40QFM,0.8629170070749279,0,0.8748625934688515
S2B_MSIL2A_20221116T064139_R120_T40QFM_20221116T211708_0000.jpg,S2B_MSIL2A_20221116T064139_R120_T40QFM_20221116T211708,0,2022-11,T40QFM,0.04306368938065744,0,0.8748625934688515
S2B_MSIL2A_20221116T064139_R120_T40QFM_20221116T211708_0001.jpg,S2B_MSIL2A_20221116T064139_R120_T40QFM_20221116T211708,0,2022-11,T40QFM,0.04306368938065744,0,0.8748625934688515
S2B_MSIL2A_20221126T064219_R120_T40QFM_20221202T000000_0000.jpg,S2B_MSIL2A_20221126T064219_R120_T40QFM_20221202T000000,0,2022-11,T40QFM,0.20104234098705653,0,0.8748625934688515
S2B_MSIL2A_20221126T064219_R120_T40QFM_20221202T000000_0001.jpg,S2B_MSIL2A_20221126T064219_R120_T40QFM_20221202T000000,0,2022-11,T40QFM,0.20104234098705653,0,0.8748625934688515
S2B_MSIL2A_20221216T064259_R120_T40QFM_20221216T202414_0000.jpg,S2B_MSIL2A_20221216T064259_R120_T40QFM_20221216T202414,0,2022-12,T40QFM,0.0016532181163403077,0,0.8748625934688515
S2B_MSIL2A_20221216T064259_R120_T40QFM_20221216T202414_0001.jpg,S2B_MSIL2A_20221216T064259_R120_T40QFM_20221216T202414,0,2022-12,T40QFM,0.0016532181163403077,0,0.8748625934688515
S2A_MSIL2A_20221221T064301_R120_T40QFM_20240808T224656_0000.jpg,S2A_MSIL2A_20221221T064301_R120_T40QFM_20240808T224656,1,2022-12,T40QFM,0.8727892133183415,0,0.8748625934688515
S2A_MSIL2A_20221221T064301_R120_T40QFM_20240808T224656_0001.jpg,S2A_MSIL2A_20221221T064301_R120_T40QFM_20240808T224656,1,2022-12,T40QFM,0.8727892133183415,0,0.8748625934688515
S2B_MSIL2A_20221226T064259_R120_T40QFM_20221226T183145_0000.jpg,S2B_MSIL2A_20221226T064259_R120_T40QFM_20221226T183145,0,2022-12,T40QFM,0.04482607004417736,0,0.8748625934688515
S2B_MSIL2A_20221226T064259_R120_T40QFM_20221226T183145_0001.jpg,S2B_MSIL2A_20221226T064259_R120_T40QFM_20221226T183145,0,2022-12,T40QFM,0.04482607004417736,0,0.8748625934688515
S2B_MSIL2A_20230105T064249_R120_T40QFM_20230105T161204_0000.jpg,S2B_MSIL2A_20230105T064249_R120_T40QFM_20230105T161204,0,2023-01,T40QFM,0.0067451051884860275,0,0.8748625934688515
S2B_MSIL2A_20230105T064249_R120_T40QFM_20230105T161204_0001.jpg,S2B_MSIL2A_20230105T064249_R120_T40QFM_20230105T161204,0,2023-01,T40QFM,0.0067451051884860275,0,0.8748625934688515
S2A_MSIL2A_20230110T064241_R120_T40QFM_20230110T232049_0000.jpg,S2A_MSIL2A_20230110T064241_R120_T40QFM_20230110T232049,1,2023-01,T40QFM,0.9670254151062073,1,0.8748625934688515
S2A_MSIL2A_20230110T064241_R120_T40QFM_20230110T232049_0001.jpg,S2A_MSIL2A_20230110T064241_R120_T40QFM_20230110T232049,1,2023-01,T40QFM,0.9670254151062073,1,0.8748625934688515
S2A_MSIL2A_20230130T064121_R120_T40QFM_20230131T154057_0000.jpg,S2A_MSIL2A_20230130T064121_R120_T40QFM_20230131T154057,0,2023-01,T40QFM,0.008199442265083517,0,0.8748625934688515
S2A_MSIL2A_20230130T064121_R120_T40QFM_20230131T154057_0001.jpg,S2A_MSIL2A_20230130T064121_R120_T40QFM_20230131T154057,0,2023-01,T40QFM,0.008199442265083517,0,0.8748625934688515
S2B_MSIL2A_20230204T064049_R120_T40QFM_20240816T214850_0000.jpg,S2B_MSIL2A_20230204T064049_R120_T40QFM_20240816T214850,0,2023-02,T40QFM,0.0944697401599024,0,0.8748625934688515
S2B_MSIL2A_20230204T064049_R120_T40QFM_20240816T214850_0001.jpg,S2B_MSIL2A_20230204T064049_R120_T40QFM_20240816T214850,0,2023-02,T40QFM,0.0944697401599024,0,0.8748625934688515
S2A_MSIL2A_20230209T064021_R120_T40QFM_20230209T205002_0000.jpg,S2A_MSIL2A_20230209T064021_R120_T40QFM_20230209T205002,0,2023-02,T40QFM,0.1555048601693114,0,0.8748625934688515
S2A_MSIL2A_20230209T064021_R120_T40QFM_20230209T205002_0001.jpg,S2A_MSIL2A_20230209T064021_R120_T40QFM_20230209T205002,0,2023-02,T40QFM,0.1555048601693114,0,0.8748625934688515
S2B_MSIL2A_20230224T063849_R120_T40QFM_20230226T114005_0000.jpg,S2B_MSIL2A_20230224T063849_R120_T40QFM_20230226T114005,1,2023-02,T40QFM,0.8376380757048945,0,0.8748625934688515
S2B_MSIL2A_20230224T063849_R120_T40QFM_20230226T114005_0001.jpg,S2B_MSIL2A_20230224T063849_R120_T40QFM_20230226T114005,1,2023-02,T40QFM,0.8376380757048945,0,0.8748625934688515
S2B_MSIL2A_20230316T063629_R120_T40QFM_20240827T111826_0000.jpg,S2B_MSIL2A_20230316T063629_R120_T40QFM_20240827T111826,0,2023-03,T40QFM,0.205847186885373,0,0.8748625934688515
S2B_MSIL2A_20230316T063629_R120_T40QFM_20240827T111826_0001.jpg,S2B_MSIL2A_20230316T063629_R120_T40QFM_20240827T111826,0,2023-03,T40QFM,0.205847186885373,0,0.8748625934688515
S2A_MSIL2A_20230321T063621_R120_T40QFM_20240826T173717_0000.jpg,S2A_MSIL2A_20230321T063621_R120_T40QFM_20240826T173717,0,2023-03,T40QFM,0.2476469885786588,0,0.8748625934688515
S2A_MSIL2A_20230321T063621_R120_T40QFM_20240826T173717_0001.jpg,S2A_MSIL2A_20230321T063621_R120_T40QFM_20240826T173717,0,2023-03,T40QFM,0.2476469885786588,0,0.8748625934688515
S2A_MSIL2A_20230331T063621_R120_T40QFM_20240825T173541_0000.jpg,S2A_MSIL2A_20230331T063621_R120_T40QFM_20240825T173541,0,2023-03,T40QFM,0.010059250653816795,0,0.8748625934688515
S2A_MSIL2A_20230331T063621_R120_T40QFM_20240825T173541_0001.jpg,S2A_MSIL2A_20230331T063621_R120_T40QFM_20240825T173541,0,2023-03,T40QFM,0.010059250653816795,0,0.8748625934688515
S2B_MSIL2A_20230405T063629_R120_T40QFM_20230405T213827_0000.jpg,S2B_MSIL2A_20230405T063629_R120_T40QFM_20230405T213827,1,2023-04,T40QFM,0.38663711402507084,0,0.8748625934688515
S2B_MSIL2A_20230405T063629_R120_T40QFM_20230405T213827_0001.jpg,S2B_MSIL2A_20230405T063629_R120_T40QFM_20230405T213827,1,2023-04,T40QFM,0.38663711402507084,0,0.8748625934688515
S2A_MSIL2A_20230410T063631_R120_T40QFM_20230410T132909_0000.jpg,S2A_MSIL2A_20230410T063631_R120_T40QFM_20230410T132909,0,2023-04,T40QFM,0.04928925401153287,0,0.8748625934688515
S2A_MSIL2A_20230410T063631_R120_T40QFM_20230410T132909_0001.jpg,S2A_MSIL2A_20230410T063631_R120_T40QFM_20230410T132909,0,2023-04,T40QFM,0.04928925401153287,0,0.8748625934688515
S2A_MSIL2A_20230420T063621_R120_T40QFM_20230420T131741_0000.jpg,S2A_MSIL2A_20230420T063621_R120_T40QFM_20230420T131741,1,2023-04,T40QFM,0.6506639302745554,0,0.8748625934688515
S2A_MSIL2A_20230420T063621_R120_T40QFM_20230420T131741_0001.jpg,S2A_MSIL2A_20230420T063621_R120_T40QFM_20230420T131741,1,2023-04,T40QFM,0.6506639302745554,0,0.8748625934688515
S2B_MSIL2A_20230425T063629_R120_T40QFM_20240901T144339_0000.jpg,S2B_MSIL2A_20230425T063629_R120_T40QFM_20240901T144339,0,2023-04,T40QFM,0.22163174313351497,0,0.8748625934688515
S2B_MSIL2A_20230425T063629_R120_T40QFM_20240901T144339_0001.jpg,S2B_MSIL2A_20230425T063629_R120_T40QFM_20240901T144339,0,2023-04,T40QFM,0.22163174313351497,0,0.8748625934688515
S2B_MSIL2A_20230505T063629_R120_T40QFM_20230505T113226_0000.jpg,S2B_MSIL2A_20230505T063629_R120_T40QFM_20230505T113226,0,2023-05,T40QFM,0.14375527119672252,0,0.8748625934688515
S2B_MSIL2A_20230505T063629_R120_T40QFM_20230505T113226_0001.jpg,S2B_MSIL2A_20230505T063629_R120_T40QFM_20230505T113226,0,2023-05,T40QFM,0.14375527119672252,0,0.8748625934688515
S2A_MSIL2A_20230510T063621_R120_T40QFM_20230510T133701_0000.jpg,S2A_MSIL2A_20230510T063621_R120_T40QFM_20230510T133701,0,2023-05,T40QFM,0.01017318300613275,0,0.8748625934688515
S2A_MSIL2A_20230510T063621_R120_T40QFM_20230510T133701_0001.jpg,S2A_MSIL2A_20230510T063621_R120_T40QFM_20230510T133701,0,2023-05,T40QFM,0.01017318300613275,0,0.8748625934688515
S2A_MSIL2A_20230520T063631_R120_T40QFM_20230520T121727_0000.jpg,S2A_MSIL2A_20230520T063631_R120_T40QFM_20230520T121727,0,2023-05,T40QFM,0.02047242302107323,0,0.8748625934688515
S2A_MSIL2A_20230520T063631_R120_T40QFM_20230520T121727_0001.jpg,S2A_MSIL2A_20230520T063631_R120_T40QFM_20230520T121727,0,2023-05,T40QFM,0.02047242302107323,0,0.8748625934688515
S2B_MSIL2A_20230525T063629_R120_T40QFM_20230525T121806_0000.jpg,S2B_MSIL2A_20230525T063629_R120_T40QFM_20230525T121806,0,2023-05,T40QFM,0.040531317781299446,0,0.8748625934688515
S2B_MSIL2A_20230525T063629_R120_T40QFM_20230525T121806_0001.jpg,S2B_MSIL2A_20230525T063629_R120_T40QFM_20230525T121806,0,2023-05,T40QFM,0.040531317781299446,0,0.8748625934688515
S2A_MSIL2A_20230619T063631_R120_T40QFM_20230619T122652_0000.jpg,S2A_MSIL2A_20230619T063631_R120_T40QFM_20230619T122652,0,2023-06,T40QFM,0.07052339006706519,0,0.8748625934688515
S2A_MSIL2A_20230619T063631_R120_T40QFM_20230619T122652_0001.jpg,S2A_MSIL2A_20230619T063631_R120_T40QFM_20230619T122652,0,2023-06,T40QFM,0.07052339006706519,0,0.8748625934688515
S2B_MSIL2A_20230704T063629_R120_T40QFM_20241013T174147_0000.jpg,S2B_MSIL2A_20230704T063629_R120_T40QFM_20241013T174147,0,2023-07,T40QFM,0.17769846975047857,0,0.8748625934688515
S2B_MSIL2A_20230704T063629_R120_T40QFM_20241013T174147_0001.jpg,S2B_MSIL2A_20230704T063629_R120_T40QFM_20241013T174147,0,2023-07,T40QFM,0.17769846975047857,0,0.8748625934688515
S2B_MSIL2A_20230714T063629_R120_T40QFM_20240910T152238_0000.jpg,S2B_MSIL2A_20230714T063629_R120_T40QFM_20240910T152238,0,2023-07,T40QFM,0.028118798393444857,0,0.8748625934688515
S2B_MSIL2A_20230714T063629_R120_T40QFM_20240910T152238_0001.jpg,S2B_MSIL2A_20230714T063629_R120_T40QFM_20240910T152238,0,2023-07,T40QFM,0.028118798393444857,0,0.8748625934688515
S2A_MSIL2A_20230719T063631_R120_T40QFM_20241013T092547_0000.jpg,S2A_MSIL2A_20230719T063631_R120_T40QFM_20241013T092547,0,2023-07,T40QFM,0.04067883071506018,0,0.8748625934688515
S2A_MSIL2A_20230719T063631_R120_T40QFM_20241013T092547_0001.jpg,S2A_MSIL2A_20230719T063631_R120_T40QFM_20241013T092547,0,2023-07,T40QFM,0.04067883071506018,0,0.8748625934688515
S2A_MSIL2A_20230808T063631_R120_T40QFM_20241021T084732_0000.jpg,S2A_MSIL2A_20230808T063631_R120_T40QFM_20241021T084732,0,2023-08,T40QFM,0.11608044690231265,0,0.8748625934688515
S2A_MSIL2A_20230808T063631_R120_T40QFM_20241021T084732_0001.jpg,S2A_MSIL2A_20230808T063631_R120_T40QFM_20241021T084732,0,2023-08,T40QFM,0.11608044690231265,0,0.8748625934688515
S2B_MSIL2A_20230813T063629_R120_T40QFM_20241020T075725_0000.jpg,S2B_MSIL2A_20230813T063629_R120_T40QFM_20241020T075725,1,2023-08,T40QFM,0.9635374085569812,1,0.8748625934688515
S2B_MSIL2A_20230813T063629_R120_T40QFM_20241020T075725_0001.jpg,S2B_MSIL2A_20230813T063629_R120_T40QFM_20241020T075725,1,2023-08,T40QFM,0.9635374085569812,1,0.8748625934688515
S2A_MSIL2A_20230818T063631_R120_T40QFM_20240912T142615_0000.jpg,S2A_MSIL2A_20230818T063631_R120_T40QFM_20240912T142615,1,2023-08,T40QFM,0.9633402140517454,1,0.8748625934688515
S2A_MSIL2A_20230818T063631_R120_T40QFM_20240912T142615_0001.jpg,S2A_MSIL2A_20230818T063631_R120_T40QFM_20240912T142615,1,2023-08,T40QFM,0.9633402140517454,1,0.8748625934688515
S2A_MSIL2A_20230907T063631_R120_T40QFM_20230907T161209_0000.jpg,S2A_MSIL2A_20230907T063631_R120_T40QFM_20230907T161209,1,2023-09,T40QFM,0.8357545400563302,0,0.8748625934688515
S2A_MSIL2A_20230907T063631_R120_T40QFM_20230907T161209_0001.jpg,S2A_MSIL2A_20230907T063631_R120_T40QFM_20230907T161209,1,2023-09,T40QFM,0.8357545400563302,0,0.8748625934688515
S2A_MSIL2A_20230927T063631_R120_T40QFM_20230927T125012_0000.jpg,S2A_MSIL2A_20230927T063631_R120_T40QFM_20230927T125012,0,2023-09,T40QFM,0.023101433395254653,0,0.8748625934688515
S2A_MSIL2A_20230927T063631_R120_T40QFM_20230927T125012_0001.jpg,S2A_MSIL2A_20230927T063631_R120_T40QFM_20230927T125012,0,2023-09,T40QFM,0.023101433395254653,0,0.8748625934688515
S2B_MSIL2A_20231002T063709_R120_T40QFM_20231002T151612_0000.jpg,S2B_MSIL2A_20231002T063709_R120_T40QFM_20231002T151612,1,2023-10,T40QFM,0.37020626118077055,0,0.8748625934688515
S2B_MSIL2A_20231002T063709_R120_T40QFM_20231002T151612_0001.jpg,S2B_MSIL2A_20231002T063709_R120_T40QFM_20231002T151612,1,2023-10,T40QFM,0.37020626118077055,0,0.8748625934688515
S2B_MSIL2A_20231012T063819_R120_T40QFM_20231012T121039_0000.jpg,S2B_MSIL2A_20231012T063819_R120_T40QFM_20231012T121039,0,2023-10,T40QFM,0.0021864471937740205,0,0.8748625934688515
S2B_MSIL2A_20231012T063819_R120_T40QFM_20231012T121039_0001.jpg,S2B_MSIL2A_20231012T063819_R120_T40QFM_20231012T121039,0,2023-10,T40QFM,0.0021864471937740205,0,0.8748625934688515
S2A_MSIL2A_20231017T063841_R120_T40QFM_20241028T093417_0000.jpg,S2A_MSIL2A_20231017T063841_R120_T40QFM_20241028T093417,0,2023-10,T40QFM,0.004652769366854792,0,0.8748625934688515
S2A_MSIL2A_20231017T063841_R120_T40QFM_20241028T093417_0001.jpg,S2A_MSIL2A_20231017T063841_R120_T40QFM_20241028T093417,0,2023-10,T40QFM,0.004652769366854792,0,0.8748625934688515
S2B_MSIL2A_20231101T064019_R120_T40QFM_20231101T101812_0000.jpg,S2B_MSIL2A_20231101T064019_R120_T40QFM_20231101T101812,0,2023-11,T40QFM,0.03128504805712636,0,0.8748625934688515
S2B_MSIL2A_20231101T064019_R120_T40QFM_20231101T101812_0001.jpg,S2B_MSIL2A_20231101T064019_R120_T40QFM_20231101T101812,0,2023-11,T40QFM,0.03128504805712636,0,0.8748625934688515
S2B_MSIL2A_20231111T064119_R120_T40QFM_20231111T102412_0000.jpg,S2B_MSIL2A_20231111T064119_R120_T40QFM_20231111T102412,1,2023-11,T40QFM,0.8559575467423587,0,0.8748625934688515
S2B_MSIL2A_20231111T064119_R120_T40QFM_20231111T102412_0001.jpg,S2B_MSIL2A_20231111T064119_R120_T40QFM_20231111T102412,1,2023-11,T40QFM,0.8559575467423587,0,0.8748625934688515
S2B_MSIL2A_20231121T064149_R120_T40QFM_20231121T102301_0000.jpg,S2B_MSIL2A_20231121T064149_R120_T40QFM_20231121T102301,1,2023-11,T40QFM,0.9635426477307129,1,0.8748625934688515
S2B_MSIL2A_20231121T064149_R120_T40QFM_20231121T102301_0001.jpg,S2B_MSIL2A_20231121T064149_R120_T40QFM_20231121T102301,1,2023-11,T40QFM,0.9635426477307129,1,0.8748625934688515
S2A_MSIL2A_20231126T064211_R120_T40QFM_20231126T111026_0000.jpg,S2A_MSIL2A_20231126T064211_R120_T40QFM_20231126T111026,0,2023-11,T40QFM,0.060414215586066855,0,0.8748625934688515
S2A_MSIL2A_20231126T064211_R120_T40QFM_20231126T111026_0001.jpg,S2A_MSIL2A_20231126T064211_R120_T40QFM_20231126T111026,0,2023-11,T40QFM,0.060414215586066855,0,0.8748625934688515
S2A_MSIL2A_20231206T064241_R120_T40QFM_20241101T134000_0000.jpg,S2A_MSIL2A_20231206T064241_R120_T40QFM_20241101T134000,0,2023-12,T40QFM,0.2197260155242073,0,0.8748625934688515
S2A_MSIL2A_20231206T064241_R120_T40QFM_20241101T134000_0001.jpg,S2A_MSIL2A_20231206T064241_R120_T40QFM_20241101T134000,0,2023-12,T40QFM,0.2197260155242073,0,0.8748625934688515
S2B_MSIL2A_20231221T064309_R120_T40QFM_20231222T041316_0000.jpg,S2B_MSIL2A_20231221T064309_R120_T40QFM_20231222T041316,0,2023-12,T40QFM,0.05208235951497641,0,0.8748625934688515
S2B_MSIL2A_20231221T064309_R120_T40QFM_20231222T041316_0001.jpg,S2B_MSIL2A_20231221T064309_R120_T40QFM_20231222T041316,0,2023-12,T40QFM,0.05208235951497641,0,0.8748625934688515
S2B_MSIL2A_20231231T064259_R120_T40QFM_20231231T100833_0000.jpg,S2B_MSIL2A_20231231T064259_R120_T40QFM_20231231T100833,0,2023-12,T40QFM,0.006669089681256196,0,0.8748625934688515
S2B_MSIL2A_20231231T064259_R120_T40QFM_20231231T100833_0001.jpg,S2B_MSIL2A_20231231T064259_R120_T40QFM_20231231T100833,0,2023-12,T40QFM,0.006669089681256196,0,0.8748625934688515
S2A_MSIL2A_20240105T064251_R120_T40QFM_20240105T111327_0000.jpg,S2A_MSIL2A_20240105T064251_R120_T40QFM_20240105T111327,0,2024-01,T40QFM,0.16806120782902917,0,0.8748625934688515
S2A_MSIL2A_20240105T064251_R120_T40QFM_20240105T111327_0001.jpg,S2A_MSIL2A_20240105T064251_R120_T40QFM_20240105T111327,0,2024-01,T40QFM,0.16806120782902917,0,0.8748625934688515
S2B_MSIL2A_20240110T064239_R120_T40QFM_20240110T094323_0000.jpg,S2B_MSIL2A_20240110T064239_R120_T40QFM_20240110T094323,0,2024-01,T40QFM,0.16243352474365264,0,0.8748625934688515
S2B_MSIL2A_20240110T064239_R120_T40QFM_20240110T094323_0001.jpg,S2B_MSIL2A_20240110T064239_R120_T40QFM_20240110T094323,0,2024-01,T40QFM,0.16243352474365264,0,0.8748625934688515
S2B_MSIL2A_20240120T064209_R120_T40QFM_20240120T101055_0000.jpg,S2B_MSIL2A_20240120T064209_R120_T40QFM_20240120T101055,0,2024-01,T40QFM,0.005679318627652869,0,0.8748625934688515
S2B_MSIL2A_20240120T064209_R120_T40QFM_20240120T101055_0001.jpg,S2B_MSIL2A_20240120T064209_R120_T40QFM_20240120T101055,0,2024-01,T40QFM,0.005679318627652869,0,0.8748625934688515
S2B_MSIL2A_20240130T064119_R120_T40QFM_20240130T101447_0000.jpg,S2B_MSIL2A_20240130T064119_R120_T40QFM_20240130T101447,0,2024-01,T40QFM,0.059906702656384,0,0.8748625934688515
S2B_MSIL2A_20240130T064119_R120_T40QFM_20240130T101447_0001.jpg,S2B_MSIL2A_20240130T064119_R120_T40QFM_20240130T101447,0,2024-01,T40QFM,0.059906702656384,0,0.8748625934688515
S2A_MSIL2A_20240204T064051_R120_T40QFM_20240204T114514_0000.jpg,S2A_MSIL2A_20240204T064051_R120_T40QFM_20240204T114514,0,2024-02,T40QFM,0.12460152590306203,0,0.8748625934688515
S2A_MSIL2A_20240204T064051_R120_T40QFM_20240204T114514_0001.jpg,S2A_MSIL2A_20240204T064051_R120_T40QFM_20240204T114514,0,2024-02,T40QFM,0.12460152590306203,0,0.8748625934688515
S2B_MSIL2A_20240209T064029_R120_T40QFM_20240209T101657_0000.jpg,S2B_MSIL2A_20240209T064029_R120_T40QFM_20240209T101657,0,2024-02,T40QFM,0.07419764304547254,0,0.8748625934688515
S2B_MSIL2A_20240209T064029_R120_T40QFM_20240209T101657_0001.jpg,S2B_MSIL2A_20240209T064029_R120_T40QFM_20240209T101657,0,2024-02,T40QFM,0.07419764304547254,0,0.8748625934688515
S2A_MSIL2A_20240224T063851_R120_T40QFM_20240224T122309_0000.jpg,S2A_MSIL2A_20240224T063851_R120_T40QFM_20240224T122309,0,2024-02,T40QFM,0.03098459939664754,0,0.8748625934688515
S2A_MSIL2A_20240224T063851_R120_T40QFM_20240224T122309_0001.jpg,S2A_MSIL2A_20240224T063851_R120_T40QFM_20240224T122309,0,2024-02,T40QFM,0.03098459939664754,0,0.8748625934688515
S2B_MSIL2A_20240330T063629_R120_T40QFM_20240330T114349_0000.jpg,S2B_MSIL2A_20240330T063629_R120_T40QFM_20240330T114349,0,2024-03,T40QFM,0.137235180718152,0,0.8748625934688515
S2B_MSIL2A_20240330T063629_R120_T40QFM_20240330T114349_0001.jpg,S2B_MSIL2A_20240330T063629_R120_T40QFM_20240330T114349,0,2024-03,T40QFM,0.137235180718152,0,0.8748625934688515
S2B_MSIL2A_20240419T063629_R120_T40QFM_20240419T103651_0000.jpg,S2B_MSIL2A_20240419T063629_R120_T40QFM_20240419T103651,0,2024-04,T40QFM,0.02424575381726602,0,0.8748625934688515
S2B_MSIL2A_20240419T063629_R120_T40QFM_20240419T103651_0001.jpg,S2B_MSIL2A_20240419T063629_R120_T40QFM_20240419T103651,0,2024-04,T40QFM,0.02424575381726602,0,0.8748625934688515
S2B_MSIL2A_20240429T063629_R120_T40QFM_20240429T111845_0000.jpg,S2B_MSIL2A_20240429T063629_R120_T40QFM_20240429T111845,1,2024-04,T40QFM,0.9544325754813111,1,0.8748625934688515
S2B_MSIL2A_20240429T063629_R120_T40QFM_20240429T111845_0001.jpg,S2B_MSIL2A_20240429T063629_R120_T40QFM_20240429T111845,1,2024-04,T40QFM,0.9544325754813111,1,0.8748625934688515
S2A_MSIL2A_20240504T063631_R120_T40QFM_20240506T184012_0000.jpg,S2A_MSIL2A_20240504T063631_R120_T40QFM_20240506T184012,0,2024-05,T40QFM,0.0607638734076126,0,0.8748625934688515
S2A_MSIL2A_20240504T063631_R120_T40QFM_20240506T184012_0001.jpg,S2A_MSIL2A_20240504T063631_R120_T40QFM_20240506T184012,0,2024-05,T40QFM,0.0607638734076126,0,0.8748625934688515
S2B_MSIL2A_20240509T063629_R120_T40QFM_20240509T101759_0000.jpg,S2B_MSIL2A_20240509T063629_R120_T40QFM_20240509T101759,0,2024-05,T40QFM,0.21293748766442533,0,0.8748625934688515
S2B_MSIL2A_20240509T063629_R120_T40QFM_20240509T101759_0001.jpg,S2B_MSIL2A_20240509T063629_R120_T40QFM_20240509T101759,0,2024-05,T40QFM,0.21293748766442533,0,0.8748625934688515
S2B_MSIL2A_20240529T063629_R120_T40QFM_20240529T102225_0000.jpg,S2B_MSIL2A_20240529T063629_R120_T40QFM_20240529T102225,0,2024-05,T40QFM,0.004333656520999198,0,0.8748625934688515
S2B_MSIL2A_20240529T063629_R120_T40QFM_20240529T102225_0001.jpg,S2B_MSIL2A_20240529T063629_R120_T40QFM_20240529T102225,0,2024-05,T40QFM,0.004333656520999198,0,0.8748625934688515
S2A_MSIL2A_20240603T063631_R120_T40QFM_20240603T120925_0000.jpg,S2A_MSIL2A_20240603T063631_R120_T40QFM_20240603T120925,1,2024-06,T40QFM,0.9894893840416756,1,0.8748625934688515
S2A_MSIL2A_20240603T063631_R120_T40QFM_20240603T120925_0001.jpg,S2A_MSIL2A_20240603T063631_R120_T40QFM_20240603T120925,1,2024-06,T40QFM,0.9894893840416756,1,0.8748625934688515
S2A_MSIL2A_20240613T063631_R120_T40QFM_20240613T114843_0000.jpg,S2A_MSIL2A_20240613T063631_R120_T40QFM_20240613T114843,0,2024-06,T40QFM,0.3925357626011898,0,0.8748625934688515
S2A_MSIL2A_20240613T063631_R120_T40QFM_20240613T114843_0001.jpg,S2A_MSIL2A_20240613T063631_R120_T40QFM_20240613T114843,0,2024-06,T40QFM,0.3925357626011898,0,0.8748625934688515
S2B_MSIL2A_20240618T063629_R120_T40QFM_20240618T111722_0000.jpg,S2B_MSIL2A_20240618T063629_R120_T40QFM_20240618T111722,0,2024-06,T40QFM,0.007675045296182097,0,0.8748625934688515
S2B_MSIL2A_20240618T063629_R120_T40QFM_20240618T111722_0001.jpg,S2B_MSIL2A_20240618T063629_R120_T40QFM_20240618T111722,0,2024-06,T40QFM,0.007675045296182097,0,0.8748625934688515
S2B_MSIL2A_20240628T063629_R120_T40QFM_20240628T105136_0000.jpg,S2B_MSIL2A_20240628T063629_R120_T40QFM_20240628T105136,0,2024-06,T40QFM,0.0508598319943699,0,0.8748625934688515
S2B_MSIL2A_20240628T063629_R120_T40QFM_20240628T105136_0001.jpg,S2B_MSIL2A_20240628T063629_R120_T40QFM_20240628T105136,0,2024-06,T40QFM,0.0508598319943699,0,0.8748625934688515
S2A_MSIL2A_20240703T063631_R120_T40QFM_20240703T111800_0000.jpg,S2A_MSIL2A_20240703T063631_R120_T40QFM_20240703T111800,1,2024-07,T40QFM,0.9794103476679744,1,0.8748625934688515
S2A_MSIL2A_20240703T063631_R120_T40QFM_20240703T111800_0001.jpg,S2A_MSIL2A_20240703T063631_R120_T40QFM_20240703T111800,1,2024-07,T40QFM,0.9794103476679744,1,0.8748625934688515
S2A_MSIL2A_20240723T063631_R120_T40QFM_20240723T113350_0000.jpg,S2A_MSIL2A_20240723T063631_R120_T40QFM_20240723T113350,0,2024-07,T40QFM,0.009317209787571815,0,0.8748625934688515
S2A_MSIL2A_20240723T063631_R120_T40QFM_20240723T113350_0001.jpg,S2A_MSIL2A_20240723T063631_R120_T40QFM_20240723T113350,0,2024-07,T40QFM,0.009317209787571815,0,0.8748625934688515
S2A_MSIL2A_20240812T063631_R120_T40QFM_20240812T114349_0000.jpg,S2A_MSIL2A_20240812T063631_R120_T40QFM_20240812T114349,0,2024-08,T40QFM,0.008043391082520675,0,0.8748625934688515
S2A_MSIL2A_20240812T063631_R120_T40QFM_20240812T114349_0001.jpg,S2A_MSIL2A_20240812T063631_R120_T40QFM_20240812T114349,0,2024-08,T40QFM,0.008043391082520675,0,0.8748625934688515
S2A_MSIL2A_20240822T063621_R120_T40QFM_20240822T115549_0000.jpg,S2A_MSIL2A_20240822T063621_R120_T40QFM_20240822T115549,1,2024-08,T40QFM,0.9850045736849106,1,0.8748625934688515
S2A_MSIL2A_20240822T063621_R120_T40QFM_20240822T115549_0001.jpg,S2A_MSIL2A_20240822T063621_R120_T40QFM_20240822T115549,1,2024-08,T40QFM,0.9850045736849106,1,0.8748625934688515
S2A_MSIL2A_20240911T063621_R120_T40QFM_20240911T114359_0000.jpg,S2A_MSIL2A_20240911T063621_R120_T40QFM_20240911T114359,0,2024-09,T40QFM,0.2765683854791774,0,0.8748625934688515
S2A_MSIL2A_20240911T063621_R120_T40QFM_20240911T114359_0001.jpg,S2A_MSIL2A_20240911T063621_R120_T40QFM_20240911T114359,0,2024-09,T40QFM,0.2765683854791774,0,0.8748625934688515
S2A_MSIL2A_20240921T063631_R120_T40QFM_20240921T101256_0000.jpg,S2A_MSIL2A_20240921T063631_R120_T40QFM_20240921T101256,0,2024-09,T40QFM,0.025499858212493,0,0.8748625934688515
S2A_MSIL2A_20240921T063631_R120_T40QFM_20240921T101256_0001.jpg,S2A_MSIL2A_20240921T063631_R120_T40QFM_20240921T101256,0,2024-09,T40QFM,0.025499858212493,0,0.8748625934688515
S2B_MSIL2A_20241006T063639_R120_T40QFM_20241006T090252_0000.jpg,S2B_MSIL2A_20241006T063639_R120_T40QFM_20241006T090252,0,2024-10,T40QFM,0.016956481900453537,0,0.8748625934688515
S2B_MSIL2A_20241006T063639_R120_T40QFM_20241006T090252_0001.jpg,S2B_MSIL2A_20241006T063639_R120_T40QFM_20241006T090252,0,2024-10,T40QFM,0.016956481900453537,0,0.8748625934688515
S2A_MSIL2A_20241011T063811_R120_T40QFM_20241011T094953_0000.jpg,S2A_MSIL2A_20241011T063811_R120_T40QFM_20241011T094953,1,2024-10,T40QFM,0.9885718053625929,1,0.8748625934688515
S2A_MSIL2A_20241011T063811_R120_T40QFM_20241011T094953_0001.jpg,S2A_MSIL2A_20241011T063811_R120_T40QFM_20241011T094953,1,2024-10,T40QFM,0.9885718053625929,1,0.8748625934688515
S2A_MSIL2A_20241021T063921_R120_T40QFM_20241021T103950_0000.jpg,S2A_MSIL2A_20241021T063921_R120_T40QFM_20241021T103950,1,2024-10,T40QFM,0.22652639670690042,0,0.8748625934688515
S2A_MSIL2A_20241021T063921_R120_T40QFM_20241021T103950_0001.jpg,S2A_MSIL2A_20241021T063921_R120_T40QFM_20241021T103950,1,2024-10,T40QFM,0.22652639670690042,0,0.8748625934688515
S2A_MSIL2A_20241031T064021_R120_T40QFM_20241031T093553_0000.jpg,S2A_MSIL2A_20241031T064021_R120_T40QFM_20241031T093553,0,2024-10,T40QFM,0.006702818939066638,0,0.8748625934688515
S2A_MSIL2A_20241031T064021_R120_T40QFM_20241031T093553_0001.jpg,S2A_MSIL2A_20241031T064021_R120_T40QFM_20241031T093553,0,2024-10,T40QFM,0.006702818939066638,0,0.8748625934688515
S2B_MSIL2A_20241105T063949_R120_T40QFM_20241105T090453_0000.jpg,S2B_MSIL2A_20241105T063949_R120_T40QFM_20241105T090453,0,2024-11,T40QFM,0.12294252819596051,0,0.8748625934688515
S2B_MSIL2A_20241105T063949_R120_T40QFM_20241105T090453_0001.jpg,S2B_MSIL2A_20241105T063949_R120_T40QFM_20241105T090453,0,2024-11,T40QFM,0.12294252819596051,0,0.8748625934688515
S2A_MSIL2A_20241120T064201_R120_T40QFM_20241120T094700_0000.jpg,S2A_MSIL2A_20241120T064201_R120_T40QFM_20241120T094700,0,2024-11,T40QFM,0.013823839840884566,0,0.8748625934688515
S2A_MSIL2A_20241120T064201_R120_T40QFM_20241120T094700_0001.jpg,S2A_MSIL2A_20241120T064201_R120_T40QFM_20241120T094700,0,2024-11,T40QFM,0.013823839840884566,0,0.8748625934688515
S2B_MSIL2A_20241125T064119_R120_T40QFM_20241125T085904_0000.jpg,S2B_MSIL2A_20241125T064119_R120_T40QFM_20241125T085904,0,2024-11,T40QFM,0.003537120277581528,0,0.8748625934688515
S2B_MSIL2A_20241125T064119_R120_T40QFM_20241125T085904_0001.jpg,S2B_MSIL2A_20241125T064119_R120_T40QFM_20241125T085904,0,2024-11,T40QFM,0.003537120277581528,0,0.8748625934688515
S2A_MSIL2A_20241210T064251_R120_T40QFM_20241210T095759_0000.jpg,S2A_MSIL2A_20241210T064251_R120_T40QFM_20241210T095759,0,2024-12,T40QFM,0.01969040037743856,0,0.8748625934688515
S2A_MSIL2A_20241210T064251_R120_T40QFM_20241210T095759_0001.jpg,S2A_MSIL2A_20241210T064251_R120_T40QFM_20241210T095759,0,2024-12,T40QFM,0.01969040037743856,0,0.8748625934688515
S2A_MSIL2A_20241220T064301_R120_T40QFM_20241220T102805_0000.jpg,S2A_MSIL2A_20241220T064301_R120_T40QFM_20241220T102805,0,2024-12,T40QFM,0.13734397104175142,0,0.8748625934688515
S2A_MSIL2A_20241220T064301_R120_T40QFM_20241220T102805_0001.jpg,S2A_MSIL2A_20241220T064301_R120_T40QFM_20241220T102805,0,2024-12,T40QFM,0.13734397104175142,0,0.8748625934688515
S2A_MSIL2A_20170227T062811_R077_T40QGL_20210208T174006_0000.jpg,S2A_MSIL2A_20170227T062811_R077_T40QGL_20210208T174006,0,2017-02,T40QGL,0.0492745838439002,0,0.8748625934688515
S2A_MSIL2A_20170227T062811_R077_T40QGL_20210208T174006_0001.jpg,S2A_MSIL2A_20170227T062811_R077_T40QGL_20210208T174006,0,2017-02,T40QGL,0.0492745838439002,0,0.8748625934688515
S2A_MSIL2A_20170408T062631_R077_T40QGL_20210209T054516_0000.jpg,S2A_MSIL2A_20170408T062631_R077_T40QGL_20210209T054516,0,2017-04,T40QGL,0.0908233354190113,0,0.8748625934688515
S2A_MSIL2A_20170408T062631_R077_T40QGL_20210209T054516_0001.jpg,S2A_MSIL2A_20170408T062631_R077_T40QGL_20210209T054516,0,2017-04,T40QGL,0.0908233354190113,0,0.8748625934688515
S2A_MSIL2A_20170607T062631_R077_T40QGL_20210209T210403_0000.jpg,S2A_MSIL2A_20170607T062631_R077_T40QGL_20210209T210403,0,2017-06,T40QGL,0.29459673813843407,0,0.8748625934688515
S2A_MSIL2A_20170607T062631_R077_T40QGL_20210209T210403_0001.jpg,S2A_MSIL2A_20170607T062631_R077_T40QGL_20210209T210403,0,2017-06,T40QGL,0.29459673813843407,0,0.8748625934688515
S2A_MSIL2A_20170826T062631_R077_T40QGL_20210201T110022_0000.jpg,S2A_MSIL2A_20170826T062631_R077_T40QGL_20210201T110022,0,2017-08,T40QGL,0.02451529035110594,0,0.8748625934688515
S2A_MSIL2A_20170826T062631_R077_T40QGL_20210201T110022_0001.jpg,S2A_MSIL2A_20170826T062631_R077_T40QGL_20210201T110022,0,2017-08,T40QGL,0.02451529035110594,0,0.8748625934688515
S2B_MSIL2A_20171020T062849_R077_T40QGL_20201015T010903_0000.jpg,S2B_MSIL2A_20171020T062849_R077_T40QGL_20201015T010903,0,2017-10,T40QGL,0.11098558552216042,0,0.8748625934688515
S2B_MSIL2A_20171020T062849_R077_T40QGL_20201015T010903_0001.jpg,S2B_MSIL2A_20171020T062849_R077_T40QGL_20201015T010903,0,2017-10,T40QGL,0.11098558552216042,0,0.8748625934688515
S2B_MSIL2A_20171109T063039_R077_T40QGL_20201014T190829_0000.jpg,S2B_MSIL2A_20171109T063039_R077_T40QGL_20201014T190829,0,2017-11,T40QGL,0.012486187888525254,0,0.8748625934688515
S2B_MSIL2A_20171109T063039_R077_T40QGL_20201014T190829_0001.jpg,S2B_MSIL2A_20171109T063039_R077_T40QGL_20201014T190829,0,2017-11,T40QGL,0.012486187888525254,0,0.8748625934688515
S2B_MSIL2A_20171119T063129_R077_T40QGL_20201014T205948_0000.jpg,S2B_MSIL2A_20171119T063129_R077_T40QGL_20201014T205948,0,2017-11,T40QGL,0.04323862684110189,0,0.8748625934688515
S2B_MSIL2A_20171119T063129_R077_T40QGL_20201014T205948_0001.jpg,S2B_MSIL2A_20171119T063129_R077_T40QGL_20201014T205948,0,2017-11,T40QGL,0.04323862684110189,0,0.8748625934688515
S2B_MSIL2A_20171129T063209_R077_T40QGL_20201014T225537_0000.jpg,S2B_MSIL2A_20171129T063209_R077_T40QGL_20201014T225537,0,2017-11,T40QGL,0.11707459202123437,0,0.8748625934688515
S2B_MSIL2A_20171129T063209_R077_T40QGL_20201014T225537_0001.jpg,S2B_MSIL2A_20171129T063209_R077_T40QGL_20201014T225537,0,2017-11,T40QGL,0.11707459202123437,0,0.8748625934688515
S2A_MSIL2A_20171224T063251_R077_T40QGL_20201014T155901_0000.jpg,S2A_MSIL2A_20171224T063251_R077_T40QGL_20201014T155901,1,2017-12,T40QGL,0.8821639120764883,1,0.8748625934688515
S2A_MSIL2A_20171224T063251_R077_T40QGL_20201014T155901_0001.jpg,S2A_MSIL2A_20171224T063251_R077_T40QGL_20201014T155901,1,2017-12,T40QGL,0.8821639120764883,1,0.8748625934688515
S2B_MSIL2A_20180108T063229_R077_T40QGL_20201014T041332_0000.jpg,S2B_MSIL2A_20180108T063229_R077_T40QGL_20201014T041332,0,2018-01,T40QGL,0.07537802116869331,0,0.8748625934688515
S2B_MSIL2A_20180108T063229_R077_T40QGL_20201014T041332_0001.jpg,S2B_MSIL2A_20180108T063229_R077_T40QGL_20201014T041332,0,2018-01,T40QGL,0.07537802116869331,0,0.8748625934688515
S2B_MSIL2A_20180128T063119_R077_T40QGL_20201014T093448_0000.jpg,S2B_MSIL2A_20180128T063119_R077_T40QGL_20201014T093448,0,2018-01,T40QGL,0.1953739822811991,0,0.8748625934688515
S2B_MSIL2A_20180128T063119_R077_T40QGL_20201014T093448_0001.jpg,S2B_MSIL2A_20180128T063119_R077_T40QGL_20201014T093448,0,2018-01,T40QGL,0.1953739822811991,0,0.8748625934688515
S2B_MSIL2A_20180217T062919_R077_T40QGL_20201013T222428_0000.jpg,S2B_MSIL2A_20180217T062919_R077_T40QGL_20201013T222428,0,2018-02,T40QGL,0.38512296900695053,0,0.8748625934688515
S2B_MSIL2A_20180217T062919_R077_T40QGL_20201013T222428_0001.jpg,S2B_MSIL2A_20180217T062919_R077_T40QGL_20201013T222428,0,2018-02,T40QGL,0.38512296900695053,0,0.8748625934688515
S2B_MSIL2A_20180319T062619_R077_T40QGL_20201013T111702_0000.jpg,S2B_MSIL2A_20180319T062619_R077_T40QGL_20201013T111702,0,2018-03,T40QGL,0.16771782766023202,0,0.8748625934688515
S2B_MSIL2A_20180319T062619_R077_T40QGL_20201013T111702_0001.jpg,S2B_MSIL2A_20180319T062619_R077_T40QGL_20201013T111702,0,2018-03,T40QGL,0.16771782766023202,0,0.8748625934688515
S2B_MSIL2A_20180408T062629_R077_T40QGL_20201012T195312_0000.jpg,S2B_MSIL2A_20180408T062629_R077_T40QGL_20201012T195312,1,2018-04,T40QGL,0.45951990700180523,0,0.8748625934688515
S2B_MSIL2A_20180408T062629_R077_T40QGL_20201012T195312_0001.jpg,S2B_MSIL2A_20180408T062629_R077_T40QGL_20201012T195312,1,2018-04,T40QGL,0.45951990700180523,0,0.8748625934688515
S2A_MSIL2A_20180413T062631_R077_T40QGL_20201012T214132_0000.jpg,S2A_MSIL2A_20180413T062631_R077_T40QGL_20201012T214132,1,2018-04,T40QGL,0.7208514590999014,0,0.8748625934688515
S2A_MSIL2A_20180413T062631_R077_T40QGL_20201012T214132_0001.jpg,S2A_MSIL2A_20180413T062631_R077_T40QGL_20201012T214132,1,2018-04,T40QGL,0.7208514590999014,0,0.8748625934688515
S2A_MSIL2A_20180503T062631_R077_T40QGL_20201012T051456_0000.jpg,S2A_MSIL2A_20180503T062631_R077_T40QGL_20201012T051456,0,2018-05,T40QGL,0.053402208181688435,0,0.8748625934688515
S2A_MSIL2A_20180503T062631_R077_T40QGL_20201012T051456_0001.jpg,S2A_MSIL2A_20180503T062631_R077_T40QGL_20201012T051456,0,2018-05,T40QGL,0.053402208181688435,0,0.8748625934688515
S2A_MSIL2A_20180513T062631_R077_T40QGL_20201012T091424_0000.jpg,S2A_MSIL2A_20180513T062631_R077_T40QGL_20201012T091424,0,2018-05,T40QGL,0.1919973150727245,0,0.8748625934688515
S2A_MSIL2A_20180513T062631_R077_T40QGL_20201012T091424_0001.jpg,S2A_MSIL2A_20180513T062631_R077_T40QGL_20201012T091424,0,2018-05,T40QGL,0.1919973150727245,0,0.8748625934688515
S2A_MSIL2A_20180523T062631_R077_T40QGL_20201012T131340_0000.jpg,S2A_MSIL2A_20180523T062631_R077_T40QGL_20201012T131340,0,2018-05,T40QGL,0.00907705547989775,0,0.8748625934688515
S2A_MSIL2A_20180523T062631_R077_T40QGL_20201012T131340_0001.jpg,S2A_MSIL2A_20180523T062631_R077_T40QGL_20201012T131340,0,2018-05,T40QGL,0.00907705547989775,0,0.8748625934688515
S2B_MSIL2A_20180528T062629_R077_T40QGL_20201026T110311_0000.jpg,S2B_MSIL2A_20180528T062629_R077_T40QGL_20201026T110311,1,2018-05,T40QGL,0.9146919581968974,1,0.8748625934688515
S2B_MSIL2A_20180528T062629_R077_T40QGL_20201026T110311_0001.jpg,S2B_MSIL2A_20180528T062629_R077_T40QGL_20201026T110311,1,2018-05,T40QGL,0.9146919581968974,1,0.8748625934688515
S2B_MSIL2A_20180617T062629_R077_T40QGL_20201011T231555_0000.jpg,S2B_MSIL2A_20180617T062629_R077_T40QGL_20201011T231555,0,2018-06,T40QGL,0.4190099336231855,0,0.8748625934688515
S2B_MSIL2A_20180617T062629_R077_T40QGL_20201011T231555_0001.jpg,S2B_MSIL2A_20180617T062629_R077_T40QGL_20201011T231555,0,2018-06,T40QGL,0.4190099336231855,0,0.8748625934688515
S2B_MSIL2A_20180707T062629_R077_T40QGL_20201011T130506_0000.jpg,S2B_MSIL2A_20180707T062629_R077_T40QGL_20201011T130506,1,2018-07,T40QGL,0.9487409407896922,1,0.8748625934688515
S2B_MSIL2A_20180707T062629_R077_T40QGL_20201011T130506_0001.jpg,S2B_MSIL2A_20180707T062629_R077_T40QGL_20201011T130506,1,2018-07,T40QGL,0.9487409407896922,1,0.8748625934688515
S2B_MSIL2A_20180806T062629_R077_T40QGL_20201010T220237_0000.jpg,S2B_MSIL2A_20180806T062629_R077_T40QGL_20201010T220237,0,2018-08,T40QGL,0.1670451693843748,0,0.8748625934688515
S2B_MSIL2A_20180806T062629_R077_T40QGL_20201010T220237_0001.jpg,S2B_MSIL2A_20180806T062629_R077_T40QGL_20201010T220237,0,2018-08,T40QGL,0.1670451693843748,0,0.8748625934688515
S2A_MSIL2A_20180811T062631_R077_T40QGL_20201011T000840_0000.jpg,S2A_MSIL2A_20180811T062631_R077_T40QGL_20201011T000840,0,2018-08,T40QGL,0.1670451693843748,0,0.8748625934688515
S2A_MSIL2A_20180811T062631_R077_T40QGL_20201011T000840_0001.jpg,S2A_MSIL2A_20180811T062631_R077_T40QGL_20201011T000840,0,2018-08,T40QGL,0.1670451693843748,0,0.8748625934688515
S2A_MSIL2A_20180821T062631_R077_T40QGL_20201011T044753_0000.jpg,S2A_MSIL2A_20180821T062631_R077_T40QGL_20201011T044753,0,2018-08,T40QGL,0.008161381785968654,0,0.8748625934688515
S2A_MSIL2A_20180821T062631_R077_T40QGL_20201011T044753_0001.jpg,S2A_MSIL2A_20180821T062631_R077_T40QGL_20201011T044753,0,2018-08,T40QGL,0.008161381785968654,0,0.8748625934688515
S2A_MSIL2A_20180831T062631_R077_T40QGL_20201103T173702_0000.jpg,S2A_MSIL2A_20180831T062631_R077_T40QGL_20201103T173702,0,2018-08,T40QGL,0.0036266717155839434,0,0.8748625934688515
S2A_MSIL2A_20180831T062631_R077_T40QGL_20201103T173702_0001.jpg,S2A_MSIL2A_20180831T062631_R077_T40QGL_20201103T173702,0,2018-08,T40QGL,0.0036266717155839434,0,0.8748625934688515
S2B_MSIL2A_20180905T062619_R077_T40QGL_20201011T085713_0000.jpg,S2B_MSIL2A_20180905T062619_R077_T40QGL_20201011T085713,0,2018-09,T40QGL,0.2285691385796334,0,0.8748625934688515
S2B_MSIL2A_20180905T062619_R077_T40QGL_20201011T085713_0001.jpg,S2B_MSIL2A_20180905T062619_R077_T40QGL_20201011T085713,0,2018-09,T40QGL,0.2285691385796334,0,0.8748625934688515
S2B_MSIL2A_20181005T062719_R077_T40QGL_20201009T082717_0000.jpg,S2B_MSIL2A_20181005T062719_R077_T40QGL_20201009T082717,0,2018-10,T40QGL,0.2815926141782867,0,0.8748625934688515
S2B_MSIL2A_20181005T062719_R077_T40QGL_20201009T082717_0001.jpg,S2B_MSIL2A_20181005T062719_R077_T40QGL_20201009T082717,0,2018-10,T40QGL,0.2815926141782867,0,0.8748625934688515
S2A_MSIL2A_20181010T062751_R077_T40QGL_20201009T100248_0000.jpg,S2A_MSIL2A_20181010T062751_R077_T40QGL_20201009T100248,1,2018-10,T40QGL,0.07211617632037028,0,0.8748625934688515
S2A_MSIL2A_20181010T062751_R077_T40QGL_20201009T100248_0001.jpg,S2A_MSIL2A_20181010T062751_R077_T40QGL_20201009T100248,1,2018-10,T40QGL,0.07211617632037028,0,0.8748625934688515
S2B_MSIL2A_20181104T063029_R077_T40QGL_20201008T154613_0000.jpg,S2B_MSIL2A_20181104T063029_R077_T40QGL_20201008T154613,1,2018-11,T40QGL,0.9008221103053212,1,0.8748625934688515
S2B_MSIL2A_20181104T063029_R077_T40QGL_20201008T154613_0001.jpg,S2B_MSIL2A_20181104T063029_R077_T40QGL_20201008T154613,1,2018-11,T40QGL,0.9008221103053212,1,0.8748625934688515
S2B_MSIL2A_20181114T063119_R077_T40QGL_20201008T183306_0000.jpg,S2B_MSIL2A_20181114T063119_R077_T40QGL_20201008T183306,0,2018-11,T40QGL,0.01131592543608225,0,0.8748625934688515
S2B_MSIL2A_20181114T063119_R077_T40QGL_20201008T183306_0001.jpg,S2B_MSIL2A_20181114T063119_R077_T40QGL_20201008T183306,0,2018-11,T40QGL,0.01131592543608225,0,0.8748625934688515
S2A_MSIL2A_20181209T063241_R077_T40QGL_20201008T083422_0000.jpg,S2A_MSIL2A_20181209T063241_R077_T40QGL_20201008T083422,0,2018-12,T40QGL,0.2105766429445448,0,0.8748625934688515
S2A_MSIL2A_20181209T063241_R077_T40QGL_20201008T083422_0001.jpg,S2A_MSIL2A_20181209T063241_R077_T40QGL_20201008T083422,0,2018-12,T40QGL,0.2105766429445448,0,0.8748625934688515
S2B_MSIL2A_20190103T063249_R077_T40QGL_20201007T222958_0000.jpg,S2B_MSIL2A_20190103T063249_R077_T40QGL_20201007T222958,0,2019-01,T40QGL,0.022709531654003693,0,0.8748625934688515
S2B_MSIL2A_20190103T063249_R077_T40QGL_20201007T222958_0001.jpg,S2B_MSIL2A_20190103T063249_R077_T40QGL_20201007T222958,0,2019-01,T40QGL,0.022709531654003693,0,0.8748625934688515
S2A_MSIL2A_20190128T063121_R077_T40QGL_20201008T051649_0000.jpg,S2A_MSIL2A_20190128T063121_R077_T40QGL_20201008T051649,0,2019-01,T40QGL,0.25735162860294386,0,0.8748625934688515
S2A_MSIL2A_20190128T063121_R077_T40QGL_20201008T051649_0001.jpg,S2A_MSIL2A_20190128T063121_R077_T40QGL_20201008T051649,0,2019-01,T40QGL,0.25735162860294386,0,0.8748625934688515
S2B_MSIL2A_20190212T063009_R077_T40QGL_20201007T161347_0000.jpg,S2B_MSIL2A_20190212T063009_R077_T40QGL_20201007T161347,1,2019-02,T40QGL,0.9587579824020787,1,0.8748625934688515
S2B_MSIL2A_20190212T063009_R077_T40QGL_20201007T161347_0001.jpg,S2B_MSIL2A_20190212T063009_R077_T40QGL_20201007T161347,1,2019-02,T40QGL,0.9587579824020787,1,0.8748625934688515
S2A_MSIL2A_20190227T062821_R077_T40QGL_20201007T210606_0000.jpg,S2A_MSIL2A_20190227T062821_R077_T40QGL_20201007T210606,0,2019-02,T40QGL,0.013492825741111894,0,0.8748625934688515
S2A_MSIL2A_20190227T062821_R077_T40QGL_20201007T210606_0001.jpg,S2A_MSIL2A_20190227T062821_R077_T40QGL_20201007T210606,0,2019-02,T40QGL,0.013492825741111894,0,0.8748625934688515
S2B_MSIL2A_20190304T062749_R077_T40QGL_20201030T140917_0000.jpg,S2B_MSIL2A_20190304T062749_R077_T40QGL_20201030T140917,0,2019-03,T40QGL,0.28653359642165277,0,0.8748625934688515
S2B_MSIL2A_20190304T062749_R077_T40QGL_20201030T140917_0001.jpg,S2B_MSIL2A_20190304T062749_R077_T40QGL_20201030T140917,0,2019-03,T40QGL,0.28653359642165277,0,0.8748625934688515
S2B_MSIL2A_20190314T062629_R077_T40QGL_20201007T063944_0000.jpg,S2B_MSIL2A_20190314T062629_R077_T40QGL_20201007T063944,1,2019-03,T40QGL,0.8039892248083578,0,0.8748625934688515
S2B_MSIL2A_20190314T062629_R077_T40QGL_20201007T063944_0001.jpg,S2B_MSIL2A_20190314T062629_R077_T40QGL_20201007T063944,1,2019-03,T40QGL,0.8039892248083578,0,0.8748625934688515
S2A_MSIL2A_20190408T062631_R077_T40QGL_20201006T233306_0000.jpg,S2A_MSIL2A_20190408T062631_R077_T40QGL_20201006T233306,1,2019-04,T40QGL,0.9091753234803851,1,0.8748625934688515
S2A_MSIL2A_20190408T062631_R077_T40QGL_20201006T233306_0001.jpg,S2A_MSIL2A_20190408T062631_R077_T40QGL_20201006T233306,1,2019-04,T40QGL,0.9091753234803851,1,0.8748625934688515
S2A_MSIL2A_20190418T062631_R077_T40QGL_20201007T032916_0000.jpg,S2A_MSIL2A_20190418T062631_R077_T40QGL_20201007T032916,0,2019-04,T40QGL,0.21541468506913958,0,0.8748625934688515
S2A_MSIL2A_20190418T062631_R077_T40QGL_20201007T032916_0001.jpg,S2A_MSIL2A_20190418T062631_R077_T40QGL_20201007T032916,0,2019-04,T40QGL,0.21541468506913958,0,0.8748625934688515
S2A_MSIL2A_20190428T062631_R077_T40QGL_20201105T205728_0000.jpg,S2A_MSIL2A_20190428T062631_R077_T40QGL_20201105T205728,0,2019-04,T40QGL,0.09731367106782968,0,0.8748625934688515
S2A_MSIL2A_20190428T062631_R077_T40QGL_20201105T205728_0001.jpg,S2A_MSIL2A_20190428T062631_R077_T40QGL_20201105T205728,0,2019-04,T40QGL,0.09731367106782968,0,0.8748625934688515
S2B_MSIL2A_20190503T062639_R077_T40QGL_20201006T093617_0000.jpg,S2B_MSIL2A_20190503T062639_R077_T40QGL_20201006T093617,0,2019-05,T40QGL,0.0913742472155947,0,0.8748625934688515
S2B_MSIL2A_20190503T062639_R077_T40QGL_20201006T093617_0001.jpg,S2B_MSIL2A_20190503T062639_R077_T40QGL_20201006T093617,0,2019-05,T40QGL,0.0913742472155947,0,0.8748625934688515
S2A_MSIL2A_20190528T062631_R077_T40QGL_20201006T191629_0000.jpg,S2A_MSIL2A_20190528T062631_R077_T40QGL_20201006T191629,0,2019-05,T40QGL,0.2144715569911688,0,0.8748625934688515
S2A_MSIL2A_20190528T062631_R077_T40QGL_20201006T191629_0001.jpg,S2A_MSIL2A_20190528T062631_R077_T40QGL_20201006T191629,0,2019-05,T40QGL,0.2144715569911688,0,0.8748625934688515
S2A_MSIL2A_20190607T062631_R077_T40QGL_20201005T230634_0000.jpg,S2A_MSIL2A_20190607T062631_R077_T40QGL_20201005T230634,0,2019-06,T40QGL,0.08623679604358143,0,0.8748625934688515
S2A_MSIL2A_20190607T062631_R077_T40QGL_20201005T230634_0001.jpg,S2A_MSIL2A_20190607T062631_R077_T40QGL_20201005T230634,0,2019-06,T40QGL,0.08623679604358143,0,0.8748625934688515
S2B_MSIL2A_20190612T062639_R077_T40QGL_20201006T012129_0000.jpg,S2B_MSIL2A_20190612T062639_R077_T40QGL_20201006T012129,0,2019-06,T40QGL,0.19705823484967475,0,0.8748625934688515
S2B_MSIL2A_20190612T062639_R077_T40QGL_20201006T012129_0001.jpg,S2B_MSIL2A_20190612T062639_R077_T40QGL_20201006T012129,0,2019-06,T40QGL,0.19705823484967475,0,0.8748625934688515
S2A_MSIL2A_20190627T062631_R077_T40QGL_20201006T065428_0000.jpg,S2A_MSIL2A_20190627T062631_R077_T40QGL_20201006T065428,0,2019-06,T40QGL,0.009580868696305676,0,0.8748625934688515
S2A_MSIL2A_20190627T062631_R077_T40QGL_20201006T065428_0001.jpg,S2A_MSIL2A_20190627T062631_R077_T40QGL_20201006T065428,0,2019-06,T40QGL,0.009580868696305676,0,0.8748625934688515
S2A_MSIL2A_20190816T062631_R077_T40QGL_20201005T005747_0000.jpg,S2A_MSIL2A_20190816T062631_R077_T40QGL_20201005T005747,1,2019-08,T40QGL,0.8978230989019557,1,0.8748625934688515
S2A_MSIL2A_20190816T062631_R077_T40QGL_20201005T005747_0001.jpg,S2A_MSIL2A_20190816T062631_R077_T40QGL_20201005T005747,1,2019-08,T40QGL,0.8978230989019557,1,0.8748625934688515
S2A_MSIL2A_20191015T062831_R077_T40QGL_20201004T022854_0000.jpg,S2A_MSIL2A_20191015T062831_R077_T40QGL_20201004T022854,0,2019-10,T40QGL,0.007899898040900463,0,0.8748625934688515
S2A_MSIL2A_20191015T062831_R077_T40QGL_20201004T022854_0001.jpg,S2A_MSIL2A_20191015T062831_R077_T40QGL_20201004T022854,0,2019-10,T40QGL,0.007899898040900463,0,0.8748625934688515
S2B_MSIL2A_20191020T062859_R077_T40QGL_20201004T042518_0000.jpg,S2B_MSIL2A_20191020T062859_R077_T40QGL_20201004T042518,0,2019-10,T40QGL,0.22605181831543733,0,0.8748625934688515
S2B_MSIL2A_20191020T062859_R077_T40QGL_20201004T042518_0001.jpg,S2B_MSIL2A_20191020T062859_R077_T40QGL_20201004T042518,0,2019-10,T40QGL,0.22605181831543733,0,0.8748625934688515
S2A_MSIL2A_20191025T062931_R077_T40QGL_20201004T055923_0000.jpg,S2A_MSIL2A_20191025T062931_R077_T40QGL_20201004T055923,0,2019-10,T40QGL,0.0354332118150984,0,0.8748625934688515
S2A_MSIL2A_20191025T062931_R077_T40QGL_20201004T055923_0001.jpg,S2A_MSIL2A_20191025T062931_R077_T40QGL_20201004T055923,0,2019-10,T40QGL,0.0354332118150984,0,0.8748625934688515
S2B_MSIL2A_20191119T063139_R077_T40QGL_20201003T180524_0000.jpg,S2B_MSIL2A_20191119T063139_R077_T40QGL_20201003T180524,1,2019-11,T40QGL,0.6619248759901417,0,0.8748625934688515
S2B_MSIL2A_20191119T063139_R077_T40QGL_20201003T180524_0001.jpg,S2B_MSIL2A_20191119T063139_R077_T40QGL_20201003T180524,1,2019-11,T40QGL,0.6619248759901417,0,0.8748625934688515
S2A_MSIL2A_20191214T063251_R077_T40QGL_20201003T044507_0000.jpg,S2A_MSIL2A_20191214T063251_R077_T40QGL_20201003T044507,1,2019-12,T40QGL,0.9191026684369684,1,0.8748625934688515
S2A_MSIL2A_20191214T063251_R077_T40QGL_20201003T044507_0001.jpg,S2A_MSIL2A_20191214T063251_R077_T40QGL_20201003T044507,1,2019-12,T40QGL,0.9191026684369684,1,0.8748625934688515
S2A_MSIL2A_20200303T062741_R077_T40QGL_20200926T050041_0000.jpg,S2A_MSIL2A_20200303T062741_R077_T40QGL_20200926T050041,0,2020-03,T40QGL,0.8012834672846412,0,0.8748625934688515
S2A_MSIL2A_20200303T062741_R077_T40QGL_20200926T050041_0001.jpg,S2A_MSIL2A_20200303T062741_R077_T40QGL_20200926T050041,0,2020-03,T40QGL,0.8012834672846412,0,0.8748625934688515
S2A_MSIL2A_20200313T062631_R077_T40QGL_20201009T030506_0000.jpg,S2A_MSIL2A_20200313T062631_R077_T40QGL_20201009T030506,1,2020-03,T40QGL,0.02591219814941156,0,0.8748625934688515
S2A_MSIL2A_20200313T062631_R077_T40QGL_20201009T030506_0001.jpg,S2A_MSIL2A_20200313T062631_R077_T40QGL_20201009T030506,1,2020-03,T40QGL,0.02591219814941156,0,0.8748625934688515
S2B_MSIL2A_20200328T062629_R077_T40QGL_20201027T122255_0000.jpg,S2B_MSIL2A_20200328T062629_R077_T40QGL_20201027T122255,0,2020-03,T40QGL,0.05939245054139741,0,0.8748625934688515
S2B_MSIL2A_20200328T062629_R077_T40QGL_20201027T122255_0001.jpg,S2B_MSIL2A_20200328T062629_R077_T40QGL_20201027T122255,0,2020-03,T40QGL,0.05939245054139741,0,0.8748625934688515
S2A_MSIL2A_20200402T062621_R077_T40QGL_20200924T160404_0000.jpg,S2A_MSIL2A_20200402T062621_R077_T40QGL_20200924T160404,1,2020-04,T40QGL,0.7171234206784155,0,0.8748625934688515
S2A_MSIL2A_20200402T062621_R077_T40QGL_20200924T160404_0001.jpg,S2A_MSIL2A_20200402T062621_R077_T40QGL_20200924T160404,1,2020-04,T40QGL,0.7171234206784155,0,0.8748625934688515
S2B_MSIL2A_20200507T062629_R077_T40QGL_20200920T220120_0000.jpg,S2B_MSIL2A_20200507T062629_R077_T40QGL_20200920T220120,0,2020-05,T40QGL,0.0281087781023079,0,0.8748625934688515
S2B_MSIL2A_20200507T062629_R077_T40QGL_20200920T220120_0001.jpg,S2B_MSIL2A_20200507T062629_R077_T40QGL_20200920T220120,0,2020-05,T40QGL,0.0281087781023079,0,0.8748625934688515
S2A_MSIL2A_20200512T062631_R077_T40QGL_20200917T210541_0000.jpg,S2A_MSIL2A_20200512T062631_R077_T40QGL_20200917T210541,0,2020-05,T40QGL,0.026950060367628374,0,0.8748625934688515
S2A_MSIL2A_20200512T062631_R077_T40QGL_20200917T210541_0001.jpg,S2A_MSIL2A_20200512T062631_R077_T40QGL_20200917T210541,0,2020-05,T40QGL,0.026950060367628374,0,0.8748625934688515
S2A_MSIL2A_20200522T062631_R077_T40QGL_20200910T130323_0000.jpg,S2A_MSIL2A_20200522T062631_R077_T40QGL_20200910T130323,0,2020-05,T40QGL,0.2711602135684715,0,0.8748625934688515
S2A_MSIL2A_20200522T062631_R077_T40QGL_20200910T130323_0001.jpg,S2A_MSIL2A_20200522T062631_R077_T40QGL_20200910T130323,0,2020-05,T40QGL,0.2711602135684715,0,0.8748625934688515
S2B_MSIL2A_20200527T062629_R077_T40QGL_20200911T043845_0000.jpg,S2B_MSIL2A_20200527T062629_R077_T40QGL_20200911T043845,1,2020-05,T40QGL,0.9111660754021208,1,0.8748625934688515
S2B_MSIL2A_20200527T062629_R077_T40QGL_20200911T043845_0001.jpg,S2B_MSIL2A_20200527T062629_R077_T40QGL_20200911T043845,1,2020-05,T40QGL,0.9111660754021208,1,0.8748625934688515
S2A_MSIL2A_20200611T062631_R077_T40QGL_20200909T170247_0000.jpg,S2A_MSIL2A_20200611T062631_R077_T40QGL_20200909T170247,0,2020-06,T40QGL,0.17100259071001042,0,0.8748625934688515
S2A_MSIL2A_20200611T062631_R077_T40QGL_20200909T170247_0001.jpg,S2A_MSIL2A_20200611T062631_R077_T40QGL_20200909T170247,0,2020-06,T40QGL,0.17100259071001042,0,0.8748625934688515
S2A_MSIL2A_20200701T062631_R077_T40QGL_20200824T190158_0000.jpg,S2A_MSIL2A_20200701T062631_R077_T40QGL_20200824T190158,0,2020-07,T40QGL,0.16792381341647278,0,0.8748625934688515
S2A_MSIL2A_20200701T062631_R077_T40QGL_20200824T190158_0001.jpg,S2A_MSIL2A_20200701T062631_R077_T40QGL_20200824T190158,0,2020-07,T40QGL,0.16792381341647278,0,0.8748625934688515
S2B_MSIL2A_20200805T062629_R077_T40QGL_20200815T032732_0000.jpg,S2B_MSIL2A_20200805T062629_R077_T40QGL_20200815T032732,0,2020-08,T40QGL,0.19610118280924013,0,0.8748625934688515
S2B_MSIL2A_20200805T062629_R077_T40QGL_20200815T032732_0001.jpg,S2B_MSIL2A_20200805T062629_R077_T40QGL_20200815T032732,0,2020-08,T40QGL,0.19610118280924013,0,0.8748625934688515
S2A_MSIL2A_20200830T062631_R077_T40QGL_20200907T182438_0000.jpg,S2A_MSIL2A_20200830T062631_R077_T40QGL_20200907T182438,0,2020-08,T40QGL,0.009334087387414099,0,0.8748625934688515
S2A_MSIL2A_20200830T062631_R077_T40QGL_20200907T182438_0001.jpg,S2A_MSIL2A_20200830T062631_R077_T40QGL_20200907T182438,0,2020-08,T40QGL,0.009334087387414099,0,0.8748625934688515
S2A_MSIL2A_20200909T062631_R077_T40QGL_20200919T090136_0000.jpg,S2A_MSIL2A_20200909T062631_R077_T40QGL_20200919T090136,0,2020-09,T40QGL,0.006569504278439795,0,0.8748625934688515
S2A_MSIL2A_20200909T062631_R077_T40QGL_20200919T090136_0001.jpg,S2A_MSIL2A_20200909T062631_R077_T40QGL_20200919T090136,0,2020-09,T40QGL,0.006569504278439795,0,0.8748625934688515
S2A_MSIL2A_20200919T062631_R077_T40QGL_20200922T213558_0000.jpg,S2A_MSIL2A_20200919T062631_R077_T40QGL_20200922T213558,0,2020-09,T40QGL,0.11644537861946844,0,0.8748625934688515
S2A_MSIL2A_20200919T062631_R077_T40QGL_20200922T213558_0001.jpg,S2A_MSIL2A_20200919T062631_R077_T40QGL_20200922T213558,0,2020-09,T40QGL,0.11644537861946844,0,0.8748625934688515
S2A_MSIL2A_20200929T062651_R077_T40QGL_20201001T173743_0000.jpg,S2A_MSIL2A_20200929T062651_R077_T40QGL_20201001T173743,1,2020-09,T40QGL,0.8281823061548338,0,0.8748625934688515
S2A_MSIL2A_20200929T062651_R077_T40QGL_20201001T173743_0001.jpg,S2A_MSIL2A_20200929T062651_R077_T40QGL_20201001T173743,1,2020-09,T40QGL,0.8281823061548338,0,0.8748625934688515
S2B_MSIL2A_20201004T062719_R077_T40QGL_20201006T041206_0000.jpg,S2B_MSIL2A_20201004T062719_R077_T40QGL_20201006T041206,1,2020-10,T40QGL,0.9265638900869131,1,0.8748625934688515
S2B_MSIL2A_20201004T062719_R077_T40QGL_20201006T041206_0001.jpg,S2B_MSIL2A_20201004T062719_R077_T40QGL_20201006T041206,1,2020-10,T40QGL,0.9265638900869131,1,0.8748625934688515
S2A_MSIL2A_20201009T062801_R077_T40QGL_20201011T131957_0000.jpg,S2A_MSIL2A_20201009T062801_R077_T40QGL_20201011T131957,0,2020-10,T40QGL,0.006658457401350999,0,0.8748625934688515
S2A_MSIL2A_20201009T062801_R077_T40QGL_20201011T131957_0001.jpg,S2A_MSIL2A_20201009T062801_R077_T40QGL_20201011T131957,0,2020-10,T40QGL,0.006658457401350999,0,0.8748625934688515
S2B_MSIL2A_20201123T063159_R077_T40QGL_20201124T121724_0000.jpg,S2B_MSIL2A_20201123T063159_R077_T40QGL_20201124T121724,0,2020-11,T40QGL,0.2609490984078525,0,0.8748625934688515
S2B_MSIL2A_20201123T063159_R077_T40QGL_20201124T121724_0001.jpg,S2B_MSIL2A_20201123T063159_R077_T40QGL_20201124T121724,0,2020-11,T40QGL,0.2609490984078525,0,0.8748625934688515
S2B_MSIL2A_20201203T063229_R077_T40QGL_20201204T002719_0000.jpg,S2B_MSIL2A_20201203T063229_R077_T40QGL_20201204T002719,0,2020-12,T40QGL,0.006482101994332442,0,0.8748625934688515
S2B_MSIL2A_20201203T063229_R077_T40QGL_20201204T002719_0001.jpg,S2B_MSIL2A_20201203T063229_R077_T40QGL_20201204T002719,0,2020-12,T40QGL,0.006482101994332442,0,0.8748625934688515
S2B_MSIL2A_20201213T063249_R077_T40QGL_20201214T025146_0000.jpg,S2B_MSIL2A_20201213T063249_R077_T40QGL_20201214T025146,0,2020-12,T40QGL,0.1176126111130645,0,0.8748625934688515
S2B_MSIL2A_20201213T063249_R077_T40QGL_20201214T025146_0001.jpg,S2B_MSIL2A_20201213T063249_R077_T40QGL_20201214T025146,0,2020-12,T40QGL,0.1176126111130645,0,0.8748625934688515
S2A_MSIL2A_20201228T063301_R077_T40QGL_20210113T144450_0000.jpg,S2A_MSIL2A_20201228T063301_R077_T40QGL_20210113T144450,0,2020-12,T40QGL,0.2164003787628172,0,0.8748625934688515
S2A_MSIL2A_20201228T063301_R077_T40QGL_20210113T144450_0001.jpg,S2A_MSIL2A_20201228T063301_R077_T40QGL_20210113T144450,0,2020-12,T40QGL,0.2164003787628172,0,0.8748625934688515
S2B_MSIL2A_20210102T063249_R077_T40QGL_20210102T170534_0000.jpg,S2B_MSIL2A_20210102T063249_R077_T40QGL_20210102T170534,0,2021-01,T40QGL,0.014695241514566137,0,0.8748625934688515
S2B_MSIL2A_20210102T063249_R077_T40QGL_20210102T170534_0001.jpg,S2B_MSIL2A_20210102T063249_R077_T40QGL_20210102T170534,0,2021-01,T40QGL,0.014695241514566137,0,0.8748625934688515
S2B_MSIL2A_20210112T063229_R077_T40QGL_20210112T195729_0000.jpg,S2B_MSIL2A_20210112T063229_R077_T40QGL_20210112T195729,1,2021-01,T40QGL,0.9787900973643296,1,0.8748625934688515
S2B_MSIL2A_20210112T063229_R077_T40QGL_20210112T195729_0001.jpg,S2B_MSIL2A_20210112T063229_R077_T40QGL_20210112T195729,1,2021-01,T40QGL,0.9787900973643296,1,0.8748625934688515
S2B_MSIL2A_20210201T063059_R077_T40QGL_20210202T030519_0000.jpg,S2B_MSIL2A_20210201T063059_R077_T40QGL_20210202T030519,0,2021-02,T40QGL,0.036446549660217355,0,0.8748625934688515
S2B_MSIL2A_20210201T063059_R077_T40QGL_20210202T030519_0001.jpg,S2B_MSIL2A_20210201T063059_R077_T40QGL_20210202T030519,0,2021-02,T40QGL,0.036446549660217355,0,0.8748625934688515
S2A_MSIL2A_20210216T062931_R077_T40QGL_20210419T220332_0000.jpg,S2A_MSIL2A_20210216T062931_R077_T40QGL_20210419T220332,0,2021-02,T40QGL,0.1824134891694252,0,0.8748625934688515
S2A_MSIL2A_20210216T062931_R077_T40QGL_20210419T220332_0001.jpg,S2A_MSIL2A_20210216T062931_R077_T40QGL_20210419T220332,0,2021-02,T40QGL,0.1824134891694252,0,0.8748625934688515
S2B_MSIL2A_20210221T062859_R077_T40QGL_20210221T175910_0000.jpg,S2B_MSIL2A_20210221T062859_R077_T40QGL_20210221T175910,0,2021-02,T40QGL,0.04867824229452139,0,0.8748625934688515
S2B_MSIL2A_20210221T062859_R077_T40QGL_20210221T175910_0001.jpg,S2B_MSIL2A_20210221T062859_R077_T40QGL_20210221T175910,0,2021-02,T40QGL,0.04867824229452139,0,0.8748625934688515
S2B_MSIL2A_20210303T062749_R077_T40QGL_20210303T194138_0000.jpg,S2B_MSIL2A_20210303T062749_R077_T40QGL_20210303T194138,1,2021-03,T40QGL,0.9368332152707308,1,0.8748625934688515
S2B_MSIL2A_20210303T062749_R077_T40QGL_20210303T194138_0001.jpg,S2B_MSIL2A_20210303T062749_R077_T40QGL_20210303T194138,1,2021-03,T40QGL,0.9368332152707308,1,0.8748625934688515
S2A_MSIL2A_20210318T062631_R077_T40QGL_20210318T222033_0000.jpg,S2A_MSIL2A_20210318T062631_R077_T40QGL_20210318T222033,0,2021-03,T40QGL,0.3697068771799984,0,0.8748625934688515
S2A_MSIL2A_20210318T062631_R077_T40QGL_20210318T222033_0001.jpg,S2A_MSIL2A_20210318T062631_R077_T40QGL_20210318T222033,0,2021-03,T40QGL,0.3697068771799984,0,0.8748625934688515
S2B_MSIL2A_20210402T062629_R077_T40QGL_20210402T233313_0000.jpg,S2B_MSIL2A_20210402T062629_R077_T40QGL_20210402T233313,1,2021-04,T40QGL,0.9275065350949344,1,0.8748625934688515
S2B_MSIL2A_20210402T062629_R077_T40QGL_20210402T233313_0001.jpg,S2B_MSIL2A_20210402T062629_R077_T40QGL_20210402T233313,1,2021-04,T40QGL,0.9275065350949344,1,0.8748625934688515
S2B_MSIL2A_20210422T062619_R077_T40QGL_20210422T195008_0000.jpg,S2B_MSIL2A_20210422T062619_R077_T40QGL_20210422T195008,0,2021-04,T40QGL,0.05792795012842239,0,0.8748625934688515
S2B_MSIL2A_20210422T062619_R077_T40QGL_20210422T195008_0001.jpg,S2B_MSIL2A_20210422T062619_R077_T40QGL_20210422T195008,0,2021-04,T40QGL,0.05792795012842239,0,0.8748625934688515
S2A_MSIL2A_20210517T062631_R077_T40QGL_20210518T194257_0000.jpg,S2A_MSIL2A_20210517T062631_R077_T40QGL_20210518T194257,0,2021-05,T40QGL,0.0271707864508789,0,0.8748625934688515
S2A_MSIL2A_20210517T062631_R077_T40QGL_20210518T194257_0001.jpg,S2A_MSIL2A_20210517T062631_R077_T40QGL_20210518T194257,0,2021-05,T40QGL,0.0271707864508789,0,0.8748625934688515
S2A_MSIL2A_20210527T062631_R077_T40QGL_20210527T194319_0000.jpg,S2A_MSIL2A_20210527T062631_R077_T40QGL_20210527T194319,1,2021-05,T40QGL,0.9001159490600373,1,0.8748625934688515
S2A_MSIL2A_20210527T062631_R077_T40QGL_20210527T194319_0001.jpg,S2A_MSIL2A_20210527T062631_R077_T40QGL_20210527T194319,1,2021-05,T40QGL,0.9001159490600373,1,0.8748625934688515
S2B_MSIL2A_20210601T062629_R077_T40QGL_20210601T190640_0000.jpg,S2B_MSIL2A_20210601T062629_R077_T40QGL_20210601T190640,0,2021-06,T40QGL,0.017799243466281926,0,0.8748625934688515
S2B_MSIL2A_20210601T062629_R077_T40QGL_20210601T190640_0001.jpg,S2B_MSIL2A_20210601T062629_R077_T40QGL_20210601T190640,0,2021-06,T40QGL,0.017799243466281926,0,0.8748625934688515
S2A_MSIL2A_20210626T062631_R077_T40QGL_20210626T143353_0000.jpg,S2A_MSIL2A_20210626T062631_R077_T40QGL_20210626T143353,1,2021-06,T40QGL,0.6256195072195622,0,0.8748625934688515
S2A_MSIL2A_20210626T062631_R077_T40QGL_20210626T143353_0001.jpg,S2A_MSIL2A_20210626T062631_R077_T40QGL_20210626T143353,1,2021-06,T40QGL,0.6256195072195622,0,0.8748625934688515
S2A_MSIL2A_20210706T062631_R077_T40QGL_20210706T183652_0000.jpg,S2A_MSIL2A_20210706T062631_R077_T40QGL_20210706T183652,0,2021-07,T40QGL,0.25447088550460645,0,0.8748625934688515
S2A_MSIL2A_20210706T062631_R077_T40QGL_20210706T183652_0001.jpg,S2A_MSIL2A_20210706T062631_R077_T40QGL_20210706T183652,0,2021-07,T40QGL,0.25447088550460645,0,0.8748625934688515
S2B_MSIL2A_20210820T062629_R077_T40QGL_20210820T125555_0000.jpg,S2B_MSIL2A_20210820T062629_R077_T40QGL_20210820T125555,0,2021-08,T40QGL,0.3422213423971429,0,0.8748625934688515
S2B_MSIL2A_20210820T062629_R077_T40QGL_20210820T125555_0001.jpg,S2B_MSIL2A_20210820T062629_R077_T40QGL_20210820T125555,0,2021-08,T40QGL,0.3422213423971429,0,0.8748625934688515
S2A_MSIL2A_20210825T062631_R077_T40QGL_20210825T175916_0000.jpg,S2A_MSIL2A_20210825T062631_R077_T40QGL_20210825T175916,0,2021-08,T40QGL,0.016387838164656752,0,0.8748625934688515
S2A_MSIL2A_20210825T062631_R077_T40QGL_20210825T175916_0001.jpg,S2A_MSIL2A_20210825T062631_R077_T40QGL_20210825T175916,0,2021-08,T40QGL,0.016387838164656752,0,0.8748625934688515
S2A_MSIL2A_20210904T062631_R077_T40QGL_20210904T162838_0000.jpg,S2A_MSIL2A_20210904T062631_R077_T40QGL_20210904T162838,1,2021-09,T40QGL,0.45304301386830537,0,0.8748625934688515
S2A_MSIL2A_20210904T062631_R077_T40QGL_20210904T162838_0001.jpg,S2A_MSIL2A_20210904T062631_R077_T40QGL_20210904T162838,1,2021-09,T40QGL,0.45304301386830537,0,0.8748625934688515
S2A_MSIL2A_20210924T062631_R077_T40QGL_20210925T024150_0000.jpg,S2A_MSIL2A_20210924T062631_R077_T40QGL_20210925T024150,1,2021-09,T40QGL,0.8656886384224194,0,0.8748625934688515
S2A_MSIL2A_20210924T062631_R077_T40QGL_20210925T024150_0001.jpg,S2A_MSIL2A_20210924T062631_R077_T40QGL_20210925T024150,1,2021-09,T40QGL,0.8656886384224194,0,0.8748625934688515
S2B_MSIL2A_20211009T062749_R077_T40QGL_20211009T174740_0000.jpg,S2B_MSIL2A_20211009T062749_R077_T40QGL_20211009T174740,0,2021-10,T40QGL,0.1782483361067093,0,0.8748625934688515
S2B_MSIL2A_20211009T062749_R077_T40QGL_20211009T174740_0001.jpg,S2B_MSIL2A_20211009T062749_R077_T40QGL_20211009T174740,0,2021-10,T40QGL,0.1782483361067093,0,0.8748625934688515
S2B_MSIL2A_20211029T062959_R077_T40QGL_20211029T195714_0000.jpg,S2B_MSIL2A_20211029T062959_R077_T40QGL_20211029T195714,0,2021-10,T40QGL,0.003985087118315333,0,0.8748625934688515
S2B_MSIL2A_20211029T062959_R077_T40QGL_20211029T195714_0001.jpg,S2B_MSIL2A_20211029T062959_R077_T40QGL_20211029T195714,0,2021-10,T40QGL,0.003985087118315333,0,0.8748625934688515
S2B_MSIL2A_20211108T063049_R077_T40QGL_20211109T065345_0000.jpg,S2B_MSIL2A_20211108T063049_R077_T40QGL_20211109T065345,0,2021-11,T40QGL,0.22852568199998047,0,0.8748625934688515
S2B_MSIL2A_20211108T063049_R077_T40QGL_20211109T065345_0001.jpg,S2B_MSIL2A_20211108T063049_R077_T40QGL_20211109T065345,0,2021-11,T40QGL,0.22852568199998047,0,0.8748625934688515
S2A_MSIL2A_20211113T063121_R077_T40QGL_20211113T133201_0000.jpg,S2A_MSIL2A_20211113T063121_R077_T40QGL_20211113T133201,0,2021-11,T40QGL,0.0272353090855256,0,0.8748625934688515
S2A_MSIL2A_20211113T063121_R077_T40QGL_20211113T133201_0001.jpg,S2A_MSIL2A_20211113T063121_R077_T40QGL_20211113T133201,0,2021-11,T40QGL,0.0272353090855256,0,0.8748625934688515
S2B_MSIL2A_20211118T063139_R077_T40QGL_20211118T164048_0000.jpg,S2B_MSIL2A_20211118T063139_R077_T40QGL_20211118T164048,0,2021-11,T40QGL,0.036419670130518576,0,0.8748625934688515
S2B_MSIL2A_20211118T063139_R077_T40QGL_20211118T164048_0001.jpg,S2B_MSIL2A_20211118T063139_R077_T40QGL_20211118T164048,0,2021-11,T40QGL,0.036419670130518576,0,0.8748625934688515
S2B_MSIL2A_20211128T063219_R077_T40QGL_20211129T031625_0000.jpg,S2B_MSIL2A_20211128T063219_R077_T40QGL_20211129T031625,1,2021-11,T40QGL,0.8560959565100617,0,0.8748625934688515
S2B_MSIL2A_20211128T063219_R077_T40QGL_20211129T031625_0001.jpg,S2B_MSIL2A_20211128T063219_R077_T40QGL_20211129T031625,1,2021-11,T40QGL,0.8560959565100617,0,0.8748625934688515
S2A_MSIL2A_20211213T063251_R077_T40QGL_20211213T193032_0000.jpg,S2A_MSIL2A_20211213T063251_R077_T40QGL_20211213T193032,1,2021-12,T40QGL,0.9794860224659502,1,0.8748625934688515
S2A_MSIL2A_20211213T063251_R077_T40QGL_20211213T193032_0001.jpg,S2A_MSIL2A_20211213T063251_R077_T40QGL_20211213T193032,1,2021-12,T40QGL,0.9794860224659502,1,0.8748625934688515
S2A_MSIL2A_20211223T063301_R077_T40QGL_20211224T035618_0000.jpg,S2A_MSIL2A_20211223T063301_R077_T40QGL_20211224T035618,1,2021-12,T40QGL,0.9094885106828419,1,0.8748625934688515
S2A_MSIL2A_20211223T063301_R077_T40QGL_20211224T035618_0001.jpg,S2A_MSIL2A_20211223T063301_R077_T40QGL_20211224T035618,1,2021-12,T40QGL,0.9094885106828419,1,0.8748625934688515
S2A_MSIL2A_20220112T063231_R077_T40QGL_20220113T005232_0000.jpg,S2A_MSIL2A_20220112T063231_R077_T40QGL_20220113T005232,0,2022-01,T40QGL,0.016110728240598147,0,0.8748625934688515
S2A_MSIL2A_20220112T063231_R077_T40QGL_20220113T005232_0001.jpg,S2A_MSIL2A_20220112T063231_R077_T40QGL_20220113T005232,0,2022-01,T40QGL,0.016110728240598147,0,0.8748625934688515
S2B_MSIL2A_20220117T063209_R077_T40QGL_20220117T220547_0000.jpg,S2B_MSIL2A_20220117T063209_R077_T40QGL_20220117T220547,1,2022-01,T40QGL,0.9634701926554858,1,0.8748625934688515
S2B_MSIL2A_20220117T063209_R077_T40QGL_20220117T220547_0001.jpg,S2B_MSIL2A_20220117T063209_R077_T40QGL_20220117T220547,1,2022-01,T40QGL,0.9634701926554858,1,0.8748625934688515
S2B_MSIL2A_20220127T063129_R077_T40QGL_20220212T101939_0000.jpg,S2B_MSIL2A_20220127T063129_R077_T40QGL_20220212T101939,0,2022-01,T40QGL,0.006917255733227335,0,0.8748625934688515
S2B_MSIL2A_20220127T063129_R077_T40QGL_20220212T101939_0001.jpg,S2B_MSIL2A_20220127T063129_R077_T40QGL_20220212T101939,0,2022-01,T40QGL,0.006917255733227335,0,0.8748625934688515
S2B_MSIL2A_20220206T063029_R077_T40QGL_20220219T104932_0000.jpg,S2B_MSIL2A_20220206T063029_R077_T40QGL_20220219T104932,1,2022-02,T40QGL,0.9415244746513131,1,0.8748625934688515
S2B_MSIL2A_20220206T063029_R077_T40QGL_20220219T104932_0001.jpg,S2B_MSIL2A_20220206T063029_R077_T40QGL_20220219T104932,1,2022-02,T40QGL,0.9415244746513131,1,0.8748625934688515
S2B_MSIL2A_20220216T062929_R077_T40QGL_20220224T005721_0000.jpg,S2B_MSIL2A_20220216T062929_R077_T40QGL_20220224T005721,1,2022-02,T40QGL,0.7255217859596773,0,0.8748625934688515
S2B_MSIL2A_20220216T062929_R077_T40QGL_20220224T005721_0001.jpg,S2B_MSIL2A_20220216T062929_R077_T40QGL_20220224T005721,1,2022-02,T40QGL,0.7255217859596773,0,0.8748625934688515
S2B_MSIL2A_20220226T062819_R077_T40QGL_20240530T061418_0000.jpg,S2B_MSIL2A_20220226T062819_R077_T40QGL_20240530T061418,0,2022-02,T40QGL,0.037595021401911115,0,0.8748625934688515
S2B_MSIL2A_20220226T062819_R077_T40QGL_20240530T061418_0001.jpg,S2B_MSIL2A_20220226T062819_R077_T40QGL_20240530T061418,0,2022-02,T40QGL,0.037595021401911115,0,0.8748625934688515
S2B_MSIL2A_20220328T062629_R077_T40QGL_20220328T200104_0000.jpg,S2B_MSIL2A_20220328T062629_R077_T40QGL_20220328T200104,0,2022-03,T40QGL,0.343514756396296,0,0.8748625934688515
S2B_MSIL2A_20220328T062629_R077_T40QGL_20220328T200104_0001.jpg,S2B_MSIL2A_20220328T062629_R077_T40QGL_20220328T200104,0,2022-03,T40QGL,0.343514756396296,0,0.8748625934688515
S2B_MSIL2A_20220407T062629_R077_T40QGL_20240524T024647_0000.jpg,S2B_MSIL2A_20220407T062629_R077_T40QGL_20240524T024647,0,2022-04,T40QGL,0.007891123160503017,0,0.8748625934688515
S2B_MSIL2A_20220407T062629_R077_T40QGL_20240524T024647_0001.jpg,S2B_MSIL2A_20220407T062629_R077_T40QGL_20240524T024647,0,2022-04,T40QGL,0.007891123160503017,0,0.8748625934688515
S2B_MSIL2A_20220427T062619_R077_T40QGL_20240608T214451_0000.jpg,S2B_MSIL2A_20220427T062619_R077_T40QGL_20240608T214451,1,2022-04,T40QGL,0.923395353061108,1,0.8748625934688515
S2B_MSIL2A_20220427T062619_R077_T40QGL_20240608T214451_0001.jpg,S2B_MSIL2A_20220427T062619_R077_T40QGL_20240608T214451,1,2022-04,T40QGL,0.923395353061108,1,0.8748625934688515
S2A_MSIL2A_20220502T062631_R077_T40QGL_20240524T172347_0000.jpg,S2A_MSIL2A_20220502T062631_R077_T40QGL_20240524T172347,0,2022-05,T40QGL,0.2661271556705519,0,0.8748625934688515
S2A_MSIL2A_20220502T062631_R077_T40QGL_20240524T172347_0001.jpg,S2A_MSIL2A_20220502T062631_R077_T40QGL_20240524T172347,0,2022-05,T40QGL,0.2661271556705519,0,0.8748625934688515
S2A_MSIL2A_20220512T062631_R077_T40QGL_20220514T054750_0000.jpg,S2A_MSIL2A_20220512T062631_R077_T40QGL_20220514T054750,0,2022-05,T40QGL,0.18941930134062612,0,0.8748625934688515
S2A_MSIL2A_20220512T062631_R077_T40QGL_20220514T054750_0001.jpg,S2A_MSIL2A_20220512T062631_R077_T40QGL_20220514T054750,0,2022-05,T40QGL,0.18941930134062612,0,0.8748625934688515
S2B_MSIL2A_20220606T062629_R077_T40QGL_20240718T023037_0000.jpg,S2B_MSIL2A_20220606T062629_R077_T40QGL_20240718T023037,0,2022-06,T40QGL,0.010888825862057055,0,0.8748625934688515
S2B_MSIL2A_20220606T062629_R077_T40QGL_20240718T023037_0001.jpg,S2B_MSIL2A_20220606T062629_R077_T40QGL_20240718T023037,0,2022-06,T40QGL,0.010888825862057055,0,0.8748625934688515
S2A_MSIL2A_20220611T062641_R077_T40QGL_20220612T043050_0000.jpg,S2A_MSIL2A_20220611T062641_R077_T40QGL_20220612T043050,0,2022-06,T40QGL,0.2710020320191115,0,0.8748625934688515
S2A_MSIL2A_20220611T062641_R077_T40QGL_20220612T043050_0001.jpg,S2A_MSIL2A_20220611T062641_R077_T40QGL_20220612T043050,0,2022-06,T40QGL,0.2710020320191115,0,0.8748625934688515
S2A_MSIL2A_20220711T062641_R077_T40QGL_20220713T004053_0000.jpg,S2A_MSIL2A_20220711T062641_R077_T40QGL_20220713T004053,0,2022-07,T40QGL,0.0026607639707630845,0,0.8748625934688515
S2A_MSIL2A_20220711T062641_R077_T40QGL_20220713T004053_0001.jpg,S2A_MSIL2A_20220711T062641_R077_T40QGL_20220713T004053,0,2022-07,T40QGL,0.0026607639707630845,0,0.8748625934688515
S2A_MSIL2A_20220721T062641_R077_T40QGL_20220723T060616_0000.jpg,S2A_MSIL2A_20220721T062641_R077_T40QGL_20220723T060616,1,2022-07,T40QGL,0.929328159961389,1,0.8748625934688515
S2A_MSIL2A_20220721T062641_R077_T40QGL_20220723T060616_0001.jpg,S2A_MSIL2A_20220721T062641_R077_T40QGL_20220723T060616,1,2022-07,T40QGL,0.929328159961389,1,0.8748625934688515
S2B_MSIL2A_20220805T062629_R077_T40QGL_20220805T230319_0000.jpg,S2B_MSIL2A_20220805T062629_R077_T40QGL_20220805T230319,0,2022-08,T40QGL,0.004595452575797868,0,0.8748625934688515
S2B_MSIL2A_20220805T062629_R077_T40QGL_20220805T230319_0001.jpg,S2B_MSIL2A_20220805T062629_R077_T40QGL_20220805T230319,0,2022-08,T40QGL,0.004595452575797868,0,0.8748625934688515
S2A_MSIL2A_20220820T062641_R077_T40QGL_20220820T144542_0000.jpg,S2A_MSIL2A_20220820T062641_R077_T40QGL_20220820T144542,1,2022-08,T40QGL,0.9581311857919936,1,0.8748625934688515
S2A_MSIL2A_20220820T062641_R077_T40QGL_20220820T144542_0001.jpg,S2A_MSIL2A_20220820T062641_R077_T40QGL_20220820T144542,1,2022-08,T40QGL,0.9581311857919936,1,0.8748625934688515
S2B_MSIL2A_20220904T062629_R077_T40QGL_20240718T201711_0000.jpg,S2B_MSIL2A_20220904T062629_R077_T40QGL_20240718T201711,0,2022-09,T40QGL,0.10606254727417316,0,0.8748625934688515
S2B_MSIL2A_20220904T062629_R077_T40QGL_20240718T201711_0001.jpg,S2B_MSIL2A_20220904T062629_R077_T40QGL_20240718T201711,0,2022-09,T40QGL,0.10606254727417316,0,0.8748625934688515
S2A_MSIL2A_20220929T062651_R077_T40QGL_20220929T190714_0000.jpg,S2A_MSIL2A_20220929T062651_R077_T40QGL_20220929T190714,0,2022-09,T40QGL,0.2580250433486097,0,0.8748625934688515
S2A_MSIL2A_20220929T062651_R077_T40QGL_20220929T190714_0001.jpg,S2A_MSIL2A_20220929T062651_R077_T40QGL_20220929T190714,0,2022-09,T40QGL,0.2580250433486097,0,0.8748625934688515
S2B_MSIL2A_20221004T062709_R077_T40QGL_20221004T215420_0000.jpg,S2B_MSIL2A_20221004T062709_R077_T40QGL_20221004T215420,0,2022-10,T40QGL,0.24120835316742875,0,0.8748625934688515
S2B_MSIL2A_20221004T062709_R077_T40QGL_20221004T215420_0001.jpg,S2B_MSIL2A_20221004T062709_R077_T40QGL_20221004T215420,0,2022-10,T40QGL,0.24120835316742875,0,0.8748625934688515
S2A_MSIL2A_20221009T062751_R077_T40QGL_20240717T113900_0000.jpg,S2A_MSIL2A_20221009T062751_R077_T40QGL_20240717T113900,0,2022-10,T40QGL,0.09450395366203464,0,0.8748625934688515
S2A_MSIL2A_20221009T062751_R077_T40QGL_20240717T113900_0001.jpg,S2A_MSIL2A_20221009T062751_R077_T40QGL_20240717T113900,0,2022-10,T40QGL,0.09450395366203464,0,0.8748625934688515
S2B_MSIL2A_20221024T062929_R077_T40QGL_20240724T101405_0000.jpg,S2B_MSIL2A_20221024T062929_R077_T40QGL_20240724T101405,0,2022-10,T40QGL,0.0013342913704228103,0,0.8748625934688515
S2B_MSIL2A_20221024T062929_R077_T40QGL_20240724T101405_0001.jpg,S2B_MSIL2A_20221024T062929_R077_T40QGL_20240724T101405,0,2022-10,T40QGL,0.0013342913704228103,0,0.8748625934688515
S2A_MSIL2A_20221029T063001_R077_T40QGL_20240716T225017_0000.jpg,S2A_MSIL2A_20221029T063001_R077_T40QGL_20240716T225017,0,2022-10,T40QGL,0.002470950884981698,0,0.8748625934688515
S2A_MSIL2A_20221029T063001_R077_T40QGL_20240716T225017_0001.jpg,S2A_MSIL2A_20221029T063001_R077_T40QGL_20240716T225017,0,2022-10,T40QGL,0.002470950884981698,0,0.8748625934688515
S2A_MSIL2A_20221118T063141_R077_T40QGL_20240804T234922_0000.jpg,S2A_MSIL2A_20221118T063141_R077_T40QGL_20240804T234922,0,2022-11,T40QGL,0.27523030680590777,0,0.8748625934688515
S2A_MSIL2A_20221118T063141_R077_T40QGL_20240804T234922_0001.jpg,S2A_MSIL2A_20221118T063141_R077_T40QGL_20240804T234922,0,2022-11,T40QGL,0.27523030680590777,0,0.8748625934688515
S2A_MSIL2A_20230318T062631_R077_T40QGL_20240823T221610_0000.jpg,S2A_MSIL2A_20230318T062631_R077_T40QGL_20240823T221610,0,2023-03,T40QGL,0.13958728670238157,0,0.8748625934688515
S2A_MSIL2A_20230318T062631_R077_T40QGL_20240823T221610_0001.jpg,S2A_MSIL2A_20230318T062631_R077_T40QGL_20240823T221610,0,2023-03,T40QGL,0.13958728670238157,0,0.8748625934688515
S2B_MSIL2A_20230422T062629_R077_T40QGL_20240809T053615_0000.jpg,S2B_MSIL2A_20230422T062629_R077_T40QGL_20240809T053615,0,2023-04,T40QGL,0.087625945560291,0,0.8748625934688515
S2B_MSIL2A_20230422T062629_R077_T40QGL_20240809T053615_0001.jpg,S2B_MSIL2A_20230422T062629_R077_T40QGL_20240809T053615,0,2023-04,T40QGL,0.087625945560291,0,0.8748625934688515
S2A_MSIL2A_20230427T062631_R077_T40QGL_20230427T122322_0000.jpg,S2A_MSIL2A_20230427T062631_R077_T40QGL_20230427T122322,0,2023-04,T40QGL,0.28246350163624134,0,0.8748625934688515
S2A_MSIL2A_20230427T062631_R077_T40QGL_20230427T122322_0001.jpg,S2A_MSIL2A_20230427T062631_R077_T40QGL_20230427T122322,0,2023-04,T40QGL,0.28246350163624134,0,0.8748625934688515
S2B_MSIL2A_20230502T062629_R077_T40QGL_20240812T054336_0000.jpg,S2B_MSIL2A_20230502T062629_R077_T40QGL_20240812T054336,0,2023-05,T40QGL,0.19041247973689068,0,0.8748625934688515
S2B_MSIL2A_20230502T062629_R077_T40QGL_20240812T054336_0001.jpg,S2B_MSIL2A_20230502T062629_R077_T40QGL_20240812T054336,0,2023-05,T40QGL,0.19041247973689068,0,0.8748625934688515
S2A_MSIL2A_20230616T062631_R077_T40QGL_20240812T142657_0000.jpg,S2A_MSIL2A_20230616T062631_R077_T40QGL_20240812T142657,0,2023-06,T40QGL,0.21730730149465452,0,0.8748625934688515
S2A_MSIL2A_20230616T062631_R077_T40QGL_20240812T142657_0001.jpg,S2A_MSIL2A_20230616T062631_R077_T40QGL_20240812T142657,0,2023-06,T40QGL,0.21730730149465452,0,0.8748625934688515
S2B_MSIL2A_20230701T062629_R077_T40QGL_20240817T022544_0000.jpg,S2B_MSIL2A_20230701T062629_R077_T40QGL_20240817T022544,0,2023-07,T40QGL,0.08585203456084993,0,0.8748625934688515
S2B_MSIL2A_20230701T062629_R077_T40QGL_20240817T022544_0001.jpg,S2B_MSIL2A_20230701T062629_R077_T40QGL_20240817T022544,0,2023-07,T40QGL,0.08585203456084993,0,0.8748625934688515
S2A_MSIL2A_20230805T062631_R077_T40QGL_20241026T103934_0000.jpg,S2A_MSIL2A_20230805T062631_R077_T40QGL_20241026T103934,0,2023-08,T40QGL,0.0868544219829962,0,0.8748625934688515
S2A_MSIL2A_20230805T062631_R077_T40QGL_20241026T103934_0001.jpg,S2A_MSIL2A_20230805T062631_R077_T40QGL_20241026T103934,0,2023-08,T40QGL,0.0868544219829962,0,0.8748625934688515
S2B_MSIL2A_20230810T062629_R077_T40QGL_20240912T065804_0000.jpg,S2B_MSIL2A_20230810T062629_R077_T40QGL_20240912T065804,0,2023-08,T40QGL,0.08878571745931882,0,0.8748625934688515
S2B_MSIL2A_20230810T062629_R077_T40QGL_20240912T065804_0001.jpg,S2B_MSIL2A_20230810T062629_R077_T40QGL_20240912T065804,0,2023-08,T40QGL,0.08878571745931882,0,0.8748625934688515
S2B_MSIL2A_20230830T062629_R077_T40QGL_20230830T122156_0000.jpg,S2B_MSIL2A_20230830T062629_R077_T40QGL_20230830T122156,0,2023-08,T40QGL,0.3150219192386296,0,0.8748625934688515
S2B_MSIL2A_20230830T062629_R077_T40QGL_20230830T122156_0001.jpg,S2B_MSIL2A_20230830T062629_R077_T40QGL_20230830T122156,0,2023-08,T40QGL,0.3150219192386296,0,0.8748625934688515
S2A_MSIL2A_20230904T062631_R077_T40QGL_20230904T124230_0000.jpg,S2A_MSIL2A_20230904T062631_R077_T40QGL_20230904T124230,1,2023-09,T40QGL,0.9554000965436217,1,0.8748625934688515
S2A_MSIL2A_20230904T062631_R077_T40QGL_20230904T124230_0001.jpg,S2A_MSIL2A_20230904T062631_R077_T40QGL_20230904T124230,1,2023-09,T40QGL,0.9554000965436217,1,0.8748625934688515
S2B_MSIL2A_20230909T062629_R077_T40QGL_20241104T211949_0000.jpg,S2B_MSIL2A_20230909T062629_R077_T40QGL_20241104T211949,0,2023-09,T40QGL,0.006929943810035098,0,0.8748625934688515
S2B_MSIL2A_20230909T062629_R077_T40QGL_20241104T211949_0001.jpg,S2B_MSIL2A_20230909T062629_R077_T40QGL_20241104T211949,0,2023-09,T40QGL,0.006929943810035098,0,0.8748625934688515
S2A_MSIL2A_20230924T062631_R077_T40QGL_20230924T121039_0000.jpg,S2A_MSIL2A_20230924T062631_R077_T40QGL_20230924T121039,0,2023-09,T40QGL,0.00953472749151033,0,0.8748625934688515
S2A_MSIL2A_20230924T062631_R077_T40QGL_20230924T121039_0001.jpg,S2A_MSIL2A_20230924T062631_R077_T40QGL_20230924T121039,0,2023-09,T40QGL,0.00953472749151033,0,0.8748625934688515
S2B_MSIL2A_20230929T062639_R077_T40QGL_20230929T121633_0000.jpg,S2B_MSIL2A_20230929T062639_R077_T40QGL_20230929T121633,0,2023-09,T40QGL,0.005988347401472374,0,0.8748625934688515
S2B_MSIL2A_20230929T062639_R077_T40QGL_20230929T121633_0001.jpg,S2B_MSIL2A_20230929T062639_R077_T40QGL_20230929T121633,0,2023-09,T40QGL,0.005988347401472374,0,0.8748625934688515
S2A_MSIL2A_20231103T063021_R077_T40QGL_20240830T224845_0000.jpg,S2A_MSIL2A_20231103T063021_R077_T40QGL_20240830T224845,0,2023-11,T40QGL,0.3288894589043223,0,0.8748625934688515
S2A_MSIL2A_20231103T063021_R077_T40QGL_20240830T224845_0001.jpg,S2A_MSIL2A_20231103T063021_R077_T40QGL_20240830T224845,0,2023-11,T40QGL,0.3288894589043223,0,0.8748625934688515
S2A_MSIL2A_20231203T063231_R077_T40QGL_20231203T112021_0000.jpg,S2A_MSIL2A_20231203T063231_R077_T40QGL_20231203T112021,0,2023-12,T40QGL,0.1677068981210109,0,0.8748625934688515
S2A_MSIL2A_20231203T063231_R077_T40QGL_20231203T112021_0001.jpg,S2A_MSIL2A_20231203T063231_R077_T40QGL_20231203T112021,0,2023-12,T40QGL,0.1677068981210109,0,0.8748625934688515
S2A_MSIL2A_20231223T063301_R077_T40QGL_20231223T102255_0000.jpg,S2A_MSIL2A_20231223T063301_R077_T40QGL_20231223T102255,0,2023-12,T40QGL,0.004880294422213733,0,0.8748625934688515
S2A_MSIL2A_20231223T063301_R077_T40QGL_20231223T102255_0001.jpg,S2A_MSIL2A_20231223T063301_R077_T40QGL_20231223T102255,0,2023-12,T40QGL,0.004880294422213733,0,0.8748625934688515
S2B_MSIL2A_20231228T063259_R077_T40QGL_20231228T093910_0000.jpg,S2B_MSIL2A_20231228T063259_R077_T40QGL_20231228T093910,1,2023-12,T40QGL,0.91049984537622,1,0.8748625934688515
S2B_MSIL2A_20231228T063259_R077_T40QGL_20231228T093910_0001.jpg,S2B_MSIL2A_20231228T063259_R077_T40QGL_20231228T093910,1,2023-12,T40QGL,0.91049984537622,1,0.8748625934688515
S2A_MSIL2A_20240112T063231_R077_T40QGL_20240112T101206_0000.jpg,S2A_MSIL2A_20240112T063231_R077_T40QGL_20240112T101206,1,2024-01,T40QGL,0.9098943865625132,1,0.8748625934688515
S2A_MSIL2A_20240112T063231_R077_T40QGL_20240112T101206_0001.jpg,S2A_MSIL2A_20240112T063231_R077_T40QGL_20240112T101206,1,2024-01,T40QGL,0.9098943865625132,1,0.8748625934688515
S2B_MSIL2A_20240127T063129_R077_T40QGL_20240127T101326_0000.jpg,S2B_MSIL2A_20240127T063129_R077_T40QGL_20240127T101326,1,2024-01,T40QGL,0.9599936754544948,1,0.8748625934688515
S2B_MSIL2A_20240127T063129_R077_T40QGL_20240127T101326_0001.jpg,S2B_MSIL2A_20240127T063129_R077_T40QGL_20240127T101326,1,2024-01,T40QGL,0.9599936754544948,1,0.8748625934688515
S2A_MSIL2A_20240211T063011_R077_T40QGL_20240211T102241_0000.jpg,S2A_MSIL2A_20240211T063011_R077_T40QGL_20240211T102241,0,2024-02,T40QGL,0.15663079185360362,0,0.8748625934688515
S2A_MSIL2A_20240211T063011_R077_T40QGL_20240211T102241_0001.jpg,S2A_MSIL2A_20240211T063011_R077_T40QGL_20240211T102241,0,2024-02,T40QGL,0.15663079185360362,0,0.8748625934688515
S2B_MSIL2A_20240226T062829_R077_T40QGL_20240226T101515_0000.jpg,S2B_MSIL2A_20240226T062829_R077_T40QGL_20240226T101515,0,2024-02,T40QGL,0.026378814281084278,0,0.8748625934688515
S2B_MSIL2A_20240226T062829_R077_T40QGL_20240226T101515_0001.jpg,S2B_MSIL2A_20240226T062829_R077_T40QGL_20240226T101515,0,2024-02,T40QGL,0.026378814281084278,0,0.8748625934688515
S2A_MSIL2A_20240312T062651_R077_T40QGL_20240313T154339_0000.jpg,S2A_MSIL2A_20240312T062651_R077_T40QGL_20240313T154339,0,2024-03,T40QGL,0.16913960251099677,0,0.8748625934688515
S2A_MSIL2A_20240312T062651_R077_T40QGL_20240313T154339_0001.jpg,S2A_MSIL2A_20240312T062651_R077_T40QGL_20240313T154339,0,2024-03,T40QGL,0.16913960251099677,0,0.8748625934688515
S2B_MSIL2A_20240406T062629_R077_T40QGL_20240406T100803_0000.jpg,S2B_MSIL2A_20240406T062629_R077_T40QGL_20240406T100803,0,2024-04,T40QGL,0.03643095401309525,0,0.8748625934688515
S2B_MSIL2A_20240406T062629_R077_T40QGL_20240406T100803_0001.jpg,S2B_MSIL2A_20240406T062629_R077_T40QGL_20240406T100803,0,2024-04,T40QGL,0.03643095401309525,0,0.8748625934688515
S2B_MSIL2A_20240426T062629_R077_T40QGL_20240426T111128_0000.jpg,S2B_MSIL2A_20240426T062629_R077_T40QGL_20240426T111128,0,2024-04,T40QGL,0.4704689859209353,0,0.8748625934688515
S2B_MSIL2A_20240426T062629_R077_T40QGL_20240426T111128_0001.jpg,S2B_MSIL2A_20240426T062629_R077_T40QGL_20240426T111128,0,2024-04,T40QGL,0.4704689859209353,0,0.8748625934688515
S2B_MSIL2A_20240526T062629_R077_T40QGL_20240526T102423_0000.jpg,S2B_MSIL2A_20240526T062629_R077_T40QGL_20240526T102423,1,2024-05,T40QGL,0.897215084029912,1,0.8748625934688515
S2B_MSIL2A_20240526T062629_R077_T40QGL_20240526T102423_0001.jpg,S2B_MSIL2A_20240526T062629_R077_T40QGL_20240526T102423,1,2024-05,T40QGL,0.897215084029912,1,0.8748625934688515
S2B_MSIL2A_20240605T062629_R077_T40QGL_20240605T101404_0000.jpg,S2B_MSIL2A_20240605T062629_R077_T40QGL_20240605T101404,1,2024-06,T40QGL,0.9828174415048805,1,0.8748625934688515
S2B_MSIL2A_20240605T062629_R077_T40QGL_20240605T101404_0001.jpg,S2B_MSIL2A_20240605T062629_R077_T40QGL_20240605T101404,1,2024-06,T40QGL,0.9828174415048805,1,0.8748625934688515
S2A_MSIL2A_20240610T062631_R077_T40QGL_20240610T104746_0000.jpg,S2A_MSIL2A_20240610T062631_R077_T40QGL_20240610T104746,0,2024-06,T40QGL,0.0035877570334689125,0,0.8748625934688515
S2A_MSIL2A_20240610T062631_R077_T40QGL_20240610T104746_0001.jpg,S2A_MSIL2A_20240610T062631_R077_T40QGL_20240610T104746,0,2024-06,T40QGL,0.0035877570334689125,0,0.8748625934688515
S2B_MSIL2A_20240625T062629_R077_T40QGL_20240625T102033_0000.jpg,S2B_MSIL2A_20240625T062629_R077_T40QGL_20240625T102033,0,2024-06,T40QGL,0.021450954714711236,0,0.8748625934688515
S2B_MSIL2A_20240625T062629_R077_T40QGL_20240625T102033_0001.jpg,S2B_MSIL2A_20240625T062629_R077_T40QGL_20240625T102033,0,2024-06,T40QGL,0.021450954714711236,0,0.8748625934688515
S2B_MSIL2A_20240715T062629_R077_T40QGL_20240715T114701_0000.jpg,S2B_MSIL2A_20240715T062629_R077_T40QGL_20240715T114701,1,2024-07,T40QGL,0.9255846401481737,1,0.8748625934688515
S2B_MSIL2A_20240715T062629_R077_T40QGL_20240715T114701_0001.jpg,S2B_MSIL2A_20240715T062629_R077_T40QGL_20240715T114701,1,2024-07,T40QGL,0.9255846401481737,1,0.8748625934688515
S2B_MSIL2A_20240814T062629_R077_T40QGL_20240814T093442_0000.jpg,S2B_MSIL2A_20240814T062629_R077_T40QGL_20240814T093442,0,2024-08,T40QGL,0.16922254808629328,0,0.8748625934688515
S2B_MSIL2A_20240814T062629_R077_T40QGL_20240814T093442_0001.jpg,S2B_MSIL2A_20240814T062629_R077_T40QGL_20240814T093442,0,2024-08,T40QGL,0.16922254808629328,0,0.8748625934688515
S2A_MSIL2A_20240908T062631_R077_T40QGL_20240908T111753_0000.jpg,S2A_MSIL2A_20240908T062631_R077_T40QGL_20240908T111753,1,2024-09,T40QGL,0.8315872544110182,0,0.8748625934688515
S2A_MSIL2A_20240908T062631_R077_T40QGL_20240908T111753_0001.jpg,S2A_MSIL2A_20240908T062631_R077_T40QGL_20240908T111753,1,2024-09,T40QGL,0.8315872544110182,0,0.8748625934688515
S2A_MSIL2A_20240928T062641_R077_T40QGL_20240928T091150_0000.jpg,S2A_MSIL2A_20240928T062641_R077_T40QGL_20240928T091150,0,2024-09,T40QGL,0.09312747464269226,0,0.8748625934688515
S2A_MSIL2A_20240928T062641_R077_T40QGL_20240928T091150_0001.jpg,S2A_MSIL2A_20240928T062641_R077_T40QGL_20240928T091150,0,2024-09,T40QGL,0.09312747464269226,0,0.8748625934688515
S2B_MSIL2A_20241003T062629_R077_T40QGL_20241003T090945_0000.jpg,S2B_MSIL2A_20241003T062629_R077_T40QGL_20241003T090945,0,2024-10,T40QGL,0.2206232340287612,0,0.8748625934688515
S2B_MSIL2A_20241003T062629_R077_T40QGL_20241003T090945_0001.jpg,S2B_MSIL2A_20241003T062629_R077_T40QGL_20241003T090945,0,2024-10,T40QGL,0.2206232340287612,0,0.8748625934688515
S2B_MSIL2A_20241023T062829_R077_T40QGL_20241023T083127_0000.jpg,S2B_MSIL2A_20241023T062829_R077_T40QGL_20241023T083127,0,2024-10,T40QGL,0.027145109482025576,0,0.8748625934688515
S2B_MSIL2A_20241023T062829_R077_T40QGL_20241023T083127_0001.jpg,S2B_MSIL2A_20241023T062829_R077_T40QGL_20241023T083127,0,2024-10,T40QGL,0.027145109482025576,0,0.8748625934688515
S2B_MSIL2A_20241212T063159_R077_T40QGL_20241212T090100_0000.jpg,S2B_MSIL2A_20241212T063159_R077_T40QGL_20241212T090100,0,2024-12,T40QGL,0.5458207809318181,0,0.8748625934688515
S2B_MSIL2A_20241212T063159_R077_T40QGL_20241212T090100_0001.jpg,S2B_MSIL2A_20241212T063159_R077_T40QGL_20241212T090100,0,2024-12,T40QGL,0.5458207809318181,0,0.8748625934688515
S2A_MSIL2A_20241227T063301_R077_T40QGL_20241227T094051_0000.jpg,S2A_MSIL2A_20241227T063301_R077_T40QGL_20241227T094051,0,2024-12,T40QGL,0.017808541097953257,0,0.8748625934688515
S2A_MSIL2A_20241227T063301_R077_T40QGL_20241227T094051_0001.jpg,S2A_MSIL2A_20241227T063301_R077_T40QGL_20241227T094051,0,2024-12,T40QGL,0.017808541097953257,0,0.8748625934688515
