tile,scene_id,hab_label,month_key,region_key,p_fused,yhat,thr_star
S2B_MSIL2A_20170909T065619_R063_T39QXG_20210201T223815_0000.jpg,S2B_MSIL2A_20170909T065619_R063_T39QXG_20210201T223815,1,2017-09,T39QXG,0.6779379346850857,0,0.7582001306706534
S2B_MSIL2A_20170820T065619_R063_T39QXG_20201015T042237_0000.jpg,S2B_MSIL2A_20170820T065619_R063_T39QXG_20201015T042237,0,2017-08,T39QXG,0.5605114159310486,0,0.7582001306706534
S2A_MSIL2A_20170805T065621_R063_T39QXG_20210210T194556_0000.jpg,S2A_MSIL2A_20170805T065621_R063_T39QXG_20210210T194556,0,2017-08,T39QXG,0.06778325897945031,0,0.7582001306706534
S2B_MSIL2A_20170731T065619_R063_T39QXG_20210210T172720_0000.jpg,S2B_MSIL2A_20170731T065619_R063_T39QXG_20210210T172720,1,2017-07,T39QXG,0.8636702677353563,1,0.7582001306706534
S2A_MSIL2A_20170626T065621_R063_T39QXG_20210210T014612_0000.jpg,S2A_MSIL2A_20170626T065621_R063_T39QXG_20210210T014612,0,2017-06,T39QXG,0.3670701698325563,0,0.7582001306706534
S2A_MSIL2A_20170606T065621_R063_T39QXG_20210209T205041_0000.jpg,S2A_MSIL2A_20170606T065621_R063_T39QXG_20210209T205041,1,2017-06,T39QXG,0.8939356623308087,1,0.7582001306706534
S2A_MSIL2A_20180929T065651_R063_T39QXG_20201009T060705_0000.jpg,S2A_MSIL2A_20180929T065651_R063_T39QXG_20201009T060705,0,2018-09,T39QXG,0.7508765106595812,0,0.7582001306706534
S2B_MSIL2A_20180924T065619_R063_T39QXG_20201009T042750_0000.jpg,S2B_MSIL2A_20180924T065619_R063_T39QXG_20201009T042750,0,2018-09,T39QXG,0.7081011832719126,0,0.7582001306706534
S2A_MSIL2A_20180919T065621_R063_T39QXG_20201009T024121_0000.jpg,S2A_MSIL2A_20180919T065621_R063_T39QXG_20201009T024121,0,2018-09,T39QXG,0.07123900724548429,0,0.7582001306706534
S2B_MSIL2A_20180914T065619_R063_T39QXG_20201009T011434_0000.jpg,S2B_MSIL2A_20180914T065619_R063_T39QXG_20201009T011434,0,2018-09,T39QXG,0.06882236910700977,0,0.7582001306706534
S2A_MSIL2A_20180909T065621_R063_T39QXG_20201008T231028_0000.jpg,S2A_MSIL2A_20180909T065621_R063_T39QXG_20201008T231028,1,2018-09,T39QXG,0.9679596478040009,1,0.7582001306706534
S2B_MSIL2A_20180904T065619_R063_T39QXG_20201011T083613_0000.jpg,S2B_MSIL2A_20180904T065619_R063_T39QXG_20201011T083613,0,2018-09,T39QXG,0.4311609733247146,0,0.7582001306706534
S2A_MSIL2A_20180820T065621_R063_T39QXG_20201011T042051_0000.jpg,S2A_MSIL2A_20180820T065621_R063_T39QXG_20201011T042051,0,2018-08,T39QXG,0.623607782295518,0,0.7582001306706534
S2B_MSIL2A_20180815T065729_R063_T39QXG_20201011T021229_0000.jpg,S2B_MSIL2A_20180815T065729_R063_T39QXG_20201011T021229,0,2018-08,T39QXG,0.6606705068959046,0,0.7582001306706534
S2B_MSIL2A_20180716T065619_R063_T39QXG_20201011T163441_0000.jpg,S2B_MSIL2A_20180716T065619_R063_T39QXG_20201011T163441,0,2018-07,T39QXG,0.08840101878289308,0,0.7582001306706534
S2A_MSIL2A_20180701T065621_R063_T39QXG_20201011T104015_0000.jpg,S2A_MSIL2A_20180701T065621_R063_T39QXG_20201011T104015,1,2018-07,T39QXG,0.9475868485183297,1,0.7582001306706534
S2A_MSIL2A_20190904T065621_R063_T39QXG_20201004T090539_0000.jpg,S2A_MSIL2A_20190904T065621_R063_T39QXG_20201004T090539,1,2019-09,T39QXG,0.7839924116984248,1,0.7582001306706534
S2A_MSIL2A_20190825T065621_R063_T39QXG_20201005T043538_0000.jpg,S2A_MSIL2A_20190825T065621_R063_T39QXG_20201005T043538,1,2019-08,T39QXG,0.8588738914137816,1,0.7582001306706534
S2A_MSIL2A_20190815T065631_R063_T39QXG_20201005T003451_0000.jpg,S2A_MSIL2A_20190815T065631_R063_T39QXG_20201005T003451,1,2019-08,T39QXG,0.3179121551138451,0,0.7582001306706534
S2B_MSIL2A_20190701T065629_R063_T39QXG_20201005T075203_0000.jpg,S2B_MSIL2A_20190701T065629_R063_T39QXG_20201005T075203,1,2019-07,T39QXG,0.5936546837975422,0,0.7582001306706534
S2A_MSIL2A_20200928T065651_R063_T39QXG_20201001T020408_0000.jpg,S2A_MSIL2A_20200928T065651_R063_T39QXG_20201001T020408,1,2020-09,T39QXG,0.804027221607093,1,0.7582001306706534
S2A_MSIL2A_20200730T065631_R063_T39QXG_20200818T030617_0000.jpg,S2A_MSIL2A_20200730T065631_R063_T39QXG_20200818T030617,1,2020-07,T39QXG,0.9504080133278834,1,0.7582001306706534
S2B_MSIL2A_20200725T065629_R063_T39QXG_20200817T124238_0000.jpg,S2B_MSIL2A_20200725T065629_R063_T39QXG_20200817T124238,0,2020-07,T39QXG,0.4617740919934948,0,0.7582001306706534
S2B_MSIL2A_20200715T065629_R063_T39QXG_20200919T085206_0000.jpg,S2B_MSIL2A_20200715T065629_R063_T39QXG_20200919T085206,0,2020-07,T39QXG,0.0435870419443763,0,0.7582001306706534
S2A_MSIL2A_20200630T065631_R063_T39QXG_20200824T160716_0000.jpg,S2A_MSIL2A_20200630T065631_R063_T39QXG_20200824T160716,1,2020-06,T39QXG,0.6786831212948701,0,0.7582001306706534
S2B_MSIL2A_20210928T065649_R063_T39QXG_20210929T000956_0000.jpg,S2B_MSIL2A_20210928T065649_R063_T39QXG_20210929T000956,1,2021-09,T39QXG,0.9353213975307167,1,0.7582001306706534
S2B_MSIL2A_20210918T065619_R063_T39QXG_20210918T182437_0000.jpg,S2B_MSIL2A_20210918T065619_R063_T39QXG_20210918T182437,1,2021-09,T39QXG,0.7973904052249228,1,0.7582001306706534
S2A_MSIL2A_20210913T065621_R063_T39QXG_20210913T211924_0000.jpg,S2A_MSIL2A_20210913T065621_R063_T39QXG_20210913T211924,0,2021-09,T39QXG,0.31321279829948634,0,0.7582001306706534
S2B_MSIL2A_20210908T065619_R063_T39QXG_20210908T213712_0000.jpg,S2B_MSIL2A_20210908T065619_R063_T39QXG_20210908T213712,0,2021-09,T39QXG,0.31514179401900355,0,0.7582001306706534
S2A_MSIL2A_20210903T065621_R063_T39QXG_20210903T164501_0000.jpg,S2A_MSIL2A_20210903T065621_R063_T39QXG_20210903T164501,0,2021-09,T39QXG,0.05142483374263225,0,0.7582001306706534
S2B_MSIL2A_20210829T065619_R063_T39QXG_20210829T203957_0000.jpg,S2B_MSIL2A_20210829T065619_R063_T39QXG_20210829T203957,0,2021-08,T39QXG,0.08328816547028556,0,0.7582001306706534
S2A_MSIL2A_20210824T065621_R063_T39QXG_20210824T155101_0000.jpg,S2A_MSIL2A_20210824T065621_R063_T39QXG_20210824T155101,0,2021-08,T39QXG,0.054676017101794094,0,0.7582001306706534
S2B_MSIL2A_20210819T065619_R063_T39QXG_20210819T181500_0000.jpg,S2B_MSIL2A_20210819T065619_R063_T39QXG_20210819T181500,0,2021-08,T39QXG,0.07868349638067827,0,0.7582001306706534
S2A_MSIL2A_20210804T065631_R063_T39QXG_20210804T174443_0000.jpg,S2A_MSIL2A_20210804T065631_R063_T39QXG_20210804T174443,1,2021-08,T39QXG,0.9497362222877821,1,0.7582001306706534
S2A_MSIL2A_20210725T065631_R063_T39QXG_20210726T051413_0000.jpg,S2A_MSIL2A_20210725T065631_R063_T39QXG_20210726T051413,0,2021-07,T39QXG,0.5742861069837012,0,0.7582001306706534
S2B_MSIL2A_20210720T065629_R063_T39QXG_20210720T171952_0000.jpg,S2B_MSIL2A_20210720T065629_R063_T39QXG_20210720T171952,0,2021-07,T39QXG,0.49116303536258893,0,0.7582001306706534
S2A_MSIL2A_20220928T065651_R063_T39QXG_20240730T192859_0000.jpg,S2A_MSIL2A_20220928T065651_R063_T39QXG_20240730T192859,1,2022-09,T39QXG,0.9556083872407696,1,0.7582001306706534
S2A_MSIL2A_20220928T065651_R063_T39QXG_20220928T234907_0000.jpg,S2A_MSIL2A_20220928T065651_R063_T39QXG_20220928T234907,1,2022-09,T39QXG,0.9577476041635773,1,0.7582001306706534
S2B_MSIL2A_20220923T065629_R063_T39QXG_20240725T151945_0000.jpg,S2B_MSIL2A_20220923T065629_R063_T39QXG_20240725T151945,1,2022-09,T39QXG,0.957936276053304,1,0.7582001306706534
S2B_MSIL2A_20220923T065629_R063_T39QXG_20220924T000152_0000.jpg,S2B_MSIL2A_20220923T065629_R063_T39QXG_20220924T000152,1,2022-09,T39QXG,0.9548764583402871,1,0.7582001306706534
S2A_MSIL2A_20220918T065631_R063_T39QXG_20220919T032927_0000.jpg,S2A_MSIL2A_20220918T065631_R063_T39QXG_20220919T032927,0,2022-09,T39QXG,0.21112482588902343,0,0.7582001306706534
S2B_MSIL2A_20220913T065629_R063_T39QXG_20240726T171436_0000.jpg,S2B_MSIL2A_20220913T065629_R063_T39QXG_20240726T171436,0,2022-09,T39QXG,0.029642785238106435,0,0.7582001306706534
S2B_MSIL2A_20220913T065629_R063_T39QXG_20220913T171218_0000.jpg,S2B_MSIL2A_20220913T065629_R063_T39QXG_20220913T171218,0,2022-09,T39QXG,0.029102494311753376,0,0.7582001306706534
S2A_MSIL2A_20220829T065641_R063_T39QXG_20240718T033121_0000.jpg,S2A_MSIL2A_20220829T065641_R063_T39QXG_20240718T033121,0,2022-08,T39QXG,0.3430665469721297,0,0.7582001306706534
S2A_MSIL2A_20220829T065641_R063_T39QXG_20220830T225205_0000.jpg,S2A_MSIL2A_20220829T065641_R063_T39QXG_20220830T225205,0,2022-08,T39QXG,0.33139163559327905,0,0.7582001306706534
S2B_MSIL2A_20220824T065619_R063_T39QXG_20220825T015302_0000.jpg,S2B_MSIL2A_20220824T065619_R063_T39QXG_20220825T015302,0,2022-08,T39QXG,0.0483921927652141,0,0.7582001306706534
S2A_MSIL2A_20220819T065641_R063_T39QXG_20220819T215726_0000.jpg,S2A_MSIL2A_20220819T065641_R063_T39QXG_20220819T215726,1,2022-08,T39QXG,0.9284821022655313,1,0.7582001306706534
S2B_MSIL2A_20220814T065629_R063_T39QXG_20240704T011425_0000.jpg,S2B_MSIL2A_20220814T065629_R063_T39QXG_20240704T011425,1,2022-08,T39QXG,0.9252344797751301,1,0.7582001306706534
S2B_MSIL2A_20230928T065649_R063_T39QXG_20230928T122354_0000.jpg,S2B_MSIL2A_20230928T065649_R063_T39QXG_20230928T122354,1,2023-09,T39QXG,0.9167055527689493,1,0.7582001306706534
S2A_MSIL2A_20230923T065621_R063_T39QXG_20241028T071613_0000.jpg,S2A_MSIL2A_20230923T065621_R063_T39QXG_20241028T071613,1,2023-09,T39QXG,0.92141665135201,1,0.7582001306706534
S2A_MSIL2A_20230923T065621_R063_T39QXG_20230923T121348_0000.jpg,S2A_MSIL2A_20230923T065621_R063_T39QXG_20230923T121348,1,2023-09,T39QXG,0.926198021545138,1,0.7582001306706534
S2B_MSIL2A_20230918T065629_R063_T39QXG_20241025T081232_0000.jpg,S2B_MSIL2A_20230918T065629_R063_T39QXG_20241025T081232,0,2023-09,T39QXG,0.10616860913760318,0,0.7582001306706534
S2B_MSIL2A_20230918T065629_R063_T39QXG_20230918T153259_0000.jpg,S2B_MSIL2A_20230918T065629_R063_T39QXG_20230918T153259,0,2023-09,T39QXG,0.09717826383980017,0,0.7582001306706534
S2A_MSIL2A_20230913T065631_R063_T39QXG_20241027T165012_0000.jpg,S2A_MSIL2A_20230913T065631_R063_T39QXG_20241027T165012,1,2023-09,T39QXG,0.8479721225492262,1,0.7582001306706534
S2A_MSIL2A_20230913T065631_R063_T39QXG_20230913T132300_0000.jpg,S2A_MSIL2A_20230913T065631_R063_T39QXG_20230913T132300,1,2023-09,T39QXG,0.8353007019179248,1,0.7582001306706534
S2B_MSIL2A_20230908T065629_R063_T39QXG_20241023T151834_0000.jpg,S2B_MSIL2A_20230908T065629_R063_T39QXG_20241023T151834,1,2023-09,T39QXG,0.8537673997784999,1,0.7582001306706534
S2B_MSIL2A_20230908T065629_R063_T39QXG_20230908T143733_0000.jpg,S2B_MSIL2A_20230908T065629_R063_T39QXG_20230908T143733,1,2023-09,T39QXG,0.8635917690770939,1,0.7582001306706534
S2A_MSIL2A_20230903T065631_R063_T39QXG_20241030T165920_0000.jpg,S2A_MSIL2A_20230903T065631_R063_T39QXG_20241030T165920,0,2023-09,T39QXG,0.05349299750063452,0,0.7582001306706534
S2B_MSIL2A_20230829T065629_R063_T39QXG_20241017T113451_0000.jpg,S2B_MSIL2A_20230829T065629_R063_T39QXG_20241017T113451,0,2023-08,T39QXG,0.05207163855254141,0,0.7582001306706534
S2B_MSIL2A_20230829T065629_R063_T39QXG_20230829T131134_0000.jpg,S2B_MSIL2A_20230829T065629_R063_T39QXG_20230829T131134,0,2023-08,T39QXG,0.05285968416824361,0,0.7582001306706534
S2A_MSIL2A_20230824T065631_R063_T39QXG_20241025T152112_0000.jpg,S2A_MSIL2A_20230824T065631_R063_T39QXG_20241025T152112,1,2023-08,T39QXG,0.9617146459425834,1,0.7582001306706534
S2A_MSIL2A_20230824T065631_R063_T39QXG_20230824T150407_0000.jpg,S2A_MSIL2A_20230824T065631_R063_T39QXG_20230824T150407,1,2023-08,T39QXG,0.9669397081455081,1,0.7582001306706534
S2B_MSIL2A_20240922T065619_R063_T39QXG_20240922T102739_0000.jpg,S2B_MSIL2A_20240922T065619_R063_T39QXG_20240922T102739,1,2024-09,T39QXG,0.9306062380376144,1,0.7582001306706534
S2A_MSIL2A_20240907T065621_R063_T39QXG_20240907T115459_0000.jpg,S2A_MSIL2A_20240907T065621_R063_T39QXG_20240907T115459,0,2024-09,T39QXG,0.02099775004502724,0,0.7582001306706534
S2B_MSIL2A_20240902T065629_R063_T39QXG_20240902T111143_0000.jpg,S2B_MSIL2A_20240902T065629_R063_T39QXG_20240902T111143,0,2024-09,T39QXG,0.41041557029177955,0,0.7582001306706534
S2A_MSIL2A_20240719T065621_R063_T39QXG_20240719T132007_0000.jpg,S2A_MSIL2A_20240719T065621_R063_T39QXG_20240719T132007,1,2024-07,T39QXG,0.8300746277649318,1,0.7582001306706534
S2B_MSIL2A_20240714T065619_R063_T39QXG_20240714T115201_0000.jpg,S2B_MSIL2A_20240714T065619_R063_T39QXG_20240714T115201,1,2024-07,T39QXG,0.8870369891492347,1,0.7582001306706534
S2B_MSIL2A_20240704T065629_R063_T39QXG_20240705T224349_0000.jpg,S2B_MSIL2A_20240704T065629_R063_T39QXG_20240705T224349,0,2024-07,T39QXG,0.41277642932119496,0,0.7582001306706534
S2B_MSIL2A_20240624T065629_R063_T39QXG_20240624T103302_0000.jpg,S2B_MSIL2A_20240624T065629_R063_T39QXG_20240624T103302,1,2024-06,T39QXG,0.8608231436763985,1,0.7582001306706534
S2B_MSIL2A_20180328T065919_R063_T39QXG_20201013T154107_0000.jpg,S2B_MSIL2A_20180328T065919_R063_T39QXG_20201013T154107,0,2018-03,T39QXG,0.07016065239047063,0,0.7582001306706534
S2A_MSIL2A_20180323T065621_R063_T39QXG_20201013T125706_0000.jpg,S2A_MSIL2A_20180323T065621_R063_T39QXG_20201013T125706,0,2018-03,T39QXG,0.045208370631021115,0,0.7582001306706534
S2A_MSIL2A_20180313T065651_R063_T39QXG_20201013T082101_0000.jpg,S2A_MSIL2A_20180313T065651_R063_T39QXG_20201013T082101,0,2018-03,T39QXG,0.1258852996369752,0,0.7582001306706534
S2B_MSIL2A_20180308T065719_R063_T39QXG_20201013T080744_0000.jpg,S2B_MSIL2A_20180308T065719_R063_T39QXG_20201013T080744,0,2018-03,T39QXG,0.1546595882050827,0,0.7582001306706534
S2A_MSIL2A_20180303T065801_R063_T39QXG_20201013T055226_0000.jpg,S2A_MSIL2A_20180303T065801_R063_T39QXG_20201013T055226,1,2018-03,T39QXG,0.9646164539202956,1,0.7582001306706534
S2B_MSIL2A_20180226T065829_R063_T39QXG_20201104T154320_0000.jpg,S2B_MSIL2A_20180226T065829_R063_T39QXG_20201104T154320,1,2018-02,T39QXG,0.9546651186279209,1,0.7582001306706534
S2A_MSIL2A_20180221T065911_R063_T39QXG_20201013T234500_0000.jpg,S2A_MSIL2A_20180221T065911_R063_T39QXG_20201013T234500,1,2018-02,T39QXG,0.8510515360355229,1,0.7582001306706534
S2B_MSIL2A_20180216T065929_R063_T39QXG_20201013T220228_0000.jpg,S2B_MSIL2A_20180216T065929_R063_T39QXG_20201013T220228,0,2018-02,T39QXG,0.10672562893075425,0,0.7582001306706534
S2A_MSIL2A_20180211T070021_R063_T39QXG_20201026T022414_0000.jpg,S2A_MSIL2A_20180211T070021_R063_T39QXG_20201026T022414,0,2018-02,T39QXG,0.09810211125598314,0,0.7582001306706534
S2A_MSIL2A_20180201T070111_R063_T39QXG_20201013T174623_0000.jpg,S2A_MSIL2A_20180201T070111_R063_T39QXG_20201013T174623,1,2018-02,T39QXG,0.8374622393781692,1,0.7582001306706534
S2B_MSIL2A_20180127T070139_R063_T39QXG_20201014T091640_0000.jpg,S2B_MSIL2A_20180127T070139_R063_T39QXG_20201014T091640,1,2018-01,T39QXG,0.9231658161263917,1,0.7582001306706534
S2B_MSIL2A_20180117T070219_R063_T39QXG_20201014T062903_0000.jpg,S2B_MSIL2A_20180117T070219_R063_T39QXG_20201014T062903,0,2018-01,T39QXG,0.26546901174003934,0,0.7582001306706534
S2B_MSIL2A_20180107T070249_R063_T39QXG_20201014T040002_0000.jpg,S2B_MSIL2A_20180107T070249_R063_T39QXG_20201014T040002,0,2018-01,T39QXG,0.11997278173086992,0,0.7582001306706534
S2B_MSIL2A_20171228T070259_R063_T39QXG_20201014T170056_0000.jpg,S2B_MSIL2A_20171228T070259_R063_T39QXG_20201014T170056,1,2017-12,T39QXG,0.9136295701692515,1,0.7582001306706534
S2A_MSIL2A_20190318T065621_R063_T39QXG_20201007T074707_0000.jpg,S2A_MSIL2A_20190318T065621_R063_T39QXG_20201007T074707,1,2019-03,T39QXG,0.7199798198846703,0,0.7582001306706534
S2B_MSIL2A_20190313T065649_R063_T39QXG_20221118T122016_0000.jpg,S2B_MSIL2A_20190313T065649_R063_T39QXG_20221118T122016,0,2019-03,T39QXG,0.5130206128604188,0,0.7582001306706534
S2A_MSIL2A_20190308T065721_R063_T39QXG_20201007T042258_0000.jpg,S2A_MSIL2A_20190308T065721_R063_T39QXG_20201007T042258,0,2019-03,T39QXG,0.4868301777970994,0,0.7582001306706534
S2B_MSIL2A_20190221T065919_R063_T39QXG_20201007T191341_0000.jpg,S2B_MSIL2A_20190221T065919_R063_T39QXG_20201007T191341,0,2019-02,T39QXG,0.06753634932566348,0,0.7582001306706534
S2A_MSIL2A_20190206T070051_R063_T39QXG_20201007T142408_0000.jpg,S2A_MSIL2A_20190206T070051_R063_T39QXG_20201007T142408,1,2019-02,T39QXG,0.9724821656563083,1,0.7582001306706534
S2B_MSIL2A_20190201T070119_R063_T39QXG_20201029T235440_0000.jpg,S2B_MSIL2A_20190201T070119_R063_T39QXG_20201029T235440,0,2019-02,T39QXG,0.037820584069054544,0,0.7582001306706534
S2A_MSIL2A_20190127T070141_R063_T39QXG_20201008T050026_0000.jpg,S2A_MSIL2A_20190127T070141_R063_T39QXG_20201008T050026,0,2019-01,T39QXG,0.039031315635846636,0,0.7582001306706534
S2A_MSIL2A_20190117T070221_R063_T39QXG_20201008T021414_0000.jpg,S2A_MSIL2A_20190117T070221_R063_T39QXG_20201008T021414,1,2019-01,T39QXG,0.9553184513963184,1,0.7582001306706534
S2B_MSIL2A_20190112T070239_R063_T39QXG_20201008T005855_0000.jpg,S2B_MSIL2A_20190112T070239_R063_T39QXG_20201008T005855,0,2019-01,T39QXG,0.4032182868373599,0,0.7582001306706534
S2A_MSIL2A_20190107T070251_R063_T39QXG_20201007T232849_0000.jpg,S2A_MSIL2A_20190107T070251_R063_T39QXG_20201007T232849,0,2019-01,T39QXG,0.7440587005634636,0,0.7582001306706534
S2B_MSIL2A_20200327T065619_R063_T39QXG_20201027T114721_0000.jpg,S2B_MSIL2A_20200327T065619_R063_T39QXG_20201027T114721,0,2020-03,T39QXG,0.5562179129017171,0,0.7582001306706534
S2A_MSIL2A_20200322T065621_R063_T39QXG_20201014T192405_0000.jpg,S2A_MSIL2A_20200322T065621_R063_T39QXG_20201014T192405,0,2020-03,T39QXG,0.498291379689341,0,0.7582001306706534
S2A_MSIL2A_20200312T065651_R063_T39QXG_20201006T204613_0000.jpg,S2A_MSIL2A_20200312T065651_R063_T39QXG_20201006T204613,0,2020-03,T39QXG,0.16644699247633496,0,0.7582001306706534
S2B_MSIL2A_20200307T065729_R063_T39QXG_20201003T195728_0000.jpg,S2B_MSIL2A_20200307T065729_R063_T39QXG_20201003T195728,0,2020-03,T39QXG,0.17674217378987575,0,0.7582001306706534
S2A_MSIL2A_20200302T065801_R063_T39QXG_20200926T020245_0000.jpg,S2A_MSIL2A_20200302T065801_R063_T39QXG_20200926T020245,1,2020-03,T39QXG,0.8579143616406975,1,0.7582001306706534
S2A_MSIL2A_20200221T065911_R063_T39QXG_20200927T132322_0000.jpg,S2A_MSIL2A_20200221T065911_R063_T39QXG_20200927T132322,0,2020-02,T39QXG,0.0806586831633687,0,0.7582001306706534
S2B_MSIL2A_20200216T065939_R063_T39QXG_20200929T114644_0000.jpg,S2B_MSIL2A_20200216T065939_R063_T39QXG_20200929T114644,0,2020-02,T39QXG,0.1840520007641306,0,0.7582001306706534
S2B_MSIL2A_20200206T070049_R063_T39QXG_20201001T025510_0000.jpg,S2B_MSIL2A_20200206T070049_R063_T39QXG_20201001T025510,1,2020-02,T39QXG,0.9786376482972194,1,0.7582001306706534
S2A_MSIL2A_20200201T070111_R063_T39QXG_20200930T073942_0000.jpg,S2A_MSIL2A_20200201T070111_R063_T39QXG_20200930T073942,0,2020-02,T39QXG,0.1392720934068501,0,0.7582001306706534
S2A_MSIL2A_20200122T070201_R063_T39QXG_20201002T050518_0000.jpg,S2A_MSIL2A_20200122T070201_R063_T39QXG_20201002T050518,1,2020-01,T39QXG,0.8297646266886813,1,0.7582001306706534
S2B_MSIL2A_20200117T070219_R063_T39QXG_20201002T195630_0000.jpg,S2B_MSIL2A_20200117T070219_R063_T39QXG_20201002T195630,1,2020-01,T39QXG,0.8212150780443397,1,0.7582001306706534
S2A_MSIL2A_20200112T070241_R063_T39QXG_20201002T173508_0000.jpg,S2A_MSIL2A_20200112T070241_R063_T39QXG_20201002T173508,0,2020-01,T39QXG,0.09930225658122022,0,0.7582001306706534
S2A_MSIL2A_20210327T065621_R063_T39QXG_20210327T193611_0000.jpg,S2A_MSIL2A_20210327T065621_R063_T39QXG_20210327T193611,0,2021-03,T39QXG,0.04222115648351882,0,0.7582001306706534
S2B_MSIL2A_20210322T065619_R063_T39QXG_20210323T015515_0000.jpg,S2B_MSIL2A_20210322T065619_R063_T39QXG_20210323T015515,0,2021-03,T39QXG,0.041634321240958456,0,0.7582001306706534
S2A_MSIL2A_20210317T065621_R063_T39QXG_20210317T221928_0000.jpg,S2A_MSIL2A_20210317T065621_R063_T39QXG_20210317T221928,0,2021-03,T39QXG,0.12149271899733213,0,0.7582001306706534
S2B_MSIL2A_20210312T065659_R063_T39QXG_20210312T174530_0000.jpg,S2B_MSIL2A_20210312T065659_R063_T39QXG_20210312T174530,0,2021-03,T39QXG,0.7556959275320232,0,0.7582001306706534
S2A_MSIL2A_20210307T065731_R063_T39QXG_20210307T203727_0000.jpg,S2A_MSIL2A_20210307T065731_R063_T39QXG_20210307T203727,0,2021-03,T39QXG,0.6611347450622682,0,0.7582001306706534
S2B_MSIL2A_20210302T065809_R063_T39QXG_20210302T153932_0000.jpg,S2B_MSIL2A_20210302T065809_R063_T39QXG_20210302T153932,1,2021-03,T39QXG,0.9752148692290347,1,0.7582001306706534
S2A_MSIL2A_20210225T065851_R063_T39QXG_20210225T181931_0000.jpg,S2A_MSIL2A_20210225T065851_R063_T39QXG_20210225T181931,1,2021-02,T39QXG,0.9489025870818927,1,0.7582001306706534
S2A_MSIL2A_20210215T065951_R063_T39QXG_20210215T202348_0000.jpg,S2A_MSIL2A_20210215T065951_R063_T39QXG_20210215T202348,0,2021-02,T39QXG,0.09060064878539092,0,0.7582001306706534
S2A_MSIL2A_20210205T070051_R063_T39QXG_20210210T170018_0000.jpg,S2A_MSIL2A_20210205T070051_R063_T39QXG_20210210T170018,0,2021-02,T39QXG,0.4984766558378259,0,0.7582001306706534
S2B_MSIL2A_20210131T070119_R063_T39QXG_20210201T152028_0000.jpg,S2B_MSIL2A_20210131T070119_R063_T39QXG_20210201T152028,1,2021-01,T39QXG,0.9616694147425833,1,0.7582001306706534
S2B_MSIL2A_20210121T070209_R063_T39QXG_20210122T122053_0000.jpg,S2B_MSIL2A_20210121T070209_R063_T39QXG_20210122T122053,0,2021-01,T39QXG,0.07605782983929005,0,0.7582001306706534
S2A_MSIL2A_20210116T070231_R063_T39QXG_20210116T213026_0000.jpg,S2A_MSIL2A_20210116T070231_R063_T39QXG_20210116T213026,0,2021-01,T39QXG,0.061049353531582105,0,0.7582001306706534
S2B_MSIL2A_20220327T065619_R063_T39QXG_20220327T201724_0000.jpg,S2B_MSIL2A_20220327T065619_R063_T39QXG_20220327T201724,0,2022-03,T39QXG,0.21142474773567121,0,0.7582001306706534
S2A_MSIL2A_20220322T065631_R063_T39QXG_20220322T215023_0000.jpg,S2A_MSIL2A_20220322T065631_R063_T39QXG_20220322T215023,0,2022-03,T39QXG,0.2255084785775102,0,0.7582001306706534
S2B_MSIL2A_20220317T065619_R063_T39QXG_20240523T103231_0000.jpg,S2B_MSIL2A_20220317T065619_R063_T39QXG_20240523T103231,0,2022-03,T39QXG,0.13306928024757683,0,0.7582001306706534
S2A_MSIL2A_20220312T065701_R063_T39QXG_20240523T070747_0000.jpg,S2A_MSIL2A_20220312T065701_R063_T39QXG_20240523T070747,1,2022-03,T39QXG,0.8849067786978233,1,0.7582001306706534
S2A_MSIL2A_20220312T065701_R063_T39QXG_20220312T225303_0000.jpg,S2A_MSIL2A_20220312T065701_R063_T39QXG_20220312T225303,1,2022-03,T39QXG,0.8995682816448652,1,0.7582001306706534
S2B_MSIL2A_20220307T065729_R063_T39QXG_20240524T222725_0000.jpg,S2B_MSIL2A_20220307T065729_R063_T39QXG_20240524T222725,1,2022-03,T39QXG,0.8898875504416983,1,0.7582001306706534
S2B_MSIL2A_20220307T065729_R063_T39QXG_20220307T200029_0000.jpg,S2B_MSIL2A_20220307T065729_R063_T39QXG_20220307T200029,1,2022-03,T39QXG,0.8944378567588251,1,0.7582001306706534
S2A_MSIL2A_20220302T065811_R063_T39QXG_20240528T164922_0000.jpg,S2A_MSIL2A_20220302T065811_R063_T39QXG_20240528T164922,1,2022-03,T39QXG,0.8722258855988162,1,0.7582001306706534
S2A_MSIL2A_20220302T065811_R063_T39QXG_20220304T043204_0000.jpg,S2A_MSIL2A_20220302T065811_R063_T39QXG_20220304T043204,1,2022-03,T39QXG,0.8573371112305522,1,0.7582001306706534
S2B_MSIL2A_20220215T065949_R063_T39QXG_20220223T132730_0000.jpg,S2B_MSIL2A_20220215T065949_R063_T39QXG_20220223T132730,1,2022-02,T39QXG,0.6453268368262083,0,0.7582001306706534
S2B_MSIL2A_20230322T065629_R063_T39QXG_20240827T110952_0000.jpg,S2B_MSIL2A_20230322T065629_R063_T39QXG_20240827T110952,0,2023-03,T39QXG,0.12065630146475348,0,0.7582001306706534
S2B_MSIL2A_20230322T065629_R063_T39QXG_20230322T124101_0000.jpg,S2B_MSIL2A_20230322T065629_R063_T39QXG_20230322T124101,0,2023-03,T39QXG,0.11198958922827114,0,0.7582001306706534
S2A_MSIL2A_20230317T065621_R063_T39QXG_20230317T125717_0000.jpg,S2A_MSIL2A_20230317T065621_R063_T39QXG_20230317T125717,0,2023-03,T39QXG,0.06418608887087572,0,0.7582001306706534
S2B_MSIL2A_20230312T065709_R063_T39QXG_20230312T141426_0000.jpg,S2B_MSIL2A_20230312T065709_R063_T39QXG_20230312T141426,1,2023-03,T39QXG,0.9556976311486578,1,0.7582001306706534
S2A_MSIL2A_20230307T065731_R063_T39QXG_20240821T003413_0000.jpg,S2A_MSIL2A_20230307T065731_R063_T39QXG_20240821T003413,1,2023-03,T39QXG,0.9562316708290717,1,0.7582001306706534
S2A_MSIL2A_20230307T065731_R063_T39QXG_20230307T123902_0000.jpg,S2A_MSIL2A_20230307T065731_R063_T39QXG_20230307T123902,1,2023-03,T39QXG,0.955784664639032,1,0.7582001306706534
S2A_MSIL2A_20230225T065851_R063_T39QXG_20230227T033301_0000.jpg,S2A_MSIL2A_20230225T065851_R063_T39QXG_20230227T033301,0,2023-02,T39QXG,0.10070865678535515,0,0.7582001306706534
S2B_MSIL2A_20230210T070029_R063_T39QXG_20240813T093046_0000.jpg,S2B_MSIL2A_20230210T070029_R063_T39QXG_20240813T093046,0,2023-02,T39QXG,0.07479419817870943,0,0.7582001306706534
S2B_MSIL2A_20230210T070029_R063_T39QXG_20230210T205643_0000.jpg,S2B_MSIL2A_20230210T070029_R063_T39QXG_20230210T205643,0,2023-02,T39QXG,0.09428733396642767,0,0.7582001306706534
S2A_MSIL2A_20230205T070101_R063_T39QXG_20240817T062535_0000.jpg,S2A_MSIL2A_20230205T070101_R063_T39QXG_20240817T062535,1,2023-02,T39QXG,0.9578467360906217,1,0.7582001306706534
S2A_MSIL2A_20230205T070101_R063_T39QXG_20230206T042309_0000.jpg,S2A_MSIL2A_20230205T070101_R063_T39QXG_20230206T042309,1,2023-02,T39QXG,0.9533381568068483,1,0.7582001306706534
S2B_MSIL2A_20230131T070119_R063_T39QXG_20230131T235314_0000.jpg,S2B_MSIL2A_20230131T070119_R063_T39QXG_20230131T235314,1,2023-01,T39QXG,0.8887805931186463,1,0.7582001306706534
S2B_MSIL2A_20240326T065619_R063_T39QXG_20240326T132139_0000.jpg,S2B_MSIL2A_20240326T065619_R063_T39QXG_20240326T132139,0,2024-03,T39QXG,0.05271476602013791,0,0.7582001306706534
S2A_MSIL2A_20240321T065621_R063_T39QXG_20240321T122014_0000.jpg,S2A_MSIL2A_20240321T065621_R063_T39QXG_20240321T122014,0,2024-03,T39QXG,0.06155458104443977,0,0.7582001306706534
S2B_MSIL2A_20240316T065629_R063_T39QXG_20240316T121959_0000.jpg,S2B_MSIL2A_20240316T065629_R063_T39QXG_20240316T121959,0,2024-03,T39QXG,0.07434385616819074,0,0.7582001306706534
S2A_MSIL2A_20240311T065701_R063_T39QXG_20240311T150535_0000.jpg,S2A_MSIL2A_20240311T065701_R063_T39QXG_20240311T150535,1,2024-03,T39QXG,0.9579855494884976,1,0.7582001306706534
S2B_MSIL2A_20240306T065739_R063_T39QXG_20240306T111016_0000.jpg,S2B_MSIL2A_20240306T065739_R063_T39QXG_20240306T111016,1,2024-03,T39QXG,0.9568131144365664,1,0.7582001306706534
S2A_MSIL2A_20240301T065821_R063_T39QXG_20240301T115335_0000.jpg,S2A_MSIL2A_20240301T065821_R063_T39QXG_20240301T115335,0,2024-03,T39QXG,0.13781460322445493,0,0.7582001306706534
S2A_MSIL2A_20240220T065921_R063_T39QXG_20240220T112915_0000.jpg,S2A_MSIL2A_20240220T065921_R063_T39QXG_20240220T112915,0,2024-02,T39QXG,0.028518152604636988,0,0.7582001306706534
S2B_MSIL2A_20240215T065959_R063_T39QXG_20240215T111952_0000.jpg,S2B_MSIL2A_20240215T065959_R063_T39QXG_20240215T111952,1,2024-02,T39QXG,0.8645370880656471,1,0.7582001306706534
S2A_MSIL2A_20240210T070031_R063_T39QXG_20240210T111914_0000.jpg,S2A_MSIL2A_20240210T070031_R063_T39QXG_20240210T111914,1,2024-02,T39QXG,0.8765718365367728,1,0.7582001306706534
S2A_MSIL2A_20240121T070211_R063_T39QXG_20240121T131026_0000.jpg,S2A_MSIL2A_20240121T070211_R063_T39QXG_20240121T131026,1,2024-01,T39QXG,0.8803700576268367,1,0.7582001306706534
S2A_MSIL2A_20240111T070241_R063_T39QXG_20240111T113149_0000.jpg,S2A_MSIL2A_20240111T070241_R063_T39QXG_20240111T113149,1,2024-01,T39QXG,0.945130515427707,1,0.7582001306706534
S2B_MSIL2A_20240106T070259_R063_T39QXG_20240106T101530_0000.jpg,S2B_MSIL2A_20240106T070259_R063_T39QXG_20240106T101530,0,2024-01,T39QXG,0.2913945144782328,0,0.7582001306706534
S2A_MSIL2A_20240101T070301_R063_T39QXG_20240101T114458_0000.jpg,S2A_MSIL2A_20240101T070301_R063_T39QXG_20240101T114458,0,2024-01,T39QXG,0.33245403311060956,0,0.7582001306706534
S2B_MSIL2A_20231227T070309_R063_T39QXG_20231227T102112_0000.jpg,S2B_MSIL2A_20231227T070309_R063_T39QXG_20231227T102112,1,2023-12,T39QXG,0.8688871744523645,1,0.7582001306706534
S2A_MSIL2A_20250115T070231_R063_T39QXG_20250115T101359_0000.jpg,S2A_MSIL2A_20250115T070231_R063_T39QXG_20250115T101359,1,2025-01,T39QXG,0.7419788708346701,0,0.7582001306706534
S2A_MSIL2A_20250105T070301_R063_T39QXG_20250105T101308_0000.jpg,S2A_MSIL2A_20250105T070301_R063_T39QXG_20250105T101308,1,2025-01,T39QXG,0.7076181961303596,0,0.7582001306706534
S2A_MSIL2A_20170104T065252_R020_T40RDP_20210529T200944_0000.jpg,S2A_MSIL2A_20170104T065252_R020_T40RDP_20210529T200944,0,2017-01,T40RDP,0.7286135422085611,0,0.7582001306706534
S2A_MSIL2A_20170104T065252_R020_T40RDP_20210529T200944_0001.jpg,S2A_MSIL2A_20170104T065252_R020_T40RDP_20210529T200944,0,2017-01,T40RDP,0.7286135422085611,0,0.7582001306706534
S2A_MSIL2A_20170414T064621_R020_T40RDP_20210209T072822_0000.jpg,S2A_MSIL2A_20170414T064621_R020_T40RDP_20210209T072822,0,2017-04,T40RDP,0.4103899425806071,0,0.7582001306706534
S2A_MSIL2A_20170414T064621_R020_T40RDP_20210209T072822_0001.jpg,S2A_MSIL2A_20170414T064621_R020_T40RDP_20210209T072822,0,2017-04,T40RDP,0.4103899425806071,0,0.7582001306706534
S2A_MSIL2A_20170504T064631_R020_T40RDP_20210209T125341_0000.jpg,S2A_MSIL2A_20170504T064631_R020_T40RDP_20210209T125341,0,2017-05,T40RDP,0.06709939190125558,0,0.7582001306706534
S2A_MSIL2A_20170504T064631_R020_T40RDP_20210209T125341_0001.jpg,S2A_MSIL2A_20170504T064631_R020_T40RDP_20210209T125341,0,2017-05,T40RDP,0.06709939190125558,0,0.7582001306706534
S2A_MSIL2A_20170524T064631_R020_T40RDP_20210209T174339_0000.jpg,S2A_MSIL2A_20170524T064631_R020_T40RDP_20210209T174339,1,2017-05,T40RDP,0.6865882858277093,0,0.7582001306706534
S2A_MSIL2A_20170524T064631_R020_T40RDP_20210209T174339_0001.jpg,S2A_MSIL2A_20170524T064631_R020_T40RDP_20210209T174339,1,2017-05,T40RDP,0.6865882858277093,0,0.7582001306706534
S2A_MSIL2A_20170703T064621_R020_T40RDP_20210210T040347_0000.jpg,S2A_MSIL2A_20170703T064621_R020_T40RDP_20210210T040347,1,2017-07,T40RDP,0.8790274505276401,1,0.7582001306706534
S2A_MSIL2A_20170703T064621_R020_T40RDP_20210210T040347_0001.jpg,S2A_MSIL2A_20170703T064621_R020_T40RDP_20210210T040347,1,2017-07,T40RDP,0.8790274505276401,1,0.7582001306706534
S2A_MSIL2A_20170723T064631_R020_T40RDP_20210210T130856_0000.jpg,S2A_MSIL2A_20170723T064631_R020_T40RDP_20210210T130856,0,2017-07,T40RDP,0.0186970884524027,0,0.7582001306706534
S2A_MSIL2A_20170723T064631_R020_T40RDP_20210210T130856_0001.jpg,S2A_MSIL2A_20170723T064631_R020_T40RDP_20210210T130856,0,2017-07,T40RDP,0.0186970884524027,0,0.7582001306706534
S2B_MSIL2A_20170807T064619_R020_T40RDP_20210210T210701_0000.jpg,S2B_MSIL2A_20170807T064619_R020_T40RDP_20210210T210701,0,2017-08,T40RDP,0.2668441054787548,0,0.7582001306706534
S2B_MSIL2A_20170807T064619_R020_T40RDP_20210210T210701_0001.jpg,S2B_MSIL2A_20170807T064619_R020_T40RDP_20210210T210701,0,2017-08,T40RDP,0.2668441054787548,0,0.7582001306706534
S2A_MSIL2A_20170812T064631_R020_T40RDP_20210131T155623_0000.jpg,S2A_MSIL2A_20170812T064631_R020_T40RDP_20210131T155623,0,2017-08,T40RDP,0.0862439698148706,0,0.7582001306706534
S2A_MSIL2A_20170812T064631_R020_T40RDP_20210131T155623_0001.jpg,S2A_MSIL2A_20170812T064631_R020_T40RDP_20210131T155623,0,2017-08,T40RDP,0.0862439698148706,0,0.7582001306706534
S2B_MSIL2A_20170916T064619_R020_T40RDP_20210202T040902_0000.jpg,S2B_MSIL2A_20170916T064619_R020_T40RDP_20210202T040902,0,2017-09,T40RDP,0.34125600449012494,0,0.7582001306706534
S2B_MSIL2A_20170916T064619_R020_T40RDP_20210202T040902_0001.jpg,S2B_MSIL2A_20170916T064619_R020_T40RDP_20210202T040902,0,2017-09,T40RDP,0.34125600449012494,0,0.7582001306706534
S2B_MSIL2A_20171006T064719_R020_T40RDP_20210202T145017_0000.jpg,S2B_MSIL2A_20171006T064719_R020_T40RDP_20210202T145017,1,2017-10,T40RDP,0.6766854610815453,0,0.7582001306706534
S2B_MSIL2A_20171006T064719_R020_T40RDP_20210202T145017_0001.jpg,S2B_MSIL2A_20171006T064719_R020_T40RDP_20210202T145017,1,2017-10,T40RDP,0.6766854610815453,0,0.7582001306706534
S2B_MSIL2A_20171105T065029_R020_T40RDP_20201014T182558_0000.jpg,S2B_MSIL2A_20171105T065029_R020_T40RDP_20201014T182558,1,2017-11,T40RDP,0.7007257699222952,0,0.7582001306706534
S2B_MSIL2A_20171105T065029_R020_T40RDP_20201014T182558_0001.jpg,S2B_MSIL2A_20171105T065029_R020_T40RDP_20201014T182558,1,2017-11,T40RDP,0.7007257699222952,0,0.7582001306706534
S2B_MSIL2A_20171115T065119_R020_T40RDP_20201014T200318_0000.jpg,S2B_MSIL2A_20171115T065119_R020_T40RDP_20201014T200318,1,2017-11,T40RDP,0.9266765338062256,1,0.7582001306706534
S2B_MSIL2A_20171115T065119_R020_T40RDP_20201014T200318_0001.jpg,S2B_MSIL2A_20171115T065119_R020_T40RDP_20201014T200318,1,2017-11,T40RDP,0.9266765338062256,1,0.7582001306706534
S2B_MSIL2A_20171205T065239_R020_T40RDP_20201014T120805_0000.jpg,S2B_MSIL2A_20171205T065239_R020_T40RDP_20201014T120805,0,2017-12,T40RDP,0.01700392398934169,0,0.7582001306706534
S2B_MSIL2A_20171205T065239_R020_T40RDP_20201014T120805_0001.jpg,S2B_MSIL2A_20171205T065239_R020_T40RDP_20201014T120805,0,2017-12,T40RDP,0.01700392398934169,0,0.7582001306706534
S2A_MSIL2A_20171210T065251_R020_T40RDP_20201014T130828_0000.jpg,S2A_MSIL2A_20171210T065251_R020_T40RDP_20201014T130828,0,2017-12,T40RDP,0.023959791666203406,0,0.7582001306706534
S2A_MSIL2A_20171210T065251_R020_T40RDP_20201014T130828_0001.jpg,S2A_MSIL2A_20171210T065251_R020_T40RDP_20201014T130828,0,2017-12,T40RDP,0.023959791666203406,0,0.7582001306706534
S2A_MSIL2A_20171230T065301_R020_T40RDP_20201014T171731_0000.jpg,S2A_MSIL2A_20171230T065301_R020_T40RDP_20201014T171731,0,2017-12,T40RDP,0.24725770860118662,0,0.7582001306706534
S2A_MSIL2A_20171230T065301_R020_T40RDP_20201014T171731_0001.jpg,S2A_MSIL2A_20171230T065301_R020_T40RDP_20201014T171731,0,2017-12,T40RDP,0.24725770860118662,0,0.7582001306706534
S2B_MSIL2A_20180104T065249_R020_T40RDP_20201014T031905_0000.jpg,S2B_MSIL2A_20180104T065249_R020_T40RDP_20201014T031905,0,2018-01,T40RDP,0.02758369082256313,0,0.7582001306706534
S2B_MSIL2A_20180104T065249_R020_T40RDP_20201014T031905_0001.jpg,S2B_MSIL2A_20180104T065249_R020_T40RDP_20201014T031905,0,2018-01,T40RDP,0.02758369082256313,0,0.7582001306706534
S2B_MSIL2A_20180124T065149_R020_T40RDP_20201014T082610_0000.jpg,S2B_MSIL2A_20180124T065149_R020_T40RDP_20201014T082610,1,2018-01,T40RDP,0.9668747909575821,1,0.7582001306706534
S2B_MSIL2A_20180124T065149_R020_T40RDP_20201014T082610_0001.jpg,S2B_MSIL2A_20180124T065149_R020_T40RDP_20201014T082610,1,2018-01,T40RDP,0.9668747909575821,1,0.7582001306706534
S2B_MSIL2A_20180203T065059_R020_T40RDP_20201025T221931_0000.jpg,S2B_MSIL2A_20180203T065059_R020_T40RDP_20201025T221931,0,2018-02,T40RDP,0.2918064014215893,0,0.7582001306706534
S2B_MSIL2A_20180203T065059_R020_T40RDP_20201025T221931_0001.jpg,S2B_MSIL2A_20180203T065059_R020_T40RDP_20201025T221931,0,2018-02,T40RDP,0.2918064014215893,0,0.7582001306706534
S2B_MSIL2A_20180223T064849_R020_T40RDP_20201014T003814_0000.jpg,S2B_MSIL2A_20180223T064849_R020_T40RDP_20201014T003814,1,2018-02,T40RDP,0.5727239450062899,0,0.7582001306706534
S2B_MSIL2A_20180223T064849_R020_T40RDP_20201014T003814_0001.jpg,S2B_MSIL2A_20180223T064849_R020_T40RDP_20201014T003814,1,2018-02,T40RDP,0.5727239450062899,0,0.7582001306706534
S2B_MSIL2A_20180305T064739_R020_T40RDP_20201026T051111_0000.jpg,S2B_MSIL2A_20180305T064739_R020_T40RDP_20201026T051111,1,2018-03,T40RDP,0.48800865375276786,0,0.7582001306706534
S2B_MSIL2A_20180305T064739_R020_T40RDP_20201026T051111_0001.jpg,S2B_MSIL2A_20180305T064739_R020_T40RDP_20201026T051111,1,2018-03,T40RDP,0.48800865375276786,0,0.7582001306706534
S2B_MSIL2A_20180315T064629_R020_T40RDP_20201013T092614_0000.jpg,S2B_MSIL2A_20180315T064629_R020_T40RDP_20201013T092614,1,2018-03,T40RDP,0.8339856156985651,1,0.7582001306706534
S2B_MSIL2A_20180315T064629_R020_T40RDP_20201013T092614_0001.jpg,S2B_MSIL2A_20180315T064629_R020_T40RDP_20201013T092614,1,2018-03,T40RDP,0.8339856156985651,1,0.7582001306706534
S2B_MSIL2A_20180325T064629_R020_T40RDP_20201013T140927_0000.jpg,S2B_MSIL2A_20180325T064629_R020_T40RDP_20201013T140927,0,2018-03,T40RDP,0.05695841326681796,0,0.7582001306706534
S2B_MSIL2A_20180325T064629_R020_T40RDP_20201013T140927_0001.jpg,S2B_MSIL2A_20180325T064629_R020_T40RDP_20201013T140927,0,2018-03,T40RDP,0.05695841326681796,0,0.7582001306706534
S2B_MSIL2A_20180424T064619_R020_T40RDP_20201013T021211_0000.jpg,S2B_MSIL2A_20180424T064619_R020_T40RDP_20201013T021211,0,2018-04,T40RDP,0.3251947271250563,0,0.7582001306706534
S2B_MSIL2A_20180424T064619_R020_T40RDP_20201013T021211_0001.jpg,S2B_MSIL2A_20180424T064619_R020_T40RDP_20201013T021211,0,2018-04,T40RDP,0.3251947271250563,0,0.7582001306706534
S2A_MSIL2A_20180429T064631_R020_T40RDP_20201013T040255_0000.jpg,S2A_MSIL2A_20180429T064631_R020_T40RDP_20201013T040255,0,2018-04,T40RDP,0.24494474364210217,0,0.7582001306706534
S2A_MSIL2A_20180429T064631_R020_T40RDP_20201013T040255_0001.jpg,S2A_MSIL2A_20180429T064631_R020_T40RDP_20201013T040255,0,2018-04,T40RDP,0.24494474364210217,0,0.7582001306706534
S2A_MSIL2A_20180519T064631_R020_T40RDP_20201012T113634_0000.jpg,S2A_MSIL2A_20180519T064631_R020_T40RDP_20201012T113634,0,2018-05,T40RDP,0.023433679825597197,0,0.7582001306706534
S2A_MSIL2A_20180519T064631_R020_T40RDP_20201012T113634_0001.jpg,S2A_MSIL2A_20180519T064631_R020_T40RDP_20201012T113634,0,2018-05,T40RDP,0.023433679825597197,0,0.7582001306706534
S2A_MSIL2A_20180529T064631_R020_T40RDP_20201012T152100_0000.jpg,S2A_MSIL2A_20180529T064631_R020_T40RDP_20201012T152100,0,2018-05,T40RDP,0.32116435051793885,0,0.7582001306706534
S2A_MSIL2A_20180529T064631_R020_T40RDP_20201012T152100_0001.jpg,S2A_MSIL2A_20180529T064631_R020_T40RDP_20201012T152100,0,2018-05,T40RDP,0.32116435051793885,0,0.7582001306706534
S2A_MSIL2A_20180618T064621_R020_T40RDP_20201011T232818_0000.jpg,S2A_MSIL2A_20180618T064621_R020_T40RDP_20201011T232818,0,2018-06,T40RDP,0.16874593305156774,0,0.7582001306706534
S2A_MSIL2A_20180618T064621_R020_T40RDP_20201011T232818_0001.jpg,S2A_MSIL2A_20180618T064621_R020_T40RDP_20201011T232818,0,2018-06,T40RDP,0.16874593305156774,0,0.7582001306706534
S2A_MSIL2A_20180628T064621_R020_T40RDP_20201012T031832_0000.jpg,S2A_MSIL2A_20180628T064621_R020_T40RDP_20201012T031832,1,2018-06,T40RDP,0.8061187487493732,1,0.7582001306706534
S2A_MSIL2A_20180628T064621_R020_T40RDP_20201012T031832_0001.jpg,S2A_MSIL2A_20180628T064621_R020_T40RDP_20201012T031832,1,2018-06,T40RDP,0.8061187487493732,1,0.7582001306706534
S2A_MSIL2A_20180708T064631_R020_T40RDP_20201011T131710_0000.jpg,S2A_MSIL2A_20180708T064631_R020_T40RDP_20201011T131710,1,2018-07,T40RDP,0.9607942920016412,1,0.7582001306706534
S2A_MSIL2A_20180708T064631_R020_T40RDP_20201011T131710_0001.jpg,S2A_MSIL2A_20180708T064631_R020_T40RDP_20201011T131710,1,2018-07,T40RDP,0.9607942920016412,1,0.7582001306706534
S2B_MSIL2A_20180713T064619_R020_T40RDP_20201011T152448_0000.jpg,S2B_MSIL2A_20180713T064619_R020_T40RDP_20201011T152448,0,2018-07,T40RDP,0.05440032448563066,0,0.7582001306706534
S2B_MSIL2A_20180713T064619_R020_T40RDP_20201011T152448_0001.jpg,S2B_MSIL2A_20180713T064619_R020_T40RDP_20201011T152448,0,2018-07,T40RDP,0.05440032448563066,0,0.7582001306706534
S2B_MSIL2A_20180723T064619_R020_T40RDP_20201011T191134_0000.jpg,S2B_MSIL2A_20180723T064619_R020_T40RDP_20201011T191134,0,2018-07,T40RDP,0.027591379730697408,0,0.7582001306706534
S2B_MSIL2A_20180802T064619_R020_T40RDP_20201010T202417_0000.jpg,S2B_MSIL2A_20180802T064619_R020_T40RDP_20201010T202417,1,2018-08,T40RDP,0.06827997391847647,0,0.7582001306706534
S2B_MSIL2A_20180802T064619_R020_T40RDP_20201010T202417_0001.jpg,S2B_MSIL2A_20180802T064619_R020_T40RDP_20201010T202417,1,2018-08,T40RDP,0.06827997391847647,0,0.7582001306706534
S2B_MSIL2A_20180812T064619_R020_T40RDP_20201011T004858_0000.jpg,S2B_MSIL2A_20180812T064619_R020_T40RDP_20201011T004858,1,2018-08,T40RDP,0.6206731120264243,0,0.7582001306706534
S2B_MSIL2A_20180812T064619_R020_T40RDP_20201011T004858_0001.jpg,S2B_MSIL2A_20180812T064619_R020_T40RDP_20201011T004858,1,2018-08,T40RDP,0.6206731120264243,0,0.7582001306706534
S2A_MSIL2A_20180827T064621_R020_T40RDP_20201027T045001_0000.jpg,S2A_MSIL2A_20180827T064621_R020_T40RDP_20201027T045001,0,2018-08,T40RDP,0.047563195564914805,0,0.7582001306706534
S2A_MSIL2A_20180827T064621_R020_T40RDP_20201027T045001_0001.jpg,S2A_MSIL2A_20180827T064621_R020_T40RDP_20201027T045001,0,2018-08,T40RDP,0.047563195564914805,0,0.7582001306706534
S2A_MSIL2A_20180906T064621_R020_T40RDP_20201011T091051_0000.jpg,S2A_MSIL2A_20180906T064621_R020_T40RDP_20201011T091051,0,2018-09,T40RDP,0.5567436520663819,0,0.7582001306706534
S2A_MSIL2A_20180906T064621_R020_T40RDP_20201011T091051_0001.jpg,S2A_MSIL2A_20180906T064621_R020_T40RDP_20201011T091051,0,2018-09,T40RDP,0.5567436520663819,0,0.7582001306706534
S2B_MSIL2A_20180921T064619_R020_T40RDP_20201009T032948_0000.jpg,S2B_MSIL2A_20180921T064619_R020_T40RDP_20201009T032948,0,2018-09,T40RDP,0.024263340759531807,0,0.7582001306706534
S2B_MSIL2A_20180921T064619_R020_T40RDP_20201009T032948_0001.jpg,S2B_MSIL2A_20180921T064619_R020_T40RDP_20201009T032948,0,2018-09,T40RDP,0.024263340759531807,0,0.7582001306706534
S2A_MSIL2A_20180926T064731_R020_T40RDP_20201009T050107_0000.jpg,S2A_MSIL2A_20180926T064731_R020_T40RDP_20201009T050107,1,2018-09,T40RDP,0.8336228227823158,1,0.7582001306706534
S2A_MSIL2A_20180926T064731_R020_T40RDP_20201009T050107_0001.jpg,S2A_MSIL2A_20180926T064731_R020_T40RDP_20201009T050107,1,2018-09,T40RDP,0.8336228227823158,1,0.7582001306706534
S2B_MSIL2A_20181011T064809_R020_T40RDP_20201009T103222_0000.jpg,S2B_MSIL2A_20181011T064809_R020_T40RDP_20201009T103222,0,2018-10,T40RDP,0.5616950374899347,0,0.7582001306706534
S2B_MSIL2A_20181011T064809_R020_T40RDP_20201009T103222_0001.jpg,S2B_MSIL2A_20181011T064809_R020_T40RDP_20201009T103222,0,2018-10,T40RDP,0.5616950374899347,0,0.7582001306706534
S2B_MSIL2A_20181021T064909_R020_T40RDP_20201009T135435_0000.jpg,S2B_MSIL2A_20181021T064909_R020_T40RDP_20201009T135435,0,2018-10,T40RDP,0.034741472234664575,0,0.7582001306706534
S2B_MSIL2A_20181021T064909_R020_T40RDP_20201009T135435_0001.jpg,S2B_MSIL2A_20181021T064909_R020_T40RDP_20201009T135435,0,2018-10,T40RDP,0.034741472234664575,0,0.7582001306706534
S2A_MSIL2A_20181105T065041_R020_T40RDP_20201008T155607_0000.jpg,S2A_MSIL2A_20181105T065041_R020_T40RDP_20201008T155607,0,2018-11,T40RDP,0.09563296949945477,0,0.7582001306706534
S2A_MSIL2A_20181105T065041_R020_T40RDP_20201008T155607_0001.jpg,S2A_MSIL2A_20181105T065041_R020_T40RDP_20201008T155607,0,2018-11,T40RDP,0.09563296949945477,0,0.7582001306706534
S2B_MSIL2A_20181110T065109_R020_T40RDP_20201008T173400_0000.jpg,S2B_MSIL2A_20181110T065109_R020_T40RDP_20201008T173400,0,2018-11,T40RDP,0.09619148468456147,0,0.7582001306706534
S2B_MSIL2A_20181110T065109_R020_T40RDP_20201008T173400_0001.jpg,S2B_MSIL2A_20181110T065109_R020_T40RDP_20201008T173400,0,2018-11,T40RDP,0.09619148468456147,0,0.7582001306706534
S2B_MSIL2A_20181130T065229_R020_T40RDP_20201008T230119_0000.jpg,S2B_MSIL2A_20181130T065229_R020_T40RDP_20201008T230119,0,2018-11,T40RDP,0.6540798669347708,0,0.7582001306706534
S2B_MSIL2A_20181130T065229_R020_T40RDP_20201008T230119_0001.jpg,S2B_MSIL2A_20181130T065229_R020_T40RDP_20201008T230119,0,2018-11,T40RDP,0.6540798669347708,0,0.7582001306706534
S2B_MSIL2A_20181210T065249_R020_T40RDP_20201008T085955_0000.jpg,S2B_MSIL2A_20181210T065249_R020_T40RDP_20201008T085955,0,2018-12,T40RDP,0.02134244789072866,0,0.7582001306706534
S2B_MSIL2A_20181210T065249_R020_T40RDP_20201008T085955_0001.jpg,S2B_MSIL2A_20181210T065249_R020_T40RDP_20201008T085955,0,2018-12,T40RDP,0.02134244789072866,0,0.7582001306706534
S2B_MSIL2A_20181220T065259_R020_T40RDP_20201008T114314_0000.jpg,S2B_MSIL2A_20181220T065259_R020_T40RDP_20201008T114314,0,2018-12,T40RDP,0.40751705539009303,0,0.7582001306706534
S2B_MSIL2A_20181220T065259_R020_T40RDP_20201008T114314_0001.jpg,S2B_MSIL2A_20181220T065259_R020_T40RDP_20201008T114314,0,2018-12,T40RDP,0.40751705539009303,0,0.7582001306706534
S2A_MSIL2A_20181225T065301_R020_T40RDP_20210517T111901_0000.jpg,S2A_MSIL2A_20181225T065301_R020_T40RDP_20210517T111901,0,2018-12,T40RDP,0.4957795739265457,0,0.7582001306706534
S2A_MSIL2A_20181225T065301_R020_T40RDP_20210517T111901_0001.jpg,S2A_MSIL2A_20181225T065301_R020_T40RDP_20210517T111901,0,2018-12,T40RDP,0.4957795739265457,0,0.7582001306706534
S2B_MSIL2A_20190109T065249_R020_T40RDP_20201008T000956_0000.jpg,S2B_MSIL2A_20190109T065249_R020_T40RDP_20201008T000956,0,2019-01,T40RDP,0.5513823542769108,0,0.7582001306706534
S2B_MSIL2A_20190109T065249_R020_T40RDP_20201008T000956_0001.jpg,S2B_MSIL2A_20190109T065249_R020_T40RDP_20201008T000956,0,2019-01,T40RDP,0.5513823542769108,0,0.7582001306706534
S2B_MSIL2A_20190208T065029_R020_T40RDP_20201030T003742_0000.jpg,S2B_MSIL2A_20190208T065029_R020_T40RDP_20201030T003742,0,2019-02,T40RDP,0.2898785692856165,0,0.7582001306706534
S2B_MSIL2A_20190208T065029_R020_T40RDP_20201030T003742_0001.jpg,S2B_MSIL2A_20190208T065029_R020_T40RDP_20201030T003742,0,2019-02,T40RDP,0.2898785692856165,0,0.7582001306706534
S2A_MSIL2A_20190223T064851_R020_T40RDP_20201007T194425_0000.jpg,S2A_MSIL2A_20190223T064851_R020_T40RDP_20201007T194425,0,2019-02,T40RDP,0.1818580073838648,0,0.7582001306706534
S2A_MSIL2A_20190223T064851_R020_T40RDP_20201007T194425_0001.jpg,S2A_MSIL2A_20190223T064851_R020_T40RDP_20201007T194425,0,2019-02,T40RDP,0.1818580073838648,0,0.7582001306706534
S2A_MSIL2A_20190305T064741_R020_T40RDP_20201030T153909_0000.jpg,S2A_MSIL2A_20190305T064741_R020_T40RDP_20201030T153909,0,2019-03,T40RDP,0.05683601268616481,0,0.7582001306706534
S2A_MSIL2A_20190305T064741_R020_T40RDP_20201030T153909_0001.jpg,S2A_MSIL2A_20190305T064741_R020_T40RDP_20201030T153909,0,2019-03,T40RDP,0.05683601268616481,0,0.7582001306706534
S2B_MSIL2A_20190310T064709_R020_T40RDP_20201007T051616_0000.jpg,S2B_MSIL2A_20190310T064709_R020_T40RDP_20201007T051616,0,2019-03,T40RDP,0.28836960795837097,0,0.7582001306706534
S2B_MSIL2A_20190310T064709_R020_T40RDP_20201007T051616_0001.jpg,S2B_MSIL2A_20190310T064709_R020_T40RDP_20201007T051616,0,2019-03,T40RDP,0.28836960795837097,0,0.7582001306706534
S2B_MSIL2A_20190429T064629_R020_T40RDP_20201105T223212_0000.jpg,S2B_MSIL2A_20190429T064629_R020_T40RDP_20201105T223212,1,2019-04,T40RDP,0.5579060486051439,0,0.7582001306706534
S2B_MSIL2A_20190429T064629_R020_T40RDP_20201105T223212_0001.jpg,S2B_MSIL2A_20190429T064629_R020_T40RDP_20201105T223212,1,2019-04,T40RDP,0.5579060486051439,0,0.7582001306706534
S2A_MSIL2A_20190504T064631_R020_T40RDP_20201006T094827_0000.jpg,S2A_MSIL2A_20190504T064631_R020_T40RDP_20201006T094827,0,2019-05,T40RDP,0.030634587647396752,0,0.7582001306706534
S2A_MSIL2A_20190504T064631_R020_T40RDP_20201006T094827_0001.jpg,S2A_MSIL2A_20190504T064631_R020_T40RDP_20201006T094827,0,2019-05,T40RDP,0.030634587647396752,0,0.7582001306706534
S2A_MSIL2A_20190514T064631_R020_T40RDP_20201006T135529_0000.jpg,S2A_MSIL2A_20190514T064631_R020_T40RDP_20201006T135529,0,2019-05,T40RDP,0.0796393369550317,0,0.7582001306706534
S2A_MSIL2A_20190514T064631_R020_T40RDP_20201006T135529_0001.jpg,S2A_MSIL2A_20190514T064631_R020_T40RDP_20201006T135529,0,2019-05,T40RDP,0.0796393369550317,0,0.7582001306706534
S2A_MSIL2A_20190524T064631_R020_T40RDP_20201006T174148_0000.jpg,S2A_MSIL2A_20190524T064631_R020_T40RDP_20201006T174148,0,2019-05,T40RDP,0.34532434089233843,0,0.7582001306706534
S2A_MSIL2A_20190524T064631_R020_T40RDP_20201006T174148_0001.jpg,S2A_MSIL2A_20190524T064631_R020_T40RDP_20201006T174148,0,2019-05,T40RDP,0.34532434089233843,0,0.7582001306706534
S2B_MSIL2A_20190529T064629_R020_T40RDP_20201006T195139_0000.jpg,S2B_MSIL2A_20190529T064629_R020_T40RDP_20201006T195139,0,2019-05,T40RDP,0.542399851853006,0,0.7582001306706534
S2B_MSIL2A_20190529T064629_R020_T40RDP_20201006T195139_0001.jpg,S2B_MSIL2A_20190529T064629_R020_T40RDP_20201006T195139,0,2019-05,T40RDP,0.542399851853006,0,0.7582001306706534
S2B_MSIL2A_20190608T064629_R020_T40RDP_20201005T234358_0000.jpg,S2B_MSIL2A_20190608T064629_R020_T40RDP_20201005T234358,0,2019-06,T40RDP,0.05786355717675638,0,0.7582001306706534
S2B_MSIL2A_20190608T064629_R020_T40RDP_20201005T234358_0001.jpg,S2B_MSIL2A_20190608T064629_R020_T40RDP_20201005T234358,0,2019-06,T40RDP,0.05786355717675638,0,0.7582001306706534
S2A_MSIL2A_20190623T064631_R020_T40RDP_20201006T051614_0000.jpg,S2A_MSIL2A_20190623T064631_R020_T40RDP_20201006T051614,1,2019-06,T40RDP,0.9581261751394657,1,0.7582001306706534
S2A_MSIL2A_20190623T064631_R020_T40RDP_20201006T051614_0001.jpg,S2A_MSIL2A_20190623T064631_R020_T40RDP_20201006T051614,1,2019-06,T40RDP,0.9581261751394657,1,0.7582001306706534
S2A_MSIL2A_20190713T064631_R020_T40RDP_20201005T131846_0000.jpg,S2A_MSIL2A_20190713T064631_R020_T40RDP_20201005T131846,1,2019-07,T40RDP,0.6833759314972172,0,0.7582001306706534
S2A_MSIL2A_20190713T064631_R020_T40RDP_20201005T131846_0001.jpg,S2A_MSIL2A_20190713T064631_R020_T40RDP_20201005T131846,1,2019-07,T40RDP,0.6833759314972172,0,0.7582001306706534
S2A_MSIL2A_20190723T064631_R020_T40RDP_20201005T182344_0000.jpg,S2A_MSIL2A_20190723T064631_R020_T40RDP_20201005T182344,0,2019-07,T40RDP,0.034180910928930205,0,0.7582001306706534
S2A_MSIL2A_20190723T064631_R020_T40RDP_20201005T182344_0001.jpg,S2A_MSIL2A_20190723T064631_R020_T40RDP_20201005T182344,0,2019-07,T40RDP,0.034180910928930205,0,0.7582001306706534
S2B_MSIL2A_20190728T064629_R020_T40RDP_20201109T153250_0000.jpg,S2B_MSIL2A_20190728T064629_R020_T40RDP_20201109T153250,1,2019-07,T40RDP,0.9338508462961251,1,0.7582001306706534
S2B_MSIL2A_20190728T064629_R020_T40RDP_20201109T153250_0001.jpg,S2B_MSIL2A_20190728T064629_R020_T40RDP_20201109T153250,1,2019-07,T40RDP,0.9338508462961251,1,0.7582001306706534
S2B_MSIL2A_20190817T064629_R020_T40RDP_20201005T013402_0000.jpg,S2B_MSIL2A_20190817T064629_R020_T40RDP_20201005T013402,1,2019-08,T40RDP,0.8166725874423538,1,0.7582001306706534
S2B_MSIL2A_20190817T064629_R020_T40RDP_20201005T013402_0001.jpg,S2B_MSIL2A_20190817T064629_R020_T40RDP_20201005T013402,1,2019-08,T40RDP,0.8166725874423538,1,0.7582001306706534
S2B_MSIL2A_20190827T064629_R020_T40RDP_20201005T053726_0000.jpg,S2B_MSIL2A_20190827T064629_R020_T40RDP_20201005T053726,0,2019-08,T40RDP,0.20694241899042673,0,0.7582001306706534
S2B_MSIL2A_20190827T064629_R020_T40RDP_20201005T053726_0001.jpg,S2B_MSIL2A_20190827T064629_R020_T40RDP_20201005T053726,0,2019-08,T40RDP,0.20694241899042673,0,0.7582001306706534
S2A_MSIL2A_20190901T064621_R020_T40RDP_20201004T075503_0000.jpg,S2A_MSIL2A_20190901T064621_R020_T40RDP_20201004T075503,1,2019-09,T40RDP,0.8789059886542697,1,0.7582001306706534
S2A_MSIL2A_20190901T064621_R020_T40RDP_20201004T075503_0001.jpg,S2A_MSIL2A_20190901T064621_R020_T40RDP_20201004T075503,1,2019-09,T40RDP,0.8789059886542697,1,0.7582001306706534
S2A_MSIL2A_20190911T064621_R020_T40RDP_20201004T114707_0000.jpg,S2A_MSIL2A_20190911T064621_R020_T40RDP_20201004T114707,0,2019-09,T40RDP,0.03368644077966686,0,0.7582001306706534
S2A_MSIL2A_20190911T064621_R020_T40RDP_20201004T114707_0001.jpg,S2A_MSIL2A_20190911T064621_R020_T40RDP_20201004T114707,0,2019-09,T40RDP,0.03368644077966686,0,0.7582001306706534
S2A_MSIL2A_20190921T064621_R020_T40RDP_20201004T153556_0000.jpg,S2A_MSIL2A_20190921T064621_R020_T40RDP_20201004T153556,0,2019-09,T40RDP,0.02601370407412696,0,0.7582001306706534
S2A_MSIL2A_20190921T064621_R020_T40RDP_20201004T153556_0001.jpg,S2A_MSIL2A_20190921T064621_R020_T40RDP_20201004T153556,0,2019-09,T40RDP,0.02601370407412696,0,0.7582001306706534
S2B_MSIL2A_20190926T064629_R020_T40RDP_20201004T172427_0000.jpg,S2B_MSIL2A_20190926T064629_R020_T40RDP_20201004T172427,0,2019-09,T40RDP,0.41875768450175505,0,0.7582001306706534
S2B_MSIL2A_20190926T064629_R020_T40RDP_20201004T172427_0001.jpg,S2B_MSIL2A_20190926T064629_R020_T40RDP_20201004T172427,0,2019-09,T40RDP,0.41875768450175505,0,0.7582001306706534
S2A_MSIL2A_20191001T064701_R020_T40RDP_20201003T211700_0000.jpg,S2A_MSIL2A_20191001T064701_R020_T40RDP_20201003T211700,0,2019-10,T40RDP,0.7417066554153137,0,0.7582001306706534
S2A_MSIL2A_20191001T064701_R020_T40RDP_20201003T211700_0001.jpg,S2A_MSIL2A_20191001T064701_R020_T40RDP_20201003T211700,0,2019-10,T40RDP,0.7417066554153137,0,0.7582001306706534
S2A_MSIL2A_20191021T064921_R020_T40RDP_20201004T043625_0000.jpg,S2A_MSIL2A_20191021T064921_R020_T40RDP_20201004T043625,0,2019-10,T40RDP,0.040852950378418844,0,0.7582001306706534
S2A_MSIL2A_20191021T064921_R020_T40RDP_20201004T043625_0001.jpg,S2A_MSIL2A_20191021T064921_R020_T40RDP_20201004T043625,0,2019-10,T40RDP,0.040852950378418844,0,0.7582001306706534
S2B_MSIL2A_20191026T064949_R020_T40RDP_20201004T062631_0000.jpg,S2B_MSIL2A_20191026T064949_R020_T40RDP_20201004T062631,0,2019-10,T40RDP,0.02302722037275275,0,0.7582001306706534
S2B_MSIL2A_20191026T064949_R020_T40RDP_20201004T062631_0001.jpg,S2B_MSIL2A_20191026T064949_R020_T40RDP_20201004T062631,0,2019-10,T40RDP,0.02302722037275275,0,0.7582001306706534
S2B_MSIL2A_20191105T065049_R020_T40RDP_20201003T132453_0000.jpg,S2B_MSIL2A_20191105T065049_R020_T40RDP_20201003T132453,0,2019-11,T40RDP,0.17736699713976814,0,0.7582001306706534
S2B_MSIL2A_20191105T065049_R020_T40RDP_20201003T132453_0001.jpg,S2B_MSIL2A_20191105T065049_R020_T40RDP_20201003T132453,0,2019-11,T40RDP,0.17736699713976814,0,0.7582001306706534
S2B_MSIL2A_20191115T065129_R020_T40RDP_20201003T164839_0000.jpg,S2B_MSIL2A_20191115T065129_R020_T40RDP_20201003T164839,0,2019-11,T40RDP,0.15461758429849753,0,0.7582001306706534
S2B_MSIL2A_20191115T065129_R020_T40RDP_20201003T164839_0001.jpg,S2B_MSIL2A_20191115T065129_R020_T40RDP_20201003T164839,0,2019-11,T40RDP,0.15461758429849753,0,0.7582001306706534
S2A_MSIL2A_20191130T065231_R020_T40RDP_20201003T205829_0000.jpg,S2A_MSIL2A_20191130T065231_R020_T40RDP_20201003T205829,0,2019-11,T40RDP,0.33430257037514755,0,0.7582001306706534
S2A_MSIL2A_20191130T065231_R020_T40RDP_20201003T205829_0001.jpg,S2A_MSIL2A_20191130T065231_R020_T40RDP_20201003T205829,0,2019-11,T40RDP,0.33430257037514755,0,0.7582001306706534
S2A_MSIL2A_20191220T065301_R020_T40RDP_20201003T071645_0000.jpg,S2A_MSIL2A_20191220T065301_R020_T40RDP_20201003T071645,0,2019-12,T40RDP,0.3326680073966894,0,0.7582001306706534
S2A_MSIL2A_20191220T065301_R020_T40RDP_20201003T071645_0001.jpg,S2A_MSIL2A_20191220T065301_R020_T40RDP_20201003T071645,0,2019-12,T40RDP,0.3326680073966894,0,0.7582001306706534
S2B_MSIL2A_20191225T065309_R020_T40RDP_20201003T093053_0000.jpg,S2B_MSIL2A_20191225T065309_R020_T40RDP_20201003T093053,0,2019-12,T40RDP,0.310488094685153,0,0.7582001306706534
S2B_MSIL2A_20191225T065309_R020_T40RDP_20201003T093053_0001.jpg,S2B_MSIL2A_20191225T065309_R020_T40RDP_20201003T093053,0,2019-12,T40RDP,0.310488094685153,0,0.7582001306706534
S2B_MSIL2A_20200104T065249_R020_T40RDP_20201002T225337_0000.jpg,S2B_MSIL2A_20200104T065249_R020_T40RDP_20201002T225337,0,2020-01,T40RDP,0.6508311820472582,0,0.7582001306706534
S2B_MSIL2A_20200104T065249_R020_T40RDP_20201002T225337_0001.jpg,S2B_MSIL2A_20200104T065249_R020_T40RDP_20201002T225337,0,2020-01,T40RDP,0.6508311820472582,0,0.7582001306706534
S2A_MSIL2A_20200129T065121_R020_T40RDP_20201002T141743_0000.jpg,S2A_MSIL2A_20200129T065121_R020_T40RDP_20201002T141743,0,2020-01,T40RDP,0.03137138053051365,0,0.7582001306706534
S2A_MSIL2A_20200129T065121_R020_T40RDP_20201002T141743_0001.jpg,S2A_MSIL2A_20200129T065121_R020_T40RDP_20201002T141743,0,2020-01,T40RDP,0.03137138053051365,0,0.7582001306706534
S2A_MSIL2A_20200208T065021_R020_T40RDP_20201001T082205_0000.jpg,S2A_MSIL2A_20200208T065021_R020_T40RDP_20201001T082205,0,2020-02,T40RDP,0.8015327571475233,1,0.7582001306706534
S2A_MSIL2A_20200208T065021_R020_T40RDP_20201001T082205_0001.jpg,S2A_MSIL2A_20200208T065021_R020_T40RDP_20201001T082205,0,2020-02,T40RDP,0.8015327571475233,1,0.7582001306706534
S2B_MSIL2A_20200213T064959_R020_T40RDP_20201001T220149_0000.jpg,S2B_MSIL2A_20200213T064959_R020_T40RDP_20201001T220149,0,2020-02,T40RDP,0.16464041648845498,0,0.7582001306706534
S2B_MSIL2A_20200223T064859_R020_T40RDP_20200928T000732_0000.jpg,S2B_MSIL2A_20200223T064859_R020_T40RDP_20200928T000732,0,2020-02,T40RDP,0.15937278905637836,0,0.7582001306706534
S2B_MSIL2A_20200223T064859_R020_T40RDP_20200928T000732_0001.jpg,S2B_MSIL2A_20200223T064859_R020_T40RDP_20200928T000732,0,2020-02,T40RDP,0.15937278905637836,0,0.7582001306706534
S2A_MSIL2A_20200228T064821_R020_T40RDP_20200928T220644_0000.jpg,S2A_MSIL2A_20200228T064821_R020_T40RDP_20200928T220644,0,2020-02,T40RDP,0.025864065003918437,0,0.7582001306706534
S2A_MSIL2A_20200228T064821_R020_T40RDP_20200928T220644_0001.jpg,S2A_MSIL2A_20200228T064821_R020_T40RDP_20200928T220644,0,2020-02,T40RDP,0.025864065003918437,0,0.7582001306706534
S2B_MSIL2A_20200304T064749_R020_T40RDP_20200928T130112_0000.jpg,S2B_MSIL2A_20200304T064749_R020_T40RDP_20200928T130112,0,2020-03,T40RDP,0.3050084702080502,0,0.7582001306706534
S2B_MSIL2A_20200304T064749_R020_T40RDP_20200928T130112_0001.jpg,S2B_MSIL2A_20200304T064749_R020_T40RDP_20200928T130112,0,2020-03,T40RDP,0.3050084702080502,0,0.7582001306706534
S2B_MSIL2A_20200423T064619_R020_T40RDP_20200921T193918_0000.jpg,S2B_MSIL2A_20200423T064619_R020_T40RDP_20200921T193918,1,2020-04,T40RDP,0.35267257406829233,0,0.7582001306706534
S2B_MSIL2A_20200423T064619_R020_T40RDP_20200921T193918_0001.jpg,S2B_MSIL2A_20200423T064619_R020_T40RDP_20200921T193918,1,2020-04,T40RDP,0.35267257406829233,0,0.7582001306706534
S2A_MSIL2A_20200428T064631_R020_T40RDP_20200922T100835_0000.jpg,S2A_MSIL2A_20200428T064631_R020_T40RDP_20200922T100835,1,2020-04,T40RDP,0.5326640866142641,0,0.7582001306706534
S2A_MSIL2A_20200428T064631_R020_T40RDP_20200922T100835_0001.jpg,S2A_MSIL2A_20200428T064631_R020_T40RDP_20200922T100835,1,2020-04,T40RDP,0.5326640866142641,0,0.7582001306706534
S2A_MSIL2A_20200508T064631_R020_T40RDP_20200920T234648_0000.jpg,S2A_MSIL2A_20200508T064631_R020_T40RDP_20200920T234648,0,2020-05,T40RDP,0.05839079374310826,0,0.7582001306706534
S2A_MSIL2A_20200508T064631_R020_T40RDP_20200920T234648_0001.jpg,S2A_MSIL2A_20200508T064631_R020_T40RDP_20200920T234648,0,2020-05,T40RDP,0.05839079374310826,0,0.7582001306706534
S2B_MSIL2A_20200513T064629_R020_T40RDP_20200918T015052_0000.jpg,S2B_MSIL2A_20200513T064629_R020_T40RDP_20200918T015052,0,2020-05,T40RDP,0.04628876267604514,0,0.7582001306706534
S2B_MSIL2A_20200513T064629_R020_T40RDP_20200918T015052_0001.jpg,S2B_MSIL2A_20200513T064629_R020_T40RDP_20200918T015052,0,2020-05,T40RDP,0.04628876267604514,0,0.7582001306706534
S2B_MSIL2A_20200523T064629_R020_T40RDP_20200910T171843_0000.jpg,S2B_MSIL2A_20200523T064629_R020_T40RDP_20200910T171843,1,2020-05,T40RDP,0.6544525058259145,0,0.7582001306706534
S2B_MSIL2A_20200523T064629_R020_T40RDP_20200910T171843_0001.jpg,S2B_MSIL2A_20200523T064629_R020_T40RDP_20200910T171843,1,2020-05,T40RDP,0.6544525058259145,0,0.7582001306706534
S2A_MSIL2A_20200528T064631_R020_T40RDP_20200911T060604_0000.jpg,S2A_MSIL2A_20200528T064631_R020_T40RDP_20200911T060604,0,2020-05,T40RDP,0.35984147944607975,0,0.7582001306706534
S2A_MSIL2A_20200528T064631_R020_T40RDP_20200911T060604_0001.jpg,S2A_MSIL2A_20200528T064631_R020_T40RDP_20200911T060604,0,2020-05,T40RDP,0.35984147944607975,0,0.7582001306706534
S2B_MSIL2A_20200602T064629_R020_T40RDP_20200908T232059_0000.jpg,S2B_MSIL2A_20200602T064629_R020_T40RDP_20200908T232059,0,2020-06,T40RDP,0.44443252764266583,0,0.7582001306706534
S2B_MSIL2A_20200602T064629_R020_T40RDP_20200908T232059_0001.jpg,S2B_MSIL2A_20200602T064629_R020_T40RDP_20200908T232059,0,2020-06,T40RDP,0.44443252764266583,0,0.7582001306706534
S2A_MSIL2A_20200707T064631_R020_T40RDP_20200912T074110_0000.jpg,S2A_MSIL2A_20200707T064631_R020_T40RDP_20200912T074110,0,2020-07,T40RDP,0.037523950982906513,0,0.7582001306706534
S2A_MSIL2A_20200707T064631_R020_T40RDP_20200912T074110_0001.jpg,S2A_MSIL2A_20200707T064631_R020_T40RDP_20200912T074110,0,2020-07,T40RDP,0.037523950982906513,0,0.7582001306706534
S2B_MSIL2A_20200712T064629_R020_T40RDP_20200912T225615_0000.jpg,S2B_MSIL2A_20200712T064629_R020_T40RDP_20200912T225615,0,2020-07,T40RDP,0.06397888828269156,0,0.7582001306706534
S2B_MSIL2A_20200712T064629_R020_T40RDP_20200912T225615_0001.jpg,S2B_MSIL2A_20200712T064629_R020_T40RDP_20200912T225615,0,2020-07,T40RDP,0.06397888828269156,0,0.7582001306706534
S2A_MSIL2A_20200717T064631_R020_T40RDP_20200816T105654_0000.jpg,S2A_MSIL2A_20200717T064631_R020_T40RDP_20200816T105654,0,2020-07,T40RDP,0.10685141120664574,0,0.7582001306706534
S2A_MSIL2A_20200717T064631_R020_T40RDP_20200816T105654_0001.jpg,S2A_MSIL2A_20200717T064631_R020_T40RDP_20200816T105654,0,2020-07,T40RDP,0.10685141120664574,0,0.7582001306706534
S2A_MSIL2A_20200727T064631_R020_T40RDP_20200817T172227_0000.jpg,S2A_MSIL2A_20200727T064631_R020_T40RDP_20200817T172227,0,2020-07,T40RDP,0.9372926165645004,1,0.7582001306706534
S2A_MSIL2A_20200727T064631_R020_T40RDP_20200817T172227_0001.jpg,S2A_MSIL2A_20200727T064631_R020_T40RDP_20200817T172227,0,2020-07,T40RDP,0.9372926165645004,1,0.7582001306706534
S2A_MSIL2A_20200806T064631_R020_T40RDP_20200815T045031_0000.jpg,S2A_MSIL2A_20200806T064631_R020_T40RDP_20200815T045031,1,2020-08,T40RDP,0.8995460674800485,1,0.7582001306706534
S2A_MSIL2A_20200806T064631_R020_T40RDP_20200815T045031_0001.jpg,S2A_MSIL2A_20200806T064631_R020_T40RDP_20200815T045031,1,2020-08,T40RDP,0.8995460674800485,1,0.7582001306706534
S2B_MSIL2A_20200831T064629_R020_T40RDP_20200907T203947_0000.jpg,S2B_MSIL2A_20200831T064629_R020_T40RDP_20200907T203947,0,2020-08,T40RDP,0.07743188206779061,0,0.7582001306706534
S2B_MSIL2A_20200831T064629_R020_T40RDP_20200907T203947_0001.jpg,S2B_MSIL2A_20200831T064629_R020_T40RDP_20200907T203947,0,2020-08,T40RDP,0.07743188206779061,0,0.7582001306706534
S2A_MSIL2A_20200905T064631_R020_T40RDP_20200908T041703_0000.jpg,S2A_MSIL2A_20200905T064631_R020_T40RDP_20200908T041703,0,2020-09,T40RDP,0.016118208618565905,0,0.7582001306706534
S2A_MSIL2A_20200905T064631_R020_T40RDP_20200908T041703_0001.jpg,S2A_MSIL2A_20200905T064631_R020_T40RDP_20200908T041703,0,2020-09,T40RDP,0.016118208618565905,0,0.7582001306706534
S2A_MSIL2A_20200915T064631_R020_T40RDP_20200918T105421_0000.jpg,S2A_MSIL2A_20200915T064631_R020_T40RDP_20200918T105421,1,2020-09,T40RDP,0.5059328666624049,0,0.7582001306706534
S2A_MSIL2A_20200915T064631_R020_T40RDP_20200918T105421_0001.jpg,S2A_MSIL2A_20200915T064631_R020_T40RDP_20200918T105421,1,2020-09,T40RDP,0.5059328666624049,0,0.7582001306706534
S2B_MSIL2A_20200920T064629_R020_T40RDP_20201027T231612_0000.jpg,S2B_MSIL2A_20200920T064629_R020_T40RDP_20201027T231612,1,2020-09,T40RDP,0.6970260997748056,0,0.7582001306706534
S2B_MSIL2A_20200920T064629_R020_T40RDP_20201027T231612_0001.jpg,S2B_MSIL2A_20200920T064629_R020_T40RDP_20201027T231612,1,2020-09,T40RDP,0.6970260997748056,0,0.7582001306706534
S2A_MSIL2A_20200925T064631_R020_T40RDP_20200926T233117_0000.jpg,S2A_MSIL2A_20200925T064631_R020_T40RDP_20200926T233117,0,2020-09,T40RDP,0.2843371597943247,0,0.7582001306706534
S2A_MSIL2A_20200925T064631_R020_T40RDP_20200926T233117_0001.jpg,S2A_MSIL2A_20200925T064631_R020_T40RDP_20200926T233117,0,2020-09,T40RDP,0.2843371597943247,0,0.7582001306706534
S2A_MSIL2A_20201005T064741_R020_T40RDP_20201007T144803_0000.jpg,S2A_MSIL2A_20201005T064741_R020_T40RDP_20201007T144803,0,2020-10,T40RDP,0.6714292654806985,0,0.7582001306706534
S2A_MSIL2A_20201005T064741_R020_T40RDP_20201007T144803_0001.jpg,S2A_MSIL2A_20201005T064741_R020_T40RDP_20201007T144803,0,2020-10,T40RDP,0.6714292654806985,0,0.7582001306706534
S2B_MSIL2A_20201010T064809_R020_T40RDP_20201012T042755_0000.jpg,S2B_MSIL2A_20201010T064809_R020_T40RDP_20201012T042755,0,2020-10,T40RDP,0.07155920972565087,0,0.7582001306706534
S2B_MSIL2A_20201010T064809_R020_T40RDP_20201012T042755_0001.jpg,S2B_MSIL2A_20201010T064809_R020_T40RDP_20201012T042755,0,2020-10,T40RDP,0.07155920972565087,0,0.7582001306706534
S2B_MSIL2A_20201020T064919_R020_T40RDP_20201021T213850_0000.jpg,S2B_MSIL2A_20201020T064919_R020_T40RDP_20201021T213850,0,2020-10,T40RDP,0.025621699280971775,0,0.7582001306706534
S2B_MSIL2A_20201020T064919_R020_T40RDP_20201021T213850_0001.jpg,S2B_MSIL2A_20201020T064919_R020_T40RDP_20201021T213850,0,2020-10,T40RDP,0.025621699280971775,0,0.7582001306706534
S2B_MSIL2A_20201030T065019_R020_T40RDP_20201102T001742_0000.jpg,S2B_MSIL2A_20201030T065019_R020_T40RDP_20201102T001742,0,2020-10,T40RDP,0.15840111072058458,0,0.7582001306706534
S2B_MSIL2A_20201030T065019_R020_T40RDP_20201102T001742_0001.jpg,S2B_MSIL2A_20201030T065019_R020_T40RDP_20201102T001742,0,2020-10,T40RDP,0.15840111072058458,0,0.7582001306706534
S2A_MSIL2A_20201104T065051_R020_T40RDP_20201106T155819_0000.jpg,S2A_MSIL2A_20201104T065051_R020_T40RDP_20201106T155819,0,2020-11,T40RDP,0.0397371952668194,0,0.7582001306706534
S2A_MSIL2A_20201104T065051_R020_T40RDP_20201106T155819_0001.jpg,S2A_MSIL2A_20201104T065051_R020_T40RDP_20201106T155819,0,2020-11,T40RDP,0.0397371952668194,0,0.7582001306706534
S2B_MSIL2A_20201109T065109_R020_T40RDP_20201110T212424_0000.jpg,S2B_MSIL2A_20201109T065109_R020_T40RDP_20201110T212424,0,2020-11,T40RDP,0.2498702179362412,0,0.7582001306706534
S2B_MSIL2A_20201109T065109_R020_T40RDP_20201110T212424_0001.jpg,S2B_MSIL2A_20201109T065109_R020_T40RDP_20201110T212424,0,2020-11,T40RDP,0.2498702179362412,0,0.7582001306706534
S2A_MSIL2A_20201124T065211_R020_T40RDP_20201125T090010_0000.jpg,S2A_MSIL2A_20201124T065211_R020_T40RDP_20201125T090010,0,2020-11,T40RDP,0.2285271990861234,0,0.7582001306706534
S2A_MSIL2A_20201124T065211_R020_T40RDP_20201125T090010_0001.jpg,S2A_MSIL2A_20201124T065211_R020_T40RDP_20201125T090010,0,2020-11,T40RDP,0.2285271990861234,0,0.7582001306706534
S2B_MSIL2A_20201129T065229_R020_T40RDP_20201130T074538_0000.jpg,S2B_MSIL2A_20201129T065229_R020_T40RDP_20201130T074538,0,2020-11,T40RDP,0.3272978753817311,0,0.7582001306706534
S2B_MSIL2A_20201129T065229_R020_T40RDP_20201130T074538_0001.jpg,S2B_MSIL2A_20201129T065229_R020_T40RDP_20201130T074538,0,2020-11,T40RDP,0.3272978753817311,0,0.7582001306706534
S2A_MSIL2A_20201214T065301_R020_T40RDP_20201215T204015_0000.jpg,S2A_MSIL2A_20201214T065301_R020_T40RDP_20201215T204015,0,2020-12,T40RDP,0.03192620319901229,0,0.7582001306706534
S2A_MSIL2A_20201214T065301_R020_T40RDP_20201215T204015_0001.jpg,S2A_MSIL2A_20201214T065301_R020_T40RDP_20201215T204015,0,2020-12,T40RDP,0.03192620319901229,0,0.7582001306706534
S2A_MSIL2A_20201224T065311_R020_T40RDP_20201225T025427_0000.jpg,S2A_MSIL2A_20201224T065311_R020_T40RDP_20201225T025427,0,2020-12,T40RDP,0.18845469893605393,0,0.7582001306706534
S2A_MSIL2A_20201224T065311_R020_T40RDP_20201225T025427_0001.jpg,S2A_MSIL2A_20201224T065311_R020_T40RDP_20201225T025427,0,2020-12,T40RDP,0.18845469893605393,0,0.7582001306706534
S2B_MSIL2A_20201229T065259_R020_T40RDP_20201229T153105_0000.jpg,S2B_MSIL2A_20201229T065259_R020_T40RDP_20201229T153105,1,2020-12,T40RDP,0.7901513695693064,1,0.7582001306706534
S2B_MSIL2A_20201229T065259_R020_T40RDP_20201229T153105_0001.jpg,S2B_MSIL2A_20201229T065259_R020_T40RDP_20201229T153105,1,2020-12,T40RDP,0.7901513695693064,1,0.7582001306706534
S2B_MSIL2A_20210108T065249_R020_T40RDP_20210108T192844_0000.jpg,S2B_MSIL2A_20210108T065249_R020_T40RDP_20210108T192844,0,2021-01,T40RDP,0.48835771047594534,0,0.7582001306706534
S2B_MSIL2A_20210108T065249_R020_T40RDP_20210108T192844_0001.jpg,S2B_MSIL2A_20210108T065249_R020_T40RDP_20210108T192844,0,2021-01,T40RDP,0.48835771047594534,0,0.7582001306706534
S2B_MSIL2A_20210118T065219_R020_T40RDP_20210118T214817_0000.jpg,S2B_MSIL2A_20210118T065219_R020_T40RDP_20210118T214817,0,2021-01,T40RDP,0.15388417861753373,0,0.7582001306706534
S2B_MSIL2A_20210118T065219_R020_T40RDP_20210118T214817_0001.jpg,S2B_MSIL2A_20210118T065219_R020_T40RDP_20210118T214817,0,2021-01,T40RDP,0.15388417861753373,0,0.7582001306706534
S2B_MSIL2A_20210128T065129_R020_T40RDP_20210130T002734_0000.jpg,S2B_MSIL2A_20210128T065129_R020_T40RDP_20210130T002734,0,2021-01,T40RDP,0.014527814006088097,0,0.7582001306706534
S2B_MSIL2A_20210128T065129_R020_T40RDP_20210130T002734_0001.jpg,S2B_MSIL2A_20210128T065129_R020_T40RDP_20210130T002734,0,2021-01,T40RDP,0.014527814006088097,0,0.7582001306706534
S2A_MSIL2A_20210202T065111_R020_T40RDP_20210202T230544_0000.jpg,S2A_MSIL2A_20210202T065111_R020_T40RDP_20210202T230544,0,2021-02,T40RDP,0.05174858066408509,0,0.7582001306706534
S2A_MSIL2A_20210202T065111_R020_T40RDP_20210202T230544_0001.jpg,S2A_MSIL2A_20210202T065111_R020_T40RDP_20210202T230544,0,2021-02,T40RDP,0.05174858066408509,0,0.7582001306706534
S2A_MSIL2A_20210212T065011_R020_T40RDP_20210213T015143_0000.jpg,S2A_MSIL2A_20210212T065011_R020_T40RDP_20210213T015143,0,2021-02,T40RDP,0.15672585697155023,0,0.7582001306706534
S2A_MSIL2A_20210212T065011_R020_T40RDP_20210213T015143_0001.jpg,S2A_MSIL2A_20210212T065011_R020_T40RDP_20210213T015143,0,2021-02,T40RDP,0.15672585697155023,0,0.7582001306706534
S2B_MSIL2A_20210217T064929_R020_T40RDP_20210219T052421_0000.jpg,S2B_MSIL2A_20210217T064929_R020_T40RDP_20210219T052421,0,2021-02,T40RDP,0.11588332164322736,0,0.7582001306706534
S2B_MSIL2A_20210217T064929_R020_T40RDP_20210219T052421_0001.jpg,S2B_MSIL2A_20210217T064929_R020_T40RDP_20210219T052421,0,2021-02,T40RDP,0.11588332164322736,0,0.7582001306706534
S2B_MSIL2A_20210227T064829_R020_T40RDP_20210227T151747_0000.jpg,S2B_MSIL2A_20210227T064829_R020_T40RDP_20210227T151747,1,2021-02,T40RDP,0.8523885658902405,1,0.7582001306706534
S2B_MSIL2A_20210227T064829_R020_T40RDP_20210227T151747_0001.jpg,S2B_MSIL2A_20210227T064829_R020_T40RDP_20210227T151747,1,2021-02,T40RDP,0.8523885658902405,1,0.7582001306706534
S2A_MSIL2A_20210324T064621_R020_T40RDP_20210324T162047_0000.jpg,S2A_MSIL2A_20210324T064621_R020_T40RDP_20210324T162047,0,2021-03,T40RDP,0.598288882617181,0,0.7582001306706534
S2A_MSIL2A_20210324T064621_R020_T40RDP_20210324T162047_0001.jpg,S2A_MSIL2A_20210324T064621_R020_T40RDP_20210324T162047,0,2021-03,T40RDP,0.598288882617181,0,0.7582001306706534
S2B_MSIL2A_20210329T064619_R020_T40RDP_20210330T054006_0000.jpg,S2B_MSIL2A_20210329T064619_R020_T40RDP_20210330T054006,0,2021-03,T40RDP,0.49132416425019804,0,0.7582001306706534
S2B_MSIL2A_20210329T064619_R020_T40RDP_20210330T054006_0001.jpg,S2B_MSIL2A_20210329T064619_R020_T40RDP_20210330T054006,0,2021-03,T40RDP,0.49132416425019804,0,0.7582001306706534
S2B_MSIL2A_20210408T064619_R020_T40RDP_20210408T201535_0000.jpg,S2B_MSIL2A_20210408T064619_R020_T40RDP_20210408T201535,0,2021-04,T40RDP,0.4494711122553735,0,0.7582001306706534
S2B_MSIL2A_20210408T064619_R020_T40RDP_20210408T201535_0001.jpg,S2B_MSIL2A_20210408T064619_R020_T40RDP_20210408T201535,0,2021-04,T40RDP,0.4494711122553735,0,0.7582001306706534
S2A_MSIL2A_20210423T064621_R020_T40RDP_20210423T190039_0000.jpg,S2A_MSIL2A_20210423T064621_R020_T40RDP_20210423T190039,0,2021-04,T40RDP,0.04411734184894103,0,0.7582001306706534
S2A_MSIL2A_20210423T064621_R020_T40RDP_20210423T190039_0001.jpg,S2A_MSIL2A_20210423T064621_R020_T40RDP_20210423T190039,0,2021-04,T40RDP,0.04411734184894103,0,0.7582001306706534
S2B_MSIL2A_20210508T064619_R020_T40RDP_20210509T091504_0000.jpg,S2B_MSIL2A_20210508T064619_R020_T40RDP_20210509T091504,0,2021-05,T40RDP,0.03340850660646591,0,0.7582001306706534
S2B_MSIL2A_20210508T064619_R020_T40RDP_20210509T091504_0001.jpg,S2B_MSIL2A_20210508T064619_R020_T40RDP_20210509T091504,0,2021-05,T40RDP,0.03340850660646591,0,0.7582001306706534
S2A_MSIL2A_20210513T064621_R020_T40RDP_20210514T123915_0000.jpg,S2A_MSIL2A_20210513T064621_R020_T40RDP_20210514T123915,1,2021-05,T40RDP,0.907694953689965,1,0.7582001306706534
S2A_MSIL2A_20210513T064621_R020_T40RDP_20210514T123915_0001.jpg,S2A_MSIL2A_20210513T064621_R020_T40RDP_20210514T123915,1,2021-05,T40RDP,0.907694953689965,1,0.7582001306706534
S2A_MSIL2A_20210523T064621_R020_T40RDP_20210523T174609_0000.jpg,S2A_MSIL2A_20210523T064621_R020_T40RDP_20210523T174609,0,2021-05,T40RDP,0.14191349754381907,0,0.7582001306706534
S2A_MSIL2A_20210523T064621_R020_T40RDP_20210523T174609_0001.jpg,S2A_MSIL2A_20210523T064621_R020_T40RDP_20210523T174609,0,2021-05,T40RDP,0.14191349754381907,0,0.7582001306706534
S2B_MSIL2A_20210528T064629_R020_T40RDP_20210529T000758_0000.jpg,S2B_MSIL2A_20210528T064629_R020_T40RDP_20210529T000758,0,2021-05,T40RDP,0.6071781706968549,0,0.7582001306706534
S2B_MSIL2A_20210528T064629_R020_T40RDP_20210529T000758_0001.jpg,S2B_MSIL2A_20210528T064629_R020_T40RDP_20210529T000758,0,2021-05,T40RDP,0.6071781706968549,0,0.7582001306706534
S2A_MSIL2A_20210602T064631_R020_T40RDP_20210602T212018_0000.jpg,S2A_MSIL2A_20210602T064631_R020_T40RDP_20210602T212018,0,2021-06,T40RDP,0.14124419761374607,0,0.7582001306706534
S2A_MSIL2A_20210602T064631_R020_T40RDP_20210602T212018_0001.jpg,S2A_MSIL2A_20210602T064631_R020_T40RDP_20210602T212018,0,2021-06,T40RDP,0.14124419761374607,0,0.7582001306706534
S2A_MSIL2A_20210612T064621_R020_T40RDP_20210614T150758_0000.jpg,S2A_MSIL2A_20210612T064621_R020_T40RDP_20210614T150758,1,2021-06,T40RDP,0.7635092219258155,1,0.7582001306706534
S2A_MSIL2A_20210612T064621_R020_T40RDP_20210614T150758_0001.jpg,S2A_MSIL2A_20210612T064621_R020_T40RDP_20210614T150758,1,2021-06,T40RDP,0.7635092219258155,1,0.7582001306706534
S2B_MSIL2A_20210627T064629_R020_T40RDP_20210627T212742_0000.jpg,S2B_MSIL2A_20210627T064629_R020_T40RDP_20210627T212742,0,2021-06,T40RDP,0.04214533025903367,0,0.7582001306706534
S2B_MSIL2A_20210627T064629_R020_T40RDP_20210627T212742_0001.jpg,S2B_MSIL2A_20210627T064629_R020_T40RDP_20210627T212742,0,2021-06,T40RDP,0.04214533025903367,0,0.7582001306706534
S2A_MSIL2A_20210722T064631_R020_T40RDP_20210722T180746_0000.jpg,S2A_MSIL2A_20210722T064631_R020_T40RDP_20210722T180746,0,2021-07,T40RDP,0.4383916362805574,0,0.7582001306706534
S2A_MSIL2A_20210722T064631_R020_T40RDP_20210722T180746_0001.jpg,S2A_MSIL2A_20210722T064631_R020_T40RDP_20210722T180746,0,2021-07,T40RDP,0.4383916362805574,0,0.7582001306706534
S2B_MSIL2A_20210806T064629_R020_T40RDP_20210806T172711_0000.jpg,S2B_MSIL2A_20210806T064629_R020_T40RDP_20210806T172711,1,2021-08,T40RDP,0.6552284564182049,0,0.7582001306706534
S2B_MSIL2A_20210806T064629_R020_T40RDP_20210806T172711_0001.jpg,S2B_MSIL2A_20210806T064629_R020_T40RDP_20210806T172711,1,2021-08,T40RDP,0.6552284564182049,0,0.7582001306706534
S2A_MSIL2A_20210821T064631_R020_T40RDP_20210821T203247_0000.jpg,S2A_MSIL2A_20210821T064631_R020_T40RDP_20210821T203247,0,2021-08,T40RDP,0.30315239787397125,0,0.7582001306706534
S2A_MSIL2A_20210821T064631_R020_T40RDP_20210821T203247_0001.jpg,S2A_MSIL2A_20210821T064631_R020_T40RDP_20210821T203247,0,2021-08,T40RDP,0.30315239787397125,0,0.7582001306706534
S2B_MSIL2A_20210826T064619_R020_T40RDP_20210826T175151_0000.jpg,S2B_MSIL2A_20210826T064619_R020_T40RDP_20210826T175151,0,2021-08,T40RDP,0.3685008659209303,0,0.7582001306706534
S2B_MSIL2A_20210826T064619_R020_T40RDP_20210826T175151_0001.jpg,S2B_MSIL2A_20210826T064619_R020_T40RDP_20210826T175151,0,2021-08,T40RDP,0.3685008659209303,0,0.7582001306706534
S2B_MSIL2A_20210915T064619_R020_T40RDP_20210915T193943_0000.jpg,S2B_MSIL2A_20210915T064619_R020_T40RDP_20210915T193943,0,2021-09,T40RDP,0.26236197230065755,0,0.7582001306706534
S2B_MSIL2A_20210915T064619_R020_T40RDP_20210915T193943_0001.jpg,S2B_MSIL2A_20210915T064619_R020_T40RDP_20210915T193943,0,2021-09,T40RDP,0.26236197230065755,0,0.7582001306706534
S2A_MSIL2A_20210920T064631_R020_T40RDP_20210920T182154_0000.jpg,S2A_MSIL2A_20210920T064631_R020_T40RDP_20210920T182154,0,2021-09,T40RDP,0.265667953087775,0,0.7582001306706534
S2A_MSIL2A_20210920T064631_R020_T40RDP_20210920T182154_0001.jpg,S2A_MSIL2A_20210920T064631_R020_T40RDP_20210920T182154,0,2021-09,T40RDP,0.265667953087775,0,0.7582001306706534
S2B_MSIL2A_20210925T064619_R020_T40RDP_20210926T064926_0000.jpg,S2B_MSIL2A_20210925T064619_R020_T40RDP_20210926T064926,0,2021-09,T40RDP,0.233997483636933,0,0.7582001306706534
S2B_MSIL2A_20210925T064619_R020_T40RDP_20210926T064926_0001.jpg,S2B_MSIL2A_20210925T064619_R020_T40RDP_20210926T064926,0,2021-09,T40RDP,0.233997483636933,0,0.7582001306706534
S2B_MSIL2A_20211005T064729_R020_T40RDP_20211005T184517_0000.jpg,S2B_MSIL2A_20211005T064729_R020_T40RDP_20211005T184517,1,2021-10,T40RDP,0.6939023616529718,0,0.7582001306706534
S2B_MSIL2A_20211005T064729_R020_T40RDP_20211005T184517_0001.jpg,S2B_MSIL2A_20211005T064729_R020_T40RDP_20211005T184517,1,2021-10,T40RDP,0.6939023616529718,0,0.7582001306706534
S2A_MSIL2A_20211010T064811_R020_T40RDP_20211010T175742_0000.jpg,S2A_MSIL2A_20211010T064811_R020_T40RDP_20211010T175742,0,2021-10,T40RDP,0.031173063395708963,0,0.7582001306706534
S2A_MSIL2A_20211010T064811_R020_T40RDP_20211010T175742_0001.jpg,S2A_MSIL2A_20211010T064811_R020_T40RDP_20211010T175742,0,2021-10,T40RDP,0.031173063395708963,0,0.7582001306706534
S2B_MSIL2A_20211114T065129_R020_T40RDP_20211114T163648_0000.jpg,S2B_MSIL2A_20211114T065129_R020_T40RDP_20211114T163648,0,2021-11,T40RDP,0.20251996275988193,0,0.7582001306706534
S2B_MSIL2A_20211114T065129_R020_T40RDP_20211114T163648_0001.jpg,S2B_MSIL2A_20211114T065129_R020_T40RDP_20211114T163648,0,2021-11,T40RDP,0.20251996275988193,0,0.7582001306706534
S2A_MSIL2A_20211129T065231_R020_T40RDP_20211130T021011_0000.jpg,S2A_MSIL2A_20211129T065231_R020_T40RDP_20211130T021011,0,2021-11,T40RDP,0.3139673726202861,0,0.7582001306706534
S2A_MSIL2A_20211129T065231_R020_T40RDP_20211130T021011_0001.jpg,S2A_MSIL2A_20211129T065231_R020_T40RDP_20211130T021011,0,2021-11,T40RDP,0.3139673726202861,0,0.7582001306706534
S2B_MSIL2A_20211204T065239_R020_T40RDP_20211204T202252_0000.jpg,S2B_MSIL2A_20211204T065239_R020_T40RDP_20211204T202252,0,2021-12,T40RDP,0.484273876868861,0,0.7582001306706534
S2B_MSIL2A_20211204T065239_R020_T40RDP_20211204T202252_0001.jpg,S2B_MSIL2A_20211204T065239_R020_T40RDP_20211204T202252,0,2021-12,T40RDP,0.484273876868861,0,0.7582001306706534
S2B_MSIL2A_20220113T065229_R020_T40RDP_20220113T164556_0000.jpg,S2B_MSIL2A_20220113T065229_R020_T40RDP_20220113T164556,0,2022-01,T40RDP,0.3940962196054869,0,0.7582001306706534
S2B_MSIL2A_20220113T065229_R020_T40RDP_20220113T164556_0001.jpg,S2B_MSIL2A_20220113T065229_R020_T40RDP_20220113T164556,0,2022-01,T40RDP,0.3940962196054869,0,0.7582001306706534
S2B_MSIL2A_20220123T065149_R020_T40RDP_20220123T212614_0000.jpg,S2B_MSIL2A_20220123T065149_R020_T40RDP_20220123T212614,1,2022-01,T40RDP,0.8246416198380382,1,0.7582001306706534
S2B_MSIL2A_20220123T065149_R020_T40RDP_20220123T212614_0001.jpg,S2B_MSIL2A_20220123T065149_R020_T40RDP_20220123T212614,1,2022-01,T40RDP,0.8246416198380382,1,0.7582001306706534
S2B_MSIL2A_20220202T065109_R020_T40RDP_20220217T143849_0000.jpg,S2B_MSIL2A_20220202T065109_R020_T40RDP_20220217T143849,0,2022-02,T40RDP,0.5900098301617837,0,0.7582001306706534
S2B_MSIL2A_20220202T065109_R020_T40RDP_20220217T143849_0001.jpg,S2B_MSIL2A_20220202T065109_R020_T40RDP_20220217T143849,0,2022-02,T40RDP,0.5900098301617837,0,0.7582001306706534
S2B_MSIL2A_20220212T065009_R020_T40RDP_20220222T053424_0000.jpg,S2B_MSIL2A_20220212T065009_R020_T40RDP_20220222T053424,1,2022-02,T40RDP,0.6613062108132486,0,0.7582001306706534
S2B_MSIL2A_20220212T065009_R020_T40RDP_20220222T053424_0001.jpg,S2B_MSIL2A_20220212T065009_R020_T40RDP_20220222T053424,1,2022-02,T40RDP,0.6613062108132486,0,0.7582001306706534
S2A_MSIL2A_20220217T064941_R020_T40RDP_20220224T125700_0000.jpg,S2A_MSIL2A_20220217T064941_R020_T40RDP_20220224T125700,1,2022-02,T40RDP,0.6476801986074902,0,0.7582001306706534
S2A_MSIL2A_20220217T064941_R020_T40RDP_20220224T125700_0001.jpg,S2A_MSIL2A_20220217T064941_R020_T40RDP_20220224T125700,1,2022-02,T40RDP,0.6476801986074902,0,0.7582001306706534
S2A_MSIL2A_20220227T064831_R020_T40RDP_20220302T170652_0000.jpg,S2A_MSIL2A_20220227T064831_R020_T40RDP_20220302T170652,0,2022-02,T40RDP,0.02943201303875775,0,0.7582001306706534
S2A_MSIL2A_20220227T064831_R020_T40RDP_20220302T170652_0001.jpg,S2A_MSIL2A_20220227T064831_R020_T40RDP_20220302T170652,0,2022-02,T40RDP,0.02943201303875775,0,0.7582001306706534
S2B_MSIL2A_20220314T064639_R020_T40RDP_20240526T072428_0000.jpg,S2B_MSIL2A_20220314T064639_R020_T40RDP_20240526T072428,0,2022-03,T40RDP,0.555661111920669,0,0.7582001306706534
S2B_MSIL2A_20220314T064639_R020_T40RDP_20240526T072428_0001.jpg,S2B_MSIL2A_20220314T064639_R020_T40RDP_20240526T072428,0,2022-03,T40RDP,0.555661111920669,0,0.7582001306706534
S2B_MSIL2A_20220324T064619_R020_T40RDP_20220324T202535_0000.jpg,S2B_MSIL2A_20220324T064619_R020_T40RDP_20220324T202535,0,2022-03,T40RDP,0.04964739559305124,0,0.7582001306706534
S2B_MSIL2A_20220324T064619_R020_T40RDP_20220324T202535_0001.jpg,S2B_MSIL2A_20220324T064619_R020_T40RDP_20220324T202535,0,2022-03,T40RDP,0.04964739559305124,0,0.7582001306706534
S2A_MSIL2A_20220329T064631_R020_T40RDP_20240530T191803_0000.jpg,S2A_MSIL2A_20220329T064631_R020_T40RDP_20240530T191803,0,2022-03,T40RDP,0.04611500120471233,0,0.7582001306706534
S2A_MSIL2A_20220329T064631_R020_T40RDP_20240530T191803_0001.jpg,S2A_MSIL2A_20220329T064631_R020_T40RDP_20240530T191803,0,2022-03,T40RDP,0.04611500120471233,0,0.7582001306706534
S2B_MSIL2A_20220413T064619_R020_T40RDP_20220414T012444_0000.jpg,S2B_MSIL2A_20220413T064619_R020_T40RDP_20220414T012444,0,2022-04,T40RDP,0.02541356265603065,0,0.7582001306706534
S2B_MSIL2A_20220413T064619_R020_T40RDP_20220414T012444_0001.jpg,S2B_MSIL2A_20220413T064619_R020_T40RDP_20220414T012444,0,2022-04,T40RDP,0.02541356265603065,0,0.7582001306706534
S2B_MSIL2A_20220423T064619_R020_T40RDP_20240608T175630_0000.jpg,S2B_MSIL2A_20220423T064619_R020_T40RDP_20240608T175630,1,2022-04,T40RDP,0.5873889056330593,0,0.7582001306706534
S2B_MSIL2A_20220423T064619_R020_T40RDP_20240608T175630_0001.jpg,S2B_MSIL2A_20220423T064619_R020_T40RDP_20240608T175630,1,2022-04,T40RDP,0.5873889056330593,0,0.7582001306706534
S2A_MSIL2A_20220428T064631_R020_T40RDP_20220429T020418_0000.jpg,S2A_MSIL2A_20220428T064631_R020_T40RDP_20220429T020418,1,2022-04,T40RDP,0.7416630863091683,0,0.7582001306706534
S2A_MSIL2A_20220428T064631_R020_T40RDP_20220429T020418_0001.jpg,S2A_MSIL2A_20220428T064631_R020_T40RDP_20220429T020418,1,2022-04,T40RDP,0.7416630863091683,0,0.7582001306706534
S2B_MSIL2A_20220503T064619_R020_T40RDP_20220503T220214_0000.jpg,S2B_MSIL2A_20220503T064619_R020_T40RDP_20220503T220214,0,2022-05,T40RDP,0.5080922251592942,0,0.7582001306706534
S2B_MSIL2A_20220503T064619_R020_T40RDP_20220503T220214_0001.jpg,S2B_MSIL2A_20220503T064619_R020_T40RDP_20220503T220214,0,2022-05,T40RDP,0.5080922251592942,0,0.7582001306706534
S2B_MSIL2A_20220513T064619_R020_T40RDP_20240613T170011_0000.jpg,S2B_MSIL2A_20220513T064619_R020_T40RDP_20240613T170011,0,2022-05,T40RDP,0.027085347645346296,0,0.7582001306706534
S2B_MSIL2A_20220513T064619_R020_T40RDP_20240613T170011_0001.jpg,S2B_MSIL2A_20220513T064619_R020_T40RDP_20240613T170011,0,2022-05,T40RDP,0.027085347645346296,0,0.7582001306706534
S2A_MSIL2A_20220518T064631_R020_T40RDP_20220520T052740_0000.jpg,S2A_MSIL2A_20220518T064631_R020_T40RDP_20220520T052740,0,2022-05,T40RDP,0.4696976046317218,0,0.7582001306706534
S2A_MSIL2A_20220518T064631_R020_T40RDP_20220520T052740_0001.jpg,S2A_MSIL2A_20220518T064631_R020_T40RDP_20220520T052740,0,2022-05,T40RDP,0.4696976046317218,0,0.7582001306706534
S2B_MSIL2A_20220602T064629_R020_T40RDP_20240619T144519_0000.jpg,S2B_MSIL2A_20220602T064629_R020_T40RDP_20240619T144519,0,2022-06,T40RDP,0.07828437877718263,0,0.7582001306706534
S2B_MSIL2A_20220602T064629_R020_T40RDP_20240619T144519_0001.jpg,S2B_MSIL2A_20220602T064629_R020_T40RDP_20240619T144519,0,2022-06,T40RDP,0.07828437877718263,0,0.7582001306706534
S2B_MSIL2A_20220612T064629_R020_T40RDP_20220613T015748_0000.jpg,S2B_MSIL2A_20220612T064629_R020_T40RDP_20220613T015748,1,2022-06,T40RDP,0.746687578976821,0,0.7582001306706534
S2B_MSIL2A_20220612T064629_R020_T40RDP_20220613T015748_0001.jpg,S2B_MSIL2A_20220612T064629_R020_T40RDP_20220613T015748,1,2022-06,T40RDP,0.746687578976821,0,0.7582001306706534
S2B_MSIL2A_20220702T064629_R020_T40RDP_20220702T192355_0000.jpg,S2B_MSIL2A_20220702T064629_R020_T40RDP_20220702T192355,0,2022-07,T40RDP,0.25768706107468864,0,0.7582001306706534
S2B_MSIL2A_20220702T064629_R020_T40RDP_20220702T192355_0001.jpg,S2B_MSIL2A_20220702T064629_R020_T40RDP_20220702T192355,0,2022-07,T40RDP,0.25768706107468864,0,0.7582001306706534
S2B_MSIL2A_20220712T064629_R020_T40RDP_20220713T172255_0000.jpg,S2B_MSIL2A_20220712T064629_R020_T40RDP_20220713T172255,0,2022-07,T40RDP,0.5750055621597846,0,0.7582001306706534
S2B_MSIL2A_20220712T064629_R020_T40RDP_20220713T172255_0001.jpg,S2B_MSIL2A_20220712T064629_R020_T40RDP_20220713T172255,0,2022-07,T40RDP,0.5750055621597846,0,0.7582001306706534
S2B_MSIL2A_20220811T064629_R020_T40RDP_20220812T033521_0000.jpg,S2B_MSIL2A_20220811T064629_R020_T40RDP_20220812T033521,0,2022-08,T40RDP,0.026902579170453505,0,0.7582001306706534
S2B_MSIL2A_20220811T064629_R020_T40RDP_20220812T033521_0001.jpg,S2B_MSIL2A_20220811T064629_R020_T40RDP_20220812T033521,0,2022-08,T40RDP,0.026902579170453505,0,0.7582001306706534
S2B_MSIL2A_20220821T064629_R020_T40RDP_20240704T040858_0000.jpg,S2B_MSIL2A_20220821T064629_R020_T40RDP_20240704T040858,0,2022-08,T40RDP,0.5721951104850558,0,0.7582001306706534
S2B_MSIL2A_20220821T064629_R020_T40RDP_20240704T040858_0001.jpg,S2B_MSIL2A_20220821T064629_R020_T40RDP_20240704T040858,0,2022-08,T40RDP,0.5721951104850558,0,0.7582001306706534
S2B_MSIL2A_20220831T064629_R020_T40RDP_20220901T073019_0000.jpg,S2B_MSIL2A_20220831T064629_R020_T40RDP_20220901T073019,0,2022-08,T40RDP,0.44342285231088485,0,0.7582001306706534
S2B_MSIL2A_20220831T064629_R020_T40RDP_20220901T073019_0001.jpg,S2B_MSIL2A_20220831T064629_R020_T40RDP_20220901T073019,0,2022-08,T40RDP,0.44342285231088485,0,0.7582001306706534
S2B_MSIL2A_20220910T064629_R020_T40RDP_20220911T222605_0000.jpg,S2B_MSIL2A_20220910T064629_R020_T40RDP_20220911T222605,0,2022-09,T40RDP,0.04010301579654488,0,0.7582001306706534
S2B_MSIL2A_20220910T064629_R020_T40RDP_20220911T222605_0001.jpg,S2B_MSIL2A_20220910T064629_R020_T40RDP_20220911T222605,0,2022-09,T40RDP,0.04010301579654488,0,0.7582001306706534
S2B_MSIL2A_20220930T064649_R020_T40RDP_20240726T033305_0000.jpg,S2B_MSIL2A_20220930T064649_R020_T40RDP_20240726T033305,1,2022-09,T40RDP,0.8570718073493864,1,0.7582001306706534
S2B_MSIL2A_20220930T064649_R020_T40RDP_20240726T033305_0001.jpg,S2B_MSIL2A_20220930T064649_R020_T40RDP_20240726T033305,1,2022-09,T40RDP,0.8570718073493864,1,0.7582001306706534
S2A_MSIL2A_20221005T064741_R020_T40RDP_20221005T231447_0000.jpg,S2A_MSIL2A_20221005T064741_R020_T40RDP_20221005T231447,1,2022-10,T40RDP,0.8976153949989227,1,0.7582001306706534
S2A_MSIL2A_20221005T064741_R020_T40RDP_20221005T231447_0001.jpg,S2A_MSIL2A_20221005T064741_R020_T40RDP_20221005T231447,1,2022-10,T40RDP,0.8976153949989227,1,0.7582001306706534
S2B_MSIL2A_20221010T064759_R020_T40RDP_20221010T171637_0000.jpg,S2B_MSIL2A_20221010T064759_R020_T40RDP_20221010T171637,0,2022-10,T40RDP,0.5443181417906575,0,0.7582001306706534
S2B_MSIL2A_20221010T064759_R020_T40RDP_20221010T171637_0001.jpg,S2B_MSIL2A_20221010T064759_R020_T40RDP_20221010T171637,0,2022-10,T40RDP,0.5443181417906575,0,0.7582001306706534
S2B_MSIL2A_20221020T064909_R020_T40RDP_20221020T150922_0000.jpg,S2B_MSIL2A_20221020T064909_R020_T40RDP_20221020T150922,0,2022-10,T40RDP,0.07817460226694001,0,0.7582001306706534
S2B_MSIL2A_20221020T064909_R020_T40RDP_20221020T150922_0001.jpg,S2B_MSIL2A_20221020T064909_R020_T40RDP_20221020T150922,0,2022-10,T40RDP,0.07817460226694001,0,0.7582001306706534
S2A_MSIL2A_20221025T064941_R020_T40RDP_20221025T162709_0000.jpg,S2A_MSIL2A_20221025T064941_R020_T40RDP_20221025T162709,0,2022-10,T40RDP,0.031239084924969913,0,0.7582001306706534
S2A_MSIL2A_20221025T064941_R020_T40RDP_20221025T162709_0001.jpg,S2A_MSIL2A_20221025T064941_R020_T40RDP_20221025T162709,0,2022-10,T40RDP,0.031239084924969913,0,0.7582001306706534
S2A_MSIL2A_20221104T065041_R020_T40RDP_20221104T212402_0000.jpg,S2A_MSIL2A_20221104T065041_R020_T40RDP_20221104T212402,0,2022-11,T40RDP,0.04697647533408926,0,0.7582001306706534
S2A_MSIL2A_20221104T065041_R020_T40RDP_20221104T212402_0001.jpg,S2A_MSIL2A_20221104T065041_R020_T40RDP_20221104T212402,0,2022-11,T40RDP,0.04697647533408926,0,0.7582001306706534
S2A_MSIL2A_20221114T065131_R020_T40RDP_20221114T201831_0000.jpg,S2A_MSIL2A_20221114T065131_R020_T40RDP_20221114T201831,0,2022-11,T40RDP,0.5567323652208206,0,0.7582001306706534
S2A_MSIL2A_20221114T065131_R020_T40RDP_20221114T201831_0001.jpg,S2A_MSIL2A_20221114T065131_R020_T40RDP_20221114T201831,0,2022-11,T40RDP,0.5567323652208206,0,0.7582001306706534
S2A_MSIL2A_20221124T065201_R020_T40RDP_20221125T124758_0000.jpg,S2A_MSIL2A_20221124T065201_R020_T40RDP_20221125T124758,0,2022-11,T40RDP,0.0933279260155467,0,0.7582001306706534
S2A_MSIL2A_20221124T065201_R020_T40RDP_20221125T124758_0001.jpg,S2A_MSIL2A_20221124T065201_R020_T40RDP_20221125T124758,0,2022-11,T40RDP,0.0933279260155467,0,0.7582001306706534
S2B_MSIL2A_20221129T065229_R020_T40RDP_20221130T205134_0000.jpg,S2B_MSIL2A_20221129T065229_R020_T40RDP_20221130T205134,0,2022-11,T40RDP,0.19097254527621108,0,0.7582001306706534
S2B_MSIL2A_20221129T065229_R020_T40RDP_20221130T205134_0001.jpg,S2B_MSIL2A_20221129T065229_R020_T40RDP_20221130T205134,0,2022-11,T40RDP,0.19097254527621108,0,0.7582001306706534
S2A_MSIL2A_20221204T065241_R020_T40RDP_20221204T174332_0000.jpg,S2A_MSIL2A_20221204T065241_R020_T40RDP_20221204T174332,0,2022-12,T40RDP,0.021433149605753845,0,0.7582001306706534
S2A_MSIL2A_20221204T065241_R020_T40RDP_20221204T174332_0001.jpg,S2A_MSIL2A_20221204T065241_R020_T40RDP_20221204T174332,0,2022-12,T40RDP,0.021433149605753845,0,0.7582001306706534
S2B_MSIL2A_20221219T065309_R020_T40RDP_20221220T000640_0000.jpg,S2B_MSIL2A_20221219T065309_R020_T40RDP_20221220T000640,1,2022-12,T40RDP,0.7455047743387212,0,0.7582001306706534
S2B_MSIL2A_20221219T065309_R020_T40RDP_20221220T000640_0001.jpg,S2B_MSIL2A_20221219T065309_R020_T40RDP_20221220T000640,1,2022-12,T40RDP,0.7455047743387212,0,0.7582001306706534
S2B_MSIL2A_20221229T065309_R020_T40RDP_20221230T112824_0000.jpg,S2B_MSIL2A_20221229T065309_R020_T40RDP_20221230T112824,0,2022-12,T40RDP,0.16228762841417976,0,0.7582001306706534
S2B_MSIL2A_20221229T065309_R020_T40RDP_20221230T112824_0001.jpg,S2B_MSIL2A_20221229T065309_R020_T40RDP_20221230T112824,0,2022-12,T40RDP,0.16228762841417976,0,0.7582001306706534
S2A_MSIL2A_20230113T065231_R020_T40RDP_20230113T221234_0000.jpg,S2A_MSIL2A_20230113T065231_R020_T40RDP_20230113T221234,1,2023-01,T40RDP,0.9329595276292408,1,0.7582001306706534
S2B_MSIL2A_20230128T065129_R020_T40RDP_20230129T191033_0000.jpg,S2B_MSIL2A_20230128T065129_R020_T40RDP_20230129T191033,0,2023-01,T40RDP,0.023728071281041225,0,0.7582001306706534
S2B_MSIL2A_20230128T065129_R020_T40RDP_20230129T191033_0001.jpg,S2B_MSIL2A_20230128T065129_R020_T40RDP_20230129T191033,0,2023-01,T40RDP,0.023728071281041225,0,0.7582001306706534
S2B_MSIL2A_20230207T065039_R020_T40RDP_20230208T043016_0000.jpg,S2B_MSIL2A_20230207T065039_R020_T40RDP_20230208T043016,0,2023-02,T40RDP,0.48856852124894085,0,0.7582001306706534
S2B_MSIL2A_20230207T065039_R020_T40RDP_20230208T043016_0001.jpg,S2B_MSIL2A_20230207T065039_R020_T40RDP_20230208T043016,0,2023-02,T40RDP,0.48856852124894085,0,0.7582001306706534
S2A_MSIL2A_20230212T065011_R020_T40RDP_20240814T114255_0000.jpg,S2A_MSIL2A_20230212T065011_R020_T40RDP_20240814T114255,0,2023-02,T40RDP,0.1707404507262928,0,0.7582001306706534
S2A_MSIL2A_20230212T065011_R020_T40RDP_20240814T114255_0001.jpg,S2A_MSIL2A_20230212T065011_R020_T40RDP_20240814T114255,0,2023-02,T40RDP,0.1707404507262928,0,0.7582001306706534
S2B_MSIL2A_20230217T064939_R020_T40RDP_20230218T005027_0000.jpg,S2B_MSIL2A_20230217T064939_R020_T40RDP_20230218T005027,0,2023-02,T40RDP,0.1782637622657996,0,0.7582001306706534
S2B_MSIL2A_20230217T064939_R020_T40RDP_20230218T005027_0001.jpg,S2B_MSIL2A_20230217T064939_R020_T40RDP_20230218T005027,0,2023-02,T40RDP,0.1782637622657996,0,0.7582001306706534
S2A_MSIL2A_20230304T064751_R020_T40RDP_20230304T123749_0000.jpg,S2A_MSIL2A_20230304T064751_R020_T40RDP_20230304T123749,1,2023-03,T40RDP,0.7113997928775683,0,0.7582001306706534
S2A_MSIL2A_20230304T064751_R020_T40RDP_20230304T123749_0001.jpg,S2A_MSIL2A_20230304T064751_R020_T40RDP_20230304T123749,1,2023-03,T40RDP,0.7113997928775683,0,0.7582001306706534
S2B_MSIL2A_20230309T064719_R020_T40RDP_20230309T122025_0000.jpg,S2B_MSIL2A_20230309T064719_R020_T40RDP_20230309T122025,0,2023-03,T40RDP,0.04323703249759804,0,0.7582001306706534
S2B_MSIL2A_20230309T064719_R020_T40RDP_20230309T122025_0001.jpg,S2B_MSIL2A_20230309T064719_R020_T40RDP_20230309T122025,0,2023-03,T40RDP,0.04323703249759804,0,0.7582001306706534
S2B_MSIL2A_20230329T064629_R020_T40RDP_20240823T165234_0000.jpg,S2B_MSIL2A_20230329T064629_R020_T40RDP_20240823T165234,1,2023-03,T40RDP,0.5180362499185528,0,0.7582001306706534
S2B_MSIL2A_20230329T064629_R020_T40RDP_20240823T165234_0001.jpg,S2B_MSIL2A_20230329T064629_R020_T40RDP_20240823T165234,1,2023-03,T40RDP,0.5180362499185528,0,0.7582001306706534
S2A_MSIL2A_20230403T064621_R020_T40RDP_20230403T120128_0000.jpg,S2A_MSIL2A_20230403T064621_R020_T40RDP_20230403T120128,1,2023-04,T40RDP,0.7310681110644938,0,0.7582001306706534
S2A_MSIL2A_20230403T064621_R020_T40RDP_20230403T120128_0001.jpg,S2A_MSIL2A_20230403T064621_R020_T40RDP_20230403T120128,1,2023-04,T40RDP,0.7310681110644938,0,0.7582001306706534
S2A_MSIL2A_20230413T064621_R020_T40RDP_20240829T090656_0000.jpg,S2A_MSIL2A_20230413T064621_R020_T40RDP_20240829T090656,0,2023-04,T40RDP,0.03938357034464114,0,0.7582001306706534
S2A_MSIL2A_20230413T064621_R020_T40RDP_20240829T090656_0001.jpg,S2A_MSIL2A_20230413T064621_R020_T40RDP_20240829T090656,0,2023-04,T40RDP,0.03938357034464114,0,0.7582001306706534
S2B_MSIL2A_20230428T064629_R020_T40RDP_20230428T123157_0000.jpg,S2B_MSIL2A_20230428T064629_R020_T40RDP_20230428T123157,1,2023-04,T40RDP,0.8863030911034385,1,0.7582001306706534
S2B_MSIL2A_20230428T064629_R020_T40RDP_20230428T123157_0001.jpg,S2B_MSIL2A_20230428T064629_R020_T40RDP_20230428T123157,1,2023-04,T40RDP,0.8863030911034385,1,0.7582001306706534
S2B_MSIL2A_20230508T064629_R020_T40RDP_20230508T113150_0000.jpg,S2B_MSIL2A_20230508T064629_R020_T40RDP_20230508T113150,0,2023-05,T40RDP,0.17580193164038702,0,0.7582001306706534
S2B_MSIL2A_20230508T064629_R020_T40RDP_20230508T113150_0001.jpg,S2B_MSIL2A_20230508T064629_R020_T40RDP_20230508T113150,0,2023-05,T40RDP,0.17580193164038702,0,0.7582001306706534
S2A_MSIL2A_20230513T064621_R020_T40RDP_20230513T153330_0000.jpg,S2A_MSIL2A_20230513T064621_R020_T40RDP_20230513T153330,0,2023-05,T40RDP,0.03736520514560731,0,0.7582001306706534
S2A_MSIL2A_20230513T064621_R020_T40RDP_20230513T153330_0001.jpg,S2A_MSIL2A_20230513T064621_R020_T40RDP_20230513T153330,0,2023-05,T40RDP,0.03736520514560731,0,0.7582001306706534
S2B_MSIL2A_20230528T064629_R020_T40RDP_20240908T011647_0000.jpg,S2B_MSIL2A_20230528T064629_R020_T40RDP_20240908T011647,1,2023-05,T40RDP,0.6939602326620024,0,0.7582001306706534
S2B_MSIL2A_20230528T064629_R020_T40RDP_20240908T011647_0001.jpg,S2B_MSIL2A_20230528T064629_R020_T40RDP_20240908T011647,1,2023-05,T40RDP,0.6939602326620024,0,0.7582001306706534
S2A_MSIL2A_20230602T064631_R020_T40RDP_20230602T122439_0000.jpg,S2A_MSIL2A_20230602T064631_R020_T40RDP_20230602T122439,1,2023-06,T40RDP,0.651918989146389,0,0.7582001306706534
S2A_MSIL2A_20230602T064631_R020_T40RDP_20230602T122439_0001.jpg,S2A_MSIL2A_20230602T064631_R020_T40RDP_20230602T122439,1,2023-06,T40RDP,0.651918989146389,0,0.7582001306706534
S2A_MSIL2A_20230622T064631_R020_T40RDP_20230622T152445_0000.jpg,S2A_MSIL2A_20230622T064631_R020_T40RDP_20230622T152445,0,2023-06,T40RDP,0.22672445080411047,0,0.7582001306706534
S2A_MSIL2A_20230622T064631_R020_T40RDP_20230622T152445_0001.jpg,S2A_MSIL2A_20230622T064631_R020_T40RDP_20230622T152445,0,2023-06,T40RDP,0.22672445080411047,0,0.7582001306706534
S2B_MSIL2A_20230627T064629_R020_T40RDP_20230627T133316_0000.jpg,S2B_MSIL2A_20230627T064629_R020_T40RDP_20230627T133316,0,2023-06,T40RDP,0.42201920201813237,0,0.7582001306706534
S2A_MSIL2A_20230712T064631_R020_T40RDP_20241013T192851_0000.jpg,S2A_MSIL2A_20230712T064631_R020_T40RDP_20241013T192851,1,2023-07,T40RDP,0.7422703133764098,0,0.7582001306706534
S2A_MSIL2A_20230712T064631_R020_T40RDP_20241013T192851_0001.jpg,S2A_MSIL2A_20230712T064631_R020_T40RDP_20241013T192851,1,2023-07,T40RDP,0.7422703133764098,0,0.7582001306706534
S2B_MSIL2A_20230717T064629_R020_T40RDP_20230717T121930_0000.jpg,S2B_MSIL2A_20230717T064629_R020_T40RDP_20230717T121930,1,2023-07,T40RDP,0.7206843814903723,0,0.7582001306706534
S2B_MSIL2A_20230717T064629_R020_T40RDP_20230717T121930_0001.jpg,S2B_MSIL2A_20230717T064629_R020_T40RDP_20230717T121930,1,2023-07,T40RDP,0.7206843814903723,0,0.7582001306706534
S2B_MSIL2A_20230727T064629_R020_T40RDP_20241012T150139_0000.jpg,S2B_MSIL2A_20230727T064629_R020_T40RDP_20241012T150139,1,2023-07,T40RDP,0.9012498550936453,1,0.7582001306706534
S2B_MSIL2A_20230727T064629_R020_T40RDP_20241012T150139_0001.jpg,S2B_MSIL2A_20230727T064629_R020_T40RDP_20241012T150139,1,2023-07,T40RDP,0.9012498550936453,1,0.7582001306706534
S2A_MSIL2A_20230801T064631_R020_T40RDP_20241015T022010_0000.jpg,S2A_MSIL2A_20230801T064631_R020_T40RDP_20241015T022010,0,2023-08,T40RDP,0.020718282499544435,0,0.7582001306706534
S2A_MSIL2A_20230801T064631_R020_T40RDP_20241015T022010_0001.jpg,S2A_MSIL2A_20230801T064631_R020_T40RDP_20241015T022010,0,2023-08,T40RDP,0.020718282499544435,0,0.7582001306706534
S2A_MSIL2A_20230811T064631_R020_T40RDP_20241112T143010_0000.jpg,S2A_MSIL2A_20230811T064631_R020_T40RDP_20241112T143010,0,2023-08,T40RDP,0.4962435936841804,0,0.7582001306706534
S2A_MSIL2A_20230811T064631_R020_T40RDP_20241112T143010_0001.jpg,S2A_MSIL2A_20230811T064631_R020_T40RDP_20241112T143010,0,2023-08,T40RDP,0.4962435936841804,0,0.7582001306706534
S2A_MSIL2A_20230821T064631_R020_T40RDP_20230821T151547_0000.jpg,S2A_MSIL2A_20230821T064631_R020_T40RDP_20230821T151547,1,2023-08,T40RDP,0.8574750528924125,1,0.7582001306706534
S2A_MSIL2A_20230821T064631_R020_T40RDP_20230821T151547_0001.jpg,S2A_MSIL2A_20230821T064631_R020_T40RDP_20230821T151547,1,2023-08,T40RDP,0.8574750528924125,1,0.7582001306706534
S2B_MSIL2A_20230905T064629_R020_T40RDP_20241025T080236_0000.jpg,S2B_MSIL2A_20230905T064629_R020_T40RDP_20241025T080236,0,2023-09,T40RDP,0.46747502197536767,0,0.7582001306706534
S2B_MSIL2A_20230905T064629_R020_T40RDP_20241025T080236_0001.jpg,S2B_MSIL2A_20230905T064629_R020_T40RDP_20241025T080236,0,2023-09,T40RDP,0.46747502197536767,0,0.7582001306706534
S2A_MSIL2A_20230910T064631_R020_T40RDP_20230910T143150_0000.jpg,S2A_MSIL2A_20230910T064631_R020_T40RDP_20230910T143150,0,2023-09,T40RDP,0.10963603643509956,0,0.7582001306706534
S2A_MSIL2A_20230910T064631_R020_T40RDP_20230910T143150_0001.jpg,S2A_MSIL2A_20230910T064631_R020_T40RDP_20230910T143150,0,2023-09,T40RDP,0.10963603643509956,0,0.7582001306706534
S2A_MSIL2A_20230930T064651_R020_T40RDP_20230930T131923_0000.jpg,S2A_MSIL2A_20230930T064651_R020_T40RDP_20230930T131923,0,2023-09,T40RDP,0.024983476755430726,0,0.7582001306706534
S2A_MSIL2A_20230930T064651_R020_T40RDP_20230930T131923_0001.jpg,S2A_MSIL2A_20230930T064651_R020_T40RDP_20230930T131923,0,2023-09,T40RDP,0.024983476755430726,0,0.7582001306706534
S2B_MSIL2A_20231005T064729_R020_T40RDP_20241107T195305_0000.jpg,S2B_MSIL2A_20231005T064729_R020_T40RDP_20241107T195305,0,2023-10,T40RDP,0.6566319755253878,0,0.7582001306706534
S2B_MSIL2A_20231005T064729_R020_T40RDP_20241107T195305_0001.jpg,S2B_MSIL2A_20231005T064729_R020_T40RDP_20241107T195305,0,2023-10,T40RDP,0.6566319755253878,0,0.7582001306706534
S2A_MSIL2A_20231010T064801_R020_T40RDP_20241109T034959_0000.jpg,S2A_MSIL2A_20231010T064801_R020_T40RDP_20241109T034959,0,2023-10,T40RDP,0.0873950938493102,0,0.7582001306706534
S2A_MSIL2A_20231010T064801_R020_T40RDP_20241109T034959_0001.jpg,S2A_MSIL2A_20231010T064801_R020_T40RDP_20241109T034959,0,2023-10,T40RDP,0.0873950938493102,0,0.7582001306706534
S2A_MSIL2A_20231020T064911_R020_T40RDP_20231020T212831_0000.jpg,S2A_MSIL2A_20231020T064911_R020_T40RDP_20231020T212831,0,2023-10,T40RDP,0.06358080890036338,0,0.7582001306706534
S2A_MSIL2A_20231020T064911_R020_T40RDP_20231020T212831_0001.jpg,S2A_MSIL2A_20231020T064911_R020_T40RDP_20231020T212831,0,2023-10,T40RDP,0.06358080890036338,0,0.7582001306706534
S2B_MSIL2A_20231025T064939_R020_T40RDP_20241108T084721_0000.jpg,S2B_MSIL2A_20231025T064939_R020_T40RDP_20241108T084721,0,2023-10,T40RDP,0.03567695678436181,0,0.7582001306706534
S2B_MSIL2A_20231025T064939_R020_T40RDP_20241108T084721_0001.jpg,S2B_MSIL2A_20231025T064939_R020_T40RDP_20241108T084721,0,2023-10,T40RDP,0.03567695678436181,0,0.7582001306706534
S2B_MSIL2A_20231104T065039_R020_T40RDP_20231104T101124_0000.jpg,S2B_MSIL2A_20231104T065039_R020_T40RDP_20231104T101124,0,2023-11,T40RDP,0.10617121284456567,0,0.7582001306706534
S2B_MSIL2A_20231104T065039_R020_T40RDP_20231104T101124_0001.jpg,S2B_MSIL2A_20231104T065039_R020_T40RDP_20231104T101124,0,2023-11,T40RDP,0.10617121284456567,0,0.7582001306706534
S2A_MSIL2A_20231109T065111_R020_T40RDP_20241101T131538_0000.jpg,S2A_MSIL2A_20231109T065111_R020_T40RDP_20241101T131538,0,2023-11,T40RDP,0.03283822805807302,0,0.7582001306706534
S2A_MSIL2A_20231109T065111_R020_T40RDP_20241101T131538_0001.jpg,S2A_MSIL2A_20231109T065111_R020_T40RDP_20241101T131538,0,2023-11,T40RDP,0.03283822805807302,0,0.7582001306706534
S2A_MSIL2A_20231119T065151_R020_T40RDP_20241109T072348_0000.jpg,S2A_MSIL2A_20231119T065151_R020_T40RDP_20241109T072348,1,2023-11,T40RDP,0.9272352559053393,1,0.7582001306706534
S2A_MSIL2A_20231119T065151_R020_T40RDP_20241109T072348_0001.jpg,S2A_MSIL2A_20231119T065151_R020_T40RDP_20241109T072348,1,2023-11,T40RDP,0.9272352559053393,1,0.7582001306706534
S2A_MSIL2A_20231129T065221_R020_T40RDP_20231129T111858_0000.jpg,S2A_MSIL2A_20231129T065221_R020_T40RDP_20231129T111858,1,2023-11,T40RDP,0.5705031778529576,0,0.7582001306706534
S2A_MSIL2A_20231129T065221_R020_T40RDP_20231129T111858_0001.jpg,S2A_MSIL2A_20231129T065221_R020_T40RDP_20231129T111858,1,2023-11,T40RDP,0.5705031778529576,0,0.7582001306706534
S2B_MSIL2A_20231204T065239_R020_T40RDP_20231204T111154_0000.jpg,S2B_MSIL2A_20231204T065239_R020_T40RDP_20231204T111154,1,2023-12,T40RDP,0.6889697383323243,0,0.7582001306706534
S2B_MSIL2A_20231204T065239_R020_T40RDP_20231204T111154_0001.jpg,S2B_MSIL2A_20231204T065239_R020_T40RDP_20231204T111154,1,2023-12,T40RDP,0.6889697383323243,0,0.7582001306706534
S2A_MSIL2A_20231209T065251_R020_T40RDP_20231209T111640_0000.jpg,S2A_MSIL2A_20231209T065251_R020_T40RDP_20231209T111640,1,2023-12,T40RDP,0.6785239356451093,0,0.7582001306706534
S2A_MSIL2A_20231209T065251_R020_T40RDP_20231209T111640_0001.jpg,S2A_MSIL2A_20231209T065251_R020_T40RDP_20231209T111640,1,2023-12,T40RDP,0.6785239356451093,0,0.7582001306706534
S2A_MSIL2A_20231219T065301_R020_T40RDP_20231220T122952_0000.jpg,S2A_MSIL2A_20231219T065301_R020_T40RDP_20231220T122952,0,2023-12,T40RDP,0.023722086928230073,0,0.7582001306706534
S2A_MSIL2A_20231219T065301_R020_T40RDP_20231220T122952_0001.jpg,S2A_MSIL2A_20231219T065301_R020_T40RDP_20231220T122952,0,2023-12,T40RDP,0.023722086928230073,0,0.7582001306706534
S2A_MSIL2A_20240108T065251_R020_T40RDP_20240108T111554_0000.jpg,S2A_MSIL2A_20240108T065251_R020_T40RDP_20240108T111554,0,2024-01,T40RDP,0.7473824489354584,0,0.7582001306706534
S2A_MSIL2A_20240108T065251_R020_T40RDP_20240108T111554_0001.jpg,S2A_MSIL2A_20240108T065251_R020_T40RDP_20240108T111554,0,2024-01,T40RDP,0.7473824489354584,0,0.7582001306706534
S2B_MSIL2A_20240123T065159_R020_T40RDP_20240123T100825_0000.jpg,S2B_MSIL2A_20240123T065159_R020_T40RDP_20240123T100825,0,2024-01,T40RDP,0.050419263340535786,0,0.7582001306706534
S2B_MSIL2A_20240123T065159_R020_T40RDP_20240123T100825_0001.jpg,S2B_MSIL2A_20240123T065159_R020_T40RDP_20240123T100825,0,2024-01,T40RDP,0.050419263340535786,0,0.7582001306706534
S2A_MSIL2A_20240207T065041_R020_T40RDP_20240207T112724_0000.jpg,S2A_MSIL2A_20240207T065041_R020_T40RDP_20240207T112724,0,2024-02,T40RDP,0.02497686371954748,0,0.7582001306706534
S2A_MSIL2A_20240207T065041_R020_T40RDP_20240207T112724_0001.jpg,S2A_MSIL2A_20240207T065041_R020_T40RDP_20240207T112724,0,2024-02,T40RDP,0.02497686371954748,0,0.7582001306706534
S2B_MSIL2A_20240222T064909_R020_T40RDP_20240222T114827_0000.jpg,S2B_MSIL2A_20240222T064909_R020_T40RDP_20240222T114827,0,2024-02,T40RDP,0.47490834221779216,0,0.7582001306706534
S2B_MSIL2A_20240222T064909_R020_T40RDP_20240222T114827_0001.jpg,S2B_MSIL2A_20240222T064909_R020_T40RDP_20240222T114827,0,2024-02,T40RDP,0.47490834221779216,0,0.7582001306706534
S2A_MSIL2A_20240227T064831_R020_T40RDP_20240227T113900_0000.jpg,S2A_MSIL2A_20240227T064831_R020_T40RDP_20240227T113900,0,2024-02,T40RDP,0.3074626385265505,0,0.7582001306706534
S2A_MSIL2A_20240227T064831_R020_T40RDP_20240227T113900_0001.jpg,S2A_MSIL2A_20240227T064831_R020_T40RDP_20240227T113900,0,2024-02,T40RDP,0.3074626385265505,0,0.7582001306706534
S2B_MSIL2A_20240313T064639_R020_T40RDP_20240313T121009_0000.jpg,S2B_MSIL2A_20240313T064639_R020_T40RDP_20240313T121009,0,2024-03,T40RDP,0.3864762827896203,0,0.7582001306706534
S2B_MSIL2A_20240313T064639_R020_T40RDP_20240313T121009_0001.jpg,S2B_MSIL2A_20240313T064639_R020_T40RDP_20240313T121009,0,2024-03,T40RDP,0.3864762827896203,0,0.7582001306706534
S2A_MSIL2A_20240318T064621_R020_T40RDP_20240318T121046_0000.jpg,S2A_MSIL2A_20240318T064621_R020_T40RDP_20240318T121046,0,2024-03,T40RDP,0.24001466220852782,0,0.7582001306706534
S2A_MSIL2A_20240318T064621_R020_T40RDP_20240318T121046_0001.jpg,S2A_MSIL2A_20240318T064621_R020_T40RDP_20240318T121046,0,2024-03,T40RDP,0.24001466220852782,0,0.7582001306706534
S2A_MSIL2A_20240407T064621_R020_T40RDP_20240407T123440_0000.jpg,S2A_MSIL2A_20240407T064621_R020_T40RDP_20240407T123440,0,2024-04,T40RDP,0.07417818695325994,0,0.7582001306706534
S2A_MSIL2A_20240407T064621_R020_T40RDP_20240407T123440_0001.jpg,S2A_MSIL2A_20240407T064621_R020_T40RDP_20240407T123440,0,2024-04,T40RDP,0.07417818695325994,0,0.7582001306706534
S2B_MSIL2A_20240422T064629_R020_T40RDP_20240422T110720_0000.jpg,S2B_MSIL2A_20240422T064629_R020_T40RDP_20240422T110720,1,2024-04,T40RDP,0.8300548940388224,1,0.7582001306706534
S2B_MSIL2A_20240422T064629_R020_T40RDP_20240422T110720_0001.jpg,S2B_MSIL2A_20240422T064629_R020_T40RDP_20240422T110720,1,2024-04,T40RDP,0.8300548940388224,1,0.7582001306706534
S2A_MSIL2A_20240427T064631_R020_T40RDP_20240427T122206_0000.jpg,S2A_MSIL2A_20240427T064631_R020_T40RDP_20240427T122206,1,2024-04,T40RDP,0.829616047874295,1,0.7582001306706534
S2A_MSIL2A_20240427T064631_R020_T40RDP_20240427T122206_0001.jpg,S2A_MSIL2A_20240427T064631_R020_T40RDP_20240427T122206,1,2024-04,T40RDP,0.829616047874295,1,0.7582001306706534
S2A_MSIL2A_20240507T064631_R020_T40RDP_20240507T121930_0000.jpg,S2A_MSIL2A_20240507T064631_R020_T40RDP_20240507T121930,0,2024-05,T40RDP,0.036056578205843626,0,0.7582001306706534
S2A_MSIL2A_20240507T064631_R020_T40RDP_20240507T121930_0001.jpg,S2A_MSIL2A_20240507T064631_R020_T40RDP_20240507T121930,0,2024-05,T40RDP,0.036056578205843626,0,0.7582001306706534
S2B_MSIL2A_20240522T064629_R020_T40RDP_20240522T103730_0000.jpg,S2B_MSIL2A_20240522T064629_R020_T40RDP_20240522T103730,1,2024-05,T40RDP,0.6426709751910779,0,0.7582001306706534
S2B_MSIL2A_20240522T064629_R020_T40RDP_20240522T103730_0001.jpg,S2B_MSIL2A_20240522T064629_R020_T40RDP_20240522T103730,1,2024-05,T40RDP,0.6426709751910779,0,0.7582001306706534
S2A_MSIL2A_20240606T064631_R020_T40RDP_20240606T122041_0000.jpg,S2A_MSIL2A_20240606T064631_R020_T40RDP_20240606T122041,1,2024-06,T40RDP,0.9339512728533101,1,0.7582001306706534
S2A_MSIL2A_20240606T064631_R020_T40RDP_20240606T122041_0001.jpg,S2A_MSIL2A_20240606T064631_R020_T40RDP_20240606T122041,1,2024-06,T40RDP,0.9339512728533101,1,0.7582001306706534
S2A_MSIL2A_20240616T064631_R020_T40RDP_20240616T131856_0000.jpg,S2A_MSIL2A_20240616T064631_R020_T40RDP_20240616T131856,0,2024-06,T40RDP,0.035625749196763874,0,0.7582001306706534
S2A_MSIL2A_20240616T064631_R020_T40RDP_20240616T131856_0001.jpg,S2A_MSIL2A_20240616T064631_R020_T40RDP_20240616T131856,0,2024-06,T40RDP,0.035625749196763874,0,0.7582001306706534
S2A_MSIL2A_20240626T064631_R020_T40RDP_20240626T112024_0000.jpg,S2A_MSIL2A_20240626T064631_R020_T40RDP_20240626T112024,0,2024-06,T40RDP,0.08385504081720316,0,0.7582001306706534
S2A_MSIL2A_20240626T064631_R020_T40RDP_20240626T112024_0001.jpg,S2A_MSIL2A_20240626T064631_R020_T40RDP_20240626T112024,0,2024-06,T40RDP,0.08385504081720316,0,0.7582001306706534
S2B_MSIL2A_20240721T064629_R020_T40RDP_20240721T112112_0000.jpg,S2B_MSIL2A_20240721T064629_R020_T40RDP_20240721T112112,0,2024-07,T40RDP,0.25950546431641514,0,0.7582001306706534
S2B_MSIL2A_20240721T064629_R020_T40RDP_20240721T112112_0001.jpg,S2B_MSIL2A_20240721T064629_R020_T40RDP_20240721T112112,0,2024-07,T40RDP,0.25950546431641514,0,0.7582001306706534
S2A_MSIL2A_20240726T064631_R020_T40RDP_20240726T115558_0000.jpg,S2A_MSIL2A_20240726T064631_R020_T40RDP_20240726T115558,0,2024-07,T40RDP,0.2071951618237898,0,0.7582001306706534
S2A_MSIL2A_20240726T064631_R020_T40RDP_20240726T115558_0001.jpg,S2A_MSIL2A_20240726T064631_R020_T40RDP_20240726T115558,0,2024-07,T40RDP,0.2071951618237898,0,0.7582001306706534
S2A_MSIL2A_20240825T064621_R020_T40RDP_20240825T133350_0000.jpg,S2A_MSIL2A_20240825T064621_R020_T40RDP_20240825T133350,0,2024-08,T40RDP,0.7415511619694296,0,0.7582001306706534
S2A_MSIL2A_20240825T064621_R020_T40RDP_20240825T133350_0001.jpg,S2A_MSIL2A_20240825T064621_R020_T40RDP_20240825T133350,0,2024-08,T40RDP,0.7415511619694296,0,0.7582001306706534
S2A_MSIL2A_20240904T064621_R020_T40RDP_20240904T121950_0000.jpg,S2A_MSIL2A_20240904T064621_R020_T40RDP_20240904T121950,0,2024-09,T40RDP,0.023976523323816806,0,0.7582001306706534
S2A_MSIL2A_20240904T064621_R020_T40RDP_20240904T121950_0001.jpg,S2A_MSIL2A_20240904T064621_R020_T40RDP_20240904T121950,0,2024-09,T40RDP,0.023976523323816806,0,0.7582001306706534
S2B_MSIL2A_20240909T064629_R020_T40RDP_20240909T110138_0000.jpg,S2B_MSIL2A_20240909T064629_R020_T40RDP_20240909T110138,1,2024-09,T40RDP,0.4912445517775744,0,0.7582001306706534
S2B_MSIL2A_20240909T064629_R020_T40RDP_20240909T110138_0001.jpg,S2B_MSIL2A_20240909T064629_R020_T40RDP_20240909T110138,1,2024-09,T40RDP,0.4912445517775744,0,0.7582001306706534
S2A_MSIL2A_20240924T064631_R020_T40RDP_20240924T103950_0000.jpg,S2A_MSIL2A_20240924T064631_R020_T40RDP_20240924T103950,0,2024-09,T40RDP,0.20280263448962454,0,0.7582001306706534
S2A_MSIL2A_20240924T064631_R020_T40RDP_20240924T103950_0001.jpg,S2A_MSIL2A_20240924T064631_R020_T40RDP_20240924T103950,0,2024-09,T40RDP,0.20280263448962454,0,0.7582001306706534
S2B_MSIL2A_20240929T064629_R020_T40RDP_20240929T100121_0000.jpg,S2B_MSIL2A_20240929T064629_R020_T40RDP_20240929T100121,0,2024-09,T40RDP,0.0808263758639829,0,0.7582001306706534
S2B_MSIL2A_20240929T064629_R020_T40RDP_20240929T100121_0001.jpg,S2B_MSIL2A_20240929T064629_R020_T40RDP_20240929T100121,0,2024-09,T40RDP,0.0808263758639829,0,0.7582001306706534
S2A_MSIL2A_20241004T064731_R020_T40RDP_20241004T103151_0000.jpg,S2A_MSIL2A_20241004T064731_R020_T40RDP_20241004T103151,0,2024-10,T40RDP,0.01832289929702333,0,0.7582001306706534
S2A_MSIL2A_20241004T064731_R020_T40RDP_20241004T103151_0001.jpg,S2A_MSIL2A_20241004T064731_R020_T40RDP_20241004T103151,0,2024-10,T40RDP,0.01832289929702333,0,0.7582001306706534
S2B_MSIL2A_20241009T064709_R020_T40RDP_20241009T093003_0000.jpg,S2B_MSIL2A_20241009T064709_R020_T40RDP_20241009T093003,1,2024-10,T40RDP,0.9421189965631831,1,0.7582001306706534
S2B_MSIL2A_20241009T064709_R020_T40RDP_20241009T093003_0001.jpg,S2B_MSIL2A_20241009T064709_R020_T40RDP_20241009T093003,1,2024-10,T40RDP,0.9421189965631831,1,0.7582001306706534
S2A_MSIL2A_20241024T064941_R020_T40RDP_20241024T095047_0000.jpg,S2A_MSIL2A_20241024T064941_R020_T40RDP_20241024T095047,0,2024-10,T40RDP,0.15103773838058301,0,0.7582001306706534
S2A_MSIL2A_20241024T064941_R020_T40RDP_20241024T095047_0001.jpg,S2A_MSIL2A_20241024T064941_R020_T40RDP_20241024T095047,0,2024-10,T40RDP,0.15103773838058301,0,0.7582001306706534
S2B_MSIL2A_20241029T064919_R020_T40RDP_20241029T090554_0000.jpg,S2B_MSIL2A_20241029T064919_R020_T40RDP_20241029T090554,0,2024-10,T40RDP,0.10639089840649944,0,0.7582001306706534
S2B_MSIL2A_20241029T064919_R020_T40RDP_20241029T090554_0001.jpg,S2B_MSIL2A_20241029T064919_R020_T40RDP_20241029T090554,0,2024-10,T40RDP,0.10639089840649944,0,0.7582001306706534
S2A_MSIL2A_20241103T065031_R020_T40RDP_20241103T100958_0000.jpg,S2A_MSIL2A_20241103T065031_R020_T40RDP_20241103T100958,1,2024-11,T40RDP,0.8436637772990415,1,0.7582001306706534
S2A_MSIL2A_20241103T065031_R020_T40RDP_20241103T100958_0001.jpg,S2A_MSIL2A_20241103T065031_R020_T40RDP_20241103T100958,1,2024-11,T40RDP,0.8436637772990415,1,0.7582001306706534
S2B_MSIL2A_20241118T065059_R020_T40RDP_20241118T082640_0000.jpg,S2B_MSIL2A_20241118T065059_R020_T40RDP_20241118T082640,0,2024-11,T40RDP,0.02569088608998441,0,0.7582001306706534
S2B_MSIL2A_20241118T065059_R020_T40RDP_20241118T082640_0001.jpg,S2B_MSIL2A_20241118T065059_R020_T40RDP_20241118T082640,0,2024-11,T40RDP,0.02569088608998441,0,0.7582001306706534
S2B_MSIL2A_20241128T065139_R020_T40RDP_20241128T081447_0000.jpg,S2B_MSIL2A_20241128T065139_R020_T40RDP_20241128T081447,0,2024-11,T40RDP,0.04679875412186312,0,0.7582001306706534
S2B_MSIL2A_20241128T065139_R020_T40RDP_20241128T081447_0001.jpg,S2B_MSIL2A_20241128T065139_R020_T40RDP_20241128T081447,0,2024-11,T40RDP,0.04679875412186312,0,0.7582001306706534
S2B_MSIL2A_20241208T065159_R020_T40RDP_20241208T090838_0000.jpg,S2B_MSIL2A_20241208T065159_R020_T40RDP_20241208T090838,1,2024-12,T40RDP,0.9007892417762441,1,0.7582001306706534
S2B_MSIL2A_20241208T065159_R020_T40RDP_20241208T090838_0001.jpg,S2B_MSIL2A_20241208T065159_R020_T40RDP_20241208T090838,1,2024-12,T40RDP,0.9007892417762441,1,0.7582001306706534
S2A_MSIL2A_20241213T065301_R020_T40RDP_20241213T095751_0000.jpg,S2A_MSIL2A_20241213T065301_R020_T40RDP_20241213T095751,0,2024-12,T40RDP,0.11028665020148974,0,0.7582001306706534
S2A_MSIL2A_20241213T065301_R020_T40RDP_20241213T095751_0001.jpg,S2A_MSIL2A_20241213T065301_R020_T40RDP_20241213T095751,0,2024-12,T40RDP,0.11028665020148974,0,0.7582001306706534
S2A_MSIL2A_20241223T065311_R020_T40RDP_20241223T094150_0000.jpg,S2A_MSIL2A_20241223T065311_R020_T40RDP_20241223T094150,1,2024-12,T40RDP,0.8116704264262189,1,0.7582001306706534
S2A_MSIL2A_20241223T065311_R020_T40RDP_20241223T094150_0001.jpg,S2A_MSIL2A_20241223T065311_R020_T40RDP_20241223T094150,1,2024-12,T40RDP,0.8116704264262189,1,0.7582001306706534
S2B_MSIL2A_20241228T065209_R020_T40RDP_20241228T085137_0000.jpg,S2B_MSIL2A_20241228T065209_R020_T40RDP_20241228T085137,0,2024-12,T40RDP,0.5472623756948297,0,0.7582001306706534
S2B_MSIL2A_20241228T065209_R020_T40RDP_20241228T085137_0001.jpg,S2B_MSIL2A_20241228T065209_R020_T40RDP_20241228T085137,0,2024-12,T40RDP,0.5472623756948297,0,0.7582001306706534
S2A_MSIL2A_20170108T063231_R077_T40QGK_20210530T025623_0000.jpg,S2A_MSIL2A_20170108T063231_R077_T40QGK_20210530T025623,0,2017-01,T40QGK,0.6011955587300339,0,0.7582001306706534
S2A_MSIL2A_20170108T063231_R077_T40QGK_20210530T025623_0001.jpg,S2A_MSIL2A_20170108T063231_R077_T40QGK_20210530T025623,0,2017-01,T40QGK,0.6011955587300339,0,0.7582001306706534
S2A_MSIL2A_20170128T063121_R077_T40QGK_20210207T223643_0000.jpg,S2A_MSIL2A_20170128T063121_R077_T40QGK_20210207T223643,0,2017-01,T40QGK,0.025094207186655292,0,0.7582001306706534
S2A_MSIL2A_20170128T063121_R077_T40QGK_20210207T223643_0001.jpg,S2A_MSIL2A_20170128T063121_R077_T40QGK_20210207T223643,0,2017-01,T40QGK,0.025094207186655292,0,0.7582001306706534
S2A_MSIL2A_20170408T062631_R077_T40QGK_20210209T054517_0000.jpg,S2A_MSIL2A_20170408T062631_R077_T40QGK_20210209T054517,1,2017-04,T40QGK,0.746140962477641,0,0.7582001306706534
S2A_MSIL2A_20170408T062631_R077_T40QGK_20210209T054517_0001.jpg,S2A_MSIL2A_20170408T062631_R077_T40QGK_20210209T054517,1,2017-04,T40QGK,0.746140962477641,0,0.7582001306706534
S2A_MSIL2A_20170518T062631_R077_T40QGK_20210209T161923_0000.jpg,S2A_MSIL2A_20170518T062631_R077_T40QGK_20210209T161923,1,2017-05,T40QGK,0.5405826060382711,0,0.7582001306706534
S2A_MSIL2A_20170518T062631_R077_T40QGK_20210209T161923_0001.jpg,S2A_MSIL2A_20170518T062631_R077_T40QGK_20210209T161923,1,2017-05,T40QGK,0.5405826060382711,0,0.7582001306706534
S2A_MSIL2A_20170607T062631_R077_T40QGK_20210209T210413_0000.jpg,S2A_MSIL2A_20170607T062631_R077_T40QGK_20210209T210413,0,2017-06,T40QGK,0.48060994826534065,0,0.7582001306706534
S2A_MSIL2A_20170607T062631_R077_T40QGK_20210209T210413_0001.jpg,S2A_MSIL2A_20170607T062631_R077_T40QGK_20210209T210413,0,2017-06,T40QGK,0.48060994826534065,0,0.7582001306706534
S2B_MSIL2A_20170712T062629_R077_T40QGK_20210210T075544_0000.jpg,S2B_MSIL2A_20170712T062629_R077_T40QGK_20210210T075544,0,2017-07,T40QGK,0.5594329290421679,0,0.7582001306706534
S2B_MSIL2A_20170712T062629_R077_T40QGK_20210210T075544_0001.jpg,S2B_MSIL2A_20170712T062629_R077_T40QGK_20210210T075544,0,2017-07,T40QGK,0.5594329290421679,0,0.7582001306706534
S2A_MSIL2A_20170806T062631_R077_T40QGK_20210210T201853_0000.jpg,S2A_MSIL2A_20170806T062631_R077_T40QGK_20210210T201853,0,2017-08,T40QGK,0.05908412631595313,0,0.7582001306706534
S2A_MSIL2A_20170806T062631_R077_T40QGK_20210210T201853_0001.jpg,S2A_MSIL2A_20170806T062631_R077_T40QGK_20210210T201853,0,2017-08,T40QGK,0.05908412631595313,0,0.7582001306706534
S2A_MSIL2A_20170826T062631_R077_T40QGK_20210201T110022_0000.jpg,S2A_MSIL2A_20170826T062631_R077_T40QGK_20210201T110022,1,2017-08,T40QGK,0.761826356659971,1,0.7582001306706534
S2A_MSIL2A_20170826T062631_R077_T40QGK_20210201T110022_0001.jpg,S2A_MSIL2A_20170826T062631_R077_T40QGK_20210201T110022,1,2017-08,T40QGK,0.761826356659971,1,0.7582001306706534
S2B_MSIL2A_20170910T062619_R077_T40QGK_20210201T232752_0000.jpg,S2B_MSIL2A_20170910T062619_R077_T40QGK_20210201T232752,0,2017-09,T40QGK,0.2103692628839777,0,0.7582001306706534
S2B_MSIL2A_20170910T062619_R077_T40QGK_20210201T232752_0001.jpg,S2B_MSIL2A_20170910T062619_R077_T40QGK_20210201T232752,0,2017-09,T40QGK,0.2103692628839777,0,0.7582001306706534
S2B_MSIL2A_20170930T062629_R077_T40QGK_20210202T120552_0000.jpg,S2B_MSIL2A_20170930T062629_R077_T40QGK_20210202T120552,0,2017-09,T40QGK,0.11658367525011042,0,0.7582001306706534
S2B_MSIL2A_20170930T062629_R077_T40QGK_20210202T120552_0001.jpg,S2B_MSIL2A_20170930T062629_R077_T40QGK_20210202T120552,0,2017-09,T40QGK,0.11658367525011042,0,0.7582001306706534
S2A_MSIL2A_20171005T062721_R077_T40QGK_20210202T140745_0000.jpg,S2A_MSIL2A_20171005T062721_R077_T40QGK_20210202T140745,0,2017-10,T40QGK,0.18752188242105194,0,0.7582001306706534
S2A_MSIL2A_20171005T062721_R077_T40QGK_20210202T140745_0001.jpg,S2A_MSIL2A_20171005T062721_R077_T40QGK_20210202T140745,0,2017-10,T40QGK,0.18752188242105194,0,0.7582001306706534
S2B_MSIL2A_20171020T062849_R077_T40QGK_20201015T010902_0000.jpg,S2B_MSIL2A_20171020T062849_R077_T40QGK_20201015T010902,0,2017-10,T40QGK,0.09822065202169791,0,0.7582001306706534
S2B_MSIL2A_20171020T062849_R077_T40QGK_20201015T010902_0001.jpg,S2B_MSIL2A_20171020T062849_R077_T40QGK_20201015T010902,0,2017-10,T40QGK,0.09822065202169791,0,0.7582001306706534
S2A_MSIL2A_20171025T062931_R077_T40QGK_20201015T020751_0000.jpg,S2A_MSIL2A_20171025T062931_R077_T40QGK_20201015T020751,0,2017-10,T40QGK,0.027206973259118427,0,0.7582001306706534
S2A_MSIL2A_20171025T062931_R077_T40QGK_20201015T020751_0001.jpg,S2A_MSIL2A_20171025T062931_R077_T40QGK_20201015T020751,0,2017-10,T40QGK,0.027206973259118427,0,0.7582001306706534
S2B_MSIL2A_20171109T063039_R077_T40QGK_20201014T190830_0000.jpg,S2B_MSIL2A_20171109T063039_R077_T40QGK_20201014T190830,0,2017-11,T40QGK,0.3883527258105162,0,0.7582001306706534
S2B_MSIL2A_20171109T063039_R077_T40QGK_20201014T190830_0001.jpg,S2B_MSIL2A_20171109T063039_R077_T40QGK_20201014T190830,0,2017-11,T40QGK,0.3883527258105162,0,0.7582001306706534
S2B_MSIL2A_20171119T063129_R077_T40QGK_20201014T205952_0000.jpg,S2B_MSIL2A_20171119T063129_R077_T40QGK_20201014T205952,0,2017-11,T40QGK,0.1338639269840614,0,0.7582001306706534
S2B_MSIL2A_20171119T063129_R077_T40QGK_20201014T205952_0001.jpg,S2B_MSIL2A_20171119T063129_R077_T40QGK_20201014T205952,0,2017-11,T40QGK,0.1338639269840614,0,0.7582001306706534
S2B_MSIL2A_20171129T063209_R077_T40QGK_20201014T225521_0000.jpg,S2B_MSIL2A_20171129T063209_R077_T40QGK_20201014T225521,0,2017-11,T40QGK,0.43141852819401266,0,0.7582001306706534
S2B_MSIL2A_20171129T063209_R077_T40QGK_20201014T225521_0001.jpg,S2B_MSIL2A_20171129T063209_R077_T40QGK_20201014T225521,0,2017-11,T40QGK,0.43141852819401266,0,0.7582001306706534
S2A_MSIL2A_20171224T063251_R077_T40QGK_20201014T155906_0000.jpg,S2A_MSIL2A_20171224T063251_R077_T40QGK_20201014T155906,1,2017-12,T40QGK,0.8553197046107566,1,0.7582001306706534
S2A_MSIL2A_20171224T063251_R077_T40QGK_20201014T155906_0001.jpg,S2A_MSIL2A_20171224T063251_R077_T40QGK_20201014T155906,1,2017-12,T40QGK,0.8553197046107566,1,0.7582001306706534
S2B_MSIL2A_20180108T063229_R077_T40QGK_20201014T041341_0000.jpg,S2B_MSIL2A_20180108T063229_R077_T40QGK_20201014T041341,0,2018-01,T40QGK,0.04714424171758823,0,0.7582001306706534
S2B_MSIL2A_20180108T063229_R077_T40QGK_20201014T041341_0001.jpg,S2B_MSIL2A_20180108T063229_R077_T40QGK_20201014T041341,0,2018-01,T40QGK,0.04714424171758823,0,0.7582001306706534
S2A_MSIL2A_20180113T063221_R077_T40QGK_20201014T052118_0000.jpg,S2A_MSIL2A_20180113T063221_R077_T40QGK_20201014T052118,0,2018-01,T40QGK,0.15205847452692306,0,0.7582001306706534
S2A_MSIL2A_20180113T063221_R077_T40QGK_20201014T052118_0001.jpg,S2A_MSIL2A_20180113T063221_R077_T40QGK_20201014T052118,0,2018-01,T40QGK,0.15205847452692306,0,0.7582001306706534
S2B_MSIL2A_20180118T063159_R077_T40QGK_20201014T064335_0000.jpg,S2B_MSIL2A_20180118T063159_R077_T40QGK_20201014T064335,0,2018-01,T40QGK,0.3698671424333403,0,0.7582001306706534
S2B_MSIL2A_20180118T063159_R077_T40QGK_20201014T064335_0001.jpg,S2B_MSIL2A_20180118T063159_R077_T40QGK_20201014T064335,0,2018-01,T40QGK,0.3698671424333403,0,0.7582001306706534
S2B_MSIL2A_20180207T063029_R077_T40QGK_20201013T195615_0000.jpg,S2B_MSIL2A_20180207T063029_R077_T40QGK_20201013T195615,0,2018-02,T40QGK,0.031246668785096625,0,0.7582001306706534
S2B_MSIL2A_20180207T063029_R077_T40QGK_20201013T195615_0001.jpg,S2B_MSIL2A_20180207T063029_R077_T40QGK_20201013T195615,0,2018-02,T40QGK,0.031246668785096625,0,0.7582001306706534
S2B_MSIL2A_20180217T062919_R077_T40QGK_20201013T222432_0000.jpg,S2B_MSIL2A_20180217T062919_R077_T40QGK_20201013T222432,1,2018-02,T40QGK,0.8760695904786884,1,0.7582001306706534
S2B_MSIL2A_20180217T062919_R077_T40QGK_20201013T222432_0001.jpg,S2B_MSIL2A_20180217T062919_R077_T40QGK_20201013T222432,1,2018-02,T40QGK,0.8760695904786884,1,0.7582001306706534
S2A_MSIL2A_20180304T062741_R077_T40QGK_20201013T061838_0000.jpg,S2A_MSIL2A_20180304T062741_R077_T40QGK_20201013T061838,0,2018-03,T40QGK,0.3861859087136923,0,0.7582001306706534
S2A_MSIL2A_20180304T062741_R077_T40QGK_20201013T061838_0001.jpg,S2A_MSIL2A_20180304T062741_R077_T40QGK_20201013T061838,0,2018-03,T40QGK,0.3861859087136923,0,0.7582001306706534
S2A_MSIL2A_20180314T062631_R077_T40QGK_20201013T084520_0000.jpg,S2A_MSIL2A_20180314T062631_R077_T40QGK_20201013T084520,0,2018-03,T40QGK,0.5948781292005181,0,0.7582001306706534
S2A_MSIL2A_20180314T062631_R077_T40QGK_20201013T084520_0001.jpg,S2A_MSIL2A_20180314T062631_R077_T40QGK_20201013T084520,0,2018-03,T40QGK,0.5948781292005181,0,0.7582001306706534
S2A_MSIL2A_20180324T062631_R077_T40QGK_20201013T132417_0000.jpg,S2A_MSIL2A_20180324T062631_R077_T40QGK_20201013T132417,0,2018-03,T40QGK,0.10510077925112805,0,0.7582001306706534
S2A_MSIL2A_20180324T062631_R077_T40QGK_20201013T132417_0001.jpg,S2A_MSIL2A_20180324T062631_R077_T40QGK_20201013T132417,0,2018-03,T40QGK,0.10510077925112805,0,0.7582001306706534
S2B_MSIL2A_20180329T062629_R077_T40QGK_20201013T161103_0000.jpg,S2B_MSIL2A_20180329T062629_R077_T40QGK_20201013T161103,0,2018-03,T40QGK,0.0677274607622396,0,0.7582001306706534
S2B_MSIL2A_20180329T062629_R077_T40QGK_20201013T161103_0001.jpg,S2B_MSIL2A_20180329T062629_R077_T40QGK_20201013T161103,0,2018-03,T40QGK,0.0677274607622396,0,0.7582001306706534
S2A_MSIL2A_20180403T062631_R077_T40QGK_20201012T174147_0000.jpg,S2A_MSIL2A_20180403T062631_R077_T40QGK_20201012T174147,0,2018-04,T40QGK,0.2508081887208354,0,0.7582001306706534
S2A_MSIL2A_20180403T062631_R077_T40QGK_20201012T174147_0001.jpg,S2A_MSIL2A_20180403T062631_R077_T40QGK_20201012T174147,0,2018-04,T40QGK,0.2508081887208354,0,0.7582001306706534
S2A_MSIL2A_20180413T062631_R077_T40QGK_20201012T214136_0000.jpg,S2A_MSIL2A_20180413T062631_R077_T40QGK_20201012T214136,0,2018-04,T40QGK,0.12506014056964404,0,0.7582001306706534
S2A_MSIL2A_20180413T062631_R077_T40QGK_20201012T214136_0001.jpg,S2A_MSIL2A_20180413T062631_R077_T40QGK_20201012T214136,0,2018-04,T40QGK,0.12506014056964404,0,0.7582001306706534
S2A_MSIL2A_20180423T062631_R077_T40QGK_20201013T013518_0000.jpg,S2A_MSIL2A_20180423T062631_R077_T40QGK_20201013T013518,1,2018-04,T40QGK,0.6796806949181405,0,0.7582001306706534
S2A_MSIL2A_20180423T062631_R077_T40QGK_20201013T013518_0001.jpg,S2A_MSIL2A_20180423T062631_R077_T40QGK_20201013T013518,1,2018-04,T40QGK,0.6796806949181405,0,0.7582001306706534
S2B_MSIL2A_20180428T062629_R077_T40QGK_20201013T034933_0000.jpg,S2B_MSIL2A_20180428T062629_R077_T40QGK_20201013T034933,1,2018-04,T40QGK,0.5914151825402665,0,0.7582001306706534
S2B_MSIL2A_20180428T062629_R077_T40QGK_20201013T034933_0001.jpg,S2B_MSIL2A_20180428T062629_R077_T40QGK_20201013T034933,1,2018-04,T40QGK,0.5914151825402665,0,0.7582001306706534
S2A_MSIL2A_20180503T062631_R077_T40QGK_20201012T051456_0000.jpg,S2A_MSIL2A_20180503T062631_R077_T40QGK_20201012T051456,0,2018-05,T40QGK,0.1708884510413772,0,0.7582001306706534
S2A_MSIL2A_20180503T062631_R077_T40QGK_20201012T051456_0001.jpg,S2A_MSIL2A_20180503T062631_R077_T40QGK_20201012T051456,0,2018-05,T40QGK,0.1708884510413772,0,0.7582001306706534
S2A_MSIL2A_20180513T062631_R077_T40QGK_20201012T091425_0000.jpg,S2A_MSIL2A_20180513T062631_R077_T40QGK_20201012T091425,0,2018-05,T40QGK,0.3486574198958405,0,0.7582001306706534
S2A_MSIL2A_20180513T062631_R077_T40QGK_20201012T091425_0001.jpg,S2A_MSIL2A_20180513T062631_R077_T40QGK_20201012T091425,0,2018-05,T40QGK,0.3486574198958405,0,0.7582001306706534
S2A_MSIL2A_20180523T062631_R077_T40QGK_20201012T131343_0000.jpg,S2A_MSIL2A_20180523T062631_R077_T40QGK_20201012T131343,0,2018-05,T40QGK,0.03787595489729985,0,0.7582001306706534
S2A_MSIL2A_20180523T062631_R077_T40QGK_20201012T131343_0001.jpg,S2A_MSIL2A_20180523T062631_R077_T40QGK_20201012T131343,0,2018-05,T40QGK,0.03787595489729985,0,0.7582001306706534
S2B_MSIL2A_20180528T062629_R077_T40QGK_20201012T150955_0000.jpg,S2B_MSIL2A_20180528T062629_R077_T40QGK_20201012T150955,0,2018-05,T40QGK,0.4771463994740419,0,0.7582001306706534
S2B_MSIL2A_20180528T062629_R077_T40QGK_20201012T150955_0001.jpg,S2B_MSIL2A_20180528T062629_R077_T40QGK_20201012T150955,0,2018-05,T40QGK,0.4771463994740419,0,0.7582001306706534
S2A_MSIL2A_20180602T062631_R077_T40QGK_20201103T052930_0000.jpg,S2A_MSIL2A_20180602T062631_R077_T40QGK_20201103T052930,0,2018-06,T40QGK,0.12743948562924134,0,0.7582001306706534
S2A_MSIL2A_20180602T062631_R077_T40QGK_20201103T052930_0001.jpg,S2A_MSIL2A_20180602T062631_R077_T40QGK_20201103T052930,0,2018-06,T40QGK,0.12743948562924134,0,0.7582001306706534
S2A_MSIL2A_20180612T062631_R077_T40QGK_20201026T223958_0000.jpg,S2A_MSIL2A_20180612T062631_R077_T40QGK_20201026T223958,0,2018-06,T40QGK,0.47516656744850744,0,0.7582001306706534
S2A_MSIL2A_20180612T062631_R077_T40QGK_20201026T223958_0001.jpg,S2A_MSIL2A_20180612T062631_R077_T40QGK_20201026T223958,0,2018-06,T40QGK,0.47516656744850744,0,0.7582001306706534
S2B_MSIL2A_20180617T062629_R077_T40QGK_20201011T231555_0000.jpg,S2B_MSIL2A_20180617T062629_R077_T40QGK_20201011T231555,0,2018-06,T40QGK,0.47496415167570466,0,0.7582001306706534
S2B_MSIL2A_20180617T062629_R077_T40QGK_20201011T231555_0001.jpg,S2B_MSIL2A_20180617T062629_R077_T40QGK_20201011T231555,0,2018-06,T40QGK,0.47496415167570466,0,0.7582001306706534
S2B_MSIL2A_20180627T062629_R077_T40QGK_20201012T030550_0000.jpg,S2B_MSIL2A_20180627T062629_R077_T40QGK_20201012T030550,0,2018-06,T40QGK,0.025463446677779816,0,0.7582001306706534
S2B_MSIL2A_20180627T062629_R077_T40QGK_20201012T030550_0001.jpg,S2B_MSIL2A_20180627T062629_R077_T40QGK_20201012T030550,0,2018-06,T40QGK,0.025463446677779816,0,0.7582001306706534
S2A_MSIL2A_20180712T062631_R077_T40QGK_20201011T145021_0000.jpg,S2A_MSIL2A_20180712T062631_R077_T40QGK_20201011T145021,0,2018-07,T40QGK,0.3076914525865725,0,0.7582001306706534
S2A_MSIL2A_20180712T062631_R077_T40QGK_20201011T145021_0001.jpg,S2A_MSIL2A_20180712T062631_R077_T40QGK_20201011T145021,0,2018-07,T40QGK,0.3076914525865725,0,0.7582001306706534
S2B_MSIL2A_20180717T062629_R077_T40QGK_20201011T165446_0000.jpg,S2B_MSIL2A_20180717T062629_R077_T40QGK_20201011T165446,0,2018-07,T40QGK,0.30980156215977966,0,0.7582001306706534
S2B_MSIL2A_20180717T062629_R077_T40QGK_20201011T165446_0001.jpg,S2B_MSIL2A_20180717T062629_R077_T40QGK_20201011T165446,0,2018-07,T40QGK,0.30980156215977966,0,0.7582001306706534
S2B_MSIL2A_20180727T062629_R077_T40QGK_20201011T204153_0000.jpg,S2B_MSIL2A_20180727T062629_R077_T40QGK_20201011T204153,0,2018-07,T40QGK,0.14112287842871668,0,0.7582001306706534
S2B_MSIL2A_20180727T062629_R077_T40QGK_20201011T204153_0001.jpg,S2B_MSIL2A_20180727T062629_R077_T40QGK_20201011T204153,0,2018-07,T40QGK,0.14112287842871668,0,0.7582001306706534
S2B_MSIL2A_20180806T062629_R077_T40QGK_20201010T220242_0000.jpg,S2B_MSIL2A_20180806T062629_R077_T40QGK_20201010T220242,0,2018-08,T40QGK,0.13703935582601298,0,0.7582001306706534
S2B_MSIL2A_20180806T062629_R077_T40QGK_20201010T220242_0001.jpg,S2B_MSIL2A_20180806T062629_R077_T40QGK_20201010T220242,0,2018-08,T40QGK,0.13703935582601298,0,0.7582001306706534
S2A_MSIL2A_20180811T062631_R077_T40QGK_20201011T000847_0000.jpg,S2A_MSIL2A_20180811T062631_R077_T40QGK_20201011T000847,0,2018-08,T40QGK,0.13703935582601298,0,0.7582001306706534
S2A_MSIL2A_20180811T062631_R077_T40QGK_20201011T000847_0001.jpg,S2A_MSIL2A_20180811T062631_R077_T40QGK_20201011T000847,0,2018-08,T40QGK,0.13703935582601298,0,0.7582001306706534
S2A_MSIL2A_20180831T062631_R077_T40QGK_20201103T173702_0000.jpg,S2A_MSIL2A_20180831T062631_R077_T40QGK_20201103T173702,0,2018-08,T40QGK,0.19204205252770232,0,0.7582001306706534
S2A_MSIL2A_20180831T062631_R077_T40QGK_20201103T173702_0001.jpg,S2A_MSIL2A_20180831T062631_R077_T40QGK_20201103T173702,0,2018-08,T40QGK,0.19204205252770232,0,0.7582001306706534
S2B_MSIL2A_20180905T062619_R077_T40QGK_20201103T211022_0000.jpg,S2B_MSIL2A_20180905T062619_R077_T40QGK_20201103T211022,1,2018-09,T40QGK,0.8661380657341511,1,0.7582001306706534
S2B_MSIL2A_20180905T062619_R077_T40QGK_20201103T211022_0001.jpg,S2B_MSIL2A_20180905T062619_R077_T40QGK_20201103T211022,1,2018-09,T40QGK,0.8661380657341511,1,0.7582001306706534
S2B_MSIL2A_20180915T062619_R077_T40QGK_20201009T012727_0000.jpg,S2B_MSIL2A_20180915T062619_R077_T40QGK_20201009T012727,0,2018-09,T40QGK,0.03833248166017855,0,0.7582001306706534
S2B_MSIL2A_20180915T062619_R077_T40QGK_20201009T012727_0001.jpg,S2B_MSIL2A_20180915T062619_R077_T40QGK_20201009T012727,0,2018-09,T40QGK,0.03833248166017855,0,0.7582001306706534
S2A_MSIL2A_20180920T062621_R077_T40QGK_20201009T030042_0000.jpg,S2A_MSIL2A_20180920T062621_R077_T40QGK_20201009T030042,0,2018-09,T40QGK,0.0194921208578017,0,0.7582001306706534
S2A_MSIL2A_20180920T062621_R077_T40QGK_20201009T030042_0001.jpg,S2A_MSIL2A_20180920T062621_R077_T40QGK_20201009T030042,0,2018-09,T40QGK,0.0194921208578017,0,0.7582001306706534
S2B_MSIL2A_20181005T062719_R077_T40QGK_20201009T082718_0000.jpg,S2B_MSIL2A_20181005T062719_R077_T40QGK_20201009T082718,1,2018-10,T40QGK,0.6349260150294357,0,0.7582001306706534
S2B_MSIL2A_20181005T062719_R077_T40QGK_20201009T082718_0001.jpg,S2B_MSIL2A_20181005T062719_R077_T40QGK_20201009T082718,1,2018-10,T40QGK,0.6349260150294357,0,0.7582001306706534
S2A_MSIL2A_20181020T062901_R077_T40QGK_20201030T225347_0000.jpg,S2A_MSIL2A_20181020T062901_R077_T40QGK_20201030T225347,1,2018-10,T40QGK,0.8581742166109109,1,0.7582001306706534
S2A_MSIL2A_20181020T062901_R077_T40QGK_20201030T225347_0001.jpg,S2A_MSIL2A_20181020T062901_R077_T40QGK_20201030T225347,1,2018-10,T40QGK,0.8581742166109109,1,0.7582001306706534
S2B_MSIL2A_20181025T062929_R077_T40QGK_20201009T151438_0000.jpg,S2B_MSIL2A_20181025T062929_R077_T40QGK_20201009T151438,0,2018-10,T40QGK,0.03090561502035229,0,0.7582001306706534
S2B_MSIL2A_20181025T062929_R077_T40QGK_20201009T151438_0001.jpg,S2B_MSIL2A_20181025T062929_R077_T40QGK_20201009T151438,0,2018-10,T40QGK,0.03090561502035229,0,0.7582001306706534
S2B_MSIL2A_20181104T063029_R077_T40QGK_20201008T154616_0000.jpg,S2B_MSIL2A_20181104T063029_R077_T40QGK_20201008T154616,1,2018-11,T40QGK,0.7184750748975476,0,0.7582001306706534
S2B_MSIL2A_20181104T063029_R077_T40QGK_20201008T154616_0001.jpg,S2B_MSIL2A_20181104T063029_R077_T40QGK_20201008T154616,1,2018-11,T40QGK,0.7184750748975476,0,0.7582001306706534
S2B_MSIL2A_20181114T063119_R077_T40QGK_20201008T183309_0000.jpg,S2B_MSIL2A_20181114T063119_R077_T40QGK_20201008T183309,1,2018-11,T40QGK,0.26608625870794106,0,0.7582001306706534
S2B_MSIL2A_20181114T063119_R077_T40QGK_20201008T183309_0001.jpg,S2B_MSIL2A_20181114T063119_R077_T40QGK_20201008T183309,1,2018-11,T40QGK,0.26608625870794106,0,0.7582001306706534
S2A_MSIL2A_20181119T063141_R077_T40QGK_20201008T195111_0000.jpg,S2A_MSIL2A_20181119T063141_R077_T40QGK_20201008T195111,1,2018-11,T40QGK,0.9066206961870344,1,0.7582001306706534
S2A_MSIL2A_20181119T063141_R077_T40QGK_20201008T195111_0001.jpg,S2A_MSIL2A_20181119T063141_R077_T40QGK_20201008T195111,1,2018-11,T40QGK,0.9066206961870344,1,0.7582001306706534
S2A_MSIL2A_20181129T063211_R077_T40QGK_20201008T223706_0000.jpg,S2A_MSIL2A_20181129T063211_R077_T40QGK_20201008T223706,0,2018-11,T40QGK,0.08007563085896544,0,0.7582001306706534
S2A_MSIL2A_20181129T063211_R077_T40QGK_20201008T223706_0001.jpg,S2A_MSIL2A_20181129T063211_R077_T40QGK_20201008T223706,0,2018-11,T40QGK,0.08007563085896544,0,0.7582001306706534
S2B_MSIL2A_20181204T063229_R077_T40QGK_20201008T072338_0000.jpg,S2B_MSIL2A_20181204T063229_R077_T40QGK_20201008T072338,0,2018-12,T40QGK,0.05339919370718676,0,0.7582001306706534
S2B_MSIL2A_20181204T063229_R077_T40QGK_20201008T072338_0001.jpg,S2B_MSIL2A_20181204T063229_R077_T40QGK_20201008T072338,0,2018-12,T40QGK,0.05339919370718676,0,0.7582001306706534
S2A_MSIL2A_20181219T063251_R077_T40QGK_20201008T112107_0000.jpg,S2A_MSIL2A_20181219T063251_R077_T40QGK_20201008T112107,1,2018-12,T40QGK,0.7350750516235826,0,0.7582001306706534
S2A_MSIL2A_20181219T063251_R077_T40QGK_20201008T112107_0001.jpg,S2A_MSIL2A_20181219T063251_R077_T40QGK_20201008T112107,1,2018-12,T40QGK,0.7350750516235826,0,0.7582001306706534
S2A_MSIL2A_20181229T063251_R077_T40QGK_20201008T135448_0000.jpg,S2A_MSIL2A_20181229T063251_R077_T40QGK_20201008T135448,0,2018-12,T40QGK,0.25957583927919925,0,0.7582001306706534
S2A_MSIL2A_20181229T063251_R077_T40QGK_20201008T135448_0001.jpg,S2A_MSIL2A_20181229T063251_R077_T40QGK_20201008T135448,0,2018-12,T40QGK,0.25957583927919925,0,0.7582001306706534
S2B_MSIL2A_20190103T063249_R077_T40QGK_20201007T223007_0000.jpg,S2B_MSIL2A_20190103T063249_R077_T40QGK_20201007T223007,0,2019-01,T40QGK,0.029354340409219686,0,0.7582001306706534
S2B_MSIL2A_20190103T063249_R077_T40QGK_20201007T223007_0001.jpg,S2B_MSIL2A_20190103T063249_R077_T40QGK_20201007T223007,0,2019-01,T40QGK,0.029354340409219686,0,0.7582001306706534
S2B_MSIL2A_20190113T063229_R077_T40QGK_20201008T011501_0000.jpg,S2B_MSIL2A_20190113T063229_R077_T40QGK_20201008T011501,0,2019-01,T40QGK,0.21925296355865923,0,0.7582001306706534
S2B_MSIL2A_20190113T063229_R077_T40QGK_20201008T011501_0001.jpg,S2B_MSIL2A_20190113T063229_R077_T40QGK_20201008T011501,0,2019-01,T40QGK,0.21925296355865923,0,0.7582001306706534
S2B_MSIL2A_20190123T063149_R077_T40QGK_20201008T040056_0000.jpg,S2B_MSIL2A_20190123T063149_R077_T40QGK_20201008T040056,0,2019-01,T40QGK,0.027833769706254882,0,0.7582001306706534
S2B_MSIL2A_20190123T063149_R077_T40QGK_20201008T040056_0001.jpg,S2B_MSIL2A_20190123T063149_R077_T40QGK_20201008T040056,0,2019-01,T40QGK,0.027833769706254882,0,0.7582001306706534
S2A_MSIL2A_20190128T063121_R077_T40QGK_20201008T051650_0000.jpg,S2A_MSIL2A_20190128T063121_R077_T40QGK_20201008T051650,1,2019-01,T40QGK,0.8882802970585375,1,0.7582001306706534
S2A_MSIL2A_20190128T063121_R077_T40QGK_20201008T051650_0001.jpg,S2A_MSIL2A_20190128T063121_R077_T40QGK_20201008T051650,1,2019-01,T40QGK,0.8882802970585375,1,0.7582001306706534
S2A_MSIL2A_20190207T063031_R077_T40QGK_20210713T232839_0000.jpg,S2A_MSIL2A_20190207T063031_R077_T40QGK_20210713T232839,1,2019-02,T40QGK,0.7896916191480191,1,0.7582001306706534
S2A_MSIL2A_20190207T063031_R077_T40QGK_20210713T232839_0001.jpg,S2A_MSIL2A_20190207T063031_R077_T40QGK_20210713T232839,1,2019-02,T40QGK,0.7896916191480191,1,0.7582001306706534
S2A_MSIL2A_20190227T062821_R077_T40QGK_20201007T210606_0000.jpg,S2A_MSIL2A_20190227T062821_R077_T40QGK_20201007T210606,0,2019-02,T40QGK,0.04923263234222551,0,0.7582001306706534
S2A_MSIL2A_20190227T062821_R077_T40QGK_20201007T210606_0001.jpg,S2A_MSIL2A_20190227T062821_R077_T40QGK_20201007T210606,0,2019-02,T40QGK,0.04923263234222551,0,0.7582001306706534
S2B_MSIL2A_20190304T062749_R077_T40QGK_20201030T140917_0000.jpg,S2B_MSIL2A_20190304T062749_R077_T40QGK_20201030T140917,1,2019-03,T40QGK,0.8474362477873595,1,0.7582001306706534
S2B_MSIL2A_20190304T062749_R077_T40QGK_20201030T140917_0001.jpg,S2B_MSIL2A_20190304T062749_R077_T40QGK_20201030T140917,1,2019-03,T40QGK,0.8474362477873595,1,0.7582001306706534
S2B_MSIL2A_20190314T062629_R077_T40QGK_20201007T063949_0000.jpg,S2B_MSIL2A_20190314T062629_R077_T40QGK_20201007T063949,0,2019-03,T40QGK,0.15630954527163216,0,0.7582001306706534
S2B_MSIL2A_20190314T062629_R077_T40QGK_20201007T063949_0001.jpg,S2B_MSIL2A_20190314T062629_R077_T40QGK_20201007T063949,0,2019-03,T40QGK,0.15630954527163216,0,0.7582001306706534
S2A_MSIL2A_20190319T062631_R077_T40QGK_20201007T080841_0000.jpg,S2A_MSIL2A_20190319T062631_R077_T40QGK_20201007T080841,0,2019-03,T40QGK,0.1598446891311842,0,0.7582001306706534
S2A_MSIL2A_20190319T062631_R077_T40QGK_20201007T080841_0001.jpg,S2A_MSIL2A_20190319T062631_R077_T40QGK_20201007T080841,0,2019-03,T40QGK,0.1598446891311842,0,0.7582001306706534
S2A_MSIL2A_20190329T062631_R077_T40QGK_20201007T115324_0000.jpg,S2A_MSIL2A_20190329T062631_R077_T40QGK_20201007T115324,0,2019-03,T40QGK,0.039319251509053875,0,0.7582001306706534
S2A_MSIL2A_20190329T062631_R077_T40QGK_20201007T115324_0001.jpg,S2A_MSIL2A_20190329T062631_R077_T40QGK_20201007T115324,0,2019-03,T40QGK,0.039319251509053875,0,0.7582001306706534
S2B_MSIL2A_20190423T062639_R077_T40QGK_20201105T161913_0000.jpg,S2B_MSIL2A_20190423T062639_R077_T40QGK_20201105T161913,0,2019-04,T40QGK,0.21977804084162,0,0.7582001306706534
S2B_MSIL2A_20190423T062639_R077_T40QGK_20201105T161913_0001.jpg,S2B_MSIL2A_20190423T062639_R077_T40QGK_20201105T161913,0,2019-04,T40QGK,0.21977804084162,0,0.7582001306706534
S2A_MSIL2A_20190428T062631_R077_T40QGK_20201105T205730_0000.jpg,S2A_MSIL2A_20190428T062631_R077_T40QGK_20201105T205730,0,2019-04,T40QGK,0.3040195162538598,0,0.7582001306706534
S2A_MSIL2A_20190428T062631_R077_T40QGK_20201105T205730_0001.jpg,S2A_MSIL2A_20190428T062631_R077_T40QGK_20201105T205730,0,2019-04,T40QGK,0.3040195162538598,0,0.7582001306706534
S2A_MSIL2A_20190508T062631_R077_T40QGK_20201006T112655_0000.jpg,S2A_MSIL2A_20190508T062631_R077_T40QGK_20201006T112655,0,2019-05,T40QGK,0.18071198340762604,0,0.7582001306706534
S2A_MSIL2A_20190508T062631_R077_T40QGK_20201006T112655_0001.jpg,S2A_MSIL2A_20190508T062631_R077_T40QGK_20201006T112655,0,2019-05,T40QGK,0.18071198340762604,0,0.7582001306706534
S2B_MSIL2A_20190513T062639_R077_T40QGK_20201106T003108_0000.jpg,S2B_MSIL2A_20190513T062639_R077_T40QGK_20201106T003108,0,2019-05,T40QGK,0.03874501400783127,0,0.7582001306706534
S2B_MSIL2A_20190513T062639_R077_T40QGK_20201106T003108_0001.jpg,S2B_MSIL2A_20190513T062639_R077_T40QGK_20201106T003108,0,2019-05,T40QGK,0.03874501400783127,0,0.7582001306706534
S2A_MSIL2A_20190518T062631_R077_T40QGK_20201006T153526_0000.jpg,S2A_MSIL2A_20190518T062631_R077_T40QGK_20201006T153526,0,2019-05,T40QGK,0.04075065967913227,0,0.7582001306706534
S2A_MSIL2A_20190518T062631_R077_T40QGK_20201006T153526_0001.jpg,S2A_MSIL2A_20190518T062631_R077_T40QGK_20201006T153526,0,2019-05,T40QGK,0.04075065967913227,0,0.7582001306706534
S2A_MSIL2A_20190528T062631_R077_T40QGK_20201006T191632_0000.jpg,S2A_MSIL2A_20190528T062631_R077_T40QGK_20201006T191632,1,2019-05,T40QGK,0.6703532110183511,0,0.7582001306706534
S2A_MSIL2A_20190528T062631_R077_T40QGK_20201006T191632_0001.jpg,S2A_MSIL2A_20190528T062631_R077_T40QGK_20201006T191632,1,2019-05,T40QGK,0.6703532110183511,0,0.7582001306706534
S2A_MSIL2A_20190607T062631_R077_T40QGK_20201005T230635_0000.jpg,S2A_MSIL2A_20190607T062631_R077_T40QGK_20201005T230635,0,2019-06,T40QGK,0.059140590856147375,0,0.7582001306706534
S2A_MSIL2A_20190607T062631_R077_T40QGK_20201005T230635_0001.jpg,S2A_MSIL2A_20190607T062631_R077_T40QGK_20201005T230635,0,2019-06,T40QGK,0.059140590856147375,0,0.7582001306706534
S2B_MSIL2A_20190612T062639_R077_T40QGK_20201006T012129_0000.jpg,S2B_MSIL2A_20190612T062639_R077_T40QGK_20201006T012129,0,2019-06,T40QGK,0.509115074355768,0,0.7582001306706534
S2B_MSIL2A_20190612T062639_R077_T40QGK_20201006T012129_0001.jpg,S2B_MSIL2A_20190612T062639_R077_T40QGK_20201006T012129,0,2019-06,T40QGK,0.509115074355768,0,0.7582001306706534
S2B_MSIL2A_20190712T062639_R077_T40QGK_20201005T130312_0000.jpg,S2B_MSIL2A_20190712T062639_R077_T40QGK_20201005T130312,1,2019-07,T40QGK,0.7210034550066085,0,0.7582001306706534
S2B_MSIL2A_20190712T062639_R077_T40QGK_20201005T130312_0001.jpg,S2B_MSIL2A_20190712T062639_R077_T40QGK_20201005T130312,1,2019-07,T40QGK,0.7210034550066085,0,0.7582001306706534
S2B_MSIL2A_20190722T062639_R077_T40QGK_20201005T180659_0000.jpg,S2B_MSIL2A_20190722T062639_R077_T40QGK_20201005T180659,0,2019-07,T40QGK,0.034572790018219904,0,0.7582001306706534
S2B_MSIL2A_20190722T062639_R077_T40QGK_20201005T180659_0001.jpg,S2B_MSIL2A_20190722T062639_R077_T40QGK_20201005T180659,0,2019-07,T40QGK,0.034572790018219904,0,0.7582001306706534
S2B_MSIL2A_20190801T062639_R077_T40QGK_20201004T191404_0000.jpg,S2B_MSIL2A_20190801T062639_R077_T40QGK_20201004T191404,0,2019-08,T40QGK,0.03251025194209083,0,0.7582001306706534
S2B_MSIL2A_20190801T062639_R077_T40QGK_20201004T191404_0001.jpg,S2B_MSIL2A_20190801T062639_R077_T40QGK_20201004T191404,0,2019-08,T40QGK,0.03251025194209083,0,0.7582001306706534
S2A_MSIL2A_20190816T062631_R077_T40QGK_20201005T005746_0000.jpg,S2A_MSIL2A_20190816T062631_R077_T40QGK_20201005T005746,0,2019-08,T40QGK,0.1714175384943253,0,0.7582001306706534
S2A_MSIL2A_20190816T062631_R077_T40QGK_20201005T005746_0001.jpg,S2A_MSIL2A_20190816T062631_R077_T40QGK_20201005T005746,0,2019-08,T40QGK,0.1714175384943253,0,0.7582001306706534
S2B_MSIL2A_20190821T062639_R077_T40QGK_20201005T030927_0000.jpg,S2B_MSIL2A_20190821T062639_R077_T40QGK_20201005T030927,0,2019-08,T40QGK,0.22694671777057082,0,0.7582001306706534
S2B_MSIL2A_20190821T062639_R077_T40QGK_20201005T030927_0001.jpg,S2B_MSIL2A_20190821T062639_R077_T40QGK_20201005T030927,0,2019-08,T40QGK,0.22694671777057082,0,0.7582001306706534
S2B_MSIL2A_20190831T062629_R077_T40QGK_20201005T072335_0000.jpg,S2B_MSIL2A_20190831T062629_R077_T40QGK_20201005T072335,1,2019-08,T40QGK,0.9490755552558069,1,0.7582001306706534
S2B_MSIL2A_20190831T062629_R077_T40QGK_20201005T072335_0001.jpg,S2B_MSIL2A_20190831T062629_R077_T40QGK_20201005T072335,1,2019-08,T40QGK,0.9490755552558069,1,0.7582001306706534
S2B_MSIL2A_20190910T062629_R077_T40QGK_20201004T113427_0000.jpg,S2B_MSIL2A_20190910T062629_R077_T40QGK_20201004T113427,1,2019-09,T40QGK,0.9006017858424918,1,0.7582001306706534
S2B_MSIL2A_20190910T062629_R077_T40QGK_20201004T113427_0001.jpg,S2B_MSIL2A_20190910T062629_R077_T40QGK_20201004T113427,1,2019-09,T40QGK,0.9006017858424918,1,0.7582001306706534
S2B_MSIL2A_20190930T062639_R077_T40QGK_20201004T185142_0000.jpg,S2B_MSIL2A_20190930T062639_R077_T40QGK_20201004T185142,0,2019-09,T40QGK,0.01614392531288734,0,0.7582001306706534
S2B_MSIL2A_20190930T062639_R077_T40QGK_20201004T185142_0001.jpg,S2B_MSIL2A_20190930T062639_R077_T40QGK_20201004T185142,0,2019-09,T40QGK,0.01614392531288734,0,0.7582001306706534
S2A_MSIL2A_20191015T062831_R077_T40QGK_20201004T022857_0000.jpg,S2A_MSIL2A_20191015T062831_R077_T40QGK_20201004T022857,0,2019-10,T40QGK,0.13122443782263685,0,0.7582001306706534
S2A_MSIL2A_20191015T062831_R077_T40QGK_20201004T022857_0001.jpg,S2A_MSIL2A_20191015T062831_R077_T40QGK_20201004T022857,0,2019-10,T40QGK,0.13122443782263685,0,0.7582001306706534
S2B_MSIL2A_20191020T062859_R077_T40QGK_20201004T042519_0000.jpg,S2B_MSIL2A_20191020T062859_R077_T40QGK_20201004T042519,0,2019-10,T40QGK,0.3154072505515487,0,0.7582001306706534
S2B_MSIL2A_20191020T062859_R077_T40QGK_20201004T042519_0001.jpg,S2B_MSIL2A_20191020T062859_R077_T40QGK_20201004T042519,0,2019-10,T40QGK,0.3154072505515487,0,0.7582001306706534
S2A_MSIL2A_20191104T063031_R077_T40QGK_20201003T125640_0000.jpg,S2A_MSIL2A_20191104T063031_R077_T40QGK_20201003T125640,0,2019-11,T40QGK,0.2473182695508198,0,0.7582001306706534
S2A_MSIL2A_20191104T063031_R077_T40QGK_20201003T125640_0001.jpg,S2A_MSIL2A_20191104T063031_R077_T40QGK_20201003T125640,0,2019-11,T40QGK,0.2473182695508198,0,0.7582001306706534
S2B_MSIL2A_20191119T063139_R077_T40QGK_20201003T180524_0000.jpg,S2B_MSIL2A_20191119T063139_R077_T40QGK_20201003T180524,0,2019-11,T40QGK,0.13512526113430356,0,0.7582001306706534
S2B_MSIL2A_20191119T063139_R077_T40QGK_20201003T180524_0001.jpg,S2B_MSIL2A_20191119T063139_R077_T40QGK_20201003T180524,0,2019-11,T40QGK,0.13512526113430356,0,0.7582001306706534
S2B_MSIL2A_20191129T063219_R077_T40QGK_20201003T204846_0000.jpg,S2B_MSIL2A_20191129T063219_R077_T40QGK_20201003T204846,0,2019-11,T40QGK,0.24449263821356657,0,0.7582001306706534
S2B_MSIL2A_20191129T063219_R077_T40QGK_20201003T204846_0001.jpg,S2B_MSIL2A_20191129T063219_R077_T40QGK_20201003T204846,0,2019-11,T40QGK,0.24449263821356657,0,0.7582001306706534
S2B_MSIL2A_20191209T063239_R077_T40QGK_20201003T024733_0000.jpg,S2B_MSIL2A_20191209T063239_R077_T40QGK_20201003T024733,0,2019-12,T40QGK,0.07655217635904871,0,0.7582001306706534
S2B_MSIL2A_20191209T063239_R077_T40QGK_20201003T024733_0001.jpg,S2B_MSIL2A_20191209T063239_R077_T40QGK_20201003T024733,0,2019-12,T40QGK,0.07655217635904871,0,0.7582001306706534
S2A_MSIL2A_20191224T063251_R077_T40QGK_20201003T085730_0000.jpg,S2A_MSIL2A_20191224T063251_R077_T40QGK_20201003T085730,0,2019-12,T40QGK,0.7943525656754782,1,0.7582001306706534
S2A_MSIL2A_20191224T063251_R077_T40QGK_20201003T085730_0001.jpg,S2A_MSIL2A_20191224T063251_R077_T40QGK_20201003T085730,0,2019-12,T40QGK,0.7943525656754782,1,0.7582001306706534
S2A_MSIL2A_20200103T063241_R077_T40QGK_20201002T221617_0000.jpg,S2A_MSIL2A_20200103T063241_R077_T40QGK_20201002T221617,0,2020-01,T40QGK,0.10650749882718509,0,0.7582001306706534
S2A_MSIL2A_20200103T063241_R077_T40QGK_20201002T221617_0001.jpg,S2A_MSIL2A_20200103T063241_R077_T40QGK_20201002T221617,0,2020-01,T40QGK,0.10650749882718509,0,0.7582001306706534
S2B_MSIL2A_20200118T063209_R077_T40QGK_20201002T202136_0000.jpg,S2B_MSIL2A_20200118T063209_R077_T40QGK_20201002T202136,1,2020-01,T40QGK,0.8405725652198913,1,0.7582001306706534
S2B_MSIL2A_20200118T063209_R077_T40QGK_20201002T202136_0001.jpg,S2B_MSIL2A_20200118T063209_R077_T40QGK_20201002T202136,1,2020-01,T40QGK,0.8405725652198913,1,0.7582001306706534
S2B_MSIL2A_20200128T063119_R077_T40QGK_20201002T134634_0000.jpg,S2B_MSIL2A_20200128T063119_R077_T40QGK_20201002T134634,0,2020-01,T40QGK,0.03246792139665873,0,0.7582001306706534
S2B_MSIL2A_20200128T063119_R077_T40QGK_20201002T134634_0001.jpg,S2B_MSIL2A_20200128T063119_R077_T40QGK_20201002T134634,0,2020-01,T40QGK,0.03246792139665873,0,0.7582001306706534
S2B_MSIL2A_20200207T063029_R077_T40QGK_20201001T062614_0000.jpg,S2B_MSIL2A_20200207T063029_R077_T40QGK_20201001T062614,1,2020-02,T40QGK,0.9073025180311239,1,0.7582001306706534
S2B_MSIL2A_20200207T063029_R077_T40QGK_20201001T062614_0001.jpg,S2B_MSIL2A_20200207T063029_R077_T40QGK_20201001T062614,1,2020-02,T40QGK,0.9073025180311239,1,0.7582001306706534
S2B_MSIL2A_20200217T062929_R077_T40QGK_20200929T160912_0000.jpg,S2B_MSIL2A_20200217T062929_R077_T40QGK_20200929T160912,0,2020-02,T40QGK,0.12995969319934453,0,0.7582001306706534
S2B_MSIL2A_20200217T062929_R077_T40QGK_20200929T160912_0001.jpg,S2B_MSIL2A_20200217T062929_R077_T40QGK_20200929T160912,0,2020-02,T40QGK,0.12995969319934453,0,0.7582001306706534
S2B_MSIL2A_20200227T062819_R077_T40QGK_20200928T190758_0000.jpg,S2B_MSIL2A_20200227T062819_R077_T40QGK_20200928T190758,0,2020-02,T40QGK,0.06762181261365224,0,0.7582001306706534
S2B_MSIL2A_20200227T062819_R077_T40QGK_20200928T190758_0001.jpg,S2B_MSIL2A_20200227T062819_R077_T40QGK_20200928T190758,0,2020-02,T40QGK,0.06762181261365224,0,0.7582001306706534
S2B_MSIL2A_20200308T062709_R077_T40QGK_20200930T082005_0000.jpg,S2B_MSIL2A_20200308T062709_R077_T40QGK_20200930T082005,0,2020-03,T40QGK,0.06926142806460793,0,0.7582001306706534
S2B_MSIL2A_20200308T062709_R077_T40QGK_20200930T082005_0001.jpg,S2B_MSIL2A_20200308T062709_R077_T40QGK_20200930T082005,0,2020-03,T40QGK,0.06926142806460793,0,0.7582001306706534
S2B_MSIL2A_20200318T062629_R077_T40QGK_20201011T024939_0000.jpg,S2B_MSIL2A_20200318T062629_R077_T40QGK_20201011T024939,0,2020-03,T40QGK,0.264139894163745,0,0.7582001306706534
S2B_MSIL2A_20200318T062629_R077_T40QGK_20201011T024939_0001.jpg,S2B_MSIL2A_20200318T062629_R077_T40QGK_20201011T024939,0,2020-03,T40QGK,0.264139894163745,0,0.7582001306706534
S2B_MSIL2A_20200328T062629_R077_T40QGK_20201027T122258_0000.jpg,S2B_MSIL2A_20200328T062629_R077_T40QGK_20201027T122258,0,2020-03,T40QGK,0.5021517177633851,0,0.7582001306706534
S2B_MSIL2A_20200328T062629_R077_T40QGK_20201027T122258_0001.jpg,S2B_MSIL2A_20200328T062629_R077_T40QGK_20201027T122258,0,2020-03,T40QGK,0.5021517177633851,0,0.7582001306706534
S2A_MSIL2A_20200402T062621_R077_T40QGK_20200924T160400_0000.jpg,S2A_MSIL2A_20200402T062621_R077_T40QGK_20200924T160400,0,2020-04,T40QGK,0.32653977696837994,0,0.7582001306706534
S2A_MSIL2A_20200402T062621_R077_T40QGK_20200924T160400_0001.jpg,S2A_MSIL2A_20200402T062621_R077_T40QGK_20200924T160400,0,2020-04,T40QGK,0.32653977696837994,0,0.7582001306706534
S2A_MSIL2A_20200412T062631_R077_T40QGK_20200923T042614_0000.jpg,S2A_MSIL2A_20200412T062631_R077_T40QGK_20200923T042614,0,2020-04,T40QGK,0.11327451638063542,0,0.7582001306706534
S2A_MSIL2A_20200412T062631_R077_T40QGK_20200923T042614_0001.jpg,S2A_MSIL2A_20200412T062631_R077_T40QGK_20200923T042614,0,2020-04,T40QGK,0.11327451638063542,0,0.7582001306706534
S2B_MSIL2A_20200417T062629_R077_T40QGK_20200923T221836_0000.jpg,S2B_MSIL2A_20200417T062629_R077_T40QGK_20200923T221836,0,2020-04,T40QGK,0.08331864061400329,0,0.7582001306706534
S2B_MSIL2A_20200417T062629_R077_T40QGK_20200923T221836_0001.jpg,S2B_MSIL2A_20200417T062629_R077_T40QGK_20200923T221836,0,2020-04,T40QGK,0.08331864061400329,0,0.7582001306706534
S2B_MSIL2A_20200507T062629_R077_T40QGK_20200920T220121_0000.jpg,S2B_MSIL2A_20200507T062629_R077_T40QGK_20200920T220121,0,2020-05,T40QGK,0.026901283254159736,0,0.7582001306706534
S2B_MSIL2A_20200507T062629_R077_T40QGK_20200920T220121_0001.jpg,S2B_MSIL2A_20200507T062629_R077_T40QGK_20200920T220121,0,2020-05,T40QGK,0.026901283254159736,0,0.7582001306706534
S2A_MSIL2A_20200512T062631_R077_T40QGK_20200917T210541_0000.jpg,S2A_MSIL2A_20200512T062631_R077_T40QGK_20200917T210541,0,2020-05,T40QGK,0.03857851003172526,0,0.7582001306706534
S2A_MSIL2A_20200512T062631_R077_T40QGK_20200917T210541_0001.jpg,S2A_MSIL2A_20200512T062631_R077_T40QGK_20200917T210541,0,2020-05,T40QGK,0.03857851003172526,0,0.7582001306706534
S2A_MSIL2A_20200522T062631_R077_T40QGK_20200910T130325_0000.jpg,S2A_MSIL2A_20200522T062631_R077_T40QGK_20200910T130325,1,2020-05,T40QGK,0.9312964160442213,1,0.7582001306706534
S2A_MSIL2A_20200522T062631_R077_T40QGK_20200910T130325_0001.jpg,S2A_MSIL2A_20200522T062631_R077_T40QGK_20200910T130325,1,2020-05,T40QGK,0.9312964160442213,1,0.7582001306706534
S2B_MSIL2A_20200606T062629_R077_T40QGK_20200826T094141_0000.jpg,S2B_MSIL2A_20200606T062629_R077_T40QGK_20200826T094141,0,2020-06,T40QGK,0.027565121247588205,0,0.7582001306706534
S2B_MSIL2A_20200606T062629_R077_T40QGK_20200826T094141_0001.jpg,S2B_MSIL2A_20200606T062629_R077_T40QGK_20200826T094141,0,2020-06,T40QGK,0.027565121247588205,0,0.7582001306706534
S2A_MSIL2A_20200611T062631_R077_T40QGK_20200909T170241_0000.jpg,S2A_MSIL2A_20200611T062631_R077_T40QGK_20200909T170241,0,2020-06,T40QGK,0.2808998783726661,0,0.7582001306706534
S2A_MSIL2A_20200611T062631_R077_T40QGK_20200909T170241_0001.jpg,S2A_MSIL2A_20200611T062631_R077_T40QGK_20200909T170241,0,2020-06,T40QGK,0.2808998783726661,0,0.7582001306706534
S2A_MSIL2A_20200621T062631_R077_T40QGK_20200823T124332_0000.jpg,S2A_MSIL2A_20200621T062631_R077_T40QGK_20200823T124332,1,2020-06,T40QGK,0.8616057605198408,1,0.7582001306706534
S2A_MSIL2A_20200621T062631_R077_T40QGK_20200823T124332_0001.jpg,S2A_MSIL2A_20200621T062631_R077_T40QGK_20200823T124332,1,2020-06,T40QGK,0.8616057605198408,1,0.7582001306706534
S2B_MSIL2A_20200626T062629_R077_T40QGK_20200824T052037_0000.jpg,S2B_MSIL2A_20200626T062629_R077_T40QGK_20200824T052037,0,2020-06,T40QGK,0.1536898112930543,0,0.7582001306706534
S2B_MSIL2A_20200626T062629_R077_T40QGK_20200824T052037_0001.jpg,S2B_MSIL2A_20200626T062629_R077_T40QGK_20200824T052037,0,2020-06,T40QGK,0.1536898112930543,0,0.7582001306706534
S2A_MSIL2A_20200701T062631_R077_T40QGK_20200824T190158_0000.jpg,S2A_MSIL2A_20200701T062631_R077_T40QGK_20200824T190158,0,2020-07,T40QGK,0.032618086068431126,0,0.7582001306706534
S2A_MSIL2A_20200701T062631_R077_T40QGK_20200824T190158_0001.jpg,S2A_MSIL2A_20200701T062631_R077_T40QGK_20200824T190158,0,2020-07,T40QGK,0.032618086068431126,0,0.7582001306706534
S2B_MSIL2A_20200716T062629_R077_T40QGK_20200816T091552_0000.jpg,S2B_MSIL2A_20200716T062629_R077_T40QGK_20200816T091552,0,2020-07,T40QGK,0.08760075611326253,0,0.7582001306706534
S2B_MSIL2A_20200716T062629_R077_T40QGK_20200816T091552_0001.jpg,S2B_MSIL2A_20200716T062629_R077_T40QGK_20200816T091552,0,2020-07,T40QGK,0.08760075611326253,0,0.7582001306706534
S2A_MSIL2A_20200721T062631_R077_T40QGK_20200816T230033_0000.jpg,S2A_MSIL2A_20200721T062631_R077_T40QGK_20200816T230033,1,2020-07,T40QGK,0.7188096171198187,0,0.7582001306706534
S2A_MSIL2A_20200721T062631_R077_T40QGK_20200816T230033_0001.jpg,S2A_MSIL2A_20200721T062631_R077_T40QGK_20200816T230033,1,2020-07,T40QGK,0.7188096171198187,0,0.7582001306706534
S2A_MSIL2A_20200731T062631_R077_T40QGK_20200818T061733_0000.jpg,S2A_MSIL2A_20200731T062631_R077_T40QGK_20200818T061733,1,2020-07,T40QGK,0.9474804228250578,1,0.7582001306706534
S2A_MSIL2A_20200731T062631_R077_T40QGK_20200818T061733_0001.jpg,S2A_MSIL2A_20200731T062631_R077_T40QGK_20200818T061733,1,2020-07,T40QGK,0.9474804228250578,1,0.7582001306706534
S2B_MSIL2A_20200805T062629_R077_T40QGK_20200815T032734_0000.jpg,S2B_MSIL2A_20200805T062629_R077_T40QGK_20200815T032734,0,2020-08,T40QGK,0.461518975188138,0,0.7582001306706534
S2A_MSIL2A_20200810T062631_R077_T40QGK_20200814T163206_0000.jpg,S2A_MSIL2A_20200810T062631_R077_T40QGK_20200814T163206,0,2020-08,T40QGK,0.4716964818827152,0,0.7582001306706534
S2A_MSIL2A_20200810T062631_R077_T40QGK_20200814T163206_0001.jpg,S2A_MSIL2A_20200810T062631_R077_T40QGK_20200814T163206,0,2020-08,T40QGK,0.4716964818827152,0,0.7582001306706534
S2A_MSIL2A_20200820T062631_R077_T40QGK_20200908T232001_0000.jpg,S2A_MSIL2A_20200820T062631_R077_T40QGK_20200908T232001,0,2020-08,T40QGK,0.03097174258632026,0,0.7582001306706534
S2A_MSIL2A_20200820T062631_R077_T40QGK_20200908T232001_0001.jpg,S2A_MSIL2A_20200820T062631_R077_T40QGK_20200908T232001,0,2020-08,T40QGK,0.03097174258632026,0,0.7582001306706534
S2B_MSIL2A_20200904T062629_R077_T40QGK_20200908T015514_0000.jpg,S2B_MSIL2A_20200904T062629_R077_T40QGK_20200908T015514,0,2020-09,T40QGK,0.02192036989181952,0,0.7582001306706534
S2B_MSIL2A_20200904T062629_R077_T40QGK_20200908T015514_0001.jpg,S2B_MSIL2A_20200904T062629_R077_T40QGK_20200908T015514,0,2020-09,T40QGK,0.02192036989181952,0,0.7582001306706534
S2A_MSIL2A_20200909T062631_R077_T40QGK_20200919T090132_0000.jpg,S2A_MSIL2A_20200909T062631_R077_T40QGK_20200919T090132,0,2020-09,T40QGK,0.2597511413051939,0,0.7582001306706534
S2A_MSIL2A_20200909T062631_R077_T40QGK_20200919T090132_0001.jpg,S2A_MSIL2A_20200909T062631_R077_T40QGK_20200919T090132,0,2020-09,T40QGK,0.2597511413051939,0,0.7582001306706534
S2A_MSIL2A_20200919T062631_R077_T40QGK_20200922T213459_0000.jpg,S2A_MSIL2A_20200919T062631_R077_T40QGK_20200922T213459,0,2020-09,T40QGK,0.260952845402877,0,0.7582001306706534
S2A_MSIL2A_20200919T062631_R077_T40QGK_20200922T213459_0001.jpg,S2A_MSIL2A_20200919T062631_R077_T40QGK_20200922T213459,0,2020-09,T40QGK,0.260952845402877,0,0.7582001306706534
S2A_MSIL2A_20200929T062651_R077_T40QGK_20201001T173451_0000.jpg,S2A_MSIL2A_20200929T062651_R077_T40QGK_20201001T173451,0,2020-09,T40QGK,0.2544044493871098,0,0.7582001306706534
S2A_MSIL2A_20200929T062651_R077_T40QGK_20201001T173451_0001.jpg,S2A_MSIL2A_20200929T062651_R077_T40QGK_20201001T173451,0,2020-09,T40QGK,0.2544044493871098,0,0.7582001306706534
S2B_MSIL2A_20201004T062719_R077_T40QGK_20201006T041306_0000.jpg,S2B_MSIL2A_20201004T062719_R077_T40QGK_20201006T041306,1,2020-10,T40QGK,0.850311346286918,1,0.7582001306706534
S2B_MSIL2A_20201004T062719_R077_T40QGK_20201006T041306_0001.jpg,S2B_MSIL2A_20201004T062719_R077_T40QGK_20201006T041306,1,2020-10,T40QGK,0.850311346286918,1,0.7582001306706534
S2B_MSIL2A_20201024T062939_R077_T40QGK_20201029T170956_0000.jpg,S2B_MSIL2A_20201024T062939_R077_T40QGK_20201029T170956,0,2020-10,T40QGK,0.023195774811966947,0,0.7582001306706534
S2B_MSIL2A_20201024T062939_R077_T40QGK_20201029T170956_0001.jpg,S2B_MSIL2A_20201024T062939_R077_T40QGK_20201029T170956,0,2020-10,T40QGK,0.023195774811966947,0,0.7582001306706534
S2A_MSIL2A_20201029T063011_R077_T40QGK_20201101T123504_0000.jpg,S2A_MSIL2A_20201029T063011_R077_T40QGK_20201101T123504,0,2020-10,T40QGK,0.029966871336745225,0,0.7582001306706534
S2A_MSIL2A_20201029T063011_R077_T40QGK_20201101T123504_0001.jpg,S2A_MSIL2A_20201029T063011_R077_T40QGK_20201101T123504,0,2020-10,T40QGK,0.029966871336745225,0,0.7582001306706534
S2A_MSIL2A_20201128T063221_R077_T40QGK_20201128T225721_0000.jpg,S2A_MSIL2A_20201128T063221_R077_T40QGK_20201128T225721,1,2020-11,T40QGK,0.6989394639862638,0,0.7582001306706534
S2A_MSIL2A_20201128T063221_R077_T40QGK_20201128T225721_0001.jpg,S2A_MSIL2A_20201128T063221_R077_T40QGK_20201128T225721,1,2020-11,T40QGK,0.6989394639862638,0,0.7582001306706534
S2B_MSIL2A_20201203T063229_R077_T40QGK_20201204T003203_0000.jpg,S2B_MSIL2A_20201203T063229_R077_T40QGK_20201204T003203,0,2020-12,T40QGK,0.061253688443737214,0,0.7582001306706534
S2B_MSIL2A_20201203T063229_R077_T40QGK_20201204T003203_0001.jpg,S2B_MSIL2A_20201203T063229_R077_T40QGK_20201204T003203,0,2020-12,T40QGK,0.061253688443737214,0,0.7582001306706534
S2B_MSIL2A_20201213T063249_R077_T40QGK_20201214T024845_0000.jpg,S2B_MSIL2A_20201213T063249_R077_T40QGK_20201214T024845,1,2020-12,T40QGK,0.8544320431046902,1,0.7582001306706534
S2B_MSIL2A_20201213T063249_R077_T40QGK_20201214T024845_0001.jpg,S2B_MSIL2A_20201213T063249_R077_T40QGK_20201214T024845,1,2020-12,T40QGK,0.8544320431046902,1,0.7582001306706534
S2A_MSIL2A_20201218T063301_R077_T40QGK_20201218T211405_0000.jpg,S2A_MSIL2A_20201218T063301_R077_T40QGK_20201218T211405,0,2020-12,T40QGK,0.25622961315673104,0,0.7582001306706534
S2A_MSIL2A_20201218T063301_R077_T40QGK_20201218T211405_0001.jpg,S2A_MSIL2A_20201218T063301_R077_T40QGK_20201218T211405,0,2020-12,T40QGK,0.25622961315673104,0,0.7582001306706534
S2A_MSIL2A_20201228T063301_R077_T40QGK_20210513T194302_0000.jpg,S2A_MSIL2A_20201228T063301_R077_T40QGK_20210513T194302,0,2020-12,T40QGK,0.35840387345155955,0,0.7582001306706534
S2A_MSIL2A_20201228T063301_R077_T40QGK_20210513T194302_0001.jpg,S2A_MSIL2A_20201228T063301_R077_T40QGK_20210513T194302,0,2020-12,T40QGK,0.35840387345155955,0,0.7582001306706534
S2B_MSIL2A_20210102T063249_R077_T40QGK_20210102T170355_0000.jpg,S2B_MSIL2A_20210102T063249_R077_T40QGK_20210102T170355,0,2021-01,T40QGK,0.09682089675076977,0,0.7582001306706534
S2B_MSIL2A_20210102T063249_R077_T40QGK_20210102T170355_0001.jpg,S2B_MSIL2A_20210102T063249_R077_T40QGK_20210102T170355,0,2021-01,T40QGK,0.09682089675076977,0,0.7582001306706534
S2A_MSIL2A_20210117T063211_R077_T40QGK_20210117T133733_0000.jpg,S2A_MSIL2A_20210117T063211_R077_T40QGK_20210117T133733,0,2021-01,T40QGK,0.2067663986695214,0,0.7582001306706534
S2A_MSIL2A_20210117T063211_R077_T40QGK_20210117T133733_0001.jpg,S2A_MSIL2A_20210117T063211_R077_T40QGK_20210117T133733,0,2021-01,T40QGK,0.2067663986695214,0,0.7582001306706534
S2A_MSIL2A_20210127T063131_R077_T40QGK_20210201T084320_0000.jpg,S2A_MSIL2A_20210127T063131_R077_T40QGK_20210201T084320,0,2021-01,T40QGK,0.2917417816028702,0,0.7582001306706534
S2A_MSIL2A_20210127T063131_R077_T40QGK_20210201T084320_0001.jpg,S2A_MSIL2A_20210127T063131_R077_T40QGK_20210201T084320,0,2021-01,T40QGK,0.2917417816028702,0,0.7582001306706534
S2B_MSIL2A_20210221T062859_R077_T40QGK_20210221T170349_0000.jpg,S2B_MSIL2A_20210221T062859_R077_T40QGK_20210221T170349,0,2021-02,T40QGK,0.03215422256975002,0,0.7582001306706534
S2B_MSIL2A_20210221T062859_R077_T40QGK_20210221T170349_0001.jpg,S2B_MSIL2A_20210221T062859_R077_T40QGK_20210221T170349,0,2021-02,T40QGK,0.03215422256975002,0,0.7582001306706534
S2A_MSIL2A_20210226T062831_R077_T40QGK_20210226T162504_0000.jpg,S2A_MSIL2A_20210226T062831_R077_T40QGK_20210226T162504,1,2021-02,T40QGK,0.8792846388229884,1,0.7582001306706534
S2A_MSIL2A_20210226T062831_R077_T40QGK_20210226T162504_0001.jpg,S2A_MSIL2A_20210226T062831_R077_T40QGK_20210226T162504,1,2021-02,T40QGK,0.8792846388229884,1,0.7582001306706534
S2B_MSIL2A_20210303T062749_R077_T40QGK_20210303T181528_0000.jpg,S2B_MSIL2A_20210303T062749_R077_T40QGK_20210303T181528,1,2021-03,T40QGK,0.8463606302223502,1,0.7582001306706534
S2B_MSIL2A_20210303T062749_R077_T40QGK_20210303T181528_0001.jpg,S2B_MSIL2A_20210303T062749_R077_T40QGK_20210303T181528,1,2021-03,T40QGK,0.8463606302223502,1,0.7582001306706534
S2B_MSIL2A_20210313T062639_R077_T40QGK_20210314T064921_0000.jpg,S2B_MSIL2A_20210313T062639_R077_T40QGK_20210314T064921,0,2021-03,T40QGK,0.34403441835477283,0,0.7582001306706534
S2B_MSIL2A_20210313T062639_R077_T40QGK_20210314T064921_0001.jpg,S2B_MSIL2A_20210313T062639_R077_T40QGK_20210314T064921,0,2021-03,T40QGK,0.34403441835477283,0,0.7582001306706534
S2A_MSIL2A_20210318T062631_R077_T40QGK_20210318T231249_0000.jpg,S2A_MSIL2A_20210318T062631_R077_T40QGK_20210318T231249,0,2021-03,T40QGK,0.0640915590840189,0,0.7582001306706534
S2A_MSIL2A_20210318T062631_R077_T40QGK_20210318T231249_0001.jpg,S2A_MSIL2A_20210318T062631_R077_T40QGK_20210318T231249,0,2021-03,T40QGK,0.0640915590840189,0,0.7582001306706534
S2A_MSIL2A_20210328T062631_R077_T40QGK_20210328T155521_0000.jpg,S2A_MSIL2A_20210328T062631_R077_T40QGK_20210328T155521,0,2021-03,T40QGK,0.02957970091530679,0,0.7582001306706534
S2A_MSIL2A_20210328T062631_R077_T40QGK_20210328T155521_0001.jpg,S2A_MSIL2A_20210328T062631_R077_T40QGK_20210328T155521,0,2021-03,T40QGK,0.02957970091530679,0,0.7582001306706534
S2B_MSIL2A_20210402T062629_R077_T40QGK_20210402T224431_0000.jpg,S2B_MSIL2A_20210402T062629_R077_T40QGK_20210402T224431,1,2021-04,T40QGK,0.8472978999547477,1,0.7582001306706534
S2B_MSIL2A_20210402T062629_R077_T40QGK_20210402T224431_0001.jpg,S2B_MSIL2A_20210402T062629_R077_T40QGK_20210402T224431,1,2021-04,T40QGK,0.8472978999547477,1,0.7582001306706534
S2B_MSIL2A_20210412T062629_R077_T40QGK_20210412T193636_0000.jpg,S2B_MSIL2A_20210412T062629_R077_T40QGK_20210412T193636,0,2021-04,T40QGK,0.040812718423497034,0,0.7582001306706534
S2B_MSIL2A_20210412T062629_R077_T40QGK_20210412T193636_0001.jpg,S2B_MSIL2A_20210412T062629_R077_T40QGK_20210412T193636,0,2021-04,T40QGK,0.040812718423497034,0,0.7582001306706534
S2B_MSIL2A_20210422T062619_R077_T40QGK_20210422T190539_0000.jpg,S2B_MSIL2A_20210422T062619_R077_T40QGK_20210422T190539,0,2021-04,T40QGK,0.04905633165524515,0,0.7582001306706534
S2B_MSIL2A_20210422T062619_R077_T40QGK_20210422T190539_0001.jpg,S2B_MSIL2A_20210422T062619_R077_T40QGK_20210422T190539,0,2021-04,T40QGK,0.04905633165524515,0,0.7582001306706534
S2B_MSIL2A_20210502T062629_R077_T40QGK_20210502T213651_0000.jpg,S2B_MSIL2A_20210502T062629_R077_T40QGK_20210502T213651,0,2021-05,T40QGK,0.02578829923945752,0,0.7582001306706534
S2B_MSIL2A_20210502T062629_R077_T40QGK_20210502T213651_0001.jpg,S2B_MSIL2A_20210502T062629_R077_T40QGK_20210502T213651,0,2021-05,T40QGK,0.02578829923945752,0,0.7582001306706534
S2A_MSIL2A_20210517T062631_R077_T40QGK_20210518T213035_0000.jpg,S2A_MSIL2A_20210517T062631_R077_T40QGK_20210518T213035,0,2021-05,T40QGK,0.10184576512835322,0,0.7582001306706534
S2A_MSIL2A_20210517T062631_R077_T40QGK_20210518T213035_0001.jpg,S2A_MSIL2A_20210517T062631_R077_T40QGK_20210518T213035,0,2021-05,T40QGK,0.10184576512835322,0,0.7582001306706534
S2A_MSIL2A_20210527T062631_R077_T40QGK_20210527T191240_0000.jpg,S2A_MSIL2A_20210527T062631_R077_T40QGK_20210527T191240,0,2021-05,T40QGK,0.3471494953345737,0,0.7582001306706534
S2A_MSIL2A_20210527T062631_R077_T40QGK_20210527T191240_0001.jpg,S2A_MSIL2A_20210527T062631_R077_T40QGK_20210527T191240,0,2021-05,T40QGK,0.3471494953345737,0,0.7582001306706534
S2B_MSIL2A_20210601T062629_R077_T40QGK_20210601T190244_0000.jpg,S2B_MSIL2A_20210601T062629_R077_T40QGK_20210601T190244,0,2021-06,T40QGK,0.11395928976360119,0,0.7582001306706534
S2B_MSIL2A_20210601T062629_R077_T40QGK_20210601T190244_0001.jpg,S2B_MSIL2A_20210601T062629_R077_T40QGK_20210601T190244,0,2021-06,T40QGK,0.11395928976360119,0,0.7582001306706534
S2B_MSIL2A_20210621T062629_R077_T40QGK_20210624T120835_0000.jpg,S2B_MSIL2A_20210621T062629_R077_T40QGK_20210624T120835,0,2021-06,T40QGK,0.024911343295165585,0,0.7582001306706534
S2B_MSIL2A_20210621T062629_R077_T40QGK_20210624T120835_0001.jpg,S2B_MSIL2A_20210621T062629_R077_T40QGK_20210624T120835,0,2021-06,T40QGK,0.024911343295165585,0,0.7582001306706534
S2A_MSIL2A_20210626T062631_R077_T40QGK_20210626T144013_0000.jpg,S2A_MSIL2A_20210626T062631_R077_T40QGK_20210626T144013,0,2021-06,T40QGK,0.6117777110309063,0,0.7582001306706534
S2A_MSIL2A_20210626T062631_R077_T40QGK_20210626T144013_0001.jpg,S2A_MSIL2A_20210626T062631_R077_T40QGK_20210626T144013,0,2021-06,T40QGK,0.6117777110309063,0,0.7582001306706534
S2B_MSIL2A_20210701T062629_R077_T40QGK_20210701T193055_0000.jpg,S2B_MSIL2A_20210701T062629_R077_T40QGK_20210701T193055,0,2021-07,T40QGK,0.03020776539141218,0,0.7582001306706534
S2B_MSIL2A_20210701T062629_R077_T40QGK_20210701T193055_0001.jpg,S2B_MSIL2A_20210701T062629_R077_T40QGK_20210701T193055,0,2021-07,T40QGK,0.03020776539141218,0,0.7582001306706534
S2B_MSIL2A_20210711T062629_R077_T40QGK_20210711T172322_0000.jpg,S2B_MSIL2A_20210711T062629_R077_T40QGK_20210711T172322,0,2021-07,T40QGK,0.564638431695417,0,0.7582001306706534
S2B_MSIL2A_20210711T062629_R077_T40QGK_20210711T172322_0001.jpg,S2B_MSIL2A_20210711T062629_R077_T40QGK_20210711T172322,0,2021-07,T40QGK,0.564638431695417,0,0.7582001306706534
S2B_MSIL2A_20210731T062629_R077_T40QGK_20210731T195630_0000.jpg,S2B_MSIL2A_20210731T062629_R077_T40QGK_20210731T195630,0,2021-07,T40QGK,0.46957871035513044,0,0.7582001306706534
S2B_MSIL2A_20210731T062629_R077_T40QGK_20210731T195630_0001.jpg,S2B_MSIL2A_20210731T062629_R077_T40QGK_20210731T195630,0,2021-07,T40QGK,0.46957871035513044,0,0.7582001306706534
S2A_MSIL2A_20210805T062631_R077_T40QGK_20210805T143708_0000.jpg,S2A_MSIL2A_20210805T062631_R077_T40QGK_20210805T143708,0,2021-08,T40QGK,0.16300245705828295,0,0.7582001306706534
S2A_MSIL2A_20210805T062631_R077_T40QGK_20210805T143708_0001.jpg,S2A_MSIL2A_20210805T062631_R077_T40QGK_20210805T143708,0,2021-08,T40QGK,0.16300245705828295,0,0.7582001306706534
S2A_MSIL2A_20210815T062631_R077_T40QGK_20210815T134405_0000.jpg,S2A_MSIL2A_20210815T062631_R077_T40QGK_20210815T134405,0,2021-08,T40QGK,0.11338700589133036,0,0.7582001306706534
S2A_MSIL2A_20210815T062631_R077_T40QGK_20210815T134405_0001.jpg,S2A_MSIL2A_20210815T062631_R077_T40QGK_20210815T134405,0,2021-08,T40QGK,0.11338700589133036,0,0.7582001306706534
S2B_MSIL2A_20210820T062629_R077_T40QGK_20210820T145759_0000.jpg,S2B_MSIL2A_20210820T062629_R077_T40QGK_20210820T145759,0,2021-08,T40QGK,0.1099164369070944,0,0.7582001306706534
S2B_MSIL2A_20210820T062629_R077_T40QGK_20210820T145759_0001.jpg,S2B_MSIL2A_20210820T062629_R077_T40QGK_20210820T145759,0,2021-08,T40QGK,0.1099164369070944,0,0.7582001306706534
S2A_MSIL2A_20210825T062631_R077_T40QGK_20210825T165600_0000.jpg,S2A_MSIL2A_20210825T062631_R077_T40QGK_20210825T165600,0,2021-08,T40QGK,0.1165294461935524,0,0.7582001306706534
S2A_MSIL2A_20210825T062631_R077_T40QGK_20210825T165600_0001.jpg,S2A_MSIL2A_20210825T062631_R077_T40QGK_20210825T165600,0,2021-08,T40QGK,0.1165294461935524,0,0.7582001306706534
S2A_MSIL2A_20210904T062631_R077_T40QGK_20210904T155733_0000.jpg,S2A_MSIL2A_20210904T062631_R077_T40QGK_20210904T155733,0,2021-09,T40QGK,0.0366027865744391,0,0.7582001306706534
S2A_MSIL2A_20210904T062631_R077_T40QGK_20210904T155733_0001.jpg,S2A_MSIL2A_20210904T062631_R077_T40QGK_20210904T155733,0,2021-09,T40QGK,0.0366027865744391,0,0.7582001306706534
S2A_MSIL2A_20210914T062631_R077_T40QGK_20210914T200235_0000.jpg,S2A_MSIL2A_20210914T062631_R077_T40QGK_20210914T200235,0,2021-09,T40QGK,0.5453980522691588,0,0.7582001306706534
S2A_MSIL2A_20210914T062631_R077_T40QGK_20210914T200235_0001.jpg,S2A_MSIL2A_20210914T062631_R077_T40QGK_20210914T200235,0,2021-09,T40QGK,0.5453980522691588,0,0.7582001306706534
S2A_MSIL2A_20211004T062721_R077_T40QGK_20211004T155328_0000.jpg,S2A_MSIL2A_20211004T062721_R077_T40QGK_20211004T155328,1,2021-10,T40QGK,0.938475689443926,1,0.7582001306706534
S2A_MSIL2A_20211004T062721_R077_T40QGK_20211004T155328_0001.jpg,S2A_MSIL2A_20211004T062721_R077_T40QGK_20211004T155328,1,2021-10,T40QGK,0.938475689443926,1,0.7582001306706534
S2B_MSIL2A_20211009T062749_R077_T40QGK_20211009T200850_0000.jpg,S2B_MSIL2A_20211009T062749_R077_T40QGK_20211009T200850,0,2021-10,T40QGK,0.11355912383713586,0,0.7582001306706534
S2B_MSIL2A_20211009T062749_R077_T40QGK_20211009T200850_0001.jpg,S2B_MSIL2A_20211009T062749_R077_T40QGK_20211009T200850,0,2021-10,T40QGK,0.11355912383713586,0,0.7582001306706534
S2B_MSIL2A_20211019T062859_R077_T40QGK_20211020T000801_0000.jpg,S2B_MSIL2A_20211019T062859_R077_T40QGK_20211020T000801,0,2021-10,T40QGK,0.023017092452052437,0,0.7582001306706534
S2B_MSIL2A_20211019T062859_R077_T40QGK_20211020T000801_0001.jpg,S2B_MSIL2A_20211019T062859_R077_T40QGK_20211020T000801,0,2021-10,T40QGK,0.023017092452052437,0,0.7582001306706534
S2B_MSIL2A_20211029T062959_R077_T40QGK_20211029T203652_0000.jpg,S2B_MSIL2A_20211029T062959_R077_T40QGK_20211029T203652,0,2021-10,T40QGK,0.0279983749660044,0,0.7582001306706534
S2B_MSIL2A_20211029T062959_R077_T40QGK_20211029T203652_0001.jpg,S2B_MSIL2A_20211029T062959_R077_T40QGK_20211029T203652,0,2021-10,T40QGK,0.0279983749660044,0,0.7582001306706534
S2A_MSIL2A_20211103T063031_R077_T40QGK_20211104T130056_0000.jpg,S2A_MSIL2A_20211103T063031_R077_T40QGK_20211104T130056,1,2021-11,T40QGK,0.7351672144980541,0,0.7582001306706534
S2A_MSIL2A_20211103T063031_R077_T40QGK_20211104T130056_0001.jpg,S2A_MSIL2A_20211103T063031_R077_T40QGK_20211104T130056,1,2021-11,T40QGK,0.7351672144980541,0,0.7582001306706534
S2A_MSIL2A_20211113T063121_R077_T40QGK_20211113T150353_0000.jpg,S2A_MSIL2A_20211113T063121_R077_T40QGK_20211113T150353,0,2021-11,T40QGK,0.15461690928313518,0,0.7582001306706534
S2A_MSIL2A_20211113T063121_R077_T40QGK_20211113T150353_0001.jpg,S2A_MSIL2A_20211113T063121_R077_T40QGK_20211113T150353,0,2021-11,T40QGK,0.15461690928313518,0,0.7582001306706534
S2B_MSIL2A_20211118T063139_R077_T40QGK_20211118T164138_0000.jpg,S2B_MSIL2A_20211118T063139_R077_T40QGK_20211118T164138,0,2021-11,T40QGK,0.12479246554280198,0,0.7582001306706534
S2B_MSIL2A_20211118T063139_R077_T40QGK_20211118T164138_0001.jpg,S2B_MSIL2A_20211118T063139_R077_T40QGK_20211118T164138,0,2021-11,T40QGK,0.12479246554280198,0,0.7582001306706534
S2B_MSIL2A_20211128T063219_R077_T40QGK_20211129T032607_0000.jpg,S2B_MSIL2A_20211128T063219_R077_T40QGK_20211129T032607,1,2021-11,T40QGK,0.6678027435609474,0,0.7582001306706534
S2B_MSIL2A_20211128T063219_R077_T40QGK_20211129T032607_0001.jpg,S2B_MSIL2A_20211128T063219_R077_T40QGK_20211129T032607,1,2021-11,T40QGK,0.6678027435609474,0,0.7582001306706534
S2A_MSIL2A_20211203T063231_R077_T40QGK_20230130T040034_0000.jpg,S2A_MSIL2A_20211203T063231_R077_T40QGK_20230130T040034,0,2021-12,T40QGK,0.0837505331564267,0,0.7582001306706534
S2A_MSIL2A_20211203T063231_R077_T40QGK_20230130T040034_0001.jpg,S2A_MSIL2A_20211203T063231_R077_T40QGK_20230130T040034,0,2021-12,T40QGK,0.0837505331564267,0,0.7582001306706534
S2A_MSIL2A_20211213T063251_R077_T40QGK_20211213T211840_0000.jpg,S2A_MSIL2A_20211213T063251_R077_T40QGK_20211213T211840,1,2021-12,T40QGK,0.9352367819093816,1,0.7582001306706534
S2A_MSIL2A_20211213T063251_R077_T40QGK_20211213T211840_0001.jpg,S2A_MSIL2A_20211213T063251_R077_T40QGK_20211213T211840,1,2021-12,T40QGK,0.9352367819093816,1,0.7582001306706534
S2A_MSIL2A_20211223T063301_R077_T40QGK_20230128T110121_0000.jpg,S2A_MSIL2A_20211223T063301_R077_T40QGK_20230128T110121,1,2021-12,T40QGK,0.7720029056031721,1,0.7582001306706534
S2A_MSIL2A_20211223T063301_R077_T40QGK_20230128T110121_0001.jpg,S2A_MSIL2A_20211223T063301_R077_T40QGK_20230128T110121,1,2021-12,T40QGK,0.7720029056031721,1,0.7582001306706534
S2B_MSIL2A_20211228T063249_R077_T40QGK_20211228T131817_0000.jpg,S2B_MSIL2A_20211228T063249_R077_T40QGK_20211228T131817,1,2021-12,T40QGK,0.7682036645542774,1,0.7582001306706534
S2B_MSIL2A_20211228T063249_R077_T40QGK_20211228T131817_0001.jpg,S2B_MSIL2A_20211228T063249_R077_T40QGK_20211228T131817,1,2021-12,T40QGK,0.7682036645542774,1,0.7582001306706534
S2B_MSIL2A_20220107T063239_R077_T40QGK_20220107T122412_0000.jpg,S2B_MSIL2A_20220107T063239_R077_T40QGK_20220107T122412,0,2022-01,T40QGK,0.24803953496183517,0,0.7582001306706534
S2B_MSIL2A_20220107T063239_R077_T40QGK_20220107T122412_0001.jpg,S2B_MSIL2A_20220107T063239_R077_T40QGK_20220107T122412,0,2022-01,T40QGK,0.24803953496183517,0,0.7582001306706534
S2A_MSIL2A_20220112T063231_R077_T40QGK_20220113T012748_0000.jpg,S2A_MSIL2A_20220112T063231_R077_T40QGK_20220113T012748,1,2022-01,T40QGK,0.818614978534841,1,0.7582001306706534
S2A_MSIL2A_20220112T063231_R077_T40QGK_20220113T012748_0001.jpg,S2A_MSIL2A_20220112T063231_R077_T40QGK_20220113T012748,1,2022-01,T40QGK,0.818614978534841,1,0.7582001306706534
S2B_MSIL2A_20220127T063129_R077_T40QGK_20220212T112349_0000.jpg,S2B_MSIL2A_20220127T063129_R077_T40QGK_20220212T112349,0,2022-01,T40QGK,0.06493882467641728,0,0.7582001306706534
S2B_MSIL2A_20220127T063129_R077_T40QGK_20220212T112349_0001.jpg,S2B_MSIL2A_20220127T063129_R077_T40QGK_20220212T112349,0,2022-01,T40QGK,0.06493882467641728,0,0.7582001306706534
S2B_MSIL2A_20220206T063029_R077_T40QGK_20220219T105412_0000.jpg,S2B_MSIL2A_20220206T063029_R077_T40QGK_20220219T105412,0,2022-02,T40QGK,0.20827920683542905,0,0.7582001306706534
S2B_MSIL2A_20220206T063029_R077_T40QGK_20220219T105412_0001.jpg,S2B_MSIL2A_20220206T063029_R077_T40QGK_20220219T105412,0,2022-02,T40QGK,0.20827920683542905,0,0.7582001306706534
S2B_MSIL2A_20220216T062929_R077_T40QGK_20220224T003621_0000.jpg,S2B_MSIL2A_20220216T062929_R077_T40QGK_20220224T003621,1,2022-02,T40QGK,0.8905822499543138,1,0.7582001306706534
S2B_MSIL2A_20220216T062929_R077_T40QGK_20220224T003621_0001.jpg,S2B_MSIL2A_20220216T062929_R077_T40QGK_20220224T003621,1,2022-02,T40QGK,0.8905822499543138,1,0.7582001306706534
S2A_MSIL2A_20220221T062901_R077_T40QGK_20220228T014818_0000.jpg,S2A_MSIL2A_20220221T062901_R077_T40QGK_20220228T014818,0,2022-02,T40QGK,0.4016672296592468,0,0.7582001306706534
S2A_MSIL2A_20220221T062901_R077_T40QGK_20220228T014818_0001.jpg,S2A_MSIL2A_20220221T062901_R077_T40QGK_20220228T014818,0,2022-02,T40QGK,0.4016672296592468,0,0.7582001306706534
S2B_MSIL2A_20220226T062819_R077_T40QGK_20220302T062015_0000.jpg,S2B_MSIL2A_20220226T062819_R077_T40QGK_20220302T062015,0,2022-02,T40QGK,0.03994456784562888,0,0.7582001306706534
S2B_MSIL2A_20220226T062819_R077_T40QGK_20220302T062015_0001.jpg,S2B_MSIL2A_20220226T062819_R077_T40QGK_20220302T062015,0,2022-02,T40QGK,0.03994456784562888,0,0.7582001306706534
S2A_MSIL2A_20220313T062641_R077_T40QGK_20240525T152622_0000.jpg,S2A_MSIL2A_20220313T062641_R077_T40QGK_20240525T152622,1,2022-03,T40QGK,0.7974580817156156,1,0.7582001306706534
S2A_MSIL2A_20220313T062641_R077_T40QGK_20240525T152622_0001.jpg,S2A_MSIL2A_20220313T062641_R077_T40QGK_20240525T152622,1,2022-03,T40QGK,0.7974580817156156,1,0.7582001306706534
S2B_MSIL2A_20220318T062629_R077_T40QGK_20220318T205127_0000.jpg,S2B_MSIL2A_20220318T062629_R077_T40QGK_20220318T205127,0,2022-03,T40QGK,0.03265347980744473,0,0.7582001306706534
S2B_MSIL2A_20220318T062629_R077_T40QGK_20220318T205127_0001.jpg,S2B_MSIL2A_20220318T062629_R077_T40QGK_20220318T205127,0,2022-03,T40QGK,0.03265347980744473,0,0.7582001306706534
S2A_MSIL2A_20220412T062631_R077_T40QGK_20220413T050721_0000.jpg,S2A_MSIL2A_20220412T062631_R077_T40QGK_20220413T050721,0,2022-04,T40QGK,0.03508058706251661,0,0.7582001306706534
S2A_MSIL2A_20220412T062631_R077_T40QGK_20220413T050721_0001.jpg,S2A_MSIL2A_20220412T062631_R077_T40QGK_20220413T050721,0,2022-04,T40QGK,0.03508058706251661,0,0.7582001306706534
S2B_MSIL2A_20220427T062619_R077_T40QGK_20220428T030245_0000.jpg,S2B_MSIL2A_20220427T062619_R077_T40QGK_20220428T030245,1,2022-04,T40QGK,0.817568517423358,1,0.7582001306706534
S2B_MSIL2A_20220427T062619_R077_T40QGK_20220428T030245_0001.jpg,S2B_MSIL2A_20220427T062619_R077_T40QGK_20220428T030245,1,2022-04,T40QGK,0.817568517423358,1,0.7582001306706534
S2A_MSIL2A_20220502T062631_R077_T40QGK_20220502T230154_0000.jpg,S2A_MSIL2A_20220502T062631_R077_T40QGK_20220502T230154,0,2022-05,T40QGK,0.05304081707939071,0,0.7582001306706534
S2A_MSIL2A_20220502T062631_R077_T40QGK_20220502T230154_0001.jpg,S2A_MSIL2A_20220502T062631_R077_T40QGK_20220502T230154,0,2022-05,T40QGK,0.05304081707939071,0,0.7582001306706534
S2A_MSIL2A_20220512T062631_R077_T40QGK_20220514T060801_0000.jpg,S2A_MSIL2A_20220512T062631_R077_T40QGK_20220514T060801,0,2022-05,T40QGK,0.03451352699999094,0,0.7582001306706534
S2A_MSIL2A_20220512T062631_R077_T40QGK_20220514T060801_0001.jpg,S2A_MSIL2A_20220512T062631_R077_T40QGK_20220514T060801,0,2022-05,T40QGK,0.03451352699999094,0,0.7582001306706534
S2A_MSIL2A_20220522T062631_R077_T40QGK_20220523T082320_0000.jpg,S2A_MSIL2A_20220522T062631_R077_T40QGK_20220523T082320,0,2022-05,T40QGK,0.43110494156562595,0,0.7582001306706534
S2A_MSIL2A_20220522T062631_R077_T40QGK_20220523T082320_0001.jpg,S2A_MSIL2A_20220522T062631_R077_T40QGK_20220523T082320,0,2022-05,T40QGK,0.43110494156562595,0,0.7582001306706534
S2B_MSIL2A_20220527T062629_R077_T40QGK_20220528T051022_0000.jpg,S2B_MSIL2A_20220527T062629_R077_T40QGK_20220528T051022,1,2022-05,T40QGK,0.8877057475422566,1,0.7582001306706534
S2B_MSIL2A_20220527T062629_R077_T40QGK_20220528T051022_0001.jpg,S2B_MSIL2A_20220527T062629_R077_T40QGK_20220528T051022,1,2022-05,T40QGK,0.8877057475422566,1,0.7582001306706534
S2A_MSIL2A_20220601T062641_R077_T40QGK_20220602T051804_0000.jpg,S2A_MSIL2A_20220601T062641_R077_T40QGK_20220602T051804,1,2022-06,T40QGK,0.8657742087161012,1,0.7582001306706534
S2A_MSIL2A_20220601T062641_R077_T40QGK_20220602T051804_0001.jpg,S2A_MSIL2A_20220601T062641_R077_T40QGK_20220602T051804,1,2022-06,T40QGK,0.8657742087161012,1,0.7582001306706534
S2A_MSIL2A_20220611T062641_R077_T40QGK_20220612T023248_0000.jpg,S2A_MSIL2A_20220611T062641_R077_T40QGK_20220612T023248,0,2022-06,T40QGK,0.46815040360954424,0,0.7582001306706534
S2A_MSIL2A_20220611T062641_R077_T40QGK_20220612T023248_0001.jpg,S2A_MSIL2A_20220611T062641_R077_T40QGK_20220612T023248,0,2022-06,T40QGK,0.46815040360954424,0,0.7582001306706534
S2A_MSIL2A_20220621T062641_R077_T40QGK_20220622T025525_0000.jpg,S2A_MSIL2A_20220621T062641_R077_T40QGK_20220622T025525,0,2022-06,T40QGK,0.12451799164849477,0,0.7582001306706534
S2A_MSIL2A_20220621T062641_R077_T40QGK_20220622T025525_0001.jpg,S2A_MSIL2A_20220621T062641_R077_T40QGK_20220622T025525,0,2022-06,T40QGK,0.12451799164849477,0,0.7582001306706534
S2B_MSIL2A_20220626T062639_R077_T40QGK_20220626T162345_0000.jpg,S2B_MSIL2A_20220626T062639_R077_T40QGK_20220626T162345,0,2022-06,T40QGK,0.4369689381244456,0,0.7582001306706534
S2B_MSIL2A_20220626T062639_R077_T40QGK_20220626T162345_0001.jpg,S2B_MSIL2A_20220626T062639_R077_T40QGK_20220626T162345,0,2022-06,T40QGK,0.4369689381244456,0,0.7582001306706534
S2A_MSIL2A_20220701T062641_R077_T40QGK_20220701T200951_0000.jpg,S2A_MSIL2A_20220701T062641_R077_T40QGK_20220701T200951,1,2022-07,T40QGK,0.7339602442143767,0,0.7582001306706534
S2A_MSIL2A_20220701T062641_R077_T40QGK_20220701T200951_0001.jpg,S2A_MSIL2A_20220701T062641_R077_T40QGK_20220701T200951,1,2022-07,T40QGK,0.7339602442143767,0,0.7582001306706534
S2A_MSIL2A_20220731T062641_R077_T40QGK_20220801T041951_0000.jpg,S2A_MSIL2A_20220731T062641_R077_T40QGK_20220801T041951,0,2022-07,T40QGK,0.48593454737664704,0,0.7582001306706534
S2A_MSIL2A_20220731T062641_R077_T40QGK_20220801T041951_0001.jpg,S2A_MSIL2A_20220731T062641_R077_T40QGK_20220801T041951,0,2022-07,T40QGK,0.48593454737664704,0,0.7582001306706534
S2B_MSIL2A_20220805T062629_R077_T40QGK_20220805T221003_0000.jpg,S2B_MSIL2A_20220805T062629_R077_T40QGK_20220805T221003,0,2022-08,T40QGK,0.6390153693095564,0,0.7582001306706534
S2B_MSIL2A_20220805T062629_R077_T40QGK_20220805T221003_0001.jpg,S2B_MSIL2A_20220805T062629_R077_T40QGK_20220805T221003,0,2022-08,T40QGK,0.6390153693095564,0,0.7582001306706534
S2A_MSIL2A_20220830T062641_R077_T40QGK_20220831T145107_0000.jpg,S2A_MSIL2A_20220830T062641_R077_T40QGK_20220831T145107,0,2022-08,T40QGK,0.029775107491004014,0,0.7582001306706534
S2A_MSIL2A_20220830T062641_R077_T40QGK_20220831T145107_0001.jpg,S2A_MSIL2A_20220830T062641_R077_T40QGK_20220831T145107,0,2022-08,T40QGK,0.029775107491004014,0,0.7582001306706534
S2A_MSIL2A_20220909T062641_R077_T40QGK_20220909T163949_0000.jpg,S2A_MSIL2A_20220909T062641_R077_T40QGK_20220909T163949,0,2022-09,T40QGK,0.060753048613278855,0,0.7582001306706534
S2A_MSIL2A_20220909T062641_R077_T40QGK_20220909T163949_0001.jpg,S2A_MSIL2A_20220909T062641_R077_T40QGK_20220909T163949,0,2022-09,T40QGK,0.060753048613278855,0,0.7582001306706534
S2A_MSIL2A_20220919T062641_R077_T40QGK_20220919T211446_0000.jpg,S2A_MSIL2A_20220919T062641_R077_T40QGK_20220919T211446,1,2022-09,T40QGK,0.9100408679588564,1,0.7582001306706534
S2A_MSIL2A_20220919T062641_R077_T40QGK_20220919T211446_0001.jpg,S2A_MSIL2A_20220919T062641_R077_T40QGK_20220919T211446,1,2022-09,T40QGK,0.9100408679588564,1,0.7582001306706534
S2A_MSIL2A_20220929T062651_R077_T40QGK_20220929T210906_0000.jpg,S2A_MSIL2A_20220929T062651_R077_T40QGK_20220929T210906,0,2022-09,T40QGK,0.030764828816729768,0,0.7582001306706534
S2A_MSIL2A_20220929T062651_R077_T40QGK_20220929T210906_0001.jpg,S2A_MSIL2A_20220929T062651_R077_T40QGK_20220929T210906,0,2022-09,T40QGK,0.030764828816729768,0,0.7582001306706534
S2A_MSIL2A_20221009T062751_R077_T40QGK_20221009T145255_0000.jpg,S2A_MSIL2A_20221009T062751_R077_T40QGK_20221009T145255,0,2022-10,T40QGK,0.6935988815736843,0,0.7582001306706534
S2A_MSIL2A_20221009T062751_R077_T40QGK_20221009T145255_0001.jpg,S2A_MSIL2A_20221009T062751_R077_T40QGK_20221009T145255,0,2022-10,T40QGK,0.6935988815736843,0,0.7582001306706534
S2B_MSIL2A_20221024T062929_R077_T40QGK_20221024T210406_0000.jpg,S2B_MSIL2A_20221024T062929_R077_T40QGK_20221024T210406,0,2022-10,T40QGK,0.024928414796887923,0,0.7582001306706534
S2B_MSIL2A_20221024T062929_R077_T40QGK_20221024T210406_0001.jpg,S2B_MSIL2A_20221024T062929_R077_T40QGK_20221024T210406,0,2022-10,T40QGK,0.024928414796887923,0,0.7582001306706534
S2B_MSIL2A_20221103T063029_R077_T40QGK_20221103T205733_0000.jpg,S2B_MSIL2A_20221103T063029_R077_T40QGK_20221103T205733,0,2022-11,T40QGK,0.4046138781679718,0,0.7582001306706534
S2B_MSIL2A_20221103T063029_R077_T40QGK_20221103T205733_0001.jpg,S2B_MSIL2A_20221103T063029_R077_T40QGK_20221103T205733,0,2022-11,T40QGK,0.4046138781679718,0,0.7582001306706534
S2B_MSIL2A_20221113T063119_R077_T40QGK_20221114T010655_0000.jpg,S2B_MSIL2A_20221113T063119_R077_T40QGK_20221114T010655,1,2022-11,T40QGK,0.8350177672030091,1,0.7582001306706534
S2B_MSIL2A_20221113T063119_R077_T40QGK_20221114T010655_0001.jpg,S2B_MSIL2A_20221113T063119_R077_T40QGK_20221114T010655,1,2022-11,T40QGK,0.8350177672030091,1,0.7582001306706534
S2A_MSIL2A_20221118T063141_R077_T40QGK_20240804T234922_0000.jpg,S2A_MSIL2A_20221118T063141_R077_T40QGK_20240804T234922,0,2022-11,T40QGK,0.049386608239977384,0,0.7582001306706534
S2A_MSIL2A_20221118T063141_R077_T40QGK_20240804T234922_0001.jpg,S2A_MSIL2A_20221118T063141_R077_T40QGK_20240804T234922,0,2022-11,T40QGK,0.049386608239977384,0,0.7582001306706534
S2A_MSIL2A_20221208T063251_R077_T40QGK_20221209T034448_0000.jpg,S2A_MSIL2A_20221208T063251_R077_T40QGK_20221209T034448,0,2022-12,T40QGK,0.05410742127641122,0,0.7582001306706534
S2A_MSIL2A_20221208T063251_R077_T40QGK_20221209T034448_0001.jpg,S2A_MSIL2A_20221208T063251_R077_T40QGK_20221209T034448,0,2022-12,T40QGK,0.05410742127641122,0,0.7582001306706534
S2A_MSIL2A_20221218T063301_R077_T40QGK_20221218T233324_0000.jpg,S2A_MSIL2A_20221218T063301_R077_T40QGK_20221218T233324,1,2022-12,T40QGK,0.8328880490809832,1,0.7582001306706534
S2A_MSIL2A_20221218T063301_R077_T40QGK_20221218T233324_0001.jpg,S2A_MSIL2A_20221218T063301_R077_T40QGK_20221218T233324,1,2022-12,T40QGK,0.8328880490809832,1,0.7582001306706534
S2A_MSIL2A_20230107T063241_R077_T40QGK_20230107T193733_0000.jpg,S2A_MSIL2A_20230107T063241_R077_T40QGK_20230107T193733,0,2023-01,T40QGK,0.0418823980874657,0,0.7582001306706534
S2A_MSIL2A_20230107T063241_R077_T40QGK_20230107T193733_0001.jpg,S2A_MSIL2A_20230107T063241_R077_T40QGK_20230107T193733,0,2023-01,T40QGK,0.0418823980874657,0,0.7582001306706534
S2B_MSIL2A_20230122T063149_R077_T40QGK_20240812T194001_0000.jpg,S2B_MSIL2A_20230122T063149_R077_T40QGK_20240812T194001,1,2023-01,T40QGK,0.916497372291202,1,0.7582001306706534
S2B_MSIL2A_20230122T063149_R077_T40QGK_20240812T194001_0001.jpg,S2B_MSIL2A_20230122T063149_R077_T40QGK_20240812T194001,1,2023-01,T40QGK,0.916497372291202,1,0.7582001306706534
S2B_MSIL2A_20230211T063009_R077_T40QGK_20240814T000313_0000.jpg,S2B_MSIL2A_20230211T063009_R077_T40QGK_20240814T000313,0,2023-02,T40QGK,0.7371141342318652,0,0.7582001306706534
S2B_MSIL2A_20230211T063009_R077_T40QGK_20240814T000313_0001.jpg,S2B_MSIL2A_20230211T063009_R077_T40QGK_20240814T000313,0,2023-02,T40QGK,0.7371141342318652,0,0.7582001306706534
S2A_MSIL2A_20230308T062711_R077_T40QGK_20240806T105147_0000.jpg,S2A_MSIL2A_20230308T062711_R077_T40QGK_20240806T105147,0,2023-03,T40QGK,0.4126056698128791,0,0.7582001306706534
S2A_MSIL2A_20230308T062711_R077_T40QGK_20240806T105147_0001.jpg,S2A_MSIL2A_20230308T062711_R077_T40QGK_20240806T105147,0,2023-03,T40QGK,0.4126056698128791,0,0.7582001306706534
S2A_MSIL2A_20230328T062631_R077_T40QGK_20240829T065337_0000.jpg,S2A_MSIL2A_20230328T062631_R077_T40QGK_20240829T065337,0,2023-03,T40QGK,0.21379220201092244,0,0.7582001306706534
S2A_MSIL2A_20230328T062631_R077_T40QGK_20240829T065337_0001.jpg,S2A_MSIL2A_20230328T062631_R077_T40QGK_20240829T065337,0,2023-03,T40QGK,0.21379220201092244,0,0.7582001306706534
S2A_MSIL2A_20230407T062631_R077_T40QGK_20230407T115355_0000.jpg,S2A_MSIL2A_20230407T062631_R077_T40QGK_20230407T115355,0,2023-04,T40QGK,0.09952741578306688,0,0.7582001306706534
S2A_MSIL2A_20230407T062631_R077_T40QGK_20230407T115355_0001.jpg,S2A_MSIL2A_20230407T062631_R077_T40QGK_20230407T115355,0,2023-04,T40QGK,0.09952741578306688,0,0.7582001306706534
S2A_MSIL2A_20230417T062631_R077_T40QGK_20230417T114919_0000.jpg,S2A_MSIL2A_20230417T062631_R077_T40QGK_20230417T114919,0,2023-04,T40QGK,0.3678906776399936,0,0.7582001306706534
S2A_MSIL2A_20230417T062631_R077_T40QGK_20230417T114919_0001.jpg,S2A_MSIL2A_20230417T062631_R077_T40QGK_20230417T114919,0,2023-04,T40QGK,0.3678906776399936,0,0.7582001306706534
S2A_MSIL2A_20230507T062631_R077_T40QGK_20230507T131802_0000.jpg,S2A_MSIL2A_20230507T062631_R077_T40QGK_20230507T131802,1,2023-05,T40QGK,0.7741954234374376,1,0.7582001306706534
S2A_MSIL2A_20230507T062631_R077_T40QGK_20230507T131802_0001.jpg,S2A_MSIL2A_20230507T062631_R077_T40QGK_20230507T131802,1,2023-05,T40QGK,0.7741954234374376,1,0.7582001306706534
S2B_MSIL2A_20230512T062629_R077_T40QGK_20230512T112650_0000.jpg,S2B_MSIL2A_20230512T062629_R077_T40QGK_20230512T112650,1,2023-05,T40QGK,0.57971732580058,0,0.7582001306706534
S2B_MSIL2A_20230512T062629_R077_T40QGK_20230512T112650_0001.jpg,S2B_MSIL2A_20230512T062629_R077_T40QGK_20230512T112650,1,2023-05,T40QGK,0.57971732580058,0,0.7582001306706534
S2B_MSIL2A_20230522T062629_R077_T40QGK_20240811T071353_0000.jpg,S2B_MSIL2A_20230522T062629_R077_T40QGK_20240811T071353,0,2023-05,T40QGK,0.2706952373451538,0,0.7582001306706534
S2B_MSIL2A_20230522T062629_R077_T40QGK_20240811T071353_0001.jpg,S2B_MSIL2A_20230522T062629_R077_T40QGK_20240811T071353,0,2023-05,T40QGK,0.2706952373451538,0,0.7582001306706534
S2A_MSIL2A_20230527T062631_R077_T40QGK_20230527T104313_0000.jpg,S2A_MSIL2A_20230527T062631_R077_T40QGK_20230527T104313,0,2023-05,T40QGK,0.024841204922968704,0,0.7582001306706534
S2A_MSIL2A_20230527T062631_R077_T40QGK_20230527T104313_0001.jpg,S2A_MSIL2A_20230527T062631_R077_T40QGK_20230527T104313,0,2023-05,T40QGK,0.024841204922968704,0,0.7582001306706534
S2B_MSIL2A_20230601T062629_R077_T40QGK_20230601T103336_0000.jpg,S2B_MSIL2A_20230601T062629_R077_T40QGK_20230601T103336,0,2023-06,T40QGK,0.057369582375767565,0,0.7582001306706534
S2B_MSIL2A_20230601T062629_R077_T40QGK_20230601T103336_0001.jpg,S2B_MSIL2A_20230601T062629_R077_T40QGK_20230601T103336,0,2023-06,T40QGK,0.057369582375767565,0,0.7582001306706534
S2B_MSIL2A_20230621T062629_R077_T40QGK_20240816T025921_0000.jpg,S2B_MSIL2A_20230621T062629_R077_T40QGK_20240816T025921,0,2023-06,T40QGK,0.17447871587446173,0,0.7582001306706534
S2B_MSIL2A_20230621T062629_R077_T40QGK_20240816T025921_0001.jpg,S2B_MSIL2A_20230621T062629_R077_T40QGK_20240816T025921,0,2023-06,T40QGK,0.17447871587446173,0,0.7582001306706534
S2A_MSIL2A_20230626T062631_R077_T40QGK_20240927T163834_0000.jpg,S2A_MSIL2A_20230626T062631_R077_T40QGK_20240927T163834,1,2023-06,T40QGK,0.7837092659961871,1,0.7582001306706534
S2A_MSIL2A_20230626T062631_R077_T40QGK_20240927T163834_0001.jpg,S2A_MSIL2A_20230626T062631_R077_T40QGK_20240927T163834,1,2023-06,T40QGK,0.7837092659961871,1,0.7582001306706534
S2B_MSIL2A_20230721T062639_R077_T40QGK_20240817T205411_0000.jpg,S2B_MSIL2A_20230721T062639_R077_T40QGK_20240817T205411,1,2023-07,T40QGK,0.9238160600542263,1,0.7582001306706534
S2B_MSIL2A_20230721T062639_R077_T40QGK_20240817T205411_0001.jpg,S2B_MSIL2A_20230721T062639_R077_T40QGK_20240817T205411,1,2023-07,T40QGK,0.9238160600542263,1,0.7582001306706534
S2B_MSIL2A_20230731T062629_R077_T40QGK_20230731T102630_0000.jpg,S2B_MSIL2A_20230731T062629_R077_T40QGK_20230731T102630,0,2023-07,T40QGK,0.021053752707843452,0,0.7582001306706534
S2B_MSIL2A_20230731T062629_R077_T40QGK_20230731T102630_0001.jpg,S2B_MSIL2A_20230731T062629_R077_T40QGK_20230731T102630,0,2023-07,T40QGK,0.021053752707843452,0,0.7582001306706534
S2A_MSIL2A_20230805T062631_R077_T40QGK_20230805T121850_0000.jpg,S2A_MSIL2A_20230805T062631_R077_T40QGK_20230805T121850,0,2023-08,T40QGK,0.37500325997564865,0,0.7582001306706534
S2A_MSIL2A_20230805T062631_R077_T40QGK_20230805T121850_0001.jpg,S2A_MSIL2A_20230805T062631_R077_T40QGK_20230805T121850,0,2023-08,T40QGK,0.37500325997564865,0,0.7582001306706534
S2B_MSIL2A_20230810T062629_R077_T40QGK_20240912T065804_0000.jpg,S2B_MSIL2A_20230810T062629_R077_T40QGK_20240912T065804,0,2023-08,T40QGK,0.37020288042733146,0,0.7582001306706534
S2B_MSIL2A_20230810T062629_R077_T40QGK_20240912T065804_0001.jpg,S2B_MSIL2A_20230810T062629_R077_T40QGK_20240912T065804,0,2023-08,T40QGK,0.37020288042733146,0,0.7582001306706534
S2B_MSIL2A_20230820T062629_R077_T40QGK_20230820T133537_0000.jpg,S2B_MSIL2A_20230820T062629_R077_T40QGK_20230820T133537,1,2023-08,T40QGK,0.8526167957689712,1,0.7582001306706534
S2B_MSIL2A_20230820T062629_R077_T40QGK_20230820T133537_0001.jpg,S2B_MSIL2A_20230820T062629_R077_T40QGK_20230820T133537,1,2023-08,T40QGK,0.8526167957689712,1,0.7582001306706534
S2B_MSIL2A_20230830T062629_R077_T40QGK_20230830T122220_0000.jpg,S2B_MSIL2A_20230830T062629_R077_T40QGK_20230830T122220,0,2023-08,T40QGK,0.26849628574313605,0,0.7582001306706534
S2B_MSIL2A_20230830T062629_R077_T40QGK_20230830T122220_0001.jpg,S2B_MSIL2A_20230830T062629_R077_T40QGK_20230830T122220,0,2023-08,T40QGK,0.26849628574313605,0,0.7582001306706534
S2A_MSIL2A_20230904T062631_R077_T40QGK_20230904T124318_0000.jpg,S2A_MSIL2A_20230904T062631_R077_T40QGK_20230904T124318,1,2023-09,T40QGK,0.8817483229063515,1,0.7582001306706534
S2A_MSIL2A_20230904T062631_R077_T40QGK_20230904T124318_0001.jpg,S2A_MSIL2A_20230904T062631_R077_T40QGK_20230904T124318,1,2023-09,T40QGK,0.8817483229063515,1,0.7582001306706534
S2A_MSIL2A_20230924T062631_R077_T40QGK_20230924T120828_0000.jpg,S2A_MSIL2A_20230924T062631_R077_T40QGK_20230924T120828,0,2023-09,T40QGK,0.023522739559446806,0,0.7582001306706534
S2A_MSIL2A_20230924T062631_R077_T40QGK_20230924T120828_0001.jpg,S2A_MSIL2A_20230924T062631_R077_T40QGK_20230924T120828,0,2023-09,T40QGK,0.023522739559446806,0,0.7582001306706534
S2B_MSIL2A_20230929T062639_R077_T40QGK_20230929T121635_0000.jpg,S2B_MSIL2A_20230929T062639_R077_T40QGK_20230929T121635,0,2023-09,T40QGK,0.020772222428662227,0,0.7582001306706534
S2B_MSIL2A_20230929T062639_R077_T40QGK_20230929T121635_0001.jpg,S2B_MSIL2A_20230929T062639_R077_T40QGK_20230929T121635,0,2023-09,T40QGK,0.020772222428662227,0,0.7582001306706534
S2A_MSIL2A_20231004T062711_R077_T40QGK_20231004T121844_0000.jpg,S2A_MSIL2A_20231004T062711_R077_T40QGK_20231004T121844,0,2023-10,T40QGK,0.4790033424312772,0,0.7582001306706534
S2A_MSIL2A_20231004T062711_R077_T40QGK_20231004T121844_0001.jpg,S2A_MSIL2A_20231004T062711_R077_T40QGK_20231004T121844,0,2023-10,T40QGK,0.4790033424312772,0,0.7582001306706534
S2B_MSIL2A_20231019T062859_R077_T40QGK_20231019T182435_0000.jpg,S2B_MSIL2A_20231019T062859_R077_T40QGK_20231019T182435,0,2023-10,T40QGK,0.03934617801858082,0,0.7582001306706534
S2B_MSIL2A_20231019T062859_R077_T40QGK_20231019T182435_0001.jpg,S2B_MSIL2A_20231019T062859_R077_T40QGK_20231019T182435,0,2023-10,T40QGK,0.03934617801858082,0,0.7582001306706534
S2A_MSIL2A_20231113T063121_R077_T40QGK_20231113T112603_0000.jpg,S2A_MSIL2A_20231113T063121_R077_T40QGK_20231113T112603,0,2023-11,T40QGK,0.06693220050803057,0,0.7582001306706534
S2A_MSIL2A_20231113T063121_R077_T40QGK_20231113T112603_0001.jpg,S2A_MSIL2A_20231113T063121_R077_T40QGK_20231113T112603,0,2023-11,T40QGK,0.06693220050803057,0,0.7582001306706534
S2A_MSIL2A_20231123T063201_R077_T40QGK_20231123T103447_0000.jpg,S2A_MSIL2A_20231123T063201_R077_T40QGK_20231123T103447,1,2023-11,T40QGK,0.9075823650428452,1,0.7582001306706534
S2A_MSIL2A_20231123T063201_R077_T40QGK_20231123T103447_0001.jpg,S2A_MSIL2A_20231123T063201_R077_T40QGK_20231123T103447,1,2023-11,T40QGK,0.9075823650428452,1,0.7582001306706534
S2B_MSIL2A_20231128T063219_R077_T40QGK_20231128T092308_0000.jpg,S2B_MSIL2A_20231128T063219_R077_T40QGK_20231128T092308,0,2023-11,T40QGK,0.6760704231953649,0,0.7582001306706534
S2B_MSIL2A_20231128T063219_R077_T40QGK_20231128T092308_0001.jpg,S2B_MSIL2A_20231128T063219_R077_T40QGK_20231128T092308,0,2023-11,T40QGK,0.6760704231953649,0,0.7582001306706534
S2B_MSIL2A_20231208T063239_R077_T40QGK_20231208T102603_0000.jpg,S2B_MSIL2A_20231208T063239_R077_T40QGK_20231208T102603,0,2023-12,T40QGK,0.632243387952119,0,0.7582001306706534
S2B_MSIL2A_20231208T063239_R077_T40QGK_20231208T102603_0001.jpg,S2B_MSIL2A_20231208T063239_R077_T40QGK_20231208T102603,0,2023-12,T40QGK,0.632243387952119,0,0.7582001306706534
S2A_MSIL2A_20231213T063251_R077_T40QGK_20231213T114908_0000.jpg,S2A_MSIL2A_20231213T063251_R077_T40QGK_20231213T114908,1,2023-12,T40QGK,0.8466885804642358,1,0.7582001306706534
S2A_MSIL2A_20231213T063251_R077_T40QGK_20231213T114908_0001.jpg,S2A_MSIL2A_20231213T063251_R077_T40QGK_20231213T114908,1,2023-12,T40QGK,0.8466885804642358,1,0.7582001306706534
S2B_MSIL2A_20231228T063259_R077_T40QGK_20231228T092024_0000.jpg,S2B_MSIL2A_20231228T063259_R077_T40QGK_20231228T092024,1,2023-12,T40QGK,0.6970679321931836,0,0.7582001306706534
S2B_MSIL2A_20231228T063259_R077_T40QGK_20231228T092024_0001.jpg,S2B_MSIL2A_20231228T063259_R077_T40QGK_20231228T092024,1,2023-12,T40QGK,0.6970679321931836,0,0.7582001306706534
S2A_MSIL2A_20240102T063251_R077_T40QGK_20240102T104541_0000.jpg,S2A_MSIL2A_20240102T063251_R077_T40QGK_20240102T104541,0,2024-01,T40QGK,0.523634799241049,0,0.7582001306706534
S2A_MSIL2A_20240102T063251_R077_T40QGK_20240102T104541_0001.jpg,S2A_MSIL2A_20240102T063251_R077_T40QGK_20240102T104541,0,2024-01,T40QGK,0.523634799241049,0,0.7582001306706534
S2A_MSIL2A_20240112T063231_R077_T40QGK_20240112T101212_0000.jpg,S2A_MSIL2A_20240112T063231_R077_T40QGK_20240112T101212,0,2024-01,T40QGK,0.22069448952231854,0,0.7582001306706534
S2A_MSIL2A_20240112T063231_R077_T40QGK_20240112T101212_0001.jpg,S2A_MSIL2A_20240112T063231_R077_T40QGK_20240112T101212,0,2024-01,T40QGK,0.22069448952231854,0,0.7582001306706534
S2A_MSIL2A_20240201T063101_R077_T40QGK_20240201T112116_0000.jpg,S2A_MSIL2A_20240201T063101_R077_T40QGK_20240201T112116,1,2024-02,T40QGK,0.6307845651410808,0,0.7582001306706534
S2A_MSIL2A_20240201T063101_R077_T40QGK_20240201T112116_0001.jpg,S2A_MSIL2A_20240201T063101_R077_T40QGK_20240201T112116,1,2024-02,T40QGK,0.6307845651410808,0,0.7582001306706534
S2B_MSIL2A_20240216T062939_R077_T40QGK_20240216T101620_0000.jpg,S2B_MSIL2A_20240216T062939_R077_T40QGK_20240216T101620,0,2024-02,T40QGK,0.4136304641667056,0,0.7582001306706534
S2B_MSIL2A_20240216T062939_R077_T40QGK_20240216T101620_0001.jpg,S2B_MSIL2A_20240216T062939_R077_T40QGK_20240216T101620,0,2024-02,T40QGK,0.4136304641667056,0,0.7582001306706534
S2A_MSIL2A_20240312T062651_R077_T40QGK_20240313T153847_0000.jpg,S2A_MSIL2A_20240312T062651_R077_T40QGK_20240313T153847,0,2024-03,T40QGK,0.30425690737607763,0,0.7582001306706534
S2A_MSIL2A_20240312T062651_R077_T40QGK_20240313T153847_0001.jpg,S2A_MSIL2A_20240312T062651_R077_T40QGK_20240313T153847,0,2024-03,T40QGK,0.30425690737607763,0,0.7582001306706534
S2B_MSIL2A_20240406T062629_R077_T40QGK_20240406T100857_0000.jpg,S2B_MSIL2A_20240406T062629_R077_T40QGK_20240406T100857,0,2024-04,T40QGK,0.23398498454727337,0,0.7582001306706534
S2B_MSIL2A_20240406T062629_R077_T40QGK_20240406T100857_0001.jpg,S2B_MSIL2A_20240406T062629_R077_T40QGK_20240406T100857,0,2024-04,T40QGK,0.23398498454727337,0,0.7582001306706534
S2A_MSIL2A_20240411T062631_R077_T40QGK_20240411T111749_0000.jpg,S2A_MSIL2A_20240411T062631_R077_T40QGK_20240411T111749,0,2024-04,T40QGK,0.2695292057488109,0,0.7582001306706534
S2A_MSIL2A_20240411T062631_R077_T40QGK_20240411T111749_0001.jpg,S2A_MSIL2A_20240411T062631_R077_T40QGK_20240411T111749,0,2024-04,T40QGK,0.2695292057488109,0,0.7582001306706534
S2A_MSIL2A_20240421T062631_R077_T40QGK_20240421T111603_0000.jpg,S2A_MSIL2A_20240421T062631_R077_T40QGK_20240421T111603,0,2024-04,T40QGK,0.05410804418544176,0,0.7582001306706534
S2A_MSIL2A_20240421T062631_R077_T40QGK_20240421T111603_0001.jpg,S2A_MSIL2A_20240421T062631_R077_T40QGK_20240421T111603,0,2024-04,T40QGK,0.05410804418544176,0,0.7582001306706534
S2B_MSIL2A_20240426T062629_R077_T40QGK_20240426T111133_0000.jpg,S2B_MSIL2A_20240426T062629_R077_T40QGK_20240426T111133,0,2024-04,T40QGK,0.4890992151608113,0,0.7582001306706534
S2B_MSIL2A_20240426T062629_R077_T40QGK_20240426T111133_0001.jpg,S2B_MSIL2A_20240426T062629_R077_T40QGK_20240426T111133,0,2024-04,T40QGK,0.4890992151608113,0,0.7582001306706534
S2B_MSIL2A_20240506T062629_R077_T40QGK_20240506T104447_0000.jpg,S2B_MSIL2A_20240506T062629_R077_T40QGK_20240506T104447,0,2024-05,T40QGK,0.0405118972045416,0,0.7582001306706534
S2B_MSIL2A_20240506T062629_R077_T40QGK_20240506T104447_0001.jpg,S2B_MSIL2A_20240506T062629_R077_T40QGK_20240506T104447,0,2024-05,T40QGK,0.0405118972045416,0,0.7582001306706534
S2B_MSIL2A_20240516T062629_R077_T40QGK_20240516T102249_0000.jpg,S2B_MSIL2A_20240516T062629_R077_T40QGK_20240516T102249,0,2024-05,T40QGK,0.199928544162815,0,0.7582001306706534
S2B_MSIL2A_20240516T062629_R077_T40QGK_20240516T102249_0001.jpg,S2B_MSIL2A_20240516T062629_R077_T40QGK_20240516T102249,0,2024-05,T40QGK,0.199928544162815,0,0.7582001306706534
S2A_MSIL2A_20240531T062631_R077_T40QGK_20240531T120203_0000.jpg,S2A_MSIL2A_20240531T062631_R077_T40QGK_20240531T120203,1,2024-05,T40QGK,0.918671878760613,1,0.7582001306706534
S2A_MSIL2A_20240531T062631_R077_T40QGK_20240531T120203_0001.jpg,S2A_MSIL2A_20240531T062631_R077_T40QGK_20240531T120203,1,2024-05,T40QGK,0.918671878760613,1,0.7582001306706534
S2B_MSIL2A_20240605T062629_R077_T40QGK_20240605T101415_0000.jpg,S2B_MSIL2A_20240605T062629_R077_T40QGK_20240605T101415,0,2024-06,T40QGK,0.8944598792422223,1,0.7582001306706534
S2B_MSIL2A_20240605T062629_R077_T40QGK_20240605T101415_0001.jpg,S2B_MSIL2A_20240605T062629_R077_T40QGK_20240605T101415,0,2024-06,T40QGK,0.8944598792422223,1,0.7582001306706534
S2A_MSIL2A_20240610T062631_R077_T40QGK_20240610T104649_0000.jpg,S2A_MSIL2A_20240610T062631_R077_T40QGK_20240610T104649,0,2024-06,T40QGK,0.03707045124085675,0,0.7582001306706534
S2A_MSIL2A_20240610T062631_R077_T40QGK_20240610T104649_0001.jpg,S2A_MSIL2A_20240610T062631_R077_T40QGK_20240610T104649,0,2024-06,T40QGK,0.03707045124085675,0,0.7582001306706534
S2B_MSIL2A_20240705T062629_R077_T40QGK_20240706T024220_0000.jpg,S2B_MSIL2A_20240705T062629_R077_T40QGK_20240706T024220,1,2024-07,T40QGK,0.8795214028389851,1,0.7582001306706534
S2B_MSIL2A_20240705T062629_R077_T40QGK_20240706T024220_0001.jpg,S2B_MSIL2A_20240705T062629_R077_T40QGK_20240706T024220,1,2024-07,T40QGK,0.8795214028389851,1,0.7582001306706534
S2A_MSIL2A_20240710T062631_R077_T40QGK_20240710T114122_0000.jpg,S2A_MSIL2A_20240710T062631_R077_T40QGK_20240710T114122,1,2024-07,T40QGK,0.9030352809437343,1,0.7582001306706534
S2A_MSIL2A_20240710T062631_R077_T40QGK_20240710T114122_0001.jpg,S2A_MSIL2A_20240710T062631_R077_T40QGK_20240710T114122,1,2024-07,T40QGK,0.9030352809437343,1,0.7582001306706534
S2B_MSIL2A_20240725T062629_R077_T40QGK_20240725T090216_0000.jpg,S2B_MSIL2A_20240725T062629_R077_T40QGK_20240725T090216,0,2024-07,T40QGK,0.041563178166114836,0,0.7582001306706534
S2B_MSIL2A_20240725T062629_R077_T40QGK_20240725T090216_0001.jpg,S2B_MSIL2A_20240725T062629_R077_T40QGK_20240725T090216,0,2024-07,T40QGK,0.041563178166114836,0,0.7582001306706534
S2B_MSIL2A_20240804T062629_R077_T40QGK_20240804T094512_0000.jpg,S2B_MSIL2A_20240804T062629_R077_T40QGK_20240804T094512,0,2024-08,T40QGK,0.028412737418273246,0,0.7582001306706534
S2B_MSIL2A_20240804T062629_R077_T40QGK_20240804T094512_0001.jpg,S2B_MSIL2A_20240804T062629_R077_T40QGK_20240804T094512,0,2024-08,T40QGK,0.028412737418273246,0,0.7582001306706534
S2B_MSIL2A_20240814T062629_R077_T40QGK_20240814T093442_0000.jpg,S2B_MSIL2A_20240814T062629_R077_T40QGK_20240814T093442,1,2024-08,T40QGK,0.6554097609793862,0,0.7582001306706534
S2B_MSIL2A_20240814T062629_R077_T40QGK_20240814T093442_0001.jpg,S2B_MSIL2A_20240814T062629_R077_T40QGK_20240814T093442,1,2024-08,T40QGK,0.6554097609793862,0,0.7582001306706534
S2B_MSIL2A_20240824T062629_R077_T40QGK_20240824T100609_0000.jpg,S2B_MSIL2A_20240824T062629_R077_T40QGK_20240824T100609,1,2024-08,T40QGK,0.8764368630669147,1,0.7582001306706534
S2B_MSIL2A_20240824T062629_R077_T40QGK_20240824T100609_0001.jpg,S2B_MSIL2A_20240824T062629_R077_T40QGK_20240824T100609,1,2024-08,T40QGK,0.8764368630669147,1,0.7582001306706534
S2A_MSIL2A_20240829T062631_R077_T40QGK_20240829T111551_0000.jpg,S2A_MSIL2A_20240829T062631_R077_T40QGK_20240829T111551,0,2024-08,T40QGK,0.7111786050032144,0,0.7582001306706534
S2A_MSIL2A_20240829T062631_R077_T40QGK_20240829T111551_0001.jpg,S2A_MSIL2A_20240829T062631_R077_T40QGK_20240829T111551,0,2024-08,T40QGK,0.7111786050032144,0,0.7582001306706534
S2A_MSIL2A_20240908T062631_R077_T40QGK_20240908T111753_0000.jpg,S2A_MSIL2A_20240908T062631_R077_T40QGK_20240908T111753,1,2024-09,T40QGK,0.8740306126382945,1,0.7582001306706534
S2A_MSIL2A_20240908T062631_R077_T40QGK_20240908T111753_0001.jpg,S2A_MSIL2A_20240908T062631_R077_T40QGK_20240908T111753,1,2024-09,T40QGK,0.8740306126382945,1,0.7582001306706534
S2B_MSIL2A_20240923T062629_R077_T40QGK_20240923T085510_0000.jpg,S2B_MSIL2A_20240923T062629_R077_T40QGK_20240923T085510,0,2024-09,T40QGK,0.05259730907085556,0,0.7582001306706534
S2B_MSIL2A_20240923T062629_R077_T40QGK_20240923T085510_0001.jpg,S2B_MSIL2A_20240923T062629_R077_T40QGK_20240923T085510,0,2024-09,T40QGK,0.05259730907085556,0,0.7582001306706534
S2B_MSIL2A_20241003T062629_R077_T40QGK_20241003T090945_0000.jpg,S2B_MSIL2A_20241003T062629_R077_T40QGK_20241003T090945,0,2024-10,T40QGK,0.6557428164008056,0,0.7582001306706534
S2B_MSIL2A_20241003T062629_R077_T40QGK_20241003T090945_0001.jpg,S2B_MSIL2A_20241003T062629_R077_T40QGK_20241003T090945,0,2024-10,T40QGK,0.6557428164008056,0,0.7582001306706534
S2A_MSIL2A_20241028T063001_R077_T40QGK_20241028T100749_0000.jpg,S2A_MSIL2A_20241028T063001_R077_T40QGK_20241028T100749,0,2024-10,T40QGK,0.02415580511979669,0,0.7582001306706534
S2A_MSIL2A_20241028T063001_R077_T40QGK_20241028T100749_0001.jpg,S2A_MSIL2A_20241028T063001_R077_T40QGK_20241028T100749,0,2024-10,T40QGK,0.02415580511979669,0,0.7582001306706534
S2A_MSIL2A_20241107T063051_R077_T40QGK_20241107T091604_0000.jpg,S2A_MSIL2A_20241107T063051_R077_T40QGK_20241107T091604,0,2024-11,T40QGK,0.09264870719463486,0,0.7582001306706534
S2A_MSIL2A_20241107T063051_R077_T40QGK_20241107T091604_0001.jpg,S2A_MSIL2A_20241107T063051_R077_T40QGK_20241107T091604,0,2024-11,T40QGK,0.09264870719463486,0,0.7582001306706534
S2B_MSIL2A_20241112T063019_R077_T40QGK_20241112T082814_0000.jpg,S2B_MSIL2A_20241112T063019_R077_T40QGK_20241112T082814,0,2024-11,T40QGK,0.21948215510487915,0,0.7582001306706534
S2B_MSIL2A_20241112T063019_R077_T40QGK_20241112T082814_0001.jpg,S2B_MSIL2A_20241112T063019_R077_T40QGK_20241112T082814,0,2024-11,T40QGK,0.21948215510487915,0,0.7582001306706534
S2A_MSIL2A_20241117T063141_R077_T40QGK_20241117T103949_0000.jpg,S2A_MSIL2A_20241117T063141_R077_T40QGK_20241117T103949,0,2024-11,T40QGK,0.045342395318051204,0,0.7582001306706534
S2A_MSIL2A_20241117T063141_R077_T40QGK_20241117T103949_0001.jpg,S2A_MSIL2A_20241117T063141_R077_T40QGK_20241117T103949,0,2024-11,T40QGK,0.045342395318051204,0,0.7582001306706534
S2A_MSIL2A_20241127T063221_R077_T40QGK_20241127T094651_0000.jpg,S2A_MSIL2A_20241127T063221_R077_T40QGK_20241127T094651,1,2024-11,T40QGK,0.797711673922701,1,0.7582001306706534
S2A_MSIL2A_20241127T063221_R077_T40QGK_20241127T094651_0001.jpg,S2A_MSIL2A_20241127T063221_R077_T40QGK_20241127T094651,1,2024-11,T40QGK,0.797711673922701,1,0.7582001306706534
S2B_MSIL2A_20241202T063139_R077_T40QGK_20241202T083601_0000.jpg,S2B_MSIL2A_20241202T063139_R077_T40QGK_20241202T083601,0,2024-12,T40QGK,0.8245321665646649,1,0.7582001306706534
S2B_MSIL2A_20241202T063139_R077_T40QGK_20241202T083601_0001.jpg,S2B_MSIL2A_20241202T063139_R077_T40QGK_20241202T083601,0,2024-12,T40QGK,0.8245321665646649,1,0.7582001306706534
S2A_MSIL2A_20241227T063301_R077_T40QGK_20241227T094051_0000.jpg,S2A_MSIL2A_20241227T063301_R077_T40QGK_20241227T094051,0,2024-12,T40QGK,0.048099739067008596,0,0.7582001306706534
S2A_MSIL2A_20241227T063301_R077_T40QGK_20241227T094051_0001.jpg,S2A_MSIL2A_20241227T063301_R077_T40QGK_20241227T094051,0,2024-12,T40QGK,0.048099739067008596,0,0.7582001306706534
S2A_MSIL2A_20170111T064231_R120_T40QFM_20210530T050932_0000.jpg,S2A_MSIL2A_20170111T064231_R120_T40QFM_20210530T050932,1,2017-01,T40QFM,0.7930206975430154,1,0.7582001306706534
S2A_MSIL2A_20170111T064231_R120_T40QFM_20210530T050932_0001.jpg,S2A_MSIL2A_20170111T064231_R120_T40QFM_20210530T050932,1,2017-01,T40QFM,0.7930206975430154,1,0.7582001306706534
S2A_MSIL2A_20170210T064011_R120_T40QFM_20210208T095409_0000.jpg,S2A_MSIL2A_20170210T064011_R120_T40QFM_20210208T095409,1,2017-02,T40QFM,0.47698423404994916,0,0.7582001306706534
S2A_MSIL2A_20170210T064011_R120_T40QFM_20210208T095409_0001.jpg,S2A_MSIL2A_20170210T064011_R120_T40QFM_20210208T095409,1,2017-02,T40QFM,0.47698423404994916,0,0.7582001306706534
S2A_MSIL2A_20170302T064011_R120_T40QFM_20210208T184836_0000.jpg,S2A_MSIL2A_20170302T064011_R120_T40QFM_20210208T184836,1,2017-03,T40QFM,0.573167357604384,0,0.7582001306706534
S2A_MSIL2A_20170302T064011_R120_T40QFM_20210208T184836_0001.jpg,S2A_MSIL2A_20170302T064011_R120_T40QFM_20210208T184836,1,2017-03,T40QFM,0.573167357604384,0,0.7582001306706534
S2A_MSIL2A_20170312T063641_R120_T40QFM_20210208T214529_0000.jpg,S2A_MSIL2A_20170312T063641_R120_T40QFM_20210208T214529,0,2017-03,T40QFM,0.07470103251081928,0,0.7582001306706534
S2A_MSIL2A_20170312T063641_R120_T40QFM_20210208T214529_0001.jpg,S2A_MSIL2A_20170312T063641_R120_T40QFM_20210208T214529,0,2017-03,T40QFM,0.07470103251081928,0,0.7582001306706534
S2A_MSIL2A_20170401T063621_R120_T40QFM_20210209T033740_0000.jpg,S2A_MSIL2A_20170401T063621_R120_T40QFM_20210209T033740,1,2017-04,T40QFM,0.691551091856997,0,0.7582001306706534
S2A_MSIL2A_20170401T063621_R120_T40QFM_20210209T033740_0001.jpg,S2A_MSIL2A_20170401T063621_R120_T40QFM_20210209T033740,1,2017-04,T40QFM,0.691551091856997,0,0.7582001306706534
S2A_MSIL2A_20170421T063631_R120_T40QFM_20210209T092345_0000.jpg,S2A_MSIL2A_20170421T063631_R120_T40QFM_20210209T092345,0,2017-04,T40QFM,0.12838730759878622,0,0.7582001306706534
S2A_MSIL2A_20170421T063631_R120_T40QFM_20210209T092345_0001.jpg,S2A_MSIL2A_20170421T063631_R120_T40QFM_20210209T092345,0,2017-04,T40QFM,0.12838730759878622,0,0.7582001306706534
S2A_MSIL2A_20170511T063631_R120_T40QFM_20210209T143937_0000.jpg,S2A_MSIL2A_20170511T063631_R120_T40QFM_20210209T143937,0,2017-05,T40QFM,0.01928507785776741,0,0.7582001306706534
S2A_MSIL2A_20170511T063631_R120_T40QFM_20210209T143937_0001.jpg,S2A_MSIL2A_20170511T063631_R120_T40QFM_20210209T143937,0,2017-05,T40QFM,0.01928507785776741,0,0.7582001306706534
S2A_MSIL2A_20170531T063631_R120_T40QFM_20210209T192316_0000.jpg,S2A_MSIL2A_20170531T063631_R120_T40QFM_20210209T192316,0,2017-05,T40QFM,0.4835043898103581,0,0.7582001306706534
S2A_MSIL2A_20170531T063631_R120_T40QFM_20210209T192316_0001.jpg,S2A_MSIL2A_20170531T063631_R120_T40QFM_20210209T192316,0,2017-05,T40QFM,0.4835043898103581,0,0.7582001306706534
S2A_MSIL2A_20170620T063631_R120_T40QFM_20210210T001918_0000.jpg,S2A_MSIL2A_20170620T063631_R120_T40QFM_20210210T001918,1,2017-06,T40QFM,0.7219530196440639,0,0.7582001306706534
S2A_MSIL2A_20170620T063631_R120_T40QFM_20210210T001918_0001.jpg,S2A_MSIL2A_20170620T063631_R120_T40QFM_20210210T001918,1,2017-06,T40QFM,0.7219530196440639,0,0.7582001306706534
S2B_MSIL2A_20170705T064019_R120_T40QFM_20210210T050526_0000.jpg,S2B_MSIL2A_20170705T064019_R120_T40QFM_20210210T050526,1,2017-07,T40QFM,0.765791050928679,1,0.7582001306706534
S2B_MSIL2A_20170705T064019_R120_T40QFM_20210210T050526_0001.jpg,S2B_MSIL2A_20170705T064019_R120_T40QFM_20210210T050526,1,2017-07,T40QFM,0.765791050928679,1,0.7582001306706534
S2A_MSIL2A_20170710T063631_R120_T40QFM_20210210T065515_0000.jpg,S2A_MSIL2A_20170710T063631_R120_T40QFM_20210210T065515,1,2017-07,T40QFM,0.7087704929180995,0,0.7582001306706534
S2A_MSIL2A_20170710T063631_R120_T40QFM_20210210T065515_0001.jpg,S2A_MSIL2A_20170710T063631_R120_T40QFM_20210210T065515,1,2017-07,T40QFM,0.7087704929180995,0,0.7582001306706534
S2B_MSIL2A_20170804T064019_R120_T40QFM_20210210T192757_0000.jpg,S2B_MSIL2A_20170804T064019_R120_T40QFM_20210210T192757,0,2017-08,T40QFM,0.02122549622305159,0,0.7582001306706534
S2B_MSIL2A_20170804T064019_R120_T40QFM_20210210T192757_0001.jpg,S2B_MSIL2A_20170804T064019_R120_T40QFM_20210210T192757,0,2017-08,T40QFM,0.02122549622305159,0,0.7582001306706534
S2B_MSIL2A_20170814T063629_R120_T40QFM_20210131T215721_0000.jpg,S2B_MSIL2A_20170814T063629_R120_T40QFM_20210131T215721,0,2017-08,T40QFM,0.7270610107382607,0,0.7582001306706534
S2B_MSIL2A_20170814T063629_R120_T40QFM_20210131T215721_0001.jpg,S2B_MSIL2A_20170814T063629_R120_T40QFM_20210131T215721,0,2017-08,T40QFM,0.7270610107382607,0,0.7582001306706534
S2B_MSIL2A_20170824T064009_R120_T40QFM_20210201T091008_0000.jpg,S2B_MSIL2A_20170824T064009_R120_T40QFM_20210201T091008,0,2017-08,T40QFM,0.030067343764697343,0,0.7582001306706534
S2B_MSIL2A_20170824T064009_R120_T40QFM_20210201T091008_0001.jpg,S2B_MSIL2A_20170824T064009_R120_T40QFM_20210201T091008,0,2017-08,T40QFM,0.030067343764697343,0,0.7582001306706534
S2A_MSIL2A_20170829T064021_R120_T40QFM_20210201T133444_0000.jpg,S2A_MSIL2A_20170829T064021_R120_T40QFM_20210201T133444,0,2017-08,T40QFM,0.08833884430721615,0,0.7582001306706534
S2A_MSIL2A_20170829T064021_R120_T40QFM_20210201T133444_0001.jpg,S2A_MSIL2A_20170829T064021_R120_T40QFM_20210201T133444,0,2017-08,T40QFM,0.08833884430721615,0,0.7582001306706534
S2A_MSIL2A_20170908T063621_R120_T40QFM_20210201T212456_0000.jpg,S2A_MSIL2A_20170908T063621_R120_T40QFM_20210201T212456,0,2017-09,T40QFM,0.06452561927953414,0,0.7582001306706534
S2A_MSIL2A_20170908T063621_R120_T40QFM_20210201T212456_0001.jpg,S2A_MSIL2A_20170908T063621_R120_T40QFM_20210201T212456,0,2017-09,T40QFM,0.06452561927953414,0,0.7582001306706534
S2B_MSIL2A_20170913T064009_R120_T40QFM_20210202T020531_0000.jpg,S2B_MSIL2A_20170913T064009_R120_T40QFM_20210202T020531,0,2017-09,T40QFM,0.04165367843625169,0,0.7582001306706534
S2B_MSIL2A_20170913T064009_R120_T40QFM_20210202T020531_0001.jpg,S2B_MSIL2A_20170913T064009_R120_T40QFM_20210202T020531,0,2017-09,T40QFM,0.04165367843625169,0,0.7582001306706534
S2A_MSIL2A_20170928T063631_R120_T40QFM_20210202T110028_0000.jpg,S2A_MSIL2A_20170928T063631_R120_T40QFM_20210202T110028,1,2017-09,T40QFM,0.8334617981189701,1,0.7582001306706534
S2A_MSIL2A_20170928T063631_R120_T40QFM_20210202T110028_0001.jpg,S2A_MSIL2A_20170928T063631_R120_T40QFM_20210202T110028,1,2017-09,T40QFM,0.8334617981189701,1,0.7582001306706534
S2B_MSIL2A_20171003T063959_R120_T40QFM_20210202T132556_0000.jpg,S2B_MSIL2A_20171003T063959_R120_T40QFM_20210202T132556,0,2017-10,T40QFM,0.41107126562096186,0,0.7582001306706534
S2B_MSIL2A_20171003T063959_R120_T40QFM_20210202T132556_0001.jpg,S2B_MSIL2A_20171003T063959_R120_T40QFM_20210202T132556,0,2017-10,T40QFM,0.41107126562096186,0,0.7582001306706534
S2B_MSIL2A_20171013T063809_R120_T40QFM_20201015T000730_0000.jpg,S2B_MSIL2A_20171013T063809_R120_T40QFM_20201015T000730,0,2017-10,T40QFM,0.0432442416230463,0,0.7582001306706534
S2B_MSIL2A_20171013T063809_R120_T40QFM_20201015T000730_0001.jpg,S2B_MSIL2A_20171013T063809_R120_T40QFM_20201015T000730,0,2017-10,T40QFM,0.0432442416230463,0,0.7582001306706534
S2B_MSIL2A_20171023T063959_R120_T40QFM_20201015T014903_0000.jpg,S2B_MSIL2A_20171023T063959_R120_T40QFM_20201015T014903,0,2017-10,T40QFM,0.022975735311255244,0,0.7582001306706534
S2B_MSIL2A_20171023T063959_R120_T40QFM_20201015T014903_0001.jpg,S2B_MSIL2A_20171023T063959_R120_T40QFM_20201015T014903,0,2017-10,T40QFM,0.022975735311255244,0,0.7582001306706534
S2A_MSIL2A_20171028T064011_R120_T40QFM_20201015T024342_0000.jpg,S2A_MSIL2A_20171028T064011_R120_T40QFM_20201015T024342,0,2017-10,T40QFM,0.025405212137536524,0,0.7582001306706534
S2A_MSIL2A_20171028T064011_R120_T40QFM_20201015T024342_0001.jpg,S2A_MSIL2A_20171028T064011_R120_T40QFM_20201015T024342,0,2017-10,T40QFM,0.025405212137536524,0,0.7582001306706534
S2A_MSIL2A_20171107T064051_R120_T40QFM_20201014T183734_0000.jpg,S2A_MSIL2A_20171107T064051_R120_T40QFM_20201014T183734,0,2017-11,T40QFM,0.5535323596022362,0,0.7582001306706534
S2A_MSIL2A_20171107T064051_R120_T40QFM_20201014T183734_0001.jpg,S2A_MSIL2A_20171107T064051_R120_T40QFM_20201014T183734,0,2017-11,T40QFM,0.5535323596022362,0,0.7582001306706534
S2B_MSIL2A_20171112T064109_R120_T40QFM_20210215T163917_0000.jpg,S2B_MSIL2A_20171112T064109_R120_T40QFM_20210215T163917,0,2017-11,T40QFM,0.020887292379541636,0,0.7582001306706534
S2B_MSIL2A_20171112T064109_R120_T40QFM_20210215T163917_0001.jpg,S2B_MSIL2A_20171112T064109_R120_T40QFM_20210215T163917,0,2017-11,T40QFM,0.020887292379541636,0,0.7582001306706534
S2A_MSIL2A_20171127T064211_R120_T40QFM_20201014T222555_0000.jpg,S2A_MSIL2A_20171127T064211_R120_T40QFM_20201014T222555,0,2017-11,T40QFM,0.07727413340312177,0,0.7582001306706534
S2A_MSIL2A_20171127T064211_R120_T40QFM_20201014T222555_0001.jpg,S2A_MSIL2A_20171127T064211_R120_T40QFM_20201014T222555,0,2017-11,T40QFM,0.07727413340312177,0,0.7582001306706534
S2B_MSIL2A_20171202T064229_R120_T40QFM_20201014T114607_0000.jpg,S2B_MSIL2A_20171202T064229_R120_T40QFM_20201014T114607,0,2017-12,T40QFM,0.018451721655473107,0,0.7582001306706534
S2B_MSIL2A_20171202T064229_R120_T40QFM_20201014T114607_0001.jpg,S2B_MSIL2A_20171202T064229_R120_T40QFM_20201014T114607,0,2017-12,T40QFM,0.018451721655473107,0,0.7582001306706534
S2B_MSIL2A_20171212T064249_R120_T40QFM_20201014T133905_0000.jpg,S2B_MSIL2A_20171212T064249_R120_T40QFM_20201014T133905,0,2017-12,T40QFM,0.8029096234425913,1,0.7582001306706534
S2B_MSIL2A_20171212T064249_R120_T40QFM_20201014T133905_0001.jpg,S2B_MSIL2A_20171212T064249_R120_T40QFM_20201014T133905,0,2017-12,T40QFM,0.8029096234425913,1,0.7582001306706534
S2B_MSIL2A_20180101T064249_R120_T40QFM_20201014T023737_0000.jpg,S2B_MSIL2A_20180101T064249_R120_T40QFM_20201014T023737,0,2018-01,T40QFM,0.08336362630596678,0,0.7582001306706534
S2B_MSIL2A_20180101T064249_R120_T40QFM_20201014T023737_0001.jpg,S2B_MSIL2A_20180101T064249_R120_T40QFM_20201014T023737,0,2018-01,T40QFM,0.08336362630596678,0,0.7582001306706534
S2B_MSIL2A_20180111T064229_R120_T40QFM_20201014T045856_0000.jpg,S2B_MSIL2A_20180111T064229_R120_T40QFM_20201014T045856,0,2018-01,T40QFM,0.4677530749468752,0,0.7582001306706534
S2B_MSIL2A_20180111T064229_R120_T40QFM_20201014T045856_0001.jpg,S2B_MSIL2A_20180111T064229_R120_T40QFM_20201014T045856,0,2018-01,T40QFM,0.4677530749468752,0,0.7582001306706534
S2A_MSIL2A_20180126T064131_R120_T40QFM_20201014T085127_0000.jpg,S2A_MSIL2A_20180126T064131_R120_T40QFM_20201014T085127,0,2018-01,T40QFM,0.03173052696880078,0,0.7582001306706534
S2A_MSIL2A_20180126T064131_R120_T40QFM_20201014T085127_0001.jpg,S2A_MSIL2A_20180126T064131_R120_T40QFM_20201014T085127,0,2018-01,T40QFM,0.03173052696880078,0,0.7582001306706534
S2A_MSIL2A_20180215T063941_R120_T40QFM_20201013T212603_0000.jpg,S2A_MSIL2A_20180215T063941_R120_T40QFM_20201013T212603,0,2018-02,T40QFM,0.4495710953149073,0,0.7582001306706534
S2A_MSIL2A_20180215T063941_R120_T40QFM_20201013T212603_0001.jpg,S2A_MSIL2A_20180215T063941_R120_T40QFM_20201013T212603,0,2018-02,T40QFM,0.4495710953149073,0,0.7582001306706534
S2B_MSIL2A_20180220T063909_R120_T40QFM_20201013T233242_0000.jpg,S2B_MSIL2A_20180220T063909_R120_T40QFM_20201013T233242,0,2018-02,T40QFM,0.04274066675548696,0,0.7582001306706534
S2B_MSIL2A_20180220T063909_R120_T40QFM_20201013T233242_0001.jpg,S2B_MSIL2A_20180220T063909_R120_T40QFM_20201013T233242,0,2018-02,T40QFM,0.04274066675548696,0,0.7582001306706534
S2A_MSIL2A_20180307T063721_R120_T40QFM_20201013T073203_0000.jpg,S2A_MSIL2A_20180307T063721_R120_T40QFM_20201013T073203,0,2018-03,T40QFM,0.20426620561132947,0,0.7582001306706534
S2A_MSIL2A_20180307T063721_R120_T40QFM_20201013T073203_0001.jpg,S2A_MSIL2A_20180307T063721_R120_T40QFM_20201013T073203,0,2018-03,T40QFM,0.20426620561132947,0,0.7582001306706534
S2B_MSIL2A_20180322T063619_R120_T40QFM_20201013T124206_0000.jpg,S2B_MSIL2A_20180322T063619_R120_T40QFM_20201013T124206,0,2018-03,T40QFM,0.08051649214517063,0,0.7582001306706534
S2B_MSIL2A_20180322T063619_R120_T40QFM_20201013T124206_0001.jpg,S2B_MSIL2A_20180322T063619_R120_T40QFM_20201013T124206,0,2018-03,T40QFM,0.08051649214517063,0,0.7582001306706534
S2A_MSIL2A_20180327T063621_R120_T40QFM_20201013T145541_0000.jpg,S2A_MSIL2A_20180327T063621_R120_T40QFM_20201013T145541,0,2018-03,T40QFM,0.07695860285224651,0,0.7582001306706534
S2A_MSIL2A_20180327T063621_R120_T40QFM_20201013T145541_0001.jpg,S2A_MSIL2A_20180327T063621_R120_T40QFM_20201013T145541,0,2018-03,T40QFM,0.07695860285224651,0,0.7582001306706534
S2A_MSIL2A_20180406T063631_R120_T40QFM_20201012T185420_0000.jpg,S2A_MSIL2A_20180406T063631_R120_T40QFM_20201012T185420,0,2018-04,T40QFM,0.18488567271073206,0,0.7582001306706534
S2A_MSIL2A_20180406T063631_R120_T40QFM_20201012T185420_0001.jpg,S2A_MSIL2A_20180406T063631_R120_T40QFM_20201012T185420,0,2018-04,T40QFM,0.18488567271073206,0,0.7582001306706534
S2A_MSIL2A_20180416T063631_R120_T40QFM_20201012T225328_0000.jpg,S2A_MSIL2A_20180416T063631_R120_T40QFM_20201012T225328,0,2018-04,T40QFM,0.14962750706181183,0,0.7582001306706534
S2A_MSIL2A_20180416T063631_R120_T40QFM_20201012T225328_0001.jpg,S2A_MSIL2A_20180416T063631_R120_T40QFM_20201012T225328,0,2018-04,T40QFM,0.14962750706181183,0,0.7582001306706534
S2B_MSIL2A_20180421T063629_R120_T40QFM_20201013T005710_0000.jpg,S2B_MSIL2A_20180421T063629_R120_T40QFM_20201013T005710,0,2018-04,T40QFM,0.23739814238416157,0,0.7582001306706534
S2B_MSIL2A_20180421T063629_R120_T40QFM_20201013T005710_0001.jpg,S2B_MSIL2A_20180421T063629_R120_T40QFM_20201013T005710,0,2018-04,T40QFM,0.23739814238416157,0,0.7582001306706534
S2A_MSIL2A_20180506T063631_R120_T40QFM_20201012T062537_0000.jpg,S2A_MSIL2A_20180506T063631_R120_T40QFM_20201012T062537,0,2018-05,T40QFM,0.08774843380438123,0,0.7582001306706534
S2A_MSIL2A_20180506T063631_R120_T40QFM_20201012T062537_0001.jpg,S2A_MSIL2A_20180506T063631_R120_T40QFM_20201012T062537,0,2018-05,T40QFM,0.08774843380438123,0,0.7582001306706534
S2A_MSIL2A_20180516T063631_R120_T40QFM_20201012T102832_0000.jpg,S2A_MSIL2A_20180516T063631_R120_T40QFM_20201012T102832,1,2018-05,T40QFM,0.712629865317748,0,0.7582001306706534
S2A_MSIL2A_20180516T063631_R120_T40QFM_20201012T102832_0001.jpg,S2A_MSIL2A_20180516T063631_R120_T40QFM_20201012T102832,1,2018-05,T40QFM,0.712629865317748,0,0.7582001306706534
S2B_MSIL2A_20180521T063629_R120_T40QFM_20201026T102945_0000.jpg,S2B_MSIL2A_20180521T063629_R120_T40QFM_20201026T102945,0,2018-05,T40QFM,0.024491046570597346,0,0.7582001306706534
S2B_MSIL2A_20180521T063629_R120_T40QFM_20201026T102945_0001.jpg,S2B_MSIL2A_20180521T063629_R120_T40QFM_20201026T102945,0,2018-05,T40QFM,0.024491046570597346,0,0.7582001306706534
S2B_MSIL2A_20180531T063619_R120_T40QFM_20201012T162134_0000.jpg,S2B_MSIL2A_20180531T063619_R120_T40QFM_20201012T162134,1,2018-05,T40QFM,0.8279933976426812,1,0.7582001306706534
S2B_MSIL2A_20180531T063619_R120_T40QFM_20201012T162134_0001.jpg,S2B_MSIL2A_20180531T063619_R120_T40QFM_20201012T162134,1,2018-05,T40QFM,0.8279933976426812,1,0.7582001306706534
S2A_MSIL2A_20180605T063631_R120_T40QFM_20201026T160308_0000.jpg,S2A_MSIL2A_20180605T063631_R120_T40QFM_20201026T160308,1,2018-06,T40QFM,0.8189015573983557,1,0.7582001306706534
S2A_MSIL2A_20180605T063631_R120_T40QFM_20201026T160308_0001.jpg,S2A_MSIL2A_20180605T063631_R120_T40QFM_20201026T160308,1,2018-06,T40QFM,0.8189015573983557,1,0.7582001306706534
S2A_MSIL2A_20180615T063631_R120_T40QFM_20201027T012842_0000.jpg,S2A_MSIL2A_20180615T063631_R120_T40QFM_20201027T012842,0,2018-06,T40QFM,0.10976616282733734,0,0.7582001306706534
S2A_MSIL2A_20180615T063631_R120_T40QFM_20201027T012842_0001.jpg,S2A_MSIL2A_20180615T063631_R120_T40QFM_20201027T012842,0,2018-06,T40QFM,0.10976616282733734,0,0.7582001306706534
S2B_MSIL2A_20180630T063629_R120_T40QFM_20201012T041733_0000.jpg,S2B_MSIL2A_20180630T063629_R120_T40QFM_20201012T041733,0,2018-06,T40QFM,0.05399468107256168,0,0.7582001306706534
S2A_MSIL2A_20180725T063631_R120_T40QFM_20201011T194532_0000.jpg,S2A_MSIL2A_20180725T063631_R120_T40QFM_20201011T194532,0,2018-07,T40QFM,0.1976566511567223,0,0.7582001306706534
S2A_MSIL2A_20180725T063631_R120_T40QFM_20201011T194532_0001.jpg,S2A_MSIL2A_20180725T063631_R120_T40QFM_20201011T194532,0,2018-07,T40QFM,0.1976566511567223,0,0.7582001306706534
S2A_MSIL2A_20180814T063631_R120_T40QFM_20201027T032716_0000.jpg,S2A_MSIL2A_20180814T063631_R120_T40QFM_20201027T032716,0,2018-08,T40QFM,0.3355669041548257,0,0.7582001306706534
S2A_MSIL2A_20180814T063631_R120_T40QFM_20201027T032716_0001.jpg,S2A_MSIL2A_20180814T063631_R120_T40QFM_20201027T032716,0,2018-08,T40QFM,0.3355669041548257,0,0.7582001306706534
S2A_MSIL2A_20180824T063621_R120_T40QFM_20201011T061327_0000.jpg,S2A_MSIL2A_20180824T063621_R120_T40QFM_20201011T061327,0,2018-08,T40QFM,0.23683726069126446,0,0.7582001306706534
S2A_MSIL2A_20180824T063621_R120_T40QFM_20201011T061327_0001.jpg,S2A_MSIL2A_20180824T063621_R120_T40QFM_20201011T061327,0,2018-08,T40QFM,0.23683726069126446,0,0.7582001306706534
S2B_MSIL2A_20180829T063619_R120_T40QFM_20201103T122653_0000.jpg,S2B_MSIL2A_20180829T063619_R120_T40QFM_20201103T122653,0,2018-08,T40QFM,0.17320362608315862,0,0.7582001306706534
S2B_MSIL2A_20180829T063619_R120_T40QFM_20201103T122653_0001.jpg,S2B_MSIL2A_20180829T063619_R120_T40QFM_20201103T122653,0,2018-08,T40QFM,0.17320362608315862,0,0.7582001306706534
S2A_MSIL2A_20180903T063621_R120_T40QFM_20201011T075609_0000.jpg,S2A_MSIL2A_20180903T063621_R120_T40QFM_20201011T075609,0,2018-09,T40QFM,0.4434308740725044,0,0.7582001306706534
S2A_MSIL2A_20180903T063621_R120_T40QFM_20201011T075609_0001.jpg,S2A_MSIL2A_20180903T063621_R120_T40QFM_20201011T075609,0,2018-09,T40QFM,0.4434308740725044,0,0.7582001306706534
S2A_MSIL2A_20180923T063621_R120_T40QFM_20201009T035752_0000.jpg,S2A_MSIL2A_20180923T063621_R120_T40QFM_20201009T035752,0,2018-09,T40QFM,0.042303749750441405,0,0.7582001306706534
S2A_MSIL2A_20180923T063621_R120_T40QFM_20201009T035752_0001.jpg,S2A_MSIL2A_20180923T063621_R120_T40QFM_20201009T035752,0,2018-09,T40QFM,0.042303749750441405,0,0.7582001306706534
S2B_MSIL2A_20180928T063629_R120_T40QFM_20201009T055459_0000.jpg,S2B_MSIL2A_20180928T063629_R120_T40QFM_20201009T055459,0,2018-09,T40QFM,0.049159561384538794,0,0.7582001306706534
S2B_MSIL2A_20180928T063629_R120_T40QFM_20201009T055459_0001.jpg,S2B_MSIL2A_20180928T063629_R120_T40QFM_20201009T055459,0,2018-09,T40QFM,0.049159561384538794,0,0.7582001306706534
S2A_MSIL2A_20181003T063711_R120_T40QFM_20201009T073338_0000.jpg,S2A_MSIL2A_20181003T063711_R120_T40QFM_20201009T073338,0,2018-10,T40QFM,0.5486546511465047,0,0.7582001306706534
S2A_MSIL2A_20181003T063711_R120_T40QFM_20201009T073338_0001.jpg,S2A_MSIL2A_20181003T063711_R120_T40QFM_20201009T073338,0,2018-10,T40QFM,0.5486546511465047,0,0.7582001306706534
S2A_MSIL2A_20181023T063921_R120_T40QFM_20201009T142515_0000.jpg,S2A_MSIL2A_20181023T063921_R120_T40QFM_20201009T142515,0,2018-10,T40QFM,0.05696466406868275,0,0.7582001306706534
S2A_MSIL2A_20181023T063921_R120_T40QFM_20201009T142515_0001.jpg,S2A_MSIL2A_20181023T063921_R120_T40QFM_20201009T142515,0,2018-10,T40QFM,0.05696466406868275,0,0.7582001306706534
S2B_MSIL2A_20181028T063949_R120_T40QFM_20201009T161329_0000.jpg,S2B_MSIL2A_20181028T063949_R120_T40QFM_20201009T161329,0,2018-10,T40QFM,0.019087234251840664,0,0.7582001306706534
S2B_MSIL2A_20181028T063949_R120_T40QFM_20201009T161329_0001.jpg,S2B_MSIL2A_20181028T063949_R120_T40QFM_20201009T161329,0,2018-10,T40QFM,0.019087234251840664,0,0.7582001306706534
S2B_MSIL2A_20181107T064049_R120_T40QFM_20201008T164036_0000.jpg,S2B_MSIL2A_20181107T064049_R120_T40QFM_20201008T164036,0,2018-11,T40QFM,0.06193253429732374,0,0.7582001306706534
S2B_MSIL2A_20181107T064049_R120_T40QFM_20201008T164036_0001.jpg,S2B_MSIL2A_20181107T064049_R120_T40QFM_20201008T164036,0,2018-11,T40QFM,0.06193253429732374,0,0.7582001306706534
S2A_MSIL2A_20181122T064151_R120_T40QFM_20201008T204126_0000.jpg,S2A_MSIL2A_20181122T064151_R120_T40QFM_20201008T204126,0,2018-11,T40QFM,0.23758064502059076,0,0.7582001306706534
S2A_MSIL2A_20181122T064151_R120_T40QFM_20201008T204126_0001.jpg,S2A_MSIL2A_20181122T064151_R120_T40QFM_20201008T204126,0,2018-11,T40QFM,0.23758064502059076,0,0.7582001306706534
S2B_MSIL2A_20181207T064239_R120_T40QFM_20201008T081206_0000.jpg,S2B_MSIL2A_20181207T064239_R120_T40QFM_20201008T081206,0,2018-12,T40QFM,0.02004842192975486,0,0.7582001306706534
S2B_MSIL2A_20181207T064239_R120_T40QFM_20201008T081206_0001.jpg,S2B_MSIL2A_20181207T064239_R120_T40QFM_20201008T081206,0,2018-12,T40QFM,0.02004842192975486,0,0.7582001306706534
S2A_MSIL2A_20181212T064251_R120_T40QFM_20201008T092507_0000.jpg,S2A_MSIL2A_20181212T064251_R120_T40QFM_20201008T092507,1,2018-12,T40QFM,0.8448177843280977,1,0.7582001306706534
S2A_MSIL2A_20181212T064251_R120_T40QFM_20201008T092507_0001.jpg,S2A_MSIL2A_20181212T064251_R120_T40QFM_20201008T092507,1,2018-12,T40QFM,0.8448177843280977,1,0.7582001306706534
S2B_MSIL2A_20181227T064259_R120_T40QFM_20201031T003053_0000.jpg,S2B_MSIL2A_20181227T064259_R120_T40QFM_20201031T003053,0,2018-12,T40QFM,0.2703147524456781,0,0.7582001306706534
S2B_MSIL2A_20181227T064259_R120_T40QFM_20201031T003053_0001.jpg,S2B_MSIL2A_20181227T064259_R120_T40QFM_20201031T003053,0,2018-12,T40QFM,0.2703147524456781,0,0.7582001306706534
S2B_MSIL2A_20190106T064249_R120_T40QFM_20201007T231950_0000.jpg,S2B_MSIL2A_20190106T064249_R120_T40QFM_20201007T231950,0,2019-01,T40QFM,0.05052717516536047,0,0.7582001306706534
S2B_MSIL2A_20190106T064249_R120_T40QFM_20201007T231950_0001.jpg,S2B_MSIL2A_20190106T064249_R120_T40QFM_20201007T231950,0,2019-01,T40QFM,0.05052717516536047,0,0.7582001306706534
S2B_MSIL2A_20190116T064219_R120_T40QFM_20201008T020524_0000.jpg,S2B_MSIL2A_20190116T064219_R120_T40QFM_20201008T020524,0,2019-01,T40QFM,0.05832140844900064,0,0.7582001306706534
S2B_MSIL2A_20190116T064219_R120_T40QFM_20201008T020524_0001.jpg,S2B_MSIL2A_20190116T064219_R120_T40QFM_20201008T020524,0,2019-01,T40QFM,0.05832140844900064,0,0.7582001306706534
S2B_MSIL2A_20190126T064139_R120_T40QFM_20201008T045151_0000.jpg,S2B_MSIL2A_20190126T064139_R120_T40QFM_20201008T045151,0,2019-01,T40QFM,0.16233350653009146,0,0.7582001306706534
S2B_MSIL2A_20190126T064139_R120_T40QFM_20201008T045151_0001.jpg,S2B_MSIL2A_20190126T064139_R120_T40QFM_20201008T045151,0,2019-01,T40QFM,0.16233350653009146,0,0.7582001306706534
S2B_MSIL2A_20190205T064049_R120_T40QFM_20201007T141559_0000.jpg,S2B_MSIL2A_20190205T064049_R120_T40QFM_20201007T141559,0,2019-02,T40QFM,0.036964962973833955,0,0.7582001306706534
S2B_MSIL2A_20190205T064049_R120_T40QFM_20201007T141559_0001.jpg,S2B_MSIL2A_20190205T064049_R120_T40QFM_20201007T141559,0,2019-02,T40QFM,0.036964962973833955,0,0.7582001306706534
S2B_MSIL2A_20190215T063949_R120_T40QFM_20201030T013007_0000.jpg,S2B_MSIL2A_20190215T063949_R120_T40QFM_20201030T013007,1,2019-02,T40QFM,0.7941771798378325,1,0.7582001306706534
S2B_MSIL2A_20190215T063949_R120_T40QFM_20201030T013007_0001.jpg,S2B_MSIL2A_20190215T063949_R120_T40QFM_20201030T013007,1,2019-02,T40QFM,0.7941771798378325,1,0.7582001306706534
S2B_MSIL2A_20190307T063729_R120_T40QFM_20201105T093834_0000.jpg,S2B_MSIL2A_20190307T063729_R120_T40QFM_20201105T093834,0,2019-03,T40QFM,0.22869407990130597,0,0.7582001306706534
S2B_MSIL2A_20190307T063729_R120_T40QFM_20201105T093834_0001.jpg,S2B_MSIL2A_20190307T063729_R120_T40QFM_20201105T093834,0,2019-03,T40QFM,0.22869407990130597,0,0.7582001306706534
S2B_MSIL2A_20190317T063629_R120_T40QFM_20201007T074128_0000.jpg,S2B_MSIL2A_20190317T063629_R120_T40QFM_20201007T074128,1,2019-03,T40QFM,0.7555527235624507,0,0.7582001306706534
S2B_MSIL2A_20190317T063629_R120_T40QFM_20201007T074128_0001.jpg,S2B_MSIL2A_20190317T063629_R120_T40QFM_20201007T074128,1,2019-03,T40QFM,0.7555527235624507,0,0.7582001306706534
S2A_MSIL2A_20190401T063631_R120_T40QFM_20201006T205110_0000.jpg,S2A_MSIL2A_20190401T063631_R120_T40QFM_20201006T205110,1,2019-04,T40QFM,0.7812317971554891,1,0.7582001306706534
S2A_MSIL2A_20190401T063631_R120_T40QFM_20201006T205110_0001.jpg,S2A_MSIL2A_20190401T063631_R120_T40QFM_20201006T205110,1,2019-04,T40QFM,0.7812317971554891,1,0.7582001306706534
S2B_MSIL2A_20190416T063629_R120_T40QFM_20201007T025319_0000.jpg,S2B_MSIL2A_20190416T063629_R120_T40QFM_20201007T025319,0,2019-04,T40QFM,0.08585111985163298,0,0.7582001306706534
S2B_MSIL2A_20190416T063629_R120_T40QFM_20201007T025319_0001.jpg,S2B_MSIL2A_20190416T063629_R120_T40QFM_20201007T025319,0,2019-04,T40QFM,0.08585111985163298,0,0.7582001306706534
S2A_MSIL2A_20190421T063631_R120_T40QFM_20201105T132237_0000.jpg,S2A_MSIL2A_20190421T063631_R120_T40QFM_20201105T132237,0,2019-04,T40QFM,0.06849899578773554,0,0.7582001306706534
S2A_MSIL2A_20190421T063631_R120_T40QFM_20201105T132237_0001.jpg,S2A_MSIL2A_20190421T063631_R120_T40QFM_20201105T132237,0,2019-04,T40QFM,0.06849899578773554,0,0.7582001306706534
S2B_MSIL2A_20190426T063629_R120_T40QFM_20201105T192133_0000.jpg,S2B_MSIL2A_20190426T063629_R120_T40QFM_20201105T192133,0,2019-04,T40QFM,0.04379996690965783,0,0.7582001306706534
S2B_MSIL2A_20190426T063629_R120_T40QFM_20201105T192133_0001.jpg,S2B_MSIL2A_20190426T063629_R120_T40QFM_20201105T192133,0,2019-04,T40QFM,0.04379996690965783,0,0.7582001306706534
S2A_MSIL2A_20190501T063631_R120_T40QFM_20201006T083335_0000.jpg,S2A_MSIL2A_20190501T063631_R120_T40QFM_20201006T083335,0,2019-05,T40QFM,0.16958287055114646,0,0.7582001306706534
S2A_MSIL2A_20190501T063631_R120_T40QFM_20201006T083335_0001.jpg,S2A_MSIL2A_20190501T063631_R120_T40QFM_20201006T083335,0,2019-05,T40QFM,0.16958287055114646,0,0.7582001306706534
S2A_MSIL2A_20190531T063631_R120_T40QFM_20201006T202737_0000.jpg,S2A_MSIL2A_20190531T063631_R120_T40QFM_20201006T202737,1,2019-05,T40QFM,0.306936279196224,0,0.7582001306706534
S2A_MSIL2A_20190531T063631_R120_T40QFM_20201006T202737_0001.jpg,S2A_MSIL2A_20190531T063631_R120_T40QFM_20201006T202737,1,2019-05,T40QFM,0.306936279196224,0,0.7582001306706534
S2A_MSIL2A_20190610T063631_R120_T40QFM_20201006T002059_0000.jpg,S2A_MSIL2A_20190610T063631_R120_T40QFM_20201006T002059,1,2019-06,T40QFM,0.9016885395470462,1,0.7582001306706534
S2A_MSIL2A_20190610T063631_R120_T40QFM_20201006T002059_0001.jpg,S2A_MSIL2A_20190610T063631_R120_T40QFM_20201006T002059,1,2019-06,T40QFM,0.9016885395470462,1,0.7582001306706534
S2A_MSIL2A_20190620T063631_R120_T40QFM_20201006T042636_0000.jpg,S2A_MSIL2A_20190620T063631_R120_T40QFM_20201006T042636,1,2019-06,T40QFM,0.8849366758314259,1,0.7582001306706534
S2A_MSIL2A_20190620T063631_R120_T40QFM_20201006T042636_0001.jpg,S2A_MSIL2A_20190620T063631_R120_T40QFM_20201006T042636,1,2019-06,T40QFM,0.8849366758314259,1,0.7582001306706534
S2B_MSIL2A_20190625T063639_R120_T40QFM_20201006T061706_0000.jpg,S2B_MSIL2A_20190625T063639_R120_T40QFM_20201006T061706,1,2019-06,T40QFM,0.8645312175661364,1,0.7582001306706534
S2B_MSIL2A_20190625T063639_R120_T40QFM_20201006T061706_0001.jpg,S2B_MSIL2A_20190625T063639_R120_T40QFM_20201006T061706,1,2019-06,T40QFM,0.8645312175661364,1,0.7582001306706534
S2B_MSIL2A_20190715T063639_R120_T40QFM_20201005T143128_0000.jpg,S2B_MSIL2A_20190715T063639_R120_T40QFM_20201005T143128,1,2019-07,T40QFM,0.6786403072656093,0,0.7582001306706534
S2B_MSIL2A_20190715T063639_R120_T40QFM_20201005T143128_0001.jpg,S2B_MSIL2A_20190715T063639_R120_T40QFM_20201005T143128,1,2019-07,T40QFM,0.6786403072656093,0,0.7582001306706534
S2A_MSIL2A_20190720T063631_R120_T40QFM_20201005T164749_0000.jpg,S2A_MSIL2A_20190720T063631_R120_T40QFM_20201005T164749,0,2019-07,T40QFM,0.1145963493237625,0,0.7582001306706534
S2A_MSIL2A_20190720T063631_R120_T40QFM_20201005T164749_0001.jpg,S2A_MSIL2A_20190720T063631_R120_T40QFM_20201005T164749,0,2019-07,T40QFM,0.1145963493237625,0,0.7582001306706534
S2B_MSIL2A_20190804T063639_R120_T40QFM_20201004T202513_0000.jpg,S2B_MSIL2A_20190804T063639_R120_T40QFM_20201004T202513,0,2019-08,T40QFM,0.1438315542034162,0,0.7582001306706534
S2B_MSIL2A_20190804T063639_R120_T40QFM_20201004T202513_0001.jpg,S2B_MSIL2A_20190804T063639_R120_T40QFM_20201004T202513,0,2019-08,T40QFM,0.1438315542034162,0,0.7582001306706534
S2B_MSIL2A_20190814T063629_R120_T40QFM_20201005T002201_0000.jpg,S2B_MSIL2A_20190814T063629_R120_T40QFM_20201005T002201,1,2019-08,T40QFM,0.7370938876911787,0,0.7582001306706534
S2B_MSIL2A_20190814T063629_R120_T40QFM_20201005T002201_0001.jpg,S2B_MSIL2A_20190814T063629_R120_T40QFM_20201005T002201,1,2019-08,T40QFM,0.7370938876911787,0,0.7582001306706534
S2B_MSIL2A_20190903T063629_R120_T40QFM_20201004T085303_0000.jpg,S2B_MSIL2A_20190903T063629_R120_T40QFM_20201004T085303,1,2019-09,T40QFM,0.9302970663352267,1,0.7582001306706534
S2B_MSIL2A_20190903T063629_R120_T40QFM_20201004T085303_0001.jpg,S2B_MSIL2A_20190903T063629_R120_T40QFM_20201004T085303,1,2019-09,T40QFM,0.9302970663352267,1,0.7582001306706534
S2B_MSIL2A_20190913T063629_R120_T40QFM_20201004T124506_0000.jpg,S2B_MSIL2A_20190913T063629_R120_T40QFM_20201004T124506,0,2019-09,T40QFM,0.024847546060061683,0,0.7582001306706534
S2B_MSIL2A_20190913T063629_R120_T40QFM_20201004T124506_0001.jpg,S2B_MSIL2A_20190913T063629_R120_T40QFM_20201004T124506,0,2019-09,T40QFM,0.024847546060061683,0,0.7582001306706534
S2A_MSIL2A_20190928T063631_R120_T40QFM_20201004T175744_0000.jpg,S2A_MSIL2A_20190928T063631_R120_T40QFM_20201004T175744,0,2019-09,T40QFM,0.022833170380526305,0,0.7582001306706534
S2A_MSIL2A_20190928T063631_R120_T40QFM_20201004T175744_0001.jpg,S2A_MSIL2A_20190928T063631_R120_T40QFM_20201004T175744,0,2019-09,T40QFM,0.022833170380526305,0,0.7582001306706534
S2B_MSIL2A_20191013T063819_R120_T40QFM_20201004T015449_0000.jpg,S2B_MSIL2A_20191013T063819_R120_T40QFM_20201004T015449,0,2019-10,T40QFM,0.16027259547959433,0,0.7582001306706534
S2B_MSIL2A_20191013T063819_R120_T40QFM_20201004T015449_0001.jpg,S2B_MSIL2A_20191013T063819_R120_T40QFM_20201004T015449,0,2019-10,T40QFM,0.16027259547959433,0,0.7582001306706534
S2A_MSIL2A_20191018T063851_R120_T40QFM_20201004T033421_0000.jpg,S2A_MSIL2A_20191018T063851_R120_T40QFM_20201004T033421,0,2019-10,T40QFM,0.17211785474602675,0,0.7582001306706534
S2A_MSIL2A_20191018T063851_R120_T40QFM_20201004T033421_0001.jpg,S2A_MSIL2A_20191018T063851_R120_T40QFM_20201004T033421,0,2019-10,T40QFM,0.17211785474602675,0,0.7582001306706534
S2B_MSIL2A_20191112T064119_R120_T40QFM_20201003T154909_0000.jpg,S2B_MSIL2A_20191112T064119_R120_T40QFM_20201003T154909,0,2019-11,T40QFM,0.16688213035232458,0,0.7582001306706534
S2B_MSIL2A_20191112T064119_R120_T40QFM_20201003T154909_0001.jpg,S2B_MSIL2A_20191112T064119_R120_T40QFM_20201003T154909,0,2019-11,T40QFM,0.16688213035232458,0,0.7582001306706534
S2A_MSIL2A_20191127T064221_R120_T40QFM_20201003T200811_0000.jpg,S2A_MSIL2A_20191127T064221_R120_T40QFM_20201003T200811,0,2019-11,T40QFM,0.045081624738094024,0,0.7582001306706534
S2A_MSIL2A_20191127T064221_R120_T40QFM_20201003T200811_0001.jpg,S2A_MSIL2A_20191127T064221_R120_T40QFM_20201003T200811,0,2019-11,T40QFM,0.045081624738094024,0,0.7582001306706534
S2B_MSIL2A_20191202T064229_R120_T40QFM_20201030T204137_0000.jpg,S2B_MSIL2A_20191202T064229_R120_T40QFM_20201030T204137,1,2019-12,T40QFM,0.7319669712403993,0,0.7582001306706534
S2B_MSIL2A_20191202T064229_R120_T40QFM_20201030T204137_0001.jpg,S2B_MSIL2A_20191202T064229_R120_T40QFM_20201030T204137,1,2019-12,T40QFM,0.7319669712403993,0,0.7582001306706534
S2B_MSIL2A_20191212T064249_R120_T40QFM_20201003T040419_0000.jpg,S2B_MSIL2A_20191212T064249_R120_T40QFM_20201003T040419,0,2019-12,T40QFM,0.4056034234090916,0,0.7582001306706534
S2B_MSIL2A_20191212T064249_R120_T40QFM_20201003T040419_0001.jpg,S2B_MSIL2A_20191212T064249_R120_T40QFM_20201003T040419,0,2019-12,T40QFM,0.4056034234090916,0,0.7582001306706534
S2B_MSIL2A_20191222T064259_R120_T40QFM_20201003T081853_0000.jpg,S2B_MSIL2A_20191222T064259_R120_T40QFM_20201003T081853,0,2019-12,T40QFM,0.05446668567807655,0,0.7582001306706534
S2B_MSIL2A_20191222T064259_R120_T40QFM_20201003T081853_0001.jpg,S2B_MSIL2A_20191222T064259_R120_T40QFM_20201003T081853,0,2019-12,T40QFM,0.05446668567807655,0,0.7582001306706534
S2A_MSIL2A_20191227T064301_R120_T40QFM_20201003T100621_0000.jpg,S2A_MSIL2A_20191227T064301_R120_T40QFM_20201003T100621,0,2019-12,T40QFM,0.2571762385189564,0,0.7582001306706534
S2A_MSIL2A_20191227T064301_R120_T40QFM_20201003T100621_0001.jpg,S2A_MSIL2A_20191227T064301_R120_T40QFM_20201003T100621,0,2019-12,T40QFM,0.2571762385189564,0,0.7582001306706534
S2A_MSIL2A_20200106T064241_R120_T40QFM_20201002T233226_0000.jpg,S2A_MSIL2A_20200106T064241_R120_T40QFM_20201002T233226,0,2020-01,T40QFM,0.10193389442577419,0,0.7582001306706534
S2A_MSIL2A_20200106T064241_R120_T40QFM_20201002T233226_0001.jpg,S2A_MSIL2A_20200106T064241_R120_T40QFM_20201002T233226,0,2020-01,T40QFM,0.10193389442577419,0,0.7582001306706534
S2A_MSIL2A_20200116T064221_R120_T40QFM_20201002T191643_0000.jpg,S2A_MSIL2A_20200116T064221_R120_T40QFM_20201002T191643,0,2020-01,T40QFM,0.17224148070917322,0,0.7582001306706534
S2A_MSIL2A_20200116T064221_R120_T40QFM_20201002T191643_0001.jpg,S2A_MSIL2A_20200116T064221_R120_T40QFM_20201002T191643,0,2020-01,T40QFM,0.17224148070917322,0,0.7582001306706534
S2B_MSIL2A_20200121T064159_R120_T40QFM_20201002T040351_0000.jpg,S2B_MSIL2A_20200121T064159_R120_T40QFM_20201002T040351,1,2020-01,T40QFM,0.9052364334037001,1,0.7582001306706534
S2B_MSIL2A_20200121T064159_R120_T40QFM_20201002T040351_0001.jpg,S2B_MSIL2A_20200121T064159_R120_T40QFM_20201002T040351,1,2020-01,T40QFM,0.9052364334037001,1,0.7582001306706534
S2B_MSIL2A_20200131T064109_R120_T40QFM_20201002T163044_0000.jpg,S2B_MSIL2A_20200131T064109_R120_T40QFM_20201002T163044,0,2020-01,T40QFM,0.020761673328436606,0,0.7582001306706534
S2B_MSIL2A_20200131T064109_R120_T40QFM_20201002T163044_0001.jpg,S2B_MSIL2A_20200131T064109_R120_T40QFM_20201002T163044,0,2020-01,T40QFM,0.020761673328436606,0,0.7582001306706534
S2A_MSIL2A_20200205T064041_R120_T40QFM_20200930T214249_0000.jpg,S2A_MSIL2A_20200205T064041_R120_T40QFM_20200930T214249,1,2020-02,T40QFM,0.5783193559069638,0,0.7582001306706534
S2A_MSIL2A_20200205T064041_R120_T40QFM_20200930T214249_0001.jpg,S2A_MSIL2A_20200205T064041_R120_T40QFM_20200930T214249,1,2020-02,T40QFM,0.5783193559069638,0,0.7582001306706534
S2B_MSIL2A_20200311T063649_R120_T40QFM_20201005T164243_0000.jpg,S2B_MSIL2A_20200311T063649_R120_T40QFM_20201005T164243,1,2020-03,T40QFM,0.8775575587556145,1,0.7582001306706534
S2B_MSIL2A_20200311T063649_R120_T40QFM_20201005T164243_0001.jpg,S2B_MSIL2A_20200311T063649_R120_T40QFM_20201005T164243,1,2020-03,T40QFM,0.8775575587556145,1,0.7582001306706534
S2B_MSIL2A_20200331T063629_R120_T40QFM_20201022T153445_0000.jpg,S2B_MSIL2A_20200331T063629_R120_T40QFM_20201022T153445,0,2020-03,T40QFM,0.03646944453122152,0,0.7582001306706534
S2B_MSIL2A_20200331T063629_R120_T40QFM_20201022T153445_0001.jpg,S2B_MSIL2A_20200331T063629_R120_T40QFM_20201022T153445,0,2020-03,T40QFM,0.03646944453122152,0,0.7582001306706534
S2A_MSIL2A_20200405T063621_R120_T40QFM_20200925T015236_0000.jpg,S2A_MSIL2A_20200405T063621_R120_T40QFM_20200925T015236,0,2020-04,T40QFM,0.23649515678186728,0,0.7582001306706534
S2A_MSIL2A_20200405T063621_R120_T40QFM_20200925T015236_0001.jpg,S2A_MSIL2A_20200405T063621_R120_T40QFM_20200925T015236,0,2020-04,T40QFM,0.23649515678186728,0,0.7582001306706534
S2B_MSIL2A_20200410T063619_R120_T40QFM_20200925T195159_0000.jpg,S2B_MSIL2A_20200410T063619_R120_T40QFM_20200925T195159,0,2020-04,T40QFM,0.19449309230162787,0,0.7582001306706534
S2B_MSIL2A_20200410T063619_R120_T40QFM_20200925T195159_0001.jpg,S2B_MSIL2A_20200410T063619_R120_T40QFM_20200925T195159,0,2020-04,T40QFM,0.19449309230162787,0,0.7582001306706534
S2B_MSIL2A_20200420T063619_R120_T40QFM_20200924T081202_0000.jpg,S2B_MSIL2A_20200420T063619_R120_T40QFM_20200924T081202,0,2020-04,T40QFM,0.023970992273968945,0,0.7582001306706534
S2B_MSIL2A_20200420T063619_R120_T40QFM_20200924T081202_0001.jpg,S2B_MSIL2A_20200420T063619_R120_T40QFM_20200924T081202,0,2020-04,T40QFM,0.023970992273968945,0,0.7582001306706534
S2A_MSIL2A_20200505T063631_R120_T40QFM_20200920T135246_0000.jpg,S2A_MSIL2A_20200505T063631_R120_T40QFM_20200920T135246,0,2020-05,T40QFM,0.13925071063370528,0,0.7582001306706534
S2A_MSIL2A_20200505T063631_R120_T40QFM_20200920T135246_0001.jpg,S2A_MSIL2A_20200505T063631_R120_T40QFM_20200920T135246,0,2020-05,T40QFM,0.13925071063370528,0,0.7582001306706534
S2A_MSIL2A_20200525T063631_R120_T40QFM_20200910T213823_0000.jpg,S2A_MSIL2A_20200525T063631_R120_T40QFM_20200910T213823,1,2020-05,T40QFM,0.205315346758043,0,0.7582001306706534
S2A_MSIL2A_20200525T063631_R120_T40QFM_20200910T213823_0001.jpg,S2A_MSIL2A_20200525T063631_R120_T40QFM_20200910T213823,1,2020-05,T40QFM,0.205315346758043,0,0.7582001306706534
S2A_MSIL2A_20200624T063631_R120_T40QFM_20200823T214846_0000.jpg,S2A_MSIL2A_20200624T063631_R120_T40QFM_20200823T214846,0,2020-06,T40QFM,0.6450816277077209,0,0.7582001306706534
S2A_MSIL2A_20200624T063631_R120_T40QFM_20200823T214846_0001.jpg,S2A_MSIL2A_20200624T063631_R120_T40QFM_20200823T214846,0,2020-06,T40QFM,0.6450816277077209,0,0.7582001306706534
S2B_MSIL2A_20200629T063629_R120_T40QFM_20200908T231949_0000.jpg,S2B_MSIL2A_20200629T063629_R120_T40QFM_20200908T231949,0,2020-06,T40QFM,0.03983744456825558,0,0.7582001306706534
S2B_MSIL2A_20200629T063629_R120_T40QFM_20200908T231949_0001.jpg,S2B_MSIL2A_20200629T063629_R120_T40QFM_20200908T231949,0,2020-06,T40QFM,0.03983744456825558,0,0.7582001306706534
S2A_MSIL2A_20200714T063631_R120_T40QFM_20200913T031806_0000.jpg,S2A_MSIL2A_20200714T063631_R120_T40QFM_20200913T031806,0,2020-07,T40QFM,0.03426275361897601,0,0.7582001306706534
S2A_MSIL2A_20200714T063631_R120_T40QFM_20200913T031806_0001.jpg,S2A_MSIL2A_20200714T063631_R120_T40QFM_20200913T031806,0,2020-07,T40QFM,0.03426275361897601,0,0.7582001306706534
S2B_MSIL2A_20200729T063629_R120_T40QFM_20200818T011759_0000.jpg,S2B_MSIL2A_20200729T063629_R120_T40QFM_20200818T011759,1,2020-07,T40QFM,0.9411980982565187,1,0.7582001306706534
S2B_MSIL2A_20200729T063629_R120_T40QFM_20200818T011759_0001.jpg,S2B_MSIL2A_20200729T063629_R120_T40QFM_20200818T011759,1,2020-07,T40QFM,0.9411980982565187,1,0.7582001306706534
S2A_MSIL2A_20200803T063631_R120_T40QFM_20200815T232333_0000.jpg,S2A_MSIL2A_20200803T063631_R120_T40QFM_20200815T232333,0,2020-08,T40QFM,0.4322400186883917,0,0.7582001306706534
S2A_MSIL2A_20200803T063631_R120_T40QFM_20200815T232333_0001.jpg,S2A_MSIL2A_20200803T063631_R120_T40QFM_20200815T232333,0,2020-08,T40QFM,0.4322400186883917,0,0.7582001306706534
S2B_MSIL2A_20200818T063629_R120_T40QFM_20200822T141329_0000.jpg,S2B_MSIL2A_20200818T063629_R120_T40QFM_20200822T141329,1,2020-08,T40QFM,0.9235293046915135,1,0.7582001306706534
S2B_MSIL2A_20200818T063629_R120_T40QFM_20200822T141329_0001.jpg,S2B_MSIL2A_20200818T063629_R120_T40QFM_20200822T141329,1,2020-08,T40QFM,0.9235293046915135,1,0.7582001306706534
S2B_MSIL2A_20200828T063629_R120_T40QFM_20200907T130616_0000.jpg,S2B_MSIL2A_20200828T063629_R120_T40QFM_20200907T130616,0,2020-08,T40QFM,0.06247841429517581,0,0.7582001306706534
S2B_MSIL2A_20200828T063629_R120_T40QFM_20200907T130616_0001.jpg,S2B_MSIL2A_20200828T063629_R120_T40QFM_20200907T130616,0,2020-08,T40QFM,0.06247841429517581,0,0.7582001306706534
S2B_MSIL2A_20200907T063629_R120_T40QFM_20200911T185901_0000.jpg,S2B_MSIL2A_20200907T063629_R120_T40QFM_20200911T185901,0,2020-09,T40QFM,0.013895926150502043,0,0.7582001306706534
S2B_MSIL2A_20200907T063629_R120_T40QFM_20200911T185901_0001.jpg,S2B_MSIL2A_20200907T063629_R120_T40QFM_20200911T185901,0,2020-09,T40QFM,0.013895926150502043,0,0.7582001306706534
S2A_MSIL2A_20200912T063631_R120_T40QFM_20200918T140400_0000.jpg,S2A_MSIL2A_20200912T063631_R120_T40QFM_20200918T140400,0,2020-09,T40QFM,0.021785869235448195,0,0.7582001306706534
S2A_MSIL2A_20200912T063631_R120_T40QFM_20200918T140400_0001.jpg,S2A_MSIL2A_20200912T063631_R120_T40QFM_20200918T140400,0,2020-09,T40QFM,0.021785869235448195,0,0.7582001306706534
S2B_MSIL2A_20200917T063629_R120_T40QFM_20200921T070854_0000.jpg,S2B_MSIL2A_20200917T063629_R120_T40QFM_20200921T070854,0,2020-09,T40QFM,0.31582990472623473,0,0.7582001306706534
S2B_MSIL2A_20200917T063629_R120_T40QFM_20200921T070854_0001.jpg,S2B_MSIL2A_20200917T063629_R120_T40QFM_20200921T070854,0,2020-09,T40QFM,0.31582990472623473,0,0.7582001306706534
S2B_MSIL2A_20200927T063639_R120_T40QFM_20200929T042445_0000.jpg,S2B_MSIL2A_20200927T063639_R120_T40QFM_20200929T042445,0,2020-09,T40QFM,0.4324336402751415,0,0.7582001306706534
S2B_MSIL2A_20200927T063639_R120_T40QFM_20200929T042445_0001.jpg,S2B_MSIL2A_20200927T063639_R120_T40QFM_20200929T042445,0,2020-09,T40QFM,0.4324336402751415,0,0.7582001306706534
S2B_MSIL2A_20201007T063749_R120_T40QFM_20201010T082504_0000.jpg,S2B_MSIL2A_20201007T063749_R120_T40QFM_20201010T082504,0,2020-10,T40QFM,0.140882949787926,0,0.7582001306706534
S2B_MSIL2A_20201007T063749_R120_T40QFM_20201010T082504_0001.jpg,S2B_MSIL2A_20201007T063749_R120_T40QFM_20201010T082504,0,2020-10,T40QFM,0.140882949787926,0,0.7582001306706534
S2A_MSIL2A_20201012T063821_R120_T40QFM_20201014T110847_0000.jpg,S2A_MSIL2A_20201012T063821_R120_T40QFM_20201014T110847,0,2020-10,T40QFM,0.1809840378906076,0,0.7582001306706534
S2A_MSIL2A_20201012T063821_R120_T40QFM_20201014T110847_0001.jpg,S2A_MSIL2A_20201012T063821_R120_T40QFM_20201014T110847,0,2020-10,T40QFM,0.1809840378906076,0,0.7582001306706534
S2A_MSIL2A_20201101T064031_R120_T40QFM_20201103T222817_0000.jpg,S2A_MSIL2A_20201101T064031_R120_T40QFM_20201103T222817,0,2020-11,T40QFM,0.025573918146551466,0,0.7582001306706534
S2A_MSIL2A_20201101T064031_R120_T40QFM_20201103T222817_0001.jpg,S2A_MSIL2A_20201101T064031_R120_T40QFM_20201103T222817,0,2020-11,T40QFM,0.025573918146551466,0,0.7582001306706534
S2A_MSIL2A_20201111T064121_R120_T40QFM_20201113T141747_0000.jpg,S2A_MSIL2A_20201111T064121_R120_T40QFM_20201113T141747,0,2020-11,T40QFM,0.03442688257879844,0,0.7582001306706534
S2A_MSIL2A_20201111T064121_R120_T40QFM_20201113T141747_0001.jpg,S2A_MSIL2A_20201111T064121_R120_T40QFM_20201113T141747,0,2020-11,T40QFM,0.03442688257879844,0,0.7582001306706534
S2A_MSIL2A_20201121T064201_R120_T40QFM_20201123T113122_0000.jpg,S2A_MSIL2A_20201121T064201_R120_T40QFM_20201123T113122,1,2020-11,T40QFM,0.7582001306706534,1,0.7582001306706534
S2A_MSIL2A_20201121T064201_R120_T40QFM_20201123T113122_0001.jpg,S2A_MSIL2A_20201121T064201_R120_T40QFM_20201123T113122,1,2020-11,T40QFM,0.7582001306706534,1,0.7582001306706534
S2A_MSIL2A_20201201T064231_R120_T40QFM_20210114T000138_0000.jpg,S2A_MSIL2A_20201201T064231_R120_T40QFM_20210114T000138,0,2020-12,T40QFM,0.036659389886788143,0,0.7582001306706534
S2A_MSIL2A_20201201T064231_R120_T40QFM_20210114T000138_0001.jpg,S2A_MSIL2A_20201201T064231_R120_T40QFM_20210114T000138,0,2020-12,T40QFM,0.036659389886788143,0,0.7582001306706534
S2A_MSIL2A_20201221T064301_R120_T40QFM_20201222T140849_0000.jpg,S2A_MSIL2A_20201221T064301_R120_T40QFM_20201222T140849,0,2020-12,T40QFM,0.2956682400912132,0,0.7582001306706534
S2A_MSIL2A_20201221T064301_R120_T40QFM_20201222T140849_0001.jpg,S2A_MSIL2A_20201221T064301_R120_T40QFM_20201222T140849,0,2020-12,T40QFM,0.2956682400912132,0,0.7582001306706534
S2A_MSIL2A_20201231T064301_R120_T40QFM_20210104T124741_0000.jpg,S2A_MSIL2A_20201231T064301_R120_T40QFM_20210104T124741,0,2020-12,T40QFM,0.31818036667615573,0,0.7582001306706534
S2A_MSIL2A_20201231T064301_R120_T40QFM_20210104T124741_0001.jpg,S2A_MSIL2A_20201231T064301_R120_T40QFM_20210104T124741,0,2020-12,T40QFM,0.31818036667615573,0,0.7582001306706534
S2B_MSIL2A_20210105T064249_R120_T40QFM_20210106T005643_0000.jpg,S2B_MSIL2A_20210105T064249_R120_T40QFM_20210106T005643,0,2021-01,T40QFM,0.017665602780783097,0,0.7582001306706534
S2B_MSIL2A_20210105T064249_R120_T40QFM_20210106T005643_0001.jpg,S2B_MSIL2A_20210105T064249_R120_T40QFM_20210106T005643,0,2021-01,T40QFM,0.017665602780783097,0,0.7582001306706534
S2A_MSIL2A_20210110T064241_R120_T40QFM_20210111T000640_0000.jpg,S2A_MSIL2A_20210110T064241_R120_T40QFM_20210111T000640,1,2021-01,T40QFM,0.9536896767341557,1,0.7582001306706534
S2A_MSIL2A_20210110T064241_R120_T40QFM_20210111T000640_0001.jpg,S2A_MSIL2A_20210110T064241_R120_T40QFM_20210111T000640,1,2021-01,T40QFM,0.9536896767341557,1,0.7582001306706534
S2A_MSIL2A_20210130T064121_R120_T40QFM_20210130T202726_0000.jpg,S2A_MSIL2A_20210130T064121_R120_T40QFM_20210130T202726,0,2021-01,T40QFM,0.009983980253459826,0,0.7582001306706534
S2A_MSIL2A_20210130T064121_R120_T40QFM_20210130T202726_0001.jpg,S2A_MSIL2A_20210130T064121_R120_T40QFM_20210130T202726,0,2021-01,T40QFM,0.009983980253459826,0,0.7582001306706534
S2B_MSIL2A_20210204T064049_R120_T40QFM_20210204T224213_0000.jpg,S2B_MSIL2A_20210204T064049_R120_T40QFM_20210204T224213,0,2021-02,T40QFM,0.22673593864013197,0,0.7582001306706534
S2B_MSIL2A_20210204T064049_R120_T40QFM_20210204T224213_0001.jpg,S2B_MSIL2A_20210204T064049_R120_T40QFM_20210204T224213,0,2021-02,T40QFM,0.22673593864013197,0,0.7582001306706534
S2B_MSIL2A_20210214T063949_R120_T40QFM_20210214T233022_0000.jpg,S2B_MSIL2A_20210214T063949_R120_T40QFM_20210214T233022,0,2021-02,T40QFM,0.10747963777052333,0,0.7582001306706534
S2B_MSIL2A_20210214T063949_R120_T40QFM_20210214T233022_0001.jpg,S2B_MSIL2A_20210214T063949_R120_T40QFM_20210214T233022,0,2021-02,T40QFM,0.10747963777052333,0,0.7582001306706534
S2B_MSIL2A_20210306T063729_R120_T40QFM_20210307T013550_0000.jpg,S2B_MSIL2A_20210306T063729_R120_T40QFM_20210307T013550,1,2021-03,T40QFM,0.9108745615316964,1,0.7582001306706534
S2B_MSIL2A_20210306T063729_R120_T40QFM_20210307T013550_0001.jpg,S2B_MSIL2A_20210306T063729_R120_T40QFM_20210307T013550,1,2021-03,T40QFM,0.9108745615316964,1,0.7582001306706534
S2A_MSIL2A_20210311T063701_R120_T40QFM_20210311T224941_0000.jpg,S2A_MSIL2A_20210311T063701_R120_T40QFM_20210311T224941,1,2021-03,T40QFM,0.9489725232929547,1,0.7582001306706534
S2A_MSIL2A_20210311T063701_R120_T40QFM_20210311T224941_0001.jpg,S2A_MSIL2A_20210311T063701_R120_T40QFM_20210311T224941,1,2021-03,T40QFM,0.9489725232929547,1,0.7582001306706534
S2A_MSIL2A_20210321T063621_R120_T40QFM_20210322T012746_0000.jpg,S2A_MSIL2A_20210321T063621_R120_T40QFM_20210322T012746,0,2021-03,T40QFM,0.09735014417404753,0,0.7582001306706534
S2A_MSIL2A_20210321T063621_R120_T40QFM_20210322T012746_0001.jpg,S2A_MSIL2A_20210321T063621_R120_T40QFM_20210322T012746,0,2021-03,T40QFM,0.09735014417404753,0,0.7582001306706534
S2A_MSIL2A_20210331T063621_R120_T40QFM_20210401T174842_0000.jpg,S2A_MSIL2A_20210331T063621_R120_T40QFM_20210401T174842,0,2021-03,T40QFM,0.03712529884180413,0,0.7582001306706534
S2A_MSIL2A_20210331T063621_R120_T40QFM_20210401T174842_0001.jpg,S2A_MSIL2A_20210331T063621_R120_T40QFM_20210401T174842,0,2021-03,T40QFM,0.03712529884180413,0,0.7582001306706534
S2A_MSIL2A_20210420T063621_R120_T40QFM_20210421T164155_0000.jpg,S2A_MSIL2A_20210420T063621_R120_T40QFM_20210421T164155,0,2021-04,T40QFM,0.36502405972140123,0,0.7582001306706534
S2A_MSIL2A_20210420T063621_R120_T40QFM_20210421T164155_0001.jpg,S2A_MSIL2A_20210420T063621_R120_T40QFM_20210421T164155,0,2021-04,T40QFM,0.36502405972140123,0,0.7582001306706534
S2B_MSIL2A_20210425T063619_R120_T40QFM_20210426T050414_0000.jpg,S2B_MSIL2A_20210425T063619_R120_T40QFM_20210426T050414,0,2021-04,T40QFM,0.042081588241963785,0,0.7582001306706534
S2B_MSIL2A_20210425T063619_R120_T40QFM_20210426T050414_0001.jpg,S2B_MSIL2A_20210425T063619_R120_T40QFM_20210426T050414,0,2021-04,T40QFM,0.042081588241963785,0,0.7582001306706534
S2B_MSIL2A_20210505T063629_R120_T40QFM_20210611T033410_0000.jpg,S2B_MSIL2A_20210505T063629_R120_T40QFM_20210611T033410,0,2021-05,T40QFM,0.01746162823324882,0,0.7582001306706534
S2B_MSIL2A_20210505T063629_R120_T40QFM_20210611T033410_0001.jpg,S2B_MSIL2A_20210505T063629_R120_T40QFM_20210611T033410,0,2021-05,T40QFM,0.01746162823324882,0,0.7582001306706534
S2A_MSIL2A_20210510T063631_R120_T40QFM_20210511T051711_0000.jpg,S2A_MSIL2A_20210510T063631_R120_T40QFM_20210511T051711,0,2021-05,T40QFM,0.20433020299393406,0,0.7582001306706534
S2A_MSIL2A_20210510T063631_R120_T40QFM_20210511T051711_0001.jpg,S2A_MSIL2A_20210510T063631_R120_T40QFM_20210511T051711,0,2021-05,T40QFM,0.20433020299393406,0,0.7582001306706534
S2A_MSIL2A_20210520T063631_R120_T40QFM_20210521T083536_0000.jpg,S2A_MSIL2A_20210520T063631_R120_T40QFM_20210521T083536,0,2021-05,T40QFM,0.13401024589376181,0,0.7582001306706534
S2A_MSIL2A_20210520T063631_R120_T40QFM_20210521T083536_0001.jpg,S2A_MSIL2A_20210520T063631_R120_T40QFM_20210521T083536,0,2021-05,T40QFM,0.13401024589376181,0,0.7582001306706534
S2B_MSIL2A_20210604T063629_R120_T40QFM_20210604T232437_0000.jpg,S2B_MSIL2A_20210604T063629_R120_T40QFM_20210604T232437,0,2021-06,T40QFM,0.1049503171111579,0,0.7582001306706534
S2B_MSIL2A_20210604T063629_R120_T40QFM_20210604T232437_0001.jpg,S2B_MSIL2A_20210604T063629_R120_T40QFM_20210604T232437,0,2021-06,T40QFM,0.1049503171111579,0,0.7582001306706534
S2B_MSIL2A_20210614T063629_R120_T40QFM_20210615T105306_0000.jpg,S2B_MSIL2A_20210614T063629_R120_T40QFM_20210615T105306,1,2021-06,T40QFM,0.7900465706196069,1,0.7582001306706534
S2B_MSIL2A_20210614T063629_R120_T40QFM_20210615T105306_0001.jpg,S2B_MSIL2A_20210614T063629_R120_T40QFM_20210615T105306,1,2021-06,T40QFM,0.7900465706196069,1,0.7582001306706534
S2B_MSIL2A_20210624T063629_R120_T40QFM_20210626T044357_0000.jpg,S2B_MSIL2A_20210624T063629_R120_T40QFM_20210626T044357,0,2021-06,T40QFM,0.02000015887029329,0,0.7582001306706534
S2B_MSIL2A_20210624T063629_R120_T40QFM_20210626T044357_0001.jpg,S2B_MSIL2A_20210624T063629_R120_T40QFM_20210626T044357,0,2021-06,T40QFM,0.02000015887029329,0,0.7582001306706534
S2A_MSIL2A_20210629T063631_R120_T40QFM_20210630T130113_0000.jpg,S2A_MSIL2A_20210629T063631_R120_T40QFM_20210630T130113,0,2021-06,T40QFM,0.19975198004108247,0,0.7582001306706534
S2A_MSIL2A_20210629T063631_R120_T40QFM_20210630T130113_0001.jpg,S2A_MSIL2A_20210629T063631_R120_T40QFM_20210630T130113,0,2021-06,T40QFM,0.19975198004108247,0,0.7582001306706534
S2B_MSIL2A_20210704T063629_R120_T40QFM_20210704T182853_0000.jpg,S2B_MSIL2A_20210704T063629_R120_T40QFM_20210704T182853,1,2021-07,T40QFM,0.6428592826414773,0,0.7582001306706534
S2B_MSIL2A_20210704T063629_R120_T40QFM_20210704T182853_0001.jpg,S2B_MSIL2A_20210704T063629_R120_T40QFM_20210704T182853,1,2021-07,T40QFM,0.6428592826414773,0,0.7582001306706534
S2A_MSIL2A_20210729T063631_R120_T40QFM_20210803T224545_0000.jpg,S2A_MSIL2A_20210729T063631_R120_T40QFM_20210803T224545,1,2021-07,T40QFM,0.8934419736686179,1,0.7582001306706534
S2A_MSIL2A_20210729T063631_R120_T40QFM_20210803T224545_0001.jpg,S2A_MSIL2A_20210729T063631_R120_T40QFM_20210803T224545,1,2021-07,T40QFM,0.8934419736686179,1,0.7582001306706534
S2B_MSIL2A_20210803T063629_R120_T40QFM_20210803T203554_0000.jpg,S2B_MSIL2A_20210803T063629_R120_T40QFM_20210803T203554,1,2021-08,T40QFM,0.8513900477562384,1,0.7582001306706534
S2B_MSIL2A_20210803T063629_R120_T40QFM_20210803T203554_0001.jpg,S2B_MSIL2A_20210803T063629_R120_T40QFM_20210803T203554,1,2021-08,T40QFM,0.8513900477562384,1,0.7582001306706534
S2A_MSIL2A_20210828T063631_R120_T40QFM_20210828T164957_0000.jpg,S2A_MSIL2A_20210828T063631_R120_T40QFM_20210828T164957,0,2021-08,T40QFM,0.09302218618320264,0,0.7582001306706534
S2A_MSIL2A_20210828T063631_R120_T40QFM_20210828T164957_0001.jpg,S2A_MSIL2A_20210828T063631_R120_T40QFM_20210828T164957,0,2021-08,T40QFM,0.09302218618320264,0,0.7582001306706534
S2B_MSIL2A_20210902T063619_R120_T40QFM_20210902T200944_0000.jpg,S2B_MSIL2A_20210902T063619_R120_T40QFM_20210902T200944,0,2021-09,T40QFM,0.2833463900569086,0,0.7582001306706534
S2B_MSIL2A_20210902T063619_R120_T40QFM_20210902T200944_0001.jpg,S2B_MSIL2A_20210902T063619_R120_T40QFM_20210902T200944,0,2021-09,T40QFM,0.2833463900569086,0,0.7582001306706534
S2B_MSIL2A_20210912T063619_R120_T40QFM_20210912T120623_0000.jpg,S2B_MSIL2A_20210912T063619_R120_T40QFM_20210912T120623,1,2021-09,T40QFM,0.46330304837580166,0,0.7582001306706534
S2B_MSIL2A_20210912T063619_R120_T40QFM_20210912T120623_0001.jpg,S2B_MSIL2A_20210912T063619_R120_T40QFM_20210912T120623,1,2021-09,T40QFM,0.46330304837580166,0,0.7582001306706534
S2B_MSIL2A_20210922T063629_R120_T40QFM_20210922T213701_0000.jpg,S2B_MSIL2A_20210922T063629_R120_T40QFM_20210922T213701,0,2021-09,T40QFM,0.1816993840818786,0,0.7582001306706534
S2B_MSIL2A_20210922T063629_R120_T40QFM_20210922T213701_0001.jpg,S2B_MSIL2A_20210922T063629_R120_T40QFM_20210922T213701,0,2021-09,T40QFM,0.1816993840818786,0,0.7582001306706534
S2A_MSIL2A_20210927T063631_R120_T40QFM_20210927T154532_0000.jpg,S2A_MSIL2A_20210927T063631_R120_T40QFM_20210927T154532,0,2021-09,T40QFM,0.16188125205957649,0,0.7582001306706534
S2A_MSIL2A_20210927T063631_R120_T40QFM_20210927T154532_0001.jpg,S2A_MSIL2A_20210927T063631_R120_T40QFM_20210927T154532,0,2021-09,T40QFM,0.16188125205957649,0,0.7582001306706534
S2A_MSIL2A_20211017T063851_R120_T40QFM_20211019T120233_0000.jpg,S2A_MSIL2A_20211017T063851_R120_T40QFM_20211019T120233,0,2021-10,T40QFM,0.2141775522514878,0,0.7582001306706534
S2A_MSIL2A_20211017T063851_R120_T40QFM_20211019T120233_0001.jpg,S2A_MSIL2A_20211017T063851_R120_T40QFM_20211019T120233,0,2021-10,T40QFM,0.2141775522514878,0,0.7582001306706534
S2A_MSIL2A_20211106T064051_R120_T40QFM_20211106T223432_0000.jpg,S2A_MSIL2A_20211106T064051_R120_T40QFM_20211106T223432,0,2021-11,T40QFM,0.2624434437832034,0,0.7582001306706534
S2A_MSIL2A_20211106T064051_R120_T40QFM_20211106T223432_0001.jpg,S2A_MSIL2A_20211106T064051_R120_T40QFM_20211106T223432,0,2021-11,T40QFM,0.2624434437832034,0,0.7582001306706534
S2A_MSIL2A_20211116T064141_R120_T40QFM_20211116T225418_0000.jpg,S2A_MSIL2A_20211116T064141_R120_T40QFM_20211116T225418,0,2021-11,T40QFM,0.026784051709115,0,0.7582001306706534
S2A_MSIL2A_20211116T064141_R120_T40QFM_20211116T225418_0001.jpg,S2A_MSIL2A_20211116T064141_R120_T40QFM_20211116T225418,0,2021-11,T40QFM,0.026784051709115,0,0.7582001306706534
S2A_MSIL2A_20211126T064221_R120_T40QFM_20211126T120704_0000.jpg,S2A_MSIL2A_20211126T064221_R120_T40QFM_20211126T120704,0,2021-11,T40QFM,0.23726241634780446,0,0.7582001306706534
S2A_MSIL2A_20211126T064221_R120_T40QFM_20211126T120704_0001.jpg,S2A_MSIL2A_20211126T064221_R120_T40QFM_20211126T120704,0,2021-11,T40QFM,0.23726241634780446,0,0.7582001306706534
S2B_MSIL2A_20211211T064249_R120_T40QFM_20211212T020754_0000.jpg,S2B_MSIL2A_20211211T064249_R120_T40QFM_20211212T020754,1,2021-12,T40QFM,0.8579641049017471,1,0.7582001306706534
S2B_MSIL2A_20211211T064249_R120_T40QFM_20211212T020754_0001.jpg,S2B_MSIL2A_20211211T064249_R120_T40QFM_20211212T020754,1,2021-12,T40QFM,0.8579641049017471,1,0.7582001306706534
S2A_MSIL2A_20220105T064251_R120_T40QFM_20220105T214651_0000.jpg,S2A_MSIL2A_20220105T064251_R120_T40QFM_20220105T214651,0,2022-01,T40QFM,0.021870481169087304,0,0.7582001306706534
S2A_MSIL2A_20220105T064251_R120_T40QFM_20220105T214651_0001.jpg,S2A_MSIL2A_20220105T064251_R120_T40QFM_20220105T214651,0,2022-01,T40QFM,0.021870481169087304,0,0.7582001306706534
S2A_MSIL2A_20220115T064231_R120_T40QFM_20220115T180327_0000.jpg,S2A_MSIL2A_20220115T064231_R120_T40QFM_20220115T180327,0,2022-01,T40QFM,0.011452597824046446,0,0.7582001306706534
S2A_MSIL2A_20220115T064231_R120_T40QFM_20220115T180327_0001.jpg,S2A_MSIL2A_20220115T064231_R120_T40QFM_20220115T180327,0,2022-01,T40QFM,0.011452597824046446,0,0.7582001306706534
S2B_MSIL2A_20220120T064159_R120_T40QFM_20220121T032103_0000.jpg,S2B_MSIL2A_20220120T064159_R120_T40QFM_20220121T032103,1,2022-01,T40QFM,0.7744174548472479,1,0.7582001306706534
S2B_MSIL2A_20220120T064159_R120_T40QFM_20220121T032103_0001.jpg,S2B_MSIL2A_20220120T064159_R120_T40QFM_20220121T032103,1,2022-01,T40QFM,0.7744174548472479,1,0.7582001306706534
S2A_MSIL2A_20220204T064051_R120_T40QFM_20220218T144950_0000.jpg,S2A_MSIL2A_20220204T064051_R120_T40QFM_20220218T144950,0,2022-02,T40QFM,0.225861793312497,0,0.7582001306706534
S2A_MSIL2A_20220204T064051_R120_T40QFM_20220218T144950_0001.jpg,S2A_MSIL2A_20220204T064051_R120_T40QFM_20220218T144950,0,2022-02,T40QFM,0.225861793312497,0,0.7582001306706534
S2B_MSIL2A_20220209T064019_R120_T40QFM_20220220T183126_0000.jpg,S2B_MSIL2A_20220209T064019_R120_T40QFM_20220220T183126,0,2022-02,T40QFM,0.3051746646245494,0,0.7582001306706534
S2B_MSIL2A_20220209T064019_R120_T40QFM_20220220T183126_0001.jpg,S2B_MSIL2A_20220209T064019_R120_T40QFM_20220220T183126,0,2022-02,T40QFM,0.3051746646245494,0,0.7582001306706534
S2B_MSIL2A_20220219T063909_R120_T40QFM_20240515T135553_0000.jpg,S2B_MSIL2A_20220219T063909_R120_T40QFM_20240515T135553,0,2022-02,T40QFM,0.056094475156719587,0,0.7582001306706534
S2B_MSIL2A_20220219T063909_R120_T40QFM_20240515T135553_0001.jpg,S2B_MSIL2A_20220219T063909_R120_T40QFM_20240515T135553,0,2022-02,T40QFM,0.056094475156719587,0,0.7582001306706534
S2A_MSIL2A_20220306T063741_R120_T40QFM_20220306T145421_0000.jpg,S2A_MSIL2A_20220306T063741_R120_T40QFM_20220306T145421,1,2022-03,T40QFM,0.7960214402760307,1,0.7582001306706534
S2A_MSIL2A_20220306T063741_R120_T40QFM_20220306T145421_0001.jpg,S2A_MSIL2A_20220306T063741_R120_T40QFM_20220306T145421,1,2022-03,T40QFM,0.7960214402760307,1,0.7582001306706534
S2A_MSIL2A_20220316T063631_R120_T40QFM_20220316T184026_0000.jpg,S2A_MSIL2A_20220316T063631_R120_T40QFM_20220316T184026,0,2022-03,T40QFM,0.06456483525473143,0,0.7582001306706534
S2A_MSIL2A_20220316T063631_R120_T40QFM_20220316T184026_0001.jpg,S2A_MSIL2A_20220316T063631_R120_T40QFM_20220316T184026,0,2022-03,T40QFM,0.06456483525473143,0,0.7582001306706534
S2B_MSIL2A_20220321T063629_R120_T40QFM_20220321T155643_0000.jpg,S2B_MSIL2A_20220321T063629_R120_T40QFM_20220321T155643,0,2022-03,T40QFM,0.10464045792404258,0,0.7582001306706534
S2B_MSIL2A_20220321T063629_R120_T40QFM_20220321T155643_0001.jpg,S2B_MSIL2A_20220321T063629_R120_T40QFM_20220321T155643,0,2022-03,T40QFM,0.10464045792404258,0,0.7582001306706534
S2A_MSIL2A_20220326T063631_R120_T40QFM_20220326T173013_0000.jpg,S2A_MSIL2A_20220326T063631_R120_T40QFM_20220326T173013,0,2022-03,T40QFM,0.030047972630649605,0,0.7582001306706534
S2A_MSIL2A_20220326T063631_R120_T40QFM_20220326T173013_0001.jpg,S2A_MSIL2A_20220326T063631_R120_T40QFM_20220326T173013,0,2022-03,T40QFM,0.030047972630649605,0,0.7582001306706534
S2A_MSIL2A_20220405T063631_R120_T40QFM_20240524T020642_0000.jpg,S2A_MSIL2A_20220405T063631_R120_T40QFM_20240524T020642,0,2022-04,T40QFM,0.04231564155723176,0,0.7582001306706534
S2A_MSIL2A_20220405T063631_R120_T40QFM_20240524T020642_0001.jpg,S2A_MSIL2A_20220405T063631_R120_T40QFM_20240524T020642,0,2022-04,T40QFM,0.04231564155723176,0,0.7582001306706534
S2B_MSIL2A_20220410T063619_R120_T40QFM_20220411T035122_0000.jpg,S2B_MSIL2A_20220410T063619_R120_T40QFM_20220411T035122,0,2022-04,T40QFM,0.038697437863937825,0,0.7582001306706534
S2B_MSIL2A_20220410T063619_R120_T40QFM_20220411T035122_0001.jpg,S2B_MSIL2A_20220410T063619_R120_T40QFM_20220411T035122,0,2022-04,T40QFM,0.038697437863937825,0,0.7582001306706534
S2A_MSIL2A_20220425T063631_R120_T40QFM_20240610T082345_0000.jpg,S2A_MSIL2A_20220425T063631_R120_T40QFM_20240610T082345,1,2022-04,T40QFM,0.8412657317643012,1,0.7582001306706534
S2A_MSIL2A_20220425T063631_R120_T40QFM_20240610T082345_0001.jpg,S2A_MSIL2A_20220425T063631_R120_T40QFM_20240610T082345,1,2022-04,T40QFM,0.8412657317643012,1,0.7582001306706534
S2A_MSIL2A_20220505T063631_R120_T40QFM_20220505T200728_0000.jpg,S2A_MSIL2A_20220505T063631_R120_T40QFM_20220505T200728,0,2022-05,T40QFM,0.1694407049804373,0,0.7582001306706534
S2A_MSIL2A_20220505T063631_R120_T40QFM_20220505T200728_0001.jpg,S2A_MSIL2A_20220505T063631_R120_T40QFM_20220505T200728,0,2022-05,T40QFM,0.1694407049804373,0,0.7582001306706534
S2A_MSIL2A_20220515T063631_R120_T40QFM_20240614T231035_0000.jpg,S2A_MSIL2A_20220515T063631_R120_T40QFM_20240614T231035,0,2022-05,T40QFM,0.30125451959878324,0,0.7582001306706534
S2A_MSIL2A_20220515T063631_R120_T40QFM_20240614T231035_0001.jpg,S2A_MSIL2A_20220515T063631_R120_T40QFM_20240614T231035,0,2022-05,T40QFM,0.30125451959878324,0,0.7582001306706534
S2A_MSIL2A_20220604T063631_R120_T40QFM_20220604T212729_0000.jpg,S2A_MSIL2A_20220604T063631_R120_T40QFM_20220604T212729,0,2022-06,T40QFM,0.24140813884148457,0,0.7582001306706534
S2A_MSIL2A_20220604T063631_R120_T40QFM_20220604T212729_0001.jpg,S2A_MSIL2A_20220604T063631_R120_T40QFM_20220604T212729,0,2022-06,T40QFM,0.24140813884148457,0,0.7582001306706534
S2B_MSIL2A_20220619T063629_R120_T40QFM_20220621T003347_0000.jpg,S2B_MSIL2A_20220619T063629_R120_T40QFM_20220621T003347,0,2022-06,T40QFM,0.2487524960524741,0,0.7582001306706534
S2B_MSIL2A_20220619T063629_R120_T40QFM_20220621T003347_0001.jpg,S2B_MSIL2A_20220619T063629_R120_T40QFM_20220621T003347,0,2022-06,T40QFM,0.2487524960524741,0,0.7582001306706534
S2A_MSIL2A_20220803T063641_R120_T40QFM_20240702T174219_0000.jpg,S2A_MSIL2A_20220803T063641_R120_T40QFM_20240702T174219,1,2022-08,T40QFM,0.5677874734143618,0,0.7582001306706534
S2A_MSIL2A_20220803T063641_R120_T40QFM_20240702T174219_0001.jpg,S2A_MSIL2A_20220803T063641_R120_T40QFM_20240702T174219,1,2022-08,T40QFM,0.5677874734143618,0,0.7582001306706534
S2A_MSIL2A_20220823T063641_R120_T40QFM_20220824T064831_0000.jpg,S2A_MSIL2A_20220823T063641_R120_T40QFM_20220824T064831,0,2022-08,T40QFM,0.32917586744922145,0,0.7582001306706534
S2A_MSIL2A_20220823T063641_R120_T40QFM_20220824T064831_0001.jpg,S2A_MSIL2A_20220823T063641_R120_T40QFM_20220824T064831,0,2022-08,T40QFM,0.32917586744922145,0,0.7582001306706534
S2B_MSIL2A_20220828T063629_R120_T40QFM_20240718T191433_0000.jpg,S2B_MSIL2A_20220828T063629_R120_T40QFM_20240718T191433,0,2022-08,T40QFM,0.3076485634307192,0,0.7582001306706534
S2B_MSIL2A_20220828T063629_R120_T40QFM_20240718T191433_0001.jpg,S2B_MSIL2A_20220828T063629_R120_T40QFM_20240718T191433,0,2022-08,T40QFM,0.3076485634307192,0,0.7582001306706534
S2A_MSIL2A_20220912T063641_R120_T40QFM_20220913T064250_0000.jpg,S2A_MSIL2A_20220912T063641_R120_T40QFM_20220913T064250,0,2022-09,T40QFM,0.016216955783396336,0,0.7582001306706534
S2A_MSIL2A_20220912T063641_R120_T40QFM_20220913T064250_0001.jpg,S2A_MSIL2A_20220912T063641_R120_T40QFM_20220913T064250,0,2022-09,T40QFM,0.016216955783396336,0,0.7582001306706534
S2B_MSIL2A_20220917T063629_R120_T40QFM_20240728T040036_0000.jpg,S2B_MSIL2A_20220917T063629_R120_T40QFM_20240728T040036,1,2022-09,T40QFM,0.9427393267929641,1,0.7582001306706534
S2B_MSIL2A_20220917T063629_R120_T40QFM_20240728T040036_0001.jpg,S2B_MSIL2A_20220917T063629_R120_T40QFM_20240728T040036,1,2022-09,T40QFM,0.9427393267929641,1,0.7582001306706534
S2B_MSIL2A_20220927T063629_R120_T40QFM_20220927T223648_0000.jpg,S2B_MSIL2A_20220927T063629_R120_T40QFM_20220927T223648,0,2022-09,T40QFM,0.08362649091181212,0,0.7582001306706534
S2B_MSIL2A_20220927T063629_R120_T40QFM_20220927T223648_0001.jpg,S2B_MSIL2A_20220927T063629_R120_T40QFM_20220927T223648,0,2022-09,T40QFM,0.08362649091181212,0,0.7582001306706534
S2B_MSIL2A_20221007T063739_R120_T40QFM_20240802T024624_0000.jpg,S2B_MSIL2A_20221007T063739_R120_T40QFM_20240802T024624,1,2022-10,T40QFM,0.9110644767733759,1,0.7582001306706534
S2B_MSIL2A_20221007T063739_R120_T40QFM_20240802T024624_0001.jpg,S2B_MSIL2A_20221007T063739_R120_T40QFM_20240802T024624,1,2022-10,T40QFM,0.9110644767733759,1,0.7582001306706534
S2A_MSIL2A_20221012T063821_R120_T40QFM_20240802T062416_0000.jpg,S2A_MSIL2A_20221012T063821_R120_T40QFM_20240802T062416,0,2022-10,T40QFM,0.034409352997587586,0,0.7582001306706534
S2A_MSIL2A_20221012T063821_R120_T40QFM_20240802T062416_0001.jpg,S2A_MSIL2A_20221012T063821_R120_T40QFM_20240802T062416,0,2022-10,T40QFM,0.034409352997587586,0,0.7582001306706534
S2A_MSIL2A_20221022T063921_R120_T40QFM_20240724T021533_0000.jpg,S2A_MSIL2A_20221022T063921_R120_T40QFM_20240724T021533,0,2022-10,T40QFM,0.10265924812627357,0,0.7582001306706534
S2A_MSIL2A_20221022T063921_R120_T40QFM_20240724T021533_0001.jpg,S2A_MSIL2A_20221022T063921_R120_T40QFM_20240724T021533,0,2022-10,T40QFM,0.10265924812627357,0,0.7582001306706534
S2B_MSIL2A_20221027T063949_R120_T40QFM_20221027T205314_0000.jpg,S2B_MSIL2A_20221027T063949_R120_T40QFM_20221027T205314,0,2022-10,T40QFM,0.03591285608980599,0,0.7582001306706534
S2B_MSIL2A_20221027T063949_R120_T40QFM_20221027T205314_0001.jpg,S2B_MSIL2A_20221027T063949_R120_T40QFM_20221027T205314,0,2022-10,T40QFM,0.03591285608980599,0,0.7582001306706534
S2A_MSIL2A_20221101T064021_R120_T40QFM_20221101T185019_0000.jpg,S2A_MSIL2A_20221101T064021_R120_T40QFM_20221101T185019,1,2022-11,T40QFM,0.6884561575331134,0,0.7582001306706534
S2A_MSIL2A_20221101T064021_R120_T40QFM_20221101T185019_0001.jpg,S2A_MSIL2A_20221101T064021_R120_T40QFM_20221101T185019,1,2022-11,T40QFM,0.6884561575331134,0,0.7582001306706534
S2A_MSIL2A_20221121T064201_R120_T40QFM_20221121T164837_0000.jpg,S2A_MSIL2A_20221121T064201_R120_T40QFM_20221121T164837,0,2022-11,T40QFM,0.06155639718031966,0,0.7582001306706534
S2A_MSIL2A_20221121T064201_R120_T40QFM_20221121T164837_0001.jpg,S2A_MSIL2A_20221121T064201_R120_T40QFM_20221121T164837,0,2022-11,T40QFM,0.06155639718031966,0,0.7582001306706534
S2B_MSIL2A_20221126T064219_R120_T40QFM_20221202T000000_0000.jpg,S2B_MSIL2A_20221126T064219_R120_T40QFM_20221202T000000,0,2022-11,T40QFM,0.22479927554085047,0,0.7582001306706534
S2B_MSIL2A_20221126T064219_R120_T40QFM_20221202T000000_0001.jpg,S2B_MSIL2A_20221126T064219_R120_T40QFM_20221202T000000,0,2022-11,T40QFM,0.22479927554085047,0,0.7582001306706534
S2B_MSIL2A_20221216T064259_R120_T40QFM_20221216T202414_0000.jpg,S2B_MSIL2A_20221216T064259_R120_T40QFM_20221216T202414,0,2022-12,T40QFM,0.020579108412445098,0,0.7582001306706534
S2B_MSIL2A_20221216T064259_R120_T40QFM_20221216T202414_0001.jpg,S2B_MSIL2A_20221216T064259_R120_T40QFM_20221216T202414,0,2022-12,T40QFM,0.020579108412445098,0,0.7582001306706534
S2A_MSIL2A_20221221T064301_R120_T40QFM_20240808T224656_0000.jpg,S2A_MSIL2A_20221221T064301_R120_T40QFM_20240808T224656,1,2022-12,T40QFM,0.5840838434422608,0,0.7582001306706534
S2A_MSIL2A_20221221T064301_R120_T40QFM_20240808T224656_0001.jpg,S2A_MSIL2A_20221221T064301_R120_T40QFM_20240808T224656,1,2022-12,T40QFM,0.5840838434422608,0,0.7582001306706534
S2B_MSIL2A_20230105T064249_R120_T40QFM_20230105T161204_0000.jpg,S2B_MSIL2A_20230105T064249_R120_T40QFM_20230105T161204,0,2023-01,T40QFM,0.16496505927335245,0,0.7582001306706534
S2B_MSIL2A_20230105T064249_R120_T40QFM_20230105T161204_0001.jpg,S2B_MSIL2A_20230105T064249_R120_T40QFM_20230105T161204,0,2023-01,T40QFM,0.16496505927335245,0,0.7582001306706534
S2A_MSIL2A_20230130T064121_R120_T40QFM_20230131T154057_0000.jpg,S2A_MSIL2A_20230130T064121_R120_T40QFM_20230131T154057,0,2023-01,T40QFM,0.14103687504047765,0,0.7582001306706534
S2A_MSIL2A_20230130T064121_R120_T40QFM_20230131T154057_0001.jpg,S2A_MSIL2A_20230130T064121_R120_T40QFM_20230131T154057,0,2023-01,T40QFM,0.14103687504047765,0,0.7582001306706534
S2A_MSIL2A_20230209T064021_R120_T40QFM_20230209T205002_0000.jpg,S2A_MSIL2A_20230209T064021_R120_T40QFM_20230209T205002,0,2023-02,T40QFM,0.3406990833111983,0,0.7582001306706534
S2A_MSIL2A_20230209T064021_R120_T40QFM_20230209T205002_0001.jpg,S2A_MSIL2A_20230209T064021_R120_T40QFM_20230209T205002,0,2023-02,T40QFM,0.3406990833111983,0,0.7582001306706534
S2B_MSIL2A_20230224T063849_R120_T40QFM_20230226T114005_0000.jpg,S2B_MSIL2A_20230224T063849_R120_T40QFM_20230226T114005,1,2023-02,T40QFM,0.7928683386967722,1,0.7582001306706534
S2B_MSIL2A_20230224T063849_R120_T40QFM_20230226T114005_0001.jpg,S2B_MSIL2A_20230224T063849_R120_T40QFM_20230226T114005,1,2023-02,T40QFM,0.7928683386967722,1,0.7582001306706534
S2B_MSIL2A_20230306T063739_R120_T40QFM_20240823T211525_0000.jpg,S2B_MSIL2A_20230306T063739_R120_T40QFM_20240823T211525,1,2023-03,T40QFM,0.7284433278432676,0,0.7582001306706534
S2B_MSIL2A_20230306T063739_R120_T40QFM_20240823T211525_0001.jpg,S2B_MSIL2A_20230306T063739_R120_T40QFM_20240823T211525,1,2023-03,T40QFM,0.7284433278432676,0,0.7582001306706534
S2B_MSIL2A_20230316T063629_R120_T40QFM_20240827T111826_0000.jpg,S2B_MSIL2A_20230316T063629_R120_T40QFM_20240827T111826,0,2023-03,T40QFM,0.18557917207070687,0,0.7582001306706534
S2B_MSIL2A_20230316T063629_R120_T40QFM_20240827T111826_0001.jpg,S2B_MSIL2A_20230316T063629_R120_T40QFM_20240827T111826,0,2023-03,T40QFM,0.18557917207070687,0,0.7582001306706534
S2A_MSIL2A_20230321T063621_R120_T40QFM_20240826T173717_0000.jpg,S2A_MSIL2A_20230321T063621_R120_T40QFM_20240826T173717,0,2023-03,T40QFM,0.09909376191810629,0,0.7582001306706534
S2A_MSIL2A_20230321T063621_R120_T40QFM_20240826T173717_0001.jpg,S2A_MSIL2A_20230321T063621_R120_T40QFM_20240826T173717,0,2023-03,T40QFM,0.09909376191810629,0,0.7582001306706534
S2A_MSIL2A_20230410T063631_R120_T40QFM_20230410T132909_0000.jpg,S2A_MSIL2A_20230410T063631_R120_T40QFM_20230410T132909,0,2023-04,T40QFM,0.0739301931271849,0,0.7582001306706534
S2A_MSIL2A_20230410T063631_R120_T40QFM_20230410T132909_0001.jpg,S2A_MSIL2A_20230410T063631_R120_T40QFM_20230410T132909,0,2023-04,T40QFM,0.0739301931271849,0,0.7582001306706534
S2A_MSIL2A_20230420T063621_R120_T40QFM_20230420T131741_0000.jpg,S2A_MSIL2A_20230420T063621_R120_T40QFM_20230420T131741,1,2023-04,T40QFM,0.5688389170542604,0,0.7582001306706534
S2A_MSIL2A_20230420T063621_R120_T40QFM_20230420T131741_0001.jpg,S2A_MSIL2A_20230420T063621_R120_T40QFM_20230420T131741,1,2023-04,T40QFM,0.5688389170542604,0,0.7582001306706534
S2B_MSIL2A_20230425T063629_R120_T40QFM_20240901T144339_0000.jpg,S2B_MSIL2A_20230425T063629_R120_T40QFM_20240901T144339,0,2023-04,T40QFM,0.465195390506181,0,0.7582001306706534
S2B_MSIL2A_20230425T063629_R120_T40QFM_20240901T144339_0001.jpg,S2B_MSIL2A_20230425T063629_R120_T40QFM_20240901T144339,0,2023-04,T40QFM,0.465195390506181,0,0.7582001306706534
S2B_MSIL2A_20230505T063629_R120_T40QFM_20230505T113226_0000.jpg,S2B_MSIL2A_20230505T063629_R120_T40QFM_20230505T113226,0,2023-05,T40QFM,0.18968543452884054,0,0.7582001306706534
S2B_MSIL2A_20230505T063629_R120_T40QFM_20230505T113226_0001.jpg,S2B_MSIL2A_20230505T063629_R120_T40QFM_20230505T113226,0,2023-05,T40QFM,0.18968543452884054,0,0.7582001306706534
S2A_MSIL2A_20230510T063621_R120_T40QFM_20230510T133701_0000.jpg,S2A_MSIL2A_20230510T063621_R120_T40QFM_20230510T133701,0,2023-05,T40QFM,0.04378460114011253,0,0.7582001306706534
S2A_MSIL2A_20230510T063621_R120_T40QFM_20230510T133701_0001.jpg,S2A_MSIL2A_20230510T063621_R120_T40QFM_20230510T133701,0,2023-05,T40QFM,0.04378460114011253,0,0.7582001306706534
S2A_MSIL2A_20230520T063631_R120_T40QFM_20230520T121727_0000.jpg,S2A_MSIL2A_20230520T063631_R120_T40QFM_20230520T121727,0,2023-05,T40QFM,0.0855603647674379,0,0.7582001306706534
S2A_MSIL2A_20230520T063631_R120_T40QFM_20230520T121727_0001.jpg,S2A_MSIL2A_20230520T063631_R120_T40QFM_20230520T121727,0,2023-05,T40QFM,0.0855603647674379,0,0.7582001306706534
S2B_MSIL2A_20230525T063629_R120_T40QFM_20230525T121806_0000.jpg,S2B_MSIL2A_20230525T063629_R120_T40QFM_20230525T121806,0,2023-05,T40QFM,0.20983755546519398,0,0.7582001306706534
S2B_MSIL2A_20230525T063629_R120_T40QFM_20230525T121806_0001.jpg,S2B_MSIL2A_20230525T063629_R120_T40QFM_20230525T121806,0,2023-05,T40QFM,0.20983755546519398,0,0.7582001306706534
S2A_MSIL2A_20230629T063631_R120_T40QFM_20230629T142242_0000.jpg,S2A_MSIL2A_20230629T063631_R120_T40QFM_20230629T142242,0,2023-06,T40QFM,0.27917144313962,0,0.7582001306706534
S2A_MSIL2A_20230629T063631_R120_T40QFM_20230629T142242_0001.jpg,S2A_MSIL2A_20230629T063631_R120_T40QFM_20230629T142242,0,2023-06,T40QFM,0.27917144313962,0,0.7582001306706534
S2B_MSIL2A_20230704T063629_R120_T40QFM_20241013T174147_0000.jpg,S2B_MSIL2A_20230704T063629_R120_T40QFM_20241013T174147,0,2023-07,T40QFM,0.436574851147293,0,0.7582001306706534
S2B_MSIL2A_20230704T063629_R120_T40QFM_20241013T174147_0001.jpg,S2B_MSIL2A_20230704T063629_R120_T40QFM_20241013T174147,0,2023-07,T40QFM,0.436574851147293,0,0.7582001306706534
S2B_MSIL2A_20230714T063629_R120_T40QFM_20240910T152238_0000.jpg,S2B_MSIL2A_20230714T063629_R120_T40QFM_20240910T152238,0,2023-07,T40QFM,0.1512898058995454,0,0.7582001306706534
S2B_MSIL2A_20230714T063629_R120_T40QFM_20240910T152238_0001.jpg,S2B_MSIL2A_20230714T063629_R120_T40QFM_20240910T152238,0,2023-07,T40QFM,0.1512898058995454,0,0.7582001306706534
S2A_MSIL2A_20230719T063631_R120_T40QFM_20241013T092547_0000.jpg,S2A_MSIL2A_20230719T063631_R120_T40QFM_20241013T092547,0,2023-07,T40QFM,0.17956470692122922,0,0.7582001306706534
S2A_MSIL2A_20230719T063631_R120_T40QFM_20241013T092547_0001.jpg,S2A_MSIL2A_20230719T063631_R120_T40QFM_20241013T092547,0,2023-07,T40QFM,0.17956470692122922,0,0.7582001306706534
S2A_MSIL2A_20230808T063631_R120_T40QFM_20241021T084732_0000.jpg,S2A_MSIL2A_20230808T063631_R120_T40QFM_20241021T084732,0,2023-08,T40QFM,0.4311210943703331,0,0.7582001306706534
S2A_MSIL2A_20230808T063631_R120_T40QFM_20241021T084732_0001.jpg,S2A_MSIL2A_20230808T063631_R120_T40QFM_20241021T084732,0,2023-08,T40QFM,0.4311210943703331,0,0.7582001306706534
S2A_MSIL2A_20230818T063631_R120_T40QFM_20240912T142615_0000.jpg,S2A_MSIL2A_20230818T063631_R120_T40QFM_20240912T142615,1,2023-08,T40QFM,0.8790137867403598,1,0.7582001306706534
S2A_MSIL2A_20230818T063631_R120_T40QFM_20240912T142615_0001.jpg,S2A_MSIL2A_20230818T063631_R120_T40QFM_20240912T142615,1,2023-08,T40QFM,0.8790137867403598,1,0.7582001306706534
S2A_MSIL2A_20230907T063631_R120_T40QFM_20230907T161209_0000.jpg,S2A_MSIL2A_20230907T063631_R120_T40QFM_20230907T161209,1,2023-09,T40QFM,0.4858635039093423,0,0.7582001306706534
S2A_MSIL2A_20230907T063631_R120_T40QFM_20230907T161209_0001.jpg,S2A_MSIL2A_20230907T063631_R120_T40QFM_20230907T161209,1,2023-09,T40QFM,0.4858635039093423,0,0.7582001306706534
S2A_MSIL2A_20230927T063631_R120_T40QFM_20230927T125012_0000.jpg,S2A_MSIL2A_20230927T063631_R120_T40QFM_20230927T125012,0,2023-09,T40QFM,0.0574565028083517,0,0.7582001306706534
S2A_MSIL2A_20230927T063631_R120_T40QFM_20230927T125012_0001.jpg,S2A_MSIL2A_20230927T063631_R120_T40QFM_20230927T125012,0,2023-09,T40QFM,0.0574565028083517,0,0.7582001306706534
S2B_MSIL2A_20231002T063709_R120_T40QFM_20231002T151612_0000.jpg,S2B_MSIL2A_20231002T063709_R120_T40QFM_20231002T151612,1,2023-10,T40QFM,0.7220828217856928,0,0.7582001306706534
S2B_MSIL2A_20231002T063709_R120_T40QFM_20231002T151612_0001.jpg,S2B_MSIL2A_20231002T063709_R120_T40QFM_20231002T151612,1,2023-10,T40QFM,0.7220828217856928,0,0.7582001306706534
S2A_MSIL2A_20231017T063841_R120_T40QFM_20241028T093417_0000.jpg,S2A_MSIL2A_20231017T063841_R120_T40QFM_20241028T093417,0,2023-10,T40QFM,0.015917699949799902,0,0.7582001306706534
S2A_MSIL2A_20231017T063841_R120_T40QFM_20241028T093417_0001.jpg,S2A_MSIL2A_20231017T063841_R120_T40QFM_20241028T093417,0,2023-10,T40QFM,0.015917699949799902,0,0.7582001306706534
S2B_MSIL2A_20231101T064019_R120_T40QFM_20231101T101812_0000.jpg,S2B_MSIL2A_20231101T064019_R120_T40QFM_20231101T101812,0,2023-11,T40QFM,0.06002269780880367,0,0.7582001306706534
S2B_MSIL2A_20231101T064019_R120_T40QFM_20231101T101812_0001.jpg,S2B_MSIL2A_20231101T064019_R120_T40QFM_20231101T101812,0,2023-11,T40QFM,0.06002269780880367,0,0.7582001306706534
S2B_MSIL2A_20231111T064119_R120_T40QFM_20231111T102412_0000.jpg,S2B_MSIL2A_20231111T064119_R120_T40QFM_20231111T102412,1,2023-11,T40QFM,0.7815518270808596,1,0.7582001306706534
S2B_MSIL2A_20231111T064119_R120_T40QFM_20231111T102412_0001.jpg,S2B_MSIL2A_20231111T064119_R120_T40QFM_20231111T102412,1,2023-11,T40QFM,0.7815518270808596,1,0.7582001306706534
S2B_MSIL2A_20231121T064149_R120_T40QFM_20231121T102301_0000.jpg,S2B_MSIL2A_20231121T064149_R120_T40QFM_20231121T102301,1,2023-11,T40QFM,0.9121256738565653,1,0.7582001306706534
S2B_MSIL2A_20231121T064149_R120_T40QFM_20231121T102301_0001.jpg,S2B_MSIL2A_20231121T064149_R120_T40QFM_20231121T102301,1,2023-11,T40QFM,0.9121256738565653,1,0.7582001306706534
S2A_MSIL2A_20231126T064211_R120_T40QFM_20231126T111026_0000.jpg,S2A_MSIL2A_20231126T064211_R120_T40QFM_20231126T111026,0,2023-11,T40QFM,0.47611499628858023,0,0.7582001306706534
S2A_MSIL2A_20231126T064211_R120_T40QFM_20231126T111026_0001.jpg,S2A_MSIL2A_20231126T064211_R120_T40QFM_20231126T111026,0,2023-11,T40QFM,0.47611499628858023,0,0.7582001306706534
S2A_MSIL2A_20231206T064241_R120_T40QFM_20241101T134000_0000.jpg,S2A_MSIL2A_20231206T064241_R120_T40QFM_20241101T134000,0,2023-12,T40QFM,0.3308487342126777,0,0.7582001306706534
S2A_MSIL2A_20231206T064241_R120_T40QFM_20241101T134000_0001.jpg,S2A_MSIL2A_20231206T064241_R120_T40QFM_20241101T134000,0,2023-12,T40QFM,0.3308487342126777,0,0.7582001306706534
S2B_MSIL2A_20231231T064259_R120_T40QFM_20231231T100833_0000.jpg,S2B_MSIL2A_20231231T064259_R120_T40QFM_20231231T100833,0,2023-12,T40QFM,0.026266521446251686,0,0.7582001306706534
S2B_MSIL2A_20231231T064259_R120_T40QFM_20231231T100833_0001.jpg,S2B_MSIL2A_20231231T064259_R120_T40QFM_20231231T100833,0,2023-12,T40QFM,0.026266521446251686,0,0.7582001306706534
S2B_MSIL2A_20240110T064239_R120_T40QFM_20240110T094323_0000.jpg,S2B_MSIL2A_20240110T064239_R120_T40QFM_20240110T094323,0,2024-01,T40QFM,0.3080593096929632,0,0.7582001306706534
S2B_MSIL2A_20240110T064239_R120_T40QFM_20240110T094323_0001.jpg,S2B_MSIL2A_20240110T064239_R120_T40QFM_20240110T094323,0,2024-01,T40QFM,0.3080593096929632,0,0.7582001306706534
S2B_MSIL2A_20240120T064209_R120_T40QFM_20240120T101055_0000.jpg,S2B_MSIL2A_20240120T064209_R120_T40QFM_20240120T101055,0,2024-01,T40QFM,0.06670833213149052,0,0.7582001306706534
S2B_MSIL2A_20240120T064209_R120_T40QFM_20240120T101055_0001.jpg,S2B_MSIL2A_20240120T064209_R120_T40QFM_20240120T101055,0,2024-01,T40QFM,0.06670833213149052,0,0.7582001306706534
S2B_MSIL2A_20240130T064119_R120_T40QFM_20240130T101447_0000.jpg,S2B_MSIL2A_20240130T064119_R120_T40QFM_20240130T101447,0,2024-01,T40QFM,0.05809396179873334,0,0.7582001306706534
S2B_MSIL2A_20240130T064119_R120_T40QFM_20240130T101447_0001.jpg,S2B_MSIL2A_20240130T064119_R120_T40QFM_20240130T101447,0,2024-01,T40QFM,0.05809396179873334,0,0.7582001306706534
S2A_MSIL2A_20240204T064051_R120_T40QFM_20240204T114514_0000.jpg,S2A_MSIL2A_20240204T064051_R120_T40QFM_20240204T114514,0,2024-02,T40QFM,0.3624852904067494,0,0.7582001306706534
S2A_MSIL2A_20240204T064051_R120_T40QFM_20240204T114514_0001.jpg,S2A_MSIL2A_20240204T064051_R120_T40QFM_20240204T114514,0,2024-02,T40QFM,0.3624852904067494,0,0.7582001306706534
S2A_MSIL2A_20240224T063851_R120_T40QFM_20240224T122309_0000.jpg,S2A_MSIL2A_20240224T063851_R120_T40QFM_20240224T122309,0,2024-02,T40QFM,0.06651342443476918,0,0.7582001306706534
S2A_MSIL2A_20240224T063851_R120_T40QFM_20240224T122309_0001.jpg,S2A_MSIL2A_20240224T063851_R120_T40QFM_20240224T122309,0,2024-02,T40QFM,0.06651342443476918,0,0.7582001306706534
S2A_MSIL2A_20240315T063631_R120_T40QFM_20240315T121549_0000.jpg,S2A_MSIL2A_20240315T063631_R120_T40QFM_20240315T121549,0,2024-03,T40QFM,0.3618180344704272,0,0.7582001306706534
S2A_MSIL2A_20240315T063631_R120_T40QFM_20240315T121549_0001.jpg,S2A_MSIL2A_20240315T063631_R120_T40QFM_20240315T121549,0,2024-03,T40QFM,0.3618180344704272,0,0.7582001306706534
S2B_MSIL2A_20240409T063629_R120_T40QFM_20240411T033313_0000.jpg,S2B_MSIL2A_20240409T063629_R120_T40QFM_20240411T033313,0,2024-04,T40QFM,0.05279625786953843,0,0.7582001306706534
S2B_MSIL2A_20240409T063629_R120_T40QFM_20240411T033313_0001.jpg,S2B_MSIL2A_20240409T063629_R120_T40QFM_20240411T033313,0,2024-04,T40QFM,0.05279625786953843,0,0.7582001306706534
S2B_MSIL2A_20240429T063629_R120_T40QFM_20240429T111845_0000.jpg,S2B_MSIL2A_20240429T063629_R120_T40QFM_20240429T111845,1,2024-04,T40QFM,0.8634609647190151,1,0.7582001306706534
S2B_MSIL2A_20240429T063629_R120_T40QFM_20240429T111845_0001.jpg,S2B_MSIL2A_20240429T063629_R120_T40QFM_20240429T111845,1,2024-04,T40QFM,0.8634609647190151,1,0.7582001306706534
S2A_MSIL2A_20240504T063631_R120_T40QFM_20240506T184012_0000.jpg,S2A_MSIL2A_20240504T063631_R120_T40QFM_20240506T184012,0,2024-05,T40QFM,0.5891875277786844,0,0.7582001306706534
S2A_MSIL2A_20240504T063631_R120_T40QFM_20240506T184012_0001.jpg,S2A_MSIL2A_20240504T063631_R120_T40QFM_20240506T184012,0,2024-05,T40QFM,0.5891875277786844,0,0.7582001306706534
S2B_MSIL2A_20240509T063629_R120_T40QFM_20240509T101759_0000.jpg,S2B_MSIL2A_20240509T063629_R120_T40QFM_20240509T101759,0,2024-05,T40QFM,0.45224919054323254,0,0.7582001306706534
S2B_MSIL2A_20240509T063629_R120_T40QFM_20240509T101759_0001.jpg,S2B_MSIL2A_20240509T063629_R120_T40QFM_20240509T101759,0,2024-05,T40QFM,0.45224919054323254,0,0.7582001306706534
S2A_MSIL2A_20240524T063621_R120_T40QFM_20240524T121928_0000.jpg,S2A_MSIL2A_20240524T063621_R120_T40QFM_20240524T121928,0,2024-05,T40QFM,0.01816858383451911,0,0.7582001306706534
S2A_MSIL2A_20240524T063621_R120_T40QFM_20240524T121928_0001.jpg,S2A_MSIL2A_20240524T063621_R120_T40QFM_20240524T121928,0,2024-05,T40QFM,0.01816858383451911,0,0.7582001306706534
S2B_MSIL2A_20240529T063629_R120_T40QFM_20240529T102225_0000.jpg,S2B_MSIL2A_20240529T063629_R120_T40QFM_20240529T102225,0,2024-05,T40QFM,0.02133431228159171,0,0.7582001306706534
S2B_MSIL2A_20240529T063629_R120_T40QFM_20240529T102225_0001.jpg,S2B_MSIL2A_20240529T063629_R120_T40QFM_20240529T102225,0,2024-05,T40QFM,0.02133431228159171,0,0.7582001306706534
S2A_MSIL2A_20240603T063631_R120_T40QFM_20240603T120925_0000.jpg,S2A_MSIL2A_20240603T063631_R120_T40QFM_20240603T120925,1,2024-06,T40QFM,0.9615693412206902,1,0.7582001306706534
S2A_MSIL2A_20240603T063631_R120_T40QFM_20240603T120925_0001.jpg,S2A_MSIL2A_20240603T063631_R120_T40QFM_20240603T120925,1,2024-06,T40QFM,0.9615693412206902,1,0.7582001306706534
S2B_MSIL2A_20240618T063629_R120_T40QFM_20240618T111722_0000.jpg,S2B_MSIL2A_20240618T063629_R120_T40QFM_20240618T111722,0,2024-06,T40QFM,0.023657479734349958,0,0.7582001306706534
S2B_MSIL2A_20240618T063629_R120_T40QFM_20240618T111722_0001.jpg,S2B_MSIL2A_20240618T063629_R120_T40QFM_20240618T111722,0,2024-06,T40QFM,0.023657479734349958,0,0.7582001306706534
S2B_MSIL2A_20240628T063629_R120_T40QFM_20240628T105136_0000.jpg,S2B_MSIL2A_20240628T063629_R120_T40QFM_20240628T105136,0,2024-06,T40QFM,0.22714310090719655,0,0.7582001306706534
S2B_MSIL2A_20240628T063629_R120_T40QFM_20240628T105136_0001.jpg,S2B_MSIL2A_20240628T063629_R120_T40QFM_20240628T105136,0,2024-06,T40QFM,0.22714310090719655,0,0.7582001306706534
S2A_MSIL2A_20240703T063631_R120_T40QFM_20240703T111800_0000.jpg,S2A_MSIL2A_20240703T063631_R120_T40QFM_20240703T111800,1,2024-07,T40QFM,0.9350635247147976,1,0.7582001306706534
S2A_MSIL2A_20240703T063631_R120_T40QFM_20240703T111800_0001.jpg,S2A_MSIL2A_20240703T063631_R120_T40QFM_20240703T111800,1,2024-07,T40QFM,0.9350635247147976,1,0.7582001306706534
S2A_MSIL2A_20240723T063631_R120_T40QFM_20240723T113350_0000.jpg,S2A_MSIL2A_20240723T063631_R120_T40QFM_20240723T113350,0,2024-07,T40QFM,0.027131496624912897,0,0.7582001306706534
S2A_MSIL2A_20240723T063631_R120_T40QFM_20240723T113350_0001.jpg,S2A_MSIL2A_20240723T063631_R120_T40QFM_20240723T113350,0,2024-07,T40QFM,0.027131496624912897,0,0.7582001306706534
S2A_MSIL2A_20240812T063631_R120_T40QFM_20240812T114349_0000.jpg,S2A_MSIL2A_20240812T063631_R120_T40QFM_20240812T114349,0,2024-08,T40QFM,0.4742440811841656,0,0.7582001306706534
S2A_MSIL2A_20240812T063631_R120_T40QFM_20240812T114349_0001.jpg,S2A_MSIL2A_20240812T063631_R120_T40QFM_20240812T114349,0,2024-08,T40QFM,0.4742440811841656,0,0.7582001306706534
S2A_MSIL2A_20240911T063621_R120_T40QFM_20240911T114359_0000.jpg,S2A_MSIL2A_20240911T063621_R120_T40QFM_20240911T114359,0,2024-09,T40QFM,0.4191265646317128,0,0.7582001306706534
S2A_MSIL2A_20240911T063621_R120_T40QFM_20240911T114359_0001.jpg,S2A_MSIL2A_20240911T063621_R120_T40QFM_20240911T114359,0,2024-09,T40QFM,0.4191265646317128,0,0.7582001306706534
S2B_MSIL2A_20240926T063629_R120_T40QFM_20240926T091028_0000.jpg,S2B_MSIL2A_20240926T063629_R120_T40QFM_20240926T091028,0,2024-09,T40QFM,0.08515448577288898,0,0.7582001306706534
S2B_MSIL2A_20240926T063629_R120_T40QFM_20240926T091028_0001.jpg,S2B_MSIL2A_20240926T063629_R120_T40QFM_20240926T091028,0,2024-09,T40QFM,0.08515448577288898,0,0.7582001306706534
S2B_MSIL2A_20241006T063639_R120_T40QFM_20241006T090252_0000.jpg,S2B_MSIL2A_20241006T063639_R120_T40QFM_20241006T090252,0,2024-10,T40QFM,0.052318006180076995,0,0.7582001306706534
S2B_MSIL2A_20241006T063639_R120_T40QFM_20241006T090252_0001.jpg,S2B_MSIL2A_20241006T063639_R120_T40QFM_20241006T090252,0,2024-10,T40QFM,0.052318006180076995,0,0.7582001306706534
S2A_MSIL2A_20241011T063811_R120_T40QFM_20241011T094953_0000.jpg,S2A_MSIL2A_20241011T063811_R120_T40QFM_20241011T094953,1,2024-10,T40QFM,0.8676474343935063,1,0.7582001306706534
S2A_MSIL2A_20241011T063811_R120_T40QFM_20241011T094953_0001.jpg,S2A_MSIL2A_20241011T063811_R120_T40QFM_20241011T094953,1,2024-10,T40QFM,0.8676474343935063,1,0.7582001306706534
S2B_MSIL2A_20241105T063949_R120_T40QFM_20241105T090453_0000.jpg,S2B_MSIL2A_20241105T063949_R120_T40QFM_20241105T090453,0,2024-11,T40QFM,0.37126550090734667,0,0.7582001306706534
S2B_MSIL2A_20241105T063949_R120_T40QFM_20241105T090453_0001.jpg,S2B_MSIL2A_20241105T063949_R120_T40QFM_20241105T090453,0,2024-11,T40QFM,0.37126550090734667,0,0.7582001306706534
S2A_MSIL2A_20241110T064111_R120_T40QFM_20241110T095151_0000.jpg,S2A_MSIL2A_20241110T064111_R120_T40QFM_20241110T095151,0,2024-11,T40QFM,0.2908028354586261,0,0.7582001306706534
S2A_MSIL2A_20241110T064111_R120_T40QFM_20241110T095151_0001.jpg,S2A_MSIL2A_20241110T064111_R120_T40QFM_20241110T095151,0,2024-11,T40QFM,0.2908028354586261,0,0.7582001306706534
S2A_MSIL2A_20241120T064201_R120_T40QFM_20241120T094700_0000.jpg,S2A_MSIL2A_20241120T064201_R120_T40QFM_20241120T094700,0,2024-11,T40QFM,0.08377683465322049,0,0.7582001306706534
S2A_MSIL2A_20241120T064201_R120_T40QFM_20241120T094700_0001.jpg,S2A_MSIL2A_20241120T064201_R120_T40QFM_20241120T094700,0,2024-11,T40QFM,0.08377683465322049,0,0.7582001306706534
S2B_MSIL2A_20241125T064119_R120_T40QFM_20241125T085904_0000.jpg,S2B_MSIL2A_20241125T064119_R120_T40QFM_20241125T085904,0,2024-11,T40QFM,0.062045032294386036,0,0.7582001306706534
S2B_MSIL2A_20241125T064119_R120_T40QFM_20241125T085904_0001.jpg,S2B_MSIL2A_20241125T064119_R120_T40QFM_20241125T085904,0,2024-11,T40QFM,0.062045032294386036,0,0.7582001306706534
S2A_MSIL2A_20241210T064251_R120_T40QFM_20241210T095759_0000.jpg,S2A_MSIL2A_20241210T064251_R120_T40QFM_20241210T095759,0,2024-12,T40QFM,0.04974301404436381,0,0.7582001306706534
S2A_MSIL2A_20241210T064251_R120_T40QFM_20241210T095759_0001.jpg,S2A_MSIL2A_20241210T064251_R120_T40QFM_20241210T095759,0,2024-12,T40QFM,0.04974301404436381,0,0.7582001306706534
S2A_MSIL2A_20241220T064301_R120_T40QFM_20241220T102805_0000.jpg,S2A_MSIL2A_20241220T064301_R120_T40QFM_20241220T102805,0,2024-12,T40QFM,0.5905252422882844,0,0.7582001306706534
S2A_MSIL2A_20241220T064301_R120_T40QFM_20241220T102805_0001.jpg,S2A_MSIL2A_20241220T064301_R120_T40QFM_20241220T102805,0,2024-12,T40QFM,0.5905252422882844,0,0.7582001306706534
S2B_MSIL2A_20241225T064209_R120_T40QFM_20241225T090946_0000.jpg,S2B_MSIL2A_20241225T064209_R120_T40QFM_20241225T090946,0,2024-12,T40QFM,0.25623782875040974,0,0.7582001306706534
S2B_MSIL2A_20241225T064209_R120_T40QFM_20241225T090946_0001.jpg,S2B_MSIL2A_20241225T064209_R120_T40QFM_20241225T090946,0,2024-12,T40QFM,0.25623782875040974,0,0.7582001306706534
S2A_MSIL2A_20170227T062811_R077_T40QGL_20210208T174006_0000.jpg,S2A_MSIL2A_20170227T062811_R077_T40QGL_20210208T174006,0,2017-02,T40QGL,0.44901101784808417,0,0.7582001306706534
S2A_MSIL2A_20170227T062811_R077_T40QGL_20210208T174006_0001.jpg,S2A_MSIL2A_20170227T062811_R077_T40QGL_20210208T174006,0,2017-02,T40QGL,0.44901101784808417,0,0.7582001306706534
S2A_MSIL2A_20170408T062631_R077_T40QGL_20210209T054516_0000.jpg,S2A_MSIL2A_20170408T062631_R077_T40QGL_20210209T054516,0,2017-04,T40QGL,0.4083166920842146,0,0.7582001306706534
S2A_MSIL2A_20170408T062631_R077_T40QGL_20210209T054516_0001.jpg,S2A_MSIL2A_20170408T062631_R077_T40QGL_20210209T054516,0,2017-04,T40QGL,0.4083166920842146,0,0.7582001306706534
S2A_MSIL2A_20170607T062631_R077_T40QGL_20210209T210403_0000.jpg,S2A_MSIL2A_20170607T062631_R077_T40QGL_20210209T210403,0,2017-06,T40QGL,0.41576851869543674,0,0.7582001306706534
S2A_MSIL2A_20170607T062631_R077_T40QGL_20210209T210403_0001.jpg,S2A_MSIL2A_20170607T062631_R077_T40QGL_20210209T210403,0,2017-06,T40QGL,0.41576851869543674,0,0.7582001306706534
S2B_MSIL2A_20170712T062629_R077_T40QGL_20210210T075546_0000.jpg,S2B_MSIL2A_20170712T062629_R077_T40QGL_20210210T075546,0,2017-07,T40QGL,0.40070115479820206,0,0.7582001306706534
S2B_MSIL2A_20170712T062629_R077_T40QGL_20210210T075546_0001.jpg,S2B_MSIL2A_20170712T062629_R077_T40QGL_20210210T075546,0,2017-07,T40QGL,0.40070115479820206,0,0.7582001306706534
S2A_MSIL2A_20170806T062631_R077_T40QGL_20210210T201854_0000.jpg,S2A_MSIL2A_20170806T062631_R077_T40QGL_20210210T201854,0,2017-08,T40QGL,0.5693290717626515,0,0.7582001306706534
S2A_MSIL2A_20170806T062631_R077_T40QGL_20210210T201854_0001.jpg,S2A_MSIL2A_20170806T062631_R077_T40QGL_20210210T201854,0,2017-08,T40QGL,0.5693290717626515,0,0.7582001306706534
S2A_MSIL2A_20170826T062631_R077_T40QGL_20210201T110022_0000.jpg,S2A_MSIL2A_20170826T062631_R077_T40QGL_20210201T110022,0,2017-08,T40QGL,0.01057556147396372,0,0.7582001306706534
S2A_MSIL2A_20170826T062631_R077_T40QGL_20210201T110022_0001.jpg,S2A_MSIL2A_20170826T062631_R077_T40QGL_20210201T110022,0,2017-08,T40QGL,0.01057556147396372,0,0.7582001306706534
S2A_MSIL2A_20171005T062721_R077_T40QGL_20210202T140740_0000.jpg,S2A_MSIL2A_20171005T062721_R077_T40QGL_20210202T140740,0,2017-10,T40QGL,0.48353905415605924,0,0.7582001306706534
S2A_MSIL2A_20171005T062721_R077_T40QGL_20210202T140740_0001.jpg,S2A_MSIL2A_20171005T062721_R077_T40QGL_20210202T140740,0,2017-10,T40QGL,0.48353905415605924,0,0.7582001306706534
S2B_MSIL2A_20171109T063039_R077_T40QGL_20201014T190829_0000.jpg,S2B_MSIL2A_20171109T063039_R077_T40QGL_20201014T190829,0,2017-11,T40QGL,0.037164402124397776,0,0.7582001306706534
S2B_MSIL2A_20171109T063039_R077_T40QGL_20201014T190829_0001.jpg,S2B_MSIL2A_20171109T063039_R077_T40QGL_20201014T190829,0,2017-11,T40QGL,0.037164402124397776,0,0.7582001306706534
S2B_MSIL2A_20171119T063129_R077_T40QGL_20201014T205948_0000.jpg,S2B_MSIL2A_20171119T063129_R077_T40QGL_20201014T205948,0,2017-11,T40QGL,0.23573246918579865,0,0.7582001306706534
S2B_MSIL2A_20171119T063129_R077_T40QGL_20201014T205948_0001.jpg,S2B_MSIL2A_20171119T063129_R077_T40QGL_20201014T205948,0,2017-11,T40QGL,0.23573246918579865,0,0.7582001306706534
S2B_MSIL2A_20171129T063209_R077_T40QGL_20201014T225537_0000.jpg,S2B_MSIL2A_20171129T063209_R077_T40QGL_20201014T225537,0,2017-11,T40QGL,0.18937570370234316,0,0.7582001306706534
S2B_MSIL2A_20171129T063209_R077_T40QGL_20201014T225537_0001.jpg,S2B_MSIL2A_20171129T063209_R077_T40QGL_20201014T225537,0,2017-11,T40QGL,0.18937570370234316,0,0.7582001306706534
S2A_MSIL2A_20171224T063251_R077_T40QGL_20201014T155901_0000.jpg,S2A_MSIL2A_20171224T063251_R077_T40QGL_20201014T155901,1,2017-12,T40QGL,0.8613605713543553,1,0.7582001306706534
S2A_MSIL2A_20171224T063251_R077_T40QGL_20201014T155901_0001.jpg,S2A_MSIL2A_20171224T063251_R077_T40QGL_20201014T155901,1,2017-12,T40QGL,0.8613605713543553,1,0.7582001306706534
S2B_MSIL2A_20180108T063229_R077_T40QGL_20201014T041332_0000.jpg,S2B_MSIL2A_20180108T063229_R077_T40QGL_20201014T041332,0,2018-01,T40QGL,0.1928788857479354,0,0.7582001306706534
S2B_MSIL2A_20180108T063229_R077_T40QGL_20201014T041332_0001.jpg,S2B_MSIL2A_20180108T063229_R077_T40QGL_20201014T041332,0,2018-01,T40QGL,0.1928788857479354,0,0.7582001306706534
S2B_MSIL2A_20180128T063119_R077_T40QGL_20201014T093448_0000.jpg,S2B_MSIL2A_20180128T063119_R077_T40QGL_20201014T093448,0,2018-01,T40QGL,0.32192511796210344,0,0.7582001306706534
S2B_MSIL2A_20180128T063119_R077_T40QGL_20201014T093448_0001.jpg,S2B_MSIL2A_20180128T063119_R077_T40QGL_20201014T093448,0,2018-01,T40QGL,0.32192511796210344,0,0.7582001306706534
S2B_MSIL2A_20180207T063029_R077_T40QGL_20201013T195609_0000.jpg,S2B_MSIL2A_20180207T063029_R077_T40QGL_20201013T195609,0,2018-02,T40QGL,0.3727818566629254,0,0.7582001306706534
S2B_MSIL2A_20180207T063029_R077_T40QGL_20201013T195609_0001.jpg,S2B_MSIL2A_20180207T063029_R077_T40QGL_20201013T195609,0,2018-02,T40QGL,0.3727818566629254,0,0.7582001306706534
S2B_MSIL2A_20180319T062619_R077_T40QGL_20201013T111702_0000.jpg,S2B_MSIL2A_20180319T062619_R077_T40QGL_20201013T111702,0,2018-03,T40QGL,0.5797164770671948,0,0.7582001306706534
S2B_MSIL2A_20180319T062619_R077_T40QGL_20201013T111702_0001.jpg,S2B_MSIL2A_20180319T062619_R077_T40QGL_20201013T111702,0,2018-03,T40QGL,0.5797164770671948,0,0.7582001306706534
S2A_MSIL2A_20180413T062631_R077_T40QGL_20201012T214132_0000.jpg,S2A_MSIL2A_20180413T062631_R077_T40QGL_20201012T214132,1,2018-04,T40QGL,0.5657051380450593,0,0.7582001306706534
S2A_MSIL2A_20180413T062631_R077_T40QGL_20201012T214132_0001.jpg,S2A_MSIL2A_20180413T062631_R077_T40QGL_20201012T214132,1,2018-04,T40QGL,0.5657051380450593,0,0.7582001306706534
S2A_MSIL2A_20180503T062631_R077_T40QGL_20201012T051456_0000.jpg,S2A_MSIL2A_20180503T062631_R077_T40QGL_20201012T051456,0,2018-05,T40QGL,0.04253164793470274,0,0.7582001306706534
S2A_MSIL2A_20180503T062631_R077_T40QGL_20201012T051456_0001.jpg,S2A_MSIL2A_20180503T062631_R077_T40QGL_20201012T051456,0,2018-05,T40QGL,0.04253164793470274,0,0.7582001306706534
S2A_MSIL2A_20180513T062631_R077_T40QGL_20201012T091424_0000.jpg,S2A_MSIL2A_20180513T062631_R077_T40QGL_20201012T091424,0,2018-05,T40QGL,0.46794287319212685,0,0.7582001306706534
S2A_MSIL2A_20180513T062631_R077_T40QGL_20201012T091424_0001.jpg,S2A_MSIL2A_20180513T062631_R077_T40QGL_20201012T091424,0,2018-05,T40QGL,0.46794287319212685,0,0.7582001306706534
S2B_MSIL2A_20180528T062629_R077_T40QGL_20201026T110311_0000.jpg,S2B_MSIL2A_20180528T062629_R077_T40QGL_20201026T110311,1,2018-05,T40QGL,0.7244491617672235,0,0.7582001306706534
S2B_MSIL2A_20180528T062629_R077_T40QGL_20201026T110311_0001.jpg,S2B_MSIL2A_20180528T062629_R077_T40QGL_20201026T110311,1,2018-05,T40QGL,0.7244491617672235,0,0.7582001306706534
S2A_MSIL2A_20180602T062631_R077_T40QGL_20201026T120848_0000.jpg,S2A_MSIL2A_20180602T062631_R077_T40QGL_20201026T120848,0,2018-06,T40QGL,0.53519100112643,0,0.7582001306706534
S2A_MSIL2A_20180602T062631_R077_T40QGL_20201026T120848_0001.jpg,S2A_MSIL2A_20180602T062631_R077_T40QGL_20201026T120848,0,2018-06,T40QGL,0.53519100112643,0,0.7582001306706534
S2B_MSIL2A_20180617T062629_R077_T40QGL_20201011T231555_0000.jpg,S2B_MSIL2A_20180617T062629_R077_T40QGL_20201011T231555,0,2018-06,T40QGL,0.47400349777093215,0,0.7582001306706534
S2B_MSIL2A_20180617T062629_R077_T40QGL_20201011T231555_0001.jpg,S2B_MSIL2A_20180617T062629_R077_T40QGL_20201011T231555,0,2018-06,T40QGL,0.47400349777093215,0,0.7582001306706534
S2B_MSIL2A_20180707T062629_R077_T40QGL_20201011T130506_0000.jpg,S2B_MSIL2A_20180707T062629_R077_T40QGL_20201011T130506,1,2018-07,T40QGL,0.8845757791634541,1,0.7582001306706534
S2B_MSIL2A_20180707T062629_R077_T40QGL_20201011T130506_0001.jpg,S2B_MSIL2A_20180707T062629_R077_T40QGL_20201011T130506,1,2018-07,T40QGL,0.8845757791634541,1,0.7582001306706534
S2A_MSIL2A_20180811T062631_R077_T40QGL_20201011T000840_0000.jpg,S2A_MSIL2A_20180811T062631_R077_T40QGL_20201011T000840,0,2018-08,T40QGL,0.36980201827549863,0,0.7582001306706534
S2A_MSIL2A_20180811T062631_R077_T40QGL_20201011T000840_0001.jpg,S2A_MSIL2A_20180811T062631_R077_T40QGL_20201011T000840,0,2018-08,T40QGL,0.36980201827549863,0,0.7582001306706534
S2A_MSIL2A_20180821T062631_R077_T40QGL_20201011T044753_0000.jpg,S2A_MSIL2A_20180821T062631_R077_T40QGL_20201011T044753,0,2018-08,T40QGL,0.03893581948140429,0,0.7582001306706534
S2A_MSIL2A_20180821T062631_R077_T40QGL_20201011T044753_0001.jpg,S2A_MSIL2A_20180821T062631_R077_T40QGL_20201011T044753,0,2018-08,T40QGL,0.03893581948140429,0,0.7582001306706534
S2A_MSIL2A_20180831T062631_R077_T40QGL_20201103T173702_0000.jpg,S2A_MSIL2A_20180831T062631_R077_T40QGL_20201103T173702,0,2018-08,T40QGL,0.033410968802853935,0,0.7582001306706534
S2A_MSIL2A_20180831T062631_R077_T40QGL_20201103T173702_0001.jpg,S2A_MSIL2A_20180831T062631_R077_T40QGL_20201103T173702,0,2018-08,T40QGL,0.033410968802853935,0,0.7582001306706534
S2B_MSIL2A_20180905T062619_R077_T40QGL_20201011T085713_0000.jpg,S2B_MSIL2A_20180905T062619_R077_T40QGL_20201011T085713,0,2018-09,T40QGL,0.5665488736067165,0,0.7582001306706534
S2B_MSIL2A_20180905T062619_R077_T40QGL_20201011T085713_0001.jpg,S2B_MSIL2A_20180905T062619_R077_T40QGL_20201011T085713,0,2018-09,T40QGL,0.5665488736067165,0,0.7582001306706534
S2B_MSIL2A_20180915T062619_R077_T40QGL_20201009T012730_0000.jpg,S2B_MSIL2A_20180915T062619_R077_T40QGL_20201009T012730,0,2018-09,T40QGL,0.02820880077034236,0,0.7582001306706534
S2B_MSIL2A_20180915T062619_R077_T40QGL_20201009T012730_0001.jpg,S2B_MSIL2A_20180915T062619_R077_T40QGL_20201009T012730,0,2018-09,T40QGL,0.02820880077034236,0,0.7582001306706534
S2A_MSIL2A_20180930T062641_R077_T40QGL_20201009T062820_0000.jpg,S2A_MSIL2A_20180930T062641_R077_T40QGL_20201009T062820,0,2018-09,T40QGL,0.5117411515599372,0,0.7582001306706534
S2A_MSIL2A_20180930T062641_R077_T40QGL_20201009T062820_0001.jpg,S2A_MSIL2A_20180930T062641_R077_T40QGL_20201009T062820,0,2018-09,T40QGL,0.5117411515599372,0,0.7582001306706534
S2A_MSIL2A_20181010T062751_R077_T40QGL_20201009T100248_0000.jpg,S2A_MSIL2A_20181010T062751_R077_T40QGL_20201009T100248,1,2018-10,T40QGL,0.5091448198203194,0,0.7582001306706534
S2A_MSIL2A_20181010T062751_R077_T40QGL_20201009T100248_0001.jpg,S2A_MSIL2A_20181010T062751_R077_T40QGL_20201009T100248,1,2018-10,T40QGL,0.5091448198203194,0,0.7582001306706534
S2B_MSIL2A_20181114T063119_R077_T40QGL_20201008T183306_0000.jpg,S2B_MSIL2A_20181114T063119_R077_T40QGL_20201008T183306,0,2018-11,T40QGL,0.39273675315537304,0,0.7582001306706534
S2B_MSIL2A_20181114T063119_R077_T40QGL_20201008T183306_0001.jpg,S2B_MSIL2A_20181114T063119_R077_T40QGL_20201008T183306,0,2018-11,T40QGL,0.39273675315537304,0,0.7582001306706534
S2A_MSIL2A_20181209T063241_R077_T40QGL_20201008T083422_0000.jpg,S2A_MSIL2A_20181209T063241_R077_T40QGL_20201008T083422,0,2018-12,T40QGL,0.3111716376971479,0,0.7582001306706534
S2A_MSIL2A_20181209T063241_R077_T40QGL_20201008T083422_0001.jpg,S2A_MSIL2A_20181209T063241_R077_T40QGL_20201008T083422,0,2018-12,T40QGL,0.3111716376971479,0,0.7582001306706534
S2A_MSIL2A_20190128T063121_R077_T40QGL_20201008T051649_0000.jpg,S2A_MSIL2A_20190128T063121_R077_T40QGL_20201008T051649,0,2019-01,T40QGL,0.6901103874203129,0,0.7582001306706534
S2A_MSIL2A_20190128T063121_R077_T40QGL_20201008T051649_0001.jpg,S2A_MSIL2A_20190128T063121_R077_T40QGL_20201008T051649,0,2019-01,T40QGL,0.6901103874203129,0,0.7582001306706534
S2B_MSIL2A_20190212T063009_R077_T40QGL_20201007T161347_0000.jpg,S2B_MSIL2A_20190212T063009_R077_T40QGL_20201007T161347,1,2019-02,T40QGL,0.8740344456830089,1,0.7582001306706534
S2B_MSIL2A_20190212T063009_R077_T40QGL_20201007T161347_0001.jpg,S2B_MSIL2A_20190212T063009_R077_T40QGL_20201007T161347,1,2019-02,T40QGL,0.8740344456830089,1,0.7582001306706534
S2A_MSIL2A_20190227T062821_R077_T40QGL_20201007T210606_0000.jpg,S2A_MSIL2A_20190227T062821_R077_T40QGL_20201007T210606,0,2019-02,T40QGL,0.029045710737465893,0,0.7582001306706534
S2A_MSIL2A_20190227T062821_R077_T40QGL_20201007T210606_0001.jpg,S2A_MSIL2A_20190227T062821_R077_T40QGL_20201007T210606,0,2019-02,T40QGL,0.029045710737465893,0,0.7582001306706534
S2B_MSIL2A_20190304T062749_R077_T40QGL_20201030T140917_0000.jpg,S2B_MSIL2A_20190304T062749_R077_T40QGL_20201030T140917,0,2019-03,T40QGL,0.4617585285463741,0,0.7582001306706534
S2B_MSIL2A_20190304T062749_R077_T40QGL_20201030T140917_0001.jpg,S2B_MSIL2A_20190304T062749_R077_T40QGL_20201030T140917,0,2019-03,T40QGL,0.4617585285463741,0,0.7582001306706534
S2B_MSIL2A_20190314T062629_R077_T40QGL_20201007T063944_0000.jpg,S2B_MSIL2A_20190314T062629_R077_T40QGL_20201007T063944,1,2019-03,T40QGL,0.6497898802522762,0,0.7582001306706534
S2B_MSIL2A_20190314T062629_R077_T40QGL_20201007T063944_0001.jpg,S2B_MSIL2A_20190314T062629_R077_T40QGL_20201007T063944,1,2019-03,T40QGL,0.6497898802522762,0,0.7582001306706534
S2A_MSIL2A_20190408T062631_R077_T40QGL_20201006T233306_0000.jpg,S2A_MSIL2A_20190408T062631_R077_T40QGL_20201006T233306,1,2019-04,T40QGL,0.6216686486061023,0,0.7582001306706534
S2A_MSIL2A_20190408T062631_R077_T40QGL_20201006T233306_0001.jpg,S2A_MSIL2A_20190408T062631_R077_T40QGL_20201006T233306,1,2019-04,T40QGL,0.6216686486061023,0,0.7582001306706534
S2A_MSIL2A_20190418T062631_R077_T40QGL_20201007T032916_0000.jpg,S2A_MSIL2A_20190418T062631_R077_T40QGL_20201007T032916,0,2019-04,T40QGL,0.17603316435331604,0,0.7582001306706534
S2A_MSIL2A_20190418T062631_R077_T40QGL_20201007T032916_0001.jpg,S2A_MSIL2A_20190418T062631_R077_T40QGL_20201007T032916,0,2019-04,T40QGL,0.17603316435331604,0,0.7582001306706534
S2B_MSIL2A_20190503T062639_R077_T40QGL_20201006T093617_0000.jpg,S2B_MSIL2A_20190503T062639_R077_T40QGL_20201006T093617,0,2019-05,T40QGL,0.429408256243619,0,0.7582001306706534
S2B_MSIL2A_20190503T062639_R077_T40QGL_20201006T093617_0001.jpg,S2B_MSIL2A_20190503T062639_R077_T40QGL_20201006T093617,0,2019-05,T40QGL,0.429408256243619,0,0.7582001306706534
S2A_MSIL2A_20190607T062631_R077_T40QGL_20201005T230634_0000.jpg,S2A_MSIL2A_20190607T062631_R077_T40QGL_20201005T230634,0,2019-06,T40QGL,0.31662715274509357,0,0.7582001306706534
S2A_MSIL2A_20190607T062631_R077_T40QGL_20201005T230634_0001.jpg,S2A_MSIL2A_20190607T062631_R077_T40QGL_20201005T230634,0,2019-06,T40QGL,0.31662715274509357,0,0.7582001306706534
S2B_MSIL2A_20190612T062639_R077_T40QGL_20201006T012129_0000.jpg,S2B_MSIL2A_20190612T062639_R077_T40QGL_20201006T012129,0,2019-06,T40QGL,0.5309153907060525,0,0.7582001306706534
S2B_MSIL2A_20190612T062639_R077_T40QGL_20201006T012129_0001.jpg,S2B_MSIL2A_20190612T062639_R077_T40QGL_20201006T012129,0,2019-06,T40QGL,0.5309153907060525,0,0.7582001306706534
S2A_MSIL2A_20190627T062631_R077_T40QGL_20201006T065428_0000.jpg,S2A_MSIL2A_20190627T062631_R077_T40QGL_20201006T065428,0,2019-06,T40QGL,0.03771111350049272,0,0.7582001306706534
S2A_MSIL2A_20190627T062631_R077_T40QGL_20201006T065428_0001.jpg,S2A_MSIL2A_20190627T062631_R077_T40QGL_20201006T065428,0,2019-06,T40QGL,0.03771111350049272,0,0.7582001306706534
S2B_MSIL2A_20190702T062639_R077_T40QGL_20201005T081837_0000.jpg,S2B_MSIL2A_20190702T062639_R077_T40QGL_20201005T081837,1,2019-07,T40QGL,0.4256563960555887,0,0.7582001306706534
S2B_MSIL2A_20190702T062639_R077_T40QGL_20201005T081837_0001.jpg,S2B_MSIL2A_20190702T062639_R077_T40QGL_20201005T081837,1,2019-07,T40QGL,0.4256563960555887,0,0.7582001306706534
S2A_MSIL2A_20190816T062631_R077_T40QGL_20201005T005747_0000.jpg,S2A_MSIL2A_20190816T062631_R077_T40QGL_20201005T005747,1,2019-08,T40QGL,0.8875270061050485,1,0.7582001306706534
S2A_MSIL2A_20190816T062631_R077_T40QGL_20201005T005747_0001.jpg,S2A_MSIL2A_20190816T062631_R077_T40QGL_20201005T005747,1,2019-08,T40QGL,0.8875270061050485,1,0.7582001306706534
S2B_MSIL2A_20190821T062639_R077_T40QGL_20201005T030927_0000.jpg,S2B_MSIL2A_20190821T062639_R077_T40QGL_20201005T030927,0,2019-08,T40QGL,0.1784090016317573,0,0.7582001306706534
S2B_MSIL2A_20190821T062639_R077_T40QGL_20201005T030927_0001.jpg,S2B_MSIL2A_20190821T062639_R077_T40QGL_20201005T030927,0,2019-08,T40QGL,0.1784090016317573,0,0.7582001306706534
S2A_MSIL2A_20190826T062631_R077_T40QGL_20201005T045841_0000.jpg,S2A_MSIL2A_20190826T062631_R077_T40QGL_20201005T045841,0,2019-08,T40QGL,0.1098566247868398,0,0.7582001306706534
S2A_MSIL2A_20190826T062631_R077_T40QGL_20201005T045841_0001.jpg,S2A_MSIL2A_20190826T062631_R077_T40QGL_20201005T045841,0,2019-08,T40QGL,0.1098566247868398,0,0.7582001306706534
S2B_MSIL2A_20190910T062629_R077_T40QGL_20201004T113425_0000.jpg,S2B_MSIL2A_20190910T062629_R077_T40QGL_20201004T113425,1,2019-09,T40QGL,0.7827654071306235,1,0.7582001306706534
S2B_MSIL2A_20190910T062629_R077_T40QGL_20201004T113425_0001.jpg,S2B_MSIL2A_20190910T062629_R077_T40QGL_20201004T113425,1,2019-09,T40QGL,0.7827654071306235,1,0.7582001306706534
S2B_MSIL2A_20190930T062639_R077_T40QGL_20201004T185142_0000.jpg,S2B_MSIL2A_20190930T062639_R077_T40QGL_20201004T185142,0,2019-09,T40QGL,0.028420563804931617,0,0.7582001306706534
S2B_MSIL2A_20190930T062639_R077_T40QGL_20201004T185142_0001.jpg,S2B_MSIL2A_20190930T062639_R077_T40QGL_20201004T185142,0,2019-09,T40QGL,0.028420563804931617,0,0.7582001306706534
S2A_MSIL2A_20191015T062831_R077_T40QGL_20201004T022854_0000.jpg,S2A_MSIL2A_20191015T062831_R077_T40QGL_20201004T022854,0,2019-10,T40QGL,0.04472152198782435,0,0.7582001306706534
S2A_MSIL2A_20191015T062831_R077_T40QGL_20201004T022854_0001.jpg,S2A_MSIL2A_20191015T062831_R077_T40QGL_20201004T022854,0,2019-10,T40QGL,0.04472152198782435,0,0.7582001306706534
S2B_MSIL2A_20191020T062859_R077_T40QGL_20201004T042518_0000.jpg,S2B_MSIL2A_20191020T062859_R077_T40QGL_20201004T042518,0,2019-10,T40QGL,0.44948290230450794,0,0.7582001306706534
S2B_MSIL2A_20191020T062859_R077_T40QGL_20201004T042518_0001.jpg,S2B_MSIL2A_20191020T062859_R077_T40QGL_20201004T042518,0,2019-10,T40QGL,0.44948290230450794,0,0.7582001306706534
S2A_MSIL2A_20191025T062931_R077_T40QGL_20201004T055923_0000.jpg,S2A_MSIL2A_20191025T062931_R077_T40QGL_20201004T055923,0,2019-10,T40QGL,0.06642116206238699,0,0.7582001306706534
S2A_MSIL2A_20191025T062931_R077_T40QGL_20201004T055923_0001.jpg,S2A_MSIL2A_20191025T062931_R077_T40QGL_20201004T055923,0,2019-10,T40QGL,0.06642116206238699,0,0.7582001306706534
S2B_MSIL2A_20191119T063139_R077_T40QGL_20201003T180524_0000.jpg,S2B_MSIL2A_20191119T063139_R077_T40QGL_20201003T180524,1,2019-11,T40QGL,0.511850003706188,0,0.7582001306706534
S2B_MSIL2A_20191119T063139_R077_T40QGL_20201003T180524_0001.jpg,S2B_MSIL2A_20191119T063139_R077_T40QGL_20201003T180524,1,2019-11,T40QGL,0.511850003706188,0,0.7582001306706534
S2A_MSIL2A_20191214T063251_R077_T40QGL_20201003T044507_0000.jpg,S2A_MSIL2A_20191214T063251_R077_T40QGL_20201003T044507,1,2019-12,T40QGL,0.8813939505900891,1,0.7582001306706534
S2A_MSIL2A_20191214T063251_R077_T40QGL_20201003T044507_0001.jpg,S2A_MSIL2A_20191214T063251_R077_T40QGL_20201003T044507,1,2019-12,T40QGL,0.8813939505900891,1,0.7582001306706534
S2B_MSIL2A_20200118T063209_R077_T40QGL_20201002T202134_0000.jpg,S2B_MSIL2A_20200118T063209_R077_T40QGL_20201002T202134,1,2020-01,T40QGL,0.8589247555599501,1,0.7582001306706534
S2B_MSIL2A_20200118T063209_R077_T40QGL_20201002T202134_0001.jpg,S2B_MSIL2A_20200118T063209_R077_T40QGL_20201002T202134,1,2020-01,T40QGL,0.8589247555599501,1,0.7582001306706534
S2A_MSIL2A_20200303T062741_R077_T40QGL_20200926T050041_0000.jpg,S2A_MSIL2A_20200303T062741_R077_T40QGL_20200926T050041,0,2020-03,T40QGL,0.6478967679659304,0,0.7582001306706534
S2A_MSIL2A_20200303T062741_R077_T40QGL_20200926T050041_0001.jpg,S2A_MSIL2A_20200303T062741_R077_T40QGL_20200926T050041,0,2020-03,T40QGL,0.6478967679659304,0,0.7582001306706534
S2B_MSIL2A_20200328T062629_R077_T40QGL_20201027T122255_0000.jpg,S2B_MSIL2A_20200328T062629_R077_T40QGL_20201027T122255,0,2020-03,T40QGL,0.048417812565695675,0,0.7582001306706534
S2B_MSIL2A_20200328T062629_R077_T40QGL_20201027T122255_0001.jpg,S2B_MSIL2A_20200328T062629_R077_T40QGL_20201027T122255,0,2020-03,T40QGL,0.048417812565695675,0,0.7582001306706534
S2A_MSIL2A_20200402T062621_R077_T40QGL_20200924T160404_0000.jpg,S2A_MSIL2A_20200402T062621_R077_T40QGL_20200924T160404,1,2020-04,T40QGL,0.5173210197342275,0,0.7582001306706534
S2A_MSIL2A_20200402T062621_R077_T40QGL_20200924T160404_0001.jpg,S2A_MSIL2A_20200402T062621_R077_T40QGL_20200924T160404,1,2020-04,T40QGL,0.5173210197342275,0,0.7582001306706534
S2B_MSIL2A_20200507T062629_R077_T40QGL_20200920T220120_0000.jpg,S2B_MSIL2A_20200507T062629_R077_T40QGL_20200920T220120,0,2020-05,T40QGL,0.05179931533071487,0,0.7582001306706534
S2B_MSIL2A_20200507T062629_R077_T40QGL_20200920T220120_0001.jpg,S2B_MSIL2A_20200507T062629_R077_T40QGL_20200920T220120,0,2020-05,T40QGL,0.05179931533071487,0,0.7582001306706534
S2A_MSIL2A_20200512T062631_R077_T40QGL_20200917T210541_0000.jpg,S2A_MSIL2A_20200512T062631_R077_T40QGL_20200917T210541,0,2020-05,T40QGL,0.03561370929180667,0,0.7582001306706534
S2A_MSIL2A_20200512T062631_R077_T40QGL_20200917T210541_0001.jpg,S2A_MSIL2A_20200512T062631_R077_T40QGL_20200917T210541,0,2020-05,T40QGL,0.03561370929180667,0,0.7582001306706534
S2A_MSIL2A_20200522T062631_R077_T40QGL_20200910T130323_0000.jpg,S2A_MSIL2A_20200522T062631_R077_T40QGL_20200910T130323,0,2020-05,T40QGL,0.5705402067592017,0,0.7582001306706534
S2A_MSIL2A_20200522T062631_R077_T40QGL_20200910T130323_0001.jpg,S2A_MSIL2A_20200522T062631_R077_T40QGL_20200910T130323,0,2020-05,T40QGL,0.5705402067592017,0,0.7582001306706534
S2B_MSIL2A_20200527T062629_R077_T40QGL_20200911T043845_0000.jpg,S2B_MSIL2A_20200527T062629_R077_T40QGL_20200911T043845,1,2020-05,T40QGL,0.8452420559904624,1,0.7582001306706534
S2B_MSIL2A_20200527T062629_R077_T40QGL_20200911T043845_0001.jpg,S2B_MSIL2A_20200527T062629_R077_T40QGL_20200911T043845,1,2020-05,T40QGL,0.8452420559904624,1,0.7582001306706534
S2B_MSIL2A_20200606T062629_R077_T40QGL_20200909T170242_0000.jpg,S2B_MSIL2A_20200606T062629_R077_T40QGL_20200909T170242,0,2020-06,T40QGL,0.0769410711977053,0,0.7582001306706534
S2B_MSIL2A_20200606T062629_R077_T40QGL_20200909T170242_0001.jpg,S2B_MSIL2A_20200606T062629_R077_T40QGL_20200909T170242,0,2020-06,T40QGL,0.0769410711977053,0,0.7582001306706534
S2A_MSIL2A_20200611T062631_R077_T40QGL_20200909T170247_0000.jpg,S2A_MSIL2A_20200611T062631_R077_T40QGL_20200909T170247,0,2020-06,T40QGL,0.5667998673503791,0,0.7582001306706534
S2A_MSIL2A_20200611T062631_R077_T40QGL_20200909T170247_0001.jpg,S2A_MSIL2A_20200611T062631_R077_T40QGL_20200909T170247,0,2020-06,T40QGL,0.5667998673503791,0,0.7582001306706534
S2A_MSIL2A_20200701T062631_R077_T40QGL_20200824T190158_0000.jpg,S2A_MSIL2A_20200701T062631_R077_T40QGL_20200824T190158,0,2020-07,T40QGL,0.14710913988191732,0,0.7582001306706534
S2A_MSIL2A_20200701T062631_R077_T40QGL_20200824T190158_0001.jpg,S2A_MSIL2A_20200701T062631_R077_T40QGL_20200824T190158,0,2020-07,T40QGL,0.14710913988191732,0,0.7582001306706534
S2A_MSIL2A_20200721T062631_R077_T40QGL_20200816T230029_0000.jpg,S2A_MSIL2A_20200721T062631_R077_T40QGL_20200816T230029,1,2020-07,T40QGL,0.7849363333697208,1,0.7582001306706534
S2A_MSIL2A_20200721T062631_R077_T40QGL_20200816T230029_0001.jpg,S2A_MSIL2A_20200721T062631_R077_T40QGL_20200816T230029,1,2020-07,T40QGL,0.7849363333697208,1,0.7582001306706534
S2A_MSIL2A_20200830T062631_R077_T40QGL_20200907T182438_0000.jpg,S2A_MSIL2A_20200830T062631_R077_T40QGL_20200907T182438,0,2020-08,T40QGL,0.2074671799027544,0,0.7582001306706534
S2A_MSIL2A_20200830T062631_R077_T40QGL_20200907T182438_0001.jpg,S2A_MSIL2A_20200830T062631_R077_T40QGL_20200907T182438,0,2020-08,T40QGL,0.2074671799027544,0,0.7582001306706534
S2B_MSIL2A_20200904T062629_R077_T40QGL_20200919T090132_0000.jpg,S2B_MSIL2A_20200904T062629_R077_T40QGL_20200919T090132,0,2020-09,T40QGL,0.026757248019368005,0,0.7582001306706534
S2B_MSIL2A_20200904T062629_R077_T40QGL_20200919T090132_0001.jpg,S2B_MSIL2A_20200904T062629_R077_T40QGL_20200919T090132,0,2020-09,T40QGL,0.026757248019368005,0,0.7582001306706534
S2A_MSIL2A_20200909T062631_R077_T40QGL_20200919T090136_0000.jpg,S2A_MSIL2A_20200909T062631_R077_T40QGL_20200919T090136,0,2020-09,T40QGL,0.20369861261269898,0,0.7582001306706534
S2A_MSIL2A_20200909T062631_R077_T40QGL_20200919T090136_0001.jpg,S2A_MSIL2A_20200909T062631_R077_T40QGL_20200919T090136,0,2020-09,T40QGL,0.20369861261269898,0,0.7582001306706534
S2A_MSIL2A_20200919T062631_R077_T40QGL_20200922T213558_0000.jpg,S2A_MSIL2A_20200919T062631_R077_T40QGL_20200922T213558,0,2020-09,T40QGL,0.3727643357953154,0,0.7582001306706534
S2A_MSIL2A_20200919T062631_R077_T40QGL_20200922T213558_0001.jpg,S2A_MSIL2A_20200919T062631_R077_T40QGL_20200922T213558,0,2020-09,T40QGL,0.3727643357953154,0,0.7582001306706534
S2A_MSIL2A_20200929T062651_R077_T40QGL_20201001T173743_0000.jpg,S2A_MSIL2A_20200929T062651_R077_T40QGL_20201001T173743,1,2020-09,T40QGL,0.7730122445681415,1,0.7582001306706534
S2A_MSIL2A_20200929T062651_R077_T40QGL_20201001T173743_0001.jpg,S2A_MSIL2A_20200929T062651_R077_T40QGL_20201001T173743,1,2020-09,T40QGL,0.7730122445681415,1,0.7582001306706534
S2B_MSIL2A_20201004T062719_R077_T40QGL_20201006T041206_0000.jpg,S2B_MSIL2A_20201004T062719_R077_T40QGL_20201006T041206,1,2020-10,T40QGL,0.7342537151313375,0,0.7582001306706534
S2B_MSIL2A_20201004T062719_R077_T40QGL_20201006T041206_0001.jpg,S2B_MSIL2A_20201004T062719_R077_T40QGL_20201006T041206,1,2020-10,T40QGL,0.7342537151313375,0,0.7582001306706534
S2B_MSIL2A_20201113T063119_R077_T40QGL_20201115T062038_0000.jpg,S2B_MSIL2A_20201113T063119_R077_T40QGL_20201115T062038,0,2020-11,T40QGL,0.055903946256661265,0,0.7582001306706534
S2B_MSIL2A_20201113T063119_R077_T40QGL_20201115T062038_0001.jpg,S2B_MSIL2A_20201113T063119_R077_T40QGL_20201115T062038,0,2020-11,T40QGL,0.055903946256661265,0,0.7582001306706534
S2B_MSIL2A_20201123T063159_R077_T40QGL_20201124T121724_0000.jpg,S2B_MSIL2A_20201123T063159_R077_T40QGL_20201124T121724,0,2020-11,T40QGL,0.5126016225653439,0,0.7582001306706534
S2B_MSIL2A_20201123T063159_R077_T40QGL_20201124T121724_0001.jpg,S2B_MSIL2A_20201123T063159_R077_T40QGL_20201124T121724,0,2020-11,T40QGL,0.5126016225653439,0,0.7582001306706534
S2B_MSIL2A_20201203T063229_R077_T40QGL_20201204T002719_0000.jpg,S2B_MSIL2A_20201203T063229_R077_T40QGL_20201204T002719,0,2020-12,T40QGL,0.04897651530359026,0,0.7582001306706534
S2B_MSIL2A_20201203T063229_R077_T40QGL_20201204T002719_0001.jpg,S2B_MSIL2A_20201203T063229_R077_T40QGL_20201204T002719,0,2020-12,T40QGL,0.04897651530359026,0,0.7582001306706534
S2B_MSIL2A_20201213T063249_R077_T40QGL_20201214T025146_0000.jpg,S2B_MSIL2A_20201213T063249_R077_T40QGL_20201214T025146,0,2020-12,T40QGL,0.4433823559636148,0,0.7582001306706534
S2B_MSIL2A_20201213T063249_R077_T40QGL_20201214T025146_0001.jpg,S2B_MSIL2A_20201213T063249_R077_T40QGL_20201214T025146,0,2020-12,T40QGL,0.4433823559636148,0,0.7582001306706534
S2A_MSIL2A_20201228T063301_R077_T40QGL_20210113T144450_0000.jpg,S2A_MSIL2A_20201228T063301_R077_T40QGL_20210113T144450,0,2020-12,T40QGL,0.40844761713996947,0,0.7582001306706534
S2A_MSIL2A_20201228T063301_R077_T40QGL_20210113T144450_0001.jpg,S2A_MSIL2A_20201228T063301_R077_T40QGL_20210113T144450,0,2020-12,T40QGL,0.40844761713996947,0,0.7582001306706534
S2B_MSIL2A_20210102T063249_R077_T40QGL_20210102T170534_0000.jpg,S2B_MSIL2A_20210102T063249_R077_T40QGL_20210102T170534,0,2021-01,T40QGL,0.03887389731680935,0,0.7582001306706534
S2B_MSIL2A_20210102T063249_R077_T40QGL_20210102T170534_0001.jpg,S2B_MSIL2A_20210102T063249_R077_T40QGL_20210102T170534,0,2021-01,T40QGL,0.03887389731680935,0,0.7582001306706534
S2B_MSIL2A_20210112T063229_R077_T40QGL_20210112T195729_0000.jpg,S2B_MSIL2A_20210112T063229_R077_T40QGL_20210112T195729,1,2021-01,T40QGL,0.9602015428730233,1,0.7582001306706534
S2B_MSIL2A_20210112T063229_R077_T40QGL_20210112T195729_0001.jpg,S2B_MSIL2A_20210112T063229_R077_T40QGL_20210112T195729,1,2021-01,T40QGL,0.9602015428730233,1,0.7582001306706534
S2B_MSIL2A_20210201T063059_R077_T40QGL_20210202T030519_0000.jpg,S2B_MSIL2A_20210201T063059_R077_T40QGL_20210202T030519,0,2021-02,T40QGL,0.038162398331884693,0,0.7582001306706534
S2B_MSIL2A_20210201T063059_R077_T40QGL_20210202T030519_0001.jpg,S2B_MSIL2A_20210201T063059_R077_T40QGL_20210202T030519,0,2021-02,T40QGL,0.038162398331884693,0,0.7582001306706534
S2A_MSIL2A_20210216T062931_R077_T40QGL_20210419T220332_0000.jpg,S2A_MSIL2A_20210216T062931_R077_T40QGL_20210419T220332,0,2021-02,T40QGL,0.2072727315396977,0,0.7582001306706534
S2A_MSIL2A_20210216T062931_R077_T40QGL_20210419T220332_0001.jpg,S2A_MSIL2A_20210216T062931_R077_T40QGL_20210419T220332,0,2021-02,T40QGL,0.2072727315396977,0,0.7582001306706534
S2B_MSIL2A_20210221T062859_R077_T40QGL_20210221T175910_0000.jpg,S2B_MSIL2A_20210221T062859_R077_T40QGL_20210221T175910,0,2021-02,T40QGL,0.15161451239683743,0,0.7582001306706534
S2B_MSIL2A_20210221T062859_R077_T40QGL_20210221T175910_0001.jpg,S2B_MSIL2A_20210221T062859_R077_T40QGL_20210221T175910,0,2021-02,T40QGL,0.15161451239683743,0,0.7582001306706534
S2A_MSIL2A_20210226T062831_R077_T40QGL_20210226T174100_0000.jpg,S2A_MSIL2A_20210226T062831_R077_T40QGL_20210226T174100,1,2021-02,T40QGL,0.894439049147606,1,0.7582001306706534
S2A_MSIL2A_20210226T062831_R077_T40QGL_20210226T174100_0001.jpg,S2A_MSIL2A_20210226T062831_R077_T40QGL_20210226T174100,1,2021-02,T40QGL,0.894439049147606,1,0.7582001306706534
S2B_MSIL2A_20210303T062749_R077_T40QGL_20210303T194138_0000.jpg,S2B_MSIL2A_20210303T062749_R077_T40QGL_20210303T194138,1,2021-03,T40QGL,0.6976516488241642,0,0.7582001306706534
S2B_MSIL2A_20210303T062749_R077_T40QGL_20210303T194138_0001.jpg,S2B_MSIL2A_20210303T062749_R077_T40QGL_20210303T194138,1,2021-03,T40QGL,0.6976516488241642,0,0.7582001306706534
S2B_MSIL2A_20210402T062629_R077_T40QGL_20210402T233313_0000.jpg,S2B_MSIL2A_20210402T062629_R077_T40QGL_20210402T233313,1,2021-04,T40QGL,0.7502627868150006,0,0.7582001306706534
S2B_MSIL2A_20210402T062629_R077_T40QGL_20210402T233313_0001.jpg,S2B_MSIL2A_20210402T062629_R077_T40QGL_20210402T233313,1,2021-04,T40QGL,0.7502627868150006,0,0.7582001306706534
S2B_MSIL2A_20210412T062629_R077_T40QGL_20210412T184723_0000.jpg,S2B_MSIL2A_20210412T062629_R077_T40QGL_20210412T184723,0,2021-04,T40QGL,0.04098059520742749,0,0.7582001306706534
S2B_MSIL2A_20210412T062629_R077_T40QGL_20210412T184723_0001.jpg,S2B_MSIL2A_20210412T062629_R077_T40QGL_20210412T184723,0,2021-04,T40QGL,0.04098059520742749,0,0.7582001306706534
S2A_MSIL2A_20210527T062631_R077_T40QGL_20210527T194319_0000.jpg,S2A_MSIL2A_20210527T062631_R077_T40QGL_20210527T194319,1,2021-05,T40QGL,0.5550525235973126,0,0.7582001306706534
S2A_MSIL2A_20210527T062631_R077_T40QGL_20210527T194319_0001.jpg,S2A_MSIL2A_20210527T062631_R077_T40QGL_20210527T194319,1,2021-05,T40QGL,0.5550525235973126,0,0.7582001306706534
S2B_MSIL2A_20210601T062629_R077_T40QGL_20210601T190640_0000.jpg,S2B_MSIL2A_20210601T062629_R077_T40QGL_20210601T190640,0,2021-06,T40QGL,0.04463337195254944,0,0.7582001306706534
S2B_MSIL2A_20210601T062629_R077_T40QGL_20210601T190640_0001.jpg,S2B_MSIL2A_20210601T062629_R077_T40QGL_20210601T190640,0,2021-06,T40QGL,0.04463337195254944,0,0.7582001306706534
S2B_MSIL2A_20210621T062629_R077_T40QGL_20210624T121902_0000.jpg,S2B_MSIL2A_20210621T062629_R077_T40QGL_20210624T121902,0,2021-06,T40QGL,0.3036848783181632,0,0.7582001306706534
S2B_MSIL2A_20210621T062629_R077_T40QGL_20210624T121902_0001.jpg,S2B_MSIL2A_20210621T062629_R077_T40QGL_20210624T121902,0,2021-06,T40QGL,0.3036848783181632,0,0.7582001306706534
S2A_MSIL2A_20210626T062631_R077_T40QGL_20210626T143353_0000.jpg,S2A_MSIL2A_20210626T062631_R077_T40QGL_20210626T143353,1,2021-06,T40QGL,0.7815184907655979,1,0.7582001306706534
S2A_MSIL2A_20210626T062631_R077_T40QGL_20210626T143353_0001.jpg,S2A_MSIL2A_20210626T062631_R077_T40QGL_20210626T143353,1,2021-06,T40QGL,0.7815184907655979,1,0.7582001306706534
S2A_MSIL2A_20210706T062631_R077_T40QGL_20210706T183652_0000.jpg,S2A_MSIL2A_20210706T062631_R077_T40QGL_20210706T183652,0,2021-07,T40QGL,0.6819173491158197,0,0.7582001306706534
S2A_MSIL2A_20210706T062631_R077_T40QGL_20210706T183652_0001.jpg,S2A_MSIL2A_20210706T062631_R077_T40QGL_20210706T183652,0,2021-07,T40QGL,0.6819173491158197,0,0.7582001306706534
S2A_MSIL2A_20210815T062631_R077_T40QGL_20210815T125240_0000.jpg,S2A_MSIL2A_20210815T062631_R077_T40QGL_20210815T125240,0,2021-08,T40QGL,0.6951683389502206,0,0.7582001306706534
S2A_MSIL2A_20210815T062631_R077_T40QGL_20210815T125240_0001.jpg,S2A_MSIL2A_20210815T062631_R077_T40QGL_20210815T125240,0,2021-08,T40QGL,0.6951683389502206,0,0.7582001306706534
S2B_MSIL2A_20210820T062629_R077_T40QGL_20210820T125555_0000.jpg,S2B_MSIL2A_20210820T062629_R077_T40QGL_20210820T125555,0,2021-08,T40QGL,0.628955978255475,0,0.7582001306706534
S2B_MSIL2A_20210820T062629_R077_T40QGL_20210820T125555_0001.jpg,S2B_MSIL2A_20210820T062629_R077_T40QGL_20210820T125555,0,2021-08,T40QGL,0.628955978255475,0,0.7582001306706534
S2A_MSIL2A_20210924T062631_R077_T40QGL_20210925T024150_0000.jpg,S2A_MSIL2A_20210924T062631_R077_T40QGL_20210925T024150,1,2021-09,T40QGL,0.7588178936958277,1,0.7582001306706534
S2A_MSIL2A_20210924T062631_R077_T40QGL_20210925T024150_0001.jpg,S2A_MSIL2A_20210924T062631_R077_T40QGL_20210925T024150,1,2021-09,T40QGL,0.7588178936958277,1,0.7582001306706534
S2B_MSIL2A_20211009T062749_R077_T40QGL_20211009T174740_0000.jpg,S2B_MSIL2A_20211009T062749_R077_T40QGL_20211009T174740,0,2021-10,T40QGL,0.591699089985938,0,0.7582001306706534
S2B_MSIL2A_20211009T062749_R077_T40QGL_20211009T174740_0001.jpg,S2B_MSIL2A_20211009T062749_R077_T40QGL_20211009T174740,0,2021-10,T40QGL,0.591699089985938,0,0.7582001306706534
S2B_MSIL2A_20211019T062859_R077_T40QGL_20211020T001424_0000.jpg,S2B_MSIL2A_20211019T062859_R077_T40QGL_20211020T001424,0,2021-10,T40QGL,0.04073215370810358,0,0.7582001306706534
S2B_MSIL2A_20211019T062859_R077_T40QGL_20211020T001424_0001.jpg,S2B_MSIL2A_20211019T062859_R077_T40QGL_20211020T001424,0,2021-10,T40QGL,0.04073215370810358,0,0.7582001306706534
S2B_MSIL2A_20211029T062959_R077_T40QGL_20211029T195714_0000.jpg,S2B_MSIL2A_20211029T062959_R077_T40QGL_20211029T195714,0,2021-10,T40QGL,0.01257349904958267,0,0.7582001306706534
S2B_MSIL2A_20211029T062959_R077_T40QGL_20211029T195714_0001.jpg,S2B_MSIL2A_20211029T062959_R077_T40QGL_20211029T195714,0,2021-10,T40QGL,0.01257349904958267,0,0.7582001306706534
S2B_MSIL2A_20211108T063049_R077_T40QGL_20211109T065345_0000.jpg,S2B_MSIL2A_20211108T063049_R077_T40QGL_20211109T065345,0,2021-11,T40QGL,0.6271284218561892,0,0.7582001306706534
S2B_MSIL2A_20211108T063049_R077_T40QGL_20211109T065345_0001.jpg,S2B_MSIL2A_20211108T063049_R077_T40QGL_20211109T065345,0,2021-11,T40QGL,0.6271284218561892,0,0.7582001306706534
S2B_MSIL2A_20211118T063139_R077_T40QGL_20211118T164048_0000.jpg,S2B_MSIL2A_20211118T063139_R077_T40QGL_20211118T164048,0,2021-11,T40QGL,0.04490222345461006,0,0.7582001306706534
S2B_MSIL2A_20211118T063139_R077_T40QGL_20211118T164048_0001.jpg,S2B_MSIL2A_20211118T063139_R077_T40QGL_20211118T164048,0,2021-11,T40QGL,0.04490222345461006,0,0.7582001306706534
S2B_MSIL2A_20211128T063219_R077_T40QGL_20211129T031625_0000.jpg,S2B_MSIL2A_20211128T063219_R077_T40QGL_20211129T031625,1,2021-11,T40QGL,0.6326917420294638,0,0.7582001306706534
S2B_MSIL2A_20211128T063219_R077_T40QGL_20211129T031625_0001.jpg,S2B_MSIL2A_20211128T063219_R077_T40QGL_20211129T031625,1,2021-11,T40QGL,0.6326917420294638,0,0.7582001306706534
S2A_MSIL2A_20211203T063231_R077_T40QGL_20230126T013843_0000.jpg,S2A_MSIL2A_20211203T063231_R077_T40QGL_20230126T013843,0,2021-12,T40QGL,0.05431695533140327,0,0.7582001306706534
S2A_MSIL2A_20211203T063231_R077_T40QGL_20230126T013843_0001.jpg,S2A_MSIL2A_20211203T063231_R077_T40QGL_20230126T013843,0,2021-12,T40QGL,0.05431695533140327,0,0.7582001306706534
S2A_MSIL2A_20211213T063251_R077_T40QGL_20211213T193032_0000.jpg,S2A_MSIL2A_20211213T063251_R077_T40QGL_20211213T193032,1,2021-12,T40QGL,0.9424246742040122,1,0.7582001306706534
S2A_MSIL2A_20211213T063251_R077_T40QGL_20211213T193032_0001.jpg,S2A_MSIL2A_20211213T063251_R077_T40QGL_20211213T193032,1,2021-12,T40QGL,0.9424246742040122,1,0.7582001306706534
S2A_MSIL2A_20211223T063301_R077_T40QGL_20211224T035618_0000.jpg,S2A_MSIL2A_20211223T063301_R077_T40QGL_20211224T035618,1,2021-12,T40QGL,0.6615181300296002,0,0.7582001306706534
S2A_MSIL2A_20211223T063301_R077_T40QGL_20211224T035618_0001.jpg,S2A_MSIL2A_20211223T063301_R077_T40QGL_20211224T035618,1,2021-12,T40QGL,0.6615181300296002,0,0.7582001306706534
S2A_MSIL2A_20220112T063231_R077_T40QGL_20220113T005232_0000.jpg,S2A_MSIL2A_20220112T063231_R077_T40QGL_20220113T005232,0,2022-01,T40QGL,0.11287324718108512,0,0.7582001306706534
S2A_MSIL2A_20220112T063231_R077_T40QGL_20220113T005232_0001.jpg,S2A_MSIL2A_20220112T063231_R077_T40QGL_20220113T005232,0,2022-01,T40QGL,0.11287324718108512,0,0.7582001306706534
S2B_MSIL2A_20220117T063209_R077_T40QGL_20220117T220547_0000.jpg,S2B_MSIL2A_20220117T063209_R077_T40QGL_20220117T220547,1,2022-01,T40QGL,0.9319715180524119,1,0.7582001306706534
S2B_MSIL2A_20220117T063209_R077_T40QGL_20220117T220547_0001.jpg,S2B_MSIL2A_20220117T063209_R077_T40QGL_20220117T220547,1,2022-01,T40QGL,0.9319715180524119,1,0.7582001306706534
S2B_MSIL2A_20220127T063129_R077_T40QGL_20220212T101939_0000.jpg,S2B_MSIL2A_20220127T063129_R077_T40QGL_20220212T101939,0,2022-01,T40QGL,0.027790739297526124,0,0.7582001306706534
S2B_MSIL2A_20220127T063129_R077_T40QGL_20220212T101939_0001.jpg,S2B_MSIL2A_20220127T063129_R077_T40QGL_20220212T101939,0,2022-01,T40QGL,0.027790739297526124,0,0.7582001306706534
S2B_MSIL2A_20220206T063029_R077_T40QGL_20220219T104932_0000.jpg,S2B_MSIL2A_20220206T063029_R077_T40QGL_20220219T104932,1,2022-02,T40QGL,0.7992868922299232,1,0.7582001306706534
S2B_MSIL2A_20220206T063029_R077_T40QGL_20220219T104932_0001.jpg,S2B_MSIL2A_20220206T063029_R077_T40QGL_20220219T104932,1,2022-02,T40QGL,0.7992868922299232,1,0.7582001306706534
S2B_MSIL2A_20220328T062629_R077_T40QGL_20220328T200104_0000.jpg,S2B_MSIL2A_20220328T062629_R077_T40QGL_20220328T200104,0,2022-03,T40QGL,0.48526014790328137,0,0.7582001306706534
S2B_MSIL2A_20220328T062629_R077_T40QGL_20220328T200104_0001.jpg,S2B_MSIL2A_20220328T062629_R077_T40QGL_20220328T200104,0,2022-03,T40QGL,0.48526014790328137,0,0.7582001306706534
S2B_MSIL2A_20220407T062629_R077_T40QGL_20240524T024647_0000.jpg,S2B_MSIL2A_20220407T062629_R077_T40QGL_20240524T024647,0,2022-04,T40QGL,0.034164410408734566,0,0.7582001306706534
S2B_MSIL2A_20220407T062629_R077_T40QGL_20240524T024647_0001.jpg,S2B_MSIL2A_20220407T062629_R077_T40QGL_20240524T024647,0,2022-04,T40QGL,0.034164410408734566,0,0.7582001306706534
S2B_MSIL2A_20220427T062619_R077_T40QGL_20240608T214451_0000.jpg,S2B_MSIL2A_20220427T062619_R077_T40QGL_20240608T214451,1,2022-04,T40QGL,0.7018399202510635,0,0.7582001306706534
S2B_MSIL2A_20220427T062619_R077_T40QGL_20240608T214451_0001.jpg,S2B_MSIL2A_20220427T062619_R077_T40QGL_20240608T214451,1,2022-04,T40QGL,0.7018399202510635,0,0.7582001306706534
S2A_MSIL2A_20220502T062631_R077_T40QGL_20240524T172347_0000.jpg,S2A_MSIL2A_20220502T062631_R077_T40QGL_20240524T172347,0,2022-05,T40QGL,0.036904262781174944,0,0.7582001306706534
S2A_MSIL2A_20220502T062631_R077_T40QGL_20240524T172347_0001.jpg,S2A_MSIL2A_20220502T062631_R077_T40QGL_20240524T172347,0,2022-05,T40QGL,0.036904262781174944,0,0.7582001306706534
S2A_MSIL2A_20220522T062631_R077_T40QGL_20220523T071159_0000.jpg,S2A_MSIL2A_20220522T062631_R077_T40QGL_20220523T071159,0,2022-05,T40QGL,0.11231056765696684,0,0.7582001306706534
S2A_MSIL2A_20220522T062631_R077_T40QGL_20220523T071159_0001.jpg,S2A_MSIL2A_20220522T062631_R077_T40QGL_20220523T071159,0,2022-05,T40QGL,0.11231056765696684,0,0.7582001306706534
S2B_MSIL2A_20220527T062629_R077_T40QGL_20240613T145757_0000.jpg,S2B_MSIL2A_20220527T062629_R077_T40QGL_20240613T145757,0,2022-05,T40QGL,0.23992948866507358,0,0.7582001306706534
S2B_MSIL2A_20220527T062629_R077_T40QGL_20240613T145757_0001.jpg,S2B_MSIL2A_20220527T062629_R077_T40QGL_20240613T145757,0,2022-05,T40QGL,0.23992948866507358,0,0.7582001306706534
S2B_MSIL2A_20220606T062629_R077_T40QGL_20240718T023037_0000.jpg,S2B_MSIL2A_20220606T062629_R077_T40QGL_20240718T023037,0,2022-06,T40QGL,0.030207774043459586,0,0.7582001306706534
S2B_MSIL2A_20220606T062629_R077_T40QGL_20240718T023037_0001.jpg,S2B_MSIL2A_20220606T062629_R077_T40QGL_20240718T023037,0,2022-06,T40QGL,0.030207774043459586,0,0.7582001306706534
S2A_MSIL2A_20220611T062641_R077_T40QGL_20220612T043050_0000.jpg,S2A_MSIL2A_20220611T062641_R077_T40QGL_20220612T043050,0,2022-06,T40QGL,0.4722789908313897,0,0.7582001306706534
S2A_MSIL2A_20220611T062641_R077_T40QGL_20220612T043050_0001.jpg,S2A_MSIL2A_20220611T062641_R077_T40QGL_20220612T043050,0,2022-06,T40QGL,0.4722789908313897,0,0.7582001306706534
S2A_MSIL2A_20220621T062641_R077_T40QGL_20220622T012510_0000.jpg,S2A_MSIL2A_20220621T062641_R077_T40QGL_20220622T012510,0,2022-06,T40QGL,0.03522618278642754,0,0.7582001306706534
S2A_MSIL2A_20220621T062641_R077_T40QGL_20220622T012510_0001.jpg,S2A_MSIL2A_20220621T062641_R077_T40QGL_20220622T012510,0,2022-06,T40QGL,0.03522618278642754,0,0.7582001306706534
S2A_MSIL2A_20220711T062641_R077_T40QGL_20220713T004053_0000.jpg,S2A_MSIL2A_20220711T062641_R077_T40QGL_20220713T004053,0,2022-07,T40QGL,0.02598581348975809,0,0.7582001306706534
S2A_MSIL2A_20220711T062641_R077_T40QGL_20220713T004053_0001.jpg,S2A_MSIL2A_20220711T062641_R077_T40QGL_20220713T004053,0,2022-07,T40QGL,0.02598581348975809,0,0.7582001306706534
S2A_MSIL2A_20220731T062641_R077_T40QGL_20220801T054652_0000.jpg,S2A_MSIL2A_20220731T062641_R077_T40QGL_20220801T054652,0,2022-07,T40QGL,0.5996349902652167,0,0.7582001306706534
S2A_MSIL2A_20220731T062641_R077_T40QGL_20220801T054652_0001.jpg,S2A_MSIL2A_20220731T062641_R077_T40QGL_20220801T054652,0,2022-07,T40QGL,0.5996349902652167,0,0.7582001306706534
S2B_MSIL2A_20220805T062629_R077_T40QGL_20220805T230319_0000.jpg,S2B_MSIL2A_20220805T062629_R077_T40QGL_20220805T230319,0,2022-08,T40QGL,0.027680685472255134,0,0.7582001306706534
S2B_MSIL2A_20220805T062629_R077_T40QGL_20220805T230319_0001.jpg,S2B_MSIL2A_20220805T062629_R077_T40QGL_20220805T230319,0,2022-08,T40QGL,0.027680685472255134,0,0.7582001306706534
S2A_MSIL2A_20220820T062641_R077_T40QGL_20220820T144542_0000.jpg,S2A_MSIL2A_20220820T062641_R077_T40QGL_20220820T144542,1,2022-08,T40QGL,0.891276622952186,1,0.7582001306706534
S2A_MSIL2A_20220820T062641_R077_T40QGL_20220820T144542_0001.jpg,S2A_MSIL2A_20220820T062641_R077_T40QGL_20220820T144542,1,2022-08,T40QGL,0.891276622952186,1,0.7582001306706534
S2B_MSIL2A_20220904T062629_R077_T40QGL_20240718T201711_0000.jpg,S2B_MSIL2A_20220904T062629_R077_T40QGL_20240718T201711,0,2022-09,T40QGL,0.13378059934602538,0,0.7582001306706534
S2B_MSIL2A_20220904T062629_R077_T40QGL_20240718T201711_0001.jpg,S2B_MSIL2A_20220904T062629_R077_T40QGL_20240718T201711,0,2022-09,T40QGL,0.13378059934602538,0,0.7582001306706534
S2A_MSIL2A_20220909T062641_R077_T40QGL_20220909T171558_0000.jpg,S2A_MSIL2A_20220909T062641_R077_T40QGL_20220909T171558,0,2022-09,T40QGL,0.30837874621334554,0,0.7582001306706534
S2A_MSIL2A_20220909T062641_R077_T40QGL_20220909T171558_0001.jpg,S2A_MSIL2A_20220909T062641_R077_T40QGL_20220909T171558,0,2022-09,T40QGL,0.30837874621334554,0,0.7582001306706534
S2B_MSIL2A_20221004T062709_R077_T40QGL_20221004T215420_0000.jpg,S2B_MSIL2A_20221004T062709_R077_T40QGL_20221004T215420,0,2022-10,T40QGL,0.6603722801152109,0,0.7582001306706534
S2B_MSIL2A_20221004T062709_R077_T40QGL_20221004T215420_0001.jpg,S2B_MSIL2A_20221004T062709_R077_T40QGL_20221004T215420,0,2022-10,T40QGL,0.6603722801152109,0,0.7582001306706534
S2A_MSIL2A_20221009T062751_R077_T40QGL_20240717T113900_0000.jpg,S2A_MSIL2A_20221009T062751_R077_T40QGL_20240717T113900,0,2022-10,T40QGL,0.16147059130883676,0,0.7582001306706534
S2A_MSIL2A_20221009T062751_R077_T40QGL_20240717T113900_0001.jpg,S2A_MSIL2A_20221009T062751_R077_T40QGL_20240717T113900,0,2022-10,T40QGL,0.16147059130883676,0,0.7582001306706534
S2A_MSIL2A_20221029T063001_R077_T40QGL_20240716T225017_0000.jpg,S2A_MSIL2A_20221029T063001_R077_T40QGL_20240716T225017,0,2022-10,T40QGL,0.024453839744824422,0,0.7582001306706534
S2A_MSIL2A_20221029T063001_R077_T40QGL_20240716T225017_0001.jpg,S2A_MSIL2A_20221029T063001_R077_T40QGL_20240716T225017,0,2022-10,T40QGL,0.024453839744824422,0,0.7582001306706534
S2A_MSIL2A_20221218T063301_R077_T40QGL_20221218T225913_0000.jpg,S2A_MSIL2A_20221218T063301_R077_T40QGL_20221218T225913,0,2022-12,T40QGL,0.4279921253968605,0,0.7582001306706534
S2A_MSIL2A_20221218T063301_R077_T40QGL_20221218T225913_0001.jpg,S2A_MSIL2A_20221218T063301_R077_T40QGL_20221218T225913,0,2022-12,T40QGL,0.4279921253968605,0,0.7582001306706534
S2A_MSIL2A_20230107T063241_R077_T40QGL_20230107T194831_0000.jpg,S2A_MSIL2A_20230107T063241_R077_T40QGL_20230107T194831,0,2023-01,T40QGL,0.32874012354941556,0,0.7582001306706534
S2A_MSIL2A_20230107T063241_R077_T40QGL_20230107T194831_0001.jpg,S2A_MSIL2A_20230107T063241_R077_T40QGL_20230107T194831,0,2023-01,T40QGL,0.32874012354941556,0,0.7582001306706534
S2A_MSIL2A_20230318T062631_R077_T40QGL_20240823T221610_0000.jpg,S2A_MSIL2A_20230318T062631_R077_T40QGL_20240823T221610,0,2023-03,T40QGL,0.4731097898592969,0,0.7582001306706534
S2A_MSIL2A_20230318T062631_R077_T40QGL_20240823T221610_0001.jpg,S2A_MSIL2A_20230318T062631_R077_T40QGL_20240823T221610,0,2023-03,T40QGL,0.4731097898592969,0,0.7582001306706534
S2B_MSIL2A_20230422T062629_R077_T40QGL_20240809T053615_0000.jpg,S2B_MSIL2A_20230422T062629_R077_T40QGL_20240809T053615,0,2023-04,T40QGL,0.3993576119193025,0,0.7582001306706534
S2B_MSIL2A_20230422T062629_R077_T40QGL_20240809T053615_0001.jpg,S2B_MSIL2A_20230422T062629_R077_T40QGL_20240809T053615,0,2023-04,T40QGL,0.3993576119193025,0,0.7582001306706534
S2B_MSIL2A_20230512T062629_R077_T40QGL_20230512T112648_0000.jpg,S2B_MSIL2A_20230512T062629_R077_T40QGL_20230512T112648,0,2023-05,T40QGL,0.2184306354804109,0,0.7582001306706534
S2B_MSIL2A_20230512T062629_R077_T40QGL_20230512T112648_0001.jpg,S2B_MSIL2A_20230512T062629_R077_T40QGL_20230512T112648,0,2023-05,T40QGL,0.2184306354804109,0,0.7582001306706534
S2A_MSIL2A_20230517T062631_R077_T40QGL_20230517T122121_0000.jpg,S2A_MSIL2A_20230517T062631_R077_T40QGL_20230517T122121,0,2023-05,T40QGL,0.10921938597545074,0,0.7582001306706534
S2A_MSIL2A_20230517T062631_R077_T40QGL_20230517T122121_0001.jpg,S2A_MSIL2A_20230517T062631_R077_T40QGL_20230517T122121,0,2023-05,T40QGL,0.10921938597545074,0,0.7582001306706534
S2B_MSIL2A_20230601T062629_R077_T40QGL_20241002T090907_0000.jpg,S2B_MSIL2A_20230601T062629_R077_T40QGL_20241002T090907,0,2023-06,T40QGL,0.10640520175256671,0,0.7582001306706534
S2B_MSIL2A_20230601T062629_R077_T40QGL_20241002T090907_0001.jpg,S2B_MSIL2A_20230601T062629_R077_T40QGL_20241002T090907,0,2023-06,T40QGL,0.10640520175256671,0,0.7582001306706534
S2A_MSIL2A_20230616T062631_R077_T40QGL_20240812T142657_0000.jpg,S2A_MSIL2A_20230616T062631_R077_T40QGL_20240812T142657,0,2023-06,T40QGL,0.25102823749017045,0,0.7582001306706534
S2A_MSIL2A_20230616T062631_R077_T40QGL_20240812T142657_0001.jpg,S2A_MSIL2A_20230616T062631_R077_T40QGL_20240812T142657,0,2023-06,T40QGL,0.25102823749017045,0,0.7582001306706534
S2B_MSIL2A_20230701T062629_R077_T40QGL_20240817T022544_0000.jpg,S2B_MSIL2A_20230701T062629_R077_T40QGL_20240817T022544,0,2023-07,T40QGL,0.27741921178071427,0,0.7582001306706534
S2B_MSIL2A_20230701T062629_R077_T40QGL_20240817T022544_0001.jpg,S2B_MSIL2A_20230701T062629_R077_T40QGL_20240817T022544,0,2023-07,T40QGL,0.27741921178071427,0,0.7582001306706534
S2B_MSIL2A_20230810T062629_R077_T40QGL_20240912T065804_0000.jpg,S2B_MSIL2A_20230810T062629_R077_T40QGL_20240912T065804,0,2023-08,T40QGL,0.08887809090371823,0,0.7582001306706534
S2B_MSIL2A_20230810T062629_R077_T40QGL_20240912T065804_0001.jpg,S2B_MSIL2A_20230810T062629_R077_T40QGL_20240912T065804,0,2023-08,T40QGL,0.08887809090371823,0,0.7582001306706534
S2B_MSIL2A_20230820T062629_R077_T40QGL_20241022T060250_0000.jpg,S2B_MSIL2A_20230820T062629_R077_T40QGL_20241022T060250,0,2023-08,T40QGL,0.838860106158598,1,0.7582001306706534
S2B_MSIL2A_20230820T062629_R077_T40QGL_20241022T060250_0001.jpg,S2B_MSIL2A_20230820T062629_R077_T40QGL_20241022T060250,0,2023-08,T40QGL,0.838860106158598,1,0.7582001306706534
S2B_MSIL2A_20230830T062629_R077_T40QGL_20230830T122156_0000.jpg,S2B_MSIL2A_20230830T062629_R077_T40QGL_20230830T122156,0,2023-08,T40QGL,0.23971827608818788,0,0.7582001306706534
S2B_MSIL2A_20230830T062629_R077_T40QGL_20230830T122156_0001.jpg,S2B_MSIL2A_20230830T062629_R077_T40QGL_20230830T122156,0,2023-08,T40QGL,0.23971827608818788,0,0.7582001306706534
S2A_MSIL2A_20230904T062631_R077_T40QGL_20230904T124230_0000.jpg,S2A_MSIL2A_20230904T062631_R077_T40QGL_20230904T124230,1,2023-09,T40QGL,0.823414094280009,1,0.7582001306706534
S2A_MSIL2A_20230904T062631_R077_T40QGL_20230904T124230_0001.jpg,S2A_MSIL2A_20230904T062631_R077_T40QGL_20230904T124230,1,2023-09,T40QGL,0.823414094280009,1,0.7582001306706534
S2B_MSIL2A_20230929T062639_R077_T40QGL_20230929T121633_0000.jpg,S2B_MSIL2A_20230929T062639_R077_T40QGL_20230929T121633,0,2023-09,T40QGL,0.022373825406674652,0,0.7582001306706534
S2B_MSIL2A_20230929T062639_R077_T40QGL_20230929T121633_0001.jpg,S2B_MSIL2A_20230929T062639_R077_T40QGL_20230929T121633,0,2023-09,T40QGL,0.022373825406674652,0,0.7582001306706534
S2B_MSIL2A_20231009T062749_R077_T40QGL_20231009T110724_0000.jpg,S2B_MSIL2A_20231009T062749_R077_T40QGL_20231009T110724,0,2023-10,T40QGL,0.3093826706867455,0,0.7582001306706534
S2B_MSIL2A_20231009T062749_R077_T40QGL_20231009T110724_0001.jpg,S2B_MSIL2A_20231009T062749_R077_T40QGL_20231009T110724,0,2023-10,T40QGL,0.3093826706867455,0,0.7582001306706534
S2B_MSIL2A_20231128T063219_R077_T40QGL_20231128T101100_0000.jpg,S2B_MSIL2A_20231128T063219_R077_T40QGL_20231128T101100,0,2023-11,T40QGL,0.4136636805899744,0,0.7582001306706534
S2B_MSIL2A_20231128T063219_R077_T40QGL_20231128T101100_0001.jpg,S2B_MSIL2A_20231128T063219_R077_T40QGL_20231128T101100,0,2023-11,T40QGL,0.4136636805899744,0,0.7582001306706534
S2A_MSIL2A_20231223T063301_R077_T40QGL_20231223T102255_0000.jpg,S2A_MSIL2A_20231223T063301_R077_T40QGL_20231223T102255,0,2023-12,T40QGL,0.02449908853555868,0,0.7582001306706534
S2A_MSIL2A_20231223T063301_R077_T40QGL_20231223T102255_0001.jpg,S2A_MSIL2A_20231223T063301_R077_T40QGL_20231223T102255,0,2023-12,T40QGL,0.02449908853555868,0,0.7582001306706534
S2B_MSIL2A_20231228T063259_R077_T40QGL_20231228T093910_0000.jpg,S2B_MSIL2A_20231228T063259_R077_T40QGL_20231228T093910,1,2023-12,T40QGL,0.8147693838595113,1,0.7582001306706534
S2B_MSIL2A_20231228T063259_R077_T40QGL_20231228T093910_0001.jpg,S2B_MSIL2A_20231228T063259_R077_T40QGL_20231228T093910,1,2023-12,T40QGL,0.8147693838595113,1,0.7582001306706534
S2B_MSIL2A_20240127T063129_R077_T40QGL_20240127T101326_0000.jpg,S2B_MSIL2A_20240127T063129_R077_T40QGL_20240127T101326,1,2024-01,T40QGL,0.8039972183375502,1,0.7582001306706534
S2B_MSIL2A_20240127T063129_R077_T40QGL_20240127T101326_0001.jpg,S2B_MSIL2A_20240127T063129_R077_T40QGL_20240127T101326,1,2024-01,T40QGL,0.8039972183375502,1,0.7582001306706534
S2B_MSIL2A_20240226T062829_R077_T40QGL_20240226T101515_0000.jpg,S2B_MSIL2A_20240226T062829_R077_T40QGL_20240226T101515,0,2024-02,T40QGL,0.2857971832420131,0,0.7582001306706534
S2B_MSIL2A_20240226T062829_R077_T40QGL_20240226T101515_0001.jpg,S2B_MSIL2A_20240226T062829_R077_T40QGL_20240226T101515,0,2024-02,T40QGL,0.2857971832420131,0,0.7582001306706534
S2A_MSIL2A_20240312T062651_R077_T40QGL_20240313T154339_0000.jpg,S2A_MSIL2A_20240312T062651_R077_T40QGL_20240313T154339,0,2024-03,T40QGL,0.027474981299635378,0,0.7582001306706534
S2A_MSIL2A_20240312T062651_R077_T40QGL_20240313T154339_0001.jpg,S2A_MSIL2A_20240312T062651_R077_T40QGL_20240313T154339,0,2024-03,T40QGL,0.027474981299635378,0,0.7582001306706534
S2B_MSIL2A_20240317T062629_R077_T40QGL_20240317T102443_0000.jpg,S2B_MSIL2A_20240317T062629_R077_T40QGL_20240317T102443,0,2024-03,T40QGL,0.45184733817584743,0,0.7582001306706534
S2B_MSIL2A_20240317T062629_R077_T40QGL_20240317T102443_0001.jpg,S2B_MSIL2A_20240317T062629_R077_T40QGL_20240317T102443,0,2024-03,T40QGL,0.45184733817584743,0,0.7582001306706534
S2B_MSIL2A_20240406T062629_R077_T40QGL_20240406T100803_0000.jpg,S2B_MSIL2A_20240406T062629_R077_T40QGL_20240406T100803,0,2024-04,T40QGL,0.05646978845848534,0,0.7582001306706534
S2B_MSIL2A_20240406T062629_R077_T40QGL_20240406T100803_0001.jpg,S2B_MSIL2A_20240406T062629_R077_T40QGL_20240406T100803,0,2024-04,T40QGL,0.05646978845848534,0,0.7582001306706534
S2B_MSIL2A_20240426T062629_R077_T40QGL_20240426T111128_0000.jpg,S2B_MSIL2A_20240426T062629_R077_T40QGL_20240426T111128,0,2024-04,T40QGL,0.647792360370689,0,0.7582001306706534
S2B_MSIL2A_20240426T062629_R077_T40QGL_20240426T111128_0001.jpg,S2B_MSIL2A_20240426T062629_R077_T40QGL_20240426T111128,0,2024-04,T40QGL,0.647792360370689,0,0.7582001306706534
S2B_MSIL2A_20240516T062629_R077_T40QGL_20240516T102256_0000.jpg,S2B_MSIL2A_20240516T062629_R077_T40QGL_20240516T102256,0,2024-05,T40QGL,0.17605001155137465,0,0.7582001306706534
S2B_MSIL2A_20240516T062629_R077_T40QGL_20240516T102256_0001.jpg,S2B_MSIL2A_20240516T062629_R077_T40QGL_20240516T102256,0,2024-05,T40QGL,0.17605001155137465,0,0.7582001306706534
S2B_MSIL2A_20240526T062629_R077_T40QGL_20240526T102423_0000.jpg,S2B_MSIL2A_20240526T062629_R077_T40QGL_20240526T102423,1,2024-05,T40QGL,0.8732476374832822,1,0.7582001306706534
S2B_MSIL2A_20240526T062629_R077_T40QGL_20240526T102423_0001.jpg,S2B_MSIL2A_20240526T062629_R077_T40QGL_20240526T102423,1,2024-05,T40QGL,0.8732476374832822,1,0.7582001306706534
S2A_MSIL2A_20240610T062631_R077_T40QGL_20240610T104746_0000.jpg,S2A_MSIL2A_20240610T062631_R077_T40QGL_20240610T104746,0,2024-06,T40QGL,0.07370083011774771,0,0.7582001306706534
S2A_MSIL2A_20240610T062631_R077_T40QGL_20240610T104746_0001.jpg,S2A_MSIL2A_20240610T062631_R077_T40QGL_20240610T104746,0,2024-06,T40QGL,0.07370083011774771,0,0.7582001306706534
S2A_MSIL2A_20240620T062631_R077_T40QGL_20240620T123054_0000.jpg,S2A_MSIL2A_20240620T062631_R077_T40QGL_20240620T123054,0,2024-06,T40QGL,0.026489316705900337,0,0.7582001306706534
S2A_MSIL2A_20240620T062631_R077_T40QGL_20240620T123054_0001.jpg,S2A_MSIL2A_20240620T062631_R077_T40QGL_20240620T123054,0,2024-06,T40QGL,0.026489316705900337,0,0.7582001306706534
S2B_MSIL2A_20240625T062629_R077_T40QGL_20240625T102033_0000.jpg,S2B_MSIL2A_20240625T062629_R077_T40QGL_20240625T102033,0,2024-06,T40QGL,0.694703137463197,0,0.7582001306706534
S2B_MSIL2A_20240625T062629_R077_T40QGL_20240625T102033_0001.jpg,S2B_MSIL2A_20240625T062629_R077_T40QGL_20240625T102033,0,2024-06,T40QGL,0.694703137463197,0,0.7582001306706534
S2B_MSIL2A_20240824T062629_R077_T40QGL_20240824T100609_0000.jpg,S2B_MSIL2A_20240824T062629_R077_T40QGL_20240824T100609,1,2024-08,T40QGL,0.8363637432134028,1,0.7582001306706534
S2B_MSIL2A_20240824T062629_R077_T40QGL_20240824T100609_0001.jpg,S2B_MSIL2A_20240824T062629_R077_T40QGL_20240824T100609,1,2024-08,T40QGL,0.8363637432134028,1,0.7582001306706534
S2A_MSIL2A_20240908T062631_R077_T40QGL_20240908T111753_0000.jpg,S2A_MSIL2A_20240908T062631_R077_T40QGL_20240908T111753,1,2024-09,T40QGL,0.8041270620716948,1,0.7582001306706534
S2A_MSIL2A_20240908T062631_R077_T40QGL_20240908T111753_0001.jpg,S2A_MSIL2A_20240908T062631_R077_T40QGL_20240908T111753,1,2024-09,T40QGL,0.8041270620716948,1,0.7582001306706534
S2A_MSIL2A_20240928T062641_R077_T40QGL_20240928T091150_0000.jpg,S2A_MSIL2A_20240928T062641_R077_T40QGL_20240928T091150,0,2024-09,T40QGL,0.26771409770025784,0,0.7582001306706534
S2A_MSIL2A_20240928T062641_R077_T40QGL_20240928T091150_0001.jpg,S2A_MSIL2A_20240928T062641_R077_T40QGL_20240928T091150,0,2024-09,T40QGL,0.26771409770025784,0,0.7582001306706534
S2A_MSIL2A_20241207T063241_R077_T40QGL_20241207T092856_0000.jpg,S2A_MSIL2A_20241207T063241_R077_T40QGL_20241207T092856,1,2024-12,T40QGL,0.8886456198254422,1,0.7582001306706534
S2A_MSIL2A_20241207T063241_R077_T40QGL_20241207T092856_0001.jpg,S2A_MSIL2A_20241207T063241_R077_T40QGL_20241207T092856,1,2024-12,T40QGL,0.8886456198254422,1,0.7582001306706534
S2B_MSIL2A_20241212T063159_R077_T40QGL_20241212T090100_0000.jpg,S2B_MSIL2A_20241212T063159_R077_T40QGL_20241212T090100,0,2024-12,T40QGL,0.07713628217933169,0,0.7582001306706534
S2B_MSIL2A_20241212T063159_R077_T40QGL_20241212T090100_0001.jpg,S2B_MSIL2A_20241212T063159_R077_T40QGL_20241212T090100,0,2024-12,T40QGL,0.07713628217933169,0,0.7582001306706534
S2A_MSIL2A_20241227T063301_R077_T40QGL_20241227T094051_0000.jpg,S2A_MSIL2A_20241227T063301_R077_T40QGL_20241227T094051,0,2024-12,T40QGL,0.03944761899607673,0,0.7582001306706534
S2A_MSIL2A_20241227T063301_R077_T40QGL_20241227T094051_0001.jpg,S2A_MSIL2A_20241227T063301_R077_T40QGL_20241227T094051,0,2024-12,T40QGL,0.03944761899607673,0,0.7582001306706534
